Clusters Ordened By clusters lenght: 
Empty DataFrame
Columns: [0, 1, 2, 3, 4, 5, 6, 7, 8, 9]
Index: []
Clusters Ordened By clusters lenght: 
     0   1  2  3  4  5  6  7                                         8  9
103  C  18  4  *  *  *  *  *  11bb1356-a94f-492f-a25f-13341d4272df-IGH  *
139  C  54  4  *  *  *  *  *  370066a3-3c30-4e1b-b7f9-c664c08c9ceb-IGH  *
Clusters Ordened By clusters lenght: 
Empty DataFrame
Columns: [0, 1, 2, 3, 4, 5, 6, 7, 8, 9]
Index: []
Clusters Ordened By clusters lenght: 
Empty DataFrame
Columns: [0, 1, 2, 3, 4, 5, 6, 7, 8, 9]
Index: []
Clusters Ordened By clusters lenght: 
Empty DataFrame
Columns: [0, 1, 2, 3, 4, 5, 6, 7, 8, 9]
Index: []
Clusters Ordened By clusters lenght: 
     0   1  2  3  4  5  6  7                                         8  9
114  C  46  5  *  *  *  *  *  08be65bc-2d85-47a9-9f05-00ae501ecbd9-IGH  *
Clusters Ordened By clusters lenght: 
    0  1  2  3  4  5  6  7                                         8  9
11  C  1  5  *  *  *  *  *  362b9fb5-72df-414f-93c9-9e76d5c6cfc2-IGH  *
Clusters Ordened By clusters lenght: 
Empty DataFrame
Columns: [0, 1, 2, 3, 4, 5, 6, 7, 8, 9]
Index: []
Clusters Ordened By clusters lenght: 
    0  1   2  3  4  5  6  7                                         8  9
29  C  0  11  *  *  *  *  *  13146b3a-13ff-49a4-bbb4-9edc3b254381-IGH  *
30  C  1   4  *  *  *  *  *  1b95fed3-84de-44d3-accc-8d28f352ecaa-IGH  *
Clusters Ordened By clusters lenght: 
Empty DataFrame
Columns: [0, 1, 2, 3, 4, 5, 6, 7, 8, 9]
Index: []
Clusters Ordened By clusters lenght: 
   0  1  2  3  4  5  6  7                                         8  9
4  C  0  4  *  *  *  *  *  18fa0143-5045-46ee-9f9b-100fbb3a36d6-IGH  *
Clusters Ordened By clusters lenght: 
Empty DataFrame
Columns: [0, 1, 2, 3, 4, 5, 6, 7, 8, 9]
Index: []
Clusters Ordened By clusters lenght: 
Empty DataFrame
Columns: [0, 1, 2, 3, 4, 5, 6, 7, 8, 9]
Index: []
Clusters Ordened By clusters lenght: 
Empty DataFrame
Columns: [0, 1, 2, 3, 4, 5, 6, 7, 8, 9]
Index: []
Clusters Ordened By clusters lenght: 
     0    1   2  3  4  5  6  7                                         8  9
737  C  254  11  *  *  *  *  *  01aefe34-de58-44e5-a9d9-93582dbb4fd3-IGH  *
588  C  105   6  *  *  *  *  *  13bdc51a-fe4d-495e-adb9-269c13d558f4-IGH  *
760  C  277   6  *  *  *  *  *  4d1051dc-bd55-4cf7-8af1-9bce8d4ca3ab-IGH  *
559  C   76   5  *  *  *  *  *  191b7311-5839-4bc7-a6e0-691efdcac0c1-IGH  *
739  C  256   5  *  *  *  *  *  03211f96-0226-4c15-8dd4-e2f42dc37834-IGH  *
490  C    7   4  *  *  *  *  *  07600554-6da2-43ab-b7b6-340ca0f5a0b5-IGH  *
643  C  160   4  *  *  *  *  *  29bddac4-3f43-4947-bfa7-ec8fa3cdbad8-IGH  *
584  C  101   4  *  *  *  *  *  055908e0-6354-42f9-a425-7d200dc517cf-IGH  *
564  C   81   4  *  *  *  *  *  4734537e-2565-485b-89c2-b12f10e449f6-IGH  *
751  C  268   4  *  *  *  *  *  28ae79e7-9444-4e4d-8cc9-87330a9781ad-IGH  *
Clusters Ordened By clusters lenght: 
Empty DataFrame
Columns: [0, 1, 2, 3, 4, 5, 6, 7, 8, 9]
Index: []
Clusters Ordened By clusters lenght: 
Empty DataFrame
Columns: [0, 1, 2, 3, 4, 5, 6, 7, 8, 9]
Index: []
Clusters Ordened By clusters lenght: 
Empty DataFrame
Columns: [0, 1, 2, 3, 4, 5, 6, 7, 8, 9]
Index: []
Clusters Ordened By clusters lenght: 
     0   1  2  3  4  5  6  7                                         8  9
148  C  42  8  *  *  *  *  *  00d51086-2305-4578-abac-1678526efd31-IGH  *
Clusters Ordened By clusters lenght: 
Empty DataFrame
Columns: [0, 1, 2, 3, 4, 5, 6, 7, 8, 9]
Index: []
Clusters Ordened By clusters lenght: 
Empty DataFrame
Columns: [0, 1, 2, 3, 4, 5, 6, 7, 8, 9]
Index: []
Clusters Ordened By clusters lenght: 
Empty DataFrame
Columns: [0, 1, 2, 3, 4, 5, 6, 7, 8, 9]
Index: []
Clusters Ordened By clusters lenght: 
    0  1   2  3  4  5  6  7                                         8  9
75  C  0  16  *  *  *  *  *  046787f3-4ca7-4f4a-92e2-cec075eb7a35-IGH  *
83  C  8   4  *  *  *  *  *  2156458f-cb12-40ab-ba62-61a191d4b95a-IGH  *
Clusters Ordened By clusters lenght: 
Empty DataFrame
Columns: [0, 1, 2, 3, 4, 5, 6, 7, 8, 9]
Index: []
Clusters Ordened By clusters lenght: 
Empty DataFrame
Columns: [0, 1, 2, 3, 4, 5, 6, 7, 8, 9]
Index: []
Clusters Ordened By clusters lenght: 
Empty DataFrame
Columns: [0, 1, 2, 3, 4, 5, 6, 7, 8, 9]
Index: []
Clusters Ordened By clusters lenght: 
Empty DataFrame
Columns: [0, 1, 2, 3, 4, 5, 6, 7, 8, 9]
Index: []
Clusters Ordened By clusters lenght: 
    0  1  2  3  4  5  6  7                                         8  9
17  C  0  7  *  *  *  *  *  1cac5f88-bb61-4361-a494-3b5cb9108f55-IGH  *
Clusters Ordened By clusters lenght: 
Empty DataFrame
Columns: [0, 1, 2, 3, 4, 5, 6, 7, 8, 9]
Index: []
Clusters Ordened By clusters lenght: 
    0  1  2  3  4  5  6  7                                         8  9
12  C  1  9  *  *  *  *  *  08a29851-bd00-41f8-90f9-60f10ff74db4-IGH  *
Clusters Ordened By clusters lenght: 
Empty DataFrame
Columns: [0, 1, 2, 3, 4, 5, 6, 7, 8, 9]
Index: []
Clusters Ordened By clusters lenght: 
Empty DataFrame
Columns: [0, 1, 2, 3, 4, 5, 6, 7, 8, 9]
Index: []
Clusters Ordened By clusters lenght: 
Empty DataFrame
Columns: [0, 1, 2, 3, 4, 5, 6, 7, 8, 9]
Index: []
Clusters Ordened By clusters lenght: 
Empty DataFrame
Columns: [0, 1, 2, 3, 4, 5, 6, 7, 8, 9]
Index: []
Clusters Ordened By clusters lenght: 
Empty DataFrame
Columns: [0, 1, 2, 3, 4, 5, 6, 7, 8, 9]
Index: []
Clusters Ordened By clusters lenght: 
Empty DataFrame
Columns: [0, 1, 2, 3, 4, 5, 6, 7, 8, 9]
Index: []
Clusters Ordened By clusters lenght: 
Empty DataFrame
Columns: [0, 1, 2, 3, 4, 5, 6, 7, 8, 9]
Index: []
Clusters Ordened By clusters lenght: 
Empty DataFrame
Columns: [0, 1, 2, 3, 4, 5, 6, 7, 8, 9]
Index: []
Clusters Ordened By clusters lenght: 
Empty DataFrame
Columns: [0, 1, 2, 3, 4, 5, 6, 7, 8, 9]
Index: []
Clusters Ordened By clusters lenght: 
Empty DataFrame
Columns: [0, 1, 2, 3, 4, 5, 6, 7, 8, 9]
Index: []
Clusters Ordened By clusters lenght: 
Empty DataFrame
Columns: [0, 1, 2, 3, 4, 5, 6, 7, 8, 9]
Index: []
Clusters Ordened By clusters lenght: 
Empty DataFrame
Columns: [0, 1, 2, 3, 4, 5, 6, 7, 8, 9]
Index: []
Clusters Ordened By clusters lenght: 
Empty DataFrame
Columns: [0, 1, 2, 3, 4, 5, 6, 7, 8, 9]
Index: []
Clusters Ordened By clusters lenght: 
Empty DataFrame
Columns: [0, 1, 2, 3, 4, 5, 6, 7, 8, 9]
Index: []
Clusters Ordened By clusters lenght: 
    0  1  2  3  4  5  6  7                                         8  9
11  C  2  6  *  *  *  *  *  198d6552-950e-4242-a50b-f569ba87bfd0-IGH  *
Clusters Ordened By clusters lenght: 
Empty DataFrame
Columns: [0, 1, 2, 3, 4, 5, 6, 7, 8, 9]
Index: []
Clusters Ordened By clusters lenght: 
    0   1  2  3  4  5  6  7                                         8  9
90  C  26  4  *  *  *  *  *  79fcfd48-41d1-4c95-b129-faa749a10bf2-IGH  *
Clusters Ordened By clusters lenght: 
    0  1   2  3  4  5  6  7                                         8  9
69  C  1  65  *  *  *  *  *  02a4feaa-bc2b-4d15-9027-089794893f33-IGH  *
Clusters Ordened By clusters lenght: 
     0   1  2  3  4  5  6  7                                         8  9
124  C  41  8  *  *  *  *  *  0e196c4a-fea3-40c3-9fd4-c3594a7ab528-IGH  *
Clusters Ordened By clusters lenght: 
Empty DataFrame
Columns: [0, 1, 2, 3, 4, 5, 6, 7, 8, 9]
Index: []
Clusters Ordened By clusters lenght: 
    0  1   2  3  4  5  6  7                                         8  9
18  C  1  11  *  *  *  *  *  1f0df4fb-6743-420c-abc6-4a76f62bacb7-IGH  *
Clusters Ordened By clusters lenght: 
Empty DataFrame
Columns: [0, 1, 2, 3, 4, 5, 6, 7, 8, 9]
Index: []
Clusters Ordened By clusters lenght: 
Empty DataFrame
Columns: [0, 1, 2, 3, 4, 5, 6, 7, 8, 9]
Index: []
Clusters Ordened By clusters lenght: 
Empty DataFrame
Columns: [0, 1, 2, 3, 4, 5, 6, 7, 8, 9]
Index: []
Clusters Ordened By clusters lenght: 
    0  1   2  3  4  5  6  7                                         8  9
30  C  0  13  *  *  *  *  *  077cf02f-5568-4fc2-9a33-aef7944e8778-IGH  *
Clusters Ordened By clusters lenght: 
     0   1  2  3  4  5  6  7                                         8  9
116  C  35  9  *  *  *  *  *  0e475550-4533-47d1-a86e-14693530f9aa-IGH  *
Clusters Ordened By clusters lenght: 
Empty DataFrame
Columns: [0, 1, 2, 3, 4, 5, 6, 7, 8, 9]
Index: []
Clusters Ordened By clusters lenght: 
Empty DataFrame
Columns: [0, 1, 2, 3, 4, 5, 6, 7, 8, 9]
Index: []
Clusters Ordened By clusters lenght: 
Empty DataFrame
Columns: [0, 1, 2, 3, 4, 5, 6, 7, 8, 9]
Index: []
Clusters Ordened By clusters lenght: 
    0  1  2  3  4  5  6  7                                         8  9
58  C  6  6  *  *  *  *  *  04ba7de5-7d48-498d-a210-f3c7cae86941-IGH  *
52  C  0  4  *  *  *  *  *  1d7356d9-3df1-43a8-88c9-dfca79e9ca64-IGH  *
Clusters Ordened By clusters lenght: 
Empty DataFrame
Columns: [0, 1, 2, 3, 4, 5, 6, 7, 8, 9]
Index: []
Clusters Ordened By clusters lenght: 
Empty DataFrame
Columns: [0, 1, 2, 3, 4, 5, 6, 7, 8, 9]
Index: []
Clusters Ordened By clusters lenght: 
Empty DataFrame
Columns: [0, 1, 2, 3, 4, 5, 6, 7, 8, 9]
Index: []
Clusters Ordened By clusters lenght: 
    0  1   2  3  4  5  6  7                                         8  9
12  C  0  12  *  *  *  *  *  12242256-bc38-4297-9fe7-e08e0a2711f0-IGH  *
Clusters Ordened By clusters lenght: 
Empty DataFrame
Columns: [0, 1, 2, 3, 4, 5, 6, 7, 8, 9]
Index: []
Clusters Ordened By clusters lenght: 
     0    1  2  3  4  5  6  7                                         8  9
566  C  153  8  *  *  *  *  *  1c9efc20-ce28-4ab3-8319-4ec409febd1f-IGH  *
426  C   13  6  *  *  *  *  *  008a9ad4-1664-4b42-aa0e-6b3f2f2d541c-IGH  *
633  C  220  5  *  *  *  *  *  0250d91d-c0ba-43a8-9334-c9d21634817c-IGH  *
702  C  289  5  *  *  *  *  *  36005682-fb51-4e2c-bf2f-8ecfb9259c93-IGH  *
734  C  321  4  *  *  *  *  *  4c5341c3-deeb-43c8-b4c6-7a2b0a7f258b-IGH  *
Clusters Ordened By clusters lenght: 
Empty DataFrame
Columns: [0, 1, 2, 3, 4, 5, 6, 7, 8, 9]
Index: []
Clusters Ordened By clusters lenght: 
Empty DataFrame
Columns: [0, 1, 2, 3, 4, 5, 6, 7, 8, 9]
Index: []
Clusters Ordened By clusters lenght: 
Empty DataFrame
Columns: [0, 1, 2, 3, 4, 5, 6, 7, 8, 9]
Index: []
Clusters Ordened By clusters lenght: 
Empty DataFrame
Columns: [0, 1, 2, 3, 4, 5, 6, 7, 8, 9]
Index: []
Clusters Ordened By clusters lenght: 
Empty DataFrame
Columns: [0, 1, 2, 3, 4, 5, 6, 7, 8, 9]
Index: []
Clusters Ordened By clusters lenght: 
    0  1   2  3  4  5  6  7                                         8  9
19  C  0  13  *  *  *  *  *  0e024951-188d-49cd-b81d-3709b045a080-IGH  *
Clusters Ordened By clusters lenght: 
    0  1  2  3  4  5  6  7                                         8  9
58  C  7  5  *  *  *  *  *  59835415-cc81-45e7-b438-56bfb7b15f08-IGH  *
Clusters Ordened By clusters lenght: 
     0   1  2  3  4  5  6  7                                         8  9
120  C  43  7  *  *  *  *  *  27a201af-56b2-44ce-acaf-ffc97a5ee14a-IGH  *
110  C  33  4  *  *  *  *  *  75d5dbef-a1d5-488e-ab14-bdcd3b9ec471-IGH  *
Clusters Ordened By clusters lenght: 
Empty DataFrame
Columns: [0, 1, 2, 3, 4, 5, 6, 7, 8, 9]
Index: []
Clusters Ordened By clusters lenght: 
Empty DataFrame
Columns: [0, 1, 2, 3, 4, 5, 6, 7, 8, 9]
Index: []
Clusters Ordened By clusters lenght: 
Empty DataFrame
Columns: [0, 1, 2, 3, 4, 5, 6, 7, 8, 9]
Index: []
Clusters Ordened By clusters lenght: 
     0    1  2  3  4  5  6  7                                         8  9
275  C   65  6  *  *  *  *  *  22baca98-8004-45bb-a385-403ead161139-IGH  *
297  C   87  6  *  *  *  *  *  28bd1421-01e2-4f78-aada-3733495226f8-IGH  *
298  C   88  6  *  *  *  *  *  29ce00ae-ce23-439e-aede-ff98ff574bf4-IGH  *
320  C  110  5  *  *  *  *  *  065a0d9e-2ed7-44d0-a458-53a6d4569126-IGH  *
353  C  143  4  *  *  *  *  *  1040d9a8-293e-45d5-a21c-e1e03eac4083-IGH  *
Clusters Ordened By clusters lenght: 
Empty DataFrame
Columns: [0, 1, 2, 3, 4, 5, 6, 7, 8, 9]
Index: []
Clusters Ordened By clusters lenght: 
Empty DataFrame
Columns: [0, 1, 2, 3, 4, 5, 6, 7, 8, 9]
Index: []
Clusters Ordened By clusters lenght: 
     0   1   2  3  4  5  6  7                                         8  9
126  C  24  41  *  *  *  *  *  0366a829-c17e-45c8-aa31-3d374143aef5-IGH  *
124  C  22  11  *  *  *  *  *  009ee560-aacb-4131-b581-86ad6da7947e-IGH  *
127  C  25   7  *  *  *  *  *  20e76ae5-5484-421d-8802-51d4cd24de08-IGH  *
102  C   0   6  *  *  *  *  *  8ca8ac71-e8ab-4bde-903d-10dd68fd48a0-IGH  *
125  C  23   6  *  *  *  *  *  01f287c0-0c3a-4607-8124-e45fb922206a-IGH  *
Clusters Ordened By clusters lenght: 
    0  1  2  3  4  5  6  7                                         8  9
54  C  7  4  *  *  *  *  *  358a2082-d19e-4f6d-a043-749d90bcf464-IGH  *
Clusters Ordened By clusters lenght: 
    0  1  2  3  4  5  6  7                                         8  9
50  C  2  5  *  *  *  *  *  7b83f839-3bc5-4362-aa16-c91367feb372-IGH  *
Clusters Ordened By clusters lenght: 
Empty DataFrame
Columns: [0, 1, 2, 3, 4, 5, 6, 7, 8, 9]
Index: []
Clusters Ordened By clusters lenght: 
Empty DataFrame
Columns: [0, 1, 2, 3, 4, 5, 6, 7, 8, 9]
Index: []
Clusters Ordened By clusters lenght: 
     0   1  2  3  4  5  6  7                                         8  9
205  C   4  8  *  *  *  *  *  161cbb31-1f01-409a-b5a2-54b53151912d-IGH  *
284  C  83  4  *  *  *  *  *  36086484-a3b6-4a16-a896-bde7fe684488-IGH  *
Clusters Ordened By clusters lenght: 
Empty DataFrame
Columns: [0, 1, 2, 3, 4, 5, 6, 7, 8, 9]
Index: []
Clusters Ordened By clusters lenght: 
Empty DataFrame
Columns: [0, 1, 2, 3, 4, 5, 6, 7, 8, 9]
Index: []
Clusters Ordened By clusters lenght: 
Empty DataFrame
Columns: [0, 1, 2, 3, 4, 5, 6, 7, 8, 9]
Index: []
Clusters Ordened By clusters lenght: 
    0  1  2  3  4  5  6  7                                         8  9
28  C  8  5  *  *  *  *  *  32a17172-4c21-43a1-8201-e396f9315575-IGH  *
Clusters Ordened By clusters lenght: 
    0  1  2  3  4  5  6  7                                         8  9
24  C  5  5  *  *  *  *  *  3e15f976-7a25-486e-a6ad-d4a3c9290652-IGH  *
Clusters Ordened By clusters lenght: 
Empty DataFrame
Columns: [0, 1, 2, 3, 4, 5, 6, 7, 8, 9]
Index: []
Clusters Ordened By clusters lenght: 
Empty DataFrame
Columns: [0, 1, 2, 3, 4, 5, 6, 7, 8, 9]
Index: []
Clusters Ordened By clusters lenght: 
Empty DataFrame
Columns: [0, 1, 2, 3, 4, 5, 6, 7, 8, 9]
Index: []
Clusters Ordened By clusters lenght: 
Empty DataFrame
Columns: [0, 1, 2, 3, 4, 5, 6, 7, 8, 9]
Index: []
Clusters Ordened By clusters lenght: 
   0  1  2  3  4  5  6  7                                         8  9
7  C  0  6  *  *  *  *  *  29ec6c33-e2a0-499e-8050-36f064474741-IGH  *
Clusters Ordened By clusters lenght: 
Empty DataFrame
Columns: [0, 1, 2, 3, 4, 5, 6, 7, 8, 9]
Index: []
Clusters Ordened By clusters lenght: 
Empty DataFrame
Columns: [0, 1, 2, 3, 4, 5, 6, 7, 8, 9]
Index: []
Clusters Ordened By clusters lenght: 
     0    1   2  3  4  5  6  7                                         8  9
335  C   56  64  *  *  *  *  *  0169ae0c-7e65-4d38-8705-a0c4a75b4a35-IGH  *
435  C  156   5  *  *  *  *  *  142b7cca-0522-4b1c-a05e-c3d242281fe6-IGH  *
343  C   64   4  *  *  *  *  *  3ae8fc19-ca02-4868-bc96-6f2506d3fa8c-IGH  *
412  C  133   4  *  *  *  *  *  b2ccb885-bcf0-4b53-8d73-ce73f94b216d-IGH  *
Clusters Ordened By clusters lenght: 
Empty DataFrame
Columns: [0, 1, 2, 3, 4, 5, 6, 7, 8, 9]
Index: []
Clusters Ordened By clusters lenght: 
Empty DataFrame
Columns: [0, 1, 2, 3, 4, 5, 6, 7, 8, 9]
Index: []
Clusters Ordened By clusters lenght: 
Empty DataFrame
Columns: [0, 1, 2, 3, 4, 5, 6, 7, 8, 9]
Index: []
Clusters Ordened By clusters lenght: 
    0  1  2  3  4  5  6  7                                         8  9
10  C  0  4  *  *  *  *  *  62d11521-1fac-4a0a-acbe-2f763201836c-IGH  *
Clusters Ordened By clusters lenght: 
    0  1   2  3  4  5  6  7                                         8  9
70  C  3  45  *  *  *  *  *  09a333e6-877d-482a-b048-5622e28d39d8-IGH  *
72  C  5   6  *  *  *  *  *  21bc2bc8-efdb-4189-b309-b64c8c7a8f07-IGH  *
Clusters Ordened By clusters lenght: 
     0    1  2  3  4  5  6  7                                         8  9
398  C  141  6  *  *  *  *  *  0004d3ad-d0f8-4626-b501-daf3eeff84e0-IGH  *
482  C  225  5  *  *  *  *  *  30964128-281c-462c-a189-e6cf9081e69b-IGH  *
289  C   32  4  *  *  *  *  *  00dad45d-9590-4735-8bea-973b59a6e0f1-IGH  *
Clusters Ordened By clusters lenght: 
Empty DataFrame
Columns: [0, 1, 2, 3, 4, 5, 6, 7, 8, 9]
Index: []
Clusters Ordened By clusters lenght: 
     0   1  2  3  4  5  6  7                                         8  9
108  C  50  5  *  *  *  *  *  4840469b-beca-46b0-8f14-7cf81c44d8e0-IGH  *
Clusters Ordened By clusters lenght: 
    0  1  2  3  4  5  6  7                                         8  9
16  C  1  6  *  *  *  *  *  4d9e47dc-980c-4f2f-bd96-52f80c857e3f-IGH  *
19  C  4  5  *  *  *  *  *  27bb702f-7f07-4ede-b259-bc2d3306b048-IGH  *
Clusters Ordened By clusters lenght: 
Empty DataFrame
Columns: [0, 1, 2, 3, 4, 5, 6, 7, 8, 9]
Index: []
Clusters Ordened By clusters lenght: 
Empty DataFrame
Columns: [0, 1, 2, 3, 4, 5, 6, 7, 8, 9]
Index: []
Clusters Ordened By clusters lenght: 
    0   1  2  3  4  5  6  7                                         8  9
99  C  40  4  *  *  *  *  *  2d91c790-4cfc-4305-bbbd-9353a0279130-IGH  *
Clusters Ordened By clusters lenght: 
Empty DataFrame
Columns: [0, 1, 2, 3, 4, 5, 6, 7, 8, 9]
Index: []
Clusters Ordened By clusters lenght: 
Empty DataFrame
Columns: [0, 1, 2, 3, 4, 5, 6, 7, 8, 9]
Index: []
Clusters Ordened By clusters lenght: 
Empty DataFrame
Columns: [0, 1, 2, 3, 4, 5, 6, 7, 8, 9]
Index: []
Clusters Ordened By clusters lenght: 
Empty DataFrame
Columns: [0, 1, 2, 3, 4, 5, 6, 7, 8, 9]
Index: []
Clusters Ordened By clusters lenght: 
     0   1   2  3  4  5  6  7                                         8  9
197  C  73  14  *  *  *  *  *  31021dc3-739f-4015-bdee-53688e5080f9-IGH  *
143  C  19  13  *  *  *  *  *  302b825b-c891-410d-91f2-9ce6f0ab600d-IGH  *
Clusters Ordened By clusters lenght: 
    0  1   2  3  4  5  6  7                                         8  9
10  C  0  10  *  *  *  *  *  1ab55ca4-b4bd-498e-8e0c-5430c703e0d1-IGH  *
Clusters Ordened By clusters lenght: 
Empty DataFrame
Columns: [0, 1, 2, 3, 4, 5, 6, 7, 8, 9]
Index: []
Clusters Ordened By clusters lenght: 
    0   1   2  3  4  5  6  7                                         8  9
94  C  17  24  *  *  *  *  *  02d9c81a-402c-4fee-a72c-d9046faf06c7-IGH  *
Clusters Ordened By clusters lenght: 
Empty DataFrame
Columns: [0, 1, 2, 3, 4, 5, 6, 7, 8, 9]
Index: []
Clusters Ordened By clusters lenght: 
Empty DataFrame
Columns: [0, 1, 2, 3, 4, 5, 6, 7, 8, 9]
Index: []
Clusters Ordened By clusters lenght: 
    0  1   2  3  4  5  6  7                                         8  9
29  C  1  19  *  *  *  *  *  1838162e-d585-4109-b0fb-a7d40ecbe397-IGH  *
28  C  0   4  *  *  *  *  *  1222c0c8-d49c-4e8b-9745-f1dbb3e80396-IGH  *
Clusters Ordened By clusters lenght: 
Empty DataFrame
Columns: [0, 1, 2, 3, 4, 5, 6, 7, 8, 9]
Index: []
Clusters Ordened By clusters lenght: 
Empty DataFrame
Columns: [0, 1, 2, 3, 4, 5, 6, 7, 8, 9]
Index: []
Clusters Ordened By clusters lenght: 
Empty DataFrame
Columns: [0, 1, 2, 3, 4, 5, 6, 7, 8, 9]
Index: []
Clusters Ordened By clusters lenght: 
Empty DataFrame
Columns: [0, 1, 2, 3, 4, 5, 6, 7, 8, 9]
Index: []
Clusters Ordened By clusters lenght: 
Empty DataFrame
Columns: [0, 1, 2, 3, 4, 5, 6, 7, 8, 9]
Index: []
Clusters Ordened By clusters lenght: 
Empty DataFrame
Columns: [0, 1, 2, 3, 4, 5, 6, 7, 8, 9]
Index: []
Clusters Ordened By clusters lenght: 
     0    1   2  3  4  5  6  7                                         8  9
386  C  130  14  *  *  *  *  *  101b59f4-6e08-427a-81d5-05476e26fafe-IGH  *
385  C  129   8  *  *  *  *  *  056955f8-b203-4c26-bd1b-fcafc1e9eb0d-IGH  *
392  C  136   6  *  *  *  *  *  455ffee6-63f1-4be4-908b-8e7c280572a4-IGH  *
334  C   78   6  *  *  *  *  *  380235f7-7bfc-4c29-8d4d-0e700090b4c0-IGH  *
292  C   36   4  *  *  *  *  *  114fd838-6bb6-4b17-a609-7a78820d1991-IGH  *
415  C  159   4  *  *  *  *  *  0752b757-f08b-4d0e-8b42-a07158560a90-IGH  *
Clusters Ordened By clusters lenght: 
Empty DataFrame
Columns: [0, 1, 2, 3, 4, 5, 6, 7, 8, 9]
Index: []
Clusters Ordened By clusters lenght: 
     0    1  2  3  4  5  6  7                                         8  9
300  C   71  5  *  *  *  *  *  01ffcb0e-4b9d-45c9-bd45-9f5663ba919c-IGH  *
301  C   72  5  *  *  *  *  *  0e575ab7-bd35-49f7-8cb0-fb267708d8a8-IGH  *
285  C   56  4  *  *  *  *  *  3b2dc6e4-37df-41b6-b524-e32574df198d-IGH  *
378  C  149  4  *  *  *  *  *  7179498d-2ce5-4cb4-ae49-509dd80d72da-IGH  *
Clusters Ordened By clusters lenght: 
Empty DataFrame
Columns: [0, 1, 2, 3, 4, 5, 6, 7, 8, 9]
Index: []
Clusters Ordened By clusters lenght: 
    0  1  2  3  4  5  6  7                                         8  9
16  C  3  6  *  *  *  *  *  092f307c-6fc2-4222-888d-5fb4475c366f-IGH  *
Clusters Ordened By clusters lenght: 
    0   1  2  3  4  5  6  7                                         8  9
34  C  13  5  *  *  *  *  *  3626d0c3-b020-4ff8-a7c7-b2adfdae6ac2-IGH  *
Clusters Ordened By clusters lenght: 
Empty DataFrame
Columns: [0, 1, 2, 3, 4, 5, 6, 7, 8, 9]
Index: []
Clusters Ordened By clusters lenght: 
Empty DataFrame
Columns: [0, 1, 2, 3, 4, 5, 6, 7, 8, 9]
Index: []
Clusters Ordened By clusters lenght: 
    0  1  2  3  4  5  6  7                                         8  9
57  C  2  4  *  *  *  *  *  31bc6d44-3b1c-447b-987a-dcc9c5e4a76a-IGH  *
Clusters Ordened By clusters lenght: 
    0  1   2  3  4  5  6  7                                         8  9
15  C  0  10  *  *  *  *  *  176a088c-d935-4b2f-a184-cdfeaa5cadb2-IGH  *
Clusters Ordened By clusters lenght: 
Empty DataFrame
Columns: [0, 1, 2, 3, 4, 5, 6, 7, 8, 9]
Index: []
Clusters Ordened By clusters lenght: 
Empty DataFrame
Columns: [0, 1, 2, 3, 4, 5, 6, 7, 8, 9]
Index: []
Clusters Ordened By clusters lenght: 
Empty DataFrame
Columns: [0, 1, 2, 3, 4, 5, 6, 7, 8, 9]
Index: []
Clusters Ordened By clusters lenght: 
    0  1   2  3  4  5  6  7                                         8  9
55  C  1  16  *  *  *  *  *  0147bd37-17f7-431c-b970-15931153b8b2-IGH  *
Clusters Ordened By clusters lenght: 
Empty DataFrame
Columns: [0, 1, 2, 3, 4, 5, 6, 7, 8, 9]
Index: []
Clusters Ordened By clusters lenght: 
Empty DataFrame
Columns: [0, 1, 2, 3, 4, 5, 6, 7, 8, 9]
Index: []
Clusters Ordened By clusters lenght: 
Empty DataFrame
Columns: [0, 1, 2, 3, 4, 5, 6, 7, 8, 9]
Index: []
Clusters Ordened By clusters lenght: 
Empty DataFrame
Columns: [0, 1, 2, 3, 4, 5, 6, 7, 8, 9]
Index: []
Clusters Ordened By clusters lenght: 
   0  1  2  3  4  5  6  7                                         8  9
6  C  0  4  *  *  *  *  *  40a6b885-4c5d-4a97-8059-1e6a4093edbb-IGH  *
Clusters Ordened By clusters lenght: 
    0  1  2  3  4  5  6  7                                         8  9
21  C  6  5  *  *  *  *  *  0e96563b-19cb-4450-bc23-5e2deb32ebcc-IGH  *
Clusters Ordened By clusters lenght: 
    0  1  2  3  4  5  6  7                                         8  9
45  C  3  4  *  *  *  *  *  90796011-ca1d-4271-936e-f78980794848-IGH  *
Clusters Ordened By clusters lenght: 
    0  1   2  3  4  5  6  7                                         8  9
35  C  8  11  *  *  *  *  *  105fedb3-7c7b-4e7e-8fce-5d3535c6783d-IGH  *
Clusters Ordened By clusters lenght: 
Empty DataFrame
Columns: [0, 1, 2, 3, 4, 5, 6, 7, 8, 9]
Index: []
Clusters Ordened By clusters lenght: 
    0  1  2  3  4  5  6  7                                         8  9
10  C  1  8  *  *  *  *  *  5e563348-f642-474b-9596-7833b058231f-IGH  *
Clusters Ordened By clusters lenght: 
    0   1  2  3  4  5  6  7                                         8  9
45  C  11  9  *  *  *  *  *  08970408-ec2f-4869-8f1a-69421b9b7999-IGH  *
Clusters Ordened By clusters lenght: 
Empty DataFrame
Columns: [0, 1, 2, 3, 4, 5, 6, 7, 8, 9]
Index: []
Clusters Ordened By clusters lenght: 
Empty DataFrame
Columns: [0, 1, 2, 3, 4, 5, 6, 7, 8, 9]
Index: []
Clusters Ordened By clusters lenght: 
Empty DataFrame
Columns: [0, 1, 2, 3, 4, 5, 6, 7, 8, 9]
Index: []
Clusters Ordened By clusters lenght: 
Empty DataFrame
Columns: [0, 1, 2, 3, 4, 5, 6, 7, 8, 9]
Index: []
Clusters Ordened By clusters lenght: 
       0     1    2  3  4  5  6  7                                         8  9
9672   C  2783  138  *  *  *  *  *  013739ce-c414-437a-a640-7dd033ee9088-IGH  *
10275  C  3386   64  *  *  *  *  *  055fd0ba-9b94-46ec-8ba8-60ac8fe0fbf8-IGH  *
9686   C  2797   34  *  *  *  *  *  0514d8f1-f575-4c40-9e9a-d8fc972f6c0a-IGH  *
11135  C  4246   31  *  *  *  *  *  1dce3462-7ce2-4849-8ede-412088e3ef4a-IGH  *
11570  C  4681   24  *  *  *  *  *  09a333e6-877d-482a-b048-5622e28d39d8-IGH  *
...   ..   ...  ... .. .. .. .. ..                                       ... ..
11484  C  4595    4  *  *  *  *  *  65ae7cc4-99e5-41c9-8f30-71c2ed2411ca-IGH  *
11528  C  4639    4  *  *  *  *  *  3da9339c-355e-4d56-a14c-b478e0276a6a-IGH  *
11514  C  4625    4  *  *  *  *  *  0d15e027-8392-4c3a-9fe5-2e82f6c5bffc-IGH  *
11576  C  4687    4  *  *  *  *  *  2da7b5ad-94ee-4cb5-84b7-48c02d751753-IGH  *
11577  C  4688    4  *  *  *  *  *  3aed0262-69b2-4119-89ae-90d4222a0a98-IGH  *

[201 rows x 10 columns]
Clusters Ordened By clusters lenght: 
     0   1   2  3  4  5  6  7                                         8  9
232  C  69  12  *  *  *  *  *  0aabd4b4-b017-4d7a-81c6-1d619e89bfcd-IGH  *
216  C  53   7  *  *  *  *  *  596bb227-b6f6-4cb8-aa93-b1cf0ad08215-IGH  *
202  C  39   4  *  *  *  *  *  00773632-5be7-4b36-98b9-47079fd81d88-IGH  *
241  C  78   4  *  *  *  *  *  5c97b1ae-157b-4262-ae1e-a581cd67eb2b-IGH  *
Clusters Ordened By clusters lenght: 
Empty DataFrame
Columns: [0, 1, 2, 3, 4, 5, 6, 7, 8, 9]
Index: []
Clusters Ordened By clusters lenght: 
Empty DataFrame
Columns: [0, 1, 2, 3, 4, 5, 6, 7, 8, 9]
Index: []
Clusters Ordened By clusters lenght: 
    0  1  2  3  4  5  6  7                                         8  9
25  C  1  9  *  *  *  *  *  194ab34a-26bf-484c-a16a-56ac834c7935-IGH  *
26  C  2  8  *  *  *  *  *  2bdcefc8-d5fb-408a-adbf-87591145c732-IGH  *
Clusters Ordened By clusters lenght: 
Empty DataFrame
Columns: [0, 1, 2, 3, 4, 5, 6, 7, 8, 9]
Index: []
Clusters Ordened By clusters lenght: 
Empty DataFrame
Columns: [0, 1, 2, 3, 4, 5, 6, 7, 8, 9]
Index: []
Clusters Ordened By clusters lenght: 
Empty DataFrame
Columns: [0, 1, 2, 3, 4, 5, 6, 7, 8, 9]
Index: []
Clusters Ordened By clusters lenght: 
    0  1  2  3  4  5  6  7                                         8  9
39  C  6  4  *  *  *  *  *  4e53910b-2928-4bb7-9e4b-201fd87354a1-IGH  *
Clusters Ordened By clusters lenght: 
Empty DataFrame
Columns: [0, 1, 2, 3, 4, 5, 6, 7, 8, 9]
Index: []
Clusters Ordened By clusters lenght: 
    0  1   2  3  4  5  6  7                                         8  9
77  C  2  62  *  *  *  *  *  0274d1cd-71fc-47f6-84c6-2f8141a2cc7c-IGH  *
Clusters Ordened By clusters lenght: 
Empty DataFrame
Columns: [0, 1, 2, 3, 4, 5, 6, 7, 8, 9]
Index: []
Clusters Ordened By clusters lenght: 
    0  1  2  3  4  5  6  7                                         8  9
13  C  0  6  *  *  *  *  *  24334475-1c5a-4e16-b1a1-cc5d24ea89bb-IGH  *
Clusters Ordened By clusters lenght: 
   0  1  2  3  4  5  6  7                                         8  9
9  C  0  4  *  *  *  *  *  12555ae7-3b98-4920-b8a5-c0ccded65c60-IGH  *
Clusters Ordened By clusters lenght: 
Empty DataFrame
Columns: [0, 1, 2, 3, 4, 5, 6, 7, 8, 9]
Index: []
Clusters Ordened By clusters lenght: 
Empty DataFrame
Columns: [0, 1, 2, 3, 4, 5, 6, 7, 8, 9]
Index: []
Clusters Ordened By clusters lenght: 
Empty DataFrame
Columns: [0, 1, 2, 3, 4, 5, 6, 7, 8, 9]
Index: []
Clusters Ordened By clusters lenght: 
Empty DataFrame
Columns: [0, 1, 2, 3, 4, 5, 6, 7, 8, 9]
Index: []
Clusters Ordened By clusters lenght: 
Empty DataFrame
Columns: [0, 1, 2, 3, 4, 5, 6, 7, 8, 9]
Index: []
Clusters Ordened By clusters lenght: 
   0  1  2  3  4  5  6  7                                         8  9
9  C  0  6  *  *  *  *  *  0c60ef4a-dff1-4715-9ecd-c00ba4c7087c-IGH  *
Clusters Ordened By clusters lenght: 
Empty DataFrame
Columns: [0, 1, 2, 3, 4, 5, 6, 7, 8, 9]
Index: []
Clusters Ordened By clusters lenght: 
Empty DataFrame
Columns: [0, 1, 2, 3, 4, 5, 6, 7, 8, 9]
Index: []
Clusters Ordened By clusters lenght: 
    0   1  2  3  4  5  6  7                                         8  9
45  C   9  4  *  *  *  *  *  1c8b4d01-3600-42a8-babb-d3dad2cd68e8-IGH  *
47  C  11  4  *  *  *  *  *  2e91ae2e-8099-4a90-9918-8383063c8120-IGH  *
Clusters Ordened By clusters lenght: 
Empty DataFrame
Columns: [0, 1, 2, 3, 4, 5, 6, 7, 8, 9]
Index: []
Clusters Ordened By clusters lenght: 
Empty DataFrame
Columns: [0, 1, 2, 3, 4, 5, 6, 7, 8, 9]
Index: []
Clusters Ordened By clusters lenght: 
    0  1  2  3  4  5  6  7                                         8  9
11  C  0  6  *  *  *  *  *  5f755006-77d1-4d86-af98-4d9d4787f5c9-IGH  *
Clusters Ordened By clusters lenght: 
Empty DataFrame
Columns: [0, 1, 2, 3, 4, 5, 6, 7, 8, 9]
Index: []
Clusters Ordened By clusters lenght: 
    0  1   2  3  4  5  6  7                                         8  9
39  C  0  31  *  *  *  *  *  04730a20-8d6f-4f63-97e8-e1c4cf313828-IGH  *
Clusters Ordened By clusters lenght: 
Empty DataFrame
Columns: [0, 1, 2, 3, 4, 5, 6, 7, 8, 9]
Index: []
Clusters Ordened By clusters lenght: 
    0   1  2  3  4  5  6  7                                         8  9
63  C  14  8  *  *  *  *  *  4940d053-0bc3-4352-97f3-bb3f9930e9b6-IGH  *
Clusters Ordened By clusters lenght: 
Empty DataFrame
Columns: [0, 1, 2, 3, 4, 5, 6, 7, 8, 9]
Index: []
Clusters Ordened By clusters lenght: 
Empty DataFrame
Columns: [0, 1, 2, 3, 4, 5, 6, 7, 8, 9]
Index: []
Clusters Ordened By clusters lenght: 
Empty DataFrame
Columns: [0, 1, 2, 3, 4, 5, 6, 7, 8, 9]
Index: []
Clusters Ordened By clusters lenght: 
    0  1  2  3  4  5  6  7                                         8  9
24  C  1  5  *  *  *  *  *  83f0eedc-e9ee-4667-b23c-063dae32f0c5-IGH  *
Clusters Ordened By clusters lenght: 
Empty DataFrame
Columns: [0, 1, 2, 3, 4, 5, 6, 7, 8, 9]
Index: []
Clusters Ordened By clusters lenght: 
Empty DataFrame
Columns: [0, 1, 2, 3, 4, 5, 6, 7, 8, 9]
Index: []
Clusters Ordened By clusters lenght: 
Empty DataFrame
Columns: [0, 1, 2, 3, 4, 5, 6, 7, 8, 9]
Index: []
Clusters Ordened By clusters lenght: 
Empty DataFrame
Columns: [0, 1, 2, 3, 4, 5, 6, 7, 8, 9]
Index: []
Clusters Ordened By clusters lenght: 
    0  1  2  3  4  5  6  7                                         8  9
42  C  5  4  *  *  *  *  *  4ae5e286-01a6-4462-bb71-a16b676bdb6d-IGH  *
Clusters Ordened By clusters lenght: 
    0  1  2  3  4  5  6  7                                         8  9
14  C  1  5  *  *  *  *  *  24b765c7-4ec2-4a88-a9c2-69f948e5a828-IGH  *
16  C  3  5  *  *  *  *  *  d6880ae8-9581-4820-832b-5b35c07b1f97-IGH  *
Clusters Ordened By clusters lenght: 
    0  1   2  3  4  5  6  7                                         8  9
23  C  1  20  *  *  *  *  *  125e112d-b81e-4e51-ae7c-bda3cc877d9b-IGH  *
Clusters Ordened By clusters lenght: 
Empty DataFrame
Columns: [0, 1, 2, 3, 4, 5, 6, 7, 8, 9]
Index: []
Clusters Ordened By clusters lenght: 
    0  1  2  3  4  5  6  7                                         8  9
77  C  2  5  *  *  *  *  *  f1adf23b-c154-48d5-97dd-37650703d87b-IGH  *
Clusters Ordened By clusters lenght: 
    0  1  2  3  4  5  6  7                                         8  9
24  C  0  5  *  *  *  *  *  2408f38b-ea63-4765-a858-3f3f5ec11df9-IGH  *
32  C  8  5  *  *  *  *  *  50eb79a5-b796-4879-a46c-ca2a95608c42-IGH  *
28  C  4  4  *  *  *  *  *  120b3f5b-3023-4318-b210-d69e0c792532-IGH  *
Clusters Ordened By clusters lenght: 
Empty DataFrame
Columns: [0, 1, 2, 3, 4, 5, 6, 7, 8, 9]
Index: []
Clusters Ordened By clusters lenght: 
     0    1  2  3  4  5  6  7                                         8  9
384  C  110  8  *  *  *  *  *  01ec3a89-9870-4495-ab30-114776fce588-IGH  *
395  C  121  7  *  *  *  *  *  597a5c55-030f-4564-a21c-37519a18eeef-IGH  *
429  C  155  6  *  *  *  *  *  12a9872d-4bf6-45c9-a987-8f7081511392-IGH  *
449  C  175  5  *  *  *  *  *  0aa4a8de-8dd5-4f6e-804c-3c1823f855e7-IGH  *
Clusters Ordened By clusters lenght: 
    0  1   2  3  4  5  6  7                                         8  9
45  C  3  12  *  *  *  *  *  1bd775d7-31bd-4e76-8e28-4b443f1bc6cb-IGH  *
Clusters Ordened By clusters lenght: 
Empty DataFrame
Columns: [0, 1, 2, 3, 4, 5, 6, 7, 8, 9]
Index: []
Clusters Ordened By clusters lenght: 
Empty DataFrame
Columns: [0, 1, 2, 3, 4, 5, 6, 7, 8, 9]
Index: []
Clusters Ordened By clusters lenght: 
Empty DataFrame
Columns: [0, 1, 2, 3, 4, 5, 6, 7, 8, 9]
Index: []
Clusters Ordened By clusters lenght: 
    0   1  2  3  4  5  6  7                                         8  9
46  C  11  6  *  *  *  *  *  55b7c52f-dcca-4fd3-b6c8-1ab7f55ab9f7-IGH  *
40  C   5  4  *  *  *  *  *  740ff977-c008-4861-ad36-0cfd6d87115e-IGH  *
Clusters Ordened By clusters lenght: 
Empty DataFrame
Columns: [0, 1, 2, 3, 4, 5, 6, 7, 8, 9]
Index: []
Clusters Ordened By clusters lenght: 
Empty DataFrame
Columns: [0, 1, 2, 3, 4, 5, 6, 7, 8, 9]
Index: []
Clusters Ordened By clusters lenght: 
    0  1  2  3  4  5  6  7                                         8  9
13  C  0  6  *  *  *  *  *  11a8dd3b-c128-40bc-9568-b179377f31c7-IGH  *
Clusters Ordened By clusters lenght: 
Empty DataFrame
Columns: [0, 1, 2, 3, 4, 5, 6, 7, 8, 9]
Index: []
Clusters Ordened By clusters lenght: 
Empty DataFrame
Columns: [0, 1, 2, 3, 4, 5, 6, 7, 8, 9]
Index: []
Clusters Ordened By clusters lenght: 
Empty DataFrame
Columns: [0, 1, 2, 3, 4, 5, 6, 7, 8, 9]
Index: []
Clusters Ordened By clusters lenght: 
Empty DataFrame
Columns: [0, 1, 2, 3, 4, 5, 6, 7, 8, 9]
Index: []
Clusters Ordened By clusters lenght: 
Empty DataFrame
Columns: [0, 1, 2, 3, 4, 5, 6, 7, 8, 9]
Index: []
Clusters Ordened By clusters lenght: 
Empty DataFrame
Columns: [0, 1, 2, 3, 4, 5, 6, 7, 8, 9]
Index: []
Clusters Ordened By clusters lenght: 
Empty DataFrame
Columns: [0, 1, 2, 3, 4, 5, 6, 7, 8, 9]
Index: []
Clusters Ordened By clusters lenght: 
Empty DataFrame
Columns: [0, 1, 2, 3, 4, 5, 6, 7, 8, 9]
Index: []
Clusters Ordened By clusters lenght: 
     0    1   2  3  4  5  6  7                                         8  9
479  C   75  21  *  *  *  *  *  7e715a99-45a2-40c4-b562-8c5f342737eb-IGH  *
405  C    1  14  *  *  *  *  *  05fc23fd-dbe3-4cec-929c-ef25666d3bcc-IGH  *
467  C   63  13  *  *  *  *  *  1515d627-e374-4cbd-80c8-9ba811ec384d-IGH  *
469  C   65  11  *  *  *  *  *  274c4021-0308-40fa-a196-d1ea8859be4d-IGH  *
639  C  235  11  *  *  *  *  *  1adf518e-88cd-47d5-b00a-450e11334783-IGH  *
437  C   33   8  *  *  *  *  *  0673154d-11ea-477e-9cd0-c34a83732eeb-IGH  *
500  C   96   8  *  *  *  *  *  1797246a-cad1-4906-aa99-fcf7a1a9e0d4-IGH  *
604  C  200   8  *  *  *  *  *  02efe50d-08f8-4bb1-aa19-c63a2a111164-IGH  *
436  C   32   7  *  *  *  *  *  01f34f06-0e8e-4596-944f-84cff2b6a1cb-IGH  *
478  C   74   5  *  *  *  *  *  6fdf2074-600b-4747-b7e7-0ae17c75a005-IGH  *
652  C  248   5  *  *  *  *  *  0541946a-0099-4c65-8054-24395cc2f4bd-IGH  *
594  C  190   5  *  *  *  *  *  77f89526-1504-42a9-a640-31d2b0803fd2-IGH  *
608  C  204   5  *  *  *  *  *  174fed37-3ef6-4404-bfcc-e23fc206ec16-IGH  *
440  C   36   4  *  *  *  *  *  2d39ed6a-da0c-4865-bffb-452b1656ca4d-IGH  *
501  C   97   4  *  *  *  *  *  23a46fa8-943c-44a8-99b3-04963dfbfdfb-IGH  *
646  C  242   4  *  *  *  *  *  7d178762-3940-4fc5-80a0-9a9a6acef40f-IGH  *
Clusters Ordened By clusters lenght: 
     0   1  2  3  4  5  6  7                                         8  9
163  C  53  7  *  *  *  *  *  1eb6f8b8-fd94-4db2-aa55-257f53d42035-IGH  *
Clusters Ordened By clusters lenght: 
Empty DataFrame
Columns: [0, 1, 2, 3, 4, 5, 6, 7, 8, 9]
Index: []
Clusters Ordened By clusters lenght: 
Empty DataFrame
Columns: [0, 1, 2, 3, 4, 5, 6, 7, 8, 9]
Index: []
Clusters Ordened By clusters lenght: 
Empty DataFrame
Columns: [0, 1, 2, 3, 4, 5, 6, 7, 8, 9]
Index: []
Clusters Ordened By clusters lenght: 
Empty DataFrame
Columns: [0, 1, 2, 3, 4, 5, 6, 7, 8, 9]
Index: []
Clusters Ordened By clusters lenght: 
   0  1  2  3  4  5  6  7                                         8  9
8  C  1  5  *  *  *  *  *  000682d5-e9b0-42fb-bc4a-0d6be9ea80f5-IGH  *
Clusters Ordened By clusters lenght: 
Empty DataFrame
Columns: [0, 1, 2, 3, 4, 5, 6, 7, 8, 9]
Index: []
Clusters Ordened By clusters lenght: 
Empty DataFrame
Columns: [0, 1, 2, 3, 4, 5, 6, 7, 8, 9]
Index: []
Clusters Ordened By clusters lenght: 
Empty DataFrame
Columns: [0, 1, 2, 3, 4, 5, 6, 7, 8, 9]
Index: []
Clusters Ordened By clusters lenght: 
Empty DataFrame
Columns: [0, 1, 2, 3, 4, 5, 6, 7, 8, 9]
Index: []
Clusters Ordened By clusters lenght: 
Empty DataFrame
Columns: [0, 1, 2, 3, 4, 5, 6, 7, 8, 9]
Index: []
Clusters Ordened By clusters lenght: 
Empty DataFrame
Columns: [0, 1, 2, 3, 4, 5, 6, 7, 8, 9]
Index: []
Clusters Ordened By clusters lenght: 
Empty DataFrame
Columns: [0, 1, 2, 3, 4, 5, 6, 7, 8, 9]
Index: []
Clusters Ordened By clusters lenght: 
Empty DataFrame
Columns: [0, 1, 2, 3, 4, 5, 6, 7, 8, 9]
Index: []
Clusters Ordened By clusters lenght: 
Empty DataFrame
Columns: [0, 1, 2, 3, 4, 5, 6, 7, 8, 9]
Index: []
Clusters Ordened By clusters lenght: 
    0  1  2  3  4  5  6  7                                         8  9
10  C  0  7  *  *  *  *  *  3aed0262-69b2-4119-89ae-90d4222a0a98-IGH  *
Clusters Ordened By clusters lenght: 
Empty DataFrame
Columns: [0, 1, 2, 3, 4, 5, 6, 7, 8, 9]
Index: []
Clusters Ordened By clusters lenght: 
    0   1  2  3  4  5  6  7                                         8  9
69  C  26  5  *  *  *  *  *  597e17ca-7f0c-4b25-b5a0-5bdea17c61ae-IGH  *
Clusters Ordened By clusters lenght: 
Empty DataFrame
Columns: [0, 1, 2, 3, 4, 5, 6, 7, 8, 9]
Index: []
Clusters Ordened By clusters lenght: 
Empty DataFrame
Columns: [0, 1, 2, 3, 4, 5, 6, 7, 8, 9]
Index: []
Clusters Ordened By clusters lenght: 
    0  1   2  3  4  5  6  7                                         8  9
23  C  3  13  *  *  *  *  *  020da1a7-0085-43cc-a200-ffe3d2ca9f13-IGH  *
Clusters Ordened By clusters lenght: 
Empty DataFrame
Columns: [0, 1, 2, 3, 4, 5, 6, 7, 8, 9]
Index: []
Clusters Ordened By clusters lenght: 
Empty DataFrame
Columns: [0, 1, 2, 3, 4, 5, 6, 7, 8, 9]
Index: []
Clusters Ordened By clusters lenght: 
Empty DataFrame
Columns: [0, 1, 2, 3, 4, 5, 6, 7, 8, 9]
Index: []
Clusters Ordened By clusters lenght: 
Empty DataFrame
Columns: [0, 1, 2, 3, 4, 5, 6, 7, 8, 9]
Index: []
Clusters Ordened By clusters lenght: 
   0  1  2  3  4  5  6  7                                         8  9
6  C  0  4  *  *  *  *  *  097e9169-3e4e-40c2-bb76-87ac07ef493f-IGH  *
Clusters Ordened By clusters lenght: 
Empty DataFrame
Columns: [0, 1, 2, 3, 4, 5, 6, 7, 8, 9]
Index: []
Clusters Ordened By clusters lenght: 
     0    1  2  3  4  5  6  7                                         8  9
480  C  173  8  *  *  *  *  *  048e2a20-36d7-46fc-90e8-2da74d37931c-IGH  *
493  C  186  4  *  *  *  *  *  57262a8b-6edf-4bc5-a639-29903977d7c0-IGH  *
518  C  211  4  *  *  *  *  *  2c6bfe3a-e4da-4ab1-827b-0def93dee195-IGH  *
Clusters Ordened By clusters lenght: 
Empty DataFrame
Columns: [0, 1, 2, 3, 4, 5, 6, 7, 8, 9]
Index: []
Clusters Ordened By clusters lenght: 
Empty DataFrame
Columns: [0, 1, 2, 3, 4, 5, 6, 7, 8, 9]
Index: []
Clusters Ordened By clusters lenght: 
Empty DataFrame
Columns: [0, 1, 2, 3, 4, 5, 6, 7, 8, 9]
Index: []
Clusters Ordened By clusters lenght: 
      0     1    2  3  4  5  6  7                                         8  9
3999  C  1179  147  *  *  *  *  *  0254a873-764f-45e6-b09a-4d2e868328ad-IGH  *
4009  C  1189   72  *  *  *  *  *  13993dfd-e6a2-4997-9ba4-c20b311e4047-IGH  *
3746  C   926   30  *  *  *  *  *  10c690c8-f5ed-4ef0-ad05-728154fa639c-IGH  *
2951  C   131   21  *  *  *  *  *  3c37c10d-525c-470a-ba01-bdddb7ec9b37-IGH  *
3479  C   659   18  *  *  *  *  *  18e5d49a-e270-4ea7-b55e-e821d5eb992b-IGH  *
4261  C  1441   16  *  *  *  *  *  1b30619e-94fb-410a-92a4-721321ff7d74-IGH  *
4243  C  1423   14  *  *  *  *  *  020da1a7-0085-43cc-a200-ffe3d2ca9f13-IGH  *
4654  C  1834   12  *  *  *  *  *  29ab1db4-690b-445f-87ab-c6371a601a4f-IGH  *
3739  C   919   11  *  *  *  *  *  7bc4b660-d381-4924-ad4e-36e3537e74c5-IGH  *
3068  C   248    9  *  *  *  *  *  23af2df1-baf7-4d46-aa68-9672f1d5a3ec-IGH  *
3485  C   665    8  *  *  *  *  *  1a792b0f-ac57-49c2-8417-70d1b044988a-IGH  *
4282  C  1462    8  *  *  *  *  *  2b77c694-b0a5-4ccc-a57f-afd5d58d3d86-IGH  *
3764  C   944    8  *  *  *  *  *  2955e348-2dcf-4d93-949e-971fdcb8992b-IGH  *
3578  C   758    8  *  *  *  *  *  5fb7f53c-ede8-4b39-b92c-e83f497873ee-IGH  *
3061  C   241    8  *  *  *  *  *  1c03bbf8-2e97-463d-b197-5e71323c4755-IGH  *
3098  C   278    8  *  *  *  *  *  429a7267-e0cd-47fc-a645-b269f15196c2-IGH  *
4659  C  1839    7  *  *  *  *  *  311097d4-2cdf-47fe-b306-3f7ac8f0fb5c-IGH  *
4255  C  1435    7  *  *  *  *  *  1309def6-bcaf-48b8-b287-445eff7f90fb-IGH  *
3069  C   249    7  *  *  *  *  *  254a136b-b39d-4417-801f-acb1d2638ef1-IGH  *
2825  C     5    6  *  *  *  *  *  3985d461-d1c4-43d1-a2b5-b67a49f7d04a-IGH  *
3745  C   925    6  *  *  *  *  *  10b658b3-2960-4c57-8e68-ab51318c4928-IGH  *
4051  C  1231    6  *  *  *  *  *  3dc798dc-1d44-4880-97dc-dfabadb266a6-IGH  *
4253  C  1433    6  *  *  *  *  *  10d991f5-fde8-43d5-8701-1b3b58dec368-IGH  *
2840  C    20    5  *  *  *  *  *  1733083c-2412-4a2d-aab9-0ac1efa3d5ba-IGH  *
4510  C  1690    5  *  *  *  *  *  2a34dd06-c7d9-4467-a6db-d9df4feb8636-IGH  *
4286  C  1466    5  *  *  *  *  *  309622d6-a307-480e-8aa3-9ffda9c4f6ce-IGH  *
4142  C  1322    5  *  *  *  *  *  a4e44194-60b2-4e2a-9e0a-bf089901f096-IGH  *
4017  C  1197    5  *  *  *  *  *  19c8f885-03cd-461e-a04f-c77232dab875-IGH  *
3467  C   647    5  *  *  *  *  *  10d42544-81da-4827-aeec-fad9f6a81b4e-IGH  *
3497  C   677    5  *  *  *  *  *  20761f73-0c94-4022-902c-66963465d1ec-IGH  *
3381  C   561    4  *  *  *  *  *  9d5f6ad7-c78e-47ed-b8b2-5fad228468d0-IGH  *
3231  C   411    4  *  *  *  *  *  0af456e7-a321-47fa-8b01-f29ce57aafd7-IGH  *
3050  C   230    4  *  *  *  *  *  13a045ab-b4a1-48b4-b799-e085bd483c26-IGH  *
3058  C   238    4  *  *  *  *  *  17de4f22-7e04-422f-b91d-3ea04f09ed05-IGH  *
3097  C   277    4  *  *  *  *  *  41859fc0-f353-4ea5-885a-6019b6c691bb-IGH  *
2858  C    38    4  *  *  *  *  *  4878d4e8-6243-4418-bf13-6b706f29dfc2-IGH  *
3633  C   813    4  *  *  *  *  *  9a66b949-47ba-442d-a4d7-55819e4417cf-IGH  *
3281  C   461    4  *  *  *  *  *  3ea53544-81f3-49a8-a1ce-9bb0f2b489a8-IGH  *
4036  C  1216    4  *  *  *  *  *  2ef8164d-df3b-4c16-9e44-5d783f93889c-IGH  *
4046  C  1226    4  *  *  *  *  *  36025b62-43cf-4267-b073-35d2ebd2249a-IGH  *
3770  C   950    4  *  *  *  *  *  2e826668-683c-40eb-9b7f-7ce4045230b8-IGH  *
3778  C   958    4  *  *  *  *  *  35118fda-f768-4fbc-b91e-e87d9a0d93ee-IGH  *
3798  C   978    4  *  *  *  *  *  46608c64-e51a-4bfa-9995-5ba2419c54cf-IGH  *
3821  C  1001    4  *  *  *  *  *  59dacae8-7433-41bb-a157-8b7b4531df2d-IGH  *
4059  C  1239    4  *  *  *  *  *  48b99950-1754-4314-ac18-70e6fb1d51c1-IGH  *
4279  C  1459    4  *  *  *  *  *  28c75bf4-2003-4f26-b473-224aa5e2548f-IGH  *
4252  C  1432    4  *  *  *  *  *  0f697f68-c5a8-42b2-93b1-72907ae95226-IGH  *
4269  C  1449    4  *  *  *  *  *  1f537296-007e-410d-9c51-ea46260c34ac-IGH  *
4535  C  1715    4  *  *  *  *  *  50f4df14-0e6f-44b7-915b-78e04c59ae40-IGH  *
4284  C  1464    4  *  *  *  *  *  300f5765-f52b-462e-85fc-1f241c9ab6e4-IGH  *
4655  C  1835    4  *  *  *  *  *  2ca86b0c-950d-4913-8ffc-06d15db48788-IGH  *
4725  C  1905    4  *  *  *  *  *  1ce1b32a-c98e-49b5-97f4-8f147548d722-IGH  *
Clusters Ordened By clusters lenght: 
    0  1   2  3  4  5  6  7                                         8  9
22  C  1  15  *  *  *  *  *  36424733-1d49-45a8-9fb9-1c47b8673eb0-IGH  *
Clusters Ordened By clusters lenght: 
     0    1  2  3  4  5  6  7                                         8  9
632  C  140  9  *  *  *  *  *  0a94a620-f7fe-43f0-805a-5afc22bf29af-IGH  *
577  C   85  5  *  *  *  *  *  48321f40-2d1b-429c-a7cc-7030823a1af2-IGH  *
629  C  137  5  *  *  *  *  *  02746980-a66b-4d21-9df8-2d0f650d29fa-IGH  *
741  C  249  5  *  *  *  *  *  1c1882a5-b1b2-4356-bce7-e6a5c7668b64-IGH  *
601  C  109  4  *  *  *  *  *  8f70a4cf-4607-4698-a70b-746649fd1bad-IGH  *
743  C  251  4  *  *  *  *  *  246174ed-d9c8-4eb0-8c5f-8e361f4798f4-IGH  *
759  C  267  4  *  *  *  *  *  693bd8eb-720f-471f-93eb-ecd7ba9f0e51-IGH  *
762  C  270  4  *  *  *  *  *  776b5c10-c708-40f4-ab9e-3508b334d64d-IGH  *
Clusters Ordened By clusters lenght: 
Empty DataFrame
Columns: [0, 1, 2, 3, 4, 5, 6, 7, 8, 9]
Index: []
Clusters Ordened By clusters lenght: 
Empty DataFrame
Columns: [0, 1, 2, 3, 4, 5, 6, 7, 8, 9]
Index: []
Clusters Ordened By clusters lenght: 
Empty DataFrame
Columns: [0, 1, 2, 3, 4, 5, 6, 7, 8, 9]
Index: []
Clusters Ordened By clusters lenght: 
     0    1  2  3  4  5  6  7                                         8  9
268  C   77  6  *  *  *  *  *  6394fbc9-55e9-4bf2-97cb-54813037a0f9-IGH  *
321  C  130  4  *  *  *  *  *  222e027c-49ac-42f5-ad98-83f48ed2daed-IGH  *
Clusters Ordened By clusters lenght: 
     0   1  2  3  4  5  6  7                                         8  9
204  C   2  9  *  *  *  *  *  10acee23-4309-4fc9-a6f8-6cae0dc21c59-IGH  *
263  C  61  7  *  *  *  *  *  53811a03-fc89-4293-b46e-0dfcbb225968-IGH  *
205  C   3  4  *  *  *  *  *  191797fd-0e87-4e6e-a8d2-9715d987351b-IGH  *
268  C  66  4  *  *  *  *  *  838df146-4290-4d75-a51a-f6dda29862fe-IGH  *
Clusters Ordened By clusters lenght: 
Empty DataFrame
Columns: [0, 1, 2, 3, 4, 5, 6, 7, 8, 9]
Index: []
Clusters Ordened By clusters lenght: 
Empty DataFrame
Columns: [0, 1, 2, 3, 4, 5, 6, 7, 8, 9]
Index: []
Clusters Ordened By clusters lenght: 
Empty DataFrame
Columns: [0, 1, 2, 3, 4, 5, 6, 7, 8, 9]
Index: []
Clusters Ordened By clusters lenght: 
Empty DataFrame
Columns: [0, 1, 2, 3, 4, 5, 6, 7, 8, 9]
Index: []
Clusters Ordened By clusters lenght: 
    0  1  2  3  4  5  6  7                                         8  9
12  C  0  4  *  *  *  *  *  1497e396-b9cb-4d8c-9c0f-1b070dee4f86-IGH  *
Clusters Ordened By clusters lenght: 
    0  1  2  3  4  5  6  7                                         8  9
15  C  0  6  *  *  *  *  *  305f1ce7-6267-48bc-8a2a-b53e67166c19-IGH  *
Clusters Ordened By clusters lenght: 
     0    1   2  3  4  5  6  7                                         8  9
490  C  167  10  *  *  *  *  *  0726af84-1374-4b97-a85d-7407c4697048-IGH  *
538  C  215   5  *  *  *  *  *  0862c1c7-cad7-4644-b5d7-5d3c44c43c90-IGH  *
397  C   74   4  *  *  *  *  *  2d8026bd-2cc9-400a-89fe-7ce18966dfcc-IGH  *
Clusters Ordened By clusters lenght: 
      0     1    2  3  4  5  6  7                                         8  9
7407  C  1246  271  *  *  *  *  *  0065bda8-0853-4c44-91b7-b2408e59c3ac-IGH  *
7431  C  1270  155  *  *  *  *  *  05bb5a3d-4362-4ee3-b437-62a9286694ab-IGH  *
7464  C  1303  139  *  *  *  *  *  13c87dcc-eb13-473b-801b-2db5656ed427-IGH  *
7097  C   936  137  *  *  *  *  *  004624d3-f68a-40b4-b107-de39f6a467db-IGH  *
7403  C  1242  125  *  *  *  *  *  cf3ea6ea-b12b-4b3b-886c-f8cd11ec1acf-IGH  *
...  ..   ...  ... .. .. .. .. ..                                       ... ..
7834  C  1673    4  *  *  *  *  *  62700f10-0b8e-4bca-bc47-a5efd835c355-IGH  *
7815  C  1654    4  *  *  *  *  *  39d97cfc-63b9-4c1c-8191-d0413e79ab09-IGH  *
7842  C  1681    4  *  *  *  *  *  6a5ec6f6-9b1e-49ec-b256-d8799b339083-IGH  *
7911  C  1750    4  *  *  *  *  *  01dc43f4-ae5c-44d0-8e9c-e90d8ec405bb-IGH  *
7982  C  1821    4  *  *  *  *  *  78079bd0-a967-4244-a6d2-1f9ddb6b3280-IGH  *

[295 rows x 10 columns]
Clusters Ordened By clusters lenght: 
    0   1  2  3  4  5  6  7                                         8  9
44  C  12  5  *  *  *  *  *  01a411db-60e3-43c6-b085-b8af6a508d0d-IGH  *
Clusters Ordened By clusters lenght: 
     0    1  2  3  4  5  6  7                                         8  9
362  C  149  5  *  *  *  *  *  182d3694-6653-45b4-95c0-e3e5f7fd9ed8-IGH  *
Clusters Ordened By clusters lenght: 
Empty DataFrame
Columns: [0, 1, 2, 3, 4, 5, 6, 7, 8, 9]
Index: []
Clusters Ordened By clusters lenght: 
     0    1   2  3  4  5  6  7                                         8  9
648  C  142  14  *  *  *  *  *  0503ed7b-3def-48ed-bf22-e282f284356c-IGH  *
515  C    9  10  *  *  *  *  *  065aad88-a146-401c-826f-7493b75907f5-IGH  *
520  C   14   8  *  *  *  *  *  20dfcd6b-7b44-4608-9e92-6c5fbd4034c3-IGH  *
600  C   94   7  *  *  *  *  *  0e4491bc-8cf2-4fca-9196-20ee869128e8-IGH  *
506  C    0   5  *  *  *  *  *  4dd9f807-28a0-4cc4-a4a8-92fc2bc63aa6-IGH  *
895  C  389   5  *  *  *  *  *  3723073e-40f1-4a41-a3ba-471f1b69fef3-IGH  *
647  C  141   4  *  *  *  *  *  02ffe729-35b0-4e75-8afd-f33502d78907-IGH  *
Clusters Ordened By clusters lenght: 
   0  1  2  3  4  5  6  7                                         8  9
6  C  0  5  *  *  *  *  *  6438cb93-c54d-4fc9-ae68-b0cd070cc3bc-IGH  *
Clusters Ordened By clusters lenght: 
Empty DataFrame
Columns: [0, 1, 2, 3, 4, 5, 6, 7, 8, 9]
Index: []
Clusters Ordened By clusters lenght: 
Empty DataFrame
Columns: [0, 1, 2, 3, 4, 5, 6, 7, 8, 9]
Index: []
Clusters Ordened By clusters lenght: 
    0  1  2  3  4  5  6  7                                         8  9
24  C  6  7  *  *  *  *  *  026d869f-150c-4099-ac82-0a32e0630514-IGH  *
Clusters Ordened By clusters lenght: 
     0  1  2  3  4  5  6  7                                         8  9
129  C  7  7  *  *  *  *  *  081c2fa9-1582-4f80-a0c5-8b82eca610d4-IGH  *
128  C  6  5  *  *  *  *  *  03c0bbc2-2331-4f34-9243-2eb9637cbb98-IGH  *
Clusters Ordened By clusters lenght: 
Empty DataFrame
Columns: [0, 1, 2, 3, 4, 5, 6, 7, 8, 9]
Index: []
Clusters Ordened By clusters lenght: 
    0  1  2  3  4  5  6  7                                         8  9
53  C  3  6  *  *  *  *  *  019bf198-d22f-4583-8e52-29e3139c26b5-IGH  *
Clusters Ordened By clusters lenght: 
    0  1  2  3  4  5  6  7                                         8  9
24  C  7  6  *  *  *  *  *  1ae1a02c-81f5-4034-a326-714f6689d0c2-IGH  *
Clusters Ordened By clusters lenght: 
Empty DataFrame
Columns: [0, 1, 2, 3, 4, 5, 6, 7, 8, 9]
Index: []
Clusters Ordened By clusters lenght: 
Empty DataFrame
Columns: [0, 1, 2, 3, 4, 5, 6, 7, 8, 9]
Index: []
Clusters Ordened By clusters lenght: 
Empty DataFrame
Columns: [0, 1, 2, 3, 4, 5, 6, 7, 8, 9]
Index: []
Clusters Ordened By clusters lenght: 
Empty DataFrame
Columns: [0, 1, 2, 3, 4, 5, 6, 7, 8, 9]
Index: []
Clusters Ordened By clusters lenght: 
Empty DataFrame
Columns: [0, 1, 2, 3, 4, 5, 6, 7, 8, 9]
Index: []
Clusters Ordened By clusters lenght: 
    0  1  2  3  4  5  6  7                                         8  9
15  C  0  8  *  *  *  *  *  05266470-7093-41ef-a7b5-eb58c4d01163-IGH  *
Clusters Ordened By clusters lenght: 
Empty DataFrame
Columns: [0, 1, 2, 3, 4, 5, 6, 7, 8, 9]
Index: []
Clusters Ordened By clusters lenght: 
    0  1  2  3  4  5  6  7                                         8  9
16  C  0  8  *  *  *  *  *  14bf4765-6f6c-4122-9cc0-3068231adf25-IGH  *
Clusters Ordened By clusters lenght: 
Empty DataFrame
Columns: [0, 1, 2, 3, 4, 5, 6, 7, 8, 9]
Index: []
Clusters Ordened By clusters lenght: 
    0   1  2  3  4  5  6  7                                         8  9
32  C  12  5  *  *  *  *  *  104ccb47-7488-4d04-a0dd-1c7d3658ba8a-IGH  *
Clusters Ordened By clusters lenght: 
Empty DataFrame
Columns: [0, 1, 2, 3, 4, 5, 6, 7, 8, 9]
Index: []
Clusters Ordened By clusters lenght: 
Empty DataFrame
Columns: [0, 1, 2, 3, 4, 5, 6, 7, 8, 9]
Index: []
Clusters Ordened By clusters lenght: 
Empty DataFrame
Columns: [0, 1, 2, 3, 4, 5, 6, 7, 8, 9]
Index: []
Clusters Ordened By clusters lenght: 
     0    1   2  3  4  5  6  7                                         8  9
402  C  110  36  *  *  *  *  *  0577a620-70e9-4d14-89ab-d3a4fac8edd1-IGH  *
404  C  112  20  *  *  *  *  *  0a24e3b3-177d-4f80-bb74-45bbc500563d-IGH  *
407  C  115  16  *  *  *  *  *  0c6d7104-b746-4fcd-bee9-132d01c4092e-IGH  *
297  C    5   7  *  *  *  *  *  07d4c480-9760-45f9-979f-231263a723be-IGH  *
391  C   99   6  *  *  *  *  *  2fa31128-59e4-45d9-8895-65302a7cf626-IGH  *
314  C   22   4  *  *  *  *  *  5b0b585f-e01a-4ed7-8b98-6fdc1bac6bd4-IGH  *
408  C  116   4  *  *  *  *  *  0f6992eb-2e6a-490f-85ee-cdad1b1be8ef-IGH  *
411  C  119   4  *  *  *  *  *  2b2e539b-197f-4aeb-99da-c3b241c99d75-IGH  *
Clusters Ordened By clusters lenght: 
Empty DataFrame
Columns: [0, 1, 2, 3, 4, 5, 6, 7, 8, 9]
Index: []
Clusters Ordened By clusters lenght: 
    0  1  2  3  4  5  6  7                                         8  9
31  C  0  4  *  *  *  *  *  71349a1b-4c63-406d-b8e1-bd2a0c71db3a-IGH  *
Clusters Ordened By clusters lenght: 
Empty DataFrame
Columns: [0, 1, 2, 3, 4, 5, 6, 7, 8, 9]
Index: []
Clusters Ordened By clusters lenght: 
Empty DataFrame
Columns: [0, 1, 2, 3, 4, 5, 6, 7, 8, 9]
Index: []
Clusters Ordened By clusters lenght: 
Empty DataFrame
Columns: [0, 1, 2, 3, 4, 5, 6, 7, 8, 9]
Index: []
Clusters Ordened By clusters lenght: 
    0  1   2  3  4  5  6  7                                         8  9
14  C  0  12  *  *  *  *  *  27a33680-07f3-4ea0-bc38-f97fa333d1b7-IGH  *
Clusters Ordened By clusters lenght: 
    0  1   2  3  4  5  6  7                                         8  9
19  C  1  14  *  *  *  *  *  35ea88a9-00af-47cd-a9fd-3afafccd00ff-IGH  *
Clusters Ordened By clusters lenght: 
      0    1   2  3  4  5  6  7                                         8  9
823   C   16  15  *  *  *  *  *  209860e1-89e1-46bb-8947-b82dc04874bc-IGH  *
911   C  104  11  *  *  *  *  *  2d2e978b-34c3-481f-af11-a29f30b5659c-IGH  *
1275  C  468  10  *  *  *  *  *  42aa24cf-68bd-4bb5-ab63-d052293f3d8e-IGH  *
999   C  192   9  *  *  *  *  *  35ea88a9-00af-47cd-a9fd-3afafccd00ff-IGH  *
1263  C  456   8  *  *  *  *  *  13d5036d-c18b-4cb2-ac27-03fc3592c185-IGH  *
1168  C  361   7  *  *  *  *  *  0b0f3a21-9602-4612-83a7-4cdbf3fe1987-IGH  *
1010  C  203   7  *  *  *  *  *  51f46456-731a-4248-a98a-4264a5ccb97d-IGH  *
980   C  173   7  *  *  *  *  *  027ad59c-f685-428f-b1ca-d634d657dd98-IGH  *
1252  C  445   6  *  *  *  *  *  076eea69-4b0a-435c-bb84-49d32ff90913-IGH  *
1175  C  368   6  *  *  *  *  *  2427e6a2-2c36-44c0-98bb-e63f787a015a-IGH  *
829   C   22   5  *  *  *  *  *  49f8dce5-4ea3-4533-a96f-a755fb45aa01-IGH  *
1188  C  381   5  *  *  *  *  *  585a6c18-d8c8-4e2b-b280-f0e2b52e4284-IGH  *
1260  C  453   5  *  *  *  *  *  11d28dd1-492e-498a-9780-c8420778c718-IGH  *
1255  C  448   5  *  *  *  *  *  09e278da-a9f2-401d-b531-42f787a20197-IGH  *
1088  C  281   4  *  *  *  *  *  2e25d73a-aa8a-4bc8-9fc3-9409f8b0a8c1-IGH  *
1074  C  267   4  *  *  *  *  *  195e594e-b4cc-4277-ad14-24c6d2fbb638-IGH  *
Clusters Ordened By clusters lenght: 
     0   1  2  3  4  5  6  7                                         8  9
114  C  35  5  *  *  *  *  *  9dac9bc6-f841-4ea5-8687-6916215ab54b-IGH  *
Clusters Ordened By clusters lenght: 
    0  1  2  3  4  5  6  7                                         8  9
68  C  3  5  *  *  *  *  *  3715d970-15ef-4f46-a610-29b6c87d69f4-IGH  *
Clusters Ordened By clusters lenght: 
Empty DataFrame
Columns: [0, 1, 2, 3, 4, 5, 6, 7, 8, 9]
Index: []
Clusters Ordened By clusters lenght: 
Empty DataFrame
Columns: [0, 1, 2, 3, 4, 5, 6, 7, 8, 9]
Index: []
Clusters Ordened By clusters lenght: 
    0  1   2  3  4  5  6  7                                         8  9
49  C  1  19  *  *  *  *  *  0a355585-0ea1-4905-b883-38b0f43d4fe8-IGH  *
50  C  2   5  *  *  *  *  *  0be3d104-f2b7-40f7-85c7-f7479584f5b1-IGH  *
Clusters Ordened By clusters lenght: 
    0  1  2  3  4  5  6  7                                         8  9
17  C  2  8  *  *  *  *  *  346bb32b-8028-4235-b137-fe842884f407-IGH  *
Clusters Ordened By clusters lenght: 
Empty DataFrame
Columns: [0, 1, 2, 3, 4, 5, 6, 7, 8, 9]
Index: []
Clusters Ordened By clusters lenght: 
   0  1  2  3  4  5  6  7                                         8  9
8  C  1  5  *  *  *  *  *  761dab27-3063-4d49-8045-f2f8587a47ba-IGH  *
Clusters Ordened By clusters lenght: 
   0  1  2  3  4  5  6  7                                         8  9
6  C  0  4  *  *  *  *  *  22e20d0f-3d52-4331-a87d-a1d6bed35d39-IGH  *
Clusters Ordened By clusters lenght: 
     0   1  2  3  4  5  6  7                                         8  9
165  C  31  5  *  *  *  *  *  083764e5-9402-472a-80c2-88a6d7cb07c0-IGH  *
Clusters Ordened By clusters lenght: 
Empty DataFrame
Columns: [0, 1, 2, 3, 4, 5, 6, 7, 8, 9]
Index: []
Clusters Ordened By clusters lenght: 
Empty DataFrame
Columns: [0, 1, 2, 3, 4, 5, 6, 7, 8, 9]
Index: []
Clusters Ordened By clusters lenght: 
      0    1  2  3  4  5  6  7                                         8  9
1078  C  124  9  *  *  *  *  *  4b8a4a1c-5e4c-45cd-ae9b-154a4693513a-IGH  *
1058  C  104  8  *  *  *  *  *  1b08b482-4bfb-486a-9d22-04d20ef465fd-IGH  *
1257  C  303  7  *  *  *  *  *  36344fc3-f24d-400f-b761-ab2546045408-IGH  *
1234  C  280  6  *  *  *  *  *  052d79b2-55e3-4dba-a944-eda6577d5f1e-IGH  *
1453  C  499  6  *  *  *  *  *  2f61889e-f24f-44d6-a320-470d3343de57-IGH  *
1336  C  382  6  *  *  *  *  *  0d3f73bb-fb65-4e5f-a1dc-00e47582b8ba-IGH  *
956   C    2  5  *  *  *  *  *  00046b64-86ca-4be8-9500-7230bbaf111e-IGH  *
1041  C   87  5  *  *  *  *  *  0444e399-1f6f-4ca7-b2be-1c175910d614-IGH  *
1720  C  766  5  *  *  *  *  *  2369f3e8-ee4e-4638-965e-7fb84205df7d-IGH  *
1071  C  117  5  *  *  *  *  *  3daa0cd8-c6bd-456e-890c-fa1ac58e319e-IGH  *
1456  C  502  5  *  *  *  *  *  3a14a140-a285-4a9d-8aa8-7cfe561f61dc-IGH  *
1457  C  503  5  *  *  *  *  *  3a224c1e-f7e8-474e-a796-d09dab929fd2-IGH  *
981   C   27  4  *  *  *  *  *  3a12341f-e349-453c-8c66-498e0ccba8a5-IGH  *
1338  C  384  4  *  *  *  *  *  100f4ed8-2310-4e58-b262-2705ffc6e442-IGH  *
1606  C  652  4  *  *  *  *  *  591482c6-a8dd-4b54-b245-4da420fa86dc-IGH  *
1668  C  714  4  *  *  *  *  *  84729b5d-5817-486d-95f1-36d58b7f93cb-IGH  *
Clusters Ordened By clusters lenght: 
Empty DataFrame
Columns: [0, 1, 2, 3, 4, 5, 6, 7, 8, 9]
Index: []
Clusters Ordened By clusters lenght: 
Empty DataFrame
Columns: [0, 1, 2, 3, 4, 5, 6, 7, 8, 9]
Index: []
Clusters Ordened By clusters lenght: 
     0    1   2  3  4  5  6  7                                         8  9
676  C  186  12  *  *  *  *  *  40463bb4-d44d-4397-b830-6a7f5e37e5cd-IGH  *
565  C   75   6  *  *  *  *  *  2848ea1d-437a-4548-bc32-32b6ccc8dc39-IGH  *
499  C    9   5  *  *  *  *  *  0cae1aa5-0c3a-4c18-9aeb-b7ea29301d9d-IGH  *
765  C  275   5  *  *  *  *  *  4abce1f5-2eef-409e-a7a5-193c0f3101f9-IGH  *
670  C  180   5  *  *  *  *  *  172b4b6a-2c12-4ca3-b3a5-3c7b9eb29331-IGH  *
610  C  120   4  *  *  *  *  *  1d32feaa-71d1-43b3-ae37-b72357df70c2-IGH  *
723  C  233   4  *  *  *  *  *  3ddb4acd-b13b-43ea-bf2e-afc1247f3086-IGH  *
Clusters Ordened By clusters lenght: 
     0    1  2  3  4  5  6  7                                         8  9
563  C  188  9  *  *  *  *  *  03b912e7-0bc5-4f5f-9eed-49e3d5e33127-IGH  *
381  C    6  4  *  *  *  *  *  19ea7c0a-74be-4e41-9404-5b41e03c7d2a-IGH  *
655  C  280  4  *  *  *  *  *  29ab1db4-690b-445f-87ab-c6371a601a4f-IGH  *
Clusters Ordened By clusters lenght: 
Empty DataFrame
Columns: [0, 1, 2, 3, 4, 5, 6, 7, 8, 9]
Index: []
Clusters Ordened By clusters lenght: 
Empty DataFrame
Columns: [0, 1, 2, 3, 4, 5, 6, 7, 8, 9]
Index: []
Clusters Ordened By clusters lenght: 
    0  1  2  3  4  5  6  7                                         8  9
87  C  0  5  *  *  *  *  *  45963b0a-6ccd-4d15-955d-af142534cd5f-IGH  *
Clusters Ordened By clusters lenght: 
     0    1   2  3  4  5  6  7                                         8  9
497  C  189  12  *  *  *  *  *  0224fa73-0970-4544-925f-0a36f8f189b9-IGH  *
508  C  200   4  *  *  *  *  *  604485a1-ff99-46f7-be15-533fcca1f320-IGH  *
Clusters Ordened By clusters lenght: 
Empty DataFrame
Columns: [0, 1, 2, 3, 4, 5, 6, 7, 8, 9]
Index: []
Clusters Ordened By clusters lenght: 
    0  1   2  3  4  5  6  7                                         8  9
39  C  0  10  *  *  *  *  *  20e038ef-9aa4-4b32-a2a7-3cb4c4ce01fd-IGH  *
48  C  9   4  *  *  *  *  *  046f8375-b4e7-4068-a533-8131129d4d28-IGH  *
Clusters Ordened By clusters lenght: 
Empty DataFrame
Columns: [0, 1, 2, 3, 4, 5, 6, 7, 8, 9]
Index: []
Clusters Ordened By clusters lenght: 
    0  1  2  3  4  5  6  7                                         8  9
14  C  1  4  *  *  *  *  *  418ec9e1-3845-4607-8194-8df38d5b6c86-IGH  *
Clusters Ordened By clusters lenght: 
Empty DataFrame
Columns: [0, 1, 2, 3, 4, 5, 6, 7, 8, 9]
Index: []
Clusters Ordened By clusters lenght: 
     0  1  2  3  4  5  6  7                                         8  9
282  C  3  5  *  *  *  *  *  28d0c83d-bfe9-43d4-bde1-efb7fb6ca9e6-IGH  *
Clusters Ordened By clusters lenght: 
    0  1  2  3  4  5  6  7                                         8  9
11  C  1  9  *  *  *  *  *  5e4c4996-31c0-4229-bc6c-e42707e5c033-IGH  *
Clusters Ordened By clusters lenght: 
Empty DataFrame
Columns: [0, 1, 2, 3, 4, 5, 6, 7, 8, 9]
Index: []
Clusters Ordened By clusters lenght: 
     0   1  2  3  4  5  6  7                                         8  9
122  C   8  8  *  *  *  *  *  5c34a14a-1847-455a-9d83-cb01414b0eed-IGH  *
142  C  28  4  *  *  *  *  *  7901520f-fbf3-49cf-b46a-81871fc754f0-IGH  *
188  C  74  4  *  *  *  *  *  58829cfb-a8d8-4ff4-a162-4a8e975a29bc-IGH  *
Clusters Ordened By clusters lenght: 
Empty DataFrame
Columns: [0, 1, 2, 3, 4, 5, 6, 7, 8, 9]
Index: []
Clusters Ordened By clusters lenght: 
Empty DataFrame
Columns: [0, 1, 2, 3, 4, 5, 6, 7, 8, 9]
Index: []
Clusters Ordened By clusters lenght: 
Empty DataFrame
Columns: [0, 1, 2, 3, 4, 5, 6, 7, 8, 9]
Index: []
Clusters Ordened By clusters lenght: 
Empty DataFrame
Columns: [0, 1, 2, 3, 4, 5, 6, 7, 8, 9]
Index: []
Clusters Ordened By clusters lenght: 
    0   1  2  3  4  5  6  7                                         8  9
71  C  24  8  *  *  *  *  *  08a7dd22-365f-4924-918a-fc625875b342-IGH  *
Clusters Ordened By clusters lenght: 
Empty DataFrame
Columns: [0, 1, 2, 3, 4, 5, 6, 7, 8, 9]
Index: []
Clusters Ordened By clusters lenght: 
    0  1  2  3  4  5  6  7                                         8  9
10  C  1  6  *  *  *  *  *  2498b696-d910-43c2-ba7e-e0eb07bfe203-IGH  *
Clusters Ordened By clusters lenght: 
Empty DataFrame
Columns: [0, 1, 2, 3, 4, 5, 6, 7, 8, 9]
Index: []
Clusters Ordened By clusters lenght: 
    0  1  2  3  4  5  6  7                                         8  9
12  C  0  7  *  *  *  *  *  7e56f3c8-6d9e-4438-98f2-9a7bf59d893a-IGH  *
Clusters Ordened By clusters lenght: 
Empty DataFrame
Columns: [0, 1, 2, 3, 4, 5, 6, 7, 8, 9]
Index: []
Clusters Ordened By clusters lenght: 
       0     1    2  3  4  5  6  7                                         8  9
13363  C  3524  131  *  *  *  *  *  cf3ea6ea-b12b-4b3b-886c-f8cd11ec1acf-IGH  *
13378  C  3539   87  *  *  *  *  *  020a48d5-3b39-4f78-8d5a-15e752039358-IGH  *
14070  C  4231   84  *  *  *  *  *  00fe53b2-4862-4c64-a5d6-11f5353f7476-IGH  *
12608  C  2769   75  *  *  *  *  *  004624d3-f68a-40b4-b107-de39f6a467db-IGH  *
13496  C  3657   75  *  *  *  *  *  20725677-66ec-407a-b87a-a596002ef6bc-IGH  *
...   ..   ...  ... .. .. .. .. ..                                       ... ..
14765  C  4926    4  *  *  *  *  *  653f2abe-2f50-4a87-9ebb-a071e87e9657-IGH  *
14768  C  4929    4  *  *  *  *  *  678a5915-91a8-4f90-8b85-1aa6c7c76ac7-IGH  *
14969  C  5130    4  *  *  *  *  *  073cb029-e30f-4ee9-a05b-4bd10c3ccb26-IGH  *
15279  C  5440    4  *  *  *  *  *  301ce344-4363-4af5-987f-4b1a1f4142e2-IGH  *
9845   C     6    4  *  *  *  *  *  0091df42-16a2-4aea-94ad-2ed7ad78d135-IGH  *

[340 rows x 10 columns]
Clusters Ordened By clusters lenght: 
   0  1  2  3  4  5  6  7                                         8  9
6  C  0  5  *  *  *  *  *  0980092d-48f8-4bc2-9cd9-21601072cee2-IGH  *
Clusters Ordened By clusters lenght: 
    0  1   2  3  4  5  6  7                                         8  9
33  C  0  17  *  *  *  *  *  09b1e7d9-0978-4182-a86b-9f4f92471e19-IGH  *
34  C  1   7  *  *  *  *  *  1dbab5ca-c0da-4e9f-bed0-d7274e397e83-IGH  *
36  C  3   6  *  *  *  *  *  745e7d24-d44a-43f7-89bb-b8759a19e811-IGH  *
Clusters Ordened By clusters lenght: 
Empty DataFrame
Columns: [0, 1, 2, 3, 4, 5, 6, 7, 8, 9]
Index: []
Clusters Ordened By clusters lenght: 
    0   1   2  3  4  5  6  7                                         8  9
58  C  15  15  *  *  *  *  *  03ba6f1f-cd2d-40dc-8126-0eb03c1b9655-IGH  *
62  C  19   6  *  *  *  *  *  9f3936b0-67b5-45a2-bf1f-ffda138b1ecb-IGH  *
Clusters Ordened By clusters lenght: 
    0  1  2  3  4  5  6  7                                         8  9
10  C  0  5  *  *  *  *  *  3302b341-1152-485e-9b85-49e20d14ebfb-IGH  *
Clusters Ordened By clusters lenght: 
Empty DataFrame
Columns: [0, 1, 2, 3, 4, 5, 6, 7, 8, 9]
Index: []
Clusters Ordened By clusters lenght: 
Empty DataFrame
Columns: [0, 1, 2, 3, 4, 5, 6, 7, 8, 9]
Index: []
Clusters Ordened By clusters lenght: 
Empty DataFrame
Columns: [0, 1, 2, 3, 4, 5, 6, 7, 8, 9]
Index: []
Clusters Ordened By clusters lenght: 
Empty DataFrame
Columns: [0, 1, 2, 3, 4, 5, 6, 7, 8, 9]
Index: []
Clusters Ordened By clusters lenght: 
    0  1  2  3  4  5  6  7                                         8  9
23  C  7  4  *  *  *  *  *  1c160397-4762-4de6-a69f-8aeed76738d5-IGH  *
Clusters Ordened By clusters lenght: 
Empty DataFrame
Columns: [0, 1, 2, 3, 4, 5, 6, 7, 8, 9]
Index: []
Clusters Ordened By clusters lenght: 
Empty DataFrame
Columns: [0, 1, 2, 3, 4, 5, 6, 7, 8, 9]
Index: []
Clusters Ordened By clusters lenght: 
Empty DataFrame
Columns: [0, 1, 2, 3, 4, 5, 6, 7, 8, 9]
Index: []
Clusters Ordened By clusters lenght: 
    0   1  2  3  4  5  6  7                                         8  9
41  C  10  4  *  *  *  *  *  035fb1c1-5494-4d45-85af-d9b29b1efcf2-IGH  *
52  C  21  4  *  *  *  *  *  0986522a-9589-4647-9afa-cac1515a1dd4-IGH  *
Clusters Ordened By clusters lenght: 
Empty DataFrame
Columns: [0, 1, 2, 3, 4, 5, 6, 7, 8, 9]
Index: []
Clusters Ordened By clusters lenght: 
Empty DataFrame
Columns: [0, 1, 2, 3, 4, 5, 6, 7, 8, 9]
Index: []
Clusters Ordened By clusters lenght: 
    0  1   2  3  4  5  6  7                                         8  9
24  C  0  24  *  *  *  *  *  09d8fc82-e575-43f3-a523-c0f8d4438224-IGH  *
Clusters Ordened By clusters lenght: 
Empty DataFrame
Columns: [0, 1, 2, 3, 4, 5, 6, 7, 8, 9]
Index: []
Clusters Ordened By clusters lenght: 
Empty DataFrame
Columns: [0, 1, 2, 3, 4, 5, 6, 7, 8, 9]
Index: []
Clusters Ordened By clusters lenght: 
     0    1  2  3  4  5  6  7                                         8  9
456  C  139  5  *  *  *  *  *  3380fec0-1223-48b5-b3d5-1110f9f80334-IGH  *
471  C  154  4  *  *  *  *  *  7b7ee3fc-f482-4d3b-8539-98d2eeeca03f-IGH  *
543  C  226  4  *  *  *  *  *  4b074dc5-ad4a-4c67-9cbe-b77304d447b2-IGH  *
Clusters Ordened By clusters lenght: 
Empty DataFrame
Columns: [0, 1, 2, 3, 4, 5, 6, 7, 8, 9]
Index: []
Clusters Ordened By clusters lenght: 
Empty DataFrame
Columns: [0, 1, 2, 3, 4, 5, 6, 7, 8, 9]
Index: []
Clusters Ordened By clusters lenght: 
Empty DataFrame
Columns: [0, 1, 2, 3, 4, 5, 6, 7, 8, 9]
Index: []
Clusters Ordened By clusters lenght: 
Empty DataFrame
Columns: [0, 1, 2, 3, 4, 5, 6, 7, 8, 9]
Index: []
Clusters Ordened By clusters lenght: 
Empty DataFrame
Columns: [0, 1, 2, 3, 4, 5, 6, 7, 8, 9]
Index: []
Clusters Ordened By clusters lenght: 
    0  1  2  3  4  5  6  7                                         8  9
30  C  2  7  *  *  *  *  *  1fe96a92-efc7-48a6-854c-f614cd564340-IGH  *
Clusters Ordened By clusters lenght: 
Empty DataFrame
Columns: [0, 1, 2, 3, 4, 5, 6, 7, 8, 9]
Index: []
Clusters Ordened By clusters lenght: 
Empty DataFrame
Columns: [0, 1, 2, 3, 4, 5, 6, 7, 8, 9]
Index: []
Clusters Ordened By clusters lenght: 
     0    1  2  3  4  5  6  7                                         8  9
352  C  133  9  *  *  *  *  *  0bfbc9d0-99f8-4ad7-a9e4-90a1fe960cfc-IGH  *
232  C   13  4  *  *  *  *  *  2772e1ed-ba3b-4d2b-bafb-2140975e0770-IGH  *
233  C   14  4  *  *  *  *  *  27b0bdc2-4772-4fac-91b5-a69f9489792f-IGH  *
Clusters Ordened By clusters lenght: 
Empty DataFrame
Columns: [0, 1, 2, 3, 4, 5, 6, 7, 8, 9]
Index: []
Clusters Ordened By clusters lenght: 
Empty DataFrame
Columns: [0, 1, 2, 3, 4, 5, 6, 7, 8, 9]
Index: []
Clusters Ordened By clusters lenght: 
Empty DataFrame
Columns: [0, 1, 2, 3, 4, 5, 6, 7, 8, 9]
Index: []
Clusters Ordened By clusters lenght: 
Empty DataFrame
Columns: [0, 1, 2, 3, 4, 5, 6, 7, 8, 9]
Index: []
Clusters Ordened By clusters lenght: 
Empty DataFrame
Columns: [0, 1, 2, 3, 4, 5, 6, 7, 8, 9]
Index: []
Clusters Ordened By clusters lenght: 
      0     1   2  3  4  5  6  7                                         8  9
2182  C   368  37  *  *  *  *  *  0b379530-0467-47d5-9568-60f4ba6d8515-IGH  *
2701  C   887  37  *  *  *  *  *  0065bda8-0853-4c44-91b7-b2408e59c3ac-IGH  *
2216  C   402  18  *  *  *  *  *  3d507707-2280-47d9-9dcc-f57316b0b5de-IGH  *
2758  C   944  18  *  *  *  *  *  352d3356-f0dc-4895-8d87-a3e6e71f66d0-IGH  *
2704  C   890  15  *  *  *  *  *  03ef58de-832a-445e-9463-dcd3289f2c79-IGH  *
2716  C   902  13  *  *  *  *  *  0d3c1ad8-a56b-4f7a-b2b8-30fc3148598b-IGH  *
2743  C   929  11  *  *  *  *  *  23a74f14-d3ee-45c9-aa0a-a341240b213f-IGH  *
2729  C   915   9  *  *  *  *  *  18d8889c-625d-4e7c-a61d-270fcff2e324-IGH  *
2702  C   888   9  *  *  *  *  *  0215288e-3dac-47a1-9d9e-1222510b62f3-IGH  *
3035  C  1221   9  *  *  *  *  *  1fec7fbe-fe17-46fc-aba1-92157e0719bd-IGH  *
2538  C   724   8  *  *  *  *  *  024f1aa0-007d-4a0f-9595-04ff7f8d27f0-IGH  *
2183  C   369   8  *  *  *  *  *  0bf43cf3-9c99-4999-9a6b-50ff61698ee5-IGH  *
3031  C  1217   7  *  *  *  *  *  145b41e7-9564-4435-aba8-8529c818339d-IGH  *
2710  C   896   7  *  *  *  *  *  0990183f-048c-4469-9a6b-535c8f75694b-IGH  *
2186  C   372   7  *  *  *  *  *  150c3725-10bf-4a35-8886-68546e75e70e-IGH  *
3113  C  1299   7  *  *  *  *  *  4a8e7635-8985-4dff-aa0e-450bfa52ddb9-IGH  *
2179  C   365   6  *  *  *  *  *  029ee639-fb51-408d-90da-1ca41e3b20d1-IGH  *
2734  C   920   6  *  *  *  *  *  1ab55ca4-b4bd-498e-8e0c-5430c703e0d1-IGH  *
2703  C   889   6  *  *  *  *  *  02efd872-5e49-44e0-999f-00071a6c8543-IGH  *
2577  C   763   6  *  *  *  *  *  35d26fc8-83c1-4e27-9359-289964516449-IGH  *
1838  C    24   5  *  *  *  *  *  0c4427eb-967a-4182-9feb-675d38797932-IGH  *
2062  C   248   5  *  *  *  *  *  2f5866bf-26c9-42db-b259-4298b72751ed-IGH  *
2760  C   946   5  *  *  *  *  *  36cc0302-89ad-494b-ad2f-a2ed42fd456e-IGH  *
2714  C   900   5  *  *  *  *  *  0b0bf8f5-a65a-4d7e-a4a8-531ae8fe3e4e-IGH  *
2779  C   965   5  *  *  *  *  *  559da2d8-ee75-496f-9637-ada46d8251a8-IGH  *
2215  C   401   5  *  *  *  *  *  3a964008-892b-4042-82e4-029042c48ccc-IGH  *
2357  C   543   5  *  *  *  *  *  007473f6-9e20-4cfc-aa25-5936d8cc4b09-IGH  *
2185  C   371   5  *  *  *  *  *  127b1161-872d-45bd-9052-fb6dc173a378-IGH  *
2226  C   412   4  *  *  *  *  *  48d5c22c-d209-470a-9adb-0d87de0764f5-IGH  *
2709  C   895   4  *  *  *  *  *  076ee967-7fdf-4962-8204-aca1b3ef5511-IGH  *
2562  C   748   4  *  *  *  *  *  28bd1421-01e2-4f78-aada-3733495226f8-IGH  *
2567  C   753   4  *  *  *  *  *  2ec2a1c3-6a8f-4fec-8996-75cbf715f3f8-IGH  *
2436  C   622   4  *  *  *  *  *  6b44da30-0a0d-4b57-9f77-d9dec5a042b6-IGH  *
2725  C   911   4  *  *  *  *  *  169dfa0f-7ca1-4d55-8079-1bb8011ed20d-IGH  *
2718  C   904   4  *  *  *  *  *  0e52e9b0-dd87-4717-a751-b3d05a390ca2-IGH  *
2773  C   959   4  *  *  *  *  *  4aeb06c1-122c-4e05-b3bc-e91af4cb484a-IGH  *
3060  C  1246   4  *  *  *  *  *  63748918-7b12-4444-9228-ce426457380b-IGH  *
Clusters Ordened By clusters lenght: 
     0   1  2  3  4  5  6  7                                         8  9
226  C  88  5  *  *  *  *  *  66f233e6-c7a4-491f-879e-cd5787fc560d-IGH  *
225  C  87  4  *  *  *  *  *  64bbf05f-1ccd-4a2c-a5e3-305a34c488c1-IGH  *
Clusters Ordened By clusters lenght: 
Empty DataFrame
Columns: [0, 1, 2, 3, 4, 5, 6, 7, 8, 9]
Index: []
Clusters Ordened By clusters lenght: 
Empty DataFrame
Columns: [0, 1, 2, 3, 4, 5, 6, 7, 8, 9]
Index: []
Clusters Ordened By clusters lenght: 
    0  1  2  3  4  5  6  7                                         8  9
22  C  1  5  *  *  *  *  *  1bad887b-aebe-40e2-8fc0-d713c93b0cd0-IGH  *
Clusters Ordened By clusters lenght: 
Empty DataFrame
Columns: [0, 1, 2, 3, 4, 5, 6, 7, 8, 9]
Index: []
Clusters Ordened By clusters lenght: 
    0   1  2  3  4  5  6  7                                         8  9
51  C   5  8  *  *  *  *  *  05266470-7093-41ef-a7b5-eb58c4d01163-IGH  *
72  C  26  5  *  *  *  *  *  000682d5-e9b0-42fb-bc4a-0d6be9ea80f5-IGH  *
Clusters Ordened By clusters lenght: 
      0    1   2  3  4  5  6  7                                         8  9
1323  C  425  32  *  *  *  *  *  01fb9b57-0a23-4647-ad2c-42d710d8cefe-IGH  *
1339  C  441   7  *  *  *  *  *  277a3cc8-0238-42b4-aaea-57ab20782be8-IGH  *
1179  C  281   5  *  *  *  *  *  393617f7-7540-4350-9610-9c1dd71e697f-IGH  *
998   C  100   4  *  *  *  *  *  2dadd6a5-0a04-4b61-8dff-90d4097ee3d7-IGH  *
1390  C  492   4  *  *  *  *  *  a1ec440d-36b2-4a55-81f0-bb65ca42eb54-IGH  *
Clusters Ordened By clusters lenght: 
Empty DataFrame
Columns: [0, 1, 2, 3, 4, 5, 6, 7, 8, 9]
Index: []
Clusters Ordened By clusters lenght: 
Empty DataFrame
Columns: [0, 1, 2, 3, 4, 5, 6, 7, 8, 9]
Index: []
Clusters Ordened By clusters lenght: 
Empty DataFrame
Columns: [0, 1, 2, 3, 4, 5, 6, 7, 8, 9]
Index: []
Clusters Ordened By clusters lenght: 
    0   1  2  3  4  5  6  7                                         8  9
56  C  14  6  *  *  *  *  *  02912bf9-6966-451f-a6e7-ccec13cd45d4-IGH  *
Clusters Ordened By clusters lenght: 
Empty DataFrame
Columns: [0, 1, 2, 3, 4, 5, 6, 7, 8, 9]
Index: []
Clusters Ordened By clusters lenght: 
     0    1  2  3  4  5  6  7                                         8  9
298  C  109  8  *  *  *  *  *  0274d1cd-71fc-47f6-84c6-2f8141a2cc7c-IGH  *
308  C  119  8  *  *  *  *  *  38979300-f92a-47df-b248-c766dcfd602e-IGH  *
Clusters Ordened By clusters lenght: 
    0   1   2  3  4  5  6  7                                         8  9
47  C  11  10  *  *  *  *  *  a8f5c547-2365-43f2-9383-a19eca4851f6-IGH  *
36  C   0   4  *  *  *  *  *  0370f757-ec42-41a3-a757-93ba5bb6dc5a-IGH  *
Clusters Ordened By clusters lenght: 
Empty DataFrame
Columns: [0, 1, 2, 3, 4, 5, 6, 7, 8, 9]
Index: []
Clusters Ordened By clusters lenght: 
      0    1    2  3  4  5  6  7                                         8  9
1176  C  197  328  *  *  *  *  *  007f491e-71b4-4f92-a146-85059dacea06-IGH  *
993   C   14   15  *  *  *  *  *  1490d64b-3712-4c20-84fb-2bcbec14530e-IGH  *
1230  C  251   13  *  *  *  *  *  8c0cd55f-0308-43ca-b5fd-ea6492685d70-IGH  *
1197  C  218   13  *  *  *  *  *  3ce8ceed-cf2d-4d53-ab3c-15bc7d6a488e-IGH  *
1273  C  294   11  *  *  *  *  *  36839451-1553-42e0-802e-13d20039b6cf-IGH  *
1226  C  247   10  *  *  *  *  *  7d8024af-b81a-48ec-888f-0645eca669a8-IGH  *
1049  C   70    9  *  *  *  *  *  06f6fa89-e21a-47c1-9b11-1615bbddb827-IGH  *
994   C   15    6  *  *  *  *  *  174a413a-8940-4076-ba41-a6b10448ba6a-IGH  *
1194  C  215    6  *  *  *  *  *  2e7ca735-258e-4e7e-8b55-46094f0a8ea4-IGH  *
1213  C  234    5  *  *  *  *  *  6421e5ac-e974-4b01-8422-5bbc29744ec3-IGH  *
1385  C  406    5  *  *  *  *  *  9cae6666-93c2-4cb2-bf6a-8504767dd2ec-IGH  *
1258  C  279    5  *  *  *  *  *  06e42327-8db7-4c36-8843-4edffc63ede1-IGH  *
1182  C  203    4  *  *  *  *  *  10ea3ac5-038a-4010-ba80-9a66c53b4d20-IGH  *
1179  C  200    4  *  *  *  *  *  044c53f2-7879-4e45-9540-d5de9fb139ef-IGH  *
1065  C   86    4  *  *  *  *  *  3f914e66-38a1-4e83-b832-779397e4c923-IGH  *
1286  C  307    4  *  *  *  *  *  6ede1314-c7ce-46dd-af11-62cc601c8ee8-IGH  *
Clusters Ordened By clusters lenght: 
Empty DataFrame
Columns: [0, 1, 2, 3, 4, 5, 6, 7, 8, 9]
Index: []
Clusters Ordened By clusters lenght: 
Empty DataFrame
Columns: [0, 1, 2, 3, 4, 5, 6, 7, 8, 9]
Index: []
Clusters Ordened By clusters lenght: 
Empty DataFrame
Columns: [0, 1, 2, 3, 4, 5, 6, 7, 8, 9]
Index: []
Clusters Ordened By clusters lenght: 
Empty DataFrame
Columns: [0, 1, 2, 3, 4, 5, 6, 7, 8, 9]
Index: []
Clusters Ordened By clusters lenght: 
     0    1   2  3  4  5  6  7                                         8  9
276  C   22  24  *  *  *  *  *  028bbd33-11ec-4488-b83a-bb50364d2ce4-IGH  *
255  C    1  14  *  *  *  *  *  03e0fbcc-93b3-425f-a465-03ee873d9148-IGH  *
285  C   31  13  *  *  *  *  *  7ae0ab2a-9e9b-471f-9da9-f051ba2d0776-IGH  *
387  C  133   9  *  *  *  *  *  178c7dfd-6c4e-4c1f-a5d1-698da6bef6bf-IGH  *
267  C   13   8  *  *  *  *  *  0382582d-e84a-4690-95c9-28c6139d3c95-IGH  *
322  C   68   5  *  *  *  *  *  41ef159e-38e8-4ba8-af1b-7fa0819dfa00-IGH  *
385  C  131   5  *  *  *  *  *  013c6f40-ca42-496d-8e2c-4c55bf8285ba-IGH  *
256  C    2   4  *  *  *  *  *  08b8c856-094b-468c-a1b1-5cd422f75c5d-IGH  *
366  C  112   4  *  *  *  *  *  585a20f7-0d25-47ec-a334-e5a8518dbbfb-IGH  *
359  C  105   4  *  *  *  *  *  0faf2cfe-3a16-48fd-a77e-2783393f9335-IGH  *
Clusters Ordened By clusters lenght: 
Empty DataFrame
Columns: [0, 1, 2, 3, 4, 5, 6, 7, 8, 9]
Index: []
Clusters Ordened By clusters lenght: 
      0    1   2  3  4  5  6  7                                         8  9
1590  C  496  72  *  *  *  *  *  02b59c0a-46b5-428b-af1e-66b12efa5f03-IGH  *
1301  C  207  12  *  *  *  *  *  18e02af2-9080-4086-977b-1899c32ed625-IGH  *
1692  C  598  12  *  *  *  *  *  0fbd3c14-d9cc-4e37-97ca-6d36773b0fea-IGH  *
1378  C  284  11  *  *  *  *  *  008a9ad4-1664-4b42-aa0e-6b3f2f2d541c-IGH  *
1700  C  606   9  *  *  *  *  *  220ff1de-e8f8-4eba-80ec-44a06d326a62-IGH  *
1595  C  501   9  *  *  *  *  *  14269fd9-b972-4af9-9b6e-3556e8422515-IGH  *
1683  C  589   8  *  *  *  *  *  004d18b1-b63d-4182-a2ba-56571b2ac57c-IGH  *
1614  C  520   7  *  *  *  *  *  4920e2bd-c8b1-4a91-a990-4bd3baaee353-IGH  *
1684  C  590   6  *  *  *  *  *  0250d91d-c0ba-43a8-9334-c9d21634817c-IGH  *
1295  C  201   5  *  *  *  *  *  125bb97c-5eb6-460a-b1df-1b40117e5822-IGH  *
1300  C  206   5  *  *  *  *  *  174a413a-8940-4076-ba41-a6b10448ba6a-IGH  *
1689  C  595   5  *  *  *  *  *  08c49bac-5730-4f08-8673-02220b83d703-IGH  *
1903  C  809   5  *  *  *  *  *  2369f3e8-ee4e-4638-965e-7fb84205df7d-IGH  *
1699  C  605   5  *  *  *  *  *  1da87bc2-b4af-430c-bb46-446fe796ebc8-IGH  *
1227  C  133   4  *  *  *  *  *  53f1f6ad-264d-4778-ab54-af9b5c8289ac-IGH  *
1687  C  593   4  *  *  *  *  *  036b7917-d80b-4e31-867c-3b8176fd4bc8-IGH  *
1834  C  740   4  *  *  *  *  *  b29409a3-ad20-4cc6-9ae8-99f13cde06a0-IGH  *
1859  C  765   4  *  *  *  *  *  1b2899b3-baee-4da3-b162-aa08a1e035a2-IGH  *
1907  C  813   4  *  *  *  *  *  3e60403d-8e65-4a48-8c15-de41923ae2df-IGH  *
Clusters Ordened By clusters lenght: 
Empty DataFrame
Columns: [0, 1, 2, 3, 4, 5, 6, 7, 8, 9]
Index: []
Clusters Ordened By clusters lenght: 
Empty DataFrame
Columns: [0, 1, 2, 3, 4, 5, 6, 7, 8, 9]
Index: []
Clusters Ordened By clusters lenght: 
Empty DataFrame
Columns: [0, 1, 2, 3, 4, 5, 6, 7, 8, 9]
Index: []
Clusters Ordened By clusters lenght: 
Empty DataFrame
Columns: [0, 1, 2, 3, 4, 5, 6, 7, 8, 9]
Index: []
Clusters Ordened By clusters lenght: 
Empty DataFrame
Columns: [0, 1, 2, 3, 4, 5, 6, 7, 8, 9]
Index: []
Clusters Ordened By clusters lenght: 
   0  1  2  3  4  5  6  7                                         8  9
7  C  0  6  *  *  *  *  *  1b7792d0-a8c7-4a08-ac22-db4e142dcccc-IGH  *
Clusters Ordened By clusters lenght: 
    0  1  2  3  4  5  6  7                                         8  9
25  C  0  5  *  *  *  *  *  0091df42-16a2-4aea-94ad-2ed7ad78d135-IGH  *
Clusters Ordened By clusters lenght: 
   0  1  2  3  4  5  6  7                                         8  9
8  C  1  4  *  *  *  *  *  4fbe779b-94a8-4186-a8e0-ea269cb839a2-IGH  *
Clusters Ordened By clusters lenght: 
     0   1  2  3  4  5  6  7                                         8  9
114  C  20  8  *  *  *  *  *  4e5c39e0-1fdf-4bfb-9c1e-66be54c9368a-IGH  *
111  C  17  4  *  *  *  *  *  2aa1950d-42df-400d-9251-4a4bb2d1232e-IGH  *
Clusters Ordened By clusters lenght: 
     0    1  2  3  4  5  6  7                                         8  9
790  C  221  9  *  *  *  *  *  099c015c-cdd4-4e32-964f-c3a2ee60a803-IGH  *
664  C   95  9  *  *  *  *  *  100f996e-60c4-416e-a44b-e0ed2d455a18-IGH  *
663  C   94  9  *  *  *  *  *  052a8fd3-bc22-4330-9edc-1f789c9c2672-IGH  *
944  C  375  8  *  *  *  *  *  166ecb97-d5e1-4e88-ac5b-b4052fca4fbe-IGH  *
613  C   44  7  *  *  *  *  *  0c0d97fa-c143-4308-8458-8ea576da0b0b-IGH  *
572  C    3  6  *  *  *  *  *  08fcc2fa-70b7-4e5f-acb3-0c2cdb5bac3f-IGH  *
905  C  336  6  *  *  *  *  *  37a7fa75-8df2-4db2-b2fb-26844c28a13f-IGH  *
739  C  170  6  *  *  *  *  *  0b2ca781-ba38-42de-833c-d0cb25e38f35-IGH  *
858  C  289  5  *  *  *  *  *  26d6e2e6-fc40-448b-8af0-0ae1e39e99b0-IGH  *
647  C   78  4  *  *  *  *  *  92062973-b23c-4f58-95ba-5209c97bf948-IGH  *
618  C   49  4  *  *  *  *  *  202d0391-55f3-4a1b-88fd-ea1ad35d3fb9-IGH  *
576  C    7  4  *  *  *  *  *  1c599f23-ba46-49ae-8c6c-e4decf924c73-IGH  *
639  C   70  4  *  *  *  *  *  6c7f50c5-0881-474b-84ac-fbc73817c60e-IGH  *
620  C   51  4  *  *  *  *  *  21ce097e-4a9b-4920-9b65-a4dca33e01db-IGH  *
668  C   99  4  *  *  *  *  *  13469d40-91a5-4c79-99cd-ed3f2f894a36-IGH  *
Clusters Ordened By clusters lenght: 
Empty DataFrame
Columns: [0, 1, 2, 3, 4, 5, 6, 7, 8, 9]
Index: []
Clusters Ordened By clusters lenght: 
Empty DataFrame
Columns: [0, 1, 2, 3, 4, 5, 6, 7, 8, 9]
Index: []
Clusters Ordened By clusters lenght: 
    0  1  2  3  4  5  6  7                                         8  9
57  C  0  4  *  *  *  *  *  14336b0c-3eda-4ef4-ab15-e9477716a100-IGH  *
Clusters Ordened By clusters lenght: 
Empty DataFrame
Columns: [0, 1, 2, 3, 4, 5, 6, 7, 8, 9]
Index: []
Clusters Ordened By clusters lenght: 
Empty DataFrame
Columns: [0, 1, 2, 3, 4, 5, 6, 7, 8, 9]
Index: []
Clusters Ordened By clusters lenght: 
Empty DataFrame
Columns: [0, 1, 2, 3, 4, 5, 6, 7, 8, 9]
Index: []
Clusters Ordened By clusters lenght: 
Empty DataFrame
Columns: [0, 1, 2, 3, 4, 5, 6, 7, 8, 9]
Index: []
Clusters Ordened By clusters lenght: 
Empty DataFrame
Columns: [0, 1, 2, 3, 4, 5, 6, 7, 8, 9]
Index: []
Clusters Ordened By clusters lenght: 
Empty DataFrame
Columns: [0, 1, 2, 3, 4, 5, 6, 7, 8, 9]
Index: []
Clusters Ordened By clusters lenght: 
Empty DataFrame
Columns: [0, 1, 2, 3, 4, 5, 6, 7, 8, 9]
Index: []
Clusters Ordened By clusters lenght: 
    0  1  2  3  4  5  6  7                                         8  9
30  C  1  4  *  *  *  *  *  07d2df09-b213-43b4-a814-84c6b7220362-IGH  *
31  C  2  4  *  *  *  *  *  aab381c7-a584-4714-ba4f-07c856863de4-IGH  *
Clusters Ordened By clusters lenght: 
Empty DataFrame
Columns: [0, 1, 2, 3, 4, 5, 6, 7, 8, 9]
Index: []
Clusters Ordened By clusters lenght: 
Empty DataFrame
Columns: [0, 1, 2, 3, 4, 5, 6, 7, 8, 9]
Index: []
Clusters Ordened By clusters lenght: 
Empty DataFrame
Columns: [0, 1, 2, 3, 4, 5, 6, 7, 8, 9]
Index: []
Clusters Ordened By clusters lenght: 
Empty DataFrame
Columns: [0, 1, 2, 3, 4, 5, 6, 7, 8, 9]
Index: []
Clusters Ordened By clusters lenght: 
Empty DataFrame
Columns: [0, 1, 2, 3, 4, 5, 6, 7, 8, 9]
Index: []
Clusters Ordened By clusters lenght: 
Empty DataFrame
Columns: [0, 1, 2, 3, 4, 5, 6, 7, 8, 9]
Index: []
Clusters Ordened By clusters lenght: 
Empty DataFrame
Columns: [0, 1, 2, 3, 4, 5, 6, 7, 8, 9]
Index: []
Clusters Ordened By clusters lenght: 
     0    1   2  3  4  5  6  7                                         8  9
375  C  124  11  *  *  *  *  *  18d2b47d-ce73-494f-9677-3ce913251dca-IGH  *
269  C   18   5  *  *  *  *  *  266913c1-3bc1-44a8-96e9-3ad371d3b51d-IGH  *
312  C   61   5  *  *  *  *  *  4d702acb-df3c-4fbd-93c5-0de6f1ae8430-IGH  *
411  C  160   5  *  *  *  *  *  47eee2cc-a3d4-4b00-bc9a-82a2c7ce56d2-IGH  *
414  C  163   5  *  *  *  *  *  5f692e4e-0d90-4395-9614-f5852cdf133c-IGH  *
Clusters Ordened By clusters lenght: 
Empty DataFrame
Columns: [0, 1, 2, 3, 4, 5, 6, 7, 8, 9]
Index: []
Clusters Ordened By clusters lenght: 
Empty DataFrame
Columns: [0, 1, 2, 3, 4, 5, 6, 7, 8, 9]
Index: []
Clusters Ordened By clusters lenght: 
Empty DataFrame
Columns: [0, 1, 2, 3, 4, 5, 6, 7, 8, 9]
Index: []
Clusters Ordened By clusters lenght: 
Empty DataFrame
Columns: [0, 1, 2, 3, 4, 5, 6, 7, 8, 9]
Index: []
Clusters Ordened By clusters lenght: 
Empty DataFrame
Columns: [0, 1, 2, 3, 4, 5, 6, 7, 8, 9]
Index: []
Clusters Ordened By clusters lenght: 
      0     1   2  3  4  5  6  7                                         8  9
4342  C  1152  29  *  *  *  *  *  1c2497f5-1319-4c8d-a261-789206ea62f2-IGH  *
4929  C  1739  24  *  *  *  *  *  21eb70da-753a-4c5c-a03a-e013007f7a37-IGH  *
5289  C  2099  21  *  *  *  *  *  013c6f40-ca42-496d-8e2c-4c55bf8285ba-IGH  *
3521  C   331  20  *  *  *  *  *  0e4491bc-8cf2-4fca-9196-20ee869128e8-IGH  *
3220  C    30  19  *  *  *  *  *  03e0fbcc-93b3-425f-a465-03ee873d9148-IGH  *
...  ..   ...  .. .. .. .. .. ..                                       ... ..
4997  C  1807   4  *  *  *  *  *  68e98ddd-d391-4bcb-940a-f872335d087f-IGH  *
5192  C  2002   4  *  *  *  *  *  4e341abe-89c2-4782-b888-3618331e611a-IGH  *
5191  C  2001   4  *  *  *  *  *  4a6928c0-cb88-42f5-b913-e2ec6a56b3b9-IGH  *
5183  C  1993   4  *  *  *  *  *  3fff8146-99fc-47b3-8f74-fd6f970d72f8-IGH  *
5309  C  2119   4  *  *  *  *  *  2b01ae4b-f1c2-44d0-940c-56747bf1982c-IGH  *

[72 rows x 10 columns]
Clusters Ordened By clusters lenght: 
Empty DataFrame
Columns: [0, 1, 2, 3, 4, 5, 6, 7, 8, 9]
Index: []
Clusters Ordened By clusters lenght: 
Empty DataFrame
Columns: [0, 1, 2, 3, 4, 5, 6, 7, 8, 9]
Index: []
Clusters Ordened By clusters lenght: 
Empty DataFrame
Columns: [0, 1, 2, 3, 4, 5, 6, 7, 8, 9]
Index: []
Clusters Ordened By clusters lenght: 
Empty DataFrame
Columns: [0, 1, 2, 3, 4, 5, 6, 7, 8, 9]
Index: []
Clusters Ordened By clusters lenght: 
     0   1  2  3  4  5  6  7                                         8  9
123  C  42  4  *  *  *  *  *  0d9beebd-e2bb-44fe-90bc-3f35c45338ec-IGH  *
143  C  62  4  *  *  *  *  *  09c40d16-98e2-483a-90d4-e70f95e25a4a-IGH  *
Clusters Ordened By clusters lenght: 
Empty DataFrame
Columns: [0, 1, 2, 3, 4, 5, 6, 7, 8, 9]
Index: []
Clusters Ordened By clusters lenght: 
   0  1  2  3  4  5  6  7                                         8  9
6  C  0  4  *  *  *  *  *  6658cd3f-5807-433a-acb3-74e296564d7b-IGH  *
Clusters Ordened By clusters lenght: 
     0    1   2  3  4  5  6  7                                         8  9
346  C  121  22  *  *  *  *  *  008fd980-0ba0-4c18-a302-1e3d3d78e012-IGH  *
351  C  126   4  *  *  *  *  *  3cac18fb-35ae-47b1-b230-6615a1fc16b4-IGH  *
399  C  174   4  *  *  *  *  *  156c9560-1267-43a5-856e-f9b54939888b-IGH  *
Clusters Ordened By clusters lenght: 
Empty DataFrame
Columns: [0, 1, 2, 3, 4, 5, 6, 7, 8, 9]
Index: []
Clusters Ordened By clusters lenght: 
    0  1  2  3  4  5  6  7                                         8  9
15  C  0  5  *  *  *  *  *  14087785-d347-4fdc-b8cc-49789579d4cb-IGH  *
Clusters Ordened By clusters lenght: 
    0  1   2  3  4  5  6  7                                         8  9
18  C  2  10  *  *  *  *  *  c2f66774-9682-4f3e-a8f0-e1371b69f4d7-IGH  *
Clusters Ordened By clusters lenght: 
Empty DataFrame
Columns: [0, 1, 2, 3, 4, 5, 6, 7, 8, 9]
Index: []
Clusters Ordened By clusters lenght: 
Empty DataFrame
Columns: [0, 1, 2, 3, 4, 5, 6, 7, 8, 9]
Index: []
Clusters Ordened By clusters lenght: 
Empty DataFrame
Columns: [0, 1, 2, 3, 4, 5, 6, 7, 8, 9]
Index: []
Clusters Ordened By clusters lenght: 
Empty DataFrame
Columns: [0, 1, 2, 3, 4, 5, 6, 7, 8, 9]
Index: []
Clusters Ordened By clusters lenght: 
Empty DataFrame
Columns: [0, 1, 2, 3, 4, 5, 6, 7, 8, 9]
Index: []
Clusters Ordened By clusters lenght: 
Empty DataFrame
Columns: [0, 1, 2, 3, 4, 5, 6, 7, 8, 9]
Index: []
Clusters Ordened By clusters lenght: 
Empty DataFrame
Columns: [0, 1, 2, 3, 4, 5, 6, 7, 8, 9]
Index: []
Clusters Ordened By clusters lenght: 
   0  1  2  3  4  5  6  7                                         8  9
8  C  0  4  *  *  *  *  *  4b9569cb-2120-4fed-a7a2-ccfdd58babe2-IGH  *
Clusters Ordened By clusters lenght: 
      0     1    2  3  4  5  6  7                                         8  9
6800  C  2022  114  *  *  *  *  *  01bc11d8-a1c9-49b5-aa93-4fbf56b84e63-IGH  *
6799  C  2021   73  *  *  *  *  *  018971e9-72fc-424d-8b4d-14e15be4cfc4-IGH  *
5570  C   792   53  *  *  *  *  *  03d38d30-286c-4de1-9f04-cba64f3cf17c-IGH  *
6824  C  2046   47  *  *  *  *  *  0e1989fb-6848-43a1-bc80-c49666538c4e-IGH  *
6852  C  2074   30  *  *  *  *  *  16159544-7190-4757-9d94-976edee1f6c0-IGH  *
...  ..   ...  ... .. .. .. .. ..                                       ... ..
7528  C  2750    4  *  *  *  *  *  00dc5db3-f952-49e4-b4da-97b6c46a94ae-IGH  *
7451  C  2673    4  *  *  *  *  *  b054937b-69e3-4a88-9682-f9d0d10edf28-IGH  *
7546  C  2768    4  *  *  *  *  *  120b3f5b-3023-4318-b210-d69e0c792532-IGH  *
7536  C  2758    4  *  *  *  *  *  0a744192-fc65-499a-a146-8d2e57623acf-IGH  *
7754  C  2976    4  *  *  *  *  *  1e9ce0f9-6f63-44fc-85c8-af9342854290-IGH  *

[113 rows x 10 columns]
Clusters Ordened By clusters lenght: 
Empty DataFrame
Columns: [0, 1, 2, 3, 4, 5, 6, 7, 8, 9]
Index: []
Clusters Ordened By clusters lenght: 
Empty DataFrame
Columns: [0, 1, 2, 3, 4, 5, 6, 7, 8, 9]
Index: []
Clusters Ordened By clusters lenght: 
Empty DataFrame
Columns: [0, 1, 2, 3, 4, 5, 6, 7, 8, 9]
Index: []
Clusters Ordened By clusters lenght: 
Empty DataFrame
Columns: [0, 1, 2, 3, 4, 5, 6, 7, 8, 9]
Index: []
Clusters Ordened By clusters lenght: 
    0  1  2  3  4  5  6  7                                         8  9
10  C  1  4  *  *  *  *  *  0a249063-a80d-4db9-b7ac-c9fb62be4e5a-IGH  *
Clusters Ordened By clusters lenght: 
Empty DataFrame
Columns: [0, 1, 2, 3, 4, 5, 6, 7, 8, 9]
Index: []
Clusters Ordened By clusters lenght: 
    0  1  2  3  4  5  6  7                                         8  9
44  C  7  4  *  *  *  *  *  15debdad-599d-4ff0-96f5-3a967ae0b147-IGH  *
Clusters Ordened By clusters lenght: 
   0  1  2  3  4  5  6  7                                         8  9
7  C  1  5  *  *  *  *  *  38fcc957-b9b4-41c4-9504-26b1707f22ae-IGH  *
Clusters Ordened By clusters lenght: 
Empty DataFrame
Columns: [0, 1, 2, 3, 4, 5, 6, 7, 8, 9]
Index: []
Clusters Ordened By clusters lenght: 
Empty DataFrame
Columns: [0, 1, 2, 3, 4, 5, 6, 7, 8, 9]
Index: []
Clusters Ordened By clusters lenght: 
Empty DataFrame
Columns: [0, 1, 2, 3, 4, 5, 6, 7, 8, 9]
Index: []
Clusters Ordened By clusters lenght: 
Empty DataFrame
Columns: [0, 1, 2, 3, 4, 5, 6, 7, 8, 9]
Index: []
Clusters Ordened By clusters lenght: 
Empty DataFrame
Columns: [0, 1, 2, 3, 4, 5, 6, 7, 8, 9]
Index: []
Clusters Ordened By clusters lenght: 
Empty DataFrame
Columns: [0, 1, 2, 3, 4, 5, 6, 7, 8, 9]
Index: []
Clusters Ordened By clusters lenght: 
Empty DataFrame
Columns: [0, 1, 2, 3, 4, 5, 6, 7, 8, 9]
Index: []
Clusters Ordened By clusters lenght: 
Empty DataFrame
Columns: [0, 1, 2, 3, 4, 5, 6, 7, 8, 9]
Index: []
Clusters Ordened By clusters lenght: 
Empty DataFrame
Columns: [0, 1, 2, 3, 4, 5, 6, 7, 8, 9]
Index: []
Clusters Ordened By clusters lenght: 
    0  1  2  3  4  5  6  7                                         8  9
12  C  4  4  *  *  *  *  *  130b3838-117e-48cc-b07c-ed22dfbd8f52-IGH  *
Clusters Ordened By clusters lenght: 
Empty DataFrame
Columns: [0, 1, 2, 3, 4, 5, 6, 7, 8, 9]
Index: []
Clusters Ordened By clusters lenght: 
Empty DataFrame
Columns: [0, 1, 2, 3, 4, 5, 6, 7, 8, 9]
Index: []
Clusters Ordened By clusters lenght: 
    0  1   2  3  4  5  6  7                                         8  9
18  C  0  17  *  *  *  *  *  0855ec6f-bbe4-4e8c-a6ba-cc9b3227333d-IGH  *
Clusters Ordened By clusters lenght: 
     0   1  2  3  4  5  6  7                                         8  9
111  C  46  9  *  *  *  *  *  1b49c647-b87b-493d-8286-7461eb5bed16-IGH  *
Clusters Ordened By clusters lenght: 
Empty DataFrame
Columns: [0, 1, 2, 3, 4, 5, 6, 7, 8, 9]
Index: []
Clusters Ordened By clusters lenght: 
     0    1  2  3  4  5  6  7                                         8  9
249  C   23  7  *  *  *  *  *  02f3e2c9-dc5d-48ff-9c36-42447a81020e-IGH  *
365  C  139  7  *  *  *  *  *  1497fdab-7f98-4772-92ab-400706d10c3a-IGH  *
317  C   91  4  *  *  *  *  *  5c416b15-f079-48b6-8e39-8cdfc3eff9a5-IGH  *
Clusters Ordened By clusters lenght: 
Empty DataFrame
Columns: [0, 1, 2, 3, 4, 5, 6, 7, 8, 9]
Index: []
Clusters Ordened By clusters lenght: 
Empty DataFrame
Columns: [0, 1, 2, 3, 4, 5, 6, 7, 8, 9]
Index: []
Clusters Ordened By clusters lenght: 
Empty DataFrame
Columns: [0, 1, 2, 3, 4, 5, 6, 7, 8, 9]
Index: []
Clusters Ordened By clusters lenght: 
     0   1  2  3  4  5  6  7                                         8  9
148  C  30  6  *  *  *  *  *  1c03bbf8-2e97-463d-b197-5e71323c4755-IGH  *
118  C   0  5  *  *  *  *  *  08f31f42-9a0a-4400-bb47-2a4c71a6eea4-IGH  *
138  C  20  5  *  *  *  *  *  700a843c-403c-4afa-85a4-b265e598312f-IGH  *
157  C  39  4  *  *  *  *  *  50ecb28c-41cf-4260-a211-749a90ecd42d-IGH  *
Clusters Ordened By clusters lenght: 
Empty DataFrame
Columns: [0, 1, 2, 3, 4, 5, 6, 7, 8, 9]
Index: []
Clusters Ordened By clusters lenght: 
Empty DataFrame
Columns: [0, 1, 2, 3, 4, 5, 6, 7, 8, 9]
Index: []
Clusters Ordened By clusters lenght: 
Empty DataFrame
Columns: [0, 1, 2, 3, 4, 5, 6, 7, 8, 9]
Index: []
Clusters Ordened By clusters lenght: 
Empty DataFrame
Columns: [0, 1, 2, 3, 4, 5, 6, 7, 8, 9]
Index: []
Clusters Ordened By clusters lenght: 
Empty DataFrame
Columns: [0, 1, 2, 3, 4, 5, 6, 7, 8, 9]
Index: []
Clusters Ordened By clusters lenght: 
Empty DataFrame
Columns: [0, 1, 2, 3, 4, 5, 6, 7, 8, 9]
Index: []
Clusters Ordened By clusters lenght: 
Empty DataFrame
Columns: [0, 1, 2, 3, 4, 5, 6, 7, 8, 9]
Index: []
Clusters Ordened By clusters lenght: 
Empty DataFrame
Columns: [0, 1, 2, 3, 4, 5, 6, 7, 8, 9]
Index: []
Clusters Ordened By clusters lenght: 
     0  1   2  3  4  5  6  7                                         8  9
137  C  3  80  *  *  *  *  *  029b5c0f-d0c8-423d-9d3d-e2f8334fc007-IGH  *
Clusters Ordened By clusters lenght: 
    0   1   2  3  4  5  6  7                                         8  9
51  C  15  12  *  *  *  *  *  0d5fac14-8b6b-4b34-a43a-77af2b95bc27-IGH  *
Clusters Ordened By clusters lenght: 
Empty DataFrame
Columns: [0, 1, 2, 3, 4, 5, 6, 7, 8, 9]
Index: []
Clusters Ordened By clusters lenght: 
Empty DataFrame
Columns: [0, 1, 2, 3, 4, 5, 6, 7, 8, 9]
Index: []
Clusters Ordened By clusters lenght: 
Empty DataFrame
Columns: [0, 1, 2, 3, 4, 5, 6, 7, 8, 9]
Index: []
Clusters Ordened By clusters lenght: 
Empty DataFrame
Columns: [0, 1, 2, 3, 4, 5, 6, 7, 8, 9]
Index: []
Clusters Ordened By clusters lenght: 
    0  1   2  3  4  5  6  7                                         8  9
31  C  4  11  *  *  *  *  *  15a50d1d-459e-44e7-99e5-80e6f9eff864-IGH  *
30  C  3   5  *  *  *  *  *  096ad29a-61b0-449d-8ffc-fe49d3eaec43-IGH  *
Clusters Ordened By clusters lenght: 
Empty DataFrame
Columns: [0, 1, 2, 3, 4, 5, 6, 7, 8, 9]
Index: []
Clusters Ordened By clusters lenght: 
Empty DataFrame
Columns: [0, 1, 2, 3, 4, 5, 6, 7, 8, 9]
Index: []
Clusters Ordened By clusters lenght: 
Empty DataFrame
Columns: [0, 1, 2, 3, 4, 5, 6, 7, 8, 9]
Index: []
Clusters Ordened By clusters lenght: 
Empty DataFrame
Columns: [0, 1, 2, 3, 4, 5, 6, 7, 8, 9]
Index: []
Clusters Ordened By clusters lenght: 
    0  1  2  3  4  5  6  7                                         8  9
13  C  1  6  *  *  *  *  *  8a6abff1-44ae-4f61-b991-f88501d4dbbc-IGH  *
Clusters Ordened By clusters lenght: 
      0    1   2  3  4  5  6  7                                         8  9
1328  C  281  24  *  *  *  *  *  007309cd-f94c-40ef-bfad-ed91c2e015e7-IGH  *
1068  C   21  18  *  *  *  *  *  0c4427eb-967a-4182-9feb-675d38797932-IGH  *
1703  C  656  16  *  *  *  *  *  4989a99e-5efa-42e4-870e-826eabaa507a-IGH  *
1701  C  654  12  *  *  *  *  *  445e1b47-6d13-4c68-b7fd-f0c7a9e8199d-IGH  *
1235  C  188  11  *  *  *  *  *  13c55f79-17c9-478e-88f4-cba899384ad4-IGH  *
1597  C  550  10  *  *  *  *  *  4826bf3b-d8cb-4423-b3b2-c72a9d2e7914-IGH  *
1059  C   12   9  *  *  *  *  *  0124647c-09b9-484f-8641-fa973f956257-IGH  *
1253  C  206   9  *  *  *  *  *  41947cdd-c2f7-4e93-bd42-d6d3e8cc1e6b-IGH  *
1431  C  384   8  *  *  *  *  *  003c64b3-83b3-4110-812e-08dbb58a1598-IGH  *
1692  C  645   8  *  *  *  *  *  19a76f2e-2ed7-4143-9014-62bd399d2eb9-IGH  *
1244  C  197   6  *  *  *  *  *  2aa59fa3-8170-4a7e-8f64-9153aefee4b0-IGH  *
1451  C  404   6  *  *  *  *  *  2c936988-2088-4de7-9140-28ce4e72f6ae-IGH  *
1726  C  679   6  *  *  *  *  *  2878193f-f067-4aeb-b805-d326a55108d5-IGH  *
1150  C  103   6  *  *  *  *  *  1153f00b-4218-4a52-b194-6db2cda2706a-IGH  *
1525  C  478   5  *  *  *  *  *  42efd81d-0789-4bf9-9a4f-9686a31eb3fc-IGH  *
1251  C  204   5  *  *  *  *  *  3a3ee59d-c906-48e2-9ec7-0e41a8eb5015-IGH  *
1351  C  304   5  *  *  *  *  *  2bbd753e-e5a5-4f6c-b4a0-9b110c9ce7bc-IGH  *
1695  C  648   5  *  *  *  *  *  270dcb35-53b6-4a5c-ab43-020e5da65d8f-IGH  *
1599  C  552   5  *  *  *  *  *  4ced1692-74ab-4136-b1eb-1bc6a8ac50f2-IGH  *
1509  C  462   5  *  *  *  *  *  02a898ec-e67d-4508-8911-e40758b470a6-IGH  *
1165  C  118   4  *  *  *  *  *  3be755ad-a0e8-4c2a-9c3f-d815fd86fa6e-IGH  *
1146  C   99   4  *  *  *  *  *  0b91982f-0cd5-4a25-bd9f-c36e1ead6bcc-IGH  *
1142  C   95   4  *  *  *  *  *  0627af78-0388-4c0c-aba2-85b355916973-IGH  *
1243  C  196   4  *  *  *  *  *  2994676e-8356-4976-9c42-64648e59bae8-IGH  *
1078  C   31   4  *  *  *  *  *  27c12d71-008b-4cc9-87e7-af5faab4be2b-IGH  *
1350  C  303   4  *  *  *  *  *  2b78be12-9fba-4255-a4f7-5e891a9e725f-IGH  *
1274  C  227   4  *  *  *  *  *  7bdcb8aa-4142-417f-af10-625bd70bf68d-IGH  *
1433  C  386   4  *  *  *  *  *  0bbb6dd5-7050-43b8-bb41-7ddc06b2b8d8-IGH  *
1613  C  566   4  *  *  *  *  *  99bb951d-e03e-4e91-a6ba-5a440915b079-IGH  *
1646  C  599   4  *  *  *  *  *  28d48b53-e49e-4c7f-83ad-6b2b27de72b6-IGH  *
1651  C  604   4  *  *  *  *  *  3db092f0-7965-408e-9c7f-9269751c35a0-IGH  *
1744  C  697   4  *  *  *  *  *  c10acb7d-a50e-4fb4-a952-1f3e3428ba04-IGH  *
1758  C  711   4  *  *  *  *  *  1654cb92-b276-4fbc-bc0e-d90d01d9a422-IGH  *
Clusters Ordened By clusters lenght: 
Empty DataFrame
Columns: [0, 1, 2, 3, 4, 5, 6, 7, 8, 9]
Index: []
Clusters Ordened By clusters lenght: 
Empty DataFrame
Columns: [0, 1, 2, 3, 4, 5, 6, 7, 8, 9]
Index: []
Clusters Ordened By clusters lenght: 
Empty DataFrame
Columns: [0, 1, 2, 3, 4, 5, 6, 7, 8, 9]
Index: []
Clusters Ordened By clusters lenght: 
Empty DataFrame
Columns: [0, 1, 2, 3, 4, 5, 6, 7, 8, 9]
Index: []
Clusters Ordened By clusters lenght: 
Empty DataFrame
Columns: [0, 1, 2, 3, 4, 5, 6, 7, 8, 9]
Index: []
Clusters Ordened By clusters lenght: 
Empty DataFrame
Columns: [0, 1, 2, 3, 4, 5, 6, 7, 8, 9]
Index: []
Clusters Ordened By clusters lenght: 
Empty DataFrame
Columns: [0, 1, 2, 3, 4, 5, 6, 7, 8, 9]
Index: []
Clusters Ordened By clusters lenght: 
    0  1  2  3  4  5  6  7                                         8  9
11  C  0  4  *  *  *  *  *  32f56617-f158-4125-b24c-62380bd20a5e-IGH  *
Clusters Ordened By clusters lenght: 
Empty DataFrame
Columns: [0, 1, 2, 3, 4, 5, 6, 7, 8, 9]
Index: []
Clusters Ordened By clusters lenght: 
    0  1   2  3  4  5  6  7                                         8  9
45  C  0  12  *  *  *  *  *  07424675-4852-4846-977a-156e2f7df804-IGH  *
Clusters Ordened By clusters lenght: 
Empty DataFrame
Columns: [0, 1, 2, 3, 4, 5, 6, 7, 8, 9]
Index: []
Clusters Ordened By clusters lenght: 
Empty DataFrame
Columns: [0, 1, 2, 3, 4, 5, 6, 7, 8, 9]
Index: []
Clusters Ordened By clusters lenght: 
    0   1  2  3  4  5  6  7                                         8  9
59  C  12  5  *  *  *  *  *  159cf295-4cd2-471d-ae92-d5cdb6a1d785-IGH  *
Clusters Ordened By clusters lenght: 
Empty DataFrame
Columns: [0, 1, 2, 3, 4, 5, 6, 7, 8, 9]
Index: []
Clusters Ordened By clusters lenght: 
   0  1  2  3  4  5  6  7                                         8  9
7  C  0  4  *  *  *  *  *  241f72d9-33ee-41a8-8591-cb1d050421ae-IGH  *
Clusters Ordened By clusters lenght: 
Empty DataFrame
Columns: [0, 1, 2, 3, 4, 5, 6, 7, 8, 9]
Index: []
Clusters Ordened By clusters lenght: 
    0  1  2  3  4  5  6  7                                         8  9
24  C  2  9  *  *  *  *  *  60320723-d393-4bef-81b8-9ce0c24ebcf3-IGH  *
Clusters Ordened By clusters lenght: 
     0  1  2  3  4  5  6  7                                         8  9
147  C  5  4  *  *  *  *  *  0bc05899-a7da-46f4-b91c-ed02bf150339-IGH  *
Clusters Ordened By clusters lenght: 
Empty DataFrame
Columns: [0, 1, 2, 3, 4, 5, 6, 7, 8, 9]
Index: []
Clusters Ordened By clusters lenght: 
   0  1  2  3  4  5  6  7                                         8  9
7  C  0  5  *  *  *  *  *  9ac6c252-6c38-4f8f-853a-c1cbfbcbcae3-IGH  *
Clusters Ordened By clusters lenght: 
Empty DataFrame
Columns: [0, 1, 2, 3, 4, 5, 6, 7, 8, 9]
Index: []
Clusters Ordened By clusters lenght: 
Empty DataFrame
Columns: [0, 1, 2, 3, 4, 5, 6, 7, 8, 9]
Index: []
Clusters Ordened By clusters lenght: 
Empty DataFrame
Columns: [0, 1, 2, 3, 4, 5, 6, 7, 8, 9]
Index: []
Clusters Ordened By clusters lenght: 
    0  1   2  3  4  5  6  7                                         8  9
32  C  0  22  *  *  *  *  *  0bff64b1-be81-45e1-915b-2ae57d005b15-IGH  *
Clusters Ordened By clusters lenght: 
   0  1  2  3  4  5  6  7                                         8  9
6  C  0  4  *  *  *  *  *  20b29b55-a209-4126-9a99-2b536a0f4d2b-IGH  *
Clusters Ordened By clusters lenght: 
Empty DataFrame
Columns: [0, 1, 2, 3, 4, 5, 6, 7, 8, 9]
Index: []
Clusters Ordened By clusters lenght: 
Empty DataFrame
Columns: [0, 1, 2, 3, 4, 5, 6, 7, 8, 9]
Index: []
Clusters Ordened By clusters lenght: 
Empty DataFrame
Columns: [0, 1, 2, 3, 4, 5, 6, 7, 8, 9]
Index: []
Clusters Ordened By clusters lenght: 
Empty DataFrame
Columns: [0, 1, 2, 3, 4, 5, 6, 7, 8, 9]
Index: []
Clusters Ordened By clusters lenght: 
Empty DataFrame
Columns: [0, 1, 2, 3, 4, 5, 6, 7, 8, 9]
Index: []
Clusters Ordened By clusters lenght: 
Empty DataFrame
Columns: [0, 1, 2, 3, 4, 5, 6, 7, 8, 9]
Index: []
Clusters Ordened By clusters lenght: 
    0  1  2  3  4  5  6  7                                         8  9
21  C  3  6  *  *  *  *  *  03bb8459-121d-4816-9158-6d295eb3438a-IGH  *
24  C  6  5  *  *  *  *  *  915e8914-0ccd-473d-bfca-5aec531dbc3a-IGH  *
Clusters Ordened By clusters lenght: 
Empty DataFrame
Columns: [0, 1, 2, 3, 4, 5, 6, 7, 8, 9]
Index: []
Clusters Ordened By clusters lenght: 
Empty DataFrame
Columns: [0, 1, 2, 3, 4, 5, 6, 7, 8, 9]
Index: []
Clusters Ordened By clusters lenght: 
Empty DataFrame
Columns: [0, 1, 2, 3, 4, 5, 6, 7, 8, 9]
Index: []
Clusters Ordened By clusters lenght: 
   0  1  2  3  4  5  6  7                                         8  9
7  C  1  4  *  *  *  *  *  1d72ff25-2da4-4aee-b38b-20f1ddda99a6-IGH  *
Clusters Ordened By clusters lenght: 
Empty DataFrame
Columns: [0, 1, 2, 3, 4, 5, 6, 7, 8, 9]
Index: []
Clusters Ordened By clusters lenght: 
     0    1   2  3  4  5  6  7                                         8  9
268  C   89  12  *  *  *  *  *  28f9aac9-0e7c-4422-b7b2-5b9ebd7c7d25-IGH  *
263  C   84   6  *  *  *  *  *  075ef81e-8b07-48b6-a66a-6c5f4d9dce0c-IGH  *
185  C    6   5  *  *  *  *  *  13a045ab-b4a1-48b4-b799-e085bd483c26-IGH  *
311  C  132   5  *  *  *  *  *  510ec612-ed01-4621-9cdb-11f567126689-IGH  *
293  C  114   4  *  *  *  *  *  32d10392-c1e7-4ec8-a06b-a2f38b77042c-IGH  *
Clusters Ordened By clusters lenght: 
    0  1  2  3  4  5  6  7                                         8  9
10  C  0  5  *  *  *  *  *  41829ceb-916b-4c2f-8890-35ea2c0c706c-IGH  *
Clusters Ordened By clusters lenght: 
    0  1  2  3  4  5  6  7                                         8  9
11  C  0  6  *  *  *  *  *  13ae5676-eb9a-4f0c-8c4a-570b14c92b3c-IGH  *
Clusters Ordened By clusters lenght: 
     0    1  2  3  4  5  6  7                                         8  9
364  C  156  5  *  *  *  *  *  61f1a215-afea-4451-859f-1c003e6521cd-IGH  *
Clusters Ordened By clusters lenght: 
    0  1  2  3  4  5  6  7                                         8  9
35  C  8  6  *  *  *  *  *  1387dcfc-3f9a-4836-bc76-8da84bc66a50-IGH  *
Clusters Ordened By clusters lenght: 
     0    1    2  3  4  5  6  7                                         8  9
516  C  116  157  *  *  *  *  *  00fe53b2-4862-4c64-a5d6-11f5353f7476-IGH  *
458  C   58   14  *  *  *  *  *  002c7f68-9dba-4b2d-ac3b-2caa7a78c7c0-IGH  *
524  C  124   10  *  *  *  *  *  2c9b73a3-7b2f-4ec9-a272-060b1abe4d21-IGH  *
519  C  119    4  *  *  *  *  *  18a8b20f-3edc-4fd9-80ed-bba4405b93fc-IGH  *
577  C  177    4  *  *  *  *  *  1883159a-c53d-4cd7-b073-1941153f351c-IGH  *
Clusters Ordened By clusters lenght: 
      0     1    2  3  4  5  6  7                                         8  9
3864  C  1155  147  *  *  *  *  *  025a41be-0f6a-4539-975f-6532df4f0395-IGH  *
3860  C  1151   39  *  *  *  *  *  79c93698-38cf-43d5-8caa-8ab84a0463d2-IGH  *
3934  C  1225   35  *  *  *  *  *  3800ebc0-7fc5-41a5-a9e1-c33290f257bd-IGH  *
3868  C  1159   29  *  *  *  *  *  05209b22-3442-4470-bdb0-027f4230f448-IGH  *
3866  C  1157   24  *  *  *  *  *  038cbd2a-5f53-41ef-8bb1-6e92b7041133-IGH  *
...  ..   ...  ... .. .. .. .. ..                                       ... ..
3952  C  1243    4  *  *  *  *  *  4ea51290-c517-47a2-a6af-cbae04af1ceb-IGH  *
4222  C  1513    4  *  *  *  *  *  9304e7bf-5107-4622-8281-c40e4ec62885-IGH  *
4179  C  1470    4  *  *  *  *  *  560170c8-c8a0-4cd1-8539-3401a5e17eb2-IGH  *
4339  C  1630    4  *  *  *  *  *  59d634cf-edda-40a0-b9a1-a70eb550af6c-IGH  *
4296  C  1587    4  *  *  *  *  *  0798bdbd-90dc-4b68-af06-68301230c191-IGH  *

[73 rows x 10 columns]
Clusters Ordened By clusters lenght: 
Empty DataFrame
Columns: [0, 1, 2, 3, 4, 5, 6, 7, 8, 9]
Index: []
Clusters Ordened By clusters lenght: 
     0  1  2  3  4  5  6  7                                         8  9
124  C  4  7  *  *  *  *  *  7ed024dd-f2c2-4865-8055-d53675461622-IGH  *
125  C  5  4  *  *  *  *  *  853f193f-ab65-4b39-804f-af37adee5bac-IGH  *
Clusters Ordened By clusters lenght: 
Empty DataFrame
Columns: [0, 1, 2, 3, 4, 5, 6, 7, 8, 9]
Index: []
Clusters Ordened By clusters lenght: 
Empty DataFrame
Columns: [0, 1, 2, 3, 4, 5, 6, 7, 8, 9]
Index: []
Clusters Ordened By clusters lenght: 
    0  1  2  3  4  5  6  7                                         8  9
10  C  1  5  *  *  *  *  *  2ce1d871-34bd-427c-96fe-e5a6e0de33d4-IGH  *
Clusters Ordened By clusters lenght: 
    0  1  2  3  4  5  6  7                                         8  9
10  C  1  8  *  *  *  *  *  1e7b7d3c-4e18-487b-ad66-b6aab119c0f2-IGH  *
Clusters Ordened By clusters lenght: 
    0  1  2  3  4  5  6  7                                         8  9
20  C  0  5  *  *  *  *  *  0f4fa88c-05ea-46d7-b994-57c09ea736a0-IGH  *
Clusters Ordened By clusters lenght: 
    0  1  2  3  4  5  6  7                                         8  9
18  C  1  4  *  *  *  *  *  0eb59370-d5ef-4a30-83d7-a798f8ced88d-IGH  *
Clusters Ordened By clusters lenght: 
Empty DataFrame
Columns: [0, 1, 2, 3, 4, 5, 6, 7, 8, 9]
Index: []
Clusters Ordened By clusters lenght: 
Empty DataFrame
Columns: [0, 1, 2, 3, 4, 5, 6, 7, 8, 9]
Index: []
Clusters Ordened By clusters lenght: 
    0  1  2  3  4  5  6  7                                         8  9
14  C  0  7  *  *  *  *  *  09b344dc-c873-49bc-9fbf-aed95e9276f5-IGH  *
Clusters Ordened By clusters lenght: 
     0    1  2  3  4  5  6  7                                         8  9
447  C   85  5  *  *  *  *  *  007309cd-f94c-40ef-bfad-ed91c2e015e7-IGH  *
581  C  219  5  *  *  *  *  *  2754eb33-9dd8-4cb3-bfbb-238c7bcf9958-IGH  *
414  C   52  4  *  *  *  *  *  35f6da54-379b-4c6c-9ce1-d5f7a9441628-IGH  *
451  C   89  4  *  *  *  *  *  123268d4-7039-41cd-8f2f-dc124ec34209-IGH  *
Clusters Ordened By clusters lenght: 
Empty DataFrame
Columns: [0, 1, 2, 3, 4, 5, 6, 7, 8, 9]
Index: []
Clusters Ordened By clusters lenght: 
    0  1  2  3  4  5  6  7                                         8  9
12  C  3  6  *  *  *  *  *  3a5488f8-70ab-443f-955a-56cfbae8b68d-IGH  *
Clusters Ordened By clusters lenght: 
    0  1   2  3  4  5  6  7                                         8  9
40  C  0  39  *  *  *  *  *  042a8e14-e67b-4a5d-bb9e-3ad00c7c9b2c-IGH  *
Clusters Ordened By clusters lenght: 
    0  1  2  3  4  5  6  7                                         8  9
12  C  1  4  *  *  *  *  *  430125a5-1579-41c0-95c9-1d93def37f37-IGH  *
Clusters Ordened By clusters lenght: 
Empty DataFrame
Columns: [0, 1, 2, 3, 4, 5, 6, 7, 8, 9]
Index: []
Clusters Ordened By clusters lenght: 
    0  1   2  3  4  5  6  7                                         8  9
14  C  0  12  *  *  *  *  *  094db87d-a9cf-479a-9a34-c13c9edb0d06-IGH  *
Clusters Ordened By clusters lenght: 
Empty DataFrame
Columns: [0, 1, 2, 3, 4, 5, 6, 7, 8, 9]
Index: []
Clusters Ordened By clusters lenght: 
    0   1  2  3  4  5  6  7                                         8  9
77  C  28  5  *  *  *  *  *  13903715-69a0-468e-b68f-eccaf3df5f11-IGH  *
Clusters Ordened By clusters lenght: 
Empty DataFrame
Columns: [0, 1, 2, 3, 4, 5, 6, 7, 8, 9]
Index: []
Clusters Ordened By clusters lenght: 
Empty DataFrame
Columns: [0, 1, 2, 3, 4, 5, 6, 7, 8, 9]
Index: []
Clusters Ordened By clusters lenght: 
    0  1   2  3  4  5  6  7                                         8  9
67  C  0  57  *  *  *  *  *  0766c8ec-19f8-4bc9-a270-ebaa417e653e-IGH  *
69  C  2   5  *  *  *  *  *  68d30eb0-98ae-4a98-aba9-f33c1c291034-IGH  *
Clusters Ordened By clusters lenght: 
Empty DataFrame
Columns: [0, 1, 2, 3, 4, 5, 6, 7, 8, 9]
Index: []
Clusters Ordened By clusters lenght: 
Empty DataFrame
Columns: [0, 1, 2, 3, 4, 5, 6, 7, 8, 9]
Index: []
Clusters Ordened By clusters lenght: 
    0  1  2  3  4  5  6  7                                         8  9
28  C  1  8  *  *  *  *  *  2f8b3291-b517-4d59-abf4-6832888155d5-IGH  *
31  C  4  6  *  *  *  *  *  53b78555-d50e-4299-8546-64976385ea32-IGH  *
Clusters Ordened By clusters lenght: 
Empty DataFrame
Columns: [0, 1, 2, 3, 4, 5, 6, 7, 8, 9]
Index: []
Clusters Ordened By clusters lenght: 
     0    1  2  3  4  5  6  7                                         8  9
342  C  143  4  *  *  *  *  *  03a4ed72-71ab-4925-a876-024d068d4d65-IGH  *
Clusters Ordened By clusters lenght: 
Empty DataFrame
Columns: [0, 1, 2, 3, 4, 5, 6, 7, 8, 9]
Index: []
Clusters Ordened By clusters lenght: 
Empty DataFrame
Columns: [0, 1, 2, 3, 4, 5, 6, 7, 8, 9]
Index: []
Clusters Ordened By clusters lenght: 
   0  1  2  3  4  5  6  7                                         8  9
6  C  0  4  *  *  *  *  *  45dfe243-dc53-41e5-a9c8-d97cde8cea5d-IGH  *
Clusters Ordened By clusters lenght: 
Empty DataFrame
Columns: [0, 1, 2, 3, 4, 5, 6, 7, 8, 9]
Index: []
Clusters Ordened By clusters lenght: 
    0  1   2  3  4  5  6  7                                         8  9
35  C  0  11  *  *  *  *  *  309de749-1ed7-4e84-b20a-ccb1522a1e04-IGH  *
Clusters Ordened By clusters lenght: 
Empty DataFrame
Columns: [0, 1, 2, 3, 4, 5, 6, 7, 8, 9]
Index: []
Clusters Ordened By clusters lenght: 
      0    1  2  3  4  5  6  7                                         8  9
1265  C  404  8  *  *  *  *  *  06f23228-c689-4e91-bba8-8fff0be41123-IGH  *
1551  C  690  7  *  *  *  *  *  0eb471f9-5d83-4a70-a6b8-33f931bdd84a-IGH  *
1550  C  689  7  *  *  *  *  *  04e5b0d6-2bda-4701-8274-42044ff039c0-IGH  *
1456  C  595  7  *  *  *  *  *  16dc954f-ec50-4cec-b4d2-fc59a07231df-IGH  *
1360  C  499  6  *  *  *  *  *  08c49bac-5730-4f08-8673-02220b83d703-IGH  *
895   C   34  6  *  *  *  *  *  25f3f937-9973-43ee-b7c6-eb755750d0ab-IGH  *
864   C    3  5  *  *  *  *  *  1733083c-2412-4a2d-aab9-0ac1efa3d5ba-IGH  *
1096  C  235  5  *  *  *  *  *  3567c41f-d6b0-4cc4-9772-4201bfb57099-IGH  *
939   C   78  4  *  *  *  *  *  3172c8b4-81ae-4ecd-b9c0-e736ab7e88ce-IGH  *
1107  C  246  4  *  *  *  *  *  49741696-3e81-4e5c-b845-c3320747d776-IGH  *
1361  C  500  4  *  *  *  *  *  0a598504-0dc8-41ec-9351-f253d4f13ed8-IGH  *
Clusters Ordened By clusters lenght: 
    0  1  2  3  4  5  6  7                                         8  9
26  C  0  6  *  *  *  *  *  0044dd7e-2410-486b-bbfe-bfa60abbc573-IGH  *
28  C  2  5  *  *  *  *  *  2e745f82-0397-4992-8f9f-7186319cbc4d-IGH  *
Clusters Ordened By clusters lenght: 
     0  1   2  3  4  5  6  7                                         8  9
159  C  2  50  *  *  *  *  *  13bdc51a-fe4d-495e-adb9-269c13d558f4-IGH  *
157  C  0  41  *  *  *  *  *  03d38d30-286c-4de1-9f04-cba64f3cf17c-IGH  *
158  C  1  23  *  *  *  *  *  09e95442-6fbb-4a50-bbed-fe4a1f4ece02-IGH  *
Clusters Ordened By clusters lenght: 
    0  1   2  3  4  5  6  7                                         8  9
19  C  0  12  *  *  *  *  *  1826c77e-33ba-4e1a-aca8-fde2b723fd58-IGH  *
Clusters Ordened By clusters lenght: 
Empty DataFrame
Columns: [0, 1, 2, 3, 4, 5, 6, 7, 8, 9]
Index: []
Clusters Ordened By clusters lenght: 
Empty DataFrame
Columns: [0, 1, 2, 3, 4, 5, 6, 7, 8, 9]
Index: []
Clusters Ordened By clusters lenght: 
Empty DataFrame
Columns: [0, 1, 2, 3, 4, 5, 6, 7, 8, 9]
Index: []
Clusters Ordened By clusters lenght: 
Empty DataFrame
Columns: [0, 1, 2, 3, 4, 5, 6, 7, 8, 9]
Index: []
Clusters Ordened By clusters lenght: 
    0  1   2  3  4  5  6  7                                         8  9
25  C  3  12  *  *  *  *  *  39d02922-efb2-422c-bcb0-a06e8d4b2a49-IGH  *
Clusters Ordened By clusters lenght: 
    0  1   2  3  4  5  6  7                                         8  9
67  C  7  11  *  *  *  *  *  0b9b669c-53f9-42f1-add1-1509d2ae87e2-IGH  *
Clusters Ordened By clusters lenght: 
Empty DataFrame
Columns: [0, 1, 2, 3, 4, 5, 6, 7, 8, 9]
Index: []
Clusters Ordened By clusters lenght: 
    0  1  2  3  4  5  6  7                                         8  9
11  C  1  5  *  *  *  *  *  3b567404-e20d-422d-9593-72dd4548ec47-IGH  *
Clusters Ordened By clusters lenght: 
Empty DataFrame
Columns: [0, 1, 2, 3, 4, 5, 6, 7, 8, 9]
Index: []
Clusters Ordened By clusters lenght: 
Empty DataFrame
Columns: [0, 1, 2, 3, 4, 5, 6, 7, 8, 9]
Index: []
Clusters Ordened By clusters lenght: 
Empty DataFrame
Columns: [0, 1, 2, 3, 4, 5, 6, 7, 8, 9]
Index: []
Clusters Ordened By clusters lenght: 
Empty DataFrame
Columns: [0, 1, 2, 3, 4, 5, 6, 7, 8, 9]
Index: []
Clusters Ordened By clusters lenght: 
Empty DataFrame
Columns: [0, 1, 2, 3, 4, 5, 6, 7, 8, 9]
Index: []
Clusters Ordened By clusters lenght: 
Empty DataFrame
Columns: [0, 1, 2, 3, 4, 5, 6, 7, 8, 9]
Index: []
Clusters Ordened By clusters lenght: 
Empty DataFrame
Columns: [0, 1, 2, 3, 4, 5, 6, 7, 8, 9]
Index: []
Clusters Ordened By clusters lenght: 
Empty DataFrame
Columns: [0, 1, 2, 3, 4, 5, 6, 7, 8, 9]
Index: []
Clusters Ordened By clusters lenght: 
     0    1  2  3  4  5  6  7                                         8  9
266  C   45  9  *  *  *  *  *  029ee639-fb51-408d-90da-1ca41e3b20d1-IGH  *
278  C   57  8  *  *  *  *  *  457001a3-8f06-4b46-8030-015c66926691-IGH  *
301  C   80  8  *  *  *  *  *  0e3b5f17-c61a-4d56-8b2b-ce885299e853-IGH  *
341  C  120  7  *  *  *  *  *  19e7a115-bc99-4e76-86de-4e62caf65945-IGH  *
246  C   25  6  *  *  *  *  *  046a38c9-4d87-435d-927c-0a22da02e23e-IGH  *
254  C   33  4  *  *  *  *  *  56e800da-05a8-4909-8015-50ca6a0c5699-IGH  *
228  C    7  4  *  *  *  *  *  1eedeff9-79aa-4d84-acde-e0a6b1ca75ac-IGH  *
248  C   27  4  *  *  *  *  *  0e059a78-8274-482b-84d9-d6a55304ddfb-IGH  *
Clusters Ordened By clusters lenght: 
   0  1  2  3  4  5  6  7                                         8  9
8  C  1  5  *  *  *  *  *  2c5f93de-d501-426f-9d35-df98cc756694-IGH  *
Clusters Ordened By clusters lenght: 
Empty DataFrame
Columns: [0, 1, 2, 3, 4, 5, 6, 7, 8, 9]
Index: []
Clusters Ordened By clusters lenght: 
   0  1  2  3  4  5  6  7                                         8  9
7  C  0  5  *  *  *  *  *  2228b5c2-0a09-4053-8af5-974d62b6b00b-IGH  *
Clusters Ordened By clusters lenght: 
Empty DataFrame
Columns: [0, 1, 2, 3, 4, 5, 6, 7, 8, 9]
Index: []
Clusters Ordened By clusters lenght: 
    0  1  2  3  4  5  6  7                                         8  9
25  C  8  9  *  *  *  *  *  1f2f8b5d-eccc-4aa3-a6ee-483044107924-IGH  *
Clusters Ordened By clusters lenght: 
Empty DataFrame
Columns: [0, 1, 2, 3, 4, 5, 6, 7, 8, 9]
Index: []
Clusters Ordened By clusters lenght: 
Empty DataFrame
Columns: [0, 1, 2, 3, 4, 5, 6, 7, 8, 9]
Index: []
Clusters Ordened By clusters lenght: 
Empty DataFrame
Columns: [0, 1, 2, 3, 4, 5, 6, 7, 8, 9]
Index: []
Clusters Ordened By clusters lenght: 
Empty DataFrame
Columns: [0, 1, 2, 3, 4, 5, 6, 7, 8, 9]
Index: []
Clusters Ordened By clusters lenght: 
Empty DataFrame
Columns: [0, 1, 2, 3, 4, 5, 6, 7, 8, 9]
Index: []
Clusters Ordened By clusters lenght: 
Empty DataFrame
Columns: [0, 1, 2, 3, 4, 5, 6, 7, 8, 9]
Index: []
Clusters Ordened By clusters lenght: 
Empty DataFrame
Columns: [0, 1, 2, 3, 4, 5, 6, 7, 8, 9]
Index: []
Clusters Ordened By clusters lenght: 
      0     1   2  3  4  5  6  7                                         8  9
2827  C  1104  15  *  *  *  *  *  012d17b0-b9cb-4244-824d-ead10ca5964c-IGH  *
2842  C  1119  11  *  *  *  *  *  21dd2c70-a67b-4004-a545-e488a7a85ec6-IGH  *
1774  C    51  10  *  *  *  *  *  1d42ca44-ca96-48c3-b0d8-57992d55f7bd-IGH  *
2582  C   859  10  *  *  *  *  *  0d810ec4-67ff-4820-91c3-418028db9a97-IGH  *
2710  C   987   9  *  *  *  *  *  006db357-57e8-475a-8bc5-2387bf135ead-IGH  *
1916  C   193   8  *  *  *  *  *  4331fb64-b927-48cc-a4bf-730f13745ccb-IGH  *
2436  C   713   8  *  *  *  *  *  2c4ff3aa-4730-4d79-a276-80a38cfed64f-IGH  *
1769  C    46   7  *  *  *  *  *  15caad43-1afb-4014-8dea-a70c79661819-IGH  *
2857  C  1134   7  *  *  *  *  *  458013df-ae62-4de0-b2e1-308dc1aac9ed-IGH  *
2838  C  1115   6  *  *  *  *  *  1afca906-64eb-45fe-a92a-07bbe29482f7-IGH  *
2197  C   474   6  *  *  *  *  *  0a4463f5-0781-4beb-9295-47ef0a28c646-IGH  *
2049  C   326   5  *  *  *  *  *  24183f2b-6251-4082-b27c-c848437c596e-IGH  *
2018  C   295   5  *  *  *  *  *  00116f8e-8c2d-4042-bb28-c1c6c620d41a-IGH  *
1765  C    42   5  *  *  *  *  *  12192f4d-4458-45ee-b92c-261573bad49f-IGH  *
2031  C   308   5  *  *  *  *  *  129c6c8c-91e1-463f-989e-2c4d1068476d-IGH  *
2742  C  1019   5  *  *  *  *  *  3e6e280f-0fac-4ab3-9834-0d2eea6922e8-IGH  *
2415  C   692   4  *  *  *  *  *  10529178-1f3a-4fdc-b441-970f92c3a751-IGH  *
2051  C   328   4  *  *  *  *  *  257a55d9-facb-4620-8600-10d0baf45105-IGH  *
1730  C     7   4  *  *  *  *  *  056e346e-fd31-4a8c-84b5-fa9e3d30f826-IGH  *
1778  C    55   4  *  *  *  *  *  2a7a851f-e996-419d-982b-42e330c4fb17-IGH  *
1960  C   237   4  *  *  *  *  *  969caf9f-c41f-4358-aa5a-ea840fb26030-IGH  *
2039  C   316   4  *  *  *  *  *  1983ceeb-9b6d-4be6-b80f-cb924fd11618-IGH  *
2715  C   992   4  *  *  *  *  *  0ffc396f-35e4-46b1-9d6a-1fecffb38667-IGH  *
2608  C   885   4  *  *  *  *  *  3d43e32f-050d-4d6a-963a-33d60388d9e4-IGH  *
2573  C   850   4  *  *  *  *  *  0217be69-9d92-49b5-b43a-1c5044c4392b-IGH  *
2578  C   855   4  *  *  *  *  *  06e579e2-871f-4f7a-9971-4d8f08dd8b83-IGH  *
2442  C   719   4  *  *  *  *  *  304fd5dd-ca6d-4a8e-b079-3bc6ee90ebec-IGH  *
2717  C   994   4  *  *  *  *  *  159ec7e3-0871-4b56-87b4-0849efcff9d4-IGH  *
2864  C  1141   4  *  *  *  *  *  4a25bc1b-8d72-4e9f-9fb0-b60fa21bb729-IGH  *
3083  C  1360   4  *  *  *  *  *  2457417c-8438-4eb4-9d62-4ab35ce22831-IGH  *
Clusters Ordened By clusters lenght: 
Empty DataFrame
Columns: [0, 1, 2, 3, 4, 5, 6, 7, 8, 9]
Index: []
Clusters Ordened By clusters lenght: 
Empty DataFrame
Columns: [0, 1, 2, 3, 4, 5, 6, 7, 8, 9]
Index: []
Clusters Ordened By clusters lenght: 
Empty DataFrame
Columns: [0, 1, 2, 3, 4, 5, 6, 7, 8, 9]
Index: []
Clusters Ordened By clusters lenght: 
   0  1  2  3  4  5  6  7                                         8  9
8  C  0  5  *  *  *  *  *  3ae88f3a-e0d0-4e06-a3dc-d54b5bc49847-IGH  *
Clusters Ordened By clusters lenght: 
    0   1  2  3  4  5  6  7                                         8  9
70  C  18  7  *  *  *  *  *  3303aa0b-36e6-4e7b-bab3-e0a0656faffc-IGH  *
67  C  15  6  *  *  *  *  *  0f3b0879-dc78-4e96-98ee-2de0f78a2354-IGH  *
Clusters Ordened By clusters lenght: 
     0    1  2  3  4  5  6  7                                         8  9
561  C  232  7  *  *  *  *  *  393ed383-a63c-474a-8571-b7791ca1ec84-IGH  *
459  C  130  6  *  *  *  *  *  07f68caf-da99-4823-aa25-226ae1a6d016-IGH  *
375  C   46  6  *  *  *  *  *  3473ea4d-9263-4810-8401-ef84649507e4-IGH  *
332  C    3  5  *  *  *  *  *  3908e3e1-d5ea-4c68-989d-b2e6b4cf4236-IGH  *
541  C  212  4  *  *  *  *  *  ae2daf18-8af5-43b3-85fd-42be293beee1-IGH  *
556  C  227  4  *  *  *  *  *  0d9b5a87-2746-48a9-863e-8a75aeaa2a67-IGH  *
592  C  263  4  *  *  *  *  *  23ad19fb-b9dd-48c7-9ef9-1513c723d4e1-IGH  *
Clusters Ordened By clusters lenght: 
Empty DataFrame
Columns: [0, 1, 2, 3, 4, 5, 6, 7, 8, 9]
Index: []
Clusters Ordened By clusters lenght: 
    0  1  2  3  4  5  6  7                                         8  9
23  C  0  6  *  *  *  *  *  00b5163f-6087-47f5-86b3-005d3baeaeb9-IGH  *
Clusters Ordened By clusters lenght: 
    0  1  2  3  4  5  6  7                                         8  9
14  C  2  8  *  *  *  *  *  0b17f00d-21a3-497f-99a0-80468314b284-IGH  *
Clusters Ordened By clusters lenght: 
     0   1   2  3  4  5  6  7                                         8  9
157  C  42  17  *  *  *  *  *  0348e45f-6b73-421f-b67e-59a359458503-IGH  *
Clusters Ordened By clusters lenght: 
Empty DataFrame
Columns: [0, 1, 2, 3, 4, 5, 6, 7, 8, 9]
Index: []
Clusters Ordened By clusters lenght: 
Empty DataFrame
Columns: [0, 1, 2, 3, 4, 5, 6, 7, 8, 9]
Index: []
Clusters Ordened By clusters lenght: 
Empty DataFrame
Columns: [0, 1, 2, 3, 4, 5, 6, 7, 8, 9]
Index: []
Clusters Ordened By clusters lenght: 
    0  1  2  3  4  5  6  7                                         8  9
27  C  3  4  *  *  *  *  *  1c199c9c-8b06-4ae5-b255-aaadf1439337-IGH  *
Clusters Ordened By clusters lenght: 
Empty DataFrame
Columns: [0, 1, 2, 3, 4, 5, 6, 7, 8, 9]
Index: []
Clusters Ordened By clusters lenght: 
Empty DataFrame
Columns: [0, 1, 2, 3, 4, 5, 6, 7, 8, 9]
Index: []
Clusters Ordened By clusters lenght: 
Empty DataFrame
Columns: [0, 1, 2, 3, 4, 5, 6, 7, 8, 9]
Index: []
Clusters Ordened By clusters lenght: 
Empty DataFrame
Columns: [0, 1, 2, 3, 4, 5, 6, 7, 8, 9]
Index: []
Clusters Ordened By clusters lenght: 
Empty DataFrame
Columns: [0, 1, 2, 3, 4, 5, 6, 7, 8, 9]
Index: []
Clusters Ordened By clusters lenght: 
Empty DataFrame
Columns: [0, 1, 2, 3, 4, 5, 6, 7, 8, 9]
Index: []
Clusters Ordened By clusters lenght: 
    0  1  2  3  4  5  6  7                                         8  9
17  C  3  9  *  *  *  *  *  1846ff43-1a0e-4ef9-951c-4913460a2830-IGH  *
Clusters Ordened By clusters lenght: 
    0  1  2  3  4  5  6  7                                         8  9
18  C  1  8  *  *  *  *  *  0d15e027-8392-4c3a-9fe5-2e82f6c5bffc-IGH  *
17  C  0  5  *  *  *  *  *  0c915d4e-b3af-45cf-83aa-70e2aae178a7-IGH  *
Clusters Ordened By clusters lenght: 
Empty DataFrame
Columns: [0, 1, 2, 3, 4, 5, 6, 7, 8, 9]
Index: []
Clusters Ordened By clusters lenght: 
Empty DataFrame
Columns: [0, 1, 2, 3, 4, 5, 6, 7, 8, 9]
Index: []
Clusters Ordened By clusters lenght: 
Empty DataFrame
Columns: [0, 1, 2, 3, 4, 5, 6, 7, 8, 9]
Index: []
Clusters Ordened By clusters lenght: 
    0  1   2  3  4  5  6  7                                         8  9
64  C  1  20  *  *  *  *  *  007473f6-9e20-4cfc-aa25-5936d8cc4b09-IGH  *
65  C  2   6  *  *  *  *  *  0e7f6558-2714-4006-a546-c9a8f32a03fb-IGH  *
67  C  4   4  *  *  *  *  *  4862fe52-324c-4505-b8b6-3b56b798cd14-IGH  *
68  C  5   4  *  *  *  *  *  49cb8a86-ba25-44b1-9543-817c17fad85d-IGH  *
Clusters Ordened By clusters lenght: 
Empty DataFrame
Columns: [0, 1, 2, 3, 4, 5, 6, 7, 8, 9]
Index: []
Clusters Ordened By clusters lenght: 
Empty DataFrame
Columns: [0, 1, 2, 3, 4, 5, 6, 7, 8, 9]
Index: []
Clusters Ordened By clusters lenght: 
    0  1   2  3  4  5  6  7                                         8  9
25  C  1  17  *  *  *  *  *  2b4db0cb-d1e2-4a38-afc3-ed91408e8dc7-IGH  *
Clusters Ordened By clusters lenght: 
Empty DataFrame
Columns: [0, 1, 2, 3, 4, 5, 6, 7, 8, 9]
Index: []
Clusters Ordened By clusters lenght: 
Empty DataFrame
Columns: [0, 1, 2, 3, 4, 5, 6, 7, 8, 9]
Index: []
Clusters Ordened By clusters lenght: 
    0  1  2  3  4  5  6  7                                         8  9
13  C  4  4  *  *  *  *  *  2b0e5774-efc1-432d-a940-d2391aaf8e62-IGH  *
Clusters Ordened By clusters lenght: 
Empty DataFrame
Columns: [0, 1, 2, 3, 4, 5, 6, 7, 8, 9]
Index: []
Clusters Ordened By clusters lenght: 
Empty DataFrame
Columns: [0, 1, 2, 3, 4, 5, 6, 7, 8, 9]
Index: []
Clusters Ordened By clusters lenght: 
Empty DataFrame
Columns: [0, 1, 2, 3, 4, 5, 6, 7, 8, 9]
Index: []
Clusters Ordened By clusters lenght: 
Empty DataFrame
Columns: [0, 1, 2, 3, 4, 5, 6, 7, 8, 9]
Index: []
Clusters Ordened By clusters lenght: 
Empty DataFrame
Columns: [0, 1, 2, 3, 4, 5, 6, 7, 8, 9]
Index: []
Clusters Ordened By clusters lenght: 
    0  1   2  3  4  5  6  7                                         8  9
18  C  1  16  *  *  *  *  *  0e709e3e-e272-48bb-bb40-5802c749b78f-IGH  *
Clusters Ordened By clusters lenght: 
Empty DataFrame
Columns: [0, 1, 2, 3, 4, 5, 6, 7, 8, 9]
Index: []
Clusters Ordened By clusters lenght: 
    0  1  2  3  4  5  6  7                                         8  9
32  C  0  6  *  *  *  *  *  1284b03c-dae5-4f4c-a11f-20c836682f7d-IGH  *
Clusters Ordened By clusters lenght: 
   0  1  2  3  4  5  6  7                                         8  9
5  C  0  4  *  *  *  *  *  0e8606be-0184-4acc-9e80-904574b83600-IGH  *
Clusters Ordened By clusters lenght: 
    0   1  2  3  4  5  6  7                                         8  9
44  C   9  5  *  *  *  *  *  42d87277-02de-4939-807d-015967febee0-IGH  *
45  C  10  4  *  *  *  *  *  48c40c08-18c3-49dd-b207-644abaddba94-IGH  *
Clusters Ordened By clusters lenght: 
    0  1  2  3  4  5  6  7                                         8  9
22  C  0  5  *  *  *  *  *  022a9e4d-979e-4794-b99e-92abab92d247-IGH  *
Clusters Ordened By clusters lenght: 
    0   1  2  3  4  5  6  7                                         8  9
74  C  27  5  *  *  *  *  *  04675cd3-c5fc-439d-9925-fbab68ca36b1-IGH  *
Clusters Ordened By clusters lenght: 
   0  1  2  3  4  5  6  7                                         8  9
6  C  0  6  *  *  *  *  *  07c576c2-3ae4-4836-afb6-6c902b442af6-IGH  *
Clusters Ordened By clusters lenght: 
Empty DataFrame
Columns: [0, 1, 2, 3, 4, 5, 6, 7, 8, 9]
Index: []
Clusters Ordened By clusters lenght: 
Empty DataFrame
Columns: [0, 1, 2, 3, 4, 5, 6, 7, 8, 9]
Index: []
Clusters Ordened By clusters lenght: 
Empty DataFrame
Columns: [0, 1, 2, 3, 4, 5, 6, 7, 8, 9]
Index: []
Clusters Ordened By clusters lenght: 
Empty DataFrame
Columns: [0, 1, 2, 3, 4, 5, 6, 7, 8, 9]
Index: []
Clusters Ordened By clusters lenght: 
Empty DataFrame
Columns: [0, 1, 2, 3, 4, 5, 6, 7, 8, 9]
Index: []
Clusters Ordened By clusters lenght: 
   0  1  2  3  4  5  6  7                                         8  9
6  C  0  4  *  *  *  *  *  1456124f-773e-458b-b885-b5cda14ce506-IGH  *
Clusters Ordened By clusters lenght: 
Empty DataFrame
Columns: [0, 1, 2, 3, 4, 5, 6, 7, 8, 9]
Index: []
Clusters Ordened By clusters lenght: 
Empty DataFrame
Columns: [0, 1, 2, 3, 4, 5, 6, 7, 8, 9]
Index: []
Clusters Ordened By clusters lenght: 
Empty DataFrame
Columns: [0, 1, 2, 3, 4, 5, 6, 7, 8, 9]
Index: []
Clusters Ordened By clusters lenght: 
Empty DataFrame
Columns: [0, 1, 2, 3, 4, 5, 6, 7, 8, 9]
Index: []
Clusters Ordened By clusters lenght: 
Empty DataFrame
Columns: [0, 1, 2, 3, 4, 5, 6, 7, 8, 9]
Index: []
Clusters Ordened By clusters lenght: 
Empty DataFrame
Columns: [0, 1, 2, 3, 4, 5, 6, 7, 8, 9]
Index: []
Clusters Ordened By clusters lenght: 
Empty DataFrame
Columns: [0, 1, 2, 3, 4, 5, 6, 7, 8, 9]
Index: []
Clusters Ordened By clusters lenght: 
Empty DataFrame
Columns: [0, 1, 2, 3, 4, 5, 6, 7, 8, 9]
Index: []
Clusters Ordened By clusters lenght: 
Empty DataFrame
Columns: [0, 1, 2, 3, 4, 5, 6, 7, 8, 9]
Index: []
Clusters Ordened By clusters lenght: 
Empty DataFrame
Columns: [0, 1, 2, 3, 4, 5, 6, 7, 8, 9]
Index: []
Clusters Ordened By clusters lenght: 
Empty DataFrame
Columns: [0, 1, 2, 3, 4, 5, 6, 7, 8, 9]
Index: []
Clusters Ordened By clusters lenght: 
Empty DataFrame
Columns: [0, 1, 2, 3, 4, 5, 6, 7, 8, 9]
Index: []
Clusters Ordened By clusters lenght: 
Empty DataFrame
Columns: [0, 1, 2, 3, 4, 5, 6, 7, 8, 9]
Index: []
Clusters Ordened By clusters lenght: 
Empty DataFrame
Columns: [0, 1, 2, 3, 4, 5, 6, 7, 8, 9]
Index: []
Clusters Ordened By clusters lenght: 
Empty DataFrame
Columns: [0, 1, 2, 3, 4, 5, 6, 7, 8, 9]
Index: []
Clusters Ordened By clusters lenght: 
Empty DataFrame
Columns: [0, 1, 2, 3, 4, 5, 6, 7, 8, 9]
Index: []
Clusters Ordened By clusters lenght: 
Empty DataFrame
Columns: [0, 1, 2, 3, 4, 5, 6, 7, 8, 9]
Index: []
Clusters Ordened By clusters lenght: 
Empty DataFrame
Columns: [0, 1, 2, 3, 4, 5, 6, 7, 8, 9]
Index: []
Clusters Ordened By clusters lenght: 
Empty DataFrame
Columns: [0, 1, 2, 3, 4, 5, 6, 7, 8, 9]
Index: []
Clusters Ordened By clusters lenght: 
      0    1    2  3  4  5  6  7                                         8  9
1324  C  373  258  *  *  *  *  *  013739ce-c414-437a-a640-7dd033ee9088-IGH  *
1035  C   84   27  *  *  *  *  *  070b2a91-7399-4b91-bec2-7075155fbaf7-IGH  *
1036  C   85   23  *  *  *  *  *  079b58a6-3295-4808-b65e-c5161fdebb76-IGH  *
1260  C  309   19  *  *  *  *  *  7bc4b660-d381-4924-ad4e-36e3537e74c5-IGH  *
1108  C  157   12  *  *  *  *  *  1c3783e4-cc3f-4cd7-9179-7cf595e5d9ae-IGH  *
987   C   36    8  *  *  *  *  *  020c5f21-391d-45b4-92d2-dad690c5bcc2-IGH  *
1135  C  184    8  *  *  *  *  *  5e81d2cc-864d-4c3d-bb09-1e3786656afd-IGH  *
1185  C  234    7  *  *  *  *  *  1a792b0f-ac57-49c2-8417-70d1b044988a-IGH  *
1038  C   87    7  *  *  *  *  *  11f30f02-c21d-414a-bfb1-cb5be37fe8fd-IGH  *
1044  C   93    7  *  *  *  *  *  2638987b-83bc-43ec-bd41-3c6ca6a0fb70-IGH  *
1269  C  318    6  *  *  *  *  *  1b407721-9960-47f0-8386-b95c7bb78b05-IGH  *
1012  C   61    5  *  *  *  *  *  8a8ea013-1531-4021-9f90-46e8f8cdebb2-IGH  *
953   C    2    5  *  *  *  *  *  0379de19-7dab-4c0e-9ffd-9aa474ab6743-IGH  *
1109  C  158    5  *  *  *  *  *  1d2c4f0d-61c5-4f80-86fd-930b6e80dbf0-IGH  *
1117  C  166    4  *  *  *  *  *  305dacd7-4e94-48e9-8f94-d1400e5f030a-IGH  *
1047  C   96    4  *  *  *  *  *  2f9ad289-aea1-48d8-90be-6009d2ed9f3a-IGH  *
1100  C  149    4  *  *  *  *  *  0a3e9c19-9dd8-4a45-bfb3-a16978b87b74-IGH  *
1133  C  182    4  *  *  *  *  *  5607db16-9d49-4c57-880f-648886605690-IGH  *
1186  C  235    4  *  *  *  *  *  1e91af91-efcf-487a-b576-774e2c2e5810-IGH  *
1233  C  282    4  *  *  *  *  *  adee9714-39d7-4040-92f2-ee45d5db6a0f-IGH  *
1264  C  313    4  *  *  *  *  *  03405340-7d1c-4ff3-9b3b-074d42638cd5-IGH  *
Clusters Ordened By clusters lenght: 
Empty DataFrame
Columns: [0, 1, 2, 3, 4, 5, 6, 7, 8, 9]
Index: []
Clusters Ordened By clusters lenght: 
   0  1  2  3  4  5  6  7                                         8  9
9  C  0  8  *  *  *  *  *  33cad8fd-818d-4d51-94ca-536575d16e3a-IGH  *
Clusters Ordened By clusters lenght: 
Empty DataFrame
Columns: [0, 1, 2, 3, 4, 5, 6, 7, 8, 9]
Index: []
Clusters Ordened By clusters lenght: 
    0  1  2  3  4  5  6  7                                         8  9
12  C  0  4  *  *  *  *  *  05b710aa-d93f-4f34-8f48-8a42941fc082-IGH  *
Clusters Ordened By clusters lenght: 
Empty DataFrame
Columns: [0, 1, 2, 3, 4, 5, 6, 7, 8, 9]
Index: []
Clusters Ordened By clusters lenght: 
Empty DataFrame
Columns: [0, 1, 2, 3, 4, 5, 6, 7, 8, 9]
Index: []
Clusters Ordened By clusters lenght: 
Empty DataFrame
Columns: [0, 1, 2, 3, 4, 5, 6, 7, 8, 9]
Index: []
Clusters Ordened By clusters lenght: 
    0  1   2  3  4  5  6  7                                         8  9
22  C  1  11  *  *  *  *  *  54a26d72-04c0-4151-a1f4-135052cb4487-IGH  *
Clusters Ordened By clusters lenght: 
Empty DataFrame
Columns: [0, 1, 2, 3, 4, 5, 6, 7, 8, 9]
Index: []
Clusters Ordened By clusters lenght: 
    0  1   2  3  4  5  6  7                                         8  9
10  C  0  10  *  *  *  *  *  38fcc957-b9b4-41c4-9504-26b1707f22ae-IGH  *
Clusters Ordened By clusters lenght: 
   0  1  2  3  4  5  6  7                                         8  9
7  C  0  7  *  *  *  *  *  507e8171-8b13-4372-991d-7de8e3f0ad5a-IGH  *
Clusters Ordened By clusters lenght: 
    0  1  2  3  4  5  6  7                                         8  9
28  C  3  5  *  *  *  *  *  3275539f-3ae6-46a5-93b1-6e439ddf111a-IGH  *
34  C  9  4  *  *  *  *  *  0de136ca-9a16-4276-b7aa-fad2e9c3dd5a-IGH  *
Clusters Ordened By clusters lenght: 
Empty DataFrame
Columns: [0, 1, 2, 3, 4, 5, 6, 7, 8, 9]
Index: []
Clusters Ordened By clusters lenght: 
Empty DataFrame
Columns: [0, 1, 2, 3, 4, 5, 6, 7, 8, 9]
Index: []
Clusters Ordened By clusters lenght: 
Empty DataFrame
Columns: [0, 1, 2, 3, 4, 5, 6, 7, 8, 9]
Index: []
Clusters Ordened By clusters lenght: 
    0  1   2  3  4  5  6  7                                         8  9
33  C  4  12  *  *  *  *  *  0d244b98-713f-4773-9bfa-6bcd2b50547f-IGH  *
Clusters Ordened By clusters lenght: 
Empty DataFrame
Columns: [0, 1, 2, 3, 4, 5, 6, 7, 8, 9]
Index: []
Clusters Ordened By clusters lenght: 
Empty DataFrame
Columns: [0, 1, 2, 3, 4, 5, 6, 7, 8, 9]
Index: []
Clusters Ordened By clusters lenght: 
    0  1   2  3  4  5  6  7                                         8  9
25  C  0  11  *  *  *  *  *  465637c3-8dfa-40ee-b6cf-7b90666af489-IGH  *
Clusters Ordened By clusters lenght: 
Empty DataFrame
Columns: [0, 1, 2, 3, 4, 5, 6, 7, 8, 9]
Index: []
Clusters Ordened By clusters lenght: 
    0  1   2  3  4  5  6  7                                         8  9
26  C  1  23  *  *  *  *  *  01fd4d51-7bcd-4959-a0e8-44659323625e-IGH  *
Clusters Ordened By clusters lenght: 
Empty DataFrame
Columns: [0, 1, 2, 3, 4, 5, 6, 7, 8, 9]
Index: []
Clusters Ordened By clusters lenght: 
   0  1  2  3  4  5  6  7                                         8  9
8  C  1  6  *  *  *  *  *  64321f66-de71-4156-9125-440e848638dc-IGH  *
Clusters Ordened By clusters lenght: 
Empty DataFrame
Columns: [0, 1, 2, 3, 4, 5, 6, 7, 8, 9]
Index: []
Clusters Ordened By clusters lenght: 
Empty DataFrame
Columns: [0, 1, 2, 3, 4, 5, 6, 7, 8, 9]
Index: []
Clusters Ordened By clusters lenght: 
Empty DataFrame
Columns: [0, 1, 2, 3, 4, 5, 6, 7, 8, 9]
Index: []
Clusters Ordened By clusters lenght: 
Empty DataFrame
Columns: [0, 1, 2, 3, 4, 5, 6, 7, 8, 9]
Index: []
Clusters Ordened By clusters lenght: 
Empty DataFrame
Columns: [0, 1, 2, 3, 4, 5, 6, 7, 8, 9]
Index: []
Clusters Ordened By clusters lenght: 
    0  1   2  3  4  5  6  7                                         8  9
91  C  0  48  *  *  *  *  *  0f4f9c3a-1c1d-44d9-a97b-1a6311aae870-IGH  *
92  C  1  13  *  *  *  *  *  1fe46879-6f55-46fc-9ea4-6db4b56c1602-IGH  *
95  C  4  11  *  *  *  *  *  3ceabfac-93c3-474b-81a3-9c69eb095f0c-IGH  *
96  C  5   6  *  *  *  *  *  48557534-1b67-4bad-9ffc-b4770b0df57a-IGH  *
Clusters Ordened By clusters lenght: 
    0  1   2  3  4  5  6  7                                         8  9
15  C  2  10  *  *  *  *  *  2b79ccd6-da15-4104-bfd2-40c5645d40d3-IGH  *
Clusters Ordened By clusters lenght: 
     0    1  2  3  4  5  6  7                                         8  9
635  C  248  6  *  *  *  *  *  177b6e2e-b929-46b1-91e5-ace08b079f27-IGH  *
639  C  252  5  *  *  *  *  *  2a97092c-e9e2-4c18-ad9b-5f615abad54a-IGH  *
397  C   10  4  *  *  *  *  *  3613e58b-0db9-4e1e-a306-fcfe2d12784b-IGH  *
712  C  325  4  *  *  *  *  *  8080ead1-ca2e-40fc-be14-110b6e5c4f1b-IGH  *
Clusters Ordened By clusters lenght: 
Empty DataFrame
Columns: [0, 1, 2, 3, 4, 5, 6, 7, 8, 9]
Index: []
Clusters Ordened By clusters lenght: 
Empty DataFrame
Columns: [0, 1, 2, 3, 4, 5, 6, 7, 8, 9]
Index: []
Clusters Ordened By clusters lenght: 
   0  1  2  3  4  5  6  7                                         8  9
8  C  0  6  *  *  *  *  *  6ebcb0f6-eb9f-4f63-a5eb-2e27174490d8-IGH  *
Clusters Ordened By clusters lenght: 
Empty DataFrame
Columns: [0, 1, 2, 3, 4, 5, 6, 7, 8, 9]
Index: []
Clusters Ordened By clusters lenght: 
Empty DataFrame
Columns: [0, 1, 2, 3, 4, 5, 6, 7, 8, 9]
Index: []
Clusters Ordened By clusters lenght: 
    0  1   2  3  4  5  6  7                                         8  9
20  C  0  11  *  *  *  *  *  048113a3-e123-4d5c-902a-1b5100cae2f4-IGH  *
Clusters Ordened By clusters lenght: 
Empty DataFrame
Columns: [0, 1, 2, 3, 4, 5, 6, 7, 8, 9]
Index: []
Clusters Ordened By clusters lenght: 
Empty DataFrame
Columns: [0, 1, 2, 3, 4, 5, 6, 7, 8, 9]
Index: []
Clusters Ordened By clusters lenght: 
Empty DataFrame
Columns: [0, 1, 2, 3, 4, 5, 6, 7, 8, 9]
Index: []
Clusters Ordened By clusters lenght: 
     0    1  2  3  4  5  6  7                                         8  9
355  C  131  4  *  *  *  *  *  0aaa1e9c-dd33-4d1d-84df-369d141e9bc6-IGH  *
Clusters Ordened By clusters lenght: 
    0  1  2  3  4  5  6  7                                         8  9
10  C  0  6  *  *  *  *  *  553a67cd-e8cb-43b0-8be6-429f9ab2c5fd-IGH  *
Clusters Ordened By clusters lenght: 
Empty DataFrame
Columns: [0, 1, 2, 3, 4, 5, 6, 7, 8, 9]
Index: []
Clusters Ordened By clusters lenght: 
Empty DataFrame
Columns: [0, 1, 2, 3, 4, 5, 6, 7, 8, 9]
Index: []
Clusters Ordened By clusters lenght: 
    0  1  2  3  4  5  6  7                                         8  9
29  C  5  4  *  *  *  *  *  85095bf3-6387-4ae2-97f4-1d372aae5856-IGH  *
Clusters Ordened By clusters lenght: 
    0  1   2  3  4  5  6  7                                         8  9
20  C  0  19  *  *  *  *  *  000a82ce-2a35-42ea-bec5-02668db9c76d-IGH  *
Clusters Ordened By clusters lenght: 
Empty DataFrame
Columns: [0, 1, 2, 3, 4, 5, 6, 7, 8, 9]
Index: []
Clusters Ordened By clusters lenght: 
Empty DataFrame
Columns: [0, 1, 2, 3, 4, 5, 6, 7, 8, 9]
Index: []
Clusters Ordened By clusters lenght: 
Empty DataFrame
Columns: [0, 1, 2, 3, 4, 5, 6, 7, 8, 9]
Index: []
Clusters Ordened By clusters lenght: 
Empty DataFrame
Columns: [0, 1, 2, 3, 4, 5, 6, 7, 8, 9]
Index: []
Clusters Ordened By clusters lenght: 
     0   1  2  3  4  5  6  7                                         8  9
103  C  18  4  *  *  *  *  *  11bb1356-a94f-492f-a25f-13341d4272df-IGH  *
139  C  54  4  *  *  *  *  *  370066a3-3c30-4e1b-b7f9-c664c08c9ceb-IGH  *
Clusters Ordened By clusters lenght: 
Empty DataFrame
Columns: [0, 1, 2, 3, 4, 5, 6, 7, 8, 9]
Index: []
Clusters Ordened By clusters lenght: 
Empty DataFrame
Columns: [0, 1, 2, 3, 4, 5, 6, 7, 8, 9]
Index: []
Clusters Ordened By clusters lenght: 
Empty DataFrame
Columns: [0, 1, 2, 3, 4, 5, 6, 7, 8, 9]
Index: []
Clusters Ordened By clusters lenght: 
     0   1  2  3  4  5  6  7                                         8  9
114  C  46  5  *  *  *  *  *  08be65bc-2d85-47a9-9f05-00ae501ecbd9-IGH  *
Clusters Ordened By clusters lenght: 
    0  1  2  3  4  5  6  7                                         8  9
11  C  1  5  *  *  *  *  *  362b9fb5-72df-414f-93c9-9e76d5c6cfc2-IGH  *
Clusters Ordened By clusters lenght: 
Empty DataFrame
Columns: [0, 1, 2, 3, 4, 5, 6, 7, 8, 9]
Index: []
Clusters Ordened By clusters lenght: 
    0  1   2  3  4  5  6  7                                         8  9
29  C  0  11  *  *  *  *  *  13146b3a-13ff-49a4-bbb4-9edc3b254381-IGH  *
30  C  1   4  *  *  *  *  *  1b95fed3-84de-44d3-accc-8d28f352ecaa-IGH  *
Clusters Ordened By clusters lenght: 
Empty DataFrame
Columns: [0, 1, 2, 3, 4, 5, 6, 7, 8, 9]
Index: []
Clusters Ordened By clusters lenght: 
   0  1  2  3  4  5  6  7                                         8  9
4  C  0  4  *  *  *  *  *  18fa0143-5045-46ee-9f9b-100fbb3a36d6-IGH  *
Clusters Ordened By clusters lenght: 
Empty DataFrame
Columns: [0, 1, 2, 3, 4, 5, 6, 7, 8, 9]
Index: []
Clusters Ordened By clusters lenght: 
Empty DataFrame
Columns: [0, 1, 2, 3, 4, 5, 6, 7, 8, 9]
Index: []
Clusters Ordened By clusters lenght: 
Empty DataFrame
Columns: [0, 1, 2, 3, 4, 5, 6, 7, 8, 9]
Index: []
Clusters Ordened By clusters lenght: 
     0    1   2  3  4  5  6  7                                         8  9
737  C  254  11  *  *  *  *  *  01aefe34-de58-44e5-a9d9-93582dbb4fd3-IGH  *
588  C  105   6  *  *  *  *  *  13bdc51a-fe4d-495e-adb9-269c13d558f4-IGH  *
760  C  277   6  *  *  *  *  *  4d1051dc-bd55-4cf7-8af1-9bce8d4ca3ab-IGH  *
559  C   76   5  *  *  *  *  *  191b7311-5839-4bc7-a6e0-691efdcac0c1-IGH  *
739  C  256   5  *  *  *  *  *  03211f96-0226-4c15-8dd4-e2f42dc37834-IGH  *
490  C    7   4  *  *  *  *  *  07600554-6da2-43ab-b7b6-340ca0f5a0b5-IGH  *
643  C  160   4  *  *  *  *  *  29bddac4-3f43-4947-bfa7-ec8fa3cdbad8-IGH  *
584  C  101   4  *  *  *  *  *  055908e0-6354-42f9-a425-7d200dc517cf-IGH  *
564  C   81   4  *  *  *  *  *  4734537e-2565-485b-89c2-b12f10e449f6-IGH  *
751  C  268   4  *  *  *  *  *  28ae79e7-9444-4e4d-8cc9-87330a9781ad-IGH  *
Clusters Ordened By clusters lenght: 
Empty DataFrame
Columns: [0, 1, 2, 3, 4, 5, 6, 7, 8, 9]
Index: []
Clusters Ordened By clusters lenght: 
Empty DataFrame
Columns: [0, 1, 2, 3, 4, 5, 6, 7, 8, 9]
Index: []
Clusters Ordened By clusters lenght: 
Empty DataFrame
Columns: [0, 1, 2, 3, 4, 5, 6, 7, 8, 9]
Index: []
Clusters Ordened By clusters lenght: 
     0   1  2  3  4  5  6  7                                         8  9
148  C  42  8  *  *  *  *  *  00d51086-2305-4578-abac-1678526efd31-IGH  *
Clusters Ordened By clusters lenght: 
Empty DataFrame
Columns: [0, 1, 2, 3, 4, 5, 6, 7, 8, 9]
Index: []
Clusters Ordened By clusters lenght: 
Empty DataFrame
Columns: [0, 1, 2, 3, 4, 5, 6, 7, 8, 9]
Index: []
Clusters Ordened By clusters lenght: 
Empty DataFrame
Columns: [0, 1, 2, 3, 4, 5, 6, 7, 8, 9]
Index: []
Clusters Ordened By clusters lenght: 
    0  1   2  3  4  5  6  7                                         8  9
75  C  0  16  *  *  *  *  *  046787f3-4ca7-4f4a-92e2-cec075eb7a35-IGH  *
83  C  8   4  *  *  *  *  *  2156458f-cb12-40ab-ba62-61a191d4b95a-IGH  *
Clusters Ordened By clusters lenght: 
Empty DataFrame
Columns: [0, 1, 2, 3, 4, 5, 6, 7, 8, 9]
Index: []
Clusters Ordened By clusters lenght: 
Empty DataFrame
Columns: [0, 1, 2, 3, 4, 5, 6, 7, 8, 9]
Index: []
Clusters Ordened By clusters lenght: 
Empty DataFrame
Columns: [0, 1, 2, 3, 4, 5, 6, 7, 8, 9]
Index: []
Clusters Ordened By clusters lenght: 
Empty DataFrame
Columns: [0, 1, 2, 3, 4, 5, 6, 7, 8, 9]
Index: []
Clusters Ordened By clusters lenght: 
    0  1  2  3  4  5  6  7                                         8  9
17  C  0  7  *  *  *  *  *  1cac5f88-bb61-4361-a494-3b5cb9108f55-IGH  *
Clusters Ordened By clusters lenght: 
Empty DataFrame
Columns: [0, 1, 2, 3, 4, 5, 6, 7, 8, 9]
Index: []
Clusters Ordened By clusters lenght: 
    0  1  2  3  4  5  6  7                                         8  9
12  C  1  9  *  *  *  *  *  08a29851-bd00-41f8-90f9-60f10ff74db4-IGH  *
Clusters Ordened By clusters lenght: 
Empty DataFrame
Columns: [0, 1, 2, 3, 4, 5, 6, 7, 8, 9]
Index: []
Clusters Ordened By clusters lenght: 
Empty DataFrame
Columns: [0, 1, 2, 3, 4, 5, 6, 7, 8, 9]
Index: []
Clusters Ordened By clusters lenght: 
Empty DataFrame
Columns: [0, 1, 2, 3, 4, 5, 6, 7, 8, 9]
Index: []
Clusters Ordened By clusters lenght: 
Empty DataFrame
Columns: [0, 1, 2, 3, 4, 5, 6, 7, 8, 9]
Index: []
Clusters Ordened By clusters lenght: 
Empty DataFrame
Columns: [0, 1, 2, 3, 4, 5, 6, 7, 8, 9]
Index: []
Clusters Ordened By clusters lenght: 
Empty DataFrame
Columns: [0, 1, 2, 3, 4, 5, 6, 7, 8, 9]
Index: []
Clusters Ordened By clusters lenght: 
Empty DataFrame
Columns: [0, 1, 2, 3, 4, 5, 6, 7, 8, 9]
Index: []
Clusters Ordened By clusters lenght: 
Empty DataFrame
Columns: [0, 1, 2, 3, 4, 5, 6, 7, 8, 9]
Index: []
Clusters Ordened By clusters lenght: 
Empty DataFrame
Columns: [0, 1, 2, 3, 4, 5, 6, 7, 8, 9]
Index: []
Clusters Ordened By clusters lenght: 
Empty DataFrame
Columns: [0, 1, 2, 3, 4, 5, 6, 7, 8, 9]
Index: []
Clusters Ordened By clusters lenght: 
Empty DataFrame
Columns: [0, 1, 2, 3, 4, 5, 6, 7, 8, 9]
Index: []
Clusters Ordened By clusters lenght: 
Empty DataFrame
Columns: [0, 1, 2, 3, 4, 5, 6, 7, 8, 9]
Index: []
Clusters Ordened By clusters lenght: 
Empty DataFrame
Columns: [0, 1, 2, 3, 4, 5, 6, 7, 8, 9]
Index: []
Clusters Ordened By clusters lenght: 
Empty DataFrame
Columns: [0, 1, 2, 3, 4, 5, 6, 7, 8, 9]
Index: []
Clusters Ordened By clusters lenght: 
    0  1  2  3  4  5  6  7                                         8  9
11  C  2  6  *  *  *  *  *  198d6552-950e-4242-a50b-f569ba87bfd0-IGH  *
Clusters Ordened By clusters lenght: 
Empty DataFrame
Columns: [0, 1, 2, 3, 4, 5, 6, 7, 8, 9]
Index: []
Clusters Ordened By clusters lenght: 
    0   1  2  3  4  5  6  7                                         8  9
90  C  26  4  *  *  *  *  *  79fcfd48-41d1-4c95-b129-faa749a10bf2-IGH  *
Clusters Ordened By clusters lenght: 
    0  1   2  3  4  5  6  7                                         8  9
69  C  1  65  *  *  *  *  *  02a4feaa-bc2b-4d15-9027-089794893f33-IGH  *
Clusters Ordened By clusters lenght: 
     0   1  2  3  4  5  6  7                                         8  9
124  C  41  8  *  *  *  *  *  0e196c4a-fea3-40c3-9fd4-c3594a7ab528-IGH  *
Clusters Ordened By clusters lenght: 
Empty DataFrame
Columns: [0, 1, 2, 3, 4, 5, 6, 7, 8, 9]
Index: []
Clusters Ordened By clusters lenght: 
    0  1   2  3  4  5  6  7                                         8  9
18  C  1  11  *  *  *  *  *  1f0df4fb-6743-420c-abc6-4a76f62bacb7-IGH  *
Clusters Ordened By clusters lenght: 
Empty DataFrame
Columns: [0, 1, 2, 3, 4, 5, 6, 7, 8, 9]
Index: []
Clusters Ordened By clusters lenght: 
Empty DataFrame
Columns: [0, 1, 2, 3, 4, 5, 6, 7, 8, 9]
Index: []
Clusters Ordened By clusters lenght: 
Empty DataFrame
Columns: [0, 1, 2, 3, 4, 5, 6, 7, 8, 9]
Index: []
Clusters Ordened By clusters lenght: 
    0  1   2  3  4  5  6  7                                         8  9
30  C  0  13  *  *  *  *  *  077cf02f-5568-4fc2-9a33-aef7944e8778-IGH  *
Clusters Ordened By clusters lenght: 
     0   1  2  3  4  5  6  7                                         8  9
116  C  35  9  *  *  *  *  *  0e475550-4533-47d1-a86e-14693530f9aa-IGH  *
Clusters Ordened By clusters lenght: 
Empty DataFrame
Columns: [0, 1, 2, 3, 4, 5, 6, 7, 8, 9]
Index: []
Clusters Ordened By clusters lenght: 
Empty DataFrame
Columns: [0, 1, 2, 3, 4, 5, 6, 7, 8, 9]
Index: []
Clusters Ordened By clusters lenght: 
Empty DataFrame
Columns: [0, 1, 2, 3, 4, 5, 6, 7, 8, 9]
Index: []
Clusters Ordened By clusters lenght: 
    0  1  2  3  4  5  6  7                                         8  9
58  C  6  6  *  *  *  *  *  04ba7de5-7d48-498d-a210-f3c7cae86941-IGH  *
52  C  0  4  *  *  *  *  *  1d7356d9-3df1-43a8-88c9-dfca79e9ca64-IGH  *
Clusters Ordened By clusters lenght: 
Empty DataFrame
Columns: [0, 1, 2, 3, 4, 5, 6, 7, 8, 9]
Index: []
Clusters Ordened By clusters lenght: 
Empty DataFrame
Columns: [0, 1, 2, 3, 4, 5, 6, 7, 8, 9]
Index: []
Clusters Ordened By clusters lenght: 
Empty DataFrame
Columns: [0, 1, 2, 3, 4, 5, 6, 7, 8, 9]
Index: []
Clusters Ordened By clusters lenght: 
    0  1   2  3  4  5  6  7                                         8  9
12  C  0  12  *  *  *  *  *  12242256-bc38-4297-9fe7-e08e0a2711f0-IGH  *
Clusters Ordened By clusters lenght: 
Empty DataFrame
Columns: [0, 1, 2, 3, 4, 5, 6, 7, 8, 9]
Index: []
Clusters Ordened By clusters lenght: 
     0    1  2  3  4  5  6  7                                         8  9
566  C  153  8  *  *  *  *  *  1c9efc20-ce28-4ab3-8319-4ec409febd1f-IGH  *
426  C   13  6  *  *  *  *  *  008a9ad4-1664-4b42-aa0e-6b3f2f2d541c-IGH  *
633  C  220  5  *  *  *  *  *  0250d91d-c0ba-43a8-9334-c9d21634817c-IGH  *
702  C  289  5  *  *  *  *  *  36005682-fb51-4e2c-bf2f-8ecfb9259c93-IGH  *
734  C  321  4  *  *  *  *  *  4c5341c3-deeb-43c8-b4c6-7a2b0a7f258b-IGH  *
Clusters Ordened By clusters lenght: 
Empty DataFrame
Columns: [0, 1, 2, 3, 4, 5, 6, 7, 8, 9]
Index: []
Clusters Ordened By clusters lenght: 
Empty DataFrame
Columns: [0, 1, 2, 3, 4, 5, 6, 7, 8, 9]
Index: []
Clusters Ordened By clusters lenght: 
Empty DataFrame
Columns: [0, 1, 2, 3, 4, 5, 6, 7, 8, 9]
Index: []
Clusters Ordened By clusters lenght: 
Empty DataFrame
Columns: [0, 1, 2, 3, 4, 5, 6, 7, 8, 9]
Index: []
Clusters Ordened By clusters lenght: 
Empty DataFrame
Columns: [0, 1, 2, 3, 4, 5, 6, 7, 8, 9]
Index: []
Clusters Ordened By clusters lenght: 
    0  1   2  3  4  5  6  7                                         8  9
19  C  0  13  *  *  *  *  *  0e024951-188d-49cd-b81d-3709b045a080-IGH  *
Clusters Ordened By clusters lenght: 
    0  1  2  3  4  5  6  7                                         8  9
58  C  7  5  *  *  *  *  *  59835415-cc81-45e7-b438-56bfb7b15f08-IGH  *
Clusters Ordened By clusters lenght: 
     0   1  2  3  4  5  6  7                                         8  9
120  C  43  7  *  *  *  *  *  27a201af-56b2-44ce-acaf-ffc97a5ee14a-IGH  *
110  C  33  4  *  *  *  *  *  75d5dbef-a1d5-488e-ab14-bdcd3b9ec471-IGH  *
Clusters Ordened By clusters lenght: 
Empty DataFrame
Columns: [0, 1, 2, 3, 4, 5, 6, 7, 8, 9]
Index: []
Clusters Ordened By clusters lenght: 
Empty DataFrame
Columns: [0, 1, 2, 3, 4, 5, 6, 7, 8, 9]
Index: []
Clusters Ordened By clusters lenght: 
Empty DataFrame
Columns: [0, 1, 2, 3, 4, 5, 6, 7, 8, 9]
Index: []
Clusters Ordened By clusters lenght: 
     0    1  2  3  4  5  6  7                                         8  9
275  C   65  6  *  *  *  *  *  22baca98-8004-45bb-a385-403ead161139-IGH  *
297  C   87  6  *  *  *  *  *  28bd1421-01e2-4f78-aada-3733495226f8-IGH  *
298  C   88  6  *  *  *  *  *  29ce00ae-ce23-439e-aede-ff98ff574bf4-IGH  *
320  C  110  5  *  *  *  *  *  065a0d9e-2ed7-44d0-a458-53a6d4569126-IGH  *
353  C  143  4  *  *  *  *  *  1040d9a8-293e-45d5-a21c-e1e03eac4083-IGH  *
Clusters Ordened By clusters lenght: 
Empty DataFrame
Columns: [0, 1, 2, 3, 4, 5, 6, 7, 8, 9]
Index: []
Clusters Ordened By clusters lenght: 
Empty DataFrame
Columns: [0, 1, 2, 3, 4, 5, 6, 7, 8, 9]
Index: []
Clusters Ordened By clusters lenght: 
     0   1   2  3  4  5  6  7                                         8  9
126  C  24  41  *  *  *  *  *  0366a829-c17e-45c8-aa31-3d374143aef5-IGH  *
124  C  22  11  *  *  *  *  *  009ee560-aacb-4131-b581-86ad6da7947e-IGH  *
127  C  25   7  *  *  *  *  *  20e76ae5-5484-421d-8802-51d4cd24de08-IGH  *
102  C   0   6  *  *  *  *  *  8ca8ac71-e8ab-4bde-903d-10dd68fd48a0-IGH  *
125  C  23   6  *  *  *  *  *  01f287c0-0c3a-4607-8124-e45fb922206a-IGH  *
Clusters Ordened By clusters lenght: 
    0  1  2  3  4  5  6  7                                         8  9
54  C  7  4  *  *  *  *  *  358a2082-d19e-4f6d-a043-749d90bcf464-IGH  *
Clusters Ordened By clusters lenght: 
    0  1  2  3  4  5  6  7                                         8  9
50  C  2  5  *  *  *  *  *  7b83f839-3bc5-4362-aa16-c91367feb372-IGH  *
Clusters Ordened By clusters lenght: 
Empty DataFrame
Columns: [0, 1, 2, 3, 4, 5, 6, 7, 8, 9]
Index: []
Clusters Ordened By clusters lenght: 
Empty DataFrame
Columns: [0, 1, 2, 3, 4, 5, 6, 7, 8, 9]
Index: []
Clusters Ordened By clusters lenght: 
     0   1  2  3  4  5  6  7                                         8  9
205  C   4  8  *  *  *  *  *  161cbb31-1f01-409a-b5a2-54b53151912d-IGH  *
284  C  83  4  *  *  *  *  *  36086484-a3b6-4a16-a896-bde7fe684488-IGH  *
Clusters Ordened By clusters lenght: 
Empty DataFrame
Columns: [0, 1, 2, 3, 4, 5, 6, 7, 8, 9]
Index: []
Clusters Ordened By clusters lenght: 
Empty DataFrame
Columns: [0, 1, 2, 3, 4, 5, 6, 7, 8, 9]
Index: []
Clusters Ordened By clusters lenght: 
Empty DataFrame
Columns: [0, 1, 2, 3, 4, 5, 6, 7, 8, 9]
Index: []
Clusters Ordened By clusters lenght: 
    0  1  2  3  4  5  6  7                                         8  9
28  C  8  5  *  *  *  *  *  32a17172-4c21-43a1-8201-e396f9315575-IGH  *
Clusters Ordened By clusters lenght: 
    0  1  2  3  4  5  6  7                                         8  9
24  C  5  5  *  *  *  *  *  3e15f976-7a25-486e-a6ad-d4a3c9290652-IGH  *
Clusters Ordened By clusters lenght: 
Empty DataFrame
Columns: [0, 1, 2, 3, 4, 5, 6, 7, 8, 9]
Index: []
Clusters Ordened By clusters lenght: 
Empty DataFrame
Columns: [0, 1, 2, 3, 4, 5, 6, 7, 8, 9]
Index: []
Clusters Ordened By clusters lenght: 
Empty DataFrame
Columns: [0, 1, 2, 3, 4, 5, 6, 7, 8, 9]
Index: []
Clusters Ordened By clusters lenght: 
Empty DataFrame
Columns: [0, 1, 2, 3, 4, 5, 6, 7, 8, 9]
Index: []
Clusters Ordened By clusters lenght: 
   0  1  2  3  4  5  6  7                                         8  9
7  C  0  6  *  *  *  *  *  29ec6c33-e2a0-499e-8050-36f064474741-IGH  *
Clusters Ordened By clusters lenght: 
Empty DataFrame
Columns: [0, 1, 2, 3, 4, 5, 6, 7, 8, 9]
Index: []
Clusters Ordened By clusters lenght: 
Empty DataFrame
Columns: [0, 1, 2, 3, 4, 5, 6, 7, 8, 9]
Index: []
Clusters Ordened By clusters lenght: 
     0    1   2  3  4  5  6  7                                         8  9
335  C   56  64  *  *  *  *  *  0169ae0c-7e65-4d38-8705-a0c4a75b4a35-IGH  *
435  C  156   5  *  *  *  *  *  142b7cca-0522-4b1c-a05e-c3d242281fe6-IGH  *
343  C   64   4  *  *  *  *  *  3ae8fc19-ca02-4868-bc96-6f2506d3fa8c-IGH  *
412  C  133   4  *  *  *  *  *  b2ccb885-bcf0-4b53-8d73-ce73f94b216d-IGH  *
Clusters Ordened By clusters lenght: 
Empty DataFrame
Columns: [0, 1, 2, 3, 4, 5, 6, 7, 8, 9]
Index: []
Clusters Ordened By clusters lenght: 
Empty DataFrame
Columns: [0, 1, 2, 3, 4, 5, 6, 7, 8, 9]
Index: []
Clusters Ordened By clusters lenght: 
Empty DataFrame
Columns: [0, 1, 2, 3, 4, 5, 6, 7, 8, 9]
Index: []
Clusters Ordened By clusters lenght: 
    0  1  2  3  4  5  6  7                                         8  9
10  C  0  4  *  *  *  *  *  62d11521-1fac-4a0a-acbe-2f763201836c-IGH  *
Clusters Ordened By clusters lenght: 
    0  1   2  3  4  5  6  7                                         8  9
70  C  3  45  *  *  *  *  *  09a333e6-877d-482a-b048-5622e28d39d8-IGH  *
72  C  5   6  *  *  *  *  *  21bc2bc8-efdb-4189-b309-b64c8c7a8f07-IGH  *
Clusters Ordened By clusters lenght: 
     0    1  2  3  4  5  6  7                                         8  9
398  C  141  6  *  *  *  *  *  0004d3ad-d0f8-4626-b501-daf3eeff84e0-IGH  *
482  C  225  5  *  *  *  *  *  30964128-281c-462c-a189-e6cf9081e69b-IGH  *
289  C   32  4  *  *  *  *  *  00dad45d-9590-4735-8bea-973b59a6e0f1-IGH  *
Clusters Ordened By clusters lenght: 
Empty DataFrame
Columns: [0, 1, 2, 3, 4, 5, 6, 7, 8, 9]
Index: []
Clusters Ordened By clusters lenght: 
     0   1  2  3  4  5  6  7                                         8  9
108  C  50  5  *  *  *  *  *  4840469b-beca-46b0-8f14-7cf81c44d8e0-IGH  *
Clusters Ordened By clusters lenght: 
    0  1  2  3  4  5  6  7                                         8  9
16  C  1  6  *  *  *  *  *  4d9e47dc-980c-4f2f-bd96-52f80c857e3f-IGH  *
19  C  4  5  *  *  *  *  *  27bb702f-7f07-4ede-b259-bc2d3306b048-IGH  *
Clusters Ordened By clusters lenght: 
Empty DataFrame
Columns: [0, 1, 2, 3, 4, 5, 6, 7, 8, 9]
Index: []
Clusters Ordened By clusters lenght: 
Empty DataFrame
Columns: [0, 1, 2, 3, 4, 5, 6, 7, 8, 9]
Index: []
Clusters Ordened By clusters lenght: 
    0   1  2  3  4  5  6  7                                         8  9
99  C  40  4  *  *  *  *  *  2d91c790-4cfc-4305-bbbd-9353a0279130-IGH  *
Clusters Ordened By clusters lenght: 
Empty DataFrame
Columns: [0, 1, 2, 3, 4, 5, 6, 7, 8, 9]
Index: []
Clusters Ordened By clusters lenght: 
Empty DataFrame
Columns: [0, 1, 2, 3, 4, 5, 6, 7, 8, 9]
Index: []
Clusters Ordened By clusters lenght: 
Empty DataFrame
Columns: [0, 1, 2, 3, 4, 5, 6, 7, 8, 9]
Index: []
Clusters Ordened By clusters lenght: 
Empty DataFrame
Columns: [0, 1, 2, 3, 4, 5, 6, 7, 8, 9]
Index: []
Clusters Ordened By clusters lenght: 
     0   1   2  3  4  5  6  7                                         8  9
197  C  73  14  *  *  *  *  *  31021dc3-739f-4015-bdee-53688e5080f9-IGH  *
143  C  19  13  *  *  *  *  *  302b825b-c891-410d-91f2-9ce6f0ab600d-IGH  *
Clusters Ordened By clusters lenght: 
    0  1   2  3  4  5  6  7                                         8  9
10  C  0  10  *  *  *  *  *  1ab55ca4-b4bd-498e-8e0c-5430c703e0d1-IGH  *
Clusters Ordened By clusters lenght: 
Empty DataFrame
Columns: [0, 1, 2, 3, 4, 5, 6, 7, 8, 9]
Index: []
Clusters Ordened By clusters lenght: 
    0   1   2  3  4  5  6  7                                         8  9
94  C  17  24  *  *  *  *  *  02d9c81a-402c-4fee-a72c-d9046faf06c7-IGH  *
Clusters Ordened By clusters lenght: 
Empty DataFrame
Columns: [0, 1, 2, 3, 4, 5, 6, 7, 8, 9]
Index: []
Clusters Ordened By clusters lenght: 
Empty DataFrame
Columns: [0, 1, 2, 3, 4, 5, 6, 7, 8, 9]
Index: []
Clusters Ordened By clusters lenght: 
    0  1   2  3  4  5  6  7                                         8  9
29  C  1  19  *  *  *  *  *  1838162e-d585-4109-b0fb-a7d40ecbe397-IGH  *
28  C  0   4  *  *  *  *  *  1222c0c8-d49c-4e8b-9745-f1dbb3e80396-IGH  *
Clusters Ordened By clusters lenght: 
Empty DataFrame
Columns: [0, 1, 2, 3, 4, 5, 6, 7, 8, 9]
Index: []
Clusters Ordened By clusters lenght: 
Empty DataFrame
Columns: [0, 1, 2, 3, 4, 5, 6, 7, 8, 9]
Index: []
Clusters Ordened By clusters lenght: 
Empty DataFrame
Columns: [0, 1, 2, 3, 4, 5, 6, 7, 8, 9]
Index: []
Clusters Ordened By clusters lenght: 
Empty DataFrame
Columns: [0, 1, 2, 3, 4, 5, 6, 7, 8, 9]
Index: []
Clusters Ordened By clusters lenght: 
Empty DataFrame
Columns: [0, 1, 2, 3, 4, 5, 6, 7, 8, 9]
Index: []
Clusters Ordened By clusters lenght: 
Empty DataFrame
Columns: [0, 1, 2, 3, 4, 5, 6, 7, 8, 9]
Index: []
Clusters Ordened By clusters lenght: 
     0    1   2  3  4  5  6  7                                         8  9
386  C  130  14  *  *  *  *  *  101b59f4-6e08-427a-81d5-05476e26fafe-IGH  *
385  C  129   8  *  *  *  *  *  056955f8-b203-4c26-bd1b-fcafc1e9eb0d-IGH  *
392  C  136   6  *  *  *  *  *  455ffee6-63f1-4be4-908b-8e7c280572a4-IGH  *
334  C   78   6  *  *  *  *  *  380235f7-7bfc-4c29-8d4d-0e700090b4c0-IGH  *
292  C   36   4  *  *  *  *  *  114fd838-6bb6-4b17-a609-7a78820d1991-IGH  *
415  C  159   4  *  *  *  *  *  0752b757-f08b-4d0e-8b42-a07158560a90-IGH  *
Clusters Ordened By clusters lenght: 
Empty DataFrame
Columns: [0, 1, 2, 3, 4, 5, 6, 7, 8, 9]
Index: []
Clusters Ordened By clusters lenght: 
     0    1  2  3  4  5  6  7                                         8  9
300  C   71  5  *  *  *  *  *  01ffcb0e-4b9d-45c9-bd45-9f5663ba919c-IGH  *
301  C   72  5  *  *  *  *  *  0e575ab7-bd35-49f7-8cb0-fb267708d8a8-IGH  *
285  C   56  4  *  *  *  *  *  3b2dc6e4-37df-41b6-b524-e32574df198d-IGH  *
378  C  149  4  *  *  *  *  *  7179498d-2ce5-4cb4-ae49-509dd80d72da-IGH  *
Clusters Ordened By clusters lenght: 
Empty DataFrame
Columns: [0, 1, 2, 3, 4, 5, 6, 7, 8, 9]
Index: []
Clusters Ordened By clusters lenght: 
    0  1  2  3  4  5  6  7                                         8  9
16  C  3  6  *  *  *  *  *  092f307c-6fc2-4222-888d-5fb4475c366f-IGH  *
Clusters Ordened By clusters lenght: 
    0   1  2  3  4  5  6  7                                         8  9
34  C  13  5  *  *  *  *  *  3626d0c3-b020-4ff8-a7c7-b2adfdae6ac2-IGH  *
Clusters Ordened By clusters lenght: 
Empty DataFrame
Columns: [0, 1, 2, 3, 4, 5, 6, 7, 8, 9]
Index: []
Clusters Ordened By clusters lenght: 
Empty DataFrame
Columns: [0, 1, 2, 3, 4, 5, 6, 7, 8, 9]
Index: []
Clusters Ordened By clusters lenght: 
    0  1  2  3  4  5  6  7                                         8  9
57  C  2  4  *  *  *  *  *  31bc6d44-3b1c-447b-987a-dcc9c5e4a76a-IGH  *
Clusters Ordened By clusters lenght: 
    0  1   2  3  4  5  6  7                                         8  9
15  C  0  10  *  *  *  *  *  176a088c-d935-4b2f-a184-cdfeaa5cadb2-IGH  *
Clusters Ordened By clusters lenght: 
Empty DataFrame
Columns: [0, 1, 2, 3, 4, 5, 6, 7, 8, 9]
Index: []
Clusters Ordened By clusters lenght: 
Empty DataFrame
Columns: [0, 1, 2, 3, 4, 5, 6, 7, 8, 9]
Index: []
Clusters Ordened By clusters lenght: 
Empty DataFrame
Columns: [0, 1, 2, 3, 4, 5, 6, 7, 8, 9]
Index: []
Clusters Ordened By clusters lenght: 
    0  1   2  3  4  5  6  7                                         8  9
55  C  1  16  *  *  *  *  *  0147bd37-17f7-431c-b970-15931153b8b2-IGH  *
Clusters Ordened By clusters lenght: 
Empty DataFrame
Columns: [0, 1, 2, 3, 4, 5, 6, 7, 8, 9]
Index: []
Clusters Ordened By clusters lenght: 
Empty DataFrame
Columns: [0, 1, 2, 3, 4, 5, 6, 7, 8, 9]
Index: []
Clusters Ordened By clusters lenght: 
Empty DataFrame
Columns: [0, 1, 2, 3, 4, 5, 6, 7, 8, 9]
Index: []
Clusters Ordened By clusters lenght: 
Empty DataFrame
Columns: [0, 1, 2, 3, 4, 5, 6, 7, 8, 9]
Index: []
Clusters Ordened By clusters lenght: 
   0  1  2  3  4  5  6  7                                         8  9
6  C  0  4  *  *  *  *  *  40a6b885-4c5d-4a97-8059-1e6a4093edbb-IGH  *
Clusters Ordened By clusters lenght: 
    0  1  2  3  4  5  6  7                                         8  9
21  C  6  5  *  *  *  *  *  0e96563b-19cb-4450-bc23-5e2deb32ebcc-IGH  *
Clusters Ordened By clusters lenght: 
    0  1  2  3  4  5  6  7                                         8  9
45  C  3  4  *  *  *  *  *  90796011-ca1d-4271-936e-f78980794848-IGH  *
Clusters Ordened By clusters lenght: 
    0  1   2  3  4  5  6  7                                         8  9
35  C  8  11  *  *  *  *  *  105fedb3-7c7b-4e7e-8fce-5d3535c6783d-IGH  *
Clusters Ordened By clusters lenght: 
Empty DataFrame
Columns: [0, 1, 2, 3, 4, 5, 6, 7, 8, 9]
Index: []
Clusters Ordened By clusters lenght: 
    0  1  2  3  4  5  6  7                                         8  9
10  C  1  8  *  *  *  *  *  5e563348-f642-474b-9596-7833b058231f-IGH  *
Clusters Ordened By clusters lenght: 
    0   1  2  3  4  5  6  7                                         8  9
45  C  11  9  *  *  *  *  *  08970408-ec2f-4869-8f1a-69421b9b7999-IGH  *
Clusters Ordened By clusters lenght: 
Empty DataFrame
Columns: [0, 1, 2, 3, 4, 5, 6, 7, 8, 9]
Index: []
Clusters Ordened By clusters lenght: 
Empty DataFrame
Columns: [0, 1, 2, 3, 4, 5, 6, 7, 8, 9]
Index: []
Clusters Ordened By clusters lenght: 
Empty DataFrame
Columns: [0, 1, 2, 3, 4, 5, 6, 7, 8, 9]
Index: []
Clusters Ordened By clusters lenght: 
Empty DataFrame
Columns: [0, 1, 2, 3, 4, 5, 6, 7, 8, 9]
Index: []
Clusters Ordened By clusters lenght: 
       0     1    2  3  4  5  6  7                                         8  9
9672   C  2783  138  *  *  *  *  *  013739ce-c414-437a-a640-7dd033ee9088-IGH  *
10275  C  3386   64  *  *  *  *  *  055fd0ba-9b94-46ec-8ba8-60ac8fe0fbf8-IGH  *
9686   C  2797   34  *  *  *  *  *  0514d8f1-f575-4c40-9e9a-d8fc972f6c0a-IGH  *
11135  C  4246   31  *  *  *  *  *  1dce3462-7ce2-4849-8ede-412088e3ef4a-IGH  *
11570  C  4681   24  *  *  *  *  *  09a333e6-877d-482a-b048-5622e28d39d8-IGH  *
...   ..   ...  ... .. .. .. .. ..                                       ... ..
11484  C  4595    4  *  *  *  *  *  65ae7cc4-99e5-41c9-8f30-71c2ed2411ca-IGH  *
11528  C  4639    4  *  *  *  *  *  3da9339c-355e-4d56-a14c-b478e0276a6a-IGH  *
11514  C  4625    4  *  *  *  *  *  0d15e027-8392-4c3a-9fe5-2e82f6c5bffc-IGH  *
11576  C  4687    4  *  *  *  *  *  2da7b5ad-94ee-4cb5-84b7-48c02d751753-IGH  *
11577  C  4688    4  *  *  *  *  *  3aed0262-69b2-4119-89ae-90d4222a0a98-IGH  *

[201 rows x 10 columns]
Clusters Ordened By clusters lenght: 
     0   1   2  3  4  5  6  7                                         8  9
232  C  69  12  *  *  *  *  *  0aabd4b4-b017-4d7a-81c6-1d619e89bfcd-IGH  *
216  C  53   7  *  *  *  *  *  596bb227-b6f6-4cb8-aa93-b1cf0ad08215-IGH  *
202  C  39   4  *  *  *  *  *  00773632-5be7-4b36-98b9-47079fd81d88-IGH  *
241  C  78   4  *  *  *  *  *  5c97b1ae-157b-4262-ae1e-a581cd67eb2b-IGH  *
Clusters Ordened By clusters lenght: 
Empty DataFrame
Columns: [0, 1, 2, 3, 4, 5, 6, 7, 8, 9]
Index: []
Clusters Ordened By clusters lenght: 
Empty DataFrame
Columns: [0, 1, 2, 3, 4, 5, 6, 7, 8, 9]
Index: []
Clusters Ordened By clusters lenght: 
    0  1  2  3  4  5  6  7                                         8  9
25  C  1  9  *  *  *  *  *  194ab34a-26bf-484c-a16a-56ac834c7935-IGH  *
26  C  2  8  *  *  *  *  *  2bdcefc8-d5fb-408a-adbf-87591145c732-IGH  *
Clusters Ordened By clusters lenght: 
Empty DataFrame
Columns: [0, 1, 2, 3, 4, 5, 6, 7, 8, 9]
Index: []
Clusters Ordened By clusters lenght: 
Empty DataFrame
Columns: [0, 1, 2, 3, 4, 5, 6, 7, 8, 9]
Index: []
Clusters Ordened By clusters lenght: 
Empty DataFrame
Columns: [0, 1, 2, 3, 4, 5, 6, 7, 8, 9]
Index: []
Clusters Ordened By clusters lenght: 
    0  1  2  3  4  5  6  7                                         8  9
39  C  6  4  *  *  *  *  *  4e53910b-2928-4bb7-9e4b-201fd87354a1-IGH  *
Clusters Ordened By clusters lenght: 
Empty DataFrame
Columns: [0, 1, 2, 3, 4, 5, 6, 7, 8, 9]
Index: []
Clusters Ordened By clusters lenght: 
    0  1   2  3  4  5  6  7                                         8  9
77  C  2  62  *  *  *  *  *  0274d1cd-71fc-47f6-84c6-2f8141a2cc7c-IGH  *
Clusters Ordened By clusters lenght: 
Empty DataFrame
Columns: [0, 1, 2, 3, 4, 5, 6, 7, 8, 9]
Index: []
Clusters Ordened By clusters lenght: 
    0  1  2  3  4  5  6  7                                         8  9
13  C  0  6  *  *  *  *  *  24334475-1c5a-4e16-b1a1-cc5d24ea89bb-IGH  *
Clusters Ordened By clusters lenght: 
   0  1  2  3  4  5  6  7                                         8  9
9  C  0  4  *  *  *  *  *  12555ae7-3b98-4920-b8a5-c0ccded65c60-IGH  *
Clusters Ordened By clusters lenght: 
Empty DataFrame
Columns: [0, 1, 2, 3, 4, 5, 6, 7, 8, 9]
Index: []
Clusters Ordened By clusters lenght: 
Empty DataFrame
Columns: [0, 1, 2, 3, 4, 5, 6, 7, 8, 9]
Index: []
Clusters Ordened By clusters lenght: 
Empty DataFrame
Columns: [0, 1, 2, 3, 4, 5, 6, 7, 8, 9]
Index: []
Clusters Ordened By clusters lenght: 
Empty DataFrame
Columns: [0, 1, 2, 3, 4, 5, 6, 7, 8, 9]
Index: []
Clusters Ordened By clusters lenght: 
Empty DataFrame
Columns: [0, 1, 2, 3, 4, 5, 6, 7, 8, 9]
Index: []
Clusters Ordened By clusters lenght: 
   0  1  2  3  4  5  6  7                                         8  9
9  C  0  6  *  *  *  *  *  0c60ef4a-dff1-4715-9ecd-c00ba4c7087c-IGH  *
Clusters Ordened By clusters lenght: 
Empty DataFrame
Columns: [0, 1, 2, 3, 4, 5, 6, 7, 8, 9]
Index: []
Clusters Ordened By clusters lenght: 
Empty DataFrame
Columns: [0, 1, 2, 3, 4, 5, 6, 7, 8, 9]
Index: []
Clusters Ordened By clusters lenght: 
    0   1  2  3  4  5  6  7                                         8  9
45  C   9  4  *  *  *  *  *  1c8b4d01-3600-42a8-babb-d3dad2cd68e8-IGH  *
47  C  11  4  *  *  *  *  *  2e91ae2e-8099-4a90-9918-8383063c8120-IGH  *
Clusters Ordened By clusters lenght: 
Empty DataFrame
Columns: [0, 1, 2, 3, 4, 5, 6, 7, 8, 9]
Index: []
Clusters Ordened By clusters lenght: 
Empty DataFrame
Columns: [0, 1, 2, 3, 4, 5, 6, 7, 8, 9]
Index: []
Clusters Ordened By clusters lenght: 
    0  1  2  3  4  5  6  7                                         8  9
11  C  0  6  *  *  *  *  *  5f755006-77d1-4d86-af98-4d9d4787f5c9-IGH  *
Clusters Ordened By clusters lenght: 
Empty DataFrame
Columns: [0, 1, 2, 3, 4, 5, 6, 7, 8, 9]
Index: []
Clusters Ordened By clusters lenght: 
    0  1   2  3  4  5  6  7                                         8  9
39  C  0  31  *  *  *  *  *  04730a20-8d6f-4f63-97e8-e1c4cf313828-IGH  *
Clusters Ordened By clusters lenght: 
Empty DataFrame
Columns: [0, 1, 2, 3, 4, 5, 6, 7, 8, 9]
Index: []
Clusters Ordened By clusters lenght: 
    0   1  2  3  4  5  6  7                                         8  9
63  C  14  8  *  *  *  *  *  4940d053-0bc3-4352-97f3-bb3f9930e9b6-IGH  *
Clusters Ordened By clusters lenght: 
Empty DataFrame
Columns: [0, 1, 2, 3, 4, 5, 6, 7, 8, 9]
Index: []
Clusters Ordened By clusters lenght: 
Empty DataFrame
Columns: [0, 1, 2, 3, 4, 5, 6, 7, 8, 9]
Index: []
Clusters Ordened By clusters lenght: 
Empty DataFrame
Columns: [0, 1, 2, 3, 4, 5, 6, 7, 8, 9]
Index: []
Clusters Ordened By clusters lenght: 
    0  1  2  3  4  5  6  7                                         8  9
24  C  1  5  *  *  *  *  *  83f0eedc-e9ee-4667-b23c-063dae32f0c5-IGH  *
Clusters Ordened By clusters lenght: 
Empty DataFrame
Columns: [0, 1, 2, 3, 4, 5, 6, 7, 8, 9]
Index: []
Clusters Ordened By clusters lenght: 
Empty DataFrame
Columns: [0, 1, 2, 3, 4, 5, 6, 7, 8, 9]
Index: []
Clusters Ordened By clusters lenght: 
Empty DataFrame
Columns: [0, 1, 2, 3, 4, 5, 6, 7, 8, 9]
Index: []
Clusters Ordened By clusters lenght: 
Empty DataFrame
Columns: [0, 1, 2, 3, 4, 5, 6, 7, 8, 9]
Index: []
Clusters Ordened By clusters lenght: 
    0  1  2  3  4  5  6  7                                         8  9
42  C  5  4  *  *  *  *  *  4ae5e286-01a6-4462-bb71-a16b676bdb6d-IGH  *
Clusters Ordened By clusters lenght: 
    0  1  2  3  4  5  6  7                                         8  9
14  C  1  5  *  *  *  *  *  24b765c7-4ec2-4a88-a9c2-69f948e5a828-IGH  *
16  C  3  5  *  *  *  *  *  d6880ae8-9581-4820-832b-5b35c07b1f97-IGH  *
Clusters Ordened By clusters lenght: 
    0  1   2  3  4  5  6  7                                         8  9
23  C  1  20  *  *  *  *  *  125e112d-b81e-4e51-ae7c-bda3cc877d9b-IGH  *
Clusters Ordened By clusters lenght: 
Empty DataFrame
Columns: [0, 1, 2, 3, 4, 5, 6, 7, 8, 9]
Index: []
Clusters Ordened By clusters lenght: 
    0  1  2  3  4  5  6  7                                         8  9
77  C  2  5  *  *  *  *  *  f1adf23b-c154-48d5-97dd-37650703d87b-IGH  *
Clusters Ordened By clusters lenght: 
    0  1  2  3  4  5  6  7                                         8  9
24  C  0  5  *  *  *  *  *  2408f38b-ea63-4765-a858-3f3f5ec11df9-IGH  *
32  C  8  5  *  *  *  *  *  50eb79a5-b796-4879-a46c-ca2a95608c42-IGH  *
28  C  4  4  *  *  *  *  *  120b3f5b-3023-4318-b210-d69e0c792532-IGH  *
Clusters Ordened By clusters lenght: 
Empty DataFrame
Columns: [0, 1, 2, 3, 4, 5, 6, 7, 8, 9]
Index: []
Clusters Ordened By clusters lenght: 
     0    1  2  3  4  5  6  7                                         8  9
384  C  110  8  *  *  *  *  *  01ec3a89-9870-4495-ab30-114776fce588-IGH  *
395  C  121  7  *  *  *  *  *  597a5c55-030f-4564-a21c-37519a18eeef-IGH  *
429  C  155  6  *  *  *  *  *  12a9872d-4bf6-45c9-a987-8f7081511392-IGH  *
449  C  175  5  *  *  *  *  *  0aa4a8de-8dd5-4f6e-804c-3c1823f855e7-IGH  *
Clusters Ordened By clusters lenght: 
    0  1   2  3  4  5  6  7                                         8  9
45  C  3  12  *  *  *  *  *  1bd775d7-31bd-4e76-8e28-4b443f1bc6cb-IGH  *
Clusters Ordened By clusters lenght: 
Empty DataFrame
Columns: [0, 1, 2, 3, 4, 5, 6, 7, 8, 9]
Index: []
Clusters Ordened By clusters lenght: 
Empty DataFrame
Columns: [0, 1, 2, 3, 4, 5, 6, 7, 8, 9]
Index: []
Clusters Ordened By clusters lenght: 
Empty DataFrame
Columns: [0, 1, 2, 3, 4, 5, 6, 7, 8, 9]
Index: []
Clusters Ordened By clusters lenght: 
    0   1  2  3  4  5  6  7                                         8  9
46  C  11  6  *  *  *  *  *  55b7c52f-dcca-4fd3-b6c8-1ab7f55ab9f7-IGH  *
40  C   5  4  *  *  *  *  *  740ff977-c008-4861-ad36-0cfd6d87115e-IGH  *
Clusters Ordened By clusters lenght: 
Empty DataFrame
Columns: [0, 1, 2, 3, 4, 5, 6, 7, 8, 9]
Index: []
Clusters Ordened By clusters lenght: 
Empty DataFrame
Columns: [0, 1, 2, 3, 4, 5, 6, 7, 8, 9]
Index: []
Clusters Ordened By clusters lenght: 
    0  1  2  3  4  5  6  7                                         8  9
13  C  0  6  *  *  *  *  *  11a8dd3b-c128-40bc-9568-b179377f31c7-IGH  *
Clusters Ordened By clusters lenght: 
Empty DataFrame
Columns: [0, 1, 2, 3, 4, 5, 6, 7, 8, 9]
Index: []
Clusters Ordened By clusters lenght: 
Empty DataFrame
Columns: [0, 1, 2, 3, 4, 5, 6, 7, 8, 9]
Index: []
Clusters Ordened By clusters lenght: 
Empty DataFrame
Columns: [0, 1, 2, 3, 4, 5, 6, 7, 8, 9]
Index: []
Clusters Ordened By clusters lenght: 
Empty DataFrame
Columns: [0, 1, 2, 3, 4, 5, 6, 7, 8, 9]
Index: []
Clusters Ordened By clusters lenght: 
Empty DataFrame
Columns: [0, 1, 2, 3, 4, 5, 6, 7, 8, 9]
Index: []
Clusters Ordened By clusters lenght: 
Empty DataFrame
Columns: [0, 1, 2, 3, 4, 5, 6, 7, 8, 9]
Index: []
Clusters Ordened By clusters lenght: 
Empty DataFrame
Columns: [0, 1, 2, 3, 4, 5, 6, 7, 8, 9]
Index: []
Clusters Ordened By clusters lenght: 
Empty DataFrame
Columns: [0, 1, 2, 3, 4, 5, 6, 7, 8, 9]
Index: []
Clusters Ordened By clusters lenght: 
     0    1   2  3  4  5  6  7                                         8  9
479  C   75  21  *  *  *  *  *  7e715a99-45a2-40c4-b562-8c5f342737eb-IGH  *
405  C    1  14  *  *  *  *  *  05fc23fd-dbe3-4cec-929c-ef25666d3bcc-IGH  *
467  C   63  13  *  *  *  *  *  1515d627-e374-4cbd-80c8-9ba811ec384d-IGH  *
469  C   65  11  *  *  *  *  *  274c4021-0308-40fa-a196-d1ea8859be4d-IGH  *
639  C  235  11  *  *  *  *  *  1adf518e-88cd-47d5-b00a-450e11334783-IGH  *
437  C   33   8  *  *  *  *  *  0673154d-11ea-477e-9cd0-c34a83732eeb-IGH  *
500  C   96   8  *  *  *  *  *  1797246a-cad1-4906-aa99-fcf7a1a9e0d4-IGH  *
604  C  200   8  *  *  *  *  *  02efe50d-08f8-4bb1-aa19-c63a2a111164-IGH  *
436  C   32   7  *  *  *  *  *  01f34f06-0e8e-4596-944f-84cff2b6a1cb-IGH  *
478  C   74   5  *  *  *  *  *  6fdf2074-600b-4747-b7e7-0ae17c75a005-IGH  *
652  C  248   5  *  *  *  *  *  0541946a-0099-4c65-8054-24395cc2f4bd-IGH  *
594  C  190   5  *  *  *  *  *  77f89526-1504-42a9-a640-31d2b0803fd2-IGH  *
608  C  204   5  *  *  *  *  *  174fed37-3ef6-4404-bfcc-e23fc206ec16-IGH  *
440  C   36   4  *  *  *  *  *  2d39ed6a-da0c-4865-bffb-452b1656ca4d-IGH  *
501  C   97   4  *  *  *  *  *  23a46fa8-943c-44a8-99b3-04963dfbfdfb-IGH  *
646  C  242   4  *  *  *  *  *  7d178762-3940-4fc5-80a0-9a9a6acef40f-IGH  *
Clusters Ordened By clusters lenght: 
     0   1  2  3  4  5  6  7                                         8  9
163  C  53  7  *  *  *  *  *  1eb6f8b8-fd94-4db2-aa55-257f53d42035-IGH  *
Clusters Ordened By clusters lenght: 
Empty DataFrame
Columns: [0, 1, 2, 3, 4, 5, 6, 7, 8, 9]
Index: []
Clusters Ordened By clusters lenght: 
Empty DataFrame
Columns: [0, 1, 2, 3, 4, 5, 6, 7, 8, 9]
Index: []
Clusters Ordened By clusters lenght: 
Empty DataFrame
Columns: [0, 1, 2, 3, 4, 5, 6, 7, 8, 9]
Index: []
Clusters Ordened By clusters lenght: 
Empty DataFrame
Columns: [0, 1, 2, 3, 4, 5, 6, 7, 8, 9]
Index: []
Clusters Ordened By clusters lenght: 
   0  1  2  3  4  5  6  7                                         8  9
8  C  1  5  *  *  *  *  *  000682d5-e9b0-42fb-bc4a-0d6be9ea80f5-IGH  *
Clusters Ordened By clusters lenght: 
Empty DataFrame
Columns: [0, 1, 2, 3, 4, 5, 6, 7, 8, 9]
Index: []
Clusters Ordened By clusters lenght: 
Empty DataFrame
Columns: [0, 1, 2, 3, 4, 5, 6, 7, 8, 9]
Index: []
Clusters Ordened By clusters lenght: 
Empty DataFrame
Columns: [0, 1, 2, 3, 4, 5, 6, 7, 8, 9]
Index: []
Clusters Ordened By clusters lenght: 
Empty DataFrame
Columns: [0, 1, 2, 3, 4, 5, 6, 7, 8, 9]
Index: []
Clusters Ordened By clusters lenght: 
Empty DataFrame
Columns: [0, 1, 2, 3, 4, 5, 6, 7, 8, 9]
Index: []
Clusters Ordened By clusters lenght: 
Empty DataFrame
Columns: [0, 1, 2, 3, 4, 5, 6, 7, 8, 9]
Index: []
Clusters Ordened By clusters lenght: 
Empty DataFrame
Columns: [0, 1, 2, 3, 4, 5, 6, 7, 8, 9]
Index: []
Clusters Ordened By clusters lenght: 
Empty DataFrame
Columns: [0, 1, 2, 3, 4, 5, 6, 7, 8, 9]
Index: []
Clusters Ordened By clusters lenght: 
Empty DataFrame
Columns: [0, 1, 2, 3, 4, 5, 6, 7, 8, 9]
Index: []
Clusters Ordened By clusters lenght: 
    0  1  2  3  4  5  6  7                                         8  9
10  C  0  7  *  *  *  *  *  3aed0262-69b2-4119-89ae-90d4222a0a98-IGH  *
Clusters Ordened By clusters lenght: 
Empty DataFrame
Columns: [0, 1, 2, 3, 4, 5, 6, 7, 8, 9]
Index: []
Clusters Ordened By clusters lenght: 
    0   1  2  3  4  5  6  7                                         8  9
69  C  26  5  *  *  *  *  *  597e17ca-7f0c-4b25-b5a0-5bdea17c61ae-IGH  *
Clusters Ordened By clusters lenght: 
Empty DataFrame
Columns: [0, 1, 2, 3, 4, 5, 6, 7, 8, 9]
Index: []
Clusters Ordened By clusters lenght: 
Empty DataFrame
Columns: [0, 1, 2, 3, 4, 5, 6, 7, 8, 9]
Index: []
Clusters Ordened By clusters lenght: 
    0  1   2  3  4  5  6  7                                         8  9
23  C  3  13  *  *  *  *  *  020da1a7-0085-43cc-a200-ffe3d2ca9f13-IGH  *
Clusters Ordened By clusters lenght: 
Empty DataFrame
Columns: [0, 1, 2, 3, 4, 5, 6, 7, 8, 9]
Index: []
Clusters Ordened By clusters lenght: 
Empty DataFrame
Columns: [0, 1, 2, 3, 4, 5, 6, 7, 8, 9]
Index: []
Clusters Ordened By clusters lenght: 
Empty DataFrame
Columns: [0, 1, 2, 3, 4, 5, 6, 7, 8, 9]
Index: []
Clusters Ordened By clusters lenght: 
Empty DataFrame
Columns: [0, 1, 2, 3, 4, 5, 6, 7, 8, 9]
Index: []
Clusters Ordened By clusters lenght: 
   0  1  2  3  4  5  6  7                                         8  9
6  C  0  4  *  *  *  *  *  097e9169-3e4e-40c2-bb76-87ac07ef493f-IGH  *
Clusters Ordened By clusters lenght: 
Empty DataFrame
Columns: [0, 1, 2, 3, 4, 5, 6, 7, 8, 9]
Index: []
Clusters Ordened By clusters lenght: 
     0    1  2  3  4  5  6  7                                         8  9
480  C  173  8  *  *  *  *  *  048e2a20-36d7-46fc-90e8-2da74d37931c-IGH  *
493  C  186  4  *  *  *  *  *  57262a8b-6edf-4bc5-a639-29903977d7c0-IGH  *
518  C  211  4  *  *  *  *  *  2c6bfe3a-e4da-4ab1-827b-0def93dee195-IGH  *
Clusters Ordened By clusters lenght: 
Empty DataFrame
Columns: [0, 1, 2, 3, 4, 5, 6, 7, 8, 9]
Index: []
Clusters Ordened By clusters lenght: 
Empty DataFrame
Columns: [0, 1, 2, 3, 4, 5, 6, 7, 8, 9]
Index: []
Clusters Ordened By clusters lenght: 
Empty DataFrame
Columns: [0, 1, 2, 3, 4, 5, 6, 7, 8, 9]
Index: []
Clusters Ordened By clusters lenght: 
      0     1    2  3  4  5  6  7                                         8  9
3999  C  1179  147  *  *  *  *  *  0254a873-764f-45e6-b09a-4d2e868328ad-IGH  *
4009  C  1189   72  *  *  *  *  *  13993dfd-e6a2-4997-9ba4-c20b311e4047-IGH  *
3746  C   926   30  *  *  *  *  *  10c690c8-f5ed-4ef0-ad05-728154fa639c-IGH  *
2951  C   131   21  *  *  *  *  *  3c37c10d-525c-470a-ba01-bdddb7ec9b37-IGH  *
3479  C   659   18  *  *  *  *  *  18e5d49a-e270-4ea7-b55e-e821d5eb992b-IGH  *
4261  C  1441   16  *  *  *  *  *  1b30619e-94fb-410a-92a4-721321ff7d74-IGH  *
4243  C  1423   14  *  *  *  *  *  020da1a7-0085-43cc-a200-ffe3d2ca9f13-IGH  *
4654  C  1834   12  *  *  *  *  *  29ab1db4-690b-445f-87ab-c6371a601a4f-IGH  *
3739  C   919   11  *  *  *  *  *  7bc4b660-d381-4924-ad4e-36e3537e74c5-IGH  *
3068  C   248    9  *  *  *  *  *  23af2df1-baf7-4d46-aa68-9672f1d5a3ec-IGH  *
3485  C   665    8  *  *  *  *  *  1a792b0f-ac57-49c2-8417-70d1b044988a-IGH  *
4282  C  1462    8  *  *  *  *  *  2b77c694-b0a5-4ccc-a57f-afd5d58d3d86-IGH  *
3764  C   944    8  *  *  *  *  *  2955e348-2dcf-4d93-949e-971fdcb8992b-IGH  *
3578  C   758    8  *  *  *  *  *  5fb7f53c-ede8-4b39-b92c-e83f497873ee-IGH  *
3061  C   241    8  *  *  *  *  *  1c03bbf8-2e97-463d-b197-5e71323c4755-IGH  *
3098  C   278    8  *  *  *  *  *  429a7267-e0cd-47fc-a645-b269f15196c2-IGH  *
4659  C  1839    7  *  *  *  *  *  311097d4-2cdf-47fe-b306-3f7ac8f0fb5c-IGH  *
4255  C  1435    7  *  *  *  *  *  1309def6-bcaf-48b8-b287-445eff7f90fb-IGH  *
3069  C   249    7  *  *  *  *  *  254a136b-b39d-4417-801f-acb1d2638ef1-IGH  *
2825  C     5    6  *  *  *  *  *  3985d461-d1c4-43d1-a2b5-b67a49f7d04a-IGH  *
3745  C   925    6  *  *  *  *  *  10b658b3-2960-4c57-8e68-ab51318c4928-IGH  *
4051  C  1231    6  *  *  *  *  *  3dc798dc-1d44-4880-97dc-dfabadb266a6-IGH  *
4253  C  1433    6  *  *  *  *  *  10d991f5-fde8-43d5-8701-1b3b58dec368-IGH  *
2840  C    20    5  *  *  *  *  *  1733083c-2412-4a2d-aab9-0ac1efa3d5ba-IGH  *
4510  C  1690    5  *  *  *  *  *  2a34dd06-c7d9-4467-a6db-d9df4feb8636-IGH  *
4286  C  1466    5  *  *  *  *  *  309622d6-a307-480e-8aa3-9ffda9c4f6ce-IGH  *
4142  C  1322    5  *  *  *  *  *  a4e44194-60b2-4e2a-9e0a-bf089901f096-IGH  *
4017  C  1197    5  *  *  *  *  *  19c8f885-03cd-461e-a04f-c77232dab875-IGH  *
3467  C   647    5  *  *  *  *  *  10d42544-81da-4827-aeec-fad9f6a81b4e-IGH  *
3497  C   677    5  *  *  *  *  *  20761f73-0c94-4022-902c-66963465d1ec-IGH  *
3381  C   561    4  *  *  *  *  *  9d5f6ad7-c78e-47ed-b8b2-5fad228468d0-IGH  *
3231  C   411    4  *  *  *  *  *  0af456e7-a321-47fa-8b01-f29ce57aafd7-IGH  *
3050  C   230    4  *  *  *  *  *  13a045ab-b4a1-48b4-b799-e085bd483c26-IGH  *
3058  C   238    4  *  *  *  *  *  17de4f22-7e04-422f-b91d-3ea04f09ed05-IGH  *
3097  C   277    4  *  *  *  *  *  41859fc0-f353-4ea5-885a-6019b6c691bb-IGH  *
2858  C    38    4  *  *  *  *  *  4878d4e8-6243-4418-bf13-6b706f29dfc2-IGH  *
3633  C   813    4  *  *  *  *  *  9a66b949-47ba-442d-a4d7-55819e4417cf-IGH  *
3281  C   461    4  *  *  *  *  *  3ea53544-81f3-49a8-a1ce-9bb0f2b489a8-IGH  *
4036  C  1216    4  *  *  *  *  *  2ef8164d-df3b-4c16-9e44-5d783f93889c-IGH  *
4046  C  1226    4  *  *  *  *  *  36025b62-43cf-4267-b073-35d2ebd2249a-IGH  *
3770  C   950    4  *  *  *  *  *  2e826668-683c-40eb-9b7f-7ce4045230b8-IGH  *
3778  C   958    4  *  *  *  *  *  35118fda-f768-4fbc-b91e-e87d9a0d93ee-IGH  *
3798  C   978    4  *  *  *  *  *  46608c64-e51a-4bfa-9995-5ba2419c54cf-IGH  *
3821  C  1001    4  *  *  *  *  *  59dacae8-7433-41bb-a157-8b7b4531df2d-IGH  *
4059  C  1239    4  *  *  *  *  *  48b99950-1754-4314-ac18-70e6fb1d51c1-IGH  *
4279  C  1459    4  *  *  *  *  *  28c75bf4-2003-4f26-b473-224aa5e2548f-IGH  *
4252  C  1432    4  *  *  *  *  *  0f697f68-c5a8-42b2-93b1-72907ae95226-IGH  *
4269  C  1449    4  *  *  *  *  *  1f537296-007e-410d-9c51-ea46260c34ac-IGH  *
4535  C  1715    4  *  *  *  *  *  50f4df14-0e6f-44b7-915b-78e04c59ae40-IGH  *
4284  C  1464    4  *  *  *  *  *  300f5765-f52b-462e-85fc-1f241c9ab6e4-IGH  *
4655  C  1835    4  *  *  *  *  *  2ca86b0c-950d-4913-8ffc-06d15db48788-IGH  *
4725  C  1905    4  *  *  *  *  *  1ce1b32a-c98e-49b5-97f4-8f147548d722-IGH  *
Clusters Ordened By clusters lenght: 
    0  1   2  3  4  5  6  7                                         8  9
22  C  1  15  *  *  *  *  *  36424733-1d49-45a8-9fb9-1c47b8673eb0-IGH  *
Clusters Ordened By clusters lenght: 
     0    1  2  3  4  5  6  7                                         8  9
632  C  140  9  *  *  *  *  *  0a94a620-f7fe-43f0-805a-5afc22bf29af-IGH  *
577  C   85  5  *  *  *  *  *  48321f40-2d1b-429c-a7cc-7030823a1af2-IGH  *
629  C  137  5  *  *  *  *  *  02746980-a66b-4d21-9df8-2d0f650d29fa-IGH  *
741  C  249  5  *  *  *  *  *  1c1882a5-b1b2-4356-bce7-e6a5c7668b64-IGH  *
601  C  109  4  *  *  *  *  *  8f70a4cf-4607-4698-a70b-746649fd1bad-IGH  *
743  C  251  4  *  *  *  *  *  246174ed-d9c8-4eb0-8c5f-8e361f4798f4-IGH  *
759  C  267  4  *  *  *  *  *  693bd8eb-720f-471f-93eb-ecd7ba9f0e51-IGH  *
762  C  270  4  *  *  *  *  *  776b5c10-c708-40f4-ab9e-3508b334d64d-IGH  *
Clusters Ordened By clusters lenght: 
Empty DataFrame
Columns: [0, 1, 2, 3, 4, 5, 6, 7, 8, 9]
Index: []
Clusters Ordened By clusters lenght: 
Empty DataFrame
Columns: [0, 1, 2, 3, 4, 5, 6, 7, 8, 9]
Index: []
Clusters Ordened By clusters lenght: 
Empty DataFrame
Columns: [0, 1, 2, 3, 4, 5, 6, 7, 8, 9]
Index: []
Clusters Ordened By clusters lenght: 
     0    1  2  3  4  5  6  7                                         8  9
268  C   77  6  *  *  *  *  *  6394fbc9-55e9-4bf2-97cb-54813037a0f9-IGH  *
321  C  130  4  *  *  *  *  *  222e027c-49ac-42f5-ad98-83f48ed2daed-IGH  *
Clusters Ordened By clusters lenght: 
     0   1  2  3  4  5  6  7                                         8  9
204  C   2  9  *  *  *  *  *  10acee23-4309-4fc9-a6f8-6cae0dc21c59-IGH  *
263  C  61  7  *  *  *  *  *  53811a03-fc89-4293-b46e-0dfcbb225968-IGH  *
205  C   3  4  *  *  *  *  *  191797fd-0e87-4e6e-a8d2-9715d987351b-IGH  *
268  C  66  4  *  *  *  *  *  838df146-4290-4d75-a51a-f6dda29862fe-IGH  *
Clusters Ordened By clusters lenght: 
Empty DataFrame
Columns: [0, 1, 2, 3, 4, 5, 6, 7, 8, 9]
Index: []
Clusters Ordened By clusters lenght: 
Empty DataFrame
Columns: [0, 1, 2, 3, 4, 5, 6, 7, 8, 9]
Index: []
Clusters Ordened By clusters lenght: 
Empty DataFrame
Columns: [0, 1, 2, 3, 4, 5, 6, 7, 8, 9]
Index: []
Clusters Ordened By clusters lenght: 
Empty DataFrame
Columns: [0, 1, 2, 3, 4, 5, 6, 7, 8, 9]
Index: []
Clusters Ordened By clusters lenght: 
    0  1  2  3  4  5  6  7                                         8  9
12  C  0  4  *  *  *  *  *  1497e396-b9cb-4d8c-9c0f-1b070dee4f86-IGH  *
Clusters Ordened By clusters lenght: 
    0  1  2  3  4  5  6  7                                         8  9
15  C  0  6  *  *  *  *  *  305f1ce7-6267-48bc-8a2a-b53e67166c19-IGH  *
Clusters Ordened By clusters lenght: 
     0    1   2  3  4  5  6  7                                         8  9
490  C  167  10  *  *  *  *  *  0726af84-1374-4b97-a85d-7407c4697048-IGH  *
538  C  215   5  *  *  *  *  *  0862c1c7-cad7-4644-b5d7-5d3c44c43c90-IGH  *
397  C   74   4  *  *  *  *  *  2d8026bd-2cc9-400a-89fe-7ce18966dfcc-IGH  *
Clusters Ordened By clusters lenght: 
      0     1    2  3  4  5  6  7                                         8  9
7407  C  1246  271  *  *  *  *  *  0065bda8-0853-4c44-91b7-b2408e59c3ac-IGH  *
7431  C  1270  155  *  *  *  *  *  05bb5a3d-4362-4ee3-b437-62a9286694ab-IGH  *
7464  C  1303  139  *  *  *  *  *  13c87dcc-eb13-473b-801b-2db5656ed427-IGH  *
7097  C   936  137  *  *  *  *  *  004624d3-f68a-40b4-b107-de39f6a467db-IGH  *
7403  C  1242  125  *  *  *  *  *  cf3ea6ea-b12b-4b3b-886c-f8cd11ec1acf-IGH  *
...  ..   ...  ... .. .. .. .. ..                                       ... ..
7834  C  1673    4  *  *  *  *  *  62700f10-0b8e-4bca-bc47-a5efd835c355-IGH  *
7815  C  1654    4  *  *  *  *  *  39d97cfc-63b9-4c1c-8191-d0413e79ab09-IGH  *
7842  C  1681    4  *  *  *  *  *  6a5ec6f6-9b1e-49ec-b256-d8799b339083-IGH  *
7911  C  1750    4  *  *  *  *  *  01dc43f4-ae5c-44d0-8e9c-e90d8ec405bb-IGH  *
7982  C  1821    4  *  *  *  *  *  78079bd0-a967-4244-a6d2-1f9ddb6b3280-IGH  *

[295 rows x 10 columns]
Clusters Ordened By clusters lenght: 
    0   1  2  3  4  5  6  7                                         8  9
44  C  12  5  *  *  *  *  *  01a411db-60e3-43c6-b085-b8af6a508d0d-IGH  *
Clusters Ordened By clusters lenght: 
     0    1  2  3  4  5  6  7                                         8  9
362  C  149  5  *  *  *  *  *  182d3694-6653-45b4-95c0-e3e5f7fd9ed8-IGH  *
Clusters Ordened By clusters lenght: 
Empty DataFrame
Columns: [0, 1, 2, 3, 4, 5, 6, 7, 8, 9]
Index: []
Clusters Ordened By clusters lenght: 
     0    1   2  3  4  5  6  7                                         8  9
648  C  142  14  *  *  *  *  *  0503ed7b-3def-48ed-bf22-e282f284356c-IGH  *
515  C    9  10  *  *  *  *  *  065aad88-a146-401c-826f-7493b75907f5-IGH  *
520  C   14   8  *  *  *  *  *  20dfcd6b-7b44-4608-9e92-6c5fbd4034c3-IGH  *
600  C   94   7  *  *  *  *  *  0e4491bc-8cf2-4fca-9196-20ee869128e8-IGH  *
506  C    0   5  *  *  *  *  *  4dd9f807-28a0-4cc4-a4a8-92fc2bc63aa6-IGH  *
895  C  389   5  *  *  *  *  *  3723073e-40f1-4a41-a3ba-471f1b69fef3-IGH  *
647  C  141   4  *  *  *  *  *  02ffe729-35b0-4e75-8afd-f33502d78907-IGH  *
Clusters Ordened By clusters lenght: 
   0  1  2  3  4  5  6  7                                         8  9
6  C  0  5  *  *  *  *  *  6438cb93-c54d-4fc9-ae68-b0cd070cc3bc-IGH  *
Clusters Ordened By clusters lenght: 
Empty DataFrame
Columns: [0, 1, 2, 3, 4, 5, 6, 7, 8, 9]
Index: []
Clusters Ordened By clusters lenght: 
Empty DataFrame
Columns: [0, 1, 2, 3, 4, 5, 6, 7, 8, 9]
Index: []
Clusters Ordened By clusters lenght: 
    0  1  2  3  4  5  6  7                                         8  9
24  C  6  7  *  *  *  *  *  026d869f-150c-4099-ac82-0a32e0630514-IGH  *
Clusters Ordened By clusters lenght: 
     0  1  2  3  4  5  6  7                                         8  9
129  C  7  7  *  *  *  *  *  081c2fa9-1582-4f80-a0c5-8b82eca610d4-IGH  *
128  C  6  5  *  *  *  *  *  03c0bbc2-2331-4f34-9243-2eb9637cbb98-IGH  *
Clusters Ordened By clusters lenght: 
Empty DataFrame
Columns: [0, 1, 2, 3, 4, 5, 6, 7, 8, 9]
Index: []
Clusters Ordened By clusters lenght: 
    0  1  2  3  4  5  6  7                                         8  9
53  C  3  6  *  *  *  *  *  019bf198-d22f-4583-8e52-29e3139c26b5-IGH  *
Clusters Ordened By clusters lenght: 
    0  1  2  3  4  5  6  7                                         8  9
24  C  7  6  *  *  *  *  *  1ae1a02c-81f5-4034-a326-714f6689d0c2-IGH  *
Clusters Ordened By clusters lenght: 
Empty DataFrame
Columns: [0, 1, 2, 3, 4, 5, 6, 7, 8, 9]
Index: []
Clusters Ordened By clusters lenght: 
Empty DataFrame
Columns: [0, 1, 2, 3, 4, 5, 6, 7, 8, 9]
Index: []
Clusters Ordened By clusters lenght: 
Empty DataFrame
Columns: [0, 1, 2, 3, 4, 5, 6, 7, 8, 9]
Index: []
Clusters Ordened By clusters lenght: 
Empty DataFrame
Columns: [0, 1, 2, 3, 4, 5, 6, 7, 8, 9]
Index: []
Clusters Ordened By clusters lenght: 
Empty DataFrame
Columns: [0, 1, 2, 3, 4, 5, 6, 7, 8, 9]
Index: []
Clusters Ordened By clusters lenght: 
    0  1  2  3  4  5  6  7                                         8  9
15  C  0  8  *  *  *  *  *  05266470-7093-41ef-a7b5-eb58c4d01163-IGH  *
Clusters Ordened By clusters lenght: 
Empty DataFrame
Columns: [0, 1, 2, 3, 4, 5, 6, 7, 8, 9]
Index: []
Clusters Ordened By clusters lenght: 
    0  1  2  3  4  5  6  7                                         8  9
16  C  0  8  *  *  *  *  *  14bf4765-6f6c-4122-9cc0-3068231adf25-IGH  *
Clusters Ordened By clusters lenght: 
Empty DataFrame
Columns: [0, 1, 2, 3, 4, 5, 6, 7, 8, 9]
Index: []
Clusters Ordened By clusters lenght: 
    0   1  2  3  4  5  6  7                                         8  9
32  C  12  5  *  *  *  *  *  104ccb47-7488-4d04-a0dd-1c7d3658ba8a-IGH  *
Clusters Ordened By clusters lenght: 
Empty DataFrame
Columns: [0, 1, 2, 3, 4, 5, 6, 7, 8, 9]
Index: []
Clusters Ordened By clusters lenght: 
Empty DataFrame
Columns: [0, 1, 2, 3, 4, 5, 6, 7, 8, 9]
Index: []
Clusters Ordened By clusters lenght: 
Empty DataFrame
Columns: [0, 1, 2, 3, 4, 5, 6, 7, 8, 9]
Index: []
Clusters Ordened By clusters lenght: 
     0    1   2  3  4  5  6  7                                         8  9
402  C  110  36  *  *  *  *  *  0577a620-70e9-4d14-89ab-d3a4fac8edd1-IGH  *
404  C  112  20  *  *  *  *  *  0a24e3b3-177d-4f80-bb74-45bbc500563d-IGH  *
407  C  115  16  *  *  *  *  *  0c6d7104-b746-4fcd-bee9-132d01c4092e-IGH  *
297  C    5   7  *  *  *  *  *  07d4c480-9760-45f9-979f-231263a723be-IGH  *
391  C   99   6  *  *  *  *  *  2fa31128-59e4-45d9-8895-65302a7cf626-IGH  *
314  C   22   4  *  *  *  *  *  5b0b585f-e01a-4ed7-8b98-6fdc1bac6bd4-IGH  *
408  C  116   4  *  *  *  *  *  0f6992eb-2e6a-490f-85ee-cdad1b1be8ef-IGH  *
411  C  119   4  *  *  *  *  *  2b2e539b-197f-4aeb-99da-c3b241c99d75-IGH  *
Clusters Ordened By clusters lenght: 
Empty DataFrame
Columns: [0, 1, 2, 3, 4, 5, 6, 7, 8, 9]
Index: []
Clusters Ordened By clusters lenght: 
    0  1  2  3  4  5  6  7                                         8  9
31  C  0  4  *  *  *  *  *  71349a1b-4c63-406d-b8e1-bd2a0c71db3a-IGH  *
Clusters Ordened By clusters lenght: 
Empty DataFrame
Columns: [0, 1, 2, 3, 4, 5, 6, 7, 8, 9]
Index: []
Clusters Ordened By clusters lenght: 
Empty DataFrame
Columns: [0, 1, 2, 3, 4, 5, 6, 7, 8, 9]
Index: []
Clusters Ordened By clusters lenght: 
Empty DataFrame
Columns: [0, 1, 2, 3, 4, 5, 6, 7, 8, 9]
Index: []
Clusters Ordened By clusters lenght: 
    0  1   2  3  4  5  6  7                                         8  9
14  C  0  12  *  *  *  *  *  27a33680-07f3-4ea0-bc38-f97fa333d1b7-IGH  *
Clusters Ordened By clusters lenght: 
    0  1   2  3  4  5  6  7                                         8  9
19  C  1  14  *  *  *  *  *  35ea88a9-00af-47cd-a9fd-3afafccd00ff-IGH  *
Clusters Ordened By clusters lenght: 
      0    1   2  3  4  5  6  7                                         8  9
823   C   16  15  *  *  *  *  *  209860e1-89e1-46bb-8947-b82dc04874bc-IGH  *
911   C  104  11  *  *  *  *  *  2d2e978b-34c3-481f-af11-a29f30b5659c-IGH  *
1275  C  468  10  *  *  *  *  *  42aa24cf-68bd-4bb5-ab63-d052293f3d8e-IGH  *
999   C  192   9  *  *  *  *  *  35ea88a9-00af-47cd-a9fd-3afafccd00ff-IGH  *
1263  C  456   8  *  *  *  *  *  13d5036d-c18b-4cb2-ac27-03fc3592c185-IGH  *
1168  C  361   7  *  *  *  *  *  0b0f3a21-9602-4612-83a7-4cdbf3fe1987-IGH  *
1010  C  203   7  *  *  *  *  *  51f46456-731a-4248-a98a-4264a5ccb97d-IGH  *
980   C  173   7  *  *  *  *  *  027ad59c-f685-428f-b1ca-d634d657dd98-IGH  *
1252  C  445   6  *  *  *  *  *  076eea69-4b0a-435c-bb84-49d32ff90913-IGH  *
1175  C  368   6  *  *  *  *  *  2427e6a2-2c36-44c0-98bb-e63f787a015a-IGH  *
829   C   22   5  *  *  *  *  *  49f8dce5-4ea3-4533-a96f-a755fb45aa01-IGH  *
1188  C  381   5  *  *  *  *  *  585a6c18-d8c8-4e2b-b280-f0e2b52e4284-IGH  *
1260  C  453   5  *  *  *  *  *  11d28dd1-492e-498a-9780-c8420778c718-IGH  *
1255  C  448   5  *  *  *  *  *  09e278da-a9f2-401d-b531-42f787a20197-IGH  *
1088  C  281   4  *  *  *  *  *  2e25d73a-aa8a-4bc8-9fc3-9409f8b0a8c1-IGH  *
1074  C  267   4  *  *  *  *  *  195e594e-b4cc-4277-ad14-24c6d2fbb638-IGH  *
Clusters Ordened By clusters lenght: 
     0   1  2  3  4  5  6  7                                         8  9
114  C  35  5  *  *  *  *  *  9dac9bc6-f841-4ea5-8687-6916215ab54b-IGH  *
Clusters Ordened By clusters lenght: 
    0  1  2  3  4  5  6  7                                         8  9
68  C  3  5  *  *  *  *  *  3715d970-15ef-4f46-a610-29b6c87d69f4-IGH  *
Clusters Ordened By clusters lenght: 
Empty DataFrame
Columns: [0, 1, 2, 3, 4, 5, 6, 7, 8, 9]
Index: []
Clusters Ordened By clusters lenght: 
Empty DataFrame
Columns: [0, 1, 2, 3, 4, 5, 6, 7, 8, 9]
Index: []
Clusters Ordened By clusters lenght: 
    0  1   2  3  4  5  6  7                                         8  9
49  C  1  19  *  *  *  *  *  0a355585-0ea1-4905-b883-38b0f43d4fe8-IGH  *
50  C  2   5  *  *  *  *  *  0be3d104-f2b7-40f7-85c7-f7479584f5b1-IGH  *
Clusters Ordened By clusters lenght: 
    0  1  2  3  4  5  6  7                                         8  9
17  C  2  8  *  *  *  *  *  346bb32b-8028-4235-b137-fe842884f407-IGH  *
Clusters Ordened By clusters lenght: 
Empty DataFrame
Columns: [0, 1, 2, 3, 4, 5, 6, 7, 8, 9]
Index: []
Clusters Ordened By clusters lenght: 
   0  1  2  3  4  5  6  7                                         8  9
8  C  1  5  *  *  *  *  *  761dab27-3063-4d49-8045-f2f8587a47ba-IGH  *
Clusters Ordened By clusters lenght: 
   0  1  2  3  4  5  6  7                                         8  9
6  C  0  4  *  *  *  *  *  22e20d0f-3d52-4331-a87d-a1d6bed35d39-IGH  *
Clusters Ordened By clusters lenght: 
     0   1  2  3  4  5  6  7                                         8  9
165  C  31  5  *  *  *  *  *  083764e5-9402-472a-80c2-88a6d7cb07c0-IGH  *
Clusters Ordened By clusters lenght: 
Empty DataFrame
Columns: [0, 1, 2, 3, 4, 5, 6, 7, 8, 9]
Index: []
Clusters Ordened By clusters lenght: 
Empty DataFrame
Columns: [0, 1, 2, 3, 4, 5, 6, 7, 8, 9]
Index: []
Clusters Ordened By clusters lenght: 
      0    1  2  3  4  5  6  7                                         8  9
1078  C  124  9  *  *  *  *  *  4b8a4a1c-5e4c-45cd-ae9b-154a4693513a-IGH  *
1058  C  104  8  *  *  *  *  *  1b08b482-4bfb-486a-9d22-04d20ef465fd-IGH  *
1257  C  303  7  *  *  *  *  *  36344fc3-f24d-400f-b761-ab2546045408-IGH  *
1234  C  280  6  *  *  *  *  *  052d79b2-55e3-4dba-a944-eda6577d5f1e-IGH  *
1453  C  499  6  *  *  *  *  *  2f61889e-f24f-44d6-a320-470d3343de57-IGH  *
1336  C  382  6  *  *  *  *  *  0d3f73bb-fb65-4e5f-a1dc-00e47582b8ba-IGH  *
956   C    2  5  *  *  *  *  *  00046b64-86ca-4be8-9500-7230bbaf111e-IGH  *
1041  C   87  5  *  *  *  *  *  0444e399-1f6f-4ca7-b2be-1c175910d614-IGH  *
1720  C  766  5  *  *  *  *  *  2369f3e8-ee4e-4638-965e-7fb84205df7d-IGH  *
1071  C  117  5  *  *  *  *  *  3daa0cd8-c6bd-456e-890c-fa1ac58e319e-IGH  *
1456  C  502  5  *  *  *  *  *  3a14a140-a285-4a9d-8aa8-7cfe561f61dc-IGH  *
1457  C  503  5  *  *  *  *  *  3a224c1e-f7e8-474e-a796-d09dab929fd2-IGH  *
981   C   27  4  *  *  *  *  *  3a12341f-e349-453c-8c66-498e0ccba8a5-IGH  *
1338  C  384  4  *  *  *  *  *  100f4ed8-2310-4e58-b262-2705ffc6e442-IGH  *
1606  C  652  4  *  *  *  *  *  591482c6-a8dd-4b54-b245-4da420fa86dc-IGH  *
1668  C  714  4  *  *  *  *  *  84729b5d-5817-486d-95f1-36d58b7f93cb-IGH  *
Clusters Ordened By clusters lenght: 
Empty DataFrame
Columns: [0, 1, 2, 3, 4, 5, 6, 7, 8, 9]
Index: []
Clusters Ordened By clusters lenght: 
Empty DataFrame
Columns: [0, 1, 2, 3, 4, 5, 6, 7, 8, 9]
Index: []
Clusters Ordened By clusters lenght: 
     0    1   2  3  4  5  6  7                                         8  9
676  C  186  12  *  *  *  *  *  40463bb4-d44d-4397-b830-6a7f5e37e5cd-IGH  *
565  C   75   6  *  *  *  *  *  2848ea1d-437a-4548-bc32-32b6ccc8dc39-IGH  *
499  C    9   5  *  *  *  *  *  0cae1aa5-0c3a-4c18-9aeb-b7ea29301d9d-IGH  *
765  C  275   5  *  *  *  *  *  4abce1f5-2eef-409e-a7a5-193c0f3101f9-IGH  *
670  C  180   5  *  *  *  *  *  172b4b6a-2c12-4ca3-b3a5-3c7b9eb29331-IGH  *
610  C  120   4  *  *  *  *  *  1d32feaa-71d1-43b3-ae37-b72357df70c2-IGH  *
723  C  233   4  *  *  *  *  *  3ddb4acd-b13b-43ea-bf2e-afc1247f3086-IGH  *
Clusters Ordened By clusters lenght: 
     0    1  2  3  4  5  6  7                                         8  9
563  C  188  9  *  *  *  *  *  03b912e7-0bc5-4f5f-9eed-49e3d5e33127-IGH  *
381  C    6  4  *  *  *  *  *  19ea7c0a-74be-4e41-9404-5b41e03c7d2a-IGH  *
655  C  280  4  *  *  *  *  *  29ab1db4-690b-445f-87ab-c6371a601a4f-IGH  *
Clusters Ordened By clusters lenght: 
Empty DataFrame
Columns: [0, 1, 2, 3, 4, 5, 6, 7, 8, 9]
Index: []
Clusters Ordened By clusters lenght: 
Empty DataFrame
Columns: [0, 1, 2, 3, 4, 5, 6, 7, 8, 9]
Index: []
Clusters Ordened By clusters lenght: 
    0  1  2  3  4  5  6  7                                         8  9
87  C  0  5  *  *  *  *  *  45963b0a-6ccd-4d15-955d-af142534cd5f-IGH  *
Clusters Ordened By clusters lenght: 
     0    1   2  3  4  5  6  7                                         8  9
497  C  189  12  *  *  *  *  *  0224fa73-0970-4544-925f-0a36f8f189b9-IGH  *
508  C  200   4  *  *  *  *  *  604485a1-ff99-46f7-be15-533fcca1f320-IGH  *
Clusters Ordened By clusters lenght: 
Empty DataFrame
Columns: [0, 1, 2, 3, 4, 5, 6, 7, 8, 9]
Index: []
Clusters Ordened By clusters lenght: 
    0  1   2  3  4  5  6  7                                         8  9
39  C  0  10  *  *  *  *  *  20e038ef-9aa4-4b32-a2a7-3cb4c4ce01fd-IGH  *
48  C  9   4  *  *  *  *  *  046f8375-b4e7-4068-a533-8131129d4d28-IGH  *
Clusters Ordened By clusters lenght: 
Empty DataFrame
Columns: [0, 1, 2, 3, 4, 5, 6, 7, 8, 9]
Index: []
Clusters Ordened By clusters lenght: 
    0  1  2  3  4  5  6  7                                         8  9
14  C  1  4  *  *  *  *  *  418ec9e1-3845-4607-8194-8df38d5b6c86-IGH  *
Clusters Ordened By clusters lenght: 
Empty DataFrame
Columns: [0, 1, 2, 3, 4, 5, 6, 7, 8, 9]
Index: []
Clusters Ordened By clusters lenght: 
     0  1  2  3  4  5  6  7                                         8  9
282  C  3  5  *  *  *  *  *  28d0c83d-bfe9-43d4-bde1-efb7fb6ca9e6-IGH  *
Clusters Ordened By clusters lenght: 
    0  1  2  3  4  5  6  7                                         8  9
11  C  1  9  *  *  *  *  *  5e4c4996-31c0-4229-bc6c-e42707e5c033-IGH  *
Clusters Ordened By clusters lenght: 
Empty DataFrame
Columns: [0, 1, 2, 3, 4, 5, 6, 7, 8, 9]
Index: []
Clusters Ordened By clusters lenght: 
     0   1  2  3  4  5  6  7                                         8  9
122  C   8  8  *  *  *  *  *  5c34a14a-1847-455a-9d83-cb01414b0eed-IGH  *
142  C  28  4  *  *  *  *  *  7901520f-fbf3-49cf-b46a-81871fc754f0-IGH  *
188  C  74  4  *  *  *  *  *  58829cfb-a8d8-4ff4-a162-4a8e975a29bc-IGH  *
Clusters Ordened By clusters lenght: 
Empty DataFrame
Columns: [0, 1, 2, 3, 4, 5, 6, 7, 8, 9]
Index: []
Clusters Ordened By clusters lenght: 
Empty DataFrame
Columns: [0, 1, 2, 3, 4, 5, 6, 7, 8, 9]
Index: []
Clusters Ordened By clusters lenght: 
Empty DataFrame
Columns: [0, 1, 2, 3, 4, 5, 6, 7, 8, 9]
Index: []
Clusters Ordened By clusters lenght: 
Empty DataFrame
Columns: [0, 1, 2, 3, 4, 5, 6, 7, 8, 9]
Index: []
Clusters Ordened By clusters lenght: 
    0   1  2  3  4  5  6  7                                         8  9
71  C  24  8  *  *  *  *  *  08a7dd22-365f-4924-918a-fc625875b342-IGH  *
Clusters Ordened By clusters lenght: 
Empty DataFrame
Columns: [0, 1, 2, 3, 4, 5, 6, 7, 8, 9]
Index: []
Clusters Ordened By clusters lenght: 
    0  1  2  3  4  5  6  7                                         8  9
10  C  1  6  *  *  *  *  *  2498b696-d910-43c2-ba7e-e0eb07bfe203-IGH  *
Clusters Ordened By clusters lenght: 
Empty DataFrame
Columns: [0, 1, 2, 3, 4, 5, 6, 7, 8, 9]
Index: []
Clusters Ordened By clusters lenght: 
    0  1  2  3  4  5  6  7                                         8  9
12  C  0  7  *  *  *  *  *  7e56f3c8-6d9e-4438-98f2-9a7bf59d893a-IGH  *
Clusters Ordened By clusters lenght: 
Empty DataFrame
Columns: [0, 1, 2, 3, 4, 5, 6, 7, 8, 9]
Index: []
Clusters Ordened By clusters lenght: 
       0     1    2  3  4  5  6  7                                         8  9
13363  C  3524  131  *  *  *  *  *  cf3ea6ea-b12b-4b3b-886c-f8cd11ec1acf-IGH  *
13378  C  3539   87  *  *  *  *  *  020a48d5-3b39-4f78-8d5a-15e752039358-IGH  *
14070  C  4231   84  *  *  *  *  *  00fe53b2-4862-4c64-a5d6-11f5353f7476-IGH  *
12608  C  2769   75  *  *  *  *  *  004624d3-f68a-40b4-b107-de39f6a467db-IGH  *
13496  C  3657   75  *  *  *  *  *  20725677-66ec-407a-b87a-a596002ef6bc-IGH  *
...   ..   ...  ... .. .. .. .. ..                                       ... ..
14765  C  4926    4  *  *  *  *  *  653f2abe-2f50-4a87-9ebb-a071e87e9657-IGH  *
14768  C  4929    4  *  *  *  *  *  678a5915-91a8-4f90-8b85-1aa6c7c76ac7-IGH  *
14969  C  5130    4  *  *  *  *  *  073cb029-e30f-4ee9-a05b-4bd10c3ccb26-IGH  *
15279  C  5440    4  *  *  *  *  *  301ce344-4363-4af5-987f-4b1a1f4142e2-IGH  *
9845   C     6    4  *  *  *  *  *  0091df42-16a2-4aea-94ad-2ed7ad78d135-IGH  *

[340 rows x 10 columns]
Clusters Ordened By clusters lenght: 
   0  1  2  3  4  5  6  7                                         8  9
6  C  0  5  *  *  *  *  *  0980092d-48f8-4bc2-9cd9-21601072cee2-IGH  *
Clusters Ordened By clusters lenght: 
    0  1   2  3  4  5  6  7                                         8  9
33  C  0  17  *  *  *  *  *  09b1e7d9-0978-4182-a86b-9f4f92471e19-IGH  *
34  C  1   7  *  *  *  *  *  1dbab5ca-c0da-4e9f-bed0-d7274e397e83-IGH  *
36  C  3   6  *  *  *  *  *  745e7d24-d44a-43f7-89bb-b8759a19e811-IGH  *
Clusters Ordened By clusters lenght: 
Empty DataFrame
Columns: [0, 1, 2, 3, 4, 5, 6, 7, 8, 9]
Index: []
Clusters Ordened By clusters lenght: 
    0   1   2  3  4  5  6  7                                         8  9
58  C  15  15  *  *  *  *  *  03ba6f1f-cd2d-40dc-8126-0eb03c1b9655-IGH  *
62  C  19   6  *  *  *  *  *  9f3936b0-67b5-45a2-bf1f-ffda138b1ecb-IGH  *
Clusters Ordened By clusters lenght: 
    0  1  2  3  4  5  6  7                                         8  9
10  C  0  5  *  *  *  *  *  3302b341-1152-485e-9b85-49e20d14ebfb-IGH  *
Clusters Ordened By clusters lenght: 
Empty DataFrame
Columns: [0, 1, 2, 3, 4, 5, 6, 7, 8, 9]
Index: []
Clusters Ordened By clusters lenght: 
Empty DataFrame
Columns: [0, 1, 2, 3, 4, 5, 6, 7, 8, 9]
Index: []
Clusters Ordened By clusters lenght: 
Empty DataFrame
Columns: [0, 1, 2, 3, 4, 5, 6, 7, 8, 9]
Index: []
Clusters Ordened By clusters lenght: 
Empty DataFrame
Columns: [0, 1, 2, 3, 4, 5, 6, 7, 8, 9]
Index: []
Clusters Ordened By clusters lenght: 
    0  1  2  3  4  5  6  7                                         8  9
23  C  7  4  *  *  *  *  *  1c160397-4762-4de6-a69f-8aeed76738d5-IGH  *
Clusters Ordened By clusters lenght: 
Empty DataFrame
Columns: [0, 1, 2, 3, 4, 5, 6, 7, 8, 9]
Index: []
Clusters Ordened By clusters lenght: 
Empty DataFrame
Columns: [0, 1, 2, 3, 4, 5, 6, 7, 8, 9]
Index: []
Clusters Ordened By clusters lenght: 
Empty DataFrame
Columns: [0, 1, 2, 3, 4, 5, 6, 7, 8, 9]
Index: []
Clusters Ordened By clusters lenght: 
    0   1  2  3  4  5  6  7                                         8  9
41  C  10  4  *  *  *  *  *  035fb1c1-5494-4d45-85af-d9b29b1efcf2-IGH  *
52  C  21  4  *  *  *  *  *  0986522a-9589-4647-9afa-cac1515a1dd4-IGH  *
Clusters Ordened By clusters lenght: 
Empty DataFrame
Columns: [0, 1, 2, 3, 4, 5, 6, 7, 8, 9]
Index: []
Clusters Ordened By clusters lenght: 
Empty DataFrame
Columns: [0, 1, 2, 3, 4, 5, 6, 7, 8, 9]
Index: []
Clusters Ordened By clusters lenght: 
    0  1   2  3  4  5  6  7                                         8  9
24  C  0  24  *  *  *  *  *  09d8fc82-e575-43f3-a523-c0f8d4438224-IGH  *
Clusters Ordened By clusters lenght: 
Empty DataFrame
Columns: [0, 1, 2, 3, 4, 5, 6, 7, 8, 9]
Index: []
Clusters Ordened By clusters lenght: 
Empty DataFrame
Columns: [0, 1, 2, 3, 4, 5, 6, 7, 8, 9]
Index: []
Clusters Ordened By clusters lenght: 
     0    1  2  3  4  5  6  7                                         8  9
456  C  139  5  *  *  *  *  *  3380fec0-1223-48b5-b3d5-1110f9f80334-IGH  *
471  C  154  4  *  *  *  *  *  7b7ee3fc-f482-4d3b-8539-98d2eeeca03f-IGH  *
543  C  226  4  *  *  *  *  *  4b074dc5-ad4a-4c67-9cbe-b77304d447b2-IGH  *
Clusters Ordened By clusters lenght: 
Empty DataFrame
Columns: [0, 1, 2, 3, 4, 5, 6, 7, 8, 9]
Index: []
Clusters Ordened By clusters lenght: 
Empty DataFrame
Columns: [0, 1, 2, 3, 4, 5, 6, 7, 8, 9]
Index: []
Clusters Ordened By clusters lenght: 
Empty DataFrame
Columns: [0, 1, 2, 3, 4, 5, 6, 7, 8, 9]
Index: []
Clusters Ordened By clusters lenght: 
Empty DataFrame
Columns: [0, 1, 2, 3, 4, 5, 6, 7, 8, 9]
Index: []
Clusters Ordened By clusters lenght: 
Empty DataFrame
Columns: [0, 1, 2, 3, 4, 5, 6, 7, 8, 9]
Index: []
Clusters Ordened By clusters lenght: 
    0  1  2  3  4  5  6  7                                         8  9
30  C  2  7  *  *  *  *  *  1fe96a92-efc7-48a6-854c-f614cd564340-IGH  *
Clusters Ordened By clusters lenght: 
Empty DataFrame
Columns: [0, 1, 2, 3, 4, 5, 6, 7, 8, 9]
Index: []
Clusters Ordened By clusters lenght: 
Empty DataFrame
Columns: [0, 1, 2, 3, 4, 5, 6, 7, 8, 9]
Index: []
Clusters Ordened By clusters lenght: 
     0    1  2  3  4  5  6  7                                         8  9
352  C  133  9  *  *  *  *  *  0bfbc9d0-99f8-4ad7-a9e4-90a1fe960cfc-IGH  *
232  C   13  4  *  *  *  *  *  2772e1ed-ba3b-4d2b-bafb-2140975e0770-IGH  *
233  C   14  4  *  *  *  *  *  27b0bdc2-4772-4fac-91b5-a69f9489792f-IGH  *
Clusters Ordened By clusters lenght: 
Empty DataFrame
Columns: [0, 1, 2, 3, 4, 5, 6, 7, 8, 9]
Index: []
Clusters Ordened By clusters lenght: 
Empty DataFrame
Columns: [0, 1, 2, 3, 4, 5, 6, 7, 8, 9]
Index: []
Clusters Ordened By clusters lenght: 
Empty DataFrame
Columns: [0, 1, 2, 3, 4, 5, 6, 7, 8, 9]
Index: []
Clusters Ordened By clusters lenght: 
Empty DataFrame
Columns: [0, 1, 2, 3, 4, 5, 6, 7, 8, 9]
Index: []
Clusters Ordened By clusters lenght: 
Empty DataFrame
Columns: [0, 1, 2, 3, 4, 5, 6, 7, 8, 9]
Index: []
Clusters Ordened By clusters lenght: 
      0     1   2  3  4  5  6  7                                         8  9
2182  C   368  37  *  *  *  *  *  0b379530-0467-47d5-9568-60f4ba6d8515-IGH  *
2701  C   887  37  *  *  *  *  *  0065bda8-0853-4c44-91b7-b2408e59c3ac-IGH  *
2216  C   402  18  *  *  *  *  *  3d507707-2280-47d9-9dcc-f57316b0b5de-IGH  *
2758  C   944  18  *  *  *  *  *  352d3356-f0dc-4895-8d87-a3e6e71f66d0-IGH  *
2704  C   890  15  *  *  *  *  *  03ef58de-832a-445e-9463-dcd3289f2c79-IGH  *
2716  C   902  13  *  *  *  *  *  0d3c1ad8-a56b-4f7a-b2b8-30fc3148598b-IGH  *
2743  C   929  11  *  *  *  *  *  23a74f14-d3ee-45c9-aa0a-a341240b213f-IGH  *
2729  C   915   9  *  *  *  *  *  18d8889c-625d-4e7c-a61d-270fcff2e324-IGH  *
2702  C   888   9  *  *  *  *  *  0215288e-3dac-47a1-9d9e-1222510b62f3-IGH  *
3035  C  1221   9  *  *  *  *  *  1fec7fbe-fe17-46fc-aba1-92157e0719bd-IGH  *
2538  C   724   8  *  *  *  *  *  024f1aa0-007d-4a0f-9595-04ff7f8d27f0-IGH  *
2183  C   369   8  *  *  *  *  *  0bf43cf3-9c99-4999-9a6b-50ff61698ee5-IGH  *
3031  C  1217   7  *  *  *  *  *  145b41e7-9564-4435-aba8-8529c818339d-IGH  *
2710  C   896   7  *  *  *  *  *  0990183f-048c-4469-9a6b-535c8f75694b-IGH  *
2186  C   372   7  *  *  *  *  *  150c3725-10bf-4a35-8886-68546e75e70e-IGH  *
3113  C  1299   7  *  *  *  *  *  4a8e7635-8985-4dff-aa0e-450bfa52ddb9-IGH  *
2179  C   365   6  *  *  *  *  *  029ee639-fb51-408d-90da-1ca41e3b20d1-IGH  *
2734  C   920   6  *  *  *  *  *  1ab55ca4-b4bd-498e-8e0c-5430c703e0d1-IGH  *
2703  C   889   6  *  *  *  *  *  02efd872-5e49-44e0-999f-00071a6c8543-IGH  *
2577  C   763   6  *  *  *  *  *  35d26fc8-83c1-4e27-9359-289964516449-IGH  *
1838  C    24   5  *  *  *  *  *  0c4427eb-967a-4182-9feb-675d38797932-IGH  *
2062  C   248   5  *  *  *  *  *  2f5866bf-26c9-42db-b259-4298b72751ed-IGH  *
2760  C   946   5  *  *  *  *  *  36cc0302-89ad-494b-ad2f-a2ed42fd456e-IGH  *
2714  C   900   5  *  *  *  *  *  0b0bf8f5-a65a-4d7e-a4a8-531ae8fe3e4e-IGH  *
2779  C   965   5  *  *  *  *  *  559da2d8-ee75-496f-9637-ada46d8251a8-IGH  *
2215  C   401   5  *  *  *  *  *  3a964008-892b-4042-82e4-029042c48ccc-IGH  *
2357  C   543   5  *  *  *  *  *  007473f6-9e20-4cfc-aa25-5936d8cc4b09-IGH  *
2185  C   371   5  *  *  *  *  *  127b1161-872d-45bd-9052-fb6dc173a378-IGH  *
2226  C   412   4  *  *  *  *  *  48d5c22c-d209-470a-9adb-0d87de0764f5-IGH  *
2709  C   895   4  *  *  *  *  *  076ee967-7fdf-4962-8204-aca1b3ef5511-IGH  *
2562  C   748   4  *  *  *  *  *  28bd1421-01e2-4f78-aada-3733495226f8-IGH  *
2567  C   753   4  *  *  *  *  *  2ec2a1c3-6a8f-4fec-8996-75cbf715f3f8-IGH  *
2436  C   622   4  *  *  *  *  *  6b44da30-0a0d-4b57-9f77-d9dec5a042b6-IGH  *
2725  C   911   4  *  *  *  *  *  169dfa0f-7ca1-4d55-8079-1bb8011ed20d-IGH  *
2718  C   904   4  *  *  *  *  *  0e52e9b0-dd87-4717-a751-b3d05a390ca2-IGH  *
2773  C   959   4  *  *  *  *  *  4aeb06c1-122c-4e05-b3bc-e91af4cb484a-IGH  *
3060  C  1246   4  *  *  *  *  *  63748918-7b12-4444-9228-ce426457380b-IGH  *
Clusters Ordened By clusters lenght: 
     0   1  2  3  4  5  6  7                                         8  9
226  C  88  5  *  *  *  *  *  66f233e6-c7a4-491f-879e-cd5787fc560d-IGH  *
225  C  87  4  *  *  *  *  *  64bbf05f-1ccd-4a2c-a5e3-305a34c488c1-IGH  *
Clusters Ordened By clusters lenght: 
Empty DataFrame
Columns: [0, 1, 2, 3, 4, 5, 6, 7, 8, 9]
Index: []
Clusters Ordened By clusters lenght: 
Empty DataFrame
Columns: [0, 1, 2, 3, 4, 5, 6, 7, 8, 9]
Index: []
Clusters Ordened By clusters lenght: 
    0  1  2  3  4  5  6  7                                         8  9
22  C  1  5  *  *  *  *  *  1bad887b-aebe-40e2-8fc0-d713c93b0cd0-IGH  *
Clusters Ordened By clusters lenght: 
Empty DataFrame
Columns: [0, 1, 2, 3, 4, 5, 6, 7, 8, 9]
Index: []
Clusters Ordened By clusters lenght: 
    0   1  2  3  4  5  6  7                                         8  9
51  C   5  8  *  *  *  *  *  05266470-7093-41ef-a7b5-eb58c4d01163-IGH  *
72  C  26  5  *  *  *  *  *  000682d5-e9b0-42fb-bc4a-0d6be9ea80f5-IGH  *
Clusters Ordened By clusters lenght: 
      0    1   2  3  4  5  6  7                                         8  9
1323  C  425  32  *  *  *  *  *  01fb9b57-0a23-4647-ad2c-42d710d8cefe-IGH  *
1339  C  441   7  *  *  *  *  *  277a3cc8-0238-42b4-aaea-57ab20782be8-IGH  *
1179  C  281   5  *  *  *  *  *  393617f7-7540-4350-9610-9c1dd71e697f-IGH  *
998   C  100   4  *  *  *  *  *  2dadd6a5-0a04-4b61-8dff-90d4097ee3d7-IGH  *
1390  C  492   4  *  *  *  *  *  a1ec440d-36b2-4a55-81f0-bb65ca42eb54-IGH  *
Clusters Ordened By clusters lenght: 
Empty DataFrame
Columns: [0, 1, 2, 3, 4, 5, 6, 7, 8, 9]
Index: []
Clusters Ordened By clusters lenght: 
Empty DataFrame
Columns: [0, 1, 2, 3, 4, 5, 6, 7, 8, 9]
Index: []
Clusters Ordened By clusters lenght: 
Empty DataFrame
Columns: [0, 1, 2, 3, 4, 5, 6, 7, 8, 9]
Index: []
Clusters Ordened By clusters lenght: 
    0   1  2  3  4  5  6  7                                         8  9
56  C  14  6  *  *  *  *  *  02912bf9-6966-451f-a6e7-ccec13cd45d4-IGH  *
Clusters Ordened By clusters lenght: 
Empty DataFrame
Columns: [0, 1, 2, 3, 4, 5, 6, 7, 8, 9]
Index: []
Clusters Ordened By clusters lenght: 
     0    1  2  3  4  5  6  7                                         8  9
298  C  109  8  *  *  *  *  *  0274d1cd-71fc-47f6-84c6-2f8141a2cc7c-IGH  *
308  C  119  8  *  *  *  *  *  38979300-f92a-47df-b248-c766dcfd602e-IGH  *
Clusters Ordened By clusters lenght: 
    0   1   2  3  4  5  6  7                                         8  9
47  C  11  10  *  *  *  *  *  a8f5c547-2365-43f2-9383-a19eca4851f6-IGH  *
36  C   0   4  *  *  *  *  *  0370f757-ec42-41a3-a757-93ba5bb6dc5a-IGH  *
Clusters Ordened By clusters lenght: 
Empty DataFrame
Columns: [0, 1, 2, 3, 4, 5, 6, 7, 8, 9]
Index: []
Clusters Ordened By clusters lenght: 
      0    1    2  3  4  5  6  7                                         8  9
1176  C  197  328  *  *  *  *  *  007f491e-71b4-4f92-a146-85059dacea06-IGH  *
993   C   14   15  *  *  *  *  *  1490d64b-3712-4c20-84fb-2bcbec14530e-IGH  *
1230  C  251   13  *  *  *  *  *  8c0cd55f-0308-43ca-b5fd-ea6492685d70-IGH  *
1197  C  218   13  *  *  *  *  *  3ce8ceed-cf2d-4d53-ab3c-15bc7d6a488e-IGH  *
1273  C  294   11  *  *  *  *  *  36839451-1553-42e0-802e-13d20039b6cf-IGH  *
1226  C  247   10  *  *  *  *  *  7d8024af-b81a-48ec-888f-0645eca669a8-IGH  *
1049  C   70    9  *  *  *  *  *  06f6fa89-e21a-47c1-9b11-1615bbddb827-IGH  *
994   C   15    6  *  *  *  *  *  174a413a-8940-4076-ba41-a6b10448ba6a-IGH  *
1194  C  215    6  *  *  *  *  *  2e7ca735-258e-4e7e-8b55-46094f0a8ea4-IGH  *
1213  C  234    5  *  *  *  *  *  6421e5ac-e974-4b01-8422-5bbc29744ec3-IGH  *
1385  C  406    5  *  *  *  *  *  9cae6666-93c2-4cb2-bf6a-8504767dd2ec-IGH  *
1258  C  279    5  *  *  *  *  *  06e42327-8db7-4c36-8843-4edffc63ede1-IGH  *
1182  C  203    4  *  *  *  *  *  10ea3ac5-038a-4010-ba80-9a66c53b4d20-IGH  *
1179  C  200    4  *  *  *  *  *  044c53f2-7879-4e45-9540-d5de9fb139ef-IGH  *
1065  C   86    4  *  *  *  *  *  3f914e66-38a1-4e83-b832-779397e4c923-IGH  *
1286  C  307    4  *  *  *  *  *  6ede1314-c7ce-46dd-af11-62cc601c8ee8-IGH  *
Clusters Ordened By clusters lenght: 
Empty DataFrame
Columns: [0, 1, 2, 3, 4, 5, 6, 7, 8, 9]
Index: []
Clusters Ordened By clusters lenght: 
Empty DataFrame
Columns: [0, 1, 2, 3, 4, 5, 6, 7, 8, 9]
Index: []
Clusters Ordened By clusters lenght: 
Empty DataFrame
Columns: [0, 1, 2, 3, 4, 5, 6, 7, 8, 9]
Index: []
Clusters Ordened By clusters lenght: 
Empty DataFrame
Columns: [0, 1, 2, 3, 4, 5, 6, 7, 8, 9]
Index: []
Clusters Ordened By clusters lenght: 
     0    1   2  3  4  5  6  7                                         8  9
276  C   22  24  *  *  *  *  *  028bbd33-11ec-4488-b83a-bb50364d2ce4-IGH  *
255  C    1  14  *  *  *  *  *  03e0fbcc-93b3-425f-a465-03ee873d9148-IGH  *
285  C   31  13  *  *  *  *  *  7ae0ab2a-9e9b-471f-9da9-f051ba2d0776-IGH  *
387  C  133   9  *  *  *  *  *  178c7dfd-6c4e-4c1f-a5d1-698da6bef6bf-IGH  *
267  C   13   8  *  *  *  *  *  0382582d-e84a-4690-95c9-28c6139d3c95-IGH  *
322  C   68   5  *  *  *  *  *  41ef159e-38e8-4ba8-af1b-7fa0819dfa00-IGH  *
385  C  131   5  *  *  *  *  *  013c6f40-ca42-496d-8e2c-4c55bf8285ba-IGH  *
256  C    2   4  *  *  *  *  *  08b8c856-094b-468c-a1b1-5cd422f75c5d-IGH  *
366  C  112   4  *  *  *  *  *  585a20f7-0d25-47ec-a334-e5a8518dbbfb-IGH  *
359  C  105   4  *  *  *  *  *  0faf2cfe-3a16-48fd-a77e-2783393f9335-IGH  *
Clusters Ordened By clusters lenght: 
Empty DataFrame
Columns: [0, 1, 2, 3, 4, 5, 6, 7, 8, 9]
Index: []
Clusters Ordened By clusters lenght: 
      0    1   2  3  4  5  6  7                                         8  9
1590  C  496  72  *  *  *  *  *  02b59c0a-46b5-428b-af1e-66b12efa5f03-IGH  *
1301  C  207  12  *  *  *  *  *  18e02af2-9080-4086-977b-1899c32ed625-IGH  *
1692  C  598  12  *  *  *  *  *  0fbd3c14-d9cc-4e37-97ca-6d36773b0fea-IGH  *
1378  C  284  11  *  *  *  *  *  008a9ad4-1664-4b42-aa0e-6b3f2f2d541c-IGH  *
1700  C  606   9  *  *  *  *  *  220ff1de-e8f8-4eba-80ec-44a06d326a62-IGH  *
1595  C  501   9  *  *  *  *  *  14269fd9-b972-4af9-9b6e-3556e8422515-IGH  *
1683  C  589   8  *  *  *  *  *  004d18b1-b63d-4182-a2ba-56571b2ac57c-IGH  *
1614  C  520   7  *  *  *  *  *  4920e2bd-c8b1-4a91-a990-4bd3baaee353-IGH  *
1684  C  590   6  *  *  *  *  *  0250d91d-c0ba-43a8-9334-c9d21634817c-IGH  *
1295  C  201   5  *  *  *  *  *  125bb97c-5eb6-460a-b1df-1b40117e5822-IGH  *
1300  C  206   5  *  *  *  *  *  174a413a-8940-4076-ba41-a6b10448ba6a-IGH  *
1689  C  595   5  *  *  *  *  *  08c49bac-5730-4f08-8673-02220b83d703-IGH  *
1903  C  809   5  *  *  *  *  *  2369f3e8-ee4e-4638-965e-7fb84205df7d-IGH  *
1699  C  605   5  *  *  *  *  *  1da87bc2-b4af-430c-bb46-446fe796ebc8-IGH  *
1227  C  133   4  *  *  *  *  *  53f1f6ad-264d-4778-ab54-af9b5c8289ac-IGH  *
1687  C  593   4  *  *  *  *  *  036b7917-d80b-4e31-867c-3b8176fd4bc8-IGH  *
1834  C  740   4  *  *  *  *  *  b29409a3-ad20-4cc6-9ae8-99f13cde06a0-IGH  *
1859  C  765   4  *  *  *  *  *  1b2899b3-baee-4da3-b162-aa08a1e035a2-IGH  *
1907  C  813   4  *  *  *  *  *  3e60403d-8e65-4a48-8c15-de41923ae2df-IGH  *
Clusters Ordened By clusters lenght: 
Empty DataFrame
Columns: [0, 1, 2, 3, 4, 5, 6, 7, 8, 9]
Index: []
Clusters Ordened By clusters lenght: 
Empty DataFrame
Columns: [0, 1, 2, 3, 4, 5, 6, 7, 8, 9]
Index: []
Clusters Ordened By clusters lenght: 
Empty DataFrame
Columns: [0, 1, 2, 3, 4, 5, 6, 7, 8, 9]
Index: []
Clusters Ordened By clusters lenght: 
Empty DataFrame
Columns: [0, 1, 2, 3, 4, 5, 6, 7, 8, 9]
Index: []
Clusters Ordened By clusters lenght: 
Empty DataFrame
Columns: [0, 1, 2, 3, 4, 5, 6, 7, 8, 9]
Index: []
Clusters Ordened By clusters lenght: 
   0  1  2  3  4  5  6  7                                         8  9
7  C  0  6  *  *  *  *  *  1b7792d0-a8c7-4a08-ac22-db4e142dcccc-IGH  *
Clusters Ordened By clusters lenght: 
    0  1  2  3  4  5  6  7                                         8  9
25  C  0  5  *  *  *  *  *  0091df42-16a2-4aea-94ad-2ed7ad78d135-IGH  *
Clusters Ordened By clusters lenght: 
   0  1  2  3  4  5  6  7                                         8  9
8  C  1  4  *  *  *  *  *  4fbe779b-94a8-4186-a8e0-ea269cb839a2-IGH  *
Clusters Ordened By clusters lenght: 
     0   1  2  3  4  5  6  7                                         8  9
114  C  20  8  *  *  *  *  *  4e5c39e0-1fdf-4bfb-9c1e-66be54c9368a-IGH  *
111  C  17  4  *  *  *  *  *  2aa1950d-42df-400d-9251-4a4bb2d1232e-IGH  *
Clusters Ordened By clusters lenght: 
     0    1  2  3  4  5  6  7                                         8  9
790  C  221  9  *  *  *  *  *  099c015c-cdd4-4e32-964f-c3a2ee60a803-IGH  *
664  C   95  9  *  *  *  *  *  100f996e-60c4-416e-a44b-e0ed2d455a18-IGH  *
663  C   94  9  *  *  *  *  *  052a8fd3-bc22-4330-9edc-1f789c9c2672-IGH  *
944  C  375  8  *  *  *  *  *  166ecb97-d5e1-4e88-ac5b-b4052fca4fbe-IGH  *
613  C   44  7  *  *  *  *  *  0c0d97fa-c143-4308-8458-8ea576da0b0b-IGH  *
572  C    3  6  *  *  *  *  *  08fcc2fa-70b7-4e5f-acb3-0c2cdb5bac3f-IGH  *
905  C  336  6  *  *  *  *  *  37a7fa75-8df2-4db2-b2fb-26844c28a13f-IGH  *
739  C  170  6  *  *  *  *  *  0b2ca781-ba38-42de-833c-d0cb25e38f35-IGH  *
858  C  289  5  *  *  *  *  *  26d6e2e6-fc40-448b-8af0-0ae1e39e99b0-IGH  *
647  C   78  4  *  *  *  *  *  92062973-b23c-4f58-95ba-5209c97bf948-IGH  *
618  C   49  4  *  *  *  *  *  202d0391-55f3-4a1b-88fd-ea1ad35d3fb9-IGH  *
576  C    7  4  *  *  *  *  *  1c599f23-ba46-49ae-8c6c-e4decf924c73-IGH  *
639  C   70  4  *  *  *  *  *  6c7f50c5-0881-474b-84ac-fbc73817c60e-IGH  *
620  C   51  4  *  *  *  *  *  21ce097e-4a9b-4920-9b65-a4dca33e01db-IGH  *
668  C   99  4  *  *  *  *  *  13469d40-91a5-4c79-99cd-ed3f2f894a36-IGH  *
Clusters Ordened By clusters lenght: 
Empty DataFrame
Columns: [0, 1, 2, 3, 4, 5, 6, 7, 8, 9]
Index: []
Clusters Ordened By clusters lenght: 
Empty DataFrame
Columns: [0, 1, 2, 3, 4, 5, 6, 7, 8, 9]
Index: []
Clusters Ordened By clusters lenght: 
    0  1  2  3  4  5  6  7                                         8  9
57  C  0  4  *  *  *  *  *  14336b0c-3eda-4ef4-ab15-e9477716a100-IGH  *
Clusters Ordened By clusters lenght: 
Empty DataFrame
Columns: [0, 1, 2, 3, 4, 5, 6, 7, 8, 9]
Index: []
Clusters Ordened By clusters lenght: 
Empty DataFrame
Columns: [0, 1, 2, 3, 4, 5, 6, 7, 8, 9]
Index: []
Clusters Ordened By clusters lenght: 
Empty DataFrame
Columns: [0, 1, 2, 3, 4, 5, 6, 7, 8, 9]
Index: []
Clusters Ordened By clusters lenght: 
Empty DataFrame
Columns: [0, 1, 2, 3, 4, 5, 6, 7, 8, 9]
Index: []
Clusters Ordened By clusters lenght: 
Empty DataFrame
Columns: [0, 1, 2, 3, 4, 5, 6, 7, 8, 9]
Index: []
Clusters Ordened By clusters lenght: 
Empty DataFrame
Columns: [0, 1, 2, 3, 4, 5, 6, 7, 8, 9]
Index: []
Clusters Ordened By clusters lenght: 
Empty DataFrame
Columns: [0, 1, 2, 3, 4, 5, 6, 7, 8, 9]
Index: []
Clusters Ordened By clusters lenght: 
    0  1  2  3  4  5  6  7                                         8  9
30  C  1  4  *  *  *  *  *  07d2df09-b213-43b4-a814-84c6b7220362-IGH  *
31  C  2  4  *  *  *  *  *  aab381c7-a584-4714-ba4f-07c856863de4-IGH  *
Clusters Ordened By clusters lenght: 
Empty DataFrame
Columns: [0, 1, 2, 3, 4, 5, 6, 7, 8, 9]
Index: []
Clusters Ordened By clusters lenght: 
Empty DataFrame
Columns: [0, 1, 2, 3, 4, 5, 6, 7, 8, 9]
Index: []
Clusters Ordened By clusters lenght: 
Empty DataFrame
Columns: [0, 1, 2, 3, 4, 5, 6, 7, 8, 9]
Index: []
Clusters Ordened By clusters lenght: 
Empty DataFrame
Columns: [0, 1, 2, 3, 4, 5, 6, 7, 8, 9]
Index: []
Clusters Ordened By clusters lenght: 
Empty DataFrame
Columns: [0, 1, 2, 3, 4, 5, 6, 7, 8, 9]
Index: []
Clusters Ordened By clusters lenght: 
Empty DataFrame
Columns: [0, 1, 2, 3, 4, 5, 6, 7, 8, 9]
Index: []
Clusters Ordened By clusters lenght: 
Empty DataFrame
Columns: [0, 1, 2, 3, 4, 5, 6, 7, 8, 9]
Index: []
Clusters Ordened By clusters lenght: 
     0    1   2  3  4  5  6  7                                         8  9
375  C  124  11  *  *  *  *  *  18d2b47d-ce73-494f-9677-3ce913251dca-IGH  *
269  C   18   5  *  *  *  *  *  266913c1-3bc1-44a8-96e9-3ad371d3b51d-IGH  *
312  C   61   5  *  *  *  *  *  4d702acb-df3c-4fbd-93c5-0de6f1ae8430-IGH  *
411  C  160   5  *  *  *  *  *  47eee2cc-a3d4-4b00-bc9a-82a2c7ce56d2-IGH  *
414  C  163   5  *  *  *  *  *  5f692e4e-0d90-4395-9614-f5852cdf133c-IGH  *
Clusters Ordened By clusters lenght: 
Empty DataFrame
Columns: [0, 1, 2, 3, 4, 5, 6, 7, 8, 9]
Index: []
Clusters Ordened By clusters lenght: 
Empty DataFrame
Columns: [0, 1, 2, 3, 4, 5, 6, 7, 8, 9]
Index: []
Clusters Ordened By clusters lenght: 
Empty DataFrame
Columns: [0, 1, 2, 3, 4, 5, 6, 7, 8, 9]
Index: []
Clusters Ordened By clusters lenght: 
Empty DataFrame
Columns: [0, 1, 2, 3, 4, 5, 6, 7, 8, 9]
Index: []
Clusters Ordened By clusters lenght: 
Empty DataFrame
Columns: [0, 1, 2, 3, 4, 5, 6, 7, 8, 9]
Index: []
Clusters Ordened By clusters lenght: 
      0     1   2  3  4  5  6  7                                         8  9
4342  C  1152  29  *  *  *  *  *  1c2497f5-1319-4c8d-a261-789206ea62f2-IGH  *
4929  C  1739  24  *  *  *  *  *  21eb70da-753a-4c5c-a03a-e013007f7a37-IGH  *
5289  C  2099  21  *  *  *  *  *  013c6f40-ca42-496d-8e2c-4c55bf8285ba-IGH  *
3521  C   331  20  *  *  *  *  *  0e4491bc-8cf2-4fca-9196-20ee869128e8-IGH  *
3220  C    30  19  *  *  *  *  *  03e0fbcc-93b3-425f-a465-03ee873d9148-IGH  *
...  ..   ...  .. .. .. .. .. ..                                       ... ..
4997  C  1807   4  *  *  *  *  *  68e98ddd-d391-4bcb-940a-f872335d087f-IGH  *
5192  C  2002   4  *  *  *  *  *  4e341abe-89c2-4782-b888-3618331e611a-IGH  *
5191  C  2001   4  *  *  *  *  *  4a6928c0-cb88-42f5-b913-e2ec6a56b3b9-IGH  *
5183  C  1993   4  *  *  *  *  *  3fff8146-99fc-47b3-8f74-fd6f970d72f8-IGH  *
5309  C  2119   4  *  *  *  *  *  2b01ae4b-f1c2-44d0-940c-56747bf1982c-IGH  *

[72 rows x 10 columns]
Clusters Ordened By clusters lenght: 
Empty DataFrame
Columns: [0, 1, 2, 3, 4, 5, 6, 7, 8, 9]
Index: []
Clusters Ordened By clusters lenght: 
Empty DataFrame
Columns: [0, 1, 2, 3, 4, 5, 6, 7, 8, 9]
Index: []
Clusters Ordened By clusters lenght: 
Empty DataFrame
Columns: [0, 1, 2, 3, 4, 5, 6, 7, 8, 9]
Index: []
Clusters Ordened By clusters lenght: 
Empty DataFrame
Columns: [0, 1, 2, 3, 4, 5, 6, 7, 8, 9]
Index: []
Clusters Ordened By clusters lenght: 
     0   1  2  3  4  5  6  7                                         8  9
123  C  42  4  *  *  *  *  *  0d9beebd-e2bb-44fe-90bc-3f35c45338ec-IGH  *
143  C  62  4  *  *  *  *  *  09c40d16-98e2-483a-90d4-e70f95e25a4a-IGH  *
Clusters Ordened By clusters lenght: 
Empty DataFrame
Columns: [0, 1, 2, 3, 4, 5, 6, 7, 8, 9]
Index: []
Clusters Ordened By clusters lenght: 
   0  1  2  3  4  5  6  7                                         8  9
6  C  0  4  *  *  *  *  *  6658cd3f-5807-433a-acb3-74e296564d7b-IGH  *
Clusters Ordened By clusters lenght: 
     0    1   2  3  4  5  6  7                                         8  9
346  C  121  22  *  *  *  *  *  008fd980-0ba0-4c18-a302-1e3d3d78e012-IGH  *
351  C  126   4  *  *  *  *  *  3cac18fb-35ae-47b1-b230-6615a1fc16b4-IGH  *
399  C  174   4  *  *  *  *  *  156c9560-1267-43a5-856e-f9b54939888b-IGH  *
Clusters Ordened By clusters lenght: 
Empty DataFrame
Columns: [0, 1, 2, 3, 4, 5, 6, 7, 8, 9]
Index: []
Clusters Ordened By clusters lenght: 
    0  1  2  3  4  5  6  7                                         8  9
15  C  0  5  *  *  *  *  *  14087785-d347-4fdc-b8cc-49789579d4cb-IGH  *
Clusters Ordened By clusters lenght: 
    0  1   2  3  4  5  6  7                                         8  9
18  C  2  10  *  *  *  *  *  c2f66774-9682-4f3e-a8f0-e1371b69f4d7-IGH  *
Clusters Ordened By clusters lenght: 
Empty DataFrame
Columns: [0, 1, 2, 3, 4, 5, 6, 7, 8, 9]
Index: []
Clusters Ordened By clusters lenght: 
Empty DataFrame
Columns: [0, 1, 2, 3, 4, 5, 6, 7, 8, 9]
Index: []
Clusters Ordened By clusters lenght: 
Empty DataFrame
Columns: [0, 1, 2, 3, 4, 5, 6, 7, 8, 9]
Index: []
Clusters Ordened By clusters lenght: 
Empty DataFrame
Columns: [0, 1, 2, 3, 4, 5, 6, 7, 8, 9]
Index: []
Clusters Ordened By clusters lenght: 
Empty DataFrame
Columns: [0, 1, 2, 3, 4, 5, 6, 7, 8, 9]
Index: []
Clusters Ordened By clusters lenght: 
Empty DataFrame
Columns: [0, 1, 2, 3, 4, 5, 6, 7, 8, 9]
Index: []
Clusters Ordened By clusters lenght: 
Empty DataFrame
Columns: [0, 1, 2, 3, 4, 5, 6, 7, 8, 9]
Index: []
Clusters Ordened By clusters lenght: 
   0  1  2  3  4  5  6  7                                         8  9
8  C  0  4  *  *  *  *  *  4b9569cb-2120-4fed-a7a2-ccfdd58babe2-IGH  *
Clusters Ordened By clusters lenght: 
      0     1    2  3  4  5  6  7                                         8  9
6800  C  2022  114  *  *  *  *  *  01bc11d8-a1c9-49b5-aa93-4fbf56b84e63-IGH  *
6799  C  2021   73  *  *  *  *  *  018971e9-72fc-424d-8b4d-14e15be4cfc4-IGH  *
5570  C   792   53  *  *  *  *  *  03d38d30-286c-4de1-9f04-cba64f3cf17c-IGH  *
6824  C  2046   47  *  *  *  *  *  0e1989fb-6848-43a1-bc80-c49666538c4e-IGH  *
6852  C  2074   30  *  *  *  *  *  16159544-7190-4757-9d94-976edee1f6c0-IGH  *
...  ..   ...  ... .. .. .. .. ..                                       ... ..
7528  C  2750    4  *  *  *  *  *  00dc5db3-f952-49e4-b4da-97b6c46a94ae-IGH  *
7451  C  2673    4  *  *  *  *  *  b054937b-69e3-4a88-9682-f9d0d10edf28-IGH  *
7546  C  2768    4  *  *  *  *  *  120b3f5b-3023-4318-b210-d69e0c792532-IGH  *
7536  C  2758    4  *  *  *  *  *  0a744192-fc65-499a-a146-8d2e57623acf-IGH  *
7754  C  2976    4  *  *  *  *  *  1e9ce0f9-6f63-44fc-85c8-af9342854290-IGH  *

[113 rows x 10 columns]
Clusters Ordened By clusters lenght: 
Empty DataFrame
Columns: [0, 1, 2, 3, 4, 5, 6, 7, 8, 9]
Index: []
Clusters Ordened By clusters lenght: 
Empty DataFrame
Columns: [0, 1, 2, 3, 4, 5, 6, 7, 8, 9]
Index: []
Clusters Ordened By clusters lenght: 
Empty DataFrame
Columns: [0, 1, 2, 3, 4, 5, 6, 7, 8, 9]
Index: []
Clusters Ordened By clusters lenght: 
Empty DataFrame
Columns: [0, 1, 2, 3, 4, 5, 6, 7, 8, 9]
Index: []
Clusters Ordened By clusters lenght: 
    0  1  2  3  4  5  6  7                                         8  9
10  C  1  4  *  *  *  *  *  0a249063-a80d-4db9-b7ac-c9fb62be4e5a-IGH  *
Clusters Ordened By clusters lenght: 
Empty DataFrame
Columns: [0, 1, 2, 3, 4, 5, 6, 7, 8, 9]
Index: []
Clusters Ordened By clusters lenght: 
    0  1  2  3  4  5  6  7                                         8  9
44  C  7  4  *  *  *  *  *  15debdad-599d-4ff0-96f5-3a967ae0b147-IGH  *
Clusters Ordened By clusters lenght: 
   0  1  2  3  4  5  6  7                                         8  9
7  C  1  5  *  *  *  *  *  38fcc957-b9b4-41c4-9504-26b1707f22ae-IGH  *
Clusters Ordened By clusters lenght: 
Empty DataFrame
Columns: [0, 1, 2, 3, 4, 5, 6, 7, 8, 9]
Index: []
Clusters Ordened By clusters lenght: 
Empty DataFrame
Columns: [0, 1, 2, 3, 4, 5, 6, 7, 8, 9]
Index: []
Clusters Ordened By clusters lenght: 
Empty DataFrame
Columns: [0, 1, 2, 3, 4, 5, 6, 7, 8, 9]
Index: []
Clusters Ordened By clusters lenght: 
Empty DataFrame
Columns: [0, 1, 2, 3, 4, 5, 6, 7, 8, 9]
Index: []
Clusters Ordened By clusters lenght: 
Empty DataFrame
Columns: [0, 1, 2, 3, 4, 5, 6, 7, 8, 9]
Index: []
Clusters Ordened By clusters lenght: 
Empty DataFrame
Columns: [0, 1, 2, 3, 4, 5, 6, 7, 8, 9]
Index: []
Clusters Ordened By clusters lenght: 
Empty DataFrame
Columns: [0, 1, 2, 3, 4, 5, 6, 7, 8, 9]
Index: []
Clusters Ordened By clusters lenght: 
Empty DataFrame
Columns: [0, 1, 2, 3, 4, 5, 6, 7, 8, 9]
Index: []
Clusters Ordened By clusters lenght: 
Empty DataFrame
Columns: [0, 1, 2, 3, 4, 5, 6, 7, 8, 9]
Index: []
Clusters Ordened By clusters lenght: 
    0  1  2  3  4  5  6  7                                         8  9
12  C  4  4  *  *  *  *  *  130b3838-117e-48cc-b07c-ed22dfbd8f52-IGH  *
Clusters Ordened By clusters lenght: 
Empty DataFrame
Columns: [0, 1, 2, 3, 4, 5, 6, 7, 8, 9]
Index: []
Clusters Ordened By clusters lenght: 
Empty DataFrame
Columns: [0, 1, 2, 3, 4, 5, 6, 7, 8, 9]
Index: []
Clusters Ordened By clusters lenght: 
    0  1   2  3  4  5  6  7                                         8  9
18  C  0  17  *  *  *  *  *  0855ec6f-bbe4-4e8c-a6ba-cc9b3227333d-IGH  *
Clusters Ordened By clusters lenght: 
     0   1  2  3  4  5  6  7                                         8  9
111  C  46  9  *  *  *  *  *  1b49c647-b87b-493d-8286-7461eb5bed16-IGH  *
Clusters Ordened By clusters lenght: 
Empty DataFrame
Columns: [0, 1, 2, 3, 4, 5, 6, 7, 8, 9]
Index: []
Clusters Ordened By clusters lenght: 
     0    1  2  3  4  5  6  7                                         8  9
249  C   23  7  *  *  *  *  *  02f3e2c9-dc5d-48ff-9c36-42447a81020e-IGH  *
365  C  139  7  *  *  *  *  *  1497fdab-7f98-4772-92ab-400706d10c3a-IGH  *
317  C   91  4  *  *  *  *  *  5c416b15-f079-48b6-8e39-8cdfc3eff9a5-IGH  *
Clusters Ordened By clusters lenght: 
Empty DataFrame
Columns: [0, 1, 2, 3, 4, 5, 6, 7, 8, 9]
Index: []
Clusters Ordened By clusters lenght: 
Empty DataFrame
Columns: [0, 1, 2, 3, 4, 5, 6, 7, 8, 9]
Index: []
Clusters Ordened By clusters lenght: 
Empty DataFrame
Columns: [0, 1, 2, 3, 4, 5, 6, 7, 8, 9]
Index: []
Clusters Ordened By clusters lenght: 
     0   1  2  3  4  5  6  7                                         8  9
148  C  30  6  *  *  *  *  *  1c03bbf8-2e97-463d-b197-5e71323c4755-IGH  *
118  C   0  5  *  *  *  *  *  08f31f42-9a0a-4400-bb47-2a4c71a6eea4-IGH  *
138  C  20  5  *  *  *  *  *  700a843c-403c-4afa-85a4-b265e598312f-IGH  *
157  C  39  4  *  *  *  *  *  50ecb28c-41cf-4260-a211-749a90ecd42d-IGH  *
Clusters Ordened By clusters lenght: 
Empty DataFrame
Columns: [0, 1, 2, 3, 4, 5, 6, 7, 8, 9]
Index: []
Clusters Ordened By clusters lenght: 
Empty DataFrame
Columns: [0, 1, 2, 3, 4, 5, 6, 7, 8, 9]
Index: []
Clusters Ordened By clusters lenght: 
Empty DataFrame
Columns: [0, 1, 2, 3, 4, 5, 6, 7, 8, 9]
Index: []
Clusters Ordened By clusters lenght: 
Empty DataFrame
Columns: [0, 1, 2, 3, 4, 5, 6, 7, 8, 9]
Index: []
Clusters Ordened By clusters lenght: 
Empty DataFrame
Columns: [0, 1, 2, 3, 4, 5, 6, 7, 8, 9]
Index: []
Clusters Ordened By clusters lenght: 
Empty DataFrame
Columns: [0, 1, 2, 3, 4, 5, 6, 7, 8, 9]
Index: []
Clusters Ordened By clusters lenght: 
Empty DataFrame
Columns: [0, 1, 2, 3, 4, 5, 6, 7, 8, 9]
Index: []
Clusters Ordened By clusters lenght: 
Empty DataFrame
Columns: [0, 1, 2, 3, 4, 5, 6, 7, 8, 9]
Index: []
Clusters Ordened By clusters lenght: 
     0  1   2  3  4  5  6  7                                         8  9
137  C  3  80  *  *  *  *  *  029b5c0f-d0c8-423d-9d3d-e2f8334fc007-IGH  *
Clusters Ordened By clusters lenght: 
    0   1   2  3  4  5  6  7                                         8  9
51  C  15  12  *  *  *  *  *  0d5fac14-8b6b-4b34-a43a-77af2b95bc27-IGH  *
Clusters Ordened By clusters lenght: 
Empty DataFrame
Columns: [0, 1, 2, 3, 4, 5, 6, 7, 8, 9]
Index: []
Clusters Ordened By clusters lenght: 
Empty DataFrame
Columns: [0, 1, 2, 3, 4, 5, 6, 7, 8, 9]
Index: []
Clusters Ordened By clusters lenght: 
Empty DataFrame
Columns: [0, 1, 2, 3, 4, 5, 6, 7, 8, 9]
Index: []
Clusters Ordened By clusters lenght: 
Empty DataFrame
Columns: [0, 1, 2, 3, 4, 5, 6, 7, 8, 9]
Index: []
Clusters Ordened By clusters lenght: 
    0  1   2  3  4  5  6  7                                         8  9
31  C  4  11  *  *  *  *  *  15a50d1d-459e-44e7-99e5-80e6f9eff864-IGH  *
30  C  3   5  *  *  *  *  *  096ad29a-61b0-449d-8ffc-fe49d3eaec43-IGH  *
Clusters Ordened By clusters lenght: 
Empty DataFrame
Columns: [0, 1, 2, 3, 4, 5, 6, 7, 8, 9]
Index: []
Clusters Ordened By clusters lenght: 
Empty DataFrame
Columns: [0, 1, 2, 3, 4, 5, 6, 7, 8, 9]
Index: []
Clusters Ordened By clusters lenght: 
Empty DataFrame
Columns: [0, 1, 2, 3, 4, 5, 6, 7, 8, 9]
Index: []
Clusters Ordened By clusters lenght: 
Empty DataFrame
Columns: [0, 1, 2, 3, 4, 5, 6, 7, 8, 9]
Index: []
Clusters Ordened By clusters lenght: 
    0  1  2  3  4  5  6  7                                         8  9
13  C  1  6  *  *  *  *  *  8a6abff1-44ae-4f61-b991-f88501d4dbbc-IGH  *
Clusters Ordened By clusters lenght: 
      0    1   2  3  4  5  6  7                                         8  9
1328  C  281  24  *  *  *  *  *  007309cd-f94c-40ef-bfad-ed91c2e015e7-IGH  *
1068  C   21  18  *  *  *  *  *  0c4427eb-967a-4182-9feb-675d38797932-IGH  *
1703  C  656  16  *  *  *  *  *  4989a99e-5efa-42e4-870e-826eabaa507a-IGH  *
1701  C  654  12  *  *  *  *  *  445e1b47-6d13-4c68-b7fd-f0c7a9e8199d-IGH  *
1235  C  188  11  *  *  *  *  *  13c55f79-17c9-478e-88f4-cba899384ad4-IGH  *
1597  C  550  10  *  *  *  *  *  4826bf3b-d8cb-4423-b3b2-c72a9d2e7914-IGH  *
1059  C   12   9  *  *  *  *  *  0124647c-09b9-484f-8641-fa973f956257-IGH  *
1253  C  206   9  *  *  *  *  *  41947cdd-c2f7-4e93-bd42-d6d3e8cc1e6b-IGH  *
1431  C  384   8  *  *  *  *  *  003c64b3-83b3-4110-812e-08dbb58a1598-IGH  *
1692  C  645   8  *  *  *  *  *  19a76f2e-2ed7-4143-9014-62bd399d2eb9-IGH  *
1244  C  197   6  *  *  *  *  *  2aa59fa3-8170-4a7e-8f64-9153aefee4b0-IGH  *
1451  C  404   6  *  *  *  *  *  2c936988-2088-4de7-9140-28ce4e72f6ae-IGH  *
1726  C  679   6  *  *  *  *  *  2878193f-f067-4aeb-b805-d326a55108d5-IGH  *
1150  C  103   6  *  *  *  *  *  1153f00b-4218-4a52-b194-6db2cda2706a-IGH  *
1525  C  478   5  *  *  *  *  *  42efd81d-0789-4bf9-9a4f-9686a31eb3fc-IGH  *
1251  C  204   5  *  *  *  *  *  3a3ee59d-c906-48e2-9ec7-0e41a8eb5015-IGH  *
1351  C  304   5  *  *  *  *  *  2bbd753e-e5a5-4f6c-b4a0-9b110c9ce7bc-IGH  *
1695  C  648   5  *  *  *  *  *  270dcb35-53b6-4a5c-ab43-020e5da65d8f-IGH  *
1599  C  552   5  *  *  *  *  *  4ced1692-74ab-4136-b1eb-1bc6a8ac50f2-IGH  *
1509  C  462   5  *  *  *  *  *  02a898ec-e67d-4508-8911-e40758b470a6-IGH  *
1165  C  118   4  *  *  *  *  *  3be755ad-a0e8-4c2a-9c3f-d815fd86fa6e-IGH  *
1146  C   99   4  *  *  *  *  *  0b91982f-0cd5-4a25-bd9f-c36e1ead6bcc-IGH  *
1142  C   95   4  *  *  *  *  *  0627af78-0388-4c0c-aba2-85b355916973-IGH  *
1243  C  196   4  *  *  *  *  *  2994676e-8356-4976-9c42-64648e59bae8-IGH  *
1078  C   31   4  *  *  *  *  *  27c12d71-008b-4cc9-87e7-af5faab4be2b-IGH  *
1350  C  303   4  *  *  *  *  *  2b78be12-9fba-4255-a4f7-5e891a9e725f-IGH  *
1274  C  227   4  *  *  *  *  *  7bdcb8aa-4142-417f-af10-625bd70bf68d-IGH  *
1433  C  386   4  *  *  *  *  *  0bbb6dd5-7050-43b8-bb41-7ddc06b2b8d8-IGH  *
1613  C  566   4  *  *  *  *  *  99bb951d-e03e-4e91-a6ba-5a440915b079-IGH  *
1646  C  599   4  *  *  *  *  *  28d48b53-e49e-4c7f-83ad-6b2b27de72b6-IGH  *
1651  C  604   4  *  *  *  *  *  3db092f0-7965-408e-9c7f-9269751c35a0-IGH  *
1744  C  697   4  *  *  *  *  *  c10acb7d-a50e-4fb4-a952-1f3e3428ba04-IGH  *
1758  C  711   4  *  *  *  *  *  1654cb92-b276-4fbc-bc0e-d90d01d9a422-IGH  *
Clusters Ordened By clusters lenght: 
Empty DataFrame
Columns: [0, 1, 2, 3, 4, 5, 6, 7, 8, 9]
Index: []
Clusters Ordened By clusters lenght: 
Empty DataFrame
Columns: [0, 1, 2, 3, 4, 5, 6, 7, 8, 9]
Index: []
Clusters Ordened By clusters lenght: 
Empty DataFrame
Columns: [0, 1, 2, 3, 4, 5, 6, 7, 8, 9]
Index: []
Clusters Ordened By clusters lenght: 
Empty DataFrame
Columns: [0, 1, 2, 3, 4, 5, 6, 7, 8, 9]
Index: []
Clusters Ordened By clusters lenght: 
Empty DataFrame
Columns: [0, 1, 2, 3, 4, 5, 6, 7, 8, 9]
Index: []
Clusters Ordened By clusters lenght: 
Empty DataFrame
Columns: [0, 1, 2, 3, 4, 5, 6, 7, 8, 9]
Index: []
Clusters Ordened By clusters lenght: 
Empty DataFrame
Columns: [0, 1, 2, 3, 4, 5, 6, 7, 8, 9]
Index: []
Clusters Ordened By clusters lenght: 
    0  1  2  3  4  5  6  7                                         8  9
11  C  0  4  *  *  *  *  *  32f56617-f158-4125-b24c-62380bd20a5e-IGH  *
Clusters Ordened By clusters lenght: 
Empty DataFrame
Columns: [0, 1, 2, 3, 4, 5, 6, 7, 8, 9]
Index: []
Clusters Ordened By clusters lenght: 
    0  1   2  3  4  5  6  7                                         8  9
45  C  0  12  *  *  *  *  *  07424675-4852-4846-977a-156e2f7df804-IGH  *
Clusters Ordened By clusters lenght: 
Empty DataFrame
Columns: [0, 1, 2, 3, 4, 5, 6, 7, 8, 9]
Index: []
Clusters Ordened By clusters lenght: 
Empty DataFrame
Columns: [0, 1, 2, 3, 4, 5, 6, 7, 8, 9]
Index: []
Clusters Ordened By clusters lenght: 
    0   1  2  3  4  5  6  7                                         8  9
59  C  12  5  *  *  *  *  *  159cf295-4cd2-471d-ae92-d5cdb6a1d785-IGH  *
Clusters Ordened By clusters lenght: 
Empty DataFrame
Columns: [0, 1, 2, 3, 4, 5, 6, 7, 8, 9]
Index: []
Clusters Ordened By clusters lenght: 
   0  1  2  3  4  5  6  7                                         8  9
7  C  0  4  *  *  *  *  *  241f72d9-33ee-41a8-8591-cb1d050421ae-IGH  *
Clusters Ordened By clusters lenght: 
Empty DataFrame
Columns: [0, 1, 2, 3, 4, 5, 6, 7, 8, 9]
Index: []
Clusters Ordened By clusters lenght: 
    0  1  2  3  4  5  6  7                                         8  9
24  C  2  9  *  *  *  *  *  60320723-d393-4bef-81b8-9ce0c24ebcf3-IGH  *
Clusters Ordened By clusters lenght: 
     0  1  2  3  4  5  6  7                                         8  9
147  C  5  4  *  *  *  *  *  0bc05899-a7da-46f4-b91c-ed02bf150339-IGH  *
Clusters Ordened By clusters lenght: 
Empty DataFrame
Columns: [0, 1, 2, 3, 4, 5, 6, 7, 8, 9]
Index: []
Clusters Ordened By clusters lenght: 
   0  1  2  3  4  5  6  7                                         8  9
7  C  0  5  *  *  *  *  *  9ac6c252-6c38-4f8f-853a-c1cbfbcbcae3-IGH  *
Clusters Ordened By clusters lenght: 
Empty DataFrame
Columns: [0, 1, 2, 3, 4, 5, 6, 7, 8, 9]
Index: []
Clusters Ordened By clusters lenght: 
Empty DataFrame
Columns: [0, 1, 2, 3, 4, 5, 6, 7, 8, 9]
Index: []
Clusters Ordened By clusters lenght: 
Empty DataFrame
Columns: [0, 1, 2, 3, 4, 5, 6, 7, 8, 9]
Index: []
Clusters Ordened By clusters lenght: 
    0  1   2  3  4  5  6  7                                         8  9
32  C  0  22  *  *  *  *  *  0bff64b1-be81-45e1-915b-2ae57d005b15-IGH  *
Clusters Ordened By clusters lenght: 
   0  1  2  3  4  5  6  7                                         8  9
6  C  0  4  *  *  *  *  *  20b29b55-a209-4126-9a99-2b536a0f4d2b-IGH  *
Clusters Ordened By clusters lenght: 
Empty DataFrame
Columns: [0, 1, 2, 3, 4, 5, 6, 7, 8, 9]
Index: []
Clusters Ordened By clusters lenght: 
Empty DataFrame
Columns: [0, 1, 2, 3, 4, 5, 6, 7, 8, 9]
Index: []
Clusters Ordened By clusters lenght: 
Empty DataFrame
Columns: [0, 1, 2, 3, 4, 5, 6, 7, 8, 9]
Index: []
Clusters Ordened By clusters lenght: 
Empty DataFrame
Columns: [0, 1, 2, 3, 4, 5, 6, 7, 8, 9]
Index: []
Clusters Ordened By clusters lenght: 
Empty DataFrame
Columns: [0, 1, 2, 3, 4, 5, 6, 7, 8, 9]
Index: []
Clusters Ordened By clusters lenght: 
Empty DataFrame
Columns: [0, 1, 2, 3, 4, 5, 6, 7, 8, 9]
Index: []
Clusters Ordened By clusters lenght: 
    0  1  2  3  4  5  6  7                                         8  9
21  C  3  6  *  *  *  *  *  03bb8459-121d-4816-9158-6d295eb3438a-IGH  *
24  C  6  5  *  *  *  *  *  915e8914-0ccd-473d-bfca-5aec531dbc3a-IGH  *
Clusters Ordened By clusters lenght: 
Empty DataFrame
Columns: [0, 1, 2, 3, 4, 5, 6, 7, 8, 9]
Index: []
Clusters Ordened By clusters lenght: 
Empty DataFrame
Columns: [0, 1, 2, 3, 4, 5, 6, 7, 8, 9]
Index: []
Clusters Ordened By clusters lenght: 
Empty DataFrame
Columns: [0, 1, 2, 3, 4, 5, 6, 7, 8, 9]
Index: []
Clusters Ordened By clusters lenght: 
   0  1  2  3  4  5  6  7                                         8  9
7  C  1  4  *  *  *  *  *  1d72ff25-2da4-4aee-b38b-20f1ddda99a6-IGH  *
Clusters Ordened By clusters lenght: 
Empty DataFrame
Columns: [0, 1, 2, 3, 4, 5, 6, 7, 8, 9]
Index: []
Clusters Ordened By clusters lenght: 
     0    1   2  3  4  5  6  7                                         8  9
268  C   89  12  *  *  *  *  *  28f9aac9-0e7c-4422-b7b2-5b9ebd7c7d25-IGH  *
263  C   84   6  *  *  *  *  *  075ef81e-8b07-48b6-a66a-6c5f4d9dce0c-IGH  *
185  C    6   5  *  *  *  *  *  13a045ab-b4a1-48b4-b799-e085bd483c26-IGH  *
311  C  132   5  *  *  *  *  *  510ec612-ed01-4621-9cdb-11f567126689-IGH  *
293  C  114   4  *  *  *  *  *  32d10392-c1e7-4ec8-a06b-a2f38b77042c-IGH  *
Clusters Ordened By clusters lenght: 
    0  1  2  3  4  5  6  7                                         8  9
10  C  0  5  *  *  *  *  *  41829ceb-916b-4c2f-8890-35ea2c0c706c-IGH  *
Clusters Ordened By clusters lenght: 
    0  1  2  3  4  5  6  7                                         8  9
11  C  0  6  *  *  *  *  *  13ae5676-eb9a-4f0c-8c4a-570b14c92b3c-IGH  *
Clusters Ordened By clusters lenght: 
     0    1  2  3  4  5  6  7                                         8  9
364  C  156  5  *  *  *  *  *  61f1a215-afea-4451-859f-1c003e6521cd-IGH  *
Clusters Ordened By clusters lenght: 
    0  1  2  3  4  5  6  7                                         8  9
35  C  8  6  *  *  *  *  *  1387dcfc-3f9a-4836-bc76-8da84bc66a50-IGH  *
Clusters Ordened By clusters lenght: 
     0    1    2  3  4  5  6  7                                         8  9
516  C  116  157  *  *  *  *  *  00fe53b2-4862-4c64-a5d6-11f5353f7476-IGH  *
458  C   58   14  *  *  *  *  *  002c7f68-9dba-4b2d-ac3b-2caa7a78c7c0-IGH  *
524  C  124   10  *  *  *  *  *  2c9b73a3-7b2f-4ec9-a272-060b1abe4d21-IGH  *
519  C  119    4  *  *  *  *  *  18a8b20f-3edc-4fd9-80ed-bba4405b93fc-IGH  *
577  C  177    4  *  *  *  *  *  1883159a-c53d-4cd7-b073-1941153f351c-IGH  *
Clusters Ordened By clusters lenght: 
      0     1    2  3  4  5  6  7                                         8  9
3864  C  1155  147  *  *  *  *  *  025a41be-0f6a-4539-975f-6532df4f0395-IGH  *
3860  C  1151   39  *  *  *  *  *  79c93698-38cf-43d5-8caa-8ab84a0463d2-IGH  *
3934  C  1225   35  *  *  *  *  *  3800ebc0-7fc5-41a5-a9e1-c33290f257bd-IGH  *
3868  C  1159   29  *  *  *  *  *  05209b22-3442-4470-bdb0-027f4230f448-IGH  *
3866  C  1157   24  *  *  *  *  *  038cbd2a-5f53-41ef-8bb1-6e92b7041133-IGH  *
...  ..   ...  ... .. .. .. .. ..                                       ... ..
3952  C  1243    4  *  *  *  *  *  4ea51290-c517-47a2-a6af-cbae04af1ceb-IGH  *
4222  C  1513    4  *  *  *  *  *  9304e7bf-5107-4622-8281-c40e4ec62885-IGH  *
4179  C  1470    4  *  *  *  *  *  560170c8-c8a0-4cd1-8539-3401a5e17eb2-IGH  *
4339  C  1630    4  *  *  *  *  *  59d634cf-edda-40a0-b9a1-a70eb550af6c-IGH  *
4296  C  1587    4  *  *  *  *  *  0798bdbd-90dc-4b68-af06-68301230c191-IGH  *

[73 rows x 10 columns]
Clusters Ordened By clusters lenght: 
Empty DataFrame
Columns: [0, 1, 2, 3, 4, 5, 6, 7, 8, 9]
Index: []
Clusters Ordened By clusters lenght: 
     0  1  2  3  4  5  6  7                                         8  9
124  C  4  7  *  *  *  *  *  7ed024dd-f2c2-4865-8055-d53675461622-IGH  *
125  C  5  4  *  *  *  *  *  853f193f-ab65-4b39-804f-af37adee5bac-IGH  *
Clusters Ordened By clusters lenght: 
Empty DataFrame
Columns: [0, 1, 2, 3, 4, 5, 6, 7, 8, 9]
Index: []
Clusters Ordened By clusters lenght: 
Empty DataFrame
Columns: [0, 1, 2, 3, 4, 5, 6, 7, 8, 9]
Index: []
Clusters Ordened By clusters lenght: 
    0  1  2  3  4  5  6  7                                         8  9
10  C  1  5  *  *  *  *  *  2ce1d871-34bd-427c-96fe-e5a6e0de33d4-IGH  *
Clusters Ordened By clusters lenght: 
    0  1  2  3  4  5  6  7                                         8  9
10  C  1  8  *  *  *  *  *  1e7b7d3c-4e18-487b-ad66-b6aab119c0f2-IGH  *
Clusters Ordened By clusters lenght: 
    0  1  2  3  4  5  6  7                                         8  9
20  C  0  5  *  *  *  *  *  0f4fa88c-05ea-46d7-b994-57c09ea736a0-IGH  *
Clusters Ordened By clusters lenght: 
    0  1  2  3  4  5  6  7                                         8  9
18  C  1  4  *  *  *  *  *  0eb59370-d5ef-4a30-83d7-a798f8ced88d-IGH  *
Clusters Ordened By clusters lenght: 
Empty DataFrame
Columns: [0, 1, 2, 3, 4, 5, 6, 7, 8, 9]
Index: []
Clusters Ordened By clusters lenght: 
Empty DataFrame
Columns: [0, 1, 2, 3, 4, 5, 6, 7, 8, 9]
Index: []
Clusters Ordened By clusters lenght: 
    0  1  2  3  4  5  6  7                                         8  9
14  C  0  7  *  *  *  *  *  09b344dc-c873-49bc-9fbf-aed95e9276f5-IGH  *
Clusters Ordened By clusters lenght: 
     0    1  2  3  4  5  6  7                                         8  9
447  C   85  5  *  *  *  *  *  007309cd-f94c-40ef-bfad-ed91c2e015e7-IGH  *
581  C  219  5  *  *  *  *  *  2754eb33-9dd8-4cb3-bfbb-238c7bcf9958-IGH  *
414  C   52  4  *  *  *  *  *  35f6da54-379b-4c6c-9ce1-d5f7a9441628-IGH  *
451  C   89  4  *  *  *  *  *  123268d4-7039-41cd-8f2f-dc124ec34209-IGH  *
Clusters Ordened By clusters lenght: 
Empty DataFrame
Columns: [0, 1, 2, 3, 4, 5, 6, 7, 8, 9]
Index: []
Clusters Ordened By clusters lenght: 
    0  1  2  3  4  5  6  7                                         8  9
12  C  3  6  *  *  *  *  *  3a5488f8-70ab-443f-955a-56cfbae8b68d-IGH  *
Clusters Ordened By clusters lenght: 
    0  1   2  3  4  5  6  7                                         8  9
40  C  0  39  *  *  *  *  *  042a8e14-e67b-4a5d-bb9e-3ad00c7c9b2c-IGH  *
Clusters Ordened By clusters lenght: 
    0  1  2  3  4  5  6  7                                         8  9
12  C  1  4  *  *  *  *  *  430125a5-1579-41c0-95c9-1d93def37f37-IGH  *
Clusters Ordened By clusters lenght: 
Empty DataFrame
Columns: [0, 1, 2, 3, 4, 5, 6, 7, 8, 9]
Index: []
Clusters Ordened By clusters lenght: 
    0  1   2  3  4  5  6  7                                         8  9
14  C  0  12  *  *  *  *  *  094db87d-a9cf-479a-9a34-c13c9edb0d06-IGH  *
Clusters Ordened By clusters lenght: 
Empty DataFrame
Columns: [0, 1, 2, 3, 4, 5, 6, 7, 8, 9]
Index: []
Clusters Ordened By clusters lenght: 
    0   1  2  3  4  5  6  7                                         8  9
77  C  28  5  *  *  *  *  *  13903715-69a0-468e-b68f-eccaf3df5f11-IGH  *
Clusters Ordened By clusters lenght: 
Empty DataFrame
Columns: [0, 1, 2, 3, 4, 5, 6, 7, 8, 9]
Index: []
Clusters Ordened By clusters lenght: 
Empty DataFrame
Columns: [0, 1, 2, 3, 4, 5, 6, 7, 8, 9]
Index: []
Clusters Ordened By clusters lenght: 
    0  1   2  3  4  5  6  7                                         8  9
67  C  0  57  *  *  *  *  *  0766c8ec-19f8-4bc9-a270-ebaa417e653e-IGH  *
69  C  2   5  *  *  *  *  *  68d30eb0-98ae-4a98-aba9-f33c1c291034-IGH  *
Clusters Ordened By clusters lenght: 
Empty DataFrame
Columns: [0, 1, 2, 3, 4, 5, 6, 7, 8, 9]
Index: []
Clusters Ordened By clusters lenght: 
Empty DataFrame
Columns: [0, 1, 2, 3, 4, 5, 6, 7, 8, 9]
Index: []
Clusters Ordened By clusters lenght: 
    0  1  2  3  4  5  6  7                                         8  9
28  C  1  8  *  *  *  *  *  2f8b3291-b517-4d59-abf4-6832888155d5-IGH  *
31  C  4  6  *  *  *  *  *  53b78555-d50e-4299-8546-64976385ea32-IGH  *
Clusters Ordened By clusters lenght: 
Empty DataFrame
Columns: [0, 1, 2, 3, 4, 5, 6, 7, 8, 9]
Index: []
Clusters Ordened By clusters lenght: 
     0    1  2  3  4  5  6  7                                         8  9
342  C  143  4  *  *  *  *  *  03a4ed72-71ab-4925-a876-024d068d4d65-IGH  *
Clusters Ordened By clusters lenght: 
Empty DataFrame
Columns: [0, 1, 2, 3, 4, 5, 6, 7, 8, 9]
Index: []
Clusters Ordened By clusters lenght: 
Empty DataFrame
Columns: [0, 1, 2, 3, 4, 5, 6, 7, 8, 9]
Index: []
Clusters Ordened By clusters lenght: 
   0  1  2  3  4  5  6  7                                         8  9
6  C  0  4  *  *  *  *  *  45dfe243-dc53-41e5-a9c8-d97cde8cea5d-IGH  *
Clusters Ordened By clusters lenght: 
Empty DataFrame
Columns: [0, 1, 2, 3, 4, 5, 6, 7, 8, 9]
Index: []
Clusters Ordened By clusters lenght: 
    0  1   2  3  4  5  6  7                                         8  9
35  C  0  11  *  *  *  *  *  309de749-1ed7-4e84-b20a-ccb1522a1e04-IGH  *
Clusters Ordened By clusters lenght: 
Empty DataFrame
Columns: [0, 1, 2, 3, 4, 5, 6, 7, 8, 9]
Index: []
Clusters Ordened By clusters lenght: 
      0    1  2  3  4  5  6  7                                         8  9
1265  C  404  8  *  *  *  *  *  06f23228-c689-4e91-bba8-8fff0be41123-IGH  *
1551  C  690  7  *  *  *  *  *  0eb471f9-5d83-4a70-a6b8-33f931bdd84a-IGH  *
1550  C  689  7  *  *  *  *  *  04e5b0d6-2bda-4701-8274-42044ff039c0-IGH  *
1456  C  595  7  *  *  *  *  *  16dc954f-ec50-4cec-b4d2-fc59a07231df-IGH  *
1360  C  499  6  *  *  *  *  *  08c49bac-5730-4f08-8673-02220b83d703-IGH  *
895   C   34  6  *  *  *  *  *  25f3f937-9973-43ee-b7c6-eb755750d0ab-IGH  *
864   C    3  5  *  *  *  *  *  1733083c-2412-4a2d-aab9-0ac1efa3d5ba-IGH  *
1096  C  235  5  *  *  *  *  *  3567c41f-d6b0-4cc4-9772-4201bfb57099-IGH  *
939   C   78  4  *  *  *  *  *  3172c8b4-81ae-4ecd-b9c0-e736ab7e88ce-IGH  *
1107  C  246  4  *  *  *  *  *  49741696-3e81-4e5c-b845-c3320747d776-IGH  *
1361  C  500  4  *  *  *  *  *  0a598504-0dc8-41ec-9351-f253d4f13ed8-IGH  *
Clusters Ordened By clusters lenght: 
    0  1  2  3  4  5  6  7                                         8  9
26  C  0  6  *  *  *  *  *  0044dd7e-2410-486b-bbfe-bfa60abbc573-IGH  *
28  C  2  5  *  *  *  *  *  2e745f82-0397-4992-8f9f-7186319cbc4d-IGH  *
Clusters Ordened By clusters lenght: 
     0  1   2  3  4  5  6  7                                         8  9
159  C  2  50  *  *  *  *  *  13bdc51a-fe4d-495e-adb9-269c13d558f4-IGH  *
157  C  0  41  *  *  *  *  *  03d38d30-286c-4de1-9f04-cba64f3cf17c-IGH  *
158  C  1  23  *  *  *  *  *  09e95442-6fbb-4a50-bbed-fe4a1f4ece02-IGH  *
Clusters Ordened By clusters lenght: 
    0  1   2  3  4  5  6  7                                         8  9
19  C  0  12  *  *  *  *  *  1826c77e-33ba-4e1a-aca8-fde2b723fd58-IGH  *
Clusters Ordened By clusters lenght: 
Empty DataFrame
Columns: [0, 1, 2, 3, 4, 5, 6, 7, 8, 9]
Index: []
Clusters Ordened By clusters lenght: 
Empty DataFrame
Columns: [0, 1, 2, 3, 4, 5, 6, 7, 8, 9]
Index: []
Clusters Ordened By clusters lenght: 
Empty DataFrame
Columns: [0, 1, 2, 3, 4, 5, 6, 7, 8, 9]
Index: []
Clusters Ordened By clusters lenght: 
Empty DataFrame
Columns: [0, 1, 2, 3, 4, 5, 6, 7, 8, 9]
Index: []
Clusters Ordened By clusters lenght: 
    0  1   2  3  4  5  6  7                                         8  9
25  C  3  12  *  *  *  *  *  39d02922-efb2-422c-bcb0-a06e8d4b2a49-IGH  *
Clusters Ordened By clusters lenght: 
    0  1   2  3  4  5  6  7                                         8  9
67  C  7  11  *  *  *  *  *  0b9b669c-53f9-42f1-add1-1509d2ae87e2-IGH  *
Clusters Ordened By clusters lenght: 
Empty DataFrame
Columns: [0, 1, 2, 3, 4, 5, 6, 7, 8, 9]
Index: []
Clusters Ordened By clusters lenght: 
    0  1  2  3  4  5  6  7                                         8  9
11  C  1  5  *  *  *  *  *  3b567404-e20d-422d-9593-72dd4548ec47-IGH  *
Clusters Ordened By clusters lenght: 
Empty DataFrame
Columns: [0, 1, 2, 3, 4, 5, 6, 7, 8, 9]
Index: []
Clusters Ordened By clusters lenght: 
Empty DataFrame
Columns: [0, 1, 2, 3, 4, 5, 6, 7, 8, 9]
Index: []
Clusters Ordened By clusters lenght: 
Empty DataFrame
Columns: [0, 1, 2, 3, 4, 5, 6, 7, 8, 9]
Index: []
Clusters Ordened By clusters lenght: 
Empty DataFrame
Columns: [0, 1, 2, 3, 4, 5, 6, 7, 8, 9]
Index: []
Clusters Ordened By clusters lenght: 
Empty DataFrame
Columns: [0, 1, 2, 3, 4, 5, 6, 7, 8, 9]
Index: []
Clusters Ordened By clusters lenght: 
Empty DataFrame
Columns: [0, 1, 2, 3, 4, 5, 6, 7, 8, 9]
Index: []
Clusters Ordened By clusters lenght: 
Empty DataFrame
Columns: [0, 1, 2, 3, 4, 5, 6, 7, 8, 9]
Index: []
Clusters Ordened By clusters lenght: 
Empty DataFrame
Columns: [0, 1, 2, 3, 4, 5, 6, 7, 8, 9]
Index: []
Clusters Ordened By clusters lenght: 
     0    1  2  3  4  5  6  7                                         8  9
266  C   45  9  *  *  *  *  *  029ee639-fb51-408d-90da-1ca41e3b20d1-IGH  *
278  C   57  8  *  *  *  *  *  457001a3-8f06-4b46-8030-015c66926691-IGH  *
301  C   80  8  *  *  *  *  *  0e3b5f17-c61a-4d56-8b2b-ce885299e853-IGH  *
341  C  120  7  *  *  *  *  *  19e7a115-bc99-4e76-86de-4e62caf65945-IGH  *
246  C   25  6  *  *  *  *  *  046a38c9-4d87-435d-927c-0a22da02e23e-IGH  *
254  C   33  4  *  *  *  *  *  56e800da-05a8-4909-8015-50ca6a0c5699-IGH  *
228  C    7  4  *  *  *  *  *  1eedeff9-79aa-4d84-acde-e0a6b1ca75ac-IGH  *
248  C   27  4  *  *  *  *  *  0e059a78-8274-482b-84d9-d6a55304ddfb-IGH  *
Clusters Ordened By clusters lenght: 
   0  1  2  3  4  5  6  7                                         8  9
8  C  1  5  *  *  *  *  *  2c5f93de-d501-426f-9d35-df98cc756694-IGH  *
Clusters Ordened By clusters lenght: 
Empty DataFrame
Columns: [0, 1, 2, 3, 4, 5, 6, 7, 8, 9]
Index: []
Clusters Ordened By clusters lenght: 
   0  1  2  3  4  5  6  7                                         8  9
7  C  0  5  *  *  *  *  *  2228b5c2-0a09-4053-8af5-974d62b6b00b-IGH  *
Clusters Ordened By clusters lenght: 
Empty DataFrame
Columns: [0, 1, 2, 3, 4, 5, 6, 7, 8, 9]
Index: []
Clusters Ordened By clusters lenght: 
    0  1  2  3  4  5  6  7                                         8  9
25  C  8  9  *  *  *  *  *  1f2f8b5d-eccc-4aa3-a6ee-483044107924-IGH  *
Clusters Ordened By clusters lenght: 
Empty DataFrame
Columns: [0, 1, 2, 3, 4, 5, 6, 7, 8, 9]
Index: []
Clusters Ordened By clusters lenght: 
Empty DataFrame
Columns: [0, 1, 2, 3, 4, 5, 6, 7, 8, 9]
Index: []
Clusters Ordened By clusters lenght: 
Empty DataFrame
Columns: [0, 1, 2, 3, 4, 5, 6, 7, 8, 9]
Index: []
Clusters Ordened By clusters lenght: 
Empty DataFrame
Columns: [0, 1, 2, 3, 4, 5, 6, 7, 8, 9]
Index: []
Clusters Ordened By clusters lenght: 
Empty DataFrame
Columns: [0, 1, 2, 3, 4, 5, 6, 7, 8, 9]
Index: []
Clusters Ordened By clusters lenght: 
Empty DataFrame
Columns: [0, 1, 2, 3, 4, 5, 6, 7, 8, 9]
Index: []
Clusters Ordened By clusters lenght: 
Empty DataFrame
Columns: [0, 1, 2, 3, 4, 5, 6, 7, 8, 9]
Index: []
Clusters Ordened By clusters lenght: 
      0     1   2  3  4  5  6  7                                         8  9
2827  C  1104  15  *  *  *  *  *  012d17b0-b9cb-4244-824d-ead10ca5964c-IGH  *
2842  C  1119  11  *  *  *  *  *  21dd2c70-a67b-4004-a545-e488a7a85ec6-IGH  *
1774  C    51  10  *  *  *  *  *  1d42ca44-ca96-48c3-b0d8-57992d55f7bd-IGH  *
2582  C   859  10  *  *  *  *  *  0d810ec4-67ff-4820-91c3-418028db9a97-IGH  *
2710  C   987   9  *  *  *  *  *  006db357-57e8-475a-8bc5-2387bf135ead-IGH  *
1916  C   193   8  *  *  *  *  *  4331fb64-b927-48cc-a4bf-730f13745ccb-IGH  *
2436  C   713   8  *  *  *  *  *  2c4ff3aa-4730-4d79-a276-80a38cfed64f-IGH  *
1769  C    46   7  *  *  *  *  *  15caad43-1afb-4014-8dea-a70c79661819-IGH  *
2857  C  1134   7  *  *  *  *  *  458013df-ae62-4de0-b2e1-308dc1aac9ed-IGH  *
2838  C  1115   6  *  *  *  *  *  1afca906-64eb-45fe-a92a-07bbe29482f7-IGH  *
2197  C   474   6  *  *  *  *  *  0a4463f5-0781-4beb-9295-47ef0a28c646-IGH  *
2049  C   326   5  *  *  *  *  *  24183f2b-6251-4082-b27c-c848437c596e-IGH  *
2018  C   295   5  *  *  *  *  *  00116f8e-8c2d-4042-bb28-c1c6c620d41a-IGH  *
1765  C    42   5  *  *  *  *  *  12192f4d-4458-45ee-b92c-261573bad49f-IGH  *
2031  C   308   5  *  *  *  *  *  129c6c8c-91e1-463f-989e-2c4d1068476d-IGH  *
2742  C  1019   5  *  *  *  *  *  3e6e280f-0fac-4ab3-9834-0d2eea6922e8-IGH  *
2415  C   692   4  *  *  *  *  *  10529178-1f3a-4fdc-b441-970f92c3a751-IGH  *
2051  C   328   4  *  *  *  *  *  257a55d9-facb-4620-8600-10d0baf45105-IGH  *
1730  C     7   4  *  *  *  *  *  056e346e-fd31-4a8c-84b5-fa9e3d30f826-IGH  *
1778  C    55   4  *  *  *  *  *  2a7a851f-e996-419d-982b-42e330c4fb17-IGH  *
1960  C   237   4  *  *  *  *  *  969caf9f-c41f-4358-aa5a-ea840fb26030-IGH  *
2039  C   316   4  *  *  *  *  *  1983ceeb-9b6d-4be6-b80f-cb924fd11618-IGH  *
2715  C   992   4  *  *  *  *  *  0ffc396f-35e4-46b1-9d6a-1fecffb38667-IGH  *
2608  C   885   4  *  *  *  *  *  3d43e32f-050d-4d6a-963a-33d60388d9e4-IGH  *
2573  C   850   4  *  *  *  *  *  0217be69-9d92-49b5-b43a-1c5044c4392b-IGH  *
2578  C   855   4  *  *  *  *  *  06e579e2-871f-4f7a-9971-4d8f08dd8b83-IGH  *
2442  C   719   4  *  *  *  *  *  304fd5dd-ca6d-4a8e-b079-3bc6ee90ebec-IGH  *
2717  C   994   4  *  *  *  *  *  159ec7e3-0871-4b56-87b4-0849efcff9d4-IGH  *
2864  C  1141   4  *  *  *  *  *  4a25bc1b-8d72-4e9f-9fb0-b60fa21bb729-IGH  *
3083  C  1360   4  *  *  *  *  *  2457417c-8438-4eb4-9d62-4ab35ce22831-IGH  *
Clusters Ordened By clusters lenght: 
Empty DataFrame
Columns: [0, 1, 2, 3, 4, 5, 6, 7, 8, 9]
Index: []
Clusters Ordened By clusters lenght: 
Empty DataFrame
Columns: [0, 1, 2, 3, 4, 5, 6, 7, 8, 9]
Index: []
Clusters Ordened By clusters lenght: 
Empty DataFrame
Columns: [0, 1, 2, 3, 4, 5, 6, 7, 8, 9]
Index: []
Clusters Ordened By clusters lenght: 
   0  1  2  3  4  5  6  7                                         8  9
8  C  0  5  *  *  *  *  *  3ae88f3a-e0d0-4e06-a3dc-d54b5bc49847-IGH  *
Clusters Ordened By clusters lenght: 
    0   1  2  3  4  5  6  7                                         8  9
70  C  18  7  *  *  *  *  *  3303aa0b-36e6-4e7b-bab3-e0a0656faffc-IGH  *
67  C  15  6  *  *  *  *  *  0f3b0879-dc78-4e96-98ee-2de0f78a2354-IGH  *
Clusters Ordened By clusters lenght: 
     0    1  2  3  4  5  6  7                                         8  9
561  C  232  7  *  *  *  *  *  393ed383-a63c-474a-8571-b7791ca1ec84-IGH  *
459  C  130  6  *  *  *  *  *  07f68caf-da99-4823-aa25-226ae1a6d016-IGH  *
375  C   46  6  *  *  *  *  *  3473ea4d-9263-4810-8401-ef84649507e4-IGH  *
332  C    3  5  *  *  *  *  *  3908e3e1-d5ea-4c68-989d-b2e6b4cf4236-IGH  *
541  C  212  4  *  *  *  *  *  ae2daf18-8af5-43b3-85fd-42be293beee1-IGH  *
556  C  227  4  *  *  *  *  *  0d9b5a87-2746-48a9-863e-8a75aeaa2a67-IGH  *
592  C  263  4  *  *  *  *  *  23ad19fb-b9dd-48c7-9ef9-1513c723d4e1-IGH  *
Clusters Ordened By clusters lenght: 
Empty DataFrame
Columns: [0, 1, 2, 3, 4, 5, 6, 7, 8, 9]
Index: []
Clusters Ordened By clusters lenght: 
    0  1  2  3  4  5  6  7                                         8  9
23  C  0  6  *  *  *  *  *  00b5163f-6087-47f5-86b3-005d3baeaeb9-IGH  *
Clusters Ordened By clusters lenght: 
    0  1  2  3  4  5  6  7                                         8  9
14  C  2  8  *  *  *  *  *  0b17f00d-21a3-497f-99a0-80468314b284-IGH  *
Clusters Ordened By clusters lenght: 
     0   1   2  3  4  5  6  7                                         8  9
157  C  42  17  *  *  *  *  *  0348e45f-6b73-421f-b67e-59a359458503-IGH  *
Clusters Ordened By clusters lenght: 
Empty DataFrame
Columns: [0, 1, 2, 3, 4, 5, 6, 7, 8, 9]
Index: []
Clusters Ordened By clusters lenght: 
Empty DataFrame
Columns: [0, 1, 2, 3, 4, 5, 6, 7, 8, 9]
Index: []
Clusters Ordened By clusters lenght: 
Empty DataFrame
Columns: [0, 1, 2, 3, 4, 5, 6, 7, 8, 9]
Index: []
Clusters Ordened By clusters lenght: 
    0  1  2  3  4  5  6  7                                         8  9
27  C  3  4  *  *  *  *  *  1c199c9c-8b06-4ae5-b255-aaadf1439337-IGH  *
Clusters Ordened By clusters lenght: 
Empty DataFrame
Columns: [0, 1, 2, 3, 4, 5, 6, 7, 8, 9]
Index: []
Clusters Ordened By clusters lenght: 
Empty DataFrame
Columns: [0, 1, 2, 3, 4, 5, 6, 7, 8, 9]
Index: []
Clusters Ordened By clusters lenght: 
Empty DataFrame
Columns: [0, 1, 2, 3, 4, 5, 6, 7, 8, 9]
Index: []
Clusters Ordened By clusters lenght: 
Empty DataFrame
Columns: [0, 1, 2, 3, 4, 5, 6, 7, 8, 9]
Index: []
Clusters Ordened By clusters lenght: 
Empty DataFrame
Columns: [0, 1, 2, 3, 4, 5, 6, 7, 8, 9]
Index: []
Clusters Ordened By clusters lenght: 
Empty DataFrame
Columns: [0, 1, 2, 3, 4, 5, 6, 7, 8, 9]
Index: []
Clusters Ordened By clusters lenght: 
    0  1  2  3  4  5  6  7                                         8  9
17  C  3  9  *  *  *  *  *  1846ff43-1a0e-4ef9-951c-4913460a2830-IGH  *
Clusters Ordened By clusters lenght: 
    0  1  2  3  4  5  6  7                                         8  9
18  C  1  8  *  *  *  *  *  0d15e027-8392-4c3a-9fe5-2e82f6c5bffc-IGH  *
17  C  0  5  *  *  *  *  *  0c915d4e-b3af-45cf-83aa-70e2aae178a7-IGH  *
Clusters Ordened By clusters lenght: 
Empty DataFrame
Columns: [0, 1, 2, 3, 4, 5, 6, 7, 8, 9]
Index: []
Clusters Ordened By clusters lenght: 
Empty DataFrame
Columns: [0, 1, 2, 3, 4, 5, 6, 7, 8, 9]
Index: []
Clusters Ordened By clusters lenght: 
Empty DataFrame
Columns: [0, 1, 2, 3, 4, 5, 6, 7, 8, 9]
Index: []
Clusters Ordened By clusters lenght: 
    0  1   2  3  4  5  6  7                                         8  9
64  C  1  20  *  *  *  *  *  007473f6-9e20-4cfc-aa25-5936d8cc4b09-IGH  *
65  C  2   6  *  *  *  *  *  0e7f6558-2714-4006-a546-c9a8f32a03fb-IGH  *
67  C  4   4  *  *  *  *  *  4862fe52-324c-4505-b8b6-3b56b798cd14-IGH  *
68  C  5   4  *  *  *  *  *  49cb8a86-ba25-44b1-9543-817c17fad85d-IGH  *
Clusters Ordened By clusters lenght: 
Empty DataFrame
Columns: [0, 1, 2, 3, 4, 5, 6, 7, 8, 9]
Index: []
Clusters Ordened By clusters lenght: 
Empty DataFrame
Columns: [0, 1, 2, 3, 4, 5, 6, 7, 8, 9]
Index: []
Clusters Ordened By clusters lenght: 
    0  1   2  3  4  5  6  7                                         8  9
25  C  1  17  *  *  *  *  *  2b4db0cb-d1e2-4a38-afc3-ed91408e8dc7-IGH  *
Clusters Ordened By clusters lenght: 
Empty DataFrame
Columns: [0, 1, 2, 3, 4, 5, 6, 7, 8, 9]
Index: []
Clusters Ordened By clusters lenght: 
Empty DataFrame
Columns: [0, 1, 2, 3, 4, 5, 6, 7, 8, 9]
Index: []
Clusters Ordened By clusters lenght: 
    0  1  2  3  4  5  6  7                                         8  9
13  C  4  4  *  *  *  *  *  2b0e5774-efc1-432d-a940-d2391aaf8e62-IGH  *
Clusters Ordened By clusters lenght: 
Empty DataFrame
Columns: [0, 1, 2, 3, 4, 5, 6, 7, 8, 9]
Index: []
Clusters Ordened By clusters lenght: 
Empty DataFrame
Columns: [0, 1, 2, 3, 4, 5, 6, 7, 8, 9]
Index: []
Clusters Ordened By clusters lenght: 
Empty DataFrame
Columns: [0, 1, 2, 3, 4, 5, 6, 7, 8, 9]
Index: []
Clusters Ordened By clusters lenght: 
Empty DataFrame
Columns: [0, 1, 2, 3, 4, 5, 6, 7, 8, 9]
Index: []
Clusters Ordened By clusters lenght: 
Empty DataFrame
Columns: [0, 1, 2, 3, 4, 5, 6, 7, 8, 9]
Index: []
Clusters Ordened By clusters lenght: 
    0  1   2  3  4  5  6  7                                         8  9
18  C  1  16  *  *  *  *  *  0e709e3e-e272-48bb-bb40-5802c749b78f-IGH  *
Clusters Ordened By clusters lenght: 
Empty DataFrame
Columns: [0, 1, 2, 3, 4, 5, 6, 7, 8, 9]
Index: []
Clusters Ordened By clusters lenght: 
    0  1  2  3  4  5  6  7                                         8  9
32  C  0  6  *  *  *  *  *  1284b03c-dae5-4f4c-a11f-20c836682f7d-IGH  *
Clusters Ordened By clusters lenght: 
   0  1  2  3  4  5  6  7                                         8  9
5  C  0  4  *  *  *  *  *  0e8606be-0184-4acc-9e80-904574b83600-IGH  *
Clusters Ordened By clusters lenght: 
    0   1  2  3  4  5  6  7                                         8  9
44  C   9  5  *  *  *  *  *  42d87277-02de-4939-807d-015967febee0-IGH  *
45  C  10  4  *  *  *  *  *  48c40c08-18c3-49dd-b207-644abaddba94-IGH  *
Clusters Ordened By clusters lenght: 
    0  1  2  3  4  5  6  7                                         8  9
22  C  0  5  *  *  *  *  *  022a9e4d-979e-4794-b99e-92abab92d247-IGH  *
Clusters Ordened By clusters lenght: 
    0   1  2  3  4  5  6  7                                         8  9
74  C  27  5  *  *  *  *  *  04675cd3-c5fc-439d-9925-fbab68ca36b1-IGH  *
Clusters Ordened By clusters lenght: 
   0  1  2  3  4  5  6  7                                         8  9
6  C  0  6  *  *  *  *  *  07c576c2-3ae4-4836-afb6-6c902b442af6-IGH  *
Clusters Ordened By clusters lenght: 
Empty DataFrame
Columns: [0, 1, 2, 3, 4, 5, 6, 7, 8, 9]
Index: []
Clusters Ordened By clusters lenght: 
Empty DataFrame
Columns: [0, 1, 2, 3, 4, 5, 6, 7, 8, 9]
Index: []
Clusters Ordened By clusters lenght: 
Empty DataFrame
Columns: [0, 1, 2, 3, 4, 5, 6, 7, 8, 9]
Index: []
Clusters Ordened By clusters lenght: 
Empty DataFrame
Columns: [0, 1, 2, 3, 4, 5, 6, 7, 8, 9]
Index: []
Clusters Ordened By clusters lenght: 
Empty DataFrame
Columns: [0, 1, 2, 3, 4, 5, 6, 7, 8, 9]
Index: []
Clusters Ordened By clusters lenght: 
   0  1  2  3  4  5  6  7                                         8  9
6  C  0  4  *  *  *  *  *  1456124f-773e-458b-b885-b5cda14ce506-IGH  *
Clusters Ordened By clusters lenght: 
Empty DataFrame
Columns: [0, 1, 2, 3, 4, 5, 6, 7, 8, 9]
Index: []
Clusters Ordened By clusters lenght: 
Empty DataFrame
Columns: [0, 1, 2, 3, 4, 5, 6, 7, 8, 9]
Index: []
Clusters Ordened By clusters lenght: 
Empty DataFrame
Columns: [0, 1, 2, 3, 4, 5, 6, 7, 8, 9]
Index: []
Clusters Ordened By clusters lenght: 
Empty DataFrame
Columns: [0, 1, 2, 3, 4, 5, 6, 7, 8, 9]
Index: []
Clusters Ordened By clusters lenght: 
Empty DataFrame
Columns: [0, 1, 2, 3, 4, 5, 6, 7, 8, 9]
Index: []
Clusters Ordened By clusters lenght: 
Empty DataFrame
Columns: [0, 1, 2, 3, 4, 5, 6, 7, 8, 9]
Index: []
Clusters Ordened By clusters lenght: 
Empty DataFrame
Columns: [0, 1, 2, 3, 4, 5, 6, 7, 8, 9]
Index: []
Clusters Ordened By clusters lenght: 
Empty DataFrame
Columns: [0, 1, 2, 3, 4, 5, 6, 7, 8, 9]
Index: []
Clusters Ordened By clusters lenght: 
Empty DataFrame
Columns: [0, 1, 2, 3, 4, 5, 6, 7, 8, 9]
Index: []
Clusters Ordened By clusters lenght: 
Empty DataFrame
Columns: [0, 1, 2, 3, 4, 5, 6, 7, 8, 9]
Index: []
Clusters Ordened By clusters lenght: 
Empty DataFrame
Columns: [0, 1, 2, 3, 4, 5, 6, 7, 8, 9]
Index: []
Clusters Ordened By clusters lenght: 
Empty DataFrame
Columns: [0, 1, 2, 3, 4, 5, 6, 7, 8, 9]
Index: []
Clusters Ordened By clusters lenght: 
Empty DataFrame
Columns: [0, 1, 2, 3, 4, 5, 6, 7, 8, 9]
Index: []
Clusters Ordened By clusters lenght: 
Empty DataFrame
Columns: [0, 1, 2, 3, 4, 5, 6, 7, 8, 9]
Index: []
Clusters Ordened By clusters lenght: 
Empty DataFrame
Columns: [0, 1, 2, 3, 4, 5, 6, 7, 8, 9]
Index: []
Clusters Ordened By clusters lenght: 
Empty DataFrame
Columns: [0, 1, 2, 3, 4, 5, 6, 7, 8, 9]
Index: []
Clusters Ordened By clusters lenght: 
Empty DataFrame
Columns: [0, 1, 2, 3, 4, 5, 6, 7, 8, 9]
Index: []
Clusters Ordened By clusters lenght: 
Empty DataFrame
Columns: [0, 1, 2, 3, 4, 5, 6, 7, 8, 9]
Index: []
Clusters Ordened By clusters lenght: 
Empty DataFrame
Columns: [0, 1, 2, 3, 4, 5, 6, 7, 8, 9]
Index: []
Clusters Ordened By clusters lenght: 
      0    1    2  3  4  5  6  7                                         8  9
1324  C  373  258  *  *  *  *  *  013739ce-c414-437a-a640-7dd033ee9088-IGH  *
1035  C   84   27  *  *  *  *  *  070b2a91-7399-4b91-bec2-7075155fbaf7-IGH  *
1036  C   85   23  *  *  *  *  *  079b58a6-3295-4808-b65e-c5161fdebb76-IGH  *
1260  C  309   19  *  *  *  *  *  7bc4b660-d381-4924-ad4e-36e3537e74c5-IGH  *
1108  C  157   12  *  *  *  *  *  1c3783e4-cc3f-4cd7-9179-7cf595e5d9ae-IGH  *
987   C   36    8  *  *  *  *  *  020c5f21-391d-45b4-92d2-dad690c5bcc2-IGH  *
1135  C  184    8  *  *  *  *  *  5e81d2cc-864d-4c3d-bb09-1e3786656afd-IGH  *
1185  C  234    7  *  *  *  *  *  1a792b0f-ac57-49c2-8417-70d1b044988a-IGH  *
1038  C   87    7  *  *  *  *  *  11f30f02-c21d-414a-bfb1-cb5be37fe8fd-IGH  *
1044  C   93    7  *  *  *  *  *  2638987b-83bc-43ec-bd41-3c6ca6a0fb70-IGH  *
1269  C  318    6  *  *  *  *  *  1b407721-9960-47f0-8386-b95c7bb78b05-IGH  *
1012  C   61    5  *  *  *  *  *  8a8ea013-1531-4021-9f90-46e8f8cdebb2-IGH  *
953   C    2    5  *  *  *  *  *  0379de19-7dab-4c0e-9ffd-9aa474ab6743-IGH  *
1109  C  158    5  *  *  *  *  *  1d2c4f0d-61c5-4f80-86fd-930b6e80dbf0-IGH  *
1117  C  166    4  *  *  *  *  *  305dacd7-4e94-48e9-8f94-d1400e5f030a-IGH  *
1047  C   96    4  *  *  *  *  *  2f9ad289-aea1-48d8-90be-6009d2ed9f3a-IGH  *
1100  C  149    4  *  *  *  *  *  0a3e9c19-9dd8-4a45-bfb3-a16978b87b74-IGH  *
1133  C  182    4  *  *  *  *  *  5607db16-9d49-4c57-880f-648886605690-IGH  *
1186  C  235    4  *  *  *  *  *  1e91af91-efcf-487a-b576-774e2c2e5810-IGH  *
1233  C  282    4  *  *  *  *  *  adee9714-39d7-4040-92f2-ee45d5db6a0f-IGH  *
1264  C  313    4  *  *  *  *  *  03405340-7d1c-4ff3-9b3b-074d42638cd5-IGH  *
Clusters Ordened By clusters lenght: 
Empty DataFrame
Columns: [0, 1, 2, 3, 4, 5, 6, 7, 8, 9]
Index: []
Clusters Ordened By clusters lenght: 
   0  1  2  3  4  5  6  7                                         8  9
9  C  0  8  *  *  *  *  *  33cad8fd-818d-4d51-94ca-536575d16e3a-IGH  *
Clusters Ordened By clusters lenght: 
Empty DataFrame
Columns: [0, 1, 2, 3, 4, 5, 6, 7, 8, 9]
Index: []
Clusters Ordened By clusters lenght: 
    0  1  2  3  4  5  6  7                                         8  9
12  C  0  4  *  *  *  *  *  05b710aa-d93f-4f34-8f48-8a42941fc082-IGH  *
Clusters Ordened By clusters lenght: 
Empty DataFrame
Columns: [0, 1, 2, 3, 4, 5, 6, 7, 8, 9]
Index: []
Clusters Ordened By clusters lenght: 
Empty DataFrame
Columns: [0, 1, 2, 3, 4, 5, 6, 7, 8, 9]
Index: []
Clusters Ordened By clusters lenght: 
Empty DataFrame
Columns: [0, 1, 2, 3, 4, 5, 6, 7, 8, 9]
Index: []
Clusters Ordened By clusters lenght: 
    0  1   2  3  4  5  6  7                                         8  9
22  C  1  11  *  *  *  *  *  54a26d72-04c0-4151-a1f4-135052cb4487-IGH  *
Clusters Ordened By clusters lenght: 
Empty DataFrame
Columns: [0, 1, 2, 3, 4, 5, 6, 7, 8, 9]
Index: []
Clusters Ordened By clusters lenght: 
    0  1   2  3  4  5  6  7                                         8  9
10  C  0  10  *  *  *  *  *  38fcc957-b9b4-41c4-9504-26b1707f22ae-IGH  *
Clusters Ordened By clusters lenght: 
   0  1  2  3  4  5  6  7                                         8  9
7  C  0  7  *  *  *  *  *  507e8171-8b13-4372-991d-7de8e3f0ad5a-IGH  *
Clusters Ordened By clusters lenght: 
    0  1  2  3  4  5  6  7                                         8  9
28  C  3  5  *  *  *  *  *  3275539f-3ae6-46a5-93b1-6e439ddf111a-IGH  *
34  C  9  4  *  *  *  *  *  0de136ca-9a16-4276-b7aa-fad2e9c3dd5a-IGH  *
Clusters Ordened By clusters lenght: 
Empty DataFrame
Columns: [0, 1, 2, 3, 4, 5, 6, 7, 8, 9]
Index: []
Clusters Ordened By clusters lenght: 
Empty DataFrame
Columns: [0, 1, 2, 3, 4, 5, 6, 7, 8, 9]
Index: []
Clusters Ordened By clusters lenght: 
Empty DataFrame
Columns: [0, 1, 2, 3, 4, 5, 6, 7, 8, 9]
Index: []
Clusters Ordened By clusters lenght: 
    0  1   2  3  4  5  6  7                                         8  9
33  C  4  12  *  *  *  *  *  0d244b98-713f-4773-9bfa-6bcd2b50547f-IGH  *
Clusters Ordened By clusters lenght: 
Empty DataFrame
Columns: [0, 1, 2, 3, 4, 5, 6, 7, 8, 9]
Index: []
Clusters Ordened By clusters lenght: 
Empty DataFrame
Columns: [0, 1, 2, 3, 4, 5, 6, 7, 8, 9]
Index: []
Clusters Ordened By clusters lenght: 
    0  1   2  3  4  5  6  7                                         8  9
25  C  0  11  *  *  *  *  *  465637c3-8dfa-40ee-b6cf-7b90666af489-IGH  *
Clusters Ordened By clusters lenght: 
Empty DataFrame
Columns: [0, 1, 2, 3, 4, 5, 6, 7, 8, 9]
Index: []
Clusters Ordened By clusters lenght: 
    0  1   2  3  4  5  6  7                                         8  9
26  C  1  23  *  *  *  *  *  01fd4d51-7bcd-4959-a0e8-44659323625e-IGH  *
Clusters Ordened By clusters lenght: 
Empty DataFrame
Columns: [0, 1, 2, 3, 4, 5, 6, 7, 8, 9]
Index: []
Clusters Ordened By clusters lenght: 
   0  1  2  3  4  5  6  7                                         8  9
8  C  1  6  *  *  *  *  *  64321f66-de71-4156-9125-440e848638dc-IGH  *
Clusters Ordened By clusters lenght: 
Empty DataFrame
Columns: [0, 1, 2, 3, 4, 5, 6, 7, 8, 9]
Index: []
Clusters Ordened By clusters lenght: 
Empty DataFrame
Columns: [0, 1, 2, 3, 4, 5, 6, 7, 8, 9]
Index: []
Clusters Ordened By clusters lenght: 
Empty DataFrame
Columns: [0, 1, 2, 3, 4, 5, 6, 7, 8, 9]
Index: []
Clusters Ordened By clusters lenght: 
Empty DataFrame
Columns: [0, 1, 2, 3, 4, 5, 6, 7, 8, 9]
Index: []
Clusters Ordened By clusters lenght: 
Empty DataFrame
Columns: [0, 1, 2, 3, 4, 5, 6, 7, 8, 9]
Index: []
Clusters Ordened By clusters lenght: 
    0  1   2  3  4  5  6  7                                         8  9
91  C  0  48  *  *  *  *  *  0f4f9c3a-1c1d-44d9-a97b-1a6311aae870-IGH  *
92  C  1  13  *  *  *  *  *  1fe46879-6f55-46fc-9ea4-6db4b56c1602-IGH  *
95  C  4  11  *  *  *  *  *  3ceabfac-93c3-474b-81a3-9c69eb095f0c-IGH  *
96  C  5   6  *  *  *  *  *  48557534-1b67-4bad-9ffc-b4770b0df57a-IGH  *
Clusters Ordened By clusters lenght: 
    0  1   2  3  4  5  6  7                                         8  9
15  C  2  10  *  *  *  *  *  2b79ccd6-da15-4104-bfd2-40c5645d40d3-IGH  *
Clusters Ordened By clusters lenght: 
     0    1  2  3  4  5  6  7                                         8  9
635  C  248  6  *  *  *  *  *  177b6e2e-b929-46b1-91e5-ace08b079f27-IGH  *
639  C  252  5  *  *  *  *  *  2a97092c-e9e2-4c18-ad9b-5f615abad54a-IGH  *
397  C   10  4  *  *  *  *  *  3613e58b-0db9-4e1e-a306-fcfe2d12784b-IGH  *
712  C  325  4  *  *  *  *  *  8080ead1-ca2e-40fc-be14-110b6e5c4f1b-IGH  *
Clusters Ordened By clusters lenght: 
Empty DataFrame
Columns: [0, 1, 2, 3, 4, 5, 6, 7, 8, 9]
Index: []
Clusters Ordened By clusters lenght: 
Empty DataFrame
Columns: [0, 1, 2, 3, 4, 5, 6, 7, 8, 9]
Index: []
Clusters Ordened By clusters lenght: 
   0  1  2  3  4  5  6  7                                         8  9
8  C  0  6  *  *  *  *  *  6ebcb0f6-eb9f-4f63-a5eb-2e27174490d8-IGH  *
Clusters Ordened By clusters lenght: 
Empty DataFrame
Columns: [0, 1, 2, 3, 4, 5, 6, 7, 8, 9]
Index: []
Clusters Ordened By clusters lenght: 
Empty DataFrame
Columns: [0, 1, 2, 3, 4, 5, 6, 7, 8, 9]
Index: []
Clusters Ordened By clusters lenght: 
    0  1   2  3  4  5  6  7                                         8  9
20  C  0  11  *  *  *  *  *  048113a3-e123-4d5c-902a-1b5100cae2f4-IGH  *
Clusters Ordened By clusters lenght: 
Empty DataFrame
Columns: [0, 1, 2, 3, 4, 5, 6, 7, 8, 9]
Index: []
Clusters Ordened By clusters lenght: 
Empty DataFrame
Columns: [0, 1, 2, 3, 4, 5, 6, 7, 8, 9]
Index: []
Clusters Ordened By clusters lenght: 
Empty DataFrame
Columns: [0, 1, 2, 3, 4, 5, 6, 7, 8, 9]
Index: []
Clusters Ordened By clusters lenght: 
     0    1  2  3  4  5  6  7                                         8  9
355  C  131  4  *  *  *  *  *  0aaa1e9c-dd33-4d1d-84df-369d141e9bc6-IGH  *
Clusters Ordened By clusters lenght: 
    0  1  2  3  4  5  6  7                                         8  9
10  C  0  6  *  *  *  *  *  553a67cd-e8cb-43b0-8be6-429f9ab2c5fd-IGH  *
Clusters Ordened By clusters lenght: 
Empty DataFrame
Columns: [0, 1, 2, 3, 4, 5, 6, 7, 8, 9]
Index: []
Clusters Ordened By clusters lenght: 
Empty DataFrame
Columns: [0, 1, 2, 3, 4, 5, 6, 7, 8, 9]
Index: []
Clusters Ordened By clusters lenght: 
    0  1  2  3  4  5  6  7                                         8  9
29  C  5  4  *  *  *  *  *  85095bf3-6387-4ae2-97f4-1d372aae5856-IGH  *
Clusters Ordened By clusters lenght: 
    0  1   2  3  4  5  6  7                                         8  9
20  C  0  19  *  *  *  *  *  000a82ce-2a35-42ea-bec5-02668db9c76d-IGH  *
Clusters Ordened By clusters lenght: 
Empty DataFrame
Columns: [0, 1, 2, 3, 4, 5, 6, 7, 8, 9]
Index: []
Clusters Ordened By clusters lenght: 
Empty DataFrame
Columns: [0, 1, 2, 3, 4, 5, 6, 7, 8, 9]
Index: []
Clusters Ordened By clusters lenght: 
Empty DataFrame
Columns: [0, 1, 2, 3, 4, 5, 6, 7, 8, 9]
Index: []
