vsearch v2.30.0_linux_x86_64, 94.1GB RAM, 24 cores
https://github.com/torognes/vsearch

Reading file results/clustering/cdr/r3_comp_zikv/cdr3_clusters/22a90851-1fd0-45ed-b47b-ae6c2ff2e927-IGK.fasta 100%
2352 nt in 88 seqs, min 21, max 30, avg 27
Masking 100%
Sorting by length 100%
Counting k-mers 100%
Clustering 100%
Sorting clusters 100%
Writing clusters 100%
Clusters: 68 Size min 1, max 14, avg 1.3
Singletons: 61, 69.3% of seqs, 89.7% of clusters
Multiple alignments 100%
vsearch v2.30.0_linux_x86_64, 94.1GB RAM, 24 cores
https://github.com/torognes/vsearch

Reading file results/clustering/cdr/r3_comp_zikv/cdr3_clusters/31399bd7-7e55-4da3-bb68-5fe50f6c3bdb-IGH.fasta 100%
0 nt in 0 seqs
Masking 100%
Sorting by length 100%
Counting k-mers 100%
Clustering 100%
Sorting clusters 100%
Writing clusters 100%
Clusters: 0
Singletons: 0
Multiple alignments 100%
vsearch v2.30.0_linux_x86_64, 94.1GB RAM, 24 cores
https://github.com/torognes/vsearch

Reading file results/clustering/cdr/r3_comp_zikv/cdr3_clusters/a845a7bb-1a70-440b-a94a-4d4627fff1fb-IGH.fasta 100%
242 nt in 7 seqs, min 27, max 42, avg 35
Masking 100%
Sorting by length 100%
Counting k-mers 100%
Clustering 100%
Sorting clusters 100%
Writing clusters 100%
Clusters: 6 Size min 1, max 2, avg 1.2
Singletons: 5, 71.4% of seqs, 83.3% of clusters
Multiple alignments 100%
vsearch v2.30.0_linux_x86_64, 94.1GB RAM, 24 cores
https://github.com/torognes/vsearch

Reading file results/clustering/cdr/r3_comp_zikv/cdr3_clusters/960bc6da-ca4b-4cde-9ba5-7ac61fd2ed78-IGH.fasta 100%
0 nt in 0 seqs
minseqlength 6: 5 sequences discarded.
Masking 100%
Sorting by length 100%
Counting k-mers 100%
Clustering 100%
Sorting clusters 100%
Writing clusters 100%
Clusters: 0
Singletons: 0
Multiple alignments 100%
vsearch v2.30.0_linux_x86_64, 94.1GB RAM, 24 cores
https://github.com/torognes/vsearch

Reading file results/clustering/cdr/r3_comp_zikv/cdr3_clusters/c2ad3587-d0ad-4356-8cd5-f77f9bc3f645-IGH.fasta 100%
261 nt in 6 seqs, min 36, max 57, avg 44
Masking 100%
Sorting by length 100%
Counting k-mers 100%
Clustering 100%
Sorting clusters 100%
Writing clusters 100%
Clusters: 6 Size min 1, max 1, avg 1.0
Singletons: 6, 100.0% of seqs, 100.0% of clusters
Multiple alignments 100%
vsearch v2.30.0_linux_x86_64, 94.1GB RAM, 24 cores
https://github.com/torognes/vsearch

Reading file results/clustering/cdr/r3_comp_zikv/cdr3_clusters/755c51cf-498c-42da-8dbe-5985522cf313-IGH.fasta 100%
766 nt in 15 seqs, min 36, max 125, avg 51
Masking 100%
Sorting by length 100%
Counting k-mers 100%
Clustering 100%
Sorting clusters 100%
Writing clusters 100%
Clusters: 15 Size min 1, max 1, avg 1.0
Singletons: 15, 100.0% of seqs, 100.0% of clusters
Multiple alignments 100%
vsearch v2.30.0_linux_x86_64, 94.1GB RAM, 24 cores
https://github.com/torognes/vsearch

Reading file results/clustering/cdr/r3_comp_zikv/cdr3_clusters/68fc5bf6-498f-4227-8330-3607cc254acc-IGH.fasta 100%
27 nt in 1 seqs, min 27, max 27, avg 27
minseqlength 6: 31 sequences discarded.
Masking 100%
Sorting by length 100%
Counting k-mers 100%
Clustering 100%
Sorting clusters 100%
Writing clusters 100%
Clusters: 1 Size min 1, max 1, avg 1.0
Singletons: 1, 100.0% of seqs, 100.0% of clusters
Multiple alignments 100%
vsearch v2.30.0_linux_x86_64, 94.1GB RAM, 24 cores
https://github.com/torognes/vsearch

Reading file results/clustering/cdr/r3_comp_zikv/cdr3_clusters/0f39dbea-a89e-4997-bc8a-8955c525e3b6-IGK.fasta 100%
163 nt in 6 seqs, min 25, max 30, avg 27
minseqlength 6: 1 sequence discarded.
Masking 100%
Sorting by length 100%
Counting k-mers 100%
Clustering 100%
Sorting clusters 100%
Writing clusters 100%
Clusters: 6 Size min 1, max 1, avg 1.0
Singletons: 6, 100.0% of seqs, 100.0% of clusters
Multiple alignments 100%
vsearch v2.30.0_linux_x86_64, 94.1GB RAM, 24 cores
https://github.com/torognes/vsearch

Reading file results/clustering/cdr/r3_comp_zikv/cdr3_clusters/bedda466-2310-4222-b5b3-cfb4b9965b45-IGK.fasta 100%
0 nt in 0 seqs
minseqlength 6: 5 sequences discarded.
Masking 100%
Sorting by length 100%
Counting k-mers 100%
Clustering 100%
Sorting clusters 100%
Writing clusters 100%
Clusters: 0
Singletons: 0
Multiple alignments 100%
vsearch v2.30.0_linux_x86_64, 94.1GB RAM, 24 cores
https://github.com/torognes/vsearch

Reading file results/clustering/cdr/r3_comp_zikv/cdr3_clusters/9f673ad5-b328-42db-b6f4-41eca379c838-IGK.fasta 100%
57 nt in 2 seqs, min 27, max 30, avg 28
minseqlength 6: 15 sequences discarded.
Masking 100%
Sorting by length 100%
Counting k-mers 100%
Clustering 100%
Sorting clusters 100%
Writing clusters 100%
Clusters: 2 Size min 1, max 1, avg 1.0
Singletons: 2, 100.0% of seqs, 100.0% of clusters
Multiple alignments 100%
vsearch v2.30.0_linux_x86_64, 94.1GB RAM, 24 cores
https://github.com/torognes/vsearch

Reading file results/clustering/cdr/r3_comp_zikv/cdr3_clusters/59f9462f-131b-4c54-902d-e3d51080af82-IGH.fasta 100%
198 nt in 5 seqs, min 30, max 60, avg 40
Masking 100%
Sorting by length 100%
Counting k-mers 100%
Clustering 100%
Sorting clusters 100%
Writing clusters 100%
Clusters: 5 Size min 1, max 1, avg 1.0
Singletons: 5, 100.0% of seqs, 100.0% of clusters
Multiple alignments 100%
vsearch v2.30.0_linux_x86_64, 94.1GB RAM, 24 cores
https://github.com/torognes/vsearch

Reading file results/clustering/cdr/r3_comp_zikv/cdr3_clusters/4471d66b-fb3c-44a3-b37a-66bd2e1d06f5-IGK.fasta 100%
175 nt in 7 seqs, min 24, max 27, avg 25
Masking 100%
Sorting by length 100%
Counting k-mers 100%
Clustering 100%
Sorting clusters 100%
Writing clusters 100%
Clusters: 7 Size min 1, max 1, avg 1.0
Singletons: 7, 100.0% of seqs, 100.0% of clusters
Multiple alignments 100%
vsearch v2.30.0_linux_x86_64, 94.1GB RAM, 24 cores
https://github.com/torognes/vsearch

Reading file results/clustering/cdr/r3_comp_zikv/cdr3_clusters/40008659-7440-4442-8b04-6c149f758662-IGK.fasta 100%
0 nt in 0 seqs
minseqlength 6: 22 sequences discarded.
Masking 100%
Sorting by length 100%
Counting k-mers 100%
Clustering 100%
Sorting clusters 100%
Writing clusters 100%
Clusters: 0
Singletons: 0
Multiple alignments 100%
vsearch v2.30.0_linux_x86_64, 94.1GB RAM, 24 cores
https://github.com/torognes/vsearch

Reading file results/clustering/cdr/r3_comp_zikv/cdr3_clusters/aa07b9c7-1dca-4da2-9132-9a3b92395dc1-IGH.fasta 100%
0 nt in 0 seqs
minseqlength 6: 5 sequences discarded.
Masking 100%
Sorting by length 100%
Counting k-mers 100%
Clustering 100%
Sorting clusters 100%
Writing clusters 100%
Clusters: 0
Singletons: 0
Multiple alignments 100%
vsearch v2.30.0_linux_x86_64, 94.1GB RAM, 24 cores
https://github.com/torognes/vsearch

Reading file results/clustering/cdr/r3_comp_zikv/cdr3_clusters/1a738e4e-2ee5-43b2-8752-f24c3f78997c-IGK.fasta 100%
170 nt in 6 seqs, min 26, max 33, avg 28
minseqlength 6: 2 sequences discarded.
Masking 100%
Sorting by length 100%
Counting k-mers 100%
Clustering 100%
Sorting clusters 100%
Writing clusters 100%
Clusters: 5 Size min 1, max 2, avg 1.2
Singletons: 4, 66.7% of seqs, 80.0% of clusters
Multiple alignments 100%
vsearch v2.30.0_linux_x86_64, 94.1GB RAM, 24 cores
https://github.com/torognes/vsearch

Reading file results/clustering/cdr/r3_comp_zikv/cdr3_clusters/45379eba-661a-4a64-9fde-e3c93c20ba90-IGK.fasta 100%
64 nt in 2 seqs, min 32, max 32, avg 32
minseqlength 6: 60 sequences discarded.
Masking 100%
Sorting by length 100%
Counting k-mers 100%
Clustering 100%
Sorting clusters 100%
Writing clusters 100%
Clusters: 1 Size min 2, max 2, avg 2.0
Singletons: 0, 0.0% of seqs, 0.0% of clusters
Multiple alignments 100%
vsearch v2.30.0_linux_x86_64, 94.1GB RAM, 24 cores
https://github.com/torognes/vsearch

Reading file results/clustering/cdr/r3_comp_zikv/cdr3_clusters/2f9c080b-f5dd-4ef8-8489-e3fd3fa07f58-IGK.fasta 100%
0 nt in 0 seqs
Masking 100%
Sorting by length 100%
Counting k-mers 100%
Clustering 100%
Sorting clusters 100%
Writing clusters 100%
Clusters: 0
Singletons: 0
Multiple alignments 100%
vsearch v2.30.0_linux_x86_64, 94.1GB RAM, 24 cores
https://github.com/torognes/vsearch

Reading file results/clustering/cdr/r3_comp_zikv/cdr3_clusters/3ca172dc-cf10-4f30-a1de-a4dc60e0281f-IGH.fasta 100%
1220 nt in 26 seqs, min 33, max 60, avg 47
Masking 100%
Sorting by length 100%
Counting k-mers 100%
Clustering 100%
Sorting clusters 100%
Writing clusters 100%
Clusters: 24 Size min 1, max 2, avg 1.1
Singletons: 22, 84.6% of seqs, 91.7% of clusters
Multiple alignments 100%
vsearch v2.30.0_linux_x86_64, 94.1GB RAM, 24 cores
https://github.com/torognes/vsearch

Reading file results/clustering/cdr/r3_comp_zikv/cdr3_clusters/a9b6369d-f995-4daa-ba96-6b2ed944bad4-IGK.fasta 100%
0 nt in 0 seqs
minseqlength 6: 2 sequences discarded.
Masking 100%
Sorting by length 100%
Counting k-mers 100%
Clustering 100%
Sorting clusters 100%
Writing clusters 100%
Clusters: 0
Singletons: 0
Multiple alignments 100%
vsearch v2.30.0_linux_x86_64, 94.1GB RAM, 24 cores
https://github.com/torognes/vsearch

Reading file results/clustering/cdr/r3_comp_zikv/cdr3_clusters/0d5dd211-700a-4dde-94ab-8186b5994e40-IGH.fasta 100%
0 nt in 0 seqs
minseqlength 6: 2 sequences discarded.
Masking 100%
Sorting by length 100%
Counting k-mers 100%
Clustering 100%
Sorting clusters 100%
Writing clusters 100%
Clusters: 0
Singletons: 0
Multiple alignments 100%
vsearch v2.30.0_linux_x86_64, 94.1GB RAM, 24 cores
https://github.com/torognes/vsearch

Reading file results/clustering/cdr/r3_comp_zikv/cdr3_clusters/d3d199ac-3a25-4b77-b868-d3030762a77f-IGH.fasta 100%
2443 nt in 54 seqs, min 29, max 60, avg 45
Masking 100%
Sorting by length 100%
Counting k-mers 100%
Clustering 100%
Sorting clusters 100%
Writing clusters 100%
Clusters: 50 Size min 1, max 2, avg 1.1
Singletons: 46, 85.2% of seqs, 92.0% of clusters
Multiple alignments 100%
vsearch v2.30.0_linux_x86_64, 94.1GB RAM, 24 cores
https://github.com/torognes/vsearch

Reading file results/clustering/cdr/r3_comp_zikv/cdr3_clusters/96afff79-5307-4e2b-b86c-7895601a3ea8-IGH.fasta 100%
0 nt in 0 seqs
minseqlength 6: 3 sequences discarded.
Masking 100%
Sorting by length 100%
Counting k-mers 100%
Clustering 100%
Sorting clusters 100%
Writing clusters 100%
Clusters: 0
Singletons: 0
Multiple alignments 100%
vsearch v2.30.0_linux_x86_64, 94.1GB RAM, 24 cores
https://github.com/torognes/vsearch

Reading file results/clustering/cdr/r3_comp_zikv/cdr3_clusters/fa9e4182-5ac7-4e00-acd0-1c9b9c5de2eb-IGK.fasta 100%
2324 nt in 85 seqs, min 23, max 33, avg 27
Masking 100%
Sorting by length 100%
Counting k-mers 100%
Clustering 100%
Sorting clusters 100%
Writing clusters 100%
Clusters: 74 Size min 1, max 5, avg 1.1
Singletons: 66, 77.6% of seqs, 89.2% of clusters
Multiple alignments 100%
vsearch v2.30.0_linux_x86_64, 94.1GB RAM, 24 cores
https://github.com/torognes/vsearch

Reading file results/clustering/cdr/r3_comp_zikv/cdr3_clusters/06624324-356c-4750-91b7-157b965e36ca-IGH.fasta 100%
0 nt in 0 seqs
Masking 100%
Sorting by length 100%
Counting k-mers 100%
Clustering 100%
Sorting clusters 100%
Writing clusters 100%
Clusters: 0
Singletons: 0
Multiple alignments 100%
vsearch v2.30.0_linux_x86_64, 94.1GB RAM, 24 cores
https://github.com/torognes/vsearch

Reading file results/clustering/cdr/r3_comp_zikv/cdr3_clusters/e1444025-2099-4aa4-b89e-02afc7493abe-IGK.fasta 100%
0 nt in 0 seqs
Masking 100%
Sorting by length 100%
Counting k-mers 100%
Clustering 100%
Sorting clusters 100%
Writing clusters 100%
Clusters: 0
Singletons: 0
Multiple alignments 100%
vsearch v2.30.0_linux_x86_64, 94.1GB RAM, 24 cores
https://github.com/torognes/vsearch

Reading file results/clustering/cdr/r3_comp_zikv/cdr3_clusters/ba88341b-3523-4663-b808-b9093ed36d8a-IGH.fasta 100%
250 nt in 5 seqs, min 30, max 57, avg 50
Masking 100%
Sorting by length 100%
Counting k-mers 100%
Clustering 100%
Sorting clusters 100%
Writing clusters 100%
Clusters: 4 Size min 1, max 2, avg 1.2
Singletons: 3, 60.0% of seqs, 75.0% of clusters
Multiple alignments 100%
vsearch v2.30.0_linux_x86_64, 94.1GB RAM, 24 cores
https://github.com/torognes/vsearch

Reading file results/clustering/cdr/r3_comp_zikv/cdr3_clusters/8261b492-c59e-45c3-afdb-52accca11d4a-IGK.fasta 100%
0 nt in 0 seqs
minseqlength 6: 6 sequences discarded.
Masking 100%
Sorting by length 100%
Counting k-mers 100%
Clustering 100%
Sorting clusters 100%
Writing clusters 100%
Clusters: 0
Singletons: 0
Multiple alignments 100%
vsearch v2.30.0_linux_x86_64, 94.1GB RAM, 24 cores
https://github.com/torognes/vsearch

Reading file results/clustering/cdr/r3_comp_zikv/cdr3_clusters/1776eb66-d409-4f58-a863-bd6a6504cb8d-IGK.fasta 100%
54 nt in 2 seqs, min 27, max 27, avg 27
minseqlength 6: 20 sequences discarded.
Masking 100%
Sorting by length 100%
Counting k-mers 100%
Clustering 100%
Sorting clusters 100%
Writing clusters 100%
Clusters: 2 Size min 1, max 1, avg 1.0
Singletons: 2, 100.0% of seqs, 100.0% of clusters
Multiple alignments 100%
vsearch v2.30.0_linux_x86_64, 94.1GB RAM, 24 cores
https://github.com/torognes/vsearch

Reading file results/clustering/cdr/r3_comp_zikv/cdr3_clusters/88b2ef10-dad6-4a39-a2ac-e8d2518b7038-IGK.fasta 100%
162 nt in 6 seqs, min 27, max 27, avg 27
Masking 100%
Sorting by length 100%
Counting k-mers 100%
Clustering 100%
Sorting clusters 100%
Writing clusters 100%
Clusters: 5 Size min 1, max 2, avg 1.2
Singletons: 4, 66.7% of seqs, 80.0% of clusters
Multiple alignments 100%
vsearch v2.30.0_linux_x86_64, 94.1GB RAM, 24 cores
https://github.com/torognes/vsearch

Reading file results/clustering/cdr/r3_comp_zikv/cdr3_clusters/9890a77f-b1e8-40ba-ab91-035f1b183976-IGH.fasta 100%
590 nt in 11 seqs, min 31, max 69, avg 54
Masking 100%
Sorting by length 100%
Counting k-mers 100%
Clustering 100%
Sorting clusters 100%
Writing clusters 100%
Clusters: 11 Size min 1, max 1, avg 1.0
Singletons: 11, 100.0% of seqs, 100.0% of clusters
Multiple alignments 100%
vsearch v2.30.0_linux_x86_64, 94.1GB RAM, 24 cores
https://github.com/torognes/vsearch

Reading file results/clustering/cdr/r3_comp_zikv/cdr3_clusters/cfeab5fa-e789-4ea3-8b51-b8b9a49fa6f3-IGH.fasta 100%
223 nt in 5 seqs, min 38, max 58, avg 45
Masking 100%
Sorting by length 100%
Counting k-mers 100%
Clustering 100%
Sorting clusters 100%
Writing clusters 100%
Clusters: 5 Size min 1, max 1, avg 1.0
Singletons: 5, 100.0% of seqs, 100.0% of clusters
Multiple alignments 100%
vsearch v2.30.0_linux_x86_64, 94.1GB RAM, 24 cores
https://github.com/torognes/vsearch

Reading file results/clustering/cdr/r3_comp_zikv/cdr3_clusters/985d8507-596c-44e2-8ecc-8bb60d67f144-IGH.fasta 100%
0 nt in 0 seqs
minseqlength 6: 2 sequences discarded.
Masking 100%
Sorting by length 100%
Counting k-mers 100%
Clustering 100%
Sorting clusters 100%
Writing clusters 100%
Clusters: 0
Singletons: 0
Multiple alignments 100%
vsearch v2.30.0_linux_x86_64, 94.1GB RAM, 24 cores
https://github.com/torognes/vsearch

Reading file results/clustering/cdr/r3_comp_zikv/cdr3_clusters/acf24d51-ebfa-4519-8c2b-9f0561b2a8f4-IGH.fasta 100%
0 nt in 0 seqs
minseqlength 6: 7 sequences discarded.
Masking 100%
Sorting by length 100%
Counting k-mers 100%
Clustering 100%
Sorting clusters 100%
Writing clusters 100%
Clusters: 0
Singletons: 0
Multiple alignments 100%
vsearch v2.30.0_linux_x86_64, 94.1GB RAM, 24 cores
https://github.com/torognes/vsearch

Reading file results/clustering/cdr/r3_comp_zikv/cdr3_clusters/e9035519-caf0-440f-b614-dfb03e76f63e-IGH.fasta 100%
258 nt in 6 seqs, min 33, max 51, avg 43
Masking 100%
Sorting by length 100%
Counting k-mers 100%
Clustering 100%
Sorting clusters 100%
Writing clusters 100%
Clusters: 6 Size min 1, max 1, avg 1.0
Singletons: 6, 100.0% of seqs, 100.0% of clusters
Multiple alignments 100%
vsearch v2.30.0_linux_x86_64, 94.1GB RAM, 24 cores
https://github.com/torognes/vsearch

Reading file results/clustering/cdr/r3_comp_zikv/cdr3_clusters/229f6307-6808-49a0-9d2b-9e10e7489a1d-IGH.fasta 100%
0 nt in 0 seqs
minseqlength 6: 6 sequences discarded.
Masking 100%
Sorting by length 100%
Counting k-mers 100%
Clustering 100%
Sorting clusters 100%
Writing clusters 100%
Clusters: 0
Singletons: 0
Multiple alignments 100%
vsearch v2.30.0_linux_x86_64, 94.1GB RAM, 24 cores
https://github.com/torognes/vsearch

Reading file results/clustering/cdr/r3_comp_zikv/cdr3_clusters/64646a63-3204-44fb-843f-6651c9802adb-IGK.fasta 100%
0 nt in 0 seqs
minseqlength 6: 13 sequences discarded.
Masking 100%
Sorting by length 100%
Counting k-mers 100%
Clustering 100%
Sorting clusters 100%
Writing clusters 100%
Clusters: 0
Singletons: 0
Multiple alignments 100%
vsearch v2.30.0_linux_x86_64, 94.1GB RAM, 24 cores
https://github.com/torognes/vsearch

Reading file results/clustering/cdr/r3_comp_zikv/cdr3_clusters/dab2834c-7dfb-43b1-92d3-7c58c728379f-IGK.fasta 100%
51 nt in 2 seqs, min 24, max 27, avg 26
minseqlength 6: 36 sequences discarded.
Masking 100%
Sorting by length 100%
Counting k-mers 100%
Clustering 100%
Sorting clusters 100%
Writing clusters 100%
Clusters: 2 Size min 1, max 1, avg 1.0
Singletons: 2, 100.0% of seqs, 100.0% of clusters
Multiple alignments 100%
vsearch v2.30.0_linux_x86_64, 94.1GB RAM, 24 cores
https://github.com/torognes/vsearch

Reading file results/clustering/cdr/r3_comp_zikv/cdr3_clusters/1c55d925-4f4b-4f37-a9b4-6fda2d10bee5-IGH.fasta 100%
112 nt in 2 seqs, min 42, max 70, avg 56
minseqlength 6: 6 sequences discarded.
Masking 100%
Sorting by length 100%
Counting k-mers 100%
Clustering 100%
Sorting clusters 100%
Writing clusters 100%
Clusters: 2 Size min 1, max 1, avg 1.0
Singletons: 2, 100.0% of seqs, 100.0% of clusters
Multiple alignments 100%
vsearch v2.30.0_linux_x86_64, 94.1GB RAM, 24 cores
https://github.com/torognes/vsearch

Reading file results/clustering/cdr/r3_comp_zikv/cdr3_clusters/a701ef5e-4e3e-44bd-81b9-be9f6cb7e5ce-IGK.fasta 100%
244 nt in 9 seqs, min 21, max 30, avg 27
Masking 100%
Sorting by length 100%
Counting k-mers 100%
Clustering 100%
Sorting clusters 100%
Writing clusters 100%
Clusters: 8 Size min 1, max 2, avg 1.1
Singletons: 7, 77.8% of seqs, 87.5% of clusters
Multiple alignments 100%
vsearch v2.30.0_linux_x86_64, 94.1GB RAM, 24 cores
https://github.com/torognes/vsearch

Reading file results/clustering/cdr/r3_comp_zikv/cdr3_clusters/cc48d065-4277-452b-b5d0-6d7c083fe690-IGH.fasta 100%
299 nt in 6 seqs, min 33, max 57, avg 50
Masking 100%
Sorting by length 100%
Counting k-mers 100%
Clustering 100%
Sorting clusters 100%
Writing clusters 100%
Clusters: 6 Size min 1, max 1, avg 1.0
Singletons: 6, 100.0% of seqs, 100.0% of clusters
Multiple alignments 100%
vsearch v2.30.0_linux_x86_64, 94.1GB RAM, 24 cores
https://github.com/torognes/vsearch

Reading file results/clustering/cdr/r3_comp_zikv/cdr3_clusters/aca9d588-0b75-49f4-9940-c069301ddaa0-IGK.fasta 100%
0 nt in 0 seqs
minseqlength 6: 11 sequences discarded.
Masking 100%
Sorting by length 100%
Counting k-mers 100%
Clustering 100%
Sorting clusters 100%
Writing clusters 100%
Clusters: 0
Singletons: 0
Multiple alignments 100%
vsearch v2.30.0_linux_x86_64, 94.1GB RAM, 24 cores
https://github.com/torognes/vsearch

Reading file results/clustering/cdr/r3_comp_zikv/cdr3_clusters/269c949f-a34b-4832-b75f-f7acfb89e19a-IGK.fasta 100%
0 nt in 0 seqs
minseqlength 6: 10 sequences discarded.
Masking 100%
Sorting by length 100%
Counting k-mers 100%
Clustering 100%
Sorting clusters 100%
Writing clusters 100%
Clusters: 0
Singletons: 0
Multiple alignments 100%
vsearch v2.30.0_linux_x86_64, 94.1GB RAM, 24 cores
https://github.com/torognes/vsearch

Reading file results/clustering/cdr/r3_comp_zikv/cdr3_clusters/46ec7e61-8cf0-4df2-972b-ffdb72426eb2-IGK.fasta 100%
0 nt in 0 seqs
minseqlength 6: 12 sequences discarded.
Masking 100%
Sorting by length 100%
Counting k-mers 100%
Clustering 100%
Sorting clusters 100%
Writing clusters 100%
Clusters: 0
Singletons: 0
Multiple alignments 100%
vsearch v2.30.0_linux_x86_64, 94.1GB RAM, 24 cores
https://github.com/torognes/vsearch

Reading file results/clustering/cdr/r3_comp_zikv/cdr3_clusters/19366a65-dfce-43fa-8f85-f2af9ae5c340-IGK.fasta 100%
54 nt in 2 seqs, min 27, max 27, avg 27
minseqlength 6: 35 sequences discarded.
Masking 100%
Sorting by length 100%
Counting k-mers 100%
Clustering 100%
Sorting clusters 100%
Writing clusters 100%
Clusters: 2 Size min 1, max 1, avg 1.0
Singletons: 2, 100.0% of seqs, 100.0% of clusters
Multiple alignments 100%
vsearch v2.30.0_linux_x86_64, 94.1GB RAM, 24 cores
https://github.com/torognes/vsearch

Reading file results/clustering/cdr/r3_comp_zikv/cdr3_clusters/14e9b435-1915-4cfa-9397-5e64d9f88592-IGK.fasta 100%
0 nt in 0 seqs
minseqlength 6: 1 sequence discarded.
Masking 100%
Sorting by length 100%
Counting k-mers 100%
Clustering 100%
Sorting clusters 100%
Writing clusters 100%
Clusters: 0
Singletons: 0
Multiple alignments 100%
vsearch v2.30.0_linux_x86_64, 94.1GB RAM, 24 cores
https://github.com/torognes/vsearch

Reading file results/clustering/cdr/r3_comp_zikv/cdr3_clusters/92f9f0b2-5735-43a4-95f7-fae619639302-IGH.fasta 100%
239 nt in 5 seqs, min 36, max 63, avg 48
Masking 100%
Sorting by length 100%
Counting k-mers 100%
Clustering 100%
Sorting clusters 100%
Writing clusters 100%
Clusters: 5 Size min 1, max 1, avg 1.0
Singletons: 5, 100.0% of seqs, 100.0% of clusters
Multiple alignments 100%
vsearch v2.30.0_linux_x86_64, 94.1GB RAM, 24 cores
https://github.com/torognes/vsearch

Reading file results/clustering/cdr/r3_comp_zikv/cdr3_clusters/d04c3965-1321-4e0c-83ba-dea78e8c60e1-IGK.fasta 100%
0 nt in 0 seqs
minseqlength 6: 10 sequences discarded.
Masking 100%
Sorting by length 100%
Counting k-mers 100%
Clustering 100%
Sorting clusters 100%
Writing clusters 100%
Clusters: 0
Singletons: 0
Multiple alignments 100%
vsearch v2.30.0_linux_x86_64, 94.1GB RAM, 24 cores
https://github.com/torognes/vsearch

Reading file results/clustering/cdr/r3_comp_zikv/cdr3_clusters/d55e0b36-62b9-480d-93bd-89c7c6d5c84c-IGK.fasta 100%
0 nt in 0 seqs
minseqlength 6: 5 sequences discarded.
Masking 100%
Sorting by length 100%
Counting k-mers 100%
Clustering 100%
Sorting clusters 100%
Writing clusters 100%
Clusters: 0
Singletons: 0
Multiple alignments 100%
vsearch v2.30.0_linux_x86_64, 94.1GB RAM, 24 cores
https://github.com/torognes/vsearch

Reading file results/clustering/cdr/r3_comp_zikv/cdr3_clusters/3340cfed-9761-4ac6-bc75-850bdde9ce5f-IGH.fasta 100%
0 nt in 0 seqs
minseqlength 6: 16 sequences discarded.
Masking 100%
Sorting by length 100%
Counting k-mers 100%
Clustering 100%
Sorting clusters 100%
Writing clusters 100%
Clusters: 0
Singletons: 0
Multiple alignments 100%
vsearch v2.30.0_linux_x86_64, 94.1GB RAM, 24 cores
https://github.com/torognes/vsearch

Reading file results/clustering/cdr/r3_comp_zikv/cdr3_clusters/eb0fced8-c3b2-4a01-bdac-6f3f2155da4a-IGK.fasta 100%
189 nt in 7 seqs, min 24, max 30, avg 27
Masking 100%
Sorting by length 100%
Counting k-mers 100%
Clustering 100%
Sorting clusters 100%
Writing clusters 100%
Clusters: 7 Size min 1, max 1, avg 1.0
Singletons: 7, 100.0% of seqs, 100.0% of clusters
Multiple alignments 100%
vsearch v2.30.0_linux_x86_64, 94.1GB RAM, 24 cores
https://github.com/torognes/vsearch

Reading file results/clustering/cdr/r3_comp_zikv/cdr3_clusters/c5b39a58-6c5a-40e4-ab2a-0bd5712d70ec-IGK.fasta 100%
0 nt in 0 seqs
minseqlength 6: 7 sequences discarded.
Masking 100%
Sorting by length 100%
Counting k-mers 100%
Clustering 100%
Sorting clusters 100%
Writing clusters 100%
Clusters: 0
Singletons: 0
Multiple alignments 100%
vsearch v2.30.0_linux_x86_64, 94.1GB RAM, 24 cores
https://github.com/torognes/vsearch

Reading file results/clustering/cdr/r3_comp_zikv/cdr3_clusters/2d18efb8-23a1-436d-89a6-0fdc06448cfb-IGK.fasta 100%
878 nt in 27 seqs, min 22, max 55, avg 33
minseqlength 6: 227 sequences discarded.
Masking 100%
Sorting by length 100%
Counting k-mers 100%
Clustering 100%
Sorting clusters 100%
Writing clusters 100%
Clusters: 14 Size min 1, max 9, avg 1.9
Singletons: 12, 44.4% of seqs, 85.7% of clusters
Multiple alignments 100%
vsearch v2.30.0_linux_x86_64, 94.1GB RAM, 24 cores
https://github.com/torognes/vsearch

Reading file results/clustering/cdr/r3_comp_zikv/cdr3_clusters/3366252e-a4cc-4699-887c-d24d8e4073a7-IGK.fasta 100%
24 nt in 1 seqs, min 24, max 24, avg 24
minseqlength 6: 10 sequences discarded.
Masking 100%
Sorting by length 100%
Counting k-mers 100%
Clustering 100%
Sorting clusters 100%
Writing clusters 100%
Clusters: 1 Size min 1, max 1, avg 1.0
Singletons: 1, 100.0% of seqs, 100.0% of clusters
Multiple alignments 100%
vsearch v2.30.0_linux_x86_64, 94.1GB RAM, 24 cores
https://github.com/torognes/vsearch

Reading file results/clustering/cdr/r3_comp_zikv/cdr3_clusters/a47fc81e-2302-41bf-b665-94b6149261c5-IGK.fasta 100%
270 nt in 10 seqs, min 24, max 30, avg 27
Masking 100%
Sorting by length 100%
Counting k-mers 100%
Clustering 100%
Sorting clusters 100%
Writing clusters 100%
Clusters: 10 Size min 1, max 1, avg 1.0
Singletons: 10, 100.0% of seqs, 100.0% of clusters
Multiple alignments 100%
vsearch v2.30.0_linux_x86_64, 94.1GB RAM, 24 cores
https://github.com/torognes/vsearch

Reading file results/clustering/cdr/r3_comp_zikv/cdr3_clusters/55e899df-6c2d-478e-9b8a-ce6eba05cbb0-IGK.fasta 100%
0 nt in 0 seqs
Masking 100%
Sorting by length 100%
Counting k-mers 100%
Clustering 100%
Sorting clusters 100%
Writing clusters 100%
Clusters: 0
Singletons: 0
Multiple alignments 100%
vsearch v2.30.0_linux_x86_64, 94.1GB RAM, 24 cores
https://github.com/torognes/vsearch

Reading file results/clustering/cdr/r3_comp_zikv/cdr3_clusters/49ecb29a-a0f1-4cf8-95fc-3ac8bb33ed90-IGH.fasta 100%
47 nt in 1 seqs, min 47, max 47, avg 47
minseqlength 6: 2 sequences discarded.
Masking 100%
Sorting by length 100%
Counting k-mers 100%
Clustering 100%
Sorting clusters 100%
Writing clusters 100%
Clusters: 1 Size min 1, max 1, avg 1.0
Singletons: 1, 100.0% of seqs, 100.0% of clusters
Multiple alignments 100%
vsearch v2.30.0_linux_x86_64, 94.1GB RAM, 24 cores
https://github.com/torognes/vsearch

Reading file results/clustering/cdr/r3_comp_zikv/cdr3_clusters/1336aeba-8f54-4295-bbee-79c0934a7a32-IGK.fasta 100%
0 nt in 0 seqs
minseqlength 6: 6 sequences discarded.
Masking 100%
Sorting by length 100%
Counting k-mers 100%
Clustering 100%
Sorting clusters 100%
Writing clusters 100%
Clusters: 0
Singletons: 0
Multiple alignments 100%
vsearch v2.30.0_linux_x86_64, 94.1GB RAM, 24 cores
https://github.com/torognes/vsearch

Reading file results/clustering/cdr/r3_comp_zikv/cdr3_clusters/a68b9db4-35c5-418f-aaee-92e5b6160abd-IGH.fasta 100%
369 nt in 9 seqs, min 24, max 56, avg 41
Masking 100%
Sorting by length 100%
Counting k-mers 100%
Clustering 100%
Sorting clusters 100%
Writing clusters 100%
Clusters: 9 Size min 1, max 1, avg 1.0
Singletons: 9, 100.0% of seqs, 100.0% of clusters
Multiple alignments 100%
vsearch v2.30.0_linux_x86_64, 94.1GB RAM, 24 cores
https://github.com/torognes/vsearch

Reading file results/clustering/cdr/r3_comp_zikv/cdr3_clusters/d5703f09-206a-469d-8893-ab5fa5df95ee-IGK.fasta 100%
27 nt in 1 seqs, min 27, max 27, avg 27
minseqlength 6: 285 sequences discarded.
Masking 100%
Sorting by length 100%
Counting k-mers 100%
Clustering 100%
Sorting clusters 100%
Writing clusters 100%
Clusters: 1 Size min 1, max 1, avg 1.0
Singletons: 1, 100.0% of seqs, 100.0% of clusters
Multiple alignments 100%
vsearch v2.30.0_linux_x86_64, 94.1GB RAM, 24 cores
https://github.com/torognes/vsearch

Reading file results/clustering/cdr/r3_comp_zikv/cdr3_clusters/35525102-b252-47c6-8a86-0dfc71ebdb0c-IGK.fasta 100%
0 nt in 0 seqs
minseqlength 6: 5 sequences discarded.
Masking 100%
Sorting by length 100%
Counting k-mers 100%
Clustering 100%
Sorting clusters 100%
Writing clusters 100%
Clusters: 0
Singletons: 0
Multiple alignments 100%
vsearch v2.30.0_linux_x86_64, 94.1GB RAM, 24 cores
https://github.com/torognes/vsearch

Reading file results/clustering/cdr/r3_comp_zikv/cdr3_clusters/b1a90de0-2726-410b-8dc5-0d7eedcd997a-IGH.fasta 100%
786 nt in 19 seqs, min 21, max 57, avg 41
minseqlength 6: 18 sequences discarded.
Masking 100%
Sorting by length 100%
Counting k-mers 100%
Clustering 100%
Sorting clusters 100%
Writing clusters 100%
Clusters: 19 Size min 1, max 1, avg 1.0
Singletons: 19, 100.0% of seqs, 100.0% of clusters
Multiple alignments 100%
vsearch v2.30.0_linux_x86_64, 94.1GB RAM, 24 cores
https://github.com/torognes/vsearch

Reading file results/clustering/cdr/r3_comp_zikv/cdr3_clusters/77614e59-8aff-422f-a2fc-6bf556222f28-IGK.fasta 100%
353 nt in 11 seqs, min 31, max 33, avg 32
minseqlength 6: 11 sequences discarded.
Masking 100%
Sorting by length 100%
Counting k-mers 100%
Clustering 100%
Sorting clusters 100%
Writing clusters 100%
Clusters: 7 Size min 1, max 5, avg 1.6
Singletons: 6, 54.5% of seqs, 85.7% of clusters
Multiple alignments 100%
vsearch v2.30.0_linux_x86_64, 94.1GB RAM, 24 cores
https://github.com/torognes/vsearch

Reading file results/clustering/cdr/r3_comp_zikv/cdr3_clusters/2608a585-4d87-4f85-946c-3dbfc114c0a4-IGH.fasta 100%
0 nt in 0 seqs
minseqlength 6: 5 sequences discarded.
Masking 100%
Sorting by length 100%
Counting k-mers 100%
Clustering 100%
Sorting clusters 100%
Writing clusters 100%
Clusters: 0
Singletons: 0
Multiple alignments 100%
vsearch v2.30.0_linux_x86_64, 94.1GB RAM, 24 cores
https://github.com/torognes/vsearch

Reading file results/clustering/cdr/r3_comp_zikv/cdr3_clusters/826b4a7a-6976-4c77-bd55-a9eaa4769e48-IGK.fasta 100%
0 nt in 0 seqs
minseqlength 6: 12 sequences discarded.
Masking 100%
Sorting by length 100%
Counting k-mers 100%
Clustering 100%
Sorting clusters 100%
Writing clusters 100%
Clusters: 0
Singletons: 0
Multiple alignments 100%
vsearch v2.30.0_linux_x86_64, 94.1GB RAM, 24 cores
https://github.com/torognes/vsearch

Reading file results/clustering/cdr/r3_comp_zikv/cdr3_clusters/a35814b6-dcc7-4a9b-8392-6a2fd0eb122e-IGH.fasta 100%
0 nt in 0 seqs
Masking 100%
Sorting by length 100%
Counting k-mers 100%
Clustering 100%
Sorting clusters 100%
Writing clusters 100%
Clusters: 0
Singletons: 0
Multiple alignments 100%
vsearch v2.30.0_linux_x86_64, 94.1GB RAM, 24 cores
https://github.com/torognes/vsearch

Reading file results/clustering/cdr/r3_comp_zikv/cdr3_clusters/af199b25-cd7f-4df0-a840-0cea082a6f36-IGK.fasta 100%
0 nt in 0 seqs
minseqlength 6: 15 sequences discarded.
Masking 100%
Sorting by length 100%
Counting k-mers 100%
Clustering 100%
Sorting clusters 100%
Writing clusters 100%
Clusters: 0
Singletons: 0
Multiple alignments 100%
vsearch v2.30.0_linux_x86_64, 94.1GB RAM, 24 cores
https://github.com/torognes/vsearch

Reading file results/clustering/cdr/r3_comp_zikv/cdr3_clusters/079ddb3b-405d-4c7c-9af0-db737c9af441-IGK.fasta 100%
0 nt in 0 seqs
Masking 100%
Sorting by length 100%
Counting k-mers 100%
Clustering 100%
Sorting clusters 100%
Writing clusters 100%
Clusters: 0
Singletons: 0
Multiple alignments 100%
vsearch v2.30.0_linux_x86_64, 94.1GB RAM, 24 cores
https://github.com/torognes/vsearch

Reading file results/clustering/cdr/r3_comp_zikv/cdr3_clusters/ec7514e2-ae75-4ff9-8001-61346f07c76a-IGH.fasta 100%
1016 nt in 24 seqs, min 35, max 53, avg 42
Masking 100%
Sorting by length 100%
Counting k-mers 100%
Clustering 100%
Sorting clusters 100%
Writing clusters 100%
Clusters: 24 Size min 1, max 1, avg 1.0
Singletons: 24, 100.0% of seqs, 100.0% of clusters
Multiple alignments 100%
vsearch v2.30.0_linux_x86_64, 94.1GB RAM, 24 cores
https://github.com/torognes/vsearch

Reading file results/clustering/cdr/r3_comp_zikv/cdr3_clusters/298c70ee-5b2a-4d02-a2ef-cd0167cbe17f-IGH.fasta 100%
0 nt in 0 seqs
minseqlength 6: 10 sequences discarded.
Masking 100%
Sorting by length 100%
Counting k-mers 100%
Clustering 100%
Sorting clusters 100%
Writing clusters 100%
Clusters: 0
Singletons: 0
Multiple alignments 100%
vsearch v2.30.0_linux_x86_64, 94.1GB RAM, 24 cores
https://github.com/torognes/vsearch

Reading file results/clustering/cdr/r3_comp_zikv/cdr3_clusters/50af960b-b031-433b-a8e9-0033ff5c048a-IGK.fasta 100%
0 nt in 0 seqs
minseqlength 6: 8 sequences discarded.
Masking 100%
Sorting by length 100%
Counting k-mers 100%
Clustering 100%
Sorting clusters 100%
Writing clusters 100%
Clusters: 0
Singletons: 0
Multiple alignments 100%
vsearch v2.30.0_linux_x86_64, 94.1GB RAM, 24 cores
https://github.com/torognes/vsearch

Reading file results/clustering/cdr/r3_comp_zikv/cdr3_clusters/4419a732-95dc-49bf-80d2-5038f7d119e9-IGH.fasta 100%
201 nt in 5 seqs, min 30, max 48, avg 40
Masking 100%
Sorting by length 100%
Counting k-mers 100%
Clustering 100%
Sorting clusters 100%
Writing clusters 100%
Clusters: 5 Size min 1, max 1, avg 1.0
Singletons: 5, 100.0% of seqs, 100.0% of clusters
Multiple alignments 100%
vsearch v2.30.0_linux_x86_64, 94.1GB RAM, 24 cores
https://github.com/torognes/vsearch

Reading file results/clustering/cdr/r3_comp_zikv/cdr3_clusters/9ff921bf-a2e6-4a56-a930-92c7d48d378b-IGK.fasta 100%
155 nt in 6 seqs, min 23, max 28, avg 26
Masking 100%
Sorting by length 100%
Counting k-mers 100%
Clustering 100%
Sorting clusters 100%
Writing clusters 100%
Clusters: 5 Size min 1, max 2, avg 1.2
Singletons: 4, 66.7% of seqs, 80.0% of clusters
Multiple alignments 100%
vsearch v2.30.0_linux_x86_64, 94.1GB RAM, 24 cores
https://github.com/torognes/vsearch

Reading file results/clustering/cdr/r3_comp_zikv/cdr3_clusters/d69a9aab-813d-4dc5-9f17-c72ad56e72d4-IGK.fasta 100%
0 nt in 0 seqs
minseqlength 6: 4 sequences discarded.
Masking 100%
Sorting by length 100%
Counting k-mers 100%
Clustering 100%
Sorting clusters 100%
Writing clusters 100%
Clusters: 0
Singletons: 0
Multiple alignments 100%
vsearch v2.30.0_linux_x86_64, 94.1GB RAM, 24 cores
https://github.com/torognes/vsearch

Reading file results/clustering/cdr/r3_comp_zikv/cdr3_clusters/9c43ac09-7354-458b-b90a-0cc09872d362-IGH.fasta 100%
0 nt in 0 seqs
Masking 100%
Sorting by length 100%
Counting k-mers 100%
Clustering 100%
Sorting clusters 100%
Writing clusters 100%
Clusters: 0
Singletons: 0
Multiple alignments 100%
vsearch v2.30.0_linux_x86_64, 94.1GB RAM, 24 cores
https://github.com/torognes/vsearch

Reading file results/clustering/cdr/r3_comp_zikv/cdr3_clusters/dcf2f1bb-d777-46e2-8d2c-71bdadbd9c50-IGH.fasta 100%
0 nt in 0 seqs
minseqlength 6: 2 sequences discarded.
Masking 100%
Sorting by length 100%
Counting k-mers 100%
Clustering 100%
Sorting clusters 100%
Writing clusters 100%
Clusters: 0
Singletons: 0
Multiple alignments 100%
vsearch v2.30.0_linux_x86_64, 94.1GB RAM, 24 cores
https://github.com/torognes/vsearch

Reading file results/clustering/cdr/r3_comp_zikv/cdr3_clusters/031b38bc-d16b-4332-93a6-4040373998cf-IGH.fasta 100%
554 nt in 12 seqs, min 19, max 63, avg 46
Masking 100%
Sorting by length 100%
Counting k-mers 100%
Clustering 100%
Sorting clusters 100%
Writing clusters 100%
Clusters: 12 Size min 1, max 1, avg 1.0
Singletons: 12, 100.0% of seqs, 100.0% of clusters
Multiple alignments 100%
vsearch v2.30.0_linux_x86_64, 94.1GB RAM, 24 cores
https://github.com/torognes/vsearch

Reading file results/clustering/cdr/r3_comp_zikv/cdr3_clusters/2260c035-acf6-4729-9f4e-c38cf9ccb621-IGK.fasta 100%
0 nt in 0 seqs
Masking 100%
Sorting by length 100%
Counting k-mers 100%
Clustering 100%
Sorting clusters 100%
Writing clusters 100%
Clusters: 0
Singletons: 0
Multiple alignments 100%
vsearch v2.30.0_linux_x86_64, 94.1GB RAM, 24 cores
https://github.com/torognes/vsearch

Reading file results/clustering/cdr/r3_comp_zikv/cdr3_clusters/dbf91d48-2abc-489e-974e-abfcd6c61ff3-IGK.fasta 100%
0 nt in 0 seqs
Masking 100%
Sorting by length 100%
Counting k-mers 100%
Clustering 100%
Sorting clusters 100%
Writing clusters 100%
Clusters: 0
Singletons: 0
Multiple alignments 100%
vsearch v2.30.0_linux_x86_64, 94.1GB RAM, 24 cores
https://github.com/torognes/vsearch

Reading file results/clustering/cdr/r3_comp_zikv/cdr3_clusters/1f239bab-3956-4d9e-97dd-1940673ca0de-IGH.fasta 100%
206 nt in 6 seqs, min 27, max 42, avg 34
minseqlength 6: 2 sequences discarded.
Masking 100%
Sorting by length 100%
Counting k-mers 100%
Clustering 100%
Sorting clusters 100%
Writing clusters 100%
Clusters: 5 Size min 1, max 2, avg 1.2
Singletons: 4, 66.7% of seqs, 80.0% of clusters
Multiple alignments 100%
vsearch v2.30.0_linux_x86_64, 94.1GB RAM, 24 cores
https://github.com/torognes/vsearch

Reading file results/clustering/cdr/r3_comp_zikv/cdr3_clusters/3d077d8c-d5f2-462d-84d7-06891fe822dc-IGK.fasta 100%
51 nt in 3 seqs, min 16, max 18, avg 17
minseqlength 6: 4308 sequences discarded.
Masking 100%
Sorting by length 100%
Counting k-mers 100%
Clustering 100%
Sorting clusters 100%
Writing clusters 100%
Clusters: 2 Size min 1, max 2, avg 1.5
Singletons: 1, 33.3% of seqs, 50.0% of clusters
Multiple alignments 100%
vsearch v2.30.0_linux_x86_64, 94.1GB RAM, 24 cores
https://github.com/torognes/vsearch

Reading file results/clustering/cdr/r3_comp_zikv/cdr3_clusters/06aecf25-0769-4f7b-a13e-621cf2baa9d2-IGK.fasta 100%
0 nt in 0 seqs
minseqlength 6: 5 sequences discarded.
Masking 100%
Sorting by length 100%
Counting k-mers 100%
Clustering 100%
Sorting clusters 100%
Writing clusters 100%
Clusters: 0
Singletons: 0
Multiple alignments 100%
vsearch v2.30.0_linux_x86_64, 94.1GB RAM, 24 cores
https://github.com/torognes/vsearch

Reading file results/clustering/cdr/r3_comp_zikv/cdr3_clusters/46d365f1-3b89-4de3-af45-f230bc84c916-IGK.fasta 100%
442 nt in 16 seqs, min 23, max 29, avg 28
Masking 100%
Sorting by length 100%
Counting k-mers 100%
Clustering 100%
Sorting clusters 100%
Writing clusters 100%
Clusters: 5 Size min 1, max 12, avg 3.2
Singletons: 4, 25.0% of seqs, 80.0% of clusters
Multiple alignments 100%
vsearch v2.30.0_linux_x86_64, 94.1GB RAM, 24 cores
https://github.com/torognes/vsearch

Reading file results/clustering/cdr/r3_comp_zikv/cdr3_clusters/39a85fda-5106-461a-9d2d-3376c0cba291-IGH.fasta 100%
1207 nt in 27 seqs, min 27, max 121, avg 45
minseqlength 6: 9 sequences discarded.
Masking 100%
Sorting by length 100%
Counting k-mers 100%
Clustering 100%
Sorting clusters 100%
Writing clusters 100%
Clusters: 27 Size min 1, max 1, avg 1.0
Singletons: 27, 100.0% of seqs, 100.0% of clusters
Multiple alignments 100%
vsearch v2.30.0_linux_x86_64, 94.1GB RAM, 24 cores
https://github.com/torognes/vsearch

Reading file results/clustering/cdr/r3_comp_zikv/cdr3_clusters/81324144-2628-49a6-9a7a-38af9e5373d0-IGK.fasta 100%
0 nt in 0 seqs
minseqlength 6: 4 sequences discarded.
Masking 100%
Sorting by length 100%
Counting k-mers 100%
Clustering 100%
Sorting clusters 100%
Writing clusters 100%
Clusters: 0
Singletons: 0
Multiple alignments 100%
vsearch v2.30.0_linux_x86_64, 94.1GB RAM, 24 cores
https://github.com/torognes/vsearch

Reading file results/clustering/cdr/r3_comp_zikv/cdr3_clusters/ba2d6622-04be-4b4a-8733-db7596da0180-IGK.fasta 100%
0 nt in 0 seqs
Masking 100%
Sorting by length 100%
Counting k-mers 100%
Clustering 100%
Sorting clusters 100%
Writing clusters 100%
Clusters: 0
Singletons: 0
Multiple alignments 100%
vsearch v2.30.0_linux_x86_64, 94.1GB RAM, 24 cores
https://github.com/torognes/vsearch

Reading file results/clustering/cdr/r3_comp_zikv/cdr3_clusters/88ffd04c-9bb2-455d-a49d-779182a8f6ec-IGK.fasta 100%
0 nt in 0 seqs
minseqlength 6: 7 sequences discarded.
Masking 100%
Sorting by length 100%
Counting k-mers 100%
Clustering 100%
Sorting clusters 100%
Writing clusters 100%
Clusters: 0
Singletons: 0
Multiple alignments 100%
vsearch v2.30.0_linux_x86_64, 94.1GB RAM, 24 cores
https://github.com/torognes/vsearch

Reading file results/clustering/cdr/r3_comp_zikv/cdr3_clusters/87e5e1b8-4f12-4b1a-a668-53d743111dd6-IGH.fasta 100%
218 nt in 5 seqs, min 34, max 49, avg 44
Masking 100%
Sorting by length 100%
Counting k-mers 100%
Clustering 100%
Sorting clusters 100%
Writing clusters 100%
Clusters: 5 Size min 1, max 1, avg 1.0
Singletons: 5, 100.0% of seqs, 100.0% of clusters
Multiple alignments 100%
vsearch v2.30.0_linux_x86_64, 94.1GB RAM, 24 cores
https://github.com/torognes/vsearch

Reading file results/clustering/cdr/r3_comp_zikv/cdr3_clusters/a38c7e91-7ead-4a89-bbfa-ed8367f8893d-IGK.fasta 100%
135 nt in 5 seqs, min 24, max 32, avg 27
minseqlength 6: 1 sequence discarded.
Masking 100%
Sorting by length 100%
Counting k-mers 100%
Clustering 100%
Sorting clusters 100%
Writing clusters 100%
Clusters: 4 Size min 1, max 2, avg 1.2
Singletons: 3, 60.0% of seqs, 75.0% of clusters
Multiple alignments 100%
vsearch v2.30.0_linux_x86_64, 94.1GB RAM, 24 cores
https://github.com/torognes/vsearch

Reading file results/clustering/cdr/r3_comp_zikv/cdr3_clusters/f6742bcf-cd04-4cbc-9cfe-fc8b5aba0359-IGH.fasta 100%
0 nt in 0 seqs
minseqlength 6: 3 sequences discarded.
Masking 100%
Sorting by length 100%
Counting k-mers 100%
Clustering 100%
Sorting clusters 100%
Writing clusters 100%
Clusters: 0
Singletons: 0
Multiple alignments 100%
vsearch v2.30.0_linux_x86_64, 94.1GB RAM, 24 cores
https://github.com/torognes/vsearch

Reading file results/clustering/cdr/r3_comp_zikv/cdr3_clusters/f35ec4ac-662d-4bdc-b464-80c487c77084-IGK.fasta 100%
213 nt in 8 seqs, min 24, max 33, avg 27
minseqlength 6: 3 sequences discarded.
Masking 100%
Sorting by length 100%
Counting k-mers 100%
Clustering 100%
Sorting clusters 100%
Writing clusters 100%
Clusters: 8 Size min 1, max 1, avg 1.0
Singletons: 8, 100.0% of seqs, 100.0% of clusters
Multiple alignments 100%
vsearch v2.30.0_linux_x86_64, 94.1GB RAM, 24 cores
https://github.com/torognes/vsearch

Reading file results/clustering/cdr/r3_comp_zikv/cdr3_clusters/625b5da5-797f-493e-a751-0ffcdd737727-IGK.fasta 100%
0 nt in 0 seqs
minseqlength 6: 6 sequences discarded.
Masking 100%
Sorting by length 100%
Counting k-mers 100%
Clustering 100%
Sorting clusters 100%
Writing clusters 100%
Clusters: 0
Singletons: 0
Multiple alignments 100%
vsearch v2.30.0_linux_x86_64, 94.1GB RAM, 24 cores
https://github.com/torognes/vsearch

Reading file results/clustering/cdr/r3_comp_zikv/cdr3_clusters/5e50152a-95c1-4667-a813-51a0be3748b5-IGK.fasta 100%
0 nt in 0 seqs
minseqlength 6: 14 sequences discarded.
Masking 100%
Sorting by length 100%
Counting k-mers 100%
Clustering 100%
Sorting clusters 100%
Writing clusters 100%
Clusters: 0
Singletons: 0
Multiple alignments 100%
vsearch v2.30.0_linux_x86_64, 94.1GB RAM, 24 cores
https://github.com/torognes/vsearch

Reading file results/clustering/cdr/r3_comp_zikv/cdr3_clusters/1966c885-2887-4797-8fb6-1cde0213bfdb-IGK.fasta 100%
237 nt in 9 seqs, min 21, max 28, avg 26
Masking 100%
Sorting by length 100%
Counting k-mers 100%
Clustering 100%
Sorting clusters 100%
Writing clusters 100%
Clusters: 9 Size min 1, max 1, avg 1.0
Singletons: 9, 100.0% of seqs, 100.0% of clusters
Multiple alignments 100%
vsearch v2.30.0_linux_x86_64, 94.1GB RAM, 24 cores
https://github.com/torognes/vsearch

Reading file results/clustering/cdr/r3_comp_zikv/cdr3_clusters/8b6b0aa0-7f0b-496c-98b8-57f9ca0574a9-IGK.fasta 100%
479 nt in 18 seqs, min 24, max 30, avg 27
minseqlength 6: 1 sequence discarded.
Masking 100%
Sorting by length 100%
Counting k-mers 100%
Clustering 100%
Sorting clusters 100%
Writing clusters 100%
Clusters: 17 Size min 1, max 2, avg 1.1
Singletons: 16, 88.9% of seqs, 94.1% of clusters
Multiple alignments 100%
vsearch v2.30.0_linux_x86_64, 94.1GB RAM, 24 cores
https://github.com/torognes/vsearch

Reading file results/clustering/cdr/r3_comp_zikv/cdr3_clusters/3594f2f2-c70d-4185-963b-cda34736cc0e-IGK.fasta 100%
268 nt in 10 seqs, min 26, max 27, avg 27
Masking 100%
Sorting by length 100%
Counting k-mers 100%
Clustering 100%
Sorting clusters 100%
Writing clusters 100%
Clusters: 10 Size min 1, max 1, avg 1.0
Singletons: 10, 100.0% of seqs, 100.0% of clusters
Multiple alignments 100%
vsearch v2.30.0_linux_x86_64, 94.1GB RAM, 24 cores
https://github.com/torognes/vsearch

Reading file results/clustering/cdr/r3_comp_zikv/cdr3_clusters/7ba39671-a454-4717-9538-f5d5c2fe2aab-IGK.fasta 100%
511 nt in 17 seqs, min 21, max 34, avg 30
minseqlength 6: 252 sequences discarded.
Masking 100%
Sorting by length 100%
Counting k-mers 100%
Clustering 100%
Sorting clusters 100%
Writing clusters 100%
Clusters: 9 Size min 1, max 7, avg 1.9
Singletons: 7, 41.2% of seqs, 77.8% of clusters
Multiple alignments 100%
vsearch v2.30.0_linux_x86_64, 94.1GB RAM, 24 cores
https://github.com/torognes/vsearch

Reading file results/clustering/cdr/r3_comp_zikv/cdr3_clusters/f0845d3b-7d6b-4c5e-8d23-a7b56dd899d0-IGH.fasta 100%
0 nt in 0 seqs
minseqlength 6: 1 sequence discarded.
Masking 100%
Sorting by length 100%
Counting k-mers 100%
Clustering 100%
Sorting clusters 100%
Writing clusters 100%
Clusters: 0
Singletons: 0
Multiple alignments 100%
vsearch v2.30.0_linux_x86_64, 94.1GB RAM, 24 cores
https://github.com/torognes/vsearch

Reading file results/clustering/cdr/r3_comp_zikv/cdr3_clusters/4999faa8-70e8-4d09-a0d2-105a932cdc0f-IGK.fasta 100%
0 nt in 0 seqs
minseqlength 6: 6 sequences discarded.
Masking 100%
Sorting by length 100%
Counting k-mers 100%
Clustering 100%
Sorting clusters 100%
Writing clusters 100%
Clusters: 0
Singletons: 0
Multiple alignments 100%
vsearch v2.30.0_linux_x86_64, 94.1GB RAM, 24 cores
https://github.com/torognes/vsearch

Reading file results/clustering/cdr/r3_comp_zikv/cdr3_clusters/80f353c0-be84-4175-8f68-7059529708b7-IGH.fasta 100%
0 nt in 0 seqs
minseqlength 6: 9 sequences discarded.
Masking 100%
Sorting by length 100%
Counting k-mers 100%
Clustering 100%
Sorting clusters 100%
Writing clusters 100%
Clusters: 0
Singletons: 0
Multiple alignments 100%
vsearch v2.30.0_linux_x86_64, 94.1GB RAM, 24 cores
https://github.com/torognes/vsearch

Reading file results/clustering/cdr/r3_comp_zikv/cdr3_clusters/d8cff9ed-e073-490a-a0e9-b399ac253291-IGH.fasta 100%
404 nt in 9 seqs, min 30, max 57, avg 45
Masking 100%
Sorting by length 100%
Counting k-mers 100%
Clustering 100%
Sorting clusters 100%
Writing clusters 100%
Clusters: 8 Size min 1, max 2, avg 1.1
Singletons: 7, 77.8% of seqs, 87.5% of clusters
Multiple alignments 100%
vsearch v2.30.0_linux_x86_64, 94.1GB RAM, 24 cores
https://github.com/torognes/vsearch

Reading file results/clustering/cdr/r3_comp_zikv/cdr3_clusters/0c679f96-7791-47d0-b2b4-c84ab429d8b8-IGK.fasta 100%
0 nt in 0 seqs
minseqlength 6: 6 sequences discarded.
Masking 100%
Sorting by length 100%
Counting k-mers 100%
Clustering 100%
Sorting clusters 100%
Writing clusters 100%
Clusters: 0
Singletons: 0
Multiple alignments 100%
vsearch v2.30.0_linux_x86_64, 94.1GB RAM, 24 cores
https://github.com/torognes/vsearch

Reading file results/clustering/cdr/r3_comp_zikv/cdr3_clusters/9b791031-9e57-4aad-a665-9030fc9b3a95-IGK.fasta 100%
0 nt in 0 seqs
minseqlength 6: 1 sequence discarded.
Masking 100%
Sorting by length 100%
Counting k-mers 100%
Clustering 100%
Sorting clusters 100%
Writing clusters 100%
Clusters: 0
Singletons: 0
Multiple alignments 100%
vsearch v2.30.0_linux_x86_64, 94.1GB RAM, 24 cores
https://github.com/torognes/vsearch

Reading file results/clustering/cdr/r3_comp_zikv/cdr3_clusters/b4981ce4-2622-4914-9428-322a10977bcd-IGH.fasta 100%
217 nt in 4 seqs, min 53, max 55, avg 54
minseqlength 6: 1 sequence discarded.
Masking 100%
Sorting by length 100%
Counting k-mers 100%
Clustering 100%
Sorting clusters 100%
Writing clusters 100%
Clusters: 1 Size min 4, max 4, avg 4.0
Singletons: 0, 0.0% of seqs, 0.0% of clusters
Multiple alignments 100%
vsearch v2.30.0_linux_x86_64, 94.1GB RAM, 24 cores
https://github.com/torognes/vsearch

Reading file results/clustering/cdr/r3_comp_zikv/cdr3_clusters/eef73ce4-6d24-42af-a99c-020e95fb23f3-IGK.fasta 100%
0 nt in 0 seqs
Masking 100%
Sorting by length 100%
Counting k-mers 100%
Clustering 100%
Sorting clusters 100%
Writing clusters 100%
Clusters: 0
Singletons: 0
Multiple alignments 100%
vsearch v2.30.0_linux_x86_64, 94.1GB RAM, 24 cores
https://github.com/torognes/vsearch

Reading file results/clustering/cdr/r3_comp_zikv/cdr3_clusters/28047b4c-699e-42c6-b2ad-fc3a7cc16296-IGH.fasta 100%
258 nt in 6 seqs, min 42, max 45, avg 43
Masking 100%
Sorting by length 100%
Counting k-mers 100%
Clustering 100%
Sorting clusters 100%
Writing clusters 100%
Clusters: 4 Size min 1, max 3, avg 1.5
Singletons: 3, 50.0% of seqs, 75.0% of clusters
Multiple alignments 100%
vsearch v2.30.0_linux_x86_64, 94.1GB RAM, 24 cores
https://github.com/torognes/vsearch

Reading file results/clustering/cdr/r3_comp_zikv/cdr3_clusters/cd3d20fc-e54d-4f0d-80d0-522204f68601-IGH.fasta 100%
472 nt in 11 seqs, min 37, max 45, avg 43
minseqlength 6: 2 sequences discarded.
Masking 100%
Sorting by length 100%
Counting k-mers 100%
Clustering 100%
Sorting clusters 100%
Writing clusters 100%
Clusters: 8 Size min 1, max 3, avg 1.4
Singletons: 6, 54.5% of seqs, 75.0% of clusters
Multiple alignments 100%
vsearch v2.30.0_linux_x86_64, 94.1GB RAM, 24 cores
https://github.com/torognes/vsearch

Reading file results/clustering/cdr/r3_comp_zikv/cdr3_clusters/18944917-ca2d-413e-9bff-336dacad9e16-IGH.fasta 100%
0 nt in 0 seqs
minseqlength 6: 8 sequences discarded.
Masking 100%
Sorting by length 100%
Counting k-mers 100%
Clustering 100%
Sorting clusters 100%
Writing clusters 100%
Clusters: 0
Singletons: 0
Multiple alignments 100%
vsearch v2.30.0_linux_x86_64, 94.1GB RAM, 24 cores
https://github.com/torognes/vsearch

Reading file results/clustering/cdr/r3_comp_zikv/cdr3_clusters/a0e07b79-869a-4906-b9e1-c99a6720bb8d-IGK.fasta 100%
0 nt in 0 seqs
minseqlength 6: 1 sequence discarded.
Masking 100%
Sorting by length 100%
Counting k-mers 100%
Clustering 100%
Sorting clusters 100%
Writing clusters 100%
Clusters: 0
Singletons: 0
Multiple alignments 100%
vsearch v2.30.0_linux_x86_64, 94.1GB RAM, 24 cores
https://github.com/torognes/vsearch

Reading file results/clustering/cdr/r3_comp_zikv/cdr3_clusters/d5b9fa66-b881-49c2-91ab-105e999bdf29-IGH.fasta 100%
0 nt in 0 seqs
Masking 100%
Sorting by length 100%
Counting k-mers 100%
Clustering 100%
Sorting clusters 100%
Writing clusters 100%
Clusters: 0
Singletons: 0
Multiple alignments 100%
vsearch v2.30.0_linux_x86_64, 94.1GB RAM, 24 cores
https://github.com/torognes/vsearch

Reading file results/clustering/cdr/r3_comp_zikv/cdr3_clusters/19de663c-9637-457e-adf6-b8511f13f8bd-IGK.fasta 100%
0 nt in 0 seqs
minseqlength 6: 3 sequences discarded.
Masking 100%
Sorting by length 100%
Counting k-mers 100%
Clustering 100%
Sorting clusters 100%
Writing clusters 100%
Clusters: 0
Singletons: 0
Multiple alignments 100%
vsearch v2.30.0_linux_x86_64, 94.1GB RAM, 24 cores
https://github.com/torognes/vsearch

Reading file results/clustering/cdr/r3_comp_zikv/cdr3_clusters/6e69bd15-57af-4cc4-a9ba-ca9aedcf8362-IGK.fasta 100%
0 nt in 0 seqs
Masking 100%
Sorting by length 100%
Counting k-mers 100%
Clustering 100%
Sorting clusters 100%
Writing clusters 100%
Clusters: 0
Singletons: 0
Multiple alignments 100%
vsearch v2.30.0_linux_x86_64, 94.1GB RAM, 24 cores
https://github.com/torognes/vsearch

Reading file results/clustering/cdr/r3_comp_zikv/cdr3_clusters/3d63da3e-8171-4724-9975-d189226a83da-IGK.fasta 100%
0 nt in 0 seqs
minseqlength 6: 14 sequences discarded.
Masking 100%
Sorting by length 100%
Counting k-mers 100%
Clustering 100%
Sorting clusters 100%
Writing clusters 100%
Clusters: 0
Singletons: 0
Multiple alignments 100%
vsearch v2.30.0_linux_x86_64, 94.1GB RAM, 24 cores
https://github.com/torognes/vsearch

Reading file results/clustering/cdr/r3_comp_zikv/cdr3_clusters/2f02ca2d-3ca6-42d7-8215-76c0389f3248-IGK.fasta 100%
31 nt in 1 seqs, min 31, max 31, avg 31
minseqlength 6: 19 sequences discarded.
Masking 100%
Sorting by length 100%
Counting k-mers 100%
Clustering 100%
Sorting clusters 100%
Writing clusters 100%
Clusters: 1 Size min 1, max 1, avg 1.0
Singletons: 1, 100.0% of seqs, 100.0% of clusters
Multiple alignments 100%
vsearch v2.30.0_linux_x86_64, 94.1GB RAM, 24 cores
https://github.com/torognes/vsearch

Reading file results/clustering/cdr/r3_comp_zikv/cdr3_clusters/bf32cffa-45b6-43dc-abf7-4b72e7b3fb32-IGH.fasta 100%
338 nt in 9 seqs, min 21, max 57, avg 38
Masking 100%
Sorting by length 100%
Counting k-mers 100%
Clustering 100%
Sorting clusters 100%
Writing clusters 100%
Clusters: 9 Size min 1, max 1, avg 1.0
Singletons: 9, 100.0% of seqs, 100.0% of clusters
Multiple alignments 100%
vsearch v2.30.0_linux_x86_64, 94.1GB RAM, 24 cores
https://github.com/torognes/vsearch

Reading file results/clustering/cdr/r3_comp_zikv/cdr3_clusters/9ddcedb1-9bba-4900-bc6f-92fab347700d-IGH.fasta 100%
955 nt in 25 seqs, min 21, max 51, avg 38
Masking 100%
Sorting by length 100%
Counting k-mers 100%
Clustering 100%
Sorting clusters 100%
Writing clusters 100%
Clusters: 25 Size min 1, max 1, avg 1.0
Singletons: 25, 100.0% of seqs, 100.0% of clusters
Multiple alignments 100%
vsearch v2.30.0_linux_x86_64, 94.1GB RAM, 24 cores
https://github.com/torognes/vsearch

Reading file results/clustering/cdr/r3_comp_zikv/cdr3_clusters/fcd9c0be-07ee-4056-9301-30153142eb82-IGH.fasta 100%
259 nt in 6 seqs, min 39, max 51, avg 43
minseqlength 6: 1 sequence discarded.
Masking 100%
Sorting by length 100%
Counting k-mers 100%
Clustering 100%
Sorting clusters 100%
Writing clusters 100%
Clusters: 6 Size min 1, max 1, avg 1.0
Singletons: 6, 100.0% of seqs, 100.0% of clusters
Multiple alignments 100%
vsearch v2.30.0_linux_x86_64, 94.1GB RAM, 24 cores
https://github.com/torognes/vsearch

Reading file results/clustering/cdr/r3_comp_zikv/cdr3_clusters/02fe2b28-7c2a-4dd7-8db8-05c62583b963-IGK.fasta 100%
0 nt in 0 seqs
minseqlength 6: 2 sequences discarded.
Masking 100%
Sorting by length 100%
Counting k-mers 100%
Clustering 100%
Sorting clusters 100%
Writing clusters 100%
Clusters: 0
Singletons: 0
Multiple alignments 100%
vsearch v2.30.0_linux_x86_64, 94.1GB RAM, 24 cores
https://github.com/torognes/vsearch

Reading file results/clustering/cdr/r3_comp_zikv/cdr3_clusters/884b7969-8309-40ae-969f-861f07a8e092-IGH.fasta 100%
384 nt in 6 seqs, min 48, max 72, avg 64
Masking 100%
Sorting by length 100%
Counting k-mers 100%
Clustering 100%
Sorting clusters 100%
Writing clusters 100%
Clusters: 5 Size min 1, max 2, avg 1.2
Singletons: 4, 66.7% of seqs, 80.0% of clusters
Multiple alignments 100%
vsearch v2.30.0_linux_x86_64, 94.1GB RAM, 24 cores
https://github.com/torognes/vsearch

Reading file results/clustering/cdr/r3_comp_zikv/cdr3_clusters/06d89df1-4792-4ba6-879f-009ae2c37035-IGK.fasta 100%
92 nt in 3 seqs, min 27, max 34, avg 31
minseqlength 6: 53 sequences discarded.
Masking 100%
Sorting by length 100%
Counting k-mers 100%
Clustering 100%
Sorting clusters 100%
Writing clusters 100%
Clusters: 3 Size min 1, max 1, avg 1.0
Singletons: 3, 100.0% of seqs, 100.0% of clusters
Multiple alignments 100%
vsearch v2.30.0_linux_x86_64, 94.1GB RAM, 24 cores
https://github.com/torognes/vsearch

Reading file results/clustering/cdr/r3_comp_zikv/cdr3_clusters/2ad8fce4-4b91-4070-afc6-ff8f797f1ae2-IGH.fasta 100%
306 nt in 7 seqs, min 36, max 54, avg 44
minseqlength 6: 1 sequence discarded.
Masking 100%
Sorting by length 100%
Counting k-mers 100%
Clustering 100%
Sorting clusters 100%
Writing clusters 100%
Clusters: 7 Size min 1, max 1, avg 1.0
Singletons: 7, 100.0% of seqs, 100.0% of clusters
Multiple alignments 100%
vsearch v2.30.0_linux_x86_64, 94.1GB RAM, 24 cores
https://github.com/torognes/vsearch

Reading file results/clustering/cdr/r3_comp_zikv/cdr3_clusters/10767d21-7d84-4211-8496-a6b0785e3b32-IGK.fasta 100%
336 nt in 13 seqs, min 18, max 27, avg 26
Masking 100%
Sorting by length 100%
Counting k-mers 100%
Clustering 100%
Sorting clusters 100%
Writing clusters 100%
Clusters: 12 Size min 1, max 2, avg 1.1
Singletons: 11, 84.6% of seqs, 91.7% of clusters
Multiple alignments 100%
vsearch v2.30.0_linux_x86_64, 94.1GB RAM, 24 cores
https://github.com/torognes/vsearch

Reading file results/clustering/cdr/r3_comp_zikv/cdr3_clusters/fcb0043d-52af-4319-af62-a6e833aa4756-IGH.fasta 100%
460 nt in 11 seqs, min 24, max 51, avg 42
Masking 100%
Sorting by length 100%
Counting k-mers 100%
Clustering 100%
Sorting clusters 100%
Writing clusters 100%
Clusters: 11 Size min 1, max 1, avg 1.0
Singletons: 11, 100.0% of seqs, 100.0% of clusters
Multiple alignments 100%
vsearch v2.30.0_linux_x86_64, 94.1GB RAM, 24 cores
https://github.com/torognes/vsearch

Reading file results/clustering/cdr/r3_comp_zikv/cdr3_clusters/d23dd218-edb6-450f-af97-8b6ba077d79b-IGK.fasta 100%
0 nt in 0 seqs
minseqlength 6: 2 sequences discarded.
Masking 100%
Sorting by length 100%
Counting k-mers 100%
Clustering 100%
Sorting clusters 100%
Writing clusters 100%
Clusters: 0
Singletons: 0
Multiple alignments 100%
vsearch v2.30.0_linux_x86_64, 94.1GB RAM, 24 cores
https://github.com/torognes/vsearch

Reading file results/clustering/cdr/r3_comp_zikv/cdr3_clusters/75221088-fe7b-497e-b1a7-1c2d383027bf-IGK.fasta 100%
0 nt in 0 seqs
minseqlength 6: 16 sequences discarded.
Masking 100%
Sorting by length 100%
Counting k-mers 100%
Clustering 100%
Sorting clusters 100%
Writing clusters 100%
Clusters: 0
Singletons: 0
Multiple alignments 100%
vsearch v2.30.0_linux_x86_64, 94.1GB RAM, 24 cores
https://github.com/torognes/vsearch

Reading file results/clustering/cdr/r3_comp_zikv/cdr3_clusters/4ee64432-112a-40c3-ab9a-b62e2e55b5d7-IGK.fasta 100%
0 nt in 0 seqs
minseqlength 6: 5 sequences discarded.
Masking 100%
Sorting by length 100%
Counting k-mers 100%
Clustering 100%
Sorting clusters 100%
Writing clusters 100%
Clusters: 0
Singletons: 0
Multiple alignments 100%
vsearch v2.30.0_linux_x86_64, 94.1GB RAM, 24 cores
https://github.com/torognes/vsearch

Reading file results/clustering/cdr/r3_comp_zikv/cdr3_clusters/2ecc05b8-2d0d-4c2c-9b63-9aab7650e085-IGK.fasta 100%
30 nt in 1 seqs, min 30, max 30, avg 30
minseqlength 6: 4 sequences discarded.
Masking 100%
Sorting by length 100%
Counting k-mers 100%
Clustering 100%
Sorting clusters 100%
Writing clusters 100%
Clusters: 1 Size min 1, max 1, avg 1.0
Singletons: 1, 100.0% of seqs, 100.0% of clusters
Multiple alignments 100%
vsearch v2.30.0_linux_x86_64, 94.1GB RAM, 24 cores
https://github.com/torognes/vsearch

Reading file results/clustering/cdr/r3_comp_zikv/cdr3_clusters/0b125b4b-48d4-4811-b37d-b752b4f47851-IGK.fasta 100%
0 nt in 0 seqs
minseqlength 6: 11 sequences discarded.
Masking 100%
Sorting by length 100%
Counting k-mers 100%
Clustering 100%
Sorting clusters 100%
Writing clusters 100%
Clusters: 0
Singletons: 0
Multiple alignments 100%
vsearch v2.30.0_linux_x86_64, 94.1GB RAM, 24 cores
https://github.com/torognes/vsearch

Reading file results/clustering/cdr/r3_comp_zikv/cdr3_clusters/79a13f06-cbfa-42f7-bd8e-ee8381bed99a-IGH.fasta 100%
0 nt in 0 seqs
minseqlength 6: 7 sequences discarded.
Masking 100%
Sorting by length 100%
Counting k-mers 100%
Clustering 100%
Sorting clusters 100%
Writing clusters 100%
Clusters: 0
Singletons: 0
Multiple alignments 100%
vsearch v2.30.0_linux_x86_64, 94.1GB RAM, 24 cores
https://github.com/torognes/vsearch

Reading file results/clustering/cdr/r3_comp_zikv/cdr3_clusters/1a1b8bc7-d022-49af-83ec-2f77e5c8ad07-IGH.fasta 100%
0 nt in 0 seqs
Masking 100%
Sorting by length 100%
Counting k-mers 100%
Clustering 100%
Sorting clusters 100%
Writing clusters 100%
Clusters: 0
Singletons: 0
Multiple alignments 100%
vsearch v2.30.0_linux_x86_64, 94.1GB RAM, 24 cores
https://github.com/torognes/vsearch

Reading file results/clustering/cdr/r3_comp_zikv/cdr3_clusters/d0c27052-1adb-4452-b05c-8ffb380147f2-IGK.fasta 100%
439 nt in 17 seqs, min 15, max 29, avg 26
Masking 100%
Sorting by length 100%
Counting k-mers 100%
Clustering 100%
Sorting clusters 100%
Writing clusters 100%
Clusters: 17 Size min 1, max 1, avg 1.0
Singletons: 17, 100.0% of seqs, 100.0% of clusters
Multiple alignments 100%
vsearch v2.30.0_linux_x86_64, 94.1GB RAM, 24 cores
https://github.com/torognes/vsearch

Reading file results/clustering/cdr/r3_comp_zikv/cdr3_clusters/a7324de4-afe7-43de-a7f7-f3f8a2d1aae4-IGK.fasta 100%
0 nt in 0 seqs
minseqlength 6: 26 sequences discarded.
Masking 100%
Sorting by length 100%
Counting k-mers 100%
Clustering 100%
Sorting clusters 100%
Writing clusters 100%
Clusters: 0
Singletons: 0
Multiple alignments 100%
vsearch v2.30.0_linux_x86_64, 94.1GB RAM, 24 cores
https://github.com/torognes/vsearch

Reading file results/clustering/cdr/r3_comp_zikv/cdr3_clusters/f8254c45-0cc2-4fdf-a6a6-f37906de8fc3-IGH.fasta 100%
525 nt in 11 seqs, min 36, max 57, avg 48
Masking 100%
Sorting by length 100%
Counting k-mers 100%
Clustering 100%
Sorting clusters 100%
Writing clusters 100%
Clusters: 11 Size min 1, max 1, avg 1.0
Singletons: 11, 100.0% of seqs, 100.0% of clusters
Multiple alignments 100%
vsearch v2.30.0_linux_x86_64, 94.1GB RAM, 24 cores
https://github.com/torognes/vsearch

Reading file results/clustering/cdr/r3_comp_zikv/cdr3_clusters/e8ff280f-2399-417e-892d-1425d0999e29-IGH.fasta 100%
33 nt in 1 seqs, min 33, max 33, avg 33
Masking 100%
Sorting by length 100%
Counting k-mers 100%
Clustering 100%
Sorting clusters 100%
Writing clusters 100%
Clusters: 1 Size min 1, max 1, avg 1.0
Singletons: 1, 100.0% of seqs, 100.0% of clusters
Multiple alignments 100%
vsearch v2.30.0_linux_x86_64, 94.1GB RAM, 24 cores
https://github.com/torognes/vsearch

Reading file results/clustering/cdr/r3_comp_zikv/cdr3_clusters/de0a6344-55e8-43e8-96e0-298d051a7604-IGK.fasta 100%
434 nt in 17 seqs, min 15, max 31, avg 26
Masking 100%
Sorting by length 100%
Counting k-mers 100%
Clustering 100%
Sorting clusters 100%
Writing clusters 100%
Clusters: 15 Size min 1, max 3, avg 1.1
Singletons: 14, 82.4% of seqs, 93.3% of clusters
Multiple alignments 100%
vsearch v2.30.0_linux_x86_64, 94.1GB RAM, 24 cores
https://github.com/torognes/vsearch

Reading file results/clustering/cdr/r3_comp_zikv/cdr3_clusters/8905203e-fe8e-4aa0-b95e-9d81fe220d73-IGH.fasta 100%
0 nt in 0 seqs
minseqlength 6: 6 sequences discarded.
Masking 100%
Sorting by length 100%
Counting k-mers 100%
Clustering 100%
Sorting clusters 100%
Writing clusters 100%
Clusters: 0
Singletons: 0
Multiple alignments 100%
vsearch v2.30.0_linux_x86_64, 94.1GB RAM, 24 cores
https://github.com/torognes/vsearch

Reading file results/clustering/cdr/r3_comp_zikv/cdr3_clusters/88e63a5c-7312-4441-ac72-18d414638a9d-IGK.fasta 100%
110 nt in 4 seqs, min 27, max 29, avg 28
minseqlength 6: 1 sequence discarded.
Masking 100%
Sorting by length 100%
Counting k-mers 100%
Clustering 100%
Sorting clusters 100%
Writing clusters 100%
Clusters: 4 Size min 1, max 1, avg 1.0
Singletons: 4, 100.0% of seqs, 100.0% of clusters
Multiple alignments 100%
vsearch v2.30.0_linux_x86_64, 94.1GB RAM, 24 cores
https://github.com/torognes/vsearch

Reading file results/clustering/cdr/r3_comp_zikv/cdr3_clusters/7d9da2b7-4672-4000-a032-67424fe8bf7f-IGH.fasta 100%
579 nt in 6 seqs, min 58, max 143, avg 96
Masking 100%
Sorting by length 100%
Counting k-mers 100%
Clustering 100%
Sorting clusters 100%
Writing clusters 100%
Clusters: 6 Size min 1, max 1, avg 1.0
Singletons: 6, 100.0% of seqs, 100.0% of clusters
Multiple alignments 100%
vsearch v2.30.0_linux_x86_64, 94.1GB RAM, 24 cores
https://github.com/torognes/vsearch

Reading file results/clustering/cdr/r3_comp_zikv/cdr3_clusters/3906c7f2-b2a5-4417-bfcb-f1f3af20a169-IGK.fasta 100%
311 nt in 8 seqs, min 29, max 67, avg 39
minseqlength 6: 279 sequences discarded.
Masking 100%
Sorting by length 100%
Counting k-mers 100%
Clustering 100%
Sorting clusters 100%
Writing clusters 100%
Clusters: 6 Size min 1, max 3, avg 1.3
Singletons: 5, 62.5% of seqs, 83.3% of clusters
Multiple alignments 100%
vsearch v2.30.0_linux_x86_64, 94.1GB RAM, 24 cores
https://github.com/torognes/vsearch

Reading file results/clustering/cdr/r3_comp_zikv/cdr3_clusters/b6cfb091-8f0e-4a85-8946-f5b8c71220a6-IGH.fasta 100%
38 nt in 2 seqs, min 6, max 32, avg 19
minseqlength 6: 3 sequences discarded.
Masking 100%
Sorting by length 100%
Counting k-mers 100%
Clustering 100%
Sorting clusters 100%
Writing clusters 100%
Clusters: 2 Size min 1, max 1, avg 1.0
Singletons: 2, 100.0% of seqs, 100.0% of clusters
Multiple alignments 100%
vsearch v2.30.0_linux_x86_64, 94.1GB RAM, 24 cores
https://github.com/torognes/vsearch

Reading file results/clustering/cdr/r3_comp_zikv/cdr3_clusters/08a9f5ab-2032-48ad-804b-1f33dfe1cdb5-IGK.fasta 100%
0 nt in 0 seqs
minseqlength 6: 7 sequences discarded.
Masking 100%
Sorting by length 100%
Counting k-mers 100%
Clustering 100%
Sorting clusters 100%
Writing clusters 100%
Clusters: 0
Singletons: 0
Multiple alignments 100%
vsearch v2.30.0_linux_x86_64, 94.1GB RAM, 24 cores
https://github.com/torognes/vsearch

Reading file results/clustering/cdr/r3_comp_zikv/cdr3_clusters/634652ab-0fa0-407e-88b2-7b194684e5e6-IGK.fasta 100%
0 nt in 0 seqs
Masking 100%
Sorting by length 100%
Counting k-mers 100%
Clustering 100%
Sorting clusters 100%
Writing clusters 100%
Clusters: 0
Singletons: 0
Multiple alignments 100%
vsearch v2.30.0_linux_x86_64, 94.1GB RAM, 24 cores
https://github.com/torognes/vsearch

Reading file results/clustering/cdr/r3_comp_zikv/cdr3_clusters/ae269f80-685e-4450-978d-e30d49cffaba-IGH.fasta 100%
0 nt in 0 seqs
minseqlength 6: 15 sequences discarded.
Masking 100%
Sorting by length 100%
Counting k-mers 100%
Clustering 100%
Sorting clusters 100%
Writing clusters 100%
Clusters: 0
Singletons: 0
Multiple alignments 100%
vsearch v2.30.0_linux_x86_64, 94.1GB RAM, 24 cores
https://github.com/torognes/vsearch

Reading file results/clustering/cdr/r3_comp_zikv/cdr3_clusters/3b4b7745-d1f2-4a2d-b703-69aa4443cdda-IGK.fasta 100%
0 nt in 0 seqs
minseqlength 6: 5 sequences discarded.
Masking 100%
Sorting by length 100%
Counting k-mers 100%
Clustering 100%
Sorting clusters 100%
Writing clusters 100%
Clusters: 0
Singletons: 0
Multiple alignments 100%
vsearch v2.30.0_linux_x86_64, 94.1GB RAM, 24 cores
https://github.com/torognes/vsearch

Reading file results/clustering/cdr/r3_comp_zikv/cdr3_clusters/4ad13ded-e7ce-44c0-9a1d-48d7b2f0302f-IGK.fasta 100%
331 nt in 14 seqs, min 12, max 28, avg 24
Masking 100%
Sorting by length 100%
Counting k-mers 100%
Clustering 100%
Sorting clusters 100%
Writing clusters 100%
Clusters: 14 Size min 1, max 1, avg 1.0
Singletons: 14, 100.0% of seqs, 100.0% of clusters
Multiple alignments 100%
vsearch v2.30.0_linux_x86_64, 94.1GB RAM, 24 cores
https://github.com/torognes/vsearch

Reading file results/clustering/cdr/r3_comp_zikv/cdr3_clusters/13f427f3-1e5d-4144-b6a2-88ac01c37b57-IGK.fasta 100%
0 nt in 0 seqs
minseqlength 6: 2 sequences discarded.
Masking 100%
Sorting by length 100%
Counting k-mers 100%
Clustering 100%
Sorting clusters 100%
Writing clusters 100%
Clusters: 0
Singletons: 0
Multiple alignments 100%
vsearch v2.30.0_linux_x86_64, 94.1GB RAM, 24 cores
https://github.com/torognes/vsearch

Reading file results/clustering/cdr/r3_comp_zikv/cdr3_clusters/8011c15a-e86b-4e3e-b120-b52bc176a980-IGH.fasta 100%
1039 nt in 25 seqs, min 18, max 118, avg 42
minseqlength 6: 2 sequences discarded.
Masking 100%
Sorting by length 100%
Counting k-mers 100%
Clustering 100%
Sorting clusters 100%
Writing clusters 100%
Clusters: 24 Size min 1, max 2, avg 1.0
Singletons: 23, 92.0% of seqs, 95.8% of clusters
Multiple alignments 100%
vsearch v2.30.0_linux_x86_64, 94.1GB RAM, 24 cores
https://github.com/torognes/vsearch

Reading file results/clustering/cdr/r3_comp_zikv/cdr3_clusters/64e6fdc2-6d63-46eb-8300-b7f3846235f8-IGH.fasta 100%
424 nt in 11 seqs, min 33, max 54, avg 39
Masking 100%
Sorting by length 100%
Counting k-mers 100%
Clustering 100%
Sorting clusters 100%
Writing clusters 100%
Clusters: 11 Size min 1, max 1, avg 1.0
Singletons: 11, 100.0% of seqs, 100.0% of clusters
Multiple alignments 100%
vsearch v2.30.0_linux_x86_64, 94.1GB RAM, 24 cores
https://github.com/torognes/vsearch

Reading file results/clustering/cdr/r3_comp_zikv/cdr3_clusters/f974ee05-4330-4795-8e10-4b91f32f3ec9-IGH.fasta 100%
7317 nt in 157 seqs, min 29, max 73, avg 47
Masking 100%
Sorting by length 100%
Counting k-mers 100%
Clustering 100%
Sorting clusters 100%
Writing clusters 100%
Clusters: 130 Size min 1, max 10, avg 1.2
Singletons: 118, 75.2% of seqs, 90.8% of clusters
Multiple alignments 100%
vsearch v2.30.0_linux_x86_64, 94.1GB RAM, 24 cores
https://github.com/torognes/vsearch

Reading file results/clustering/cdr/r3_comp_zikv/cdr3_clusters/853357f9-76a2-4740-9b15-aa87eedd5519-IGK.fasta 100%
203 nt in 7 seqs, min 27, max 33, avg 29
Masking 100%
Sorting by length 100%
Counting k-mers 100%
Clustering 100%
Sorting clusters 100%
Writing clusters 100%
Clusters: 6 Size min 1, max 2, avg 1.2
Singletons: 5, 71.4% of seqs, 83.3% of clusters
Multiple alignments 100%
vsearch v2.30.0_linux_x86_64, 94.1GB RAM, 24 cores
https://github.com/torognes/vsearch

Reading file results/clustering/cdr/r3_comp_zikv/cdr3_clusters/2a053a23-b9de-4337-ab11-8b59365e42e5-IGH.fasta 100%
66 nt in 1 seqs, min 66, max 66, avg 66
minseqlength 6: 6 sequences discarded.
Masking 100%
Sorting by length 100%
Counting k-mers 100%
Clustering 100%
Sorting clusters 100%
Writing clusters 100%
Clusters: 1 Size min 1, max 1, avg 1.0
Singletons: 1, 100.0% of seqs, 100.0% of clusters
Multiple alignments 100%
vsearch v2.30.0_linux_x86_64, 94.1GB RAM, 24 cores
https://github.com/torognes/vsearch

Reading file results/clustering/cdr/r3_comp_zikv/cdr3_clusters/5bc0a5ee-ba2f-434b-92b6-a145fca262f0-IGK.fasta 100%
763 nt in 28 seqs, min 21, max 31, avg 27
Masking 100%
Sorting by length 100%
Counting k-mers 100%
Clustering 100%
Sorting clusters 100%
Writing clusters 100%
Clusters: 26 Size min 1, max 2, avg 1.1
Singletons: 24, 85.7% of seqs, 92.3% of clusters
Multiple alignments 100%
vsearch v2.30.0_linux_x86_64, 94.1GB RAM, 24 cores
https://github.com/torognes/vsearch

Reading file results/clustering/cdr/r3_comp_zikv/cdr3_clusters/baa282ae-af0d-4db4-8897-94a7e31b3cfa-IGH.fasta 100%
327 nt in 6 seqs, min 24, max 108, avg 54
Masking 100%
Sorting by length 100%
Counting k-mers 100%
Clustering 100%
Sorting clusters 100%
Writing clusters 100%
Clusters: 4 Size min 1, max 3, avg 1.5
Singletons: 3, 50.0% of seqs, 75.0% of clusters
Multiple alignments 100%
vsearch v2.30.0_linux_x86_64, 94.1GB RAM, 24 cores
https://github.com/torognes/vsearch

Reading file results/clustering/cdr/r3_comp_zikv/cdr3_clusters/b5a70ff9-3d8d-4561-a103-53efdbf2ca20-IGH.fasta 100%
356 nt in 11 seqs, min 14, max 40, avg 32
Masking 100%
Sorting by length 100%
Counting k-mers 100%
Clustering 100%
Sorting clusters 100%
Writing clusters 100%
Clusters: 10 Size min 1, max 2, avg 1.1
Singletons: 9, 81.8% of seqs, 90.0% of clusters
Multiple alignments 100%
vsearch v2.30.0_linux_x86_64, 94.1GB RAM, 24 cores
https://github.com/torognes/vsearch

Reading file results/clustering/cdr/r3_comp_zikv/cdr3_clusters/ae908614-6dd2-4e28-89e9-c8ac9cef92cc-IGK.fasta 100%
30 nt in 1 seqs, min 30, max 30, avg 30
minseqlength 6: 4 sequences discarded.
Masking 100%
Sorting by length 100%
Counting k-mers 100%
Clustering 100%
Sorting clusters 100%
Writing clusters 100%
Clusters: 1 Size min 1, max 1, avg 1.0
Singletons: 1, 100.0% of seqs, 100.0% of clusters
Multiple alignments 100%
vsearch v2.30.0_linux_x86_64, 94.1GB RAM, 24 cores
https://github.com/torognes/vsearch

Reading file results/clustering/cdr/r3_comp_zikv/cdr3_clusters/4fbd90ec-1559-4eaf-b20b-8ef95460fe82-IGH.fasta 100%
791 nt in 21 seqs, min 14, max 56, avg 38
Masking 100%
Sorting by length 100%
Counting k-mers 100%
Clustering 100%
Sorting clusters 100%
Writing clusters 100%
Clusters: 21 Size min 1, max 1, avg 1.0
Singletons: 21, 100.0% of seqs, 100.0% of clusters
Multiple alignments 100%
vsearch v2.30.0_linux_x86_64, 94.1GB RAM, 24 cores
https://github.com/torognes/vsearch

Reading file results/clustering/cdr/r3_comp_zikv/cdr3_clusters/40593705-0545-4315-8ed3-901252ec7ca5-IGK.fasta 100%
0 nt in 0 seqs
minseqlength 6: 6 sequences discarded.
Masking 100%
Sorting by length 100%
Counting k-mers 100%
Clustering 100%
Sorting clusters 100%
Writing clusters 100%
Clusters: 0
Singletons: 0
Multiple alignments 100%
vsearch v2.30.0_linux_x86_64, 94.1GB RAM, 24 cores
https://github.com/torognes/vsearch

Reading file results/clustering/cdr/r3_comp_zikv/cdr3_clusters/f38f0fbd-2925-43dc-9a12-9cf7305c6adc-IGK.fasta 100%
0 nt in 0 seqs
minseqlength 6: 83 sequences discarded.
Masking 100%
Sorting by length 100%
Counting k-mers 100%
Clustering 100%
Sorting clusters 100%
Writing clusters 100%
Clusters: 0
Singletons: 0
Multiple alignments 100%
vsearch v2.30.0_linux_x86_64, 94.1GB RAM, 24 cores
https://github.com/torognes/vsearch

Reading file results/clustering/cdr/r3_comp_zikv/cdr3_clusters/6205ce8a-a28d-4ff8-aa75-56f61e28da38-IGH.fasta 100%
90 nt in 2 seqs, min 42, max 48, avg 45
minseqlength 6: 5 sequences discarded.
Masking 100%
Sorting by length 100%
Counting k-mers 100%
Clustering 100%
Sorting clusters 100%
Writing clusters 100%
Clusters: 2 Size min 1, max 1, avg 1.0
Singletons: 2, 100.0% of seqs, 100.0% of clusters
Multiple alignments 100%
vsearch v2.30.0_linux_x86_64, 94.1GB RAM, 24 cores
https://github.com/torognes/vsearch

Reading file results/clustering/cdr/r3_comp_zikv/cdr3_clusters/851a9ca9-4d65-4432-88f8-b336fc97c0d1-IGK.fasta 100%
102 nt in 4 seqs, min 21, max 27, avg 26
minseqlength 6: 1 sequence discarded.
Masking 100%
Sorting by length 100%
Counting k-mers 100%
Clustering 100%
Sorting clusters 100%
Writing clusters 100%
Clusters: 4 Size min 1, max 1, avg 1.0
Singletons: 4, 100.0% of seqs, 100.0% of clusters
Multiple alignments 100%
vsearch v2.30.0_linux_x86_64, 94.1GB RAM, 24 cores
https://github.com/torognes/vsearch

Reading file results/clustering/cdr/r3_comp_zikv/cdr3_clusters/9a1a5497-232b-48c7-b11c-e758017999e0-IGH.fasta 100%
1038 nt in 23 seqs, min 30, max 60, avg 45
Masking 100%
Sorting by length 100%
Counting k-mers 100%
Clustering 100%
Sorting clusters 100%
Writing clusters 100%
Clusters: 23 Size min 1, max 1, avg 1.0
Singletons: 23, 100.0% of seqs, 100.0% of clusters
Multiple alignments 100%
vsearch v2.30.0_linux_x86_64, 94.1GB RAM, 24 cores
https://github.com/torognes/vsearch

Reading file results/clustering/cdr/r3_comp_zikv/cdr3_clusters/7f17719c-2f45-4bfd-9ed2-0bf911de7121-IGH.fasta 100%
0 nt in 0 seqs
minseqlength 6: 10 sequences discarded.
Masking 100%
Sorting by length 100%
Counting k-mers 100%
Clustering 100%
Sorting clusters 100%
Writing clusters 100%
Clusters: 0
Singletons: 0
Multiple alignments 100%
vsearch v2.30.0_linux_x86_64, 94.1GB RAM, 24 cores
https://github.com/torognes/vsearch

Reading file results/clustering/cdr/r3_comp_zikv/cdr3_clusters/1642c72e-4bc8-4ea9-a214-8db6e4d86f2c-IGH.fasta 100%
228 nt in 6 seqs, min 33, max 44, avg 38
Masking 100%
Sorting by length 100%
Counting k-mers 100%
Clustering 100%
Sorting clusters 100%
Writing clusters 100%
Clusters: 6 Size min 1, max 1, avg 1.0
Singletons: 6, 100.0% of seqs, 100.0% of clusters
Multiple alignments 100%
vsearch v2.30.0_linux_x86_64, 94.1GB RAM, 24 cores
https://github.com/torognes/vsearch

Reading file results/clustering/cdr/r3_comp_zikv/cdr3_clusters/2d70d957-7bd5-4c34-be28-fede6aef2533-IGK.fasta 100%
0 nt in 0 seqs
minseqlength 6: 19 sequences discarded.
Masking 100%
Sorting by length 100%
Counting k-mers 100%
Clustering 100%
Sorting clusters 100%
Writing clusters 100%
Clusters: 0
Singletons: 0
Multiple alignments 100%
vsearch v2.30.0_linux_x86_64, 94.1GB RAM, 24 cores
https://github.com/torognes/vsearch

Reading file results/clustering/cdr/r3_comp_zikv/cdr3_clusters/66bb3871-d2b2-415e-8fac-7f7414f70f98-IGK.fasta 100%
221 nt in 8 seqs, min 27, max 30, avg 28
minseqlength 6: 1 sequence discarded.
Masking 100%
Sorting by length 100%
Counting k-mers 100%
Clustering 100%
Sorting clusters 100%
Writing clusters 100%
Clusters: 8 Size min 1, max 1, avg 1.0
Singletons: 8, 100.0% of seqs, 100.0% of clusters
Multiple alignments 100%
vsearch v2.30.0_linux_x86_64, 94.1GB RAM, 24 cores
https://github.com/torognes/vsearch

Reading file results/clustering/cdr/r3_comp_zikv/cdr3_clusters/83f242c4-6e9c-40c0-8cc1-304dc824511a-IGH.fasta 100%
0 nt in 0 seqs
minseqlength 6: 9 sequences discarded.
Masking 100%
Sorting by length 100%
Counting k-mers 100%
Clustering 100%
Sorting clusters 100%
Writing clusters 100%
Clusters: 0
Singletons: 0
Multiple alignments 100%
vsearch v2.30.0_linux_x86_64, 94.1GB RAM, 24 cores
https://github.com/torognes/vsearch

Reading file results/clustering/cdr/r3_comp_zikv/cdr3_clusters/c5e96d50-cb72-4274-91a2-19e611067971-IGH.fasta 100%
257 nt in 6 seqs, min 34, max 49, avg 43
Masking 100%
Sorting by length 100%
Counting k-mers 100%
Clustering 100%
Sorting clusters 100%
Writing clusters 100%
Clusters: 6 Size min 1, max 1, avg 1.0
Singletons: 6, 100.0% of seqs, 100.0% of clusters
Multiple alignments 100%
vsearch v2.30.0_linux_x86_64, 94.1GB RAM, 24 cores
https://github.com/torognes/vsearch

Reading file results/clustering/cdr/r3_comp_zikv/cdr3_clusters/6ccf365e-a09e-48a0-a782-4dae9bb6e4a0-IGK.fasta 100%
0 nt in 0 seqs
minseqlength 6: 1 sequence discarded.
Masking 100%
Sorting by length 100%
Counting k-mers 100%
Clustering 100%
Sorting clusters 100%
Writing clusters 100%
Clusters: 0
Singletons: 0
Multiple alignments 100%
vsearch v2.30.0_linux_x86_64, 94.1GB RAM, 24 cores
https://github.com/torognes/vsearch

Reading file results/clustering/cdr/r3_comp_zikv/cdr3_clusters/454d05ac-0716-4bb2-bc8f-0de203aefbee-IGK.fasta 100%
0 nt in 0 seqs
Masking 100%
Sorting by length 100%
Counting k-mers 100%
Clustering 100%
Sorting clusters 100%
Writing clusters 100%
Clusters: 0
Singletons: 0
Multiple alignments 100%
vsearch v2.30.0_linux_x86_64, 94.1GB RAM, 24 cores
https://github.com/torognes/vsearch

Reading file results/clustering/cdr/r3_comp_zikv/cdr3_clusters/55b625ee-ae74-4aa1-ab4b-8d2f3f6d3c09-IGK.fasta 100%
144 nt in 6 seqs, min 17, max 27, avg 24
Masking 100%
Sorting by length 100%
Counting k-mers 100%
Clustering 100%
Sorting clusters 100%
Writing clusters 100%
Clusters: 6 Size min 1, max 1, avg 1.0
Singletons: 6, 100.0% of seqs, 100.0% of clusters
Multiple alignments 100%
vsearch v2.30.0_linux_x86_64, 94.1GB RAM, 24 cores
https://github.com/torognes/vsearch

Reading file results/clustering/cdr/r3_comp_zikv/cdr3_clusters/51943ca6-5d3b-4f91-a9f0-13f671ed1ecc-IGK.fasta 100%
3874 nt in 141 seqs, min 15, max 33, avg 27
Masking 100%
Sorting by length 100%
Counting k-mers 100%
Clustering 100%
Sorting clusters 100%
Writing clusters 100%
Clusters: 116 Size min 1, max 5, avg 1.2
Singletons: 99, 70.2% of seqs, 85.3% of clusters
Multiple alignments 100%
vsearch v2.30.0_linux_x86_64, 94.1GB RAM, 24 cores
https://github.com/torognes/vsearch

Reading file results/clustering/cdr/r3_comp_zikv/cdr3_clusters/90f66cee-f929-4c0b-b8a8-b7923fe9afb6-IGH.fasta 100%
1777 nt in 43 seqs, min 29, max 63, avg 41
Masking 100%
Sorting by length 100%
Counting k-mers 100%
Clustering 100%
Sorting clusters 100%
Writing clusters 100%
Clusters: 38 Size min 1, max 3, avg 1.1
Singletons: 34, 79.1% of seqs, 89.5% of clusters
Multiple alignments 100%
vsearch v2.30.0_linux_x86_64, 94.1GB RAM, 24 cores
https://github.com/torognes/vsearch

Reading file results/clustering/cdr/r3_comp_zikv/cdr3_clusters/2f01e7a5-68b8-469e-9098-59e9d0195769-IGH.fasta 100%
0 nt in 0 seqs
minseqlength 6: 1 sequence discarded.
Masking 100%
Sorting by length 100%
Counting k-mers 100%
Clustering 100%
Sorting clusters 100%
Writing clusters 100%
Clusters: 0
Singletons: 0
Multiple alignments 100%
vsearch v2.30.0_linux_x86_64, 94.1GB RAM, 24 cores
https://github.com/torognes/vsearch

Reading file results/clustering/cdr/r3_comp_zikv/cdr3_clusters/00c8e2b1-efc9-4d32-b2ba-b1bdb4d497d2-IGH.fasta 100%
81 nt in 3 seqs, min 9, max 45, avg 27
minseqlength 6: 5 sequences discarded.
Masking 100%
Sorting by length 100%
Counting k-mers 100%
Clustering 100%
Sorting clusters 100%
Writing clusters 100%
Clusters: 3 Size min 1, max 1, avg 1.0
Singletons: 3, 100.0% of seqs, 100.0% of clusters
Multiple alignments 100%
vsearch v2.30.0_linux_x86_64, 94.1GB RAM, 24 cores
https://github.com/torognes/vsearch

Reading file results/clustering/cdr/r3_comp_zikv/cdr3_clusters/d31c3aa3-cf82-42a5-9a3e-1ebf8624a084-IGK.fasta 100%
233 nt in 8 seqs, min 25, max 35, avg 29
Masking 100%
Sorting by length 100%
Counting k-mers 100%
Clustering 100%
Sorting clusters 100%
Writing clusters 100%
Clusters: 7 Size min 1, max 2, avg 1.1
Singletons: 6, 75.0% of seqs, 85.7% of clusters
Multiple alignments 100%
vsearch v2.30.0_linux_x86_64, 94.1GB RAM, 24 cores
https://github.com/torognes/vsearch

Reading file results/clustering/cdr/r3_comp_zikv/cdr3_clusters/36111c0b-bcd2-478f-a5b6-12dc638688be-IGH.fasta 100%
0 nt in 0 seqs
minseqlength 6: 7 sequences discarded.
Masking 100%
Sorting by length 100%
Counting k-mers 100%
Clustering 100%
Sorting clusters 100%
Writing clusters 100%
Clusters: 0
Singletons: 0
Multiple alignments 100%
vsearch v2.30.0_linux_x86_64, 94.1GB RAM, 24 cores
https://github.com/torognes/vsearch

Reading file results/clustering/cdr/r3_comp_zikv/cdr3_clusters/c3b8941e-e605-4307-96f3-ebcd64907305-IGH.fasta 100%
95 nt in 2 seqs, min 42, max 53, avg 48
Masking 100%
Sorting by length 100%
Counting k-mers 100%
Clustering 100%
Sorting clusters 100%
Writing clusters 100%
Clusters: 2 Size min 1, max 1, avg 1.0
Singletons: 2, 100.0% of seqs, 100.0% of clusters
Multiple alignments 100%
vsearch v2.30.0_linux_x86_64, 94.1GB RAM, 24 cores
https://github.com/torognes/vsearch

Reading file results/clustering/cdr/r3_comp_zikv/cdr3_clusters/28dc39fc-df4b-4cf7-b8ea-a6e27a38f3a7-IGH.fasta 100%
39 nt in 1 seqs, min 39, max 39, avg 39
Masking 100%
Sorting by length 100%
Counting k-mers 100%
Clustering 100%
Sorting clusters 100%
Writing clusters 100%
Clusters: 1 Size min 1, max 1, avg 1.0
Singletons: 1, 100.0% of seqs, 100.0% of clusters
Multiple alignments 100%
vsearch v2.30.0_linux_x86_64, 94.1GB RAM, 24 cores
https://github.com/torognes/vsearch

Reading file results/clustering/cdr/r3_comp_zikv/cdr3_clusters/6e4fd591-d121-4b07-90b0-5e5692ea9a12-IGH.fasta 100%
260 nt in 7 seqs, min 24, max 51, avg 37
Masking 100%
Sorting by length 100%
Counting k-mers 100%
Clustering 100%
Sorting clusters 100%
Writing clusters 100%
Clusters: 7 Size min 1, max 1, avg 1.0
Singletons: 7, 100.0% of seqs, 100.0% of clusters
Multiple alignments 100%
vsearch v2.30.0_linux_x86_64, 94.1GB RAM, 24 cores
https://github.com/torognes/vsearch

Reading file results/clustering/cdr/r3_comp_zikv/cdr3_clusters/01af68ad-8cbd-4070-8aa2-2335435d250f-IGH.fasta 100%
19 nt in 1 seqs, min 19, max 19, avg 19
minseqlength 6: 29 sequences discarded.
Masking 100%
Sorting by length 100%
Counting k-mers 100%
Clustering 100%
Sorting clusters 100%
Writing clusters 100%
Clusters: 1 Size min 1, max 1, avg 1.0
Singletons: 1, 100.0% of seqs, 100.0% of clusters
Multiple alignments 100%
vsearch v2.30.0_linux_x86_64, 94.1GB RAM, 24 cores
https://github.com/torognes/vsearch

Reading file results/clustering/cdr/r3_comp_zikv/cdr3_clusters/c5e96d50-cb72-4274-91a2-19e611067971-IGK.fasta 100%
161 nt in 6 seqs, min 24, max 30, avg 27
Masking 100%
Sorting by length 100%
Counting k-mers 100%
Clustering 100%
Sorting clusters 100%
Writing clusters 100%
Clusters: 5 Size min 1, max 2, avg 1.2
Singletons: 4, 66.7% of seqs, 80.0% of clusters
Multiple alignments 100%
vsearch v2.30.0_linux_x86_64, 94.1GB RAM, 24 cores
https://github.com/torognes/vsearch

Reading file results/clustering/cdr/r3_comp_zikv/cdr3_clusters/9e533714-ca3e-45ab-b0e4-cbf415d71f22-IGH.fasta 100%
775 nt in 20 seqs, min 30, max 49, avg 39
Masking 100%
Sorting by length 100%
Counting k-mers 100%
Clustering 100%
Sorting clusters 100%
Writing clusters 100%
Clusters: 19 Size min 1, max 2, avg 1.1
Singletons: 18, 90.0% of seqs, 94.7% of clusters
Multiple alignments 100%
vsearch v2.30.0_linux_x86_64, 94.1GB RAM, 24 cores
https://github.com/torognes/vsearch

Reading file results/clustering/cdr/r3_comp_zikv/cdr3_clusters/aafd0111-3934-4cd8-b90f-ef18e9b458f4-IGH.fasta 100%
0 nt in 0 seqs
minseqlength 6: 1 sequence discarded.
Masking 100%
Sorting by length 100%
Counting k-mers 100%
Clustering 100%
Sorting clusters 100%
Writing clusters 100%
Clusters: 0
Singletons: 0
Multiple alignments 100%
vsearch v2.30.0_linux_x86_64, 94.1GB RAM, 24 cores
https://github.com/torognes/vsearch

Reading file results/clustering/cdr/r3_comp_zikv/cdr3_clusters/3847b4ec-7ccd-49d5-9c57-160e91303ddf-IGH.fasta 100%
56 nt in 1 seqs, min 56, max 56, avg 56
Masking 100%
Sorting by length 100%
Counting k-mers 100%
Clustering 100%
Sorting clusters 100%
Writing clusters 100%
Clusters: 1 Size min 1, max 1, avg 1.0
Singletons: 1, 100.0% of seqs, 100.0% of clusters
Multiple alignments 100%
vsearch v2.30.0_linux_x86_64, 94.1GB RAM, 24 cores
https://github.com/torognes/vsearch

Reading file results/clustering/cdr/r3_comp_zikv/cdr3_clusters/470e7474-b099-48d9-afdf-10cfcfd62135-IGH.fasta 100%
44 nt in 1 seqs, min 44, max 44, avg 44
minseqlength 6: 13 sequences discarded.
Masking 100%
Sorting by length 100%
Counting k-mers 100%
Clustering 100%
Sorting clusters 100%
Writing clusters 100%
Clusters: 1 Size min 1, max 1, avg 1.0
Singletons: 1, 100.0% of seqs, 100.0% of clusters
Multiple alignments 100%
vsearch v2.30.0_linux_x86_64, 94.1GB RAM, 24 cores
https://github.com/torognes/vsearch

Reading file results/clustering/cdr/r3_comp_zikv/cdr3_clusters/0471c66c-3f6f-4cdf-b602-9f8a218f42d4-IGK.fasta 100%
0 nt in 0 seqs
minseqlength 6: 1 sequence discarded.
Masking 100%
Sorting by length 100%
Counting k-mers 100%
Clustering 100%
Sorting clusters 100%
Writing clusters 100%
Clusters: 0
Singletons: 0
Multiple alignments 100%
vsearch v2.30.0_linux_x86_64, 94.1GB RAM, 24 cores
https://github.com/torognes/vsearch

Reading file results/clustering/cdr/r3_comp_zikv/cdr3_clusters/053b4e9c-5d1e-494b-95e6-767df280ca24-IGK.fasta 100%
24 nt in 1 seqs, min 24, max 24, avg 24
minseqlength 6: 8 sequences discarded.
Masking 100%
Sorting by length 100%
Counting k-mers 100%
Clustering 100%
Sorting clusters 100%
Writing clusters 100%
Clusters: 1 Size min 1, max 1, avg 1.0
Singletons: 1, 100.0% of seqs, 100.0% of clusters
Multiple alignments 100%
vsearch v2.30.0_linux_x86_64, 94.1GB RAM, 24 cores
https://github.com/torognes/vsearch

Reading file results/clustering/cdr/r3_comp_zikv/cdr3_clusters/400a8603-9666-4fe8-a3c4-ee82afee3bef-IGK.fasta 100%
0 nt in 0 seqs
minseqlength 6: 7 sequences discarded.
Masking 100%
Sorting by length 100%
Counting k-mers 100%
Clustering 100%
Sorting clusters 100%
Writing clusters 100%
Clusters: 0
Singletons: 0
Multiple alignments 100%
vsearch v2.30.0_linux_x86_64, 94.1GB RAM, 24 cores
https://github.com/torognes/vsearch

Reading file results/clustering/cdr/r3_comp_zikv/cdr3_clusters/398e74d8-0ae6-432d-a9a8-677f750ff099-IGH.fasta 100%
459 nt in 12 seqs, min 33, max 45, avg 38
Masking 100%
Sorting by length 100%
Counting k-mers 100%
Clustering 100%
Sorting clusters 100%
Writing clusters 100%
Clusters: 12 Size min 1, max 1, avg 1.0
Singletons: 12, 100.0% of seqs, 100.0% of clusters
Multiple alignments 100%
vsearch v2.30.0_linux_x86_64, 94.1GB RAM, 24 cores
https://github.com/torognes/vsearch

Reading file results/clustering/cdr/r3_comp_zikv/cdr3_clusters/de563267-e39a-477a-a4f1-ed4422df9210-IGK.fasta 100%
161 nt in 6 seqs, min 26, max 27, avg 27
Masking 100%
Sorting by length 100%
Counting k-mers 100%
Clustering 100%
Sorting clusters 100%
Writing clusters 100%
Clusters: 6 Size min 1, max 1, avg 1.0
Singletons: 6, 100.0% of seqs, 100.0% of clusters
Multiple alignments 100%
vsearch v2.30.0_linux_x86_64, 94.1GB RAM, 24 cores
https://github.com/torognes/vsearch

Reading file results/clustering/cdr/r3_comp_zikv/cdr3_clusters/b3dab765-b66e-4629-9bdc-bea156a9d034-IGH.fasta 100%
0 nt in 0 seqs
Masking 100%
Sorting by length 100%
Counting k-mers 100%
Clustering 100%
Sorting clusters 100%
Writing clusters 100%
Clusters: 0
Singletons: 0
Multiple alignments 100%
vsearch v2.30.0_linux_x86_64, 94.1GB RAM, 24 cores
https://github.com/torognes/vsearch

Reading file results/clustering/cdr/r3_comp_zikv/cdr3_clusters/166ed1f2-1ce3-407b-92f5-adb719a2976a-IGK.fasta 100%
0 nt in 0 seqs
minseqlength 6: 11 sequences discarded.
Masking 100%
Sorting by length 100%
Counting k-mers 100%
Clustering 100%
Sorting clusters 100%
Writing clusters 100%
Clusters: 0
Singletons: 0
Multiple alignments 100%
vsearch v2.30.0_linux_x86_64, 94.1GB RAM, 24 cores
https://github.com/torognes/vsearch

Reading file results/clustering/cdr/r3_comp_zikv/cdr3_clusters/bc311efc-c0d1-4f4d-9eb9-fe41dedf7516-IGH.fasta 100%
382 nt in 5 seqs, min 54, max 131, avg 76
Masking 100%
Sorting by length 100%
Counting k-mers 100%
Clustering 100%
Sorting clusters 100%
Writing clusters 100%
Clusters: 5 Size min 1, max 1, avg 1.0
Singletons: 5, 100.0% of seqs, 100.0% of clusters
Multiple alignments 100%
vsearch v2.30.0_linux_x86_64, 94.1GB RAM, 24 cores
https://github.com/torognes/vsearch

Reading file results/clustering/cdr/r3_comp_zikv/cdr3_clusters/f45e40b6-2f76-4a28-bd36-4cb3c642c676-IGK.fasta 100%
166 nt in 6 seqs, min 26, max 30, avg 28
Masking 100%
Sorting by length 100%
Counting k-mers 100%
Clustering 100%
Sorting clusters 100%
Writing clusters 100%
Clusters: 5 Size min 1, max 2, avg 1.2
Singletons: 4, 66.7% of seqs, 80.0% of clusters
Multiple alignments 100%
vsearch v2.30.0_linux_x86_64, 94.1GB RAM, 24 cores
https://github.com/torognes/vsearch

Reading file results/clustering/cdr/r3_comp_zikv/cdr3_clusters/009fe4ba-3b6f-4434-af95-95ef32f1234d-IGK.fasta 100%
0 nt in 0 seqs
Masking 100%
Sorting by length 100%
Counting k-mers 100%
Clustering 100%
Sorting clusters 100%
Writing clusters 100%
Clusters: 0
Singletons: 0
Multiple alignments 100%
vsearch v2.30.0_linux_x86_64, 94.1GB RAM, 24 cores
https://github.com/torognes/vsearch

Reading file results/clustering/cdr/r3_comp_zikv/cdr3_clusters/35acad6d-8e7b-45a0-8af0-bf98b4e69463-IGK.fasta 100%
4717 nt in 167 seqs, min 20, max 37, avg 28
Masking 100%
Sorting by length 100%
Counting k-mers 100%
Clustering 100%
Sorting clusters 100%
Writing clusters 100%
Clusters: 85 Size min 1, max 11, avg 2.0
Singletons: 54, 32.3% of seqs, 63.5% of clusters
Multiple alignments 100%
vsearch v2.30.0_linux_x86_64, 94.1GB RAM, 24 cores
https://github.com/torognes/vsearch

Reading file results/clustering/cdr/r3_comp_zikv/cdr3_clusters/20b19629-e500-4a26-86ce-b3c14ffce083-IGH.fasta 100%
0 nt in 0 seqs
minseqlength 6: 1 sequence discarded.
Masking 100%
Sorting by length 100%
Counting k-mers 100%
Clustering 100%
Sorting clusters 100%
Writing clusters 100%
Clusters: 0
Singletons: 0
Multiple alignments 100%
vsearch v2.30.0_linux_x86_64, 94.1GB RAM, 24 cores
https://github.com/torognes/vsearch

Reading file results/clustering/cdr/r3_comp_zikv/cdr3_clusters/de48848e-ef2c-47bf-be0e-bd5f92e55a3c-IGH.fasta 100%
0 nt in 0 seqs
minseqlength 6: 3 sequences discarded.
Masking 100%
Sorting by length 100%
Counting k-mers 100%
Clustering 100%
Sorting clusters 100%
Writing clusters 100%
Clusters: 0
Singletons: 0
Multiple alignments 100%
vsearch v2.30.0_linux_x86_64, 94.1GB RAM, 24 cores
https://github.com/torognes/vsearch

Reading file results/clustering/cdr/r3_comp_zikv/cdr3_clusters/189faf33-2bf3-4552-ab9b-12751caf5649-IGK.fasta 100%
0 nt in 0 seqs
Masking 100%
Sorting by length 100%
Counting k-mers 100%
Clustering 100%
Sorting clusters 100%
Writing clusters 100%
Clusters: 0
Singletons: 0
Multiple alignments 100%
vsearch v2.30.0_linux_x86_64, 94.1GB RAM, 24 cores
https://github.com/torognes/vsearch

Reading file results/clustering/cdr/r3_comp_zikv/cdr3_clusters/86818feb-0766-4414-a312-bb09bfd39151-IGH.fasta 100%
363 nt in 8 seqs, min 33, max 60, avg 45
Masking 100%
Sorting by length 100%
Counting k-mers 100%
Clustering 100%
Sorting clusters 100%
Writing clusters 100%
Clusters: 8 Size min 1, max 1, avg 1.0
Singletons: 8, 100.0% of seqs, 100.0% of clusters
Multiple alignments 100%
vsearch v2.30.0_linux_x86_64, 94.1GB RAM, 24 cores
https://github.com/torognes/vsearch

Reading file results/clustering/cdr/r3_comp_zikv/cdr3_clusters/3c0ecbb1-71a1-4020-9894-a073475774db-IGK.fasta 100%
385 nt in 14 seqs, min 24, max 30, avg 28
Masking 100%
Sorting by length 100%
Counting k-mers 100%
Clustering 100%
Sorting clusters 100%
Writing clusters 100%
Clusters: 13 Size min 1, max 2, avg 1.1
Singletons: 12, 85.7% of seqs, 92.3% of clusters
Multiple alignments 100%
vsearch v2.30.0_linux_x86_64, 94.1GB RAM, 24 cores
https://github.com/torognes/vsearch

Reading file results/clustering/cdr/r3_comp_zikv/cdr3_clusters/4fc9c687-6de7-430d-82a0-e6beb79c78be-IGK.fasta 100%
164 nt in 6 seqs, min 26, max 30, avg 27
Masking 100%
Sorting by length 100%
Counting k-mers 100%
Clustering 100%
Sorting clusters 100%
Writing clusters 100%
Clusters: 6 Size min 1, max 1, avg 1.0
Singletons: 6, 100.0% of seqs, 100.0% of clusters
Multiple alignments 100%
vsearch v2.30.0_linux_x86_64, 94.1GB RAM, 24 cores
https://github.com/torognes/vsearch

Reading file results/clustering/cdr/r3_comp_zikv/cdr3_clusters/1b819cec-52ed-4882-bd67-54fa481ceb4f-IGH.fasta 100%
0 nt in 0 seqs
minseqlength 6: 5 sequences discarded.
Masking 100%
Sorting by length 100%
Counting k-mers 100%
Clustering 100%
Sorting clusters 100%
Writing clusters 100%
Clusters: 0
Singletons: 0
Multiple alignments 100%
vsearch v2.30.0_linux_x86_64, 94.1GB RAM, 24 cores
https://github.com/torognes/vsearch

Reading file results/clustering/cdr/r3_comp_zikv/cdr3_clusters/e33890e8-8954-4f10-958b-c3b1769d56e9-IGH.fasta 100%
727 nt in 15 seqs, min 26, max 121, avg 48
minseqlength 6: 6 sequences discarded.
Masking 100%
Sorting by length 100%
Counting k-mers 100%
Clustering 100%
Sorting clusters 100%
Writing clusters 100%
Clusters: 14 Size min 1, max 2, avg 1.1
Singletons: 13, 86.7% of seqs, 92.9% of clusters
Multiple alignments 100%
vsearch v2.30.0_linux_x86_64, 94.1GB RAM, 24 cores
https://github.com/torognes/vsearch

Reading file results/clustering/cdr/r3_comp_zikv/cdr3_clusters/0874e9d6-a28d-4727-a390-6248f82facfb-IGK.fasta 100%
0 nt in 0 seqs
minseqlength 6: 5 sequences discarded.
Masking 100%
Sorting by length 100%
Counting k-mers 100%
Clustering 100%
Sorting clusters 100%
Writing clusters 100%
Clusters: 0
Singletons: 0
Multiple alignments 100%
vsearch v2.30.0_linux_x86_64, 94.1GB RAM, 24 cores
https://github.com/torognes/vsearch

Reading file results/clustering/cdr/r3_comp_zikv/cdr3_clusters/828d5d0c-bb42-45b3-b304-f2610035f93d-IGK.fasta 100%
0 nt in 0 seqs
Masking 100%
Sorting by length 100%
Counting k-mers 100%
Clustering 100%
Sorting clusters 100%
Writing clusters 100%
Clusters: 0
Singletons: 0
Multiple alignments 100%
vsearch v2.30.0_linux_x86_64, 94.1GB RAM, 24 cores
https://github.com/torognes/vsearch

Reading file results/clustering/cdr/r3_comp_zikv/cdr3_clusters/478ec562-8464-44ca-bd4e-1f75ef9a6f90-IGH.fasta 100%
0 nt in 0 seqs
minseqlength 6: 2 sequences discarded.
Masking 100%
Sorting by length 100%
Counting k-mers 100%
Clustering 100%
Sorting clusters 100%
Writing clusters 100%
Clusters: 0
Singletons: 0
Multiple alignments 100%
vsearch v2.30.0_linux_x86_64, 94.1GB RAM, 24 cores
https://github.com/torognes/vsearch

Reading file results/clustering/cdr/r3_comp_zikv/cdr3_clusters/40e3e82b-1fb7-4a9b-953a-4f3467307d44-IGH.fasta 100%
631 nt in 13 seqs, min 36, max 63, avg 49
Masking 100%
Sorting by length 100%
Counting k-mers 100%
Clustering 100%
Sorting clusters 100%
Writing clusters 100%
Clusters: 13 Size min 1, max 1, avg 1.0
Singletons: 13, 100.0% of seqs, 100.0% of clusters
Multiple alignments 100%
vsearch v2.30.0_linux_x86_64, 94.1GB RAM, 24 cores
https://github.com/torognes/vsearch

Reading file results/clustering/cdr/r3_comp_zikv/cdr3_clusters/3ddfd0c5-5230-460f-8de2-76817583a3ab-IGH.fasta 100%
0 nt in 0 seqs
minseqlength 6: 7 sequences discarded.
Masking 100%
Sorting by length 100%
Counting k-mers 100%
Clustering 100%
Sorting clusters 100%
Writing clusters 100%
Clusters: 0
Singletons: 0
Multiple alignments 100%
vsearch v2.30.0_linux_x86_64, 94.1GB RAM, 24 cores
https://github.com/torognes/vsearch

Reading file results/clustering/cdr/r3_comp_zikv/cdr3_clusters/02bed547-8bff-46f2-8171-8cab9e30c7ef-IGK.fasta 100%
0 nt in 0 seqs
minseqlength 6: 6 sequences discarded.
Masking 100%
Sorting by length 100%
Counting k-mers 100%
Clustering 100%
Sorting clusters 100%
Writing clusters 100%
Clusters: 0
Singletons: 0
Multiple alignments 100%
vsearch v2.30.0_linux_x86_64, 94.1GB RAM, 24 cores
https://github.com/torognes/vsearch

Reading file results/clustering/cdr/r3_comp_zikv/cdr3_clusters/7ae7f3fe-da4b-4f18-a521-258bd31fe7a3-IGH.fasta 100%
189 nt in 6 seqs, min 24, max 39, avg 32
Masking 100%
Sorting by length 100%
Counting k-mers 100%
Clustering 100%
Sorting clusters 100%
Writing clusters 100%
Clusters: 6 Size min 1, max 1, avg 1.0
Singletons: 6, 100.0% of seqs, 100.0% of clusters
Multiple alignments 100%
vsearch v2.30.0_linux_x86_64, 94.1GB RAM, 24 cores
https://github.com/torognes/vsearch

Reading file results/clustering/cdr/r3_comp_zikv/cdr3_clusters/14d4d539-72cc-4e18-9811-e4baac6cd269-IGK.fasta 100%
0 nt in 0 seqs
minseqlength 6: 12 sequences discarded.
Masking 100%
Sorting by length 100%
Counting k-mers 100%
Clustering 100%
Sorting clusters 100%
Writing clusters 100%
Clusters: 0
Singletons: 0
Multiple alignments 100%
vsearch v2.30.0_linux_x86_64, 94.1GB RAM, 24 cores
https://github.com/torognes/vsearch

Reading file results/clustering/cdr/r3_comp_zikv/cdr3_clusters/a053fb2c-4fe7-4405-8138-21067534b589-IGK.fasta 100%
864 nt in 32 seqs, min 24, max 31, avg 27
Masking 100%
Sorting by length 100%
Counting k-mers 100%
Clustering 100%
Sorting clusters 100%
Writing clusters 100%
Clusters: 31 Size min 1, max 2, avg 1.0
Singletons: 30, 93.8% of seqs, 96.8% of clusters
Multiple alignments 100%
vsearch v2.30.0_linux_x86_64, 94.1GB RAM, 24 cores
https://github.com/torognes/vsearch

Reading file results/clustering/cdr/r3_comp_zikv/cdr3_clusters/4db70900-e447-4661-bbf6-06f20af66985-IGK.fasta 100%
0 nt in 0 seqs
minseqlength 6: 1 sequence discarded.
Masking 100%
Sorting by length 100%
Counting k-mers 100%
Clustering 100%
Sorting clusters 100%
Writing clusters 100%
Clusters: 0
Singletons: 0
Multiple alignments 100%
vsearch v2.30.0_linux_x86_64, 94.1GB RAM, 24 cores
https://github.com/torognes/vsearch

Reading file results/clustering/cdr/r3_comp_zikv/cdr3_clusters/a15d184d-147f-4df9-a872-24bf15644067-IGK.fasta 100%
0 nt in 0 seqs
minseqlength 6: 1 sequence discarded.
Masking 100%
Sorting by length 100%
Counting k-mers 100%
Clustering 100%
Sorting clusters 100%
Writing clusters 100%
Clusters: 0
Singletons: 0
Multiple alignments 100%
vsearch v2.30.0_linux_x86_64, 94.1GB RAM, 24 cores
https://github.com/torognes/vsearch

Reading file results/clustering/cdr/r3_comp_zikv/cdr3_clusters/77d53a10-86c7-441d-a5e6-cc8c99832025-IGH.fasta 100%
1889 nt in 57 seqs, min 18, max 49, avg 33
Masking 100%
Sorting by length 100%
Counting k-mers 100%
Clustering 100%
Sorting clusters 100%
Writing clusters 100%
Clusters: 55 Size min 1, max 2, avg 1.0
Singletons: 53, 93.0% of seqs, 96.4% of clusters
Multiple alignments 100%
vsearch v2.30.0_linux_x86_64, 94.1GB RAM, 24 cores
https://github.com/torognes/vsearch

Reading file results/clustering/cdr/r3_comp_zikv/cdr3_clusters/5cf636ff-3356-4b6f-baee-0e4cd2619634-IGK.fasta 100%
598 nt in 23 seqs, min 19, max 27, avg 26
Masking 100%
Sorting by length 100%
Counting k-mers 100%
Clustering 100%
Sorting clusters 100%
Writing clusters 100%
Clusters: 16 Size min 1, max 5, avg 1.4
Singletons: 13, 56.5% of seqs, 81.2% of clusters
Multiple alignments 100%
vsearch v2.30.0_linux_x86_64, 94.1GB RAM, 24 cores
https://github.com/torognes/vsearch

Reading file results/clustering/cdr/r3_comp_zikv/cdr3_clusters/648bbeb6-f48b-4666-833b-cea9dcd4a764-IGK.fasta 100%
337 nt in 12 seqs, min 24, max 31, avg 28
Masking 100%
Sorting by length 100%
Counting k-mers 100%
Clustering 100%
Sorting clusters 100%
Writing clusters 100%
Clusters: 11 Size min 1, max 2, avg 1.1
Singletons: 10, 83.3% of seqs, 90.9% of clusters
Multiple alignments 100%
vsearch v2.30.0_linux_x86_64, 94.1GB RAM, 24 cores
https://github.com/torognes/vsearch

Reading file results/clustering/cdr/r3_comp_zikv/cdr3_clusters/ce4f23ec-a0aa-4ba9-9e3b-582f7decc552-IGK.fasta 100%
4097 nt in 152 seqs, min 20, max 34, avg 27
Masking 100%
Sorting by length 100%
Counting k-mers 100%
Clustering 100%
Sorting clusters 100%
Writing clusters 100%
Clusters: 139 Size min 1, max 4, avg 1.1
Singletons: 129, 84.9% of seqs, 92.8% of clusters
Multiple alignments 100%
vsearch v2.30.0_linux_x86_64, 94.1GB RAM, 24 cores
https://github.com/torognes/vsearch

Reading file results/clustering/cdr/r3_comp_zikv/cdr3_clusters/edf5136f-7a81-4e25-bfa7-57e5d636cb12-IGH.fasta 100%
772 nt in 17 seqs, min 33, max 64, avg 45
Masking 100%
Sorting by length 100%
Counting k-mers 100%
Clustering 100%
Sorting clusters 100%
Writing clusters 100%
Clusters: 17 Size min 1, max 1, avg 1.0
Singletons: 17, 100.0% of seqs, 100.0% of clusters
Multiple alignments 100%
vsearch v2.30.0_linux_x86_64, 94.1GB RAM, 24 cores
https://github.com/torognes/vsearch

Reading file results/clustering/cdr/r3_comp_zikv/cdr3_clusters/04f7c19e-e3c3-4f58-b5c4-c911043387e3-IGH.fasta 100%
459 nt in 10 seqs, min 36, max 63, avg 46
Masking 100%
Sorting by length 100%
Counting k-mers 100%
Clustering 100%
Sorting clusters 100%
Writing clusters 100%
Clusters: 10 Size min 1, max 1, avg 1.0
Singletons: 10, 100.0% of seqs, 100.0% of clusters
Multiple alignments 100%
vsearch v2.30.0_linux_x86_64, 94.1GB RAM, 24 cores
https://github.com/torognes/vsearch

Reading file results/clustering/cdr/r3_comp_zikv/cdr3_clusters/0a4faf96-5930-4656-abb1-6611e5dbd981-IGK.fasta 100%
210 nt in 8 seqs, min 22, max 29, avg 26
Masking 100%
Sorting by length 100%
Counting k-mers 100%
Clustering 100%
Sorting clusters 100%
Writing clusters 100%
Clusters: 8 Size min 1, max 1, avg 1.0
Singletons: 8, 100.0% of seqs, 100.0% of clusters
Multiple alignments 100%
vsearch v2.30.0_linux_x86_64, 94.1GB RAM, 24 cores
https://github.com/torognes/vsearch

Reading file results/clustering/cdr/r3_comp_zikv/cdr3_clusters/42ee7f4c-49bb-4a51-84d6-f62f0ba28316-IGK.fasta 100%
0 nt in 0 seqs
minseqlength 6: 1 sequence discarded.
Masking 100%
Sorting by length 100%
Counting k-mers 100%
Clustering 100%
Sorting clusters 100%
Writing clusters 100%
Clusters: 0
Singletons: 0
Multiple alignments 100%
vsearch v2.30.0_linux_x86_64, 94.1GB RAM, 24 cores
https://github.com/torognes/vsearch

Reading file results/clustering/cdr/r3_comp_zikv/cdr3_clusters/f3871a99-b935-452c-8e4c-90a7ecca5909-IGK.fasta 100%
0 nt in 0 seqs
Masking 100%
Sorting by length 100%
Counting k-mers 100%
Clustering 100%
Sorting clusters 100%
Writing clusters 100%
Clusters: 0
Singletons: 0
Multiple alignments 100%
vsearch v2.30.0_linux_x86_64, 94.1GB RAM, 24 cores
https://github.com/torognes/vsearch

Reading file results/clustering/cdr/r3_comp_zikv/cdr3_clusters/12dfa23b-2e72-49a1-bccd-9bdc31c12441-IGH.fasta 100%
1646 nt in 35 seqs, min 24, max 66, avg 47
Masking 100%
Sorting by length 100%
Counting k-mers 100%
Clustering 100%
Sorting clusters 100%
Writing clusters 100%
Clusters: 33 Size min 1, max 2, avg 1.1
Singletons: 31, 88.6% of seqs, 93.9% of clusters
Multiple alignments 100%
vsearch v2.30.0_linux_x86_64, 94.1GB RAM, 24 cores
https://github.com/torognes/vsearch

Reading file results/clustering/cdr/r3_comp_zikv/cdr3_clusters/34c2483b-d6e0-4b5e-ac4c-496d38c4046d-IGH.fasta 100%
0 nt in 0 seqs
Masking 100%
Sorting by length 100%
Counting k-mers 100%
Clustering 100%
Sorting clusters 100%
Writing clusters 100%
Clusters: 0
Singletons: 0
Multiple alignments 100%
vsearch v2.30.0_linux_x86_64, 94.1GB RAM, 24 cores
https://github.com/torognes/vsearch

Reading file results/clustering/cdr/r3_comp_zikv/cdr3_clusters/dd9627ad-b978-4760-9895-37b165c9f11d-IGK.fasta 100%
11315 nt in 401 seqs, min 15, max 36, avg 28
Masking 100%
Sorting by length 100%
Counting k-mers 100%
Clustering 100%
Sorting clusters 100%
Writing clusters 100%
Clusters: 129 Size min 1, max 34, avg 3.1
Singletons: 75, 18.7% of seqs, 58.1% of clusters
Multiple alignments 100%
vsearch v2.30.0_linux_x86_64, 94.1GB RAM, 24 cores
https://github.com/torognes/vsearch

Reading file results/clustering/cdr/r3_comp_zikv/cdr3_clusters/87ecf016-7c4d-4701-8ede-d6c5facc3438-IGK.fasta 100%
0 nt in 0 seqs
minseqlength 6: 7 sequences discarded.
Masking 100%
Sorting by length 100%
Counting k-mers 100%
Clustering 100%
Sorting clusters 100%
Writing clusters 100%
Clusters: 0
Singletons: 0
Multiple alignments 100%
vsearch v2.30.0_linux_x86_64, 94.1GB RAM, 24 cores
https://github.com/torognes/vsearch

Reading file results/clustering/cdr/r3_comp_zikv/cdr3_clusters/b24692c1-5b28-477e-a8a0-d4a1ffdc2e3e-IGH.fasta 100%
0 nt in 0 seqs
minseqlength 6: 29 sequences discarded.
Masking 100%
Sorting by length 100%
Counting k-mers 100%
Clustering 100%
Sorting clusters 100%
Writing clusters 100%
Clusters: 0
Singletons: 0
Multiple alignments 100%
vsearch v2.30.0_linux_x86_64, 94.1GB RAM, 24 cores
https://github.com/torognes/vsearch

Reading file results/clustering/cdr/r3_comp_zikv/cdr3_clusters/2ed9e5dd-4122-48a1-b00d-c636d9b26764-IGK.fasta 100%
0 nt in 0 seqs
minseqlength 6: 5 sequences discarded.
Masking 100%
Sorting by length 100%
Counting k-mers 100%
Clustering 100%
Sorting clusters 100%
Writing clusters 100%
Clusters: 0
Singletons: 0
Multiple alignments 100%
vsearch v2.30.0_linux_x86_64, 94.1GB RAM, 24 cores
https://github.com/torognes/vsearch

Reading file results/clustering/cdr/r3_comp_zikv/cdr3_clusters/10b2c64c-42f6-4a36-b9ac-964588120096-IGK.fasta 100%
0 nt in 0 seqs
minseqlength 6: 3 sequences discarded.
Masking 100%
Sorting by length 100%
Counting k-mers 100%
Clustering 100%
Sorting clusters 100%
Writing clusters 100%
Clusters: 0
Singletons: 0
Multiple alignments 100%
vsearch v2.30.0_linux_x86_64, 94.1GB RAM, 24 cores
https://github.com/torognes/vsearch

Reading file results/clustering/cdr/r3_comp_zikv/cdr3_clusters/09cb81c7-87c9-432c-8850-e66274901939-IGK.fasta 100%
0 nt in 0 seqs
Masking 100%
Sorting by length 100%
Counting k-mers 100%
Clustering 100%
Sorting clusters 100%
Writing clusters 100%
Clusters: 0
Singletons: 0
Multiple alignments 100%
vsearch v2.30.0_linux_x86_64, 94.1GB RAM, 24 cores
https://github.com/torognes/vsearch

Reading file results/clustering/cdr/r3_comp_zikv/cdr3_clusters/16a1ac4b-2144-4e18-836d-783d3ba1edcd-IGH.fasta 100%
0 nt in 0 seqs
minseqlength 6: 4 sequences discarded.
Masking 100%
Sorting by length 100%
Counting k-mers 100%
Clustering 100%
Sorting clusters 100%
Writing clusters 100%
Clusters: 0
Singletons: 0
Multiple alignments 100%
vsearch v2.30.0_linux_x86_64, 94.1GB RAM, 24 cores
https://github.com/torognes/vsearch

Reading file results/clustering/cdr/r3_comp_zikv/cdr3_clusters/41fc65eb-66b6-432a-ac38-58d686551ce9-IGH.fasta 100%
237 nt in 5 seqs, min 39, max 54, avg 47
Masking 100%
Sorting by length 100%
Counting k-mers 100%
Clustering 100%
Sorting clusters 100%
Writing clusters 100%
Clusters: 5 Size min 1, max 1, avg 1.0
Singletons: 5, 100.0% of seqs, 100.0% of clusters
Multiple alignments 100%
vsearch v2.30.0_linux_x86_64, 94.1GB RAM, 24 cores
https://github.com/torognes/vsearch

Reading file results/clustering/cdr/r3_comp_zikv/cdr3_clusters/bf1aee43-8f1d-47f3-b2b6-4dcfb476c844-IGK.fasta 100%
34 nt in 1 seqs, min 34, max 34, avg 34
minseqlength 6: 81 sequences discarded.
Masking 100%
Sorting by length 100%
Counting k-mers 100%
Clustering 100%
Sorting clusters 100%
Writing clusters 100%
Clusters: 1 Size min 1, max 1, avg 1.0
Singletons: 1, 100.0% of seqs, 100.0% of clusters
Multiple alignments 100%
vsearch v2.30.0_linux_x86_64, 94.1GB RAM, 24 cores
https://github.com/torognes/vsearch

Reading file results/clustering/cdr/r3_comp_zikv/cdr3_clusters/d64fab36-39d9-41e5-9a1b-6c1f42be9836-IGH.fasta 100%
1349 nt in 7 seqs, min 178, max 211, avg 193
Masking 100%
Sorting by length 100%
Counting k-mers 100%
Clustering 100%
Sorting clusters 100%
Writing clusters 100%
Clusters: 3 Size min 1, max 3, avg 2.3
Singletons: 1, 14.3% of seqs, 33.3% of clusters
Multiple alignments 100%
vsearch v2.30.0_linux_x86_64, 94.1GB RAM, 24 cores
https://github.com/torognes/vsearch

Reading file results/clustering/cdr/r3_comp_zikv/cdr3_clusters/1f40cac2-c2a8-4dab-8965-8c481e0b5823-IGH.fasta 100%
47 nt in 1 seqs, min 47, max 47, avg 47
minseqlength 6: 1 sequence discarded.
Masking 100%
Sorting by length 100%
Counting k-mers 100%
Clustering 100%
Sorting clusters 100%
Writing clusters 100%
Clusters: 1 Size min 1, max 1, avg 1.0
Singletons: 1, 100.0% of seqs, 100.0% of clusters
Multiple alignments 100%
vsearch v2.30.0_linux_x86_64, 94.1GB RAM, 24 cores
https://github.com/torognes/vsearch

Reading file results/clustering/cdr/r3_comp_zikv/cdr3_clusters/05f146e7-134a-43a6-b64f-2bc02d311bc2-IGH.fasta 100%
60 nt in 1 seqs, min 60, max 60, avg 60
Masking 100%
Sorting by length 100%
Counting k-mers 100%
Clustering 100%
Sorting clusters 100%
Writing clusters 100%
Clusters: 1 Size min 1, max 1, avg 1.0
Singletons: 1, 100.0% of seqs, 100.0% of clusters
Multiple alignments 100%
vsearch v2.30.0_linux_x86_64, 94.1GB RAM, 24 cores
https://github.com/torognes/vsearch

Reading file results/clustering/cdr/r3_comp_zikv/cdr3_clusters/1f21b385-ce93-4277-a74a-0ca7e26b950b-IGK.fasta 100%
0 nt in 0 seqs
Masking 100%
Sorting by length 100%
Counting k-mers 100%
Clustering 100%
Sorting clusters 100%
Writing clusters 100%
Clusters: 0
Singletons: 0
Multiple alignments 100%
vsearch v2.30.0_linux_x86_64, 94.1GB RAM, 24 cores
https://github.com/torognes/vsearch

Reading file results/clustering/cdr/r3_comp_zikv/cdr3_clusters/4d78ce4f-c93a-433a-ae67-78a47f53d3c9-IGH.fasta 100%
299 nt in 5 seqs, min 54, max 74, avg 60
minseqlength 6: 8 sequences discarded.
Masking 100%
Sorting by length 100%
Counting k-mers 100%
Clustering 100%
Sorting clusters 100%
Writing clusters 100%
Clusters: 2 Size min 1, max 4, avg 2.5
Singletons: 1, 20.0% of seqs, 50.0% of clusters
Multiple alignments 100%
vsearch v2.30.0_linux_x86_64, 94.1GB RAM, 24 cores
https://github.com/torognes/vsearch

Reading file results/clustering/cdr/r3_comp_zikv/cdr3_clusters/ec2068af-a574-453f-a18f-6546bb041b5c-IGH.fasta 100%
285 nt in 7 seqs, min 36, max 48, avg 41
minseqlength 6: 1 sequence discarded.
Masking 100%
Sorting by length 100%
Counting k-mers 100%
Clustering 100%
Sorting clusters 100%
Writing clusters 100%
Clusters: 6 Size min 1, max 2, avg 1.2
Singletons: 5, 71.4% of seqs, 83.3% of clusters
Multiple alignments 100%
vsearch v2.30.0_linux_x86_64, 94.1GB RAM, 24 cores
https://github.com/torognes/vsearch

Reading file results/clustering/cdr/r3_comp_zikv/cdr3_clusters/757b327b-afd2-459a-8b96-7f115cfa7846-IGH.fasta 100%
1877 nt in 43 seqs, min 27, max 69, avg 44
Masking 100%
Sorting by length 100%
Counting k-mers 100%
Clustering 100%
Sorting clusters 100%
Writing clusters 100%
Clusters: 43 Size min 1, max 1, avg 1.0
Singletons: 43, 100.0% of seqs, 100.0% of clusters
Multiple alignments 100%
vsearch v2.30.0_linux_x86_64, 94.1GB RAM, 24 cores
https://github.com/torognes/vsearch

Reading file results/clustering/cdr/r3_comp_zikv/cdr3_clusters/07d2fdd8-9f04-4848-a2b7-a7fb37775cab-IGK.fasta 100%
212 nt in 8 seqs, min 26, max 27, avg 26
Masking 100%
Sorting by length 100%
Counting k-mers 100%
Clustering 100%
Sorting clusters 100%
Writing clusters 100%
Clusters: 8 Size min 1, max 1, avg 1.0
Singletons: 8, 100.0% of seqs, 100.0% of clusters
Multiple alignments 100%
vsearch v2.30.0_linux_x86_64, 94.1GB RAM, 24 cores
https://github.com/torognes/vsearch

Reading file results/clustering/cdr/r3_comp_zikv/cdr3_clusters/5fc6a088-d3b6-45a3-8edf-effee5e855cc-IGK.fasta 100%
830 nt in 34 seqs, min 12, max 31, avg 24
Masking 100%
Sorting by length 100%
Counting k-mers 100%
Clustering 100%
Sorting clusters 100%
Writing clusters 100%
Clusters: 16 Size min 1, max 9, avg 2.1
Singletons: 12, 35.3% of seqs, 75.0% of clusters
Multiple alignments 100%
vsearch v2.30.0_linux_x86_64, 94.1GB RAM, 24 cores
https://github.com/torognes/vsearch

Reading file results/clustering/cdr/r3_comp_zikv/cdr3_clusters/ed4147ab-1b55-41a9-b448-f52a712af395-IGK.fasta 100%
0 nt in 0 seqs
Masking 100%
Sorting by length 100%
Counting k-mers 100%
Clustering 100%
Sorting clusters 100%
Writing clusters 100%
Clusters: 0
Singletons: 0
Multiple alignments 100%
vsearch v2.30.0_linux_x86_64, 94.1GB RAM, 24 cores
https://github.com/torognes/vsearch

Reading file results/clustering/cdr/r3_comp_zikv/cdr3_clusters/e0df372a-ab77-4d60-9007-d9796224e070-IGH.fasta 100%
594 nt in 12 seqs, min 39, max 104, avg 50
Masking 100%
Sorting by length 100%
Counting k-mers 100%
Clustering 100%
Sorting clusters 100%
Writing clusters 100%
Clusters: 9 Size min 1, max 3, avg 1.3
Singletons: 7, 58.3% of seqs, 77.8% of clusters
Multiple alignments 100%
vsearch v2.30.0_linux_x86_64, 94.1GB RAM, 24 cores
https://github.com/torognes/vsearch

Reading file results/clustering/cdr/r3_comp_zikv/cdr3_clusters/f391df63-2942-4047-8346-7c23831d5155-IGK.fasta 100%
168 nt in 6 seqs, min 26, max 33, avg 28
Masking 100%
Sorting by length 100%
Counting k-mers 100%
Clustering 100%
Sorting clusters 100%
Writing clusters 100%
Clusters: 6 Size min 1, max 1, avg 1.0
Singletons: 6, 100.0% of seqs, 100.0% of clusters
Multiple alignments 100%
vsearch v2.30.0_linux_x86_64, 94.1GB RAM, 24 cores
https://github.com/torognes/vsearch

Reading file results/clustering/cdr/r3_comp_zikv/cdr3_clusters/c675381e-09bb-43dc-aa7d-8ac70a2e2403-IGK.fasta 100%
0 nt in 0 seqs
minseqlength 6: 6 sequences discarded.
Masking 100%
Sorting by length 100%
Counting k-mers 100%
Clustering 100%
Sorting clusters 100%
Writing clusters 100%
Clusters: 0
Singletons: 0
Multiple alignments 100%
vsearch v2.30.0_linux_x86_64, 94.1GB RAM, 24 cores
https://github.com/torognes/vsearch

Reading file results/clustering/cdr/r3_comp_zikv/cdr3_clusters/28b84e0b-5230-4e65-a9f7-ba952898de1f-IGH.fasta 100%
0 nt in 0 seqs
minseqlength 6: 7 sequences discarded.
Masking 100%
Sorting by length 100%
Counting k-mers 100%
Clustering 100%
Sorting clusters 100%
Writing clusters 100%
Clusters: 0
Singletons: 0
Multiple alignments 100%
vsearch v2.30.0_linux_x86_64, 94.1GB RAM, 24 cores
https://github.com/torognes/vsearch

Reading file results/clustering/cdr/r3_comp_zikv/cdr3_clusters/3aaf86da-e3ad-4797-a6da-6e87c0831b25-IGK.fasta 100%
0 nt in 0 seqs
minseqlength 6: 10 sequences discarded.
Masking 100%
Sorting by length 100%
Counting k-mers 100%
Clustering 100%
Sorting clusters 100%
Writing clusters 100%
Clusters: 0
Singletons: 0
Multiple alignments 100%
vsearch v2.30.0_linux_x86_64, 94.1GB RAM, 24 cores
https://github.com/torognes/vsearch

Reading file results/clustering/cdr/r3_comp_zikv/cdr3_clusters/bd7b910b-cc7b-4232-8e69-f45846fcf753-IGH.fasta 100%
1267 nt in 30 seqs, min 30, max 58, avg 42
Masking 100%
Sorting by length 100%
Counting k-mers 100%
Clustering 100%
Sorting clusters 100%
Writing clusters 100%
Clusters: 30 Size min 1, max 1, avg 1.0
Singletons: 30, 100.0% of seqs, 100.0% of clusters
Multiple alignments 100%
vsearch v2.30.0_linux_x86_64, 94.1GB RAM, 24 cores
https://github.com/torognes/vsearch

Reading file results/clustering/cdr/r3_comp_zikv/cdr3_clusters/d4940bf1-04d9-4245-9d84-eb922f838c14-IGK.fasta 100%
0 nt in 0 seqs
minseqlength 6: 6 sequences discarded.
Masking 100%
Sorting by length 100%
Counting k-mers 100%
Clustering 100%
Sorting clusters 100%
Writing clusters 100%
Clusters: 0
Singletons: 0
Multiple alignments 100%
vsearch v2.30.0_linux_x86_64, 94.1GB RAM, 24 cores
https://github.com/torognes/vsearch

Reading file results/clustering/cdr/r3_comp_zikv/cdr3_clusters/77165e21-3130-4562-99b3-d6b607850fdb-IGH.fasta 100%
313 nt in 8 seqs, min 33, max 50, avg 39
Masking 100%
Sorting by length 100%
Counting k-mers 100%
Clustering 100%
Sorting clusters 100%
Writing clusters 100%
Clusters: 8 Size min 1, max 1, avg 1.0
Singletons: 8, 100.0% of seqs, 100.0% of clusters
Multiple alignments 100%
vsearch v2.30.0_linux_x86_64, 94.1GB RAM, 24 cores
https://github.com/torognes/vsearch

Reading file results/clustering/cdr/r3_comp_zikv/cdr3_clusters/731151ad-8727-4fca-b27f-635f66eaabe4-IGH.fasta 100%
498 nt in 13 seqs, min 28, max 45, avg 38
Masking 100%
Sorting by length 100%
Counting k-mers 100%
Clustering 100%
Sorting clusters 100%
Writing clusters 100%
Clusters: 13 Size min 1, max 1, avg 1.0
Singletons: 13, 100.0% of seqs, 100.0% of clusters
Multiple alignments 100%
vsearch v2.30.0_linux_x86_64, 94.1GB RAM, 24 cores
https://github.com/torognes/vsearch

Reading file results/clustering/cdr/r3_comp_zikv/cdr3_clusters/3cb96d03-32fd-443d-bdb8-f10f60813dab-IGK.fasta 100%
0 nt in 0 seqs
Masking 100%
Sorting by length 100%
Counting k-mers 100%
Clustering 100%
Sorting clusters 100%
Writing clusters 100%
Clusters: 0
Singletons: 0
Multiple alignments 100%
vsearch v2.30.0_linux_x86_64, 94.1GB RAM, 24 cores
https://github.com/torognes/vsearch

Reading file results/clustering/cdr/r3_comp_zikv/cdr3_clusters/0cd40d43-491c-43fa-8ead-7b44efdf8fa4-IGH.fasta 100%
0 nt in 0 seqs
minseqlength 6: 4 sequences discarded.
Masking 100%
Sorting by length 100%
Counting k-mers 100%
Clustering 100%
Sorting clusters 100%
Writing clusters 100%
Clusters: 0
Singletons: 0
Multiple alignments 100%
vsearch v2.30.0_linux_x86_64, 94.1GB RAM, 24 cores
https://github.com/torognes/vsearch

Reading file results/clustering/cdr/r3_comp_zikv/cdr3_clusters/07a5e803-80ff-4086-9c59-a4f8a65053a6-IGK.fasta 100%
0 nt in 0 seqs
minseqlength 6: 1 sequence discarded.
Masking 100%
Sorting by length 100%
Counting k-mers 100%
Clustering 100%
Sorting clusters 100%
Writing clusters 100%
Clusters: 0
Singletons: 0
Multiple alignments 100%
vsearch v2.30.0_linux_x86_64, 94.1GB RAM, 24 cores
https://github.com/torognes/vsearch

Reading file results/clustering/cdr/r3_comp_zikv/cdr3_clusters/8c3982f1-fd71-4ca1-9ae5-10f2662c473f-IGK.fasta 100%
375 nt in 14 seqs, min 24, max 27, avg 27
minseqlength 6: 2 sequences discarded.
Masking 100%
Sorting by length 100%
Counting k-mers 100%
Clustering 100%
Sorting clusters 100%
Writing clusters 100%
Clusters: 2 Size min 1, max 13, avg 7.0
Singletons: 1, 7.1% of seqs, 50.0% of clusters
Multiple alignments 100%
vsearch v2.30.0_linux_x86_64, 94.1GB RAM, 24 cores
https://github.com/torognes/vsearch

Reading file results/clustering/cdr/r3_comp_zikv/cdr3_clusters/286f5bd4-ae6d-402b-970f-ea805da4edf9-IGK.fasta 100%
106 nt in 4 seqs, min 25, max 27, avg 26
minseqlength 6: 1 sequence discarded.
Masking 100%
Sorting by length 100%
Counting k-mers 100%
Clustering 100%
Sorting clusters 100%
Writing clusters 100%
Clusters: 3 Size min 1, max 2, avg 1.3
Singletons: 2, 50.0% of seqs, 66.7% of clusters
Multiple alignments 100%
vsearch v2.30.0_linux_x86_64, 94.1GB RAM, 24 cores
https://github.com/torognes/vsearch

Reading file results/clustering/cdr/r3_comp_zikv/cdr3_clusters/8422b979-b54d-4000-ac0b-97845e4624ed-IGH.fasta 100%
0 nt in 0 seqs
minseqlength 6: 17 sequences discarded.
Masking 100%
Sorting by length 100%
Counting k-mers 100%
Clustering 100%
Sorting clusters 100%
Writing clusters 100%
Clusters: 0
Singletons: 0
Multiple alignments 100%
vsearch v2.30.0_linux_x86_64, 94.1GB RAM, 24 cores
https://github.com/torognes/vsearch

Reading file results/clustering/cdr/r3_comp_zikv/cdr3_clusters/e4802c6b-a899-46e1-8c9d-9aa854cb10a4-IGH.fasta 100%
610 nt in 12 seqs, min 35, max 63, avg 51
Masking 100%
Sorting by length 100%
Counting k-mers 100%
Clustering 100%
Sorting clusters 100%
Writing clusters 100%
Clusters: 11 Size min 1, max 2, avg 1.1
Singletons: 10, 83.3% of seqs, 90.9% of clusters
Multiple alignments 100%
vsearch v2.30.0_linux_x86_64, 94.1GB RAM, 24 cores
https://github.com/torognes/vsearch

Reading file results/clustering/cdr/r3_comp_zikv/cdr3_clusters/1eee9660-c3e9-437e-8054-762e5f062513-IGH.fasta 100%
1422 nt in 35 seqs, min 26, max 54, avg 41
Masking 100%
Sorting by length 100%
Counting k-mers 100%
Clustering 100%
Sorting clusters 100%
Writing clusters 100%
Clusters: 27 Size min 1, max 8, avg 1.3
Singletons: 25, 71.4% of seqs, 92.6% of clusters
Multiple alignments 100%
vsearch v2.30.0_linux_x86_64, 94.1GB RAM, 24 cores
https://github.com/torognes/vsearch

Reading file results/clustering/cdr/r3_comp_zikv/cdr3_clusters/92bdde39-c33d-4066-ae49-e8c136ac8ff8-IGH.fasta 100%
165 nt in 3 seqs, min 31, max 100, avg 55
minseqlength 6: 4 sequences discarded.
Masking 100%
Sorting by length 100%
Counting k-mers 100%
Clustering 100%
Sorting clusters 100%
Writing clusters 100%
Clusters: 3 Size min 1, max 1, avg 1.0
Singletons: 3, 100.0% of seqs, 100.0% of clusters
Multiple alignments 100%
vsearch v2.30.0_linux_x86_64, 94.1GB RAM, 24 cores
https://github.com/torognes/vsearch

Reading file results/clustering/cdr/r3_comp_zikv/cdr3_clusters/d1fb7d26-db65-481b-b814-6f8818cae7ae-IGH.fasta 100%
1368 nt in 40 seqs, min 18, max 49, avg 34
Masking 100%
Sorting by length 100%
Counting k-mers 100%
Clustering 100%
Sorting clusters 100%
Writing clusters 100%
Clusters: 37 Size min 1, max 2, avg 1.1
Singletons: 34, 85.0% of seqs, 91.9% of clusters
Multiple alignments 100%
vsearch v2.30.0_linux_x86_64, 94.1GB RAM, 24 cores
https://github.com/torognes/vsearch

Reading file results/clustering/cdr/r3_comp_zikv/cdr3_clusters/8f2bf930-c836-4c40-847c-26ab6bdd9355-IGK.fasta 100%
182 nt in 7 seqs, min 23, max 29, avg 26
Masking 100%
Sorting by length 100%
Counting k-mers 100%
Clustering 100%
Sorting clusters 100%
Writing clusters 100%
Clusters: 5 Size min 1, max 3, avg 1.4
Singletons: 4, 57.1% of seqs, 80.0% of clusters
Multiple alignments 100%
vsearch v2.30.0_linux_x86_64, 94.1GB RAM, 24 cores
https://github.com/torognes/vsearch

Reading file results/clustering/cdr/r3_comp_zikv/cdr3_clusters/1c75f743-90e1-4c53-a8f0-594d18a814d5-IGK.fasta 100%
0 nt in 0 seqs
minseqlength 6: 6 sequences discarded.
Masking 100%
Sorting by length 100%
Counting k-mers 100%
Clustering 100%
Sorting clusters 100%
Writing clusters 100%
Clusters: 0
Singletons: 0
Multiple alignments 100%
vsearch v2.30.0_linux_x86_64, 94.1GB RAM, 24 cores
https://github.com/torognes/vsearch

Reading file results/clustering/cdr/r3_comp_zikv/cdr3_clusters/3f7f1029-d91c-4b22-bbd6-d15ba76de9c5-IGK.fasta 100%
0 nt in 0 seqs
Masking 100%
Sorting by length 100%
Counting k-mers 100%
Clustering 100%
Sorting clusters 100%
Writing clusters 100%
Clusters: 0
Singletons: 0
Multiple alignments 100%
vsearch v2.30.0_linux_x86_64, 94.1GB RAM, 24 cores
https://github.com/torognes/vsearch

Reading file results/clustering/cdr/r3_comp_zikv/cdr3_clusters/8363af0b-b066-47a3-9c47-de21d166efb0-IGK.fasta 100%
0 nt in 0 seqs
minseqlength 6: 22 sequences discarded.
Masking 100%
Sorting by length 100%
Counting k-mers 100%
Clustering 100%
Sorting clusters 100%
Writing clusters 100%
Clusters: 0
Singletons: 0
Multiple alignments 100%
vsearch v2.30.0_linux_x86_64, 94.1GB RAM, 24 cores
https://github.com/torognes/vsearch

Reading file results/clustering/cdr/r3_comp_zikv/cdr3_clusters/8750f6b6-20c4-4100-9fb3-24e33b9f8093-IGH.fasta 100%
0 nt in 0 seqs
minseqlength 6: 7 sequences discarded.
Masking 100%
Sorting by length 100%
Counting k-mers 100%
Clustering 100%
Sorting clusters 100%
Writing clusters 100%
Clusters: 0
Singletons: 0
Multiple alignments 100%
vsearch v2.30.0_linux_x86_64, 94.1GB RAM, 24 cores
https://github.com/torognes/vsearch

Reading file results/clustering/cdr/r3_comp_zikv/cdr3_clusters/6085b33c-6aef-4a77-b1d9-dda7a725d9e6-IGH.fasta 100%
1702 nt in 34 seqs, min 33, max 63, avg 50
Masking 100%
Sorting by length 100%
Counting k-mers 100%
Clustering 100%
Sorting clusters 100%
Writing clusters 100%
Clusters: 33 Size min 1, max 2, avg 1.0
Singletons: 32, 94.1% of seqs, 97.0% of clusters
Multiple alignments 100%
vsearch v2.30.0_linux_x86_64, 94.1GB RAM, 24 cores
https://github.com/torognes/vsearch

Reading file results/clustering/cdr/r3_comp_zikv/cdr3_clusters/35a2f5de-9515-45d2-a576-93b4d9ed9bf2-IGK.fasta 100%
382 nt in 14 seqs, min 24, max 32, avg 27
Masking 100%
Sorting by length 100%
Counting k-mers 100%
Clustering 100%
Sorting clusters 100%
Writing clusters 100%
Clusters: 14 Size min 1, max 1, avg 1.0
Singletons: 14, 100.0% of seqs, 100.0% of clusters
Multiple alignments 100%
vsearch v2.30.0_linux_x86_64, 94.1GB RAM, 24 cores
https://github.com/torognes/vsearch

Reading file results/clustering/cdr/r3_comp_zikv/cdr3_clusters/8b79a871-dd40-42de-bd98-f1f228705c95-IGH.fasta 100%
0 nt in 0 seqs
minseqlength 6: 22 sequences discarded.
Masking 100%
Sorting by length 100%
Counting k-mers 100%
Clustering 100%
Sorting clusters 100%
Writing clusters 100%
Clusters: 0
Singletons: 0
Multiple alignments 100%
vsearch v2.30.0_linux_x86_64, 94.1GB RAM, 24 cores
https://github.com/torognes/vsearch

Reading file results/clustering/cdr/r3_comp_zikv/cdr3_clusters/3ff234c1-7706-4152-b21b-3bcad98eb94a-IGH.fasta 100%
44 nt in 1 seqs, min 44, max 44, avg 44
Masking 100%
Sorting by length 100%
Counting k-mers 100%
Clustering 100%
Sorting clusters 100%
Writing clusters 100%
Clusters: 1 Size min 1, max 1, avg 1.0
Singletons: 1, 100.0% of seqs, 100.0% of clusters
Multiple alignments 100%
vsearch v2.30.0_linux_x86_64, 94.1GB RAM, 24 cores
https://github.com/torognes/vsearch

Reading file results/clustering/cdr/r3_comp_zikv/cdr3_clusters/51bb47b4-8b45-4b59-8398-8cbc9e3ed736-IGK.fasta 100%
0 nt in 0 seqs
minseqlength 6: 5 sequences discarded.
Masking 100%
Sorting by length 100%
Counting k-mers 100%
Clustering 100%
Sorting clusters 100%
Writing clusters 100%
Clusters: 0
Singletons: 0
Multiple alignments 100%
vsearch v2.30.0_linux_x86_64, 94.1GB RAM, 24 cores
https://github.com/torognes/vsearch

Reading file results/clustering/cdr/r3_comp_zikv/cdr3_clusters/314336cd-77a6-433a-9843-f37b7e4fc0de-IGK.fasta 100%
0 nt in 0 seqs
minseqlength 6: 2 sequences discarded.
Masking 100%
Sorting by length 100%
Counting k-mers 100%
Clustering 100%
Sorting clusters 100%
Writing clusters 100%
Clusters: 0
Singletons: 0
Multiple alignments 100%
vsearch v2.30.0_linux_x86_64, 94.1GB RAM, 24 cores
https://github.com/torognes/vsearch

Reading file results/clustering/cdr/r3_comp_zikv/cdr3_clusters/81bbd500-4b5a-4722-bc63-38ca398bfe27-IGK.fasta 100%
504 nt in 19 seqs, min 23, max 28, avg 27
Masking 100%
Sorting by length 100%
Counting k-mers 100%
Clustering 100%
Sorting clusters 100%
Writing clusters 100%
Clusters: 16 Size min 1, max 3, avg 1.2
Singletons: 14, 73.7% of seqs, 87.5% of clusters
Multiple alignments 100%
vsearch v2.30.0_linux_x86_64, 94.1GB RAM, 24 cores
https://github.com/torognes/vsearch

Reading file results/clustering/cdr/r3_comp_zikv/cdr3_clusters/05f80dc5-9b26-4100-9dda-c58cbc4def29-IGK.fasta 100%
0 nt in 0 seqs
minseqlength 6: 8 sequences discarded.
Masking 100%
Sorting by length 100%
Counting k-mers 100%
Clustering 100%
Sorting clusters 100%
Writing clusters 100%
Clusters: 0
Singletons: 0
Multiple alignments 100%
vsearch v2.30.0_linux_x86_64, 94.1GB RAM, 24 cores
https://github.com/torognes/vsearch

Reading file results/clustering/cdr/r3_comp_zikv/cdr3_clusters/5752d9c7-6d01-4ca4-b93b-df8313966b30-IGH.fasta 100%
122 nt in 3 seqs, min 36, max 44, avg 41
minseqlength 6: 25 sequences discarded.
Masking 100%
Sorting by length 100%
Counting k-mers 100%
Clustering 100%
Sorting clusters 100%
Writing clusters 100%
Clusters: 3 Size min 1, max 1, avg 1.0
Singletons: 3, 100.0% of seqs, 100.0% of clusters
Multiple alignments 100%
vsearch v2.30.0_linux_x86_64, 94.1GB RAM, 24 cores
https://github.com/torognes/vsearch

Reading file results/clustering/cdr/r3_comp_zikv/cdr3_clusters/d36ebc0f-690f-47d4-a500-efbfb20f5d43-IGH.fasta 100%
214 nt in 5 seqs, min 38, max 51, avg 43
minseqlength 6: 5 sequences discarded.
Masking 100%
Sorting by length 100%
Counting k-mers 100%
Clustering 100%
Sorting clusters 100%
Writing clusters 100%
Clusters: 4 Size min 1, max 2, avg 1.2
Singletons: 3, 60.0% of seqs, 75.0% of clusters
Multiple alignments 100%
vsearch v2.30.0_linux_x86_64, 94.1GB RAM, 24 cores
https://github.com/torognes/vsearch

Reading file results/clustering/cdr/r3_comp_zikv/cdr3_clusters/1d9f8944-a8a4-4372-ae4c-8f79a1f677e4-IGH.fasta 100%
266 nt in 6 seqs, min 36, max 58, avg 44
Masking 100%
Sorting by length 100%
Counting k-mers 100%
Clustering 100%
Sorting clusters 100%
Writing clusters 100%
Clusters: 5 Size min 1, max 2, avg 1.2
Singletons: 4, 66.7% of seqs, 80.0% of clusters
Multiple alignments 100%
vsearch v2.30.0_linux_x86_64, 94.1GB RAM, 24 cores
https://github.com/torognes/vsearch

Reading file results/clustering/cdr/r3_comp_zikv/cdr3_clusters/62da6607-1e41-41c2-9068-082123353e07-IGK.fasta 100%
0 nt in 0 seqs
minseqlength 6: 7 sequences discarded.
Masking 100%
Sorting by length 100%
Counting k-mers 100%
Clustering 100%
Sorting clusters 100%
Writing clusters 100%
Clusters: 0
Singletons: 0
Multiple alignments 100%
vsearch v2.30.0_linux_x86_64, 94.1GB RAM, 24 cores
https://github.com/torognes/vsearch

Reading file results/clustering/cdr/r3_comp_zikv/cdr3_clusters/5a80a752-de8f-4d5d-a128-6a1a417dad17-IGK.fasta 100%
0 nt in 0 seqs
Masking 100%
Sorting by length 100%
Counting k-mers 100%
Clustering 100%
Sorting clusters 100%
Writing clusters 100%
Clusters: 0
Singletons: 0
Multiple alignments 100%
vsearch v2.30.0_linux_x86_64, 94.1GB RAM, 24 cores
https://github.com/torognes/vsearch

Reading file results/clustering/cdr/r3_comp_zikv/cdr3_clusters/53e32de2-1ce1-4777-9391-5459ff737de6-IGH.fasta 100%
0 nt in 0 seqs
minseqlength 6: 2 sequences discarded.
Masking 100%
Sorting by length 100%
Counting k-mers 100%
Clustering 100%
Sorting clusters 100%
Writing clusters 100%
Clusters: 0
Singletons: 0
Multiple alignments 100%
vsearch v2.30.0_linux_x86_64, 94.1GB RAM, 24 cores
https://github.com/torognes/vsearch

Reading file results/clustering/cdr/r3_comp_zikv/cdr3_clusters/2a50985f-a3f7-4696-bf1a-144c8cdcc54b-IGH.fasta 100%
662 nt in 10 seqs, min 51, max 93, avg 66
Masking 100%
Sorting by length 100%
Counting k-mers 100%
Clustering 100%
Sorting clusters 100%
Writing clusters 100%
Clusters: 10 Size min 1, max 1, avg 1.0
Singletons: 10, 100.0% of seqs, 100.0% of clusters
Multiple alignments 100%
vsearch v2.30.0_linux_x86_64, 94.1GB RAM, 24 cores
https://github.com/torognes/vsearch

Reading file results/clustering/cdr/r3_comp_zikv/cdr3_clusters/7898d8f0-a531-4832-9cc7-e6b6e4ad60ec-IGK.fasta 100%
0 nt in 0 seqs
minseqlength 6: 7 sequences discarded.
Masking 100%
Sorting by length 100%
Counting k-mers 100%
Clustering 100%
Sorting clusters 100%
Writing clusters 100%
Clusters: 0
Singletons: 0
Multiple alignments 100%
vsearch v2.30.0_linux_x86_64, 94.1GB RAM, 24 cores
https://github.com/torognes/vsearch

Reading file results/clustering/cdr/r3_comp_zikv/cdr3_clusters/e9c19593-04db-4645-bb41-dda25ec6b39d-IGK.fasta 100%
908 nt in 31 seqs, min 24, max 33, avg 29
Masking 100%
Sorting by length 100%
Counting k-mers 100%
Clustering 100%
Sorting clusters 100%
Writing clusters 100%
Clusters: 26 Size min 1, max 3, avg 1.2
Singletons: 23, 74.2% of seqs, 88.5% of clusters
Multiple alignments 100%
vsearch v2.30.0_linux_x86_64, 94.1GB RAM, 24 cores
https://github.com/torognes/vsearch

Reading file results/clustering/cdr/r3_comp_zikv/cdr3_clusters/062cdfd3-5725-4f1a-9fd7-9fd77b923ff1-IGK.fasta 100%
0 nt in 0 seqs
minseqlength 6: 1 sequence discarded.
Masking 100%
Sorting by length 100%
Counting k-mers 100%
Clustering 100%
Sorting clusters 100%
Writing clusters 100%
Clusters: 0
Singletons: 0
Multiple alignments 100%
vsearch v2.30.0_linux_x86_64, 94.1GB RAM, 24 cores
https://github.com/torognes/vsearch

Reading file results/clustering/cdr/r3_comp_zikv/cdr3_clusters/c5010b4f-49b0-48a8-9d2e-e14b0358d90c-IGK.fasta 100%
1817 nt in 68 seqs, min 18, max 30, avg 27
Masking 100%
Sorting by length 100%
Counting k-mers 100%
Clustering 100%
Sorting clusters 100%
Writing clusters 100%
Clusters: 61 Size min 1, max 3, avg 1.1
Singletons: 55, 80.9% of seqs, 90.2% of clusters
Multiple alignments 100%
vsearch v2.30.0_linux_x86_64, 94.1GB RAM, 24 cores
https://github.com/torognes/vsearch

Reading file results/clustering/cdr/r3_comp_zikv/cdr3_clusters/e9a933b6-81ae-44ff-9a0b-c7de2d34e176-IGK.fasta 100%
195 nt in 7 seqs, min 27, max 30, avg 28
Masking 100%
Sorting by length 100%
Counting k-mers 100%
Clustering 100%
Sorting clusters 100%
Writing clusters 100%
Clusters: 6 Size min 1, max 2, avg 1.2
Singletons: 5, 71.4% of seqs, 83.3% of clusters
Multiple alignments 100%
vsearch v2.30.0_linux_x86_64, 94.1GB RAM, 24 cores
https://github.com/torognes/vsearch

Reading file results/clustering/cdr/r3_comp_zikv/cdr3_clusters/589dff55-6e68-4627-b17c-b25adf6d8768-IGH.fasta 100%
0 nt in 0 seqs
Masking 100%
Sorting by length 100%
Counting k-mers 100%
Clustering 100%
Sorting clusters 100%
Writing clusters 100%
Clusters: 0
Singletons: 0
Multiple alignments 100%
vsearch v2.30.0_linux_x86_64, 94.1GB RAM, 24 cores
https://github.com/torognes/vsearch

Reading file results/clustering/cdr/r3_comp_zikv/cdr3_clusters/294bd565-3d5a-4e35-9f01-3432a5571b60-IGK.fasta 100%
171 nt in 5 seqs, min 26, max 53, avg 34
minseqlength 6: 87 sequences discarded.
Masking 100%
Sorting by length 100%
Counting k-mers 100%
Clustering 100%
Sorting clusters 100%
Writing clusters 100%
Clusters: 5 Size min 1, max 1, avg 1.0
Singletons: 5, 100.0% of seqs, 100.0% of clusters
Multiple alignments 100%
vsearch v2.30.0_linux_x86_64, 94.1GB RAM, 24 cores
https://github.com/torognes/vsearch

Reading file results/clustering/cdr/r3_comp_zikv/cdr3_clusters/f540d48a-b63e-4b91-b7aa-86c495e9a28c-IGH.fasta 100%
227 nt in 7 seqs, min 27, max 41, avg 32
Masking 100%
Sorting by length 100%
Counting k-mers 100%
Clustering 100%
Sorting clusters 100%
Writing clusters 100%
Clusters: 7 Size min 1, max 1, avg 1.0
Singletons: 7, 100.0% of seqs, 100.0% of clusters
Multiple alignments 100%
vsearch v2.30.0_linux_x86_64, 94.1GB RAM, 24 cores
https://github.com/torognes/vsearch

Reading file results/clustering/cdr/r3_comp_zikv/cdr3_clusters/32f8f627-0976-48f2-8c48-26859281b01e-IGK.fasta 100%
382 nt in 14 seqs, min 23, max 33, avg 27
Masking 100%
Sorting by length 100%
Counting k-mers 100%
Clustering 100%
Sorting clusters 100%
Writing clusters 100%
Clusters: 13 Size min 1, max 2, avg 1.1
Singletons: 12, 85.7% of seqs, 92.3% of clusters
Multiple alignments 100%
vsearch v2.30.0_linux_x86_64, 94.1GB RAM, 24 cores
https://github.com/torognes/vsearch

Reading file results/clustering/cdr/r3_comp_zikv/cdr3_clusters/ccec4d49-3a3e-42e7-ab1f-0f0a05aeb4b5-IGK.fasta 100%
1383 nt in 52 seqs, min 21, max 30, avg 27
Masking 100%
Sorting by length 100%
Counting k-mers 100%
Clustering 100%
Sorting clusters 100%
Writing clusters 100%
Clusters: 48 Size min 1, max 4, avg 1.1
Singletons: 46, 88.5% of seqs, 95.8% of clusters
Multiple alignments 100%
vsearch v2.30.0_linux_x86_64, 94.1GB RAM, 24 cores
https://github.com/torognes/vsearch

Reading file results/clustering/cdr/r3_comp_zikv/cdr3_clusters/651b3c31-2f3a-44b8-ad7e-4e9c850667d2-IGK.fasta 100%
727 nt in 26 seqs, min 25, max 31, avg 28
Masking 100%
Sorting by length 100%
Counting k-mers 100%
Clustering 100%
Sorting clusters 100%
Writing clusters 100%
Clusters: 19 Size min 1, max 5, avg 1.4
Singletons: 15, 57.7% of seqs, 78.9% of clusters
Multiple alignments 100%
vsearch v2.30.0_linux_x86_64, 94.1GB RAM, 24 cores
https://github.com/torognes/vsearch

Reading file results/clustering/cdr/r3_comp_zikv/cdr3_clusters/1016d471-1ea7-4cf3-89c8-c54efa54d33e-IGK.fasta 100%
0 nt in 0 seqs
Masking 100%
Sorting by length 100%
Counting k-mers 100%
Clustering 100%
Sorting clusters 100%
Writing clusters 100%
Clusters: 0
Singletons: 0
Multiple alignments 100%
vsearch v2.30.0_linux_x86_64, 94.1GB RAM, 24 cores
https://github.com/torognes/vsearch

Reading file results/clustering/cdr/r3_comp_zikv/cdr3_clusters/1ca334a2-9fea-4386-a564-b575c0091f82-IGK.fasta 100%
275 nt in 10 seqs, min 27, max 30, avg 28
Masking 100%
Sorting by length 100%
Counting k-mers 100%
Clustering 100%
Sorting clusters 100%
Writing clusters 100%
Clusters: 9 Size min 1, max 2, avg 1.1
Singletons: 8, 80.0% of seqs, 88.9% of clusters
Multiple alignments 100%
vsearch v2.30.0_linux_x86_64, 94.1GB RAM, 24 cores
https://github.com/torognes/vsearch

Reading file results/clustering/cdr/r3_comp_zikv/cdr3_clusters/3eb9b6a6-59e0-4495-badf-fa40f55243d2-IGK.fasta 100%
3255 nt in 117 seqs, min 19, max 33, avg 28
Masking 100%
Sorting by length 100%
Counting k-mers 100%
Clustering 100%
Sorting clusters 100%
Writing clusters 100%
Clusters: 71 Size min 1, max 11, avg 1.6
Singletons: 55, 47.0% of seqs, 77.5% of clusters
Multiple alignments 100%
vsearch v2.30.0_linux_x86_64, 94.1GB RAM, 24 cores
https://github.com/torognes/vsearch

Reading file results/clustering/cdr/r3_comp_zikv/cdr3_clusters/8829b862-84bb-44ab-a0bd-9aad08cc6d2c-IGK.fasta 100%
0 nt in 0 seqs
minseqlength 6: 3 sequences discarded.
Masking 100%
Sorting by length 100%
Counting k-mers 100%
Clustering 100%
Sorting clusters 100%
Writing clusters 100%
Clusters: 0
Singletons: 0
Multiple alignments 100%
vsearch v2.30.0_linux_x86_64, 94.1GB RAM, 24 cores
https://github.com/torognes/vsearch

Reading file results/clustering/cdr/r3_comp_zikv/cdr3_clusters/acfce9e4-ef10-4810-bf02-9c41dcf21d10-IGH.fasta 100%
483 nt in 9 seqs, min 36, max 116, avg 54
Masking 100%
Sorting by length 100%
Counting k-mers 100%
Clustering 100%
Sorting clusters 100%
Writing clusters 100%
Clusters: 8 Size min 1, max 2, avg 1.1
Singletons: 7, 77.8% of seqs, 87.5% of clusters
Multiple alignments 100%
vsearch v2.30.0_linux_x86_64, 94.1GB RAM, 24 cores
https://github.com/torognes/vsearch

Reading file results/clustering/cdr/r3_comp_zikv/cdr3_clusters/37afe923-1d63-48a4-b2a5-dc50ff7c707d-IGH.fasta 100%
135 nt in 3 seqs, min 41, max 47, avg 45
minseqlength 6: 1 sequence discarded.
Masking 100%
Sorting by length 100%
Counting k-mers 100%
Clustering 100%
Sorting clusters 100%
Writing clusters 100%
Clusters: 3 Size min 1, max 1, avg 1.0
Singletons: 3, 100.0% of seqs, 100.0% of clusters
Multiple alignments 100%
vsearch v2.30.0_linux_x86_64, 94.1GB RAM, 24 cores
https://github.com/torognes/vsearch

Reading file results/clustering/cdr/r3_comp_zikv/cdr3_clusters/30b7de8d-c9af-4095-a2c9-311f14740636-IGH.fasta 100%
276 nt in 6 seqs, min 36, max 57, avg 46
Masking 100%
Sorting by length 100%
Counting k-mers 100%
Clustering 100%
Sorting clusters 100%
Writing clusters 100%
Clusters: 6 Size min 1, max 1, avg 1.0
Singletons: 6, 100.0% of seqs, 100.0% of clusters
Multiple alignments 100%
vsearch v2.30.0_linux_x86_64, 94.1GB RAM, 24 cores
https://github.com/torognes/vsearch

Reading file results/clustering/cdr/r3_comp_zikv/cdr3_clusters/920f3bbd-d08b-4fee-a1a8-acbd6689cdbe-IGK.fasta 100%
1061 nt in 39 seqs, min 21, max 33, avg 27
Masking 100%
Sorting by length 100%
Counting k-mers 100%
Clustering 100%
Sorting clusters 100%
Writing clusters 100%
Clusters: 37 Size min 1, max 2, avg 1.1
Singletons: 35, 89.7% of seqs, 94.6% of clusters
Multiple alignments 100%
vsearch v2.30.0_linux_x86_64, 94.1GB RAM, 24 cores
https://github.com/torognes/vsearch

Reading file results/clustering/cdr/r3_comp_zikv/cdr3_clusters/189a3c47-f14b-41bf-a4fe-52f667510f12-IGH.fasta 100%
332 nt in 4 seqs, min 78, max 88, avg 83
minseqlength 6: 8 sequences discarded.
Masking 100%
Sorting by length 100%
Counting k-mers 100%
Clustering 100%
Sorting clusters 100%
Writing clusters 100%
Clusters: 2 Size min 2, max 2, avg 2.0
Singletons: 0, 0.0% of seqs, 0.0% of clusters
Multiple alignments 100%
vsearch v2.30.0_linux_x86_64, 94.1GB RAM, 24 cores
https://github.com/torognes/vsearch

Reading file results/clustering/cdr/r3_comp_zikv/cdr3_clusters/2842bfcd-ce10-4f14-bf20-f3b2a7e9545f-IGK.fasta 100%
30 nt in 1 seqs, min 30, max 30, avg 30
minseqlength 6: 1 sequence discarded.
Masking 100%
Sorting by length 100%
Counting k-mers 100%
Clustering 100%
Sorting clusters 100%
Writing clusters 100%
Clusters: 1 Size min 1, max 1, avg 1.0
Singletons: 1, 100.0% of seqs, 100.0% of clusters
Multiple alignments 100%
vsearch v2.30.0_linux_x86_64, 94.1GB RAM, 24 cores
https://github.com/torognes/vsearch

Reading file results/clustering/cdr/r3_comp_zikv/cdr3_clusters/4a7b3156-0f44-4a26-816a-aa3d47880698-IGH.fasta 100%
305 nt in 9 seqs, min 18, max 48, avg 34
Masking 100%
Sorting by length 100%
Counting k-mers 100%
Clustering 100%
Sorting clusters 100%
Writing clusters 100%
Clusters: 9 Size min 1, max 1, avg 1.0
Singletons: 9, 100.0% of seqs, 100.0% of clusters
Multiple alignments 100%
vsearch v2.30.0_linux_x86_64, 94.1GB RAM, 24 cores
https://github.com/torognes/vsearch

Reading file results/clustering/cdr/r3_comp_zikv/cdr3_clusters/7b52f6a8-0433-4003-b78a-fcf16587de31-IGK.fasta 100%
0 nt in 0 seqs
minseqlength 6: 5 sequences discarded.
Masking 100%
Sorting by length 100%
Counting k-mers 100%
Clustering 100%
Sorting clusters 100%
Writing clusters 100%
Clusters: 0
Singletons: 0
Multiple alignments 100%
vsearch v2.30.0_linux_x86_64, 94.1GB RAM, 24 cores
https://github.com/torognes/vsearch

Reading file results/clustering/cdr/r3_comp_zikv/cdr3_clusters/4fa614fa-fd3f-4479-b8f4-496a5278b800-IGH.fasta 100%
0 nt in 0 seqs
minseqlength 6: 28 sequences discarded.
Masking 100%
Sorting by length 100%
Counting k-mers 100%
Clustering 100%
Sorting clusters 100%
Writing clusters 100%
Clusters: 0
Singletons: 0
Multiple alignments 100%
vsearch v2.30.0_linux_x86_64, 94.1GB RAM, 24 cores
https://github.com/torognes/vsearch

Reading file results/clustering/cdr/r3_comp_zikv/cdr3_clusters/27e38723-0383-4ebd-ad14-6000d0d455db-IGK.fasta 100%
186 nt in 7 seqs, min 21, max 30, avg 27
minseqlength 6: 2 sequences discarded.
Masking 100%
Sorting by length 100%
Counting k-mers 100%
Clustering 100%
Sorting clusters 100%
Writing clusters 100%
Clusters: 7 Size min 1, max 1, avg 1.0
Singletons: 7, 100.0% of seqs, 100.0% of clusters
Multiple alignments 100%
vsearch v2.30.0_linux_x86_64, 94.1GB RAM, 24 cores
https://github.com/torognes/vsearch

Reading file results/clustering/cdr/r3_comp_zikv/cdr3_clusters/167bfefe-d4b8-4554-a2f0-f77e41444831-IGK.fasta 100%
0 nt in 0 seqs
minseqlength 6: 2 sequences discarded.
Masking 100%
Sorting by length 100%
Counting k-mers 100%
Clustering 100%
Sorting clusters 100%
Writing clusters 100%
Clusters: 0
Singletons: 0
Multiple alignments 100%
vsearch v2.30.0_linux_x86_64, 94.1GB RAM, 24 cores
https://github.com/torognes/vsearch

Reading file results/clustering/cdr/r3_comp_zikv/cdr3_clusters/d14ba3d1-8b17-4b49-a63d-f8e76d6ec819-IGH.fasta 100%
36 nt in 1 seqs, min 36, max 36, avg 36
minseqlength 6: 4 sequences discarded.
Masking 100%
Sorting by length 100%
Counting k-mers 100%
Clustering 100%
Sorting clusters 100%
Writing clusters 100%
Clusters: 1 Size min 1, max 1, avg 1.0
Singletons: 1, 100.0% of seqs, 100.0% of clusters
Multiple alignments 100%
vsearch v2.30.0_linux_x86_64, 94.1GB RAM, 24 cores
https://github.com/torognes/vsearch

Reading file results/clustering/cdr/r3_comp_zikv/cdr3_clusters/7132e90d-0728-41bc-a43e-705f7eae36d4-IGK.fasta 100%
0 nt in 0 seqs
minseqlength 6: 3 sequences discarded.
Masking 100%
Sorting by length 100%
Counting k-mers 100%
Clustering 100%
Sorting clusters 100%
Writing clusters 100%
Clusters: 0
Singletons: 0
Multiple alignments 100%
vsearch v2.30.0_linux_x86_64, 94.1GB RAM, 24 cores
https://github.com/torognes/vsearch

Reading file results/clustering/cdr/r3_comp_zikv/cdr3_clusters/d46d11a7-8025-4bfe-bae2-b815ec925e06-IGK.fasta 100%
379 nt in 14 seqs, min 24, max 30, avg 27
Masking 100%
Sorting by length 100%
Counting k-mers 100%
Clustering 100%
Sorting clusters 100%
Writing clusters 100%
Clusters: 14 Size min 1, max 1, avg 1.0
Singletons: 14, 100.0% of seqs, 100.0% of clusters
Multiple alignments 100%
vsearch v2.30.0_linux_x86_64, 94.1GB RAM, 24 cores
https://github.com/torognes/vsearch

Reading file results/clustering/cdr/r3_comp_zikv/cdr3_clusters/3d29080a-9330-4bc4-8426-41e607e10341-IGH.fasta 100%
519 nt in 14 seqs, min 24, max 42, avg 37
Masking 100%
Sorting by length 100%
Counting k-mers 100%
Clustering 100%
Sorting clusters 100%
Writing clusters 100%
Clusters: 14 Size min 1, max 1, avg 1.0
Singletons: 14, 100.0% of seqs, 100.0% of clusters
Multiple alignments 100%
vsearch v2.30.0_linux_x86_64, 94.1GB RAM, 24 cores
https://github.com/torognes/vsearch

Reading file results/clustering/cdr/r3_comp_zikv/cdr3_clusters/0b594f62-b198-40c9-946f-7b296e69e245-IGH.fasta 100%
0 nt in 0 seqs
Masking 100%
Sorting by length 100%
Counting k-mers 100%
Clustering 100%
Sorting clusters 100%
Writing clusters 100%
Clusters: 0
Singletons: 0
Multiple alignments 100%
vsearch v2.30.0_linux_x86_64, 94.1GB RAM, 24 cores
https://github.com/torognes/vsearch

Reading file results/clustering/cdr/r3_comp_zikv/cdr3_clusters/c9ded523-29c7-46df-8541-935e4511bc12-IGK.fasta 100%
0 nt in 0 seqs
minseqlength 6: 1 sequence discarded.
Masking 100%
Sorting by length 100%
Counting k-mers 100%
Clustering 100%
Sorting clusters 100%
Writing clusters 100%
Clusters: 0
Singletons: 0
Multiple alignments 100%
vsearch v2.30.0_linux_x86_64, 94.1GB RAM, 24 cores
https://github.com/torognes/vsearch

Reading file results/clustering/cdr/r3_comp_zikv/cdr3_clusters/0355d387-a5ec-4ed8-a9e8-129b6e02bdc5-IGK.fasta 100%
88 nt in 4 seqs, min 17, max 27, avg 22
minseqlength 6: 1354 sequences discarded.
Masking 100%
Sorting by length 100%
Counting k-mers 100%
Clustering 100%
Sorting clusters 100%
Writing clusters 100%
Clusters: 3 Size min 1, max 2, avg 1.3
Singletons: 2, 50.0% of seqs, 66.7% of clusters
Multiple alignments 100%
vsearch v2.30.0_linux_x86_64, 94.1GB RAM, 24 cores
https://github.com/torognes/vsearch

Reading file results/clustering/cdr/r3_comp_zikv/cdr3_clusters/2ce80593-4684-4e58-8eb6-e5c3ac95ba35-IGH.fasta 100%
715 nt in 21 seqs, min 15, max 41, avg 34
Masking 100%
Sorting by length 100%
Counting k-mers 100%
Clustering 100%
Sorting clusters 100%
Writing clusters 100%
Clusters: 21 Size min 1, max 1, avg 1.0
Singletons: 21, 100.0% of seqs, 100.0% of clusters
Multiple alignments 100%
vsearch v2.30.0_linux_x86_64, 94.1GB RAM, 24 cores
https://github.com/torognes/vsearch

Reading file results/clustering/cdr/r3_comp_zikv/cdr3_clusters/8e802c1a-22f5-47f8-895c-1f3d7ef65a2a-IGK.fasta 100%
0 nt in 0 seqs
minseqlength 6: 340 sequences discarded.
Masking 100%
Sorting by length 100%
Counting k-mers 100%
Clustering 100%
Sorting clusters 100%
Writing clusters 100%
Clusters: 0
Singletons: 0
Multiple alignments 100%
vsearch v2.30.0_linux_x86_64, 94.1GB RAM, 24 cores
https://github.com/torognes/vsearch

Reading file results/clustering/cdr/r3_comp_zikv/cdr3_clusters/3c131b83-0ce2-4cbf-8071-ba8ded92f1f0-IGH.fasta 100%
0 nt in 0 seqs
minseqlength 6: 13 sequences discarded.
Masking 100%
Sorting by length 100%
Counting k-mers 100%
Clustering 100%
Sorting clusters 100%
Writing clusters 100%
Clusters: 0
Singletons: 0
Multiple alignments 100%
vsearch v2.30.0_linux_x86_64, 94.1GB RAM, 24 cores
https://github.com/torognes/vsearch

Reading file results/clustering/cdr/r3_comp_zikv/cdr3_clusters/37db4c98-097f-4300-a2c5-cbeedb787584-IGH.fasta 100%
57 nt in 1 seqs, min 57, max 57, avg 57
minseqlength 6: 1 sequence discarded.
Masking 100%
Sorting by length 100%
Counting k-mers 100%
Clustering 100%
Sorting clusters 100%
Writing clusters 100%
Clusters: 1 Size min 1, max 1, avg 1.0
Singletons: 1, 100.0% of seqs, 100.0% of clusters
Multiple alignments 100%
vsearch v2.30.0_linux_x86_64, 94.1GB RAM, 24 cores
https://github.com/torognes/vsearch

Reading file results/clustering/cdr/r3_comp_zikv/cdr3_clusters/0107fdc2-af5e-4339-b7a2-69530e4828ae-IGK.fasta 100%
0 nt in 0 seqs
minseqlength 6: 6 sequences discarded.
Masking 100%
Sorting by length 100%
Counting k-mers 100%
Clustering 100%
Sorting clusters 100%
Writing clusters 100%
Clusters: 0
Singletons: 0
Multiple alignments 100%
vsearch v2.30.0_linux_x86_64, 94.1GB RAM, 24 cores
https://github.com/torognes/vsearch

Reading file results/clustering/cdr/r3_comp_zikv/cdr3_clusters/c04a7d51-595a-4511-9583-63949ff3309b-IGH.fasta 100%
0 nt in 0 seqs
minseqlength 6: 5 sequences discarded.
Masking 100%
Sorting by length 100%
Counting k-mers 100%
Clustering 100%
Sorting clusters 100%
Writing clusters 100%
Clusters: 0
Singletons: 0
Multiple alignments 100%
vsearch v2.30.0_linux_x86_64, 94.1GB RAM, 24 cores
https://github.com/torognes/vsearch

Reading file results/clustering/cdr/r3_comp_zikv/cdr3_clusters/42b69365-0837-4aad-a2a2-8c161582608f-IGK.fasta 100%
0 nt in 0 seqs
minseqlength 6: 14 sequences discarded.
Masking 100%
Sorting by length 100%
Counting k-mers 100%
Clustering 100%
Sorting clusters 100%
Writing clusters 100%
Clusters: 0
Singletons: 0
Multiple alignments 100%
vsearch v2.30.0_linux_x86_64, 94.1GB RAM, 24 cores
https://github.com/torognes/vsearch

Reading file results/clustering/cdr/r3_comp_zikv/cdr3_clusters/425e0cba-4588-4646-9ce0-b7d800344248-IGK.fasta 100%
0 nt in 0 seqs
minseqlength 6: 1 sequence discarded.
Masking 100%
Sorting by length 100%
Counting k-mers 100%
Clustering 100%
Sorting clusters 100%
Writing clusters 100%
Clusters: 0
Singletons: 0
Multiple alignments 100%
vsearch v2.30.0_linux_x86_64, 94.1GB RAM, 24 cores
https://github.com/torognes/vsearch

Reading file results/clustering/cdr/r3_comp_zikv/cdr3_clusters/8d8d67ef-0f55-4bbf-bdb0-1248a9e17c3e-IGH.fasta 100%
0 nt in 0 seqs
minseqlength 6: 1 sequence discarded.
Masking 100%
Sorting by length 100%
Counting k-mers 100%
Clustering 100%
Sorting clusters 100%
Writing clusters 100%
Clusters: 0
Singletons: 0
Multiple alignments 100%
vsearch v2.30.0_linux_x86_64, 94.1GB RAM, 24 cores
https://github.com/torognes/vsearch

Reading file results/clustering/cdr/r3_comp_zikv/cdr3_clusters/61000969-7f93-44f9-82eb-5c35b69d0e88-IGH.fasta 100%
1357 nt in 25 seqs, min 36, max 77, avg 54
Masking 100%
Sorting by length 100%
Counting k-mers 100%
Clustering 100%
Sorting clusters 100%
Writing clusters 100%
Clusters: 25 Size min 1, max 1, avg 1.0
Singletons: 25, 100.0% of seqs, 100.0% of clusters
Multiple alignments 100%
vsearch v2.30.0_linux_x86_64, 94.1GB RAM, 24 cores
https://github.com/torognes/vsearch

Reading file results/clustering/cdr/r3_comp_zikv/cdr3_clusters/6aa8b348-655c-4103-8c81-fc29eeb47bc0-IGH.fasta 100%
0 nt in 0 seqs
Masking 100%
Sorting by length 100%
Counting k-mers 100%
Clustering 100%
Sorting clusters 100%
Writing clusters 100%
Clusters: 0
Singletons: 0
Multiple alignments 100%
vsearch v2.30.0_linux_x86_64, 94.1GB RAM, 24 cores
https://github.com/torognes/vsearch

Reading file results/clustering/cdr/r3_comp_zikv/cdr3_clusters/e752a703-216c-454b-a165-ee69965e2b83-IGH.fasta 100%
98 nt in 2 seqs, min 49, max 49, avg 49
minseqlength 6: 4 sequences discarded.
Masking 100%
Sorting by length 100%
Counting k-mers 100%
Clustering 100%
Sorting clusters 100%
Writing clusters 100%
Clusters: 1 Size min 2, max 2, avg 2.0
Singletons: 0, 0.0% of seqs, 0.0% of clusters
Multiple alignments 100%
vsearch v2.30.0_linux_x86_64, 94.1GB RAM, 24 cores
https://github.com/torognes/vsearch

Reading file results/clustering/cdr/r3_comp_zikv/cdr3_clusters/09569839-fc89-4a3d-8c95-a697098daadf-IGH.fasta 100%
374 nt in 8 seqs, min 37, max 66, avg 47
minseqlength 6: 2 sequences discarded.
Masking 100%
Sorting by length 100%
Counting k-mers 100%
Clustering 100%
Sorting clusters 100%
Writing clusters 100%
Clusters: 7 Size min 1, max 2, avg 1.1
Singletons: 6, 75.0% of seqs, 85.7% of clusters
Multiple alignments 100%
vsearch v2.30.0_linux_x86_64, 94.1GB RAM, 24 cores
https://github.com/torognes/vsearch

Reading file results/clustering/cdr/r3_comp_zikv/cdr3_clusters/c2f759d7-1e85-416d-bd81-84d62967e96a-IGH.fasta 100%
51 nt in 1 seqs, min 51, max 51, avg 51
minseqlength 6: 1 sequence discarded.
Masking 100%
Sorting by length 100%
Counting k-mers 100%
Clustering 100%
Sorting clusters 100%
Writing clusters 100%
Clusters: 1 Size min 1, max 1, avg 1.0
Singletons: 1, 100.0% of seqs, 100.0% of clusters
Multiple alignments 100%
vsearch v2.30.0_linux_x86_64, 94.1GB RAM, 24 cores
https://github.com/torognes/vsearch

Reading file results/clustering/cdr/r3_comp_zikv/cdr3_clusters/55d2589c-dadb-4927-bf96-fb6bf69f1654-IGH.fasta 100%
249 nt in 5 seqs, min 45, max 60, avg 50
Masking 100%
Sorting by length 100%
Counting k-mers 100%
Clustering 100%
Sorting clusters 100%
Writing clusters 100%
Clusters: 5 Size min 1, max 1, avg 1.0
Singletons: 5, 100.0% of seqs, 100.0% of clusters
Multiple alignments 100%
vsearch v2.30.0_linux_x86_64, 94.1GB RAM, 24 cores
https://github.com/torognes/vsearch

Reading file results/clustering/cdr/r3_comp_zikv/cdr3_clusters/2daab993-063d-4dac-8170-75abc98e317b-IGK.fasta 100%
137 nt in 5 seqs, min 23, max 33, avg 27
Masking 100%
Sorting by length 100%
Counting k-mers 100%
Clustering 100%
Sorting clusters 100%
Writing clusters 100%
Clusters: 5 Size min 1, max 1, avg 1.0
Singletons: 5, 100.0% of seqs, 100.0% of clusters
Multiple alignments 100%
vsearch v2.30.0_linux_x86_64, 94.1GB RAM, 24 cores
https://github.com/torognes/vsearch

Reading file results/clustering/cdr/r3_comp_zikv/cdr3_clusters/50d09d3b-86c1-4c12-b595-02331e531d63-IGH.fasta 100%
251 nt in 6 seqs, min 18, max 63, avg 42
Masking 100%
Sorting by length 100%
Counting k-mers 100%
Clustering 100%
Sorting clusters 100%
Writing clusters 100%
Clusters: 6 Size min 1, max 1, avg 1.0
Singletons: 6, 100.0% of seqs, 100.0% of clusters
Multiple alignments 100%
vsearch v2.30.0_linux_x86_64, 94.1GB RAM, 24 cores
https://github.com/torognes/vsearch

Reading file results/clustering/cdr/r3_comp_zikv/cdr3_clusters/26217935-fa69-45d2-b16f-26ef3e4b3fce-IGK.fasta 100%
0 nt in 0 seqs
minseqlength 6: 25 sequences discarded.
Masking 100%
Sorting by length 100%
Counting k-mers 100%
Clustering 100%
Sorting clusters 100%
Writing clusters 100%
Clusters: 0
Singletons: 0
Multiple alignments 100%
vsearch v2.30.0_linux_x86_64, 94.1GB RAM, 24 cores
https://github.com/torognes/vsearch

Reading file results/clustering/cdr/r3_comp_zikv/cdr3_clusters/0eb615f2-56bf-42d5-be37-2369024e6f45-IGK.fasta 100%
0 nt in 0 seqs
minseqlength 6: 2 sequences discarded.
Masking 100%
Sorting by length 100%
Counting k-mers 100%
Clustering 100%
Sorting clusters 100%
Writing clusters 100%
Clusters: 0
Singletons: 0
Multiple alignments 100%
vsearch v2.30.0_linux_x86_64, 94.1GB RAM, 24 cores
https://github.com/torognes/vsearch

Reading file results/clustering/cdr/r3_comp_zikv/cdr3_clusters/f72557dd-5da9-42f2-be2e-c0fd3ea4f703-IGH.fasta 100%
246 nt in 6 seqs, min 27, max 48, avg 41
Masking 100%
Sorting by length 100%
Counting k-mers 100%
Clustering 100%
Sorting clusters 100%
Writing clusters 100%
Clusters: 4 Size min 1, max 2, avg 1.5
Singletons: 2, 33.3% of seqs, 50.0% of clusters
Multiple alignments 100%
vsearch v2.30.0_linux_x86_64, 94.1GB RAM, 24 cores
https://github.com/torognes/vsearch

Reading file results/clustering/cdr/r3_comp_zikv/cdr3_clusters/ead95703-6bad-41cb-a25e-aeaf6e8ceb41-IGK.fasta 100%
21 nt in 1 seqs, min 21, max 21, avg 21
minseqlength 6: 11 sequences discarded.
Masking 100%
Sorting by length 100%
Counting k-mers 100%
Clustering 100%
Sorting clusters 100%
Writing clusters 100%
Clusters: 1 Size min 1, max 1, avg 1.0
Singletons: 1, 100.0% of seqs, 100.0% of clusters
Multiple alignments 100%
vsearch v2.30.0_linux_x86_64, 94.1GB RAM, 24 cores
https://github.com/torognes/vsearch

Reading file results/clustering/cdr/r3_comp_zikv/cdr3_clusters/119204fe-3efb-4490-876e-5881cdcc7658-IGK.fasta 100%
79 nt in 3 seqs, min 25, max 27, avg 26
minseqlength 6: 2 sequences discarded.
Masking 100%
Sorting by length 100%
Counting k-mers 100%
Clustering 100%
Sorting clusters 100%
Writing clusters 100%
Clusters: 3 Size min 1, max 1, avg 1.0
Singletons: 3, 100.0% of seqs, 100.0% of clusters
Multiple alignments 100%
vsearch v2.30.0_linux_x86_64, 94.1GB RAM, 24 cores
https://github.com/torognes/vsearch

Reading file results/clustering/cdr/r3_comp_zikv/cdr3_clusters/236f780c-0154-4d0b-ab9e-b9806842edc6-IGH.fasta 100%
0 nt in 0 seqs
minseqlength 6: 4 sequences discarded.
Masking 100%
Sorting by length 100%
Counting k-mers 100%
Clustering 100%
Sorting clusters 100%
Writing clusters 100%
Clusters: 0
Singletons: 0
Multiple alignments 100%
vsearch v2.30.0_linux_x86_64, 94.1GB RAM, 24 cores
https://github.com/torognes/vsearch

Reading file results/clustering/cdr/r3_comp_zikv/cdr3_clusters/f58ccb50-5b60-45f9-b592-08248cff2160-IGK.fasta 100%
0 nt in 0 seqs
minseqlength 6: 1 sequence discarded.
Masking 100%
Sorting by length 100%
Counting k-mers 100%
Clustering 100%
Sorting clusters 100%
Writing clusters 100%
Clusters: 0
Singletons: 0
Multiple alignments 100%
vsearch v2.30.0_linux_x86_64, 94.1GB RAM, 24 cores
https://github.com/torognes/vsearch

Reading file results/clustering/cdr/r3_comp_zikv/cdr3_clusters/279ef243-b07b-4c47-a612-a3b57a400198-IGH.fasta 100%
712 nt in 18 seqs, min 18, max 57, avg 40
Masking 100%
Sorting by length 100%
Counting k-mers 100%
Clustering 100%
Sorting clusters 100%
Writing clusters 100%
Clusters: 17 Size min 1, max 2, avg 1.1
Singletons: 16, 88.9% of seqs, 94.1% of clusters
Multiple alignments 100%
vsearch v2.30.0_linux_x86_64, 94.1GB RAM, 24 cores
https://github.com/torognes/vsearch

Reading file results/clustering/cdr/r3_comp_zikv/cdr3_clusters/41a696a4-b69a-466c-97b4-8683f1bacfad-IGH.fasta 100%
238 nt in 5 seqs, min 35, max 57, avg 48
Masking 100%
Sorting by length 100%
Counting k-mers 100%
Clustering 100%
Sorting clusters 100%
Writing clusters 100%
Clusters: 5 Size min 1, max 1, avg 1.0
Singletons: 5, 100.0% of seqs, 100.0% of clusters
Multiple alignments 100%
vsearch v2.30.0_linux_x86_64, 94.1GB RAM, 24 cores
https://github.com/torognes/vsearch

Reading file results/clustering/cdr/r3_comp_zikv/cdr3_clusters/289f2a71-e5b1-4be2-ba5b-359dcf920ebd-IGK.fasta 100%
0 nt in 0 seqs
Masking 100%
Sorting by length 100%
Counting k-mers 100%
Clustering 100%
Sorting clusters 100%
Writing clusters 100%
Clusters: 0
Singletons: 0
Multiple alignments 100%
vsearch v2.30.0_linux_x86_64, 94.1GB RAM, 24 cores
https://github.com/torognes/vsearch

Reading file results/clustering/cdr/r3_comp_zikv/cdr3_clusters/fb15196f-a634-4694-9a50-f6c66c89998d-IGH.fasta 100%
649 nt in 16 seqs, min 24, max 70, avg 41
Masking 100%
Sorting by length 100%
Counting k-mers 100%
Clustering 100%
Sorting clusters 100%
Writing clusters 100%
Clusters: 16 Size min 1, max 1, avg 1.0
Singletons: 16, 100.0% of seqs, 100.0% of clusters
Multiple alignments 100%
vsearch v2.30.0_linux_x86_64, 94.1GB RAM, 24 cores
https://github.com/torognes/vsearch

Reading file results/clustering/cdr/r3_comp_zikv/cdr3_clusters/7e3b4c82-d448-4fa8-9ca2-419bd893b49d-IGH.fasta 100%
717 nt in 17 seqs, min 27, max 50, avg 42
Masking 100%
Sorting by length 100%
Counting k-mers 100%
Clustering 100%
Sorting clusters 100%
Writing clusters 100%
Clusters: 17 Size min 1, max 1, avg 1.0
Singletons: 17, 100.0% of seqs, 100.0% of clusters
Multiple alignments 100%
vsearch v2.30.0_linux_x86_64, 94.1GB RAM, 24 cores
https://github.com/torognes/vsearch

Reading file results/clustering/cdr/r3_comp_zikv/cdr3_clusters/36f2b395-6b5b-4d62-a6f0-ea7045de8190-IGK.fasta 100%
0 nt in 0 seqs
minseqlength 6: 9 sequences discarded.
Masking 100%
Sorting by length 100%
Counting k-mers 100%
Clustering 100%
Sorting clusters 100%
Writing clusters 100%
Clusters: 0
Singletons: 0
Multiple alignments 100%
vsearch v2.30.0_linux_x86_64, 94.1GB RAM, 24 cores
https://github.com/torognes/vsearch

Reading file results/clustering/cdr/r3_comp_zikv/cdr3_clusters/9e8dc484-97b0-4cc3-8ad8-2709dfabcb25-IGK.fasta 100%
808 nt in 29 seqs, min 24, max 34, avg 28
Masking 100%
Sorting by length 100%
Counting k-mers 100%
Clustering 100%
Sorting clusters 100%
Writing clusters 100%
Clusters: 26 Size min 1, max 3, avg 1.1
Singletons: 24, 82.8% of seqs, 92.3% of clusters
Multiple alignments 100%
vsearch v2.30.0_linux_x86_64, 94.1GB RAM, 24 cores
https://github.com/torognes/vsearch

Reading file results/clustering/cdr/r3_comp_zikv/cdr3_clusters/6fd7ddd2-dc43-4678-8fae-d44ba7e150e6-IGK.fasta 100%
0 nt in 0 seqs
minseqlength 6: 1 sequence discarded.
Masking 100%
Sorting by length 100%
Counting k-mers 100%
Clustering 100%
Sorting clusters 100%
Writing clusters 100%
Clusters: 0
Singletons: 0
Multiple alignments 100%
vsearch v2.30.0_linux_x86_64, 94.1GB RAM, 24 cores
https://github.com/torognes/vsearch

Reading file results/clustering/cdr/r3_comp_zikv/cdr3_clusters/3ddb31fe-673f-4718-9bd3-1fd73c66c92b-IGK.fasta 100%
0 nt in 0 seqs
minseqlength 6: 8 sequences discarded.
Masking 100%
Sorting by length 100%
Counting k-mers 100%
Clustering 100%
Sorting clusters 100%
Writing clusters 100%
Clusters: 0
Singletons: 0
Multiple alignments 100%
vsearch v2.30.0_linux_x86_64, 94.1GB RAM, 24 cores
https://github.com/torognes/vsearch

Reading file results/clustering/cdr/r3_comp_zikv/cdr3_clusters/4f010630-900a-4c21-9911-e2f4dba7035c-IGK.fasta 100%
0 nt in 0 seqs
minseqlength 6: 6 sequences discarded.
Masking 100%
Sorting by length 100%
Counting k-mers 100%
Clustering 100%
Sorting clusters 100%
Writing clusters 100%
Clusters: 0
Singletons: 0
Multiple alignments 100%
vsearch v2.30.0_linux_x86_64, 94.1GB RAM, 24 cores
https://github.com/torognes/vsearch

Reading file results/clustering/cdr/r3_comp_zikv/cdr3_clusters/12cfa2b0-a3b7-4954-894d-b436830c5d92-IGK.fasta 100%
676 nt in 24 seqs, min 26, max 33, avg 28
Masking 100%
Sorting by length 100%
Counting k-mers 100%
Clustering 100%
Sorting clusters 100%
Writing clusters 100%
Clusters: 20 Size min 1, max 3, avg 1.2
Singletons: 17, 70.8% of seqs, 85.0% of clusters
Multiple alignments 100%
vsearch v2.30.0_linux_x86_64, 94.1GB RAM, 24 cores
https://github.com/torognes/vsearch

Reading file results/clustering/cdr/r3_comp_zikv/cdr3_clusters/524e7a12-7363-4e9e-a2a5-17b0ef287660-IGK.fasta 100%
26 nt in 1 seqs, min 26, max 26, avg 26
minseqlength 6: 12 sequences discarded.
Masking 100%
Sorting by length 100%
Counting k-mers 100%
Clustering 100%
Sorting clusters 100%
Writing clusters 100%
Clusters: 1 Size min 1, max 1, avg 1.0
Singletons: 1, 100.0% of seqs, 100.0% of clusters
Multiple alignments 100%
vsearch v2.30.0_linux_x86_64, 94.1GB RAM, 24 cores
https://github.com/torognes/vsearch

Reading file results/clustering/cdr/r3_comp_zikv/cdr3_clusters/035d85c2-f7ee-4cf1-b728-744a12f2e22a-IGK.fasta 100%
170 nt in 6 seqs, min 23, max 32, avg 28
Masking 100%
Sorting by length 100%
Counting k-mers 100%
Clustering 100%
Sorting clusters 100%
Writing clusters 100%
Clusters: 6 Size min 1, max 1, avg 1.0
Singletons: 6, 100.0% of seqs, 100.0% of clusters
Multiple alignments 100%
vsearch v2.30.0_linux_x86_64, 94.1GB RAM, 24 cores
https://github.com/torognes/vsearch

Reading file results/clustering/cdr/r3_comp_zikv/cdr3_clusters/a9e7b134-e09f-4807-b78a-e91546f6a408-IGH.fasta 100%
0 nt in 0 seqs
Masking 100%
Sorting by length 100%
Counting k-mers 100%
Clustering 100%
Sorting clusters 100%
Writing clusters 100%
Clusters: 0
Singletons: 0
Multiple alignments 100%
vsearch v2.30.0_linux_x86_64, 94.1GB RAM, 24 cores
https://github.com/torognes/vsearch

Reading file results/clustering/cdr/r3_comp_zikv/cdr3_clusters/0d7dfafc-c7ac-4596-b4d1-0d8d1edf41c5-IGK.fasta 100%
0 nt in 0 seqs
minseqlength 6: 1 sequence discarded.
Masking 100%
Sorting by length 100%
Counting k-mers 100%
Clustering 100%
Sorting clusters 100%
Writing clusters 100%
Clusters: 0
Singletons: 0
Multiple alignments 100%
vsearch v2.30.0_linux_x86_64, 94.1GB RAM, 24 cores
https://github.com/torognes/vsearch

Reading file results/clustering/cdr/r3_comp_zikv/cdr3_clusters/0b55f2bb-2cf6-42f6-9483-e31ef02f2ff1-IGH.fasta 100%
306 nt in 8 seqs, min 25, max 48, avg 38
minseqlength 6: 1 sequence discarded.
Masking 100%
Sorting by length 100%
Counting k-mers 100%
Clustering 100%
Sorting clusters 100%
Writing clusters 100%
Clusters: 8 Size min 1, max 1, avg 1.0
Singletons: 8, 100.0% of seqs, 100.0% of clusters
Multiple alignments 100%
vsearch v2.30.0_linux_x86_64, 94.1GB RAM, 24 cores
https://github.com/torognes/vsearch

Reading file results/clustering/cdr/r3_comp_zikv/cdr3_clusters/6ac6a83f-2112-4b0d-b28a-73e80637e9a9-IGK.fasta 100%
27 nt in 1 seqs, min 27, max 27, avg 27
Masking 100%
Sorting by length 100%
Counting k-mers 100%
Clustering 100%
Sorting clusters 100%
Writing clusters 100%
Clusters: 1 Size min 1, max 1, avg 1.0
Singletons: 1, 100.0% of seqs, 100.0% of clusters
Multiple alignments 100%
vsearch v2.30.0_linux_x86_64, 94.1GB RAM, 24 cores
https://github.com/torognes/vsearch

Reading file results/clustering/cdr/r3_comp_zikv/cdr3_clusters/9df0927b-6a62-450a-bcbb-ed7e6866482a-IGK.fasta 100%
302 nt in 11 seqs, min 26, max 30, avg 27
Masking 100%
Sorting by length 100%
Counting k-mers 100%
Clustering 100%
Sorting clusters 100%
Writing clusters 100%
Clusters: 8 Size min 1, max 3, avg 1.4
Singletons: 6, 54.5% of seqs, 75.0% of clusters
Multiple alignments 100%
vsearch v2.30.0_linux_x86_64, 94.1GB RAM, 24 cores
https://github.com/torognes/vsearch

Reading file results/clustering/cdr/r3_comp_zikv/cdr3_clusters/b4452876-ca93-45ba-96e5-bc7dce3f4ebc-IGH.fasta 100%
0 nt in 0 seqs
Masking 100%
Sorting by length 100%
Counting k-mers 100%
Clustering 100%
Sorting clusters 100%
Writing clusters 100%
Clusters: 0
Singletons: 0
Multiple alignments 100%
vsearch v2.30.0_linux_x86_64, 94.1GB RAM, 24 cores
https://github.com/torognes/vsearch

Reading file results/clustering/cdr/r3_comp_zikv/cdr3_clusters/ac94e2ae-d190-4558-86ce-b59f521e6782-IGK.fasta 100%
80 nt in 3 seqs, min 26, max 27, avg 27
minseqlength 6: 16 sequences discarded.
Masking 100%
Sorting by length 100%
Counting k-mers 100%
Clustering 100%
Sorting clusters 100%
Writing clusters 100%
Clusters: 3 Size min 1, max 1, avg 1.0
Singletons: 3, 100.0% of seqs, 100.0% of clusters
Multiple alignments 100%
vsearch v2.30.0_linux_x86_64, 94.1GB RAM, 24 cores
https://github.com/torognes/vsearch

Reading file results/clustering/cdr/r3_comp_zikv/cdr3_clusters/4f3cb378-37b1-44ed-a4ea-1aea0eada877-IGK.fasta 100%
0 nt in 0 seqs
minseqlength 6: 6 sequences discarded.
Masking 100%
Sorting by length 100%
Counting k-mers 100%
Clustering 100%
Sorting clusters 100%
Writing clusters 100%
Clusters: 0
Singletons: 0
Multiple alignments 100%
vsearch v2.30.0_linux_x86_64, 94.1GB RAM, 24 cores
https://github.com/torognes/vsearch

Reading file results/clustering/cdr/r3_comp_zikv/cdr3_clusters/14b81036-0e7c-44a9-a8b9-8d6bd0dde729-IGH.fasta 100%
287 nt in 7 seqs, min 26, max 64, avg 41
Masking 100%
Sorting by length 100%
Counting k-mers 100%
Clustering 100%
Sorting clusters 100%
Writing clusters 100%
Clusters: 7 Size min 1, max 1, avg 1.0
Singletons: 7, 100.0% of seqs, 100.0% of clusters
Multiple alignments 100%
vsearch v2.30.0_linux_x86_64, 94.1GB RAM, 24 cores
https://github.com/torognes/vsearch

Reading file results/clustering/cdr/r3_comp_zikv/cdr3_clusters/594353cc-d6a0-4fa2-bd34-de57e52ccad4-IGH.fasta 100%
0 nt in 0 seqs
minseqlength 6: 13 sequences discarded.
Masking 100%
Sorting by length 100%
Counting k-mers 100%
Clustering 100%
Sorting clusters 100%
Writing clusters 100%
Clusters: 0
Singletons: 0
Multiple alignments 100%
vsearch v2.30.0_linux_x86_64, 94.1GB RAM, 24 cores
https://github.com/torognes/vsearch

Reading file results/clustering/cdr/r3_comp_zikv/cdr3_clusters/b5b16e8e-9cdb-4a36-8c0e-2f94315ee845-IGH.fasta 100%
0 nt in 0 seqs
minseqlength 6: 1 sequence discarded.
Masking 100%
Sorting by length 100%
Counting k-mers 100%
Clustering 100%
Sorting clusters 100%
Writing clusters 100%
Clusters: 0
Singletons: 0
Multiple alignments 100%
vsearch v2.30.0_linux_x86_64, 94.1GB RAM, 24 cores
https://github.com/torognes/vsearch

Reading file results/clustering/cdr/r3_comp_zikv/cdr3_clusters/c6e37013-6d7d-4897-a3c4-13f771732308-IGH.fasta 100%
1441 nt in 29 seqs, min 36, max 60, avg 50
Masking 100%
Sorting by length 100%
Counting k-mers 100%
Clustering 100%
Sorting clusters 100%
Writing clusters 100%
Clusters: 28 Size min 1, max 2, avg 1.0
Singletons: 27, 93.1% of seqs, 96.4% of clusters
Multiple alignments 100%
vsearch v2.30.0_linux_x86_64, 94.1GB RAM, 24 cores
https://github.com/torognes/vsearch

Reading file results/clustering/cdr/r3_comp_zikv/cdr3_clusters/22d54605-882f-4f41-b02d-e69580dc90f6-IGK.fasta 100%
56 nt in 2 seqs, min 26, max 30, avg 28
minseqlength 6: 10 sequences discarded.
Masking 100%
Sorting by length 100%
Counting k-mers 100%
Clustering 100%
Sorting clusters 100%
Writing clusters 100%
Clusters: 2 Size min 1, max 1, avg 1.0
Singletons: 2, 100.0% of seqs, 100.0% of clusters
Multiple alignments 100%
vsearch v2.30.0_linux_x86_64, 94.1GB RAM, 24 cores
https://github.com/torognes/vsearch

Reading file results/clustering/cdr/r3_comp_zikv/cdr3_clusters/4fe1fc71-1271-42eb-be3c-b76e6140552e-IGH.fasta 100%
0 nt in 0 seqs
minseqlength 6: 1 sequence discarded.
Masking 100%
Sorting by length 100%
Counting k-mers 100%
Clustering 100%
Sorting clusters 100%
Writing clusters 100%
Clusters: 0
Singletons: 0
Multiple alignments 100%
vsearch v2.30.0_linux_x86_64, 94.1GB RAM, 24 cores
https://github.com/torognes/vsearch

Reading file results/clustering/cdr/r3_comp_zikv/cdr3_clusters/b10a7f17-00d4-478a-ad4c-33e5e5f2110b-IGK.fasta 100%
0 nt in 0 seqs
minseqlength 6: 2 sequences discarded.
Masking 100%
Sorting by length 100%
Counting k-mers 100%
Clustering 100%
Sorting clusters 100%
Writing clusters 100%
Clusters: 0
Singletons: 0
Multiple alignments 100%
vsearch v2.30.0_linux_x86_64, 94.1GB RAM, 24 cores
https://github.com/torognes/vsearch

Reading file results/clustering/cdr/r3_comp_zikv/cdr3_clusters/34a6bf26-c724-4321-b409-0e3e7c988b87-IGK.fasta 100%
0 nt in 0 seqs
minseqlength 6: 3 sequences discarded.
Masking 100%
Sorting by length 100%
Counting k-mers 100%
Clustering 100%
Sorting clusters 100%
Writing clusters 100%
Clusters: 0
Singletons: 0
Multiple alignments 100%
vsearch v2.30.0_linux_x86_64, 94.1GB RAM, 24 cores
https://github.com/torognes/vsearch

Reading file results/clustering/cdr/r3_comp_zikv/cdr3_clusters/39166bf2-20d9-4820-acac-1118adb198f3-IGH.fasta 100%
19 nt in 1 seqs, min 19, max 19, avg 19
minseqlength 6: 28 sequences discarded.
Masking 100%
Sorting by length 100%
Counting k-mers 100%
Clustering 100%
Sorting clusters 100%
Writing clusters 100%
Clusters: 1 Size min 1, max 1, avg 1.0
Singletons: 1, 100.0% of seqs, 100.0% of clusters
Multiple alignments 100%
vsearch v2.30.0_linux_x86_64, 94.1GB RAM, 24 cores
https://github.com/torognes/vsearch

Reading file results/clustering/cdr/r3_comp_zikv/cdr3_clusters/296ddfeb-bb97-49dc-b3d2-d3f2c7c35567-IGH.fasta 100%
357 nt in 6 seqs, min 48, max 71, avg 60
Masking 100%
Sorting by length 100%
Counting k-mers 100%
Clustering 100%
Sorting clusters 100%
Writing clusters 100%
Clusters: 5 Size min 1, max 2, avg 1.2
Singletons: 4, 66.7% of seqs, 80.0% of clusters
Multiple alignments 100%
vsearch v2.30.0_linux_x86_64, 94.1GB RAM, 24 cores
https://github.com/torognes/vsearch

Reading file results/clustering/cdr/r3_comp_zikv/cdr3_clusters/0f734265-7282-43cc-806f-3550a75806a7-IGH.fasta 100%
181 nt in 5 seqs, min 33, max 43, avg 36
Masking 100%
Sorting by length 100%
Counting k-mers 100%
Clustering 100%
Sorting clusters 100%
Writing clusters 100%
Clusters: 5 Size min 1, max 1, avg 1.0
Singletons: 5, 100.0% of seqs, 100.0% of clusters
Multiple alignments 100%
vsearch v2.30.0_linux_x86_64, 94.1GB RAM, 24 cores
https://github.com/torognes/vsearch

Reading file results/clustering/cdr/r3_comp_zikv/cdr3_clusters/5db3c428-0a57-4466-8af4-942a300fc420-IGK.fasta 100%
165 nt in 6 seqs, min 27, max 30, avg 28
Masking 100%
Sorting by length 100%
Counting k-mers 100%
Clustering 100%
Sorting clusters 100%
Writing clusters 100%
Clusters: 6 Size min 1, max 1, avg 1.0
Singletons: 6, 100.0% of seqs, 100.0% of clusters
Multiple alignments 100%
vsearch v2.30.0_linux_x86_64, 94.1GB RAM, 24 cores
https://github.com/torognes/vsearch

Reading file results/clustering/cdr/r3_comp_zikv/cdr3_clusters/4268cc1f-9b8d-44f6-96b8-46bf360a8c5f-IGH.fasta 100%
296 nt in 7 seqs, min 24, max 58, avg 42
Masking 100%
Sorting by length 100%
Counting k-mers 100%
Clustering 100%
Sorting clusters 100%
Writing clusters 100%
Clusters: 7 Size min 1, max 1, avg 1.0
Singletons: 7, 100.0% of seqs, 100.0% of clusters
Multiple alignments 100%
vsearch v2.30.0_linux_x86_64, 94.1GB RAM, 24 cores
https://github.com/torognes/vsearch

Reading file results/clustering/cdr/r3_comp_zikv/cdr3_clusters/739f2602-e0c6-47c5-b596-044fdba9ba89-IGK.fasta 100%
166 nt in 6 seqs, min 26, max 30, avg 28
Masking 100%
Sorting by length 100%
Counting k-mers 100%
Clustering 100%
Sorting clusters 100%
Writing clusters 100%
Clusters: 6 Size min 1, max 1, avg 1.0
Singletons: 6, 100.0% of seqs, 100.0% of clusters
Multiple alignments 100%
vsearch v2.30.0_linux_x86_64, 94.1GB RAM, 24 cores
https://github.com/torognes/vsearch

Reading file results/clustering/cdr/r3_comp_zikv/cdr3_clusters/1a0c154a-ba01-44e9-81b0-0e278fd42a45-IGH.fasta 100%
2138 nt in 54 seqs, min 24, max 57, avg 40
Masking 100%
Sorting by length 100%
Counting k-mers 100%
Clustering 100%
Sorting clusters 100%
Writing clusters 100%
Clusters: 52 Size min 1, max 2, avg 1.0
Singletons: 50, 92.6% of seqs, 96.2% of clusters
Multiple alignments 100%
vsearch v2.30.0_linux_x86_64, 94.1GB RAM, 24 cores
https://github.com/torognes/vsearch

Reading file results/clustering/cdr/r3_comp_zikv/cdr3_clusters/39b0ac89-3cb5-4e26-89f3-306556bce647-IGK.fasta 100%
0 nt in 0 seqs
minseqlength 6: 6 sequences discarded.
Masking 100%
Sorting by length 100%
Counting k-mers 100%
Clustering 100%
Sorting clusters 100%
Writing clusters 100%
Clusters: 0
Singletons: 0
Multiple alignments 100%
vsearch v2.30.0_linux_x86_64, 94.1GB RAM, 24 cores
https://github.com/torognes/vsearch

Reading file results/clustering/cdr/r3_comp_zikv/cdr3_clusters/0bbdf572-2fbe-40a2-85f0-3b50deca1bce-IGH.fasta 100%
0 nt in 0 seqs
minseqlength 6: 7 sequences discarded.
Masking 100%
Sorting by length 100%
Counting k-mers 100%
Clustering 100%
Sorting clusters 100%
Writing clusters 100%
Clusters: 0
Singletons: 0
Multiple alignments 100%
vsearch v2.30.0_linux_x86_64, 94.1GB RAM, 24 cores
https://github.com/torognes/vsearch

Reading file results/clustering/cdr/r3_comp_zikv/cdr3_clusters/7b8d76da-21f3-47f5-a557-1e0527d04054-IGK.fasta 100%
1690 nt in 63 seqs, min 20, max 30, avg 27
Masking 100%
Sorting by length 100%
Counting k-mers 100%
Clustering 100%
Sorting clusters 100%
Writing clusters 100%
Clusters: 59 Size min 1, max 2, avg 1.1
Singletons: 55, 87.3% of seqs, 93.2% of clusters
Multiple alignments 100%
vsearch v2.30.0_linux_x86_64, 94.1GB RAM, 24 cores
https://github.com/torognes/vsearch

Reading file results/clustering/cdr/r3_comp_zikv/cdr3_clusters/17e6c07c-8651-4336-a31e-5f2b861e0788-IGK.fasta 100%
0 nt in 0 seqs
minseqlength 6: 3 sequences discarded.
Masking 100%
Sorting by length 100%
Counting k-mers 100%
Clustering 100%
Sorting clusters 100%
Writing clusters 100%
Clusters: 0
Singletons: 0
Multiple alignments 100%
vsearch v2.30.0_linux_x86_64, 94.1GB RAM, 24 cores
https://github.com/torognes/vsearch

Reading file results/clustering/cdr/r3_comp_zikv/cdr3_clusters/0f80b3e2-e3e8-4773-85bc-e21b6826ad01-IGH.fasta 100%
0 nt in 0 seqs
minseqlength 6: 70 sequences discarded.
Masking 100%
Sorting by length 100%
Counting k-mers 100%
Clustering 100%
Sorting clusters 100%
Writing clusters 100%
Clusters: 0
Singletons: 0
Multiple alignments 100%
vsearch v2.30.0_linux_x86_64, 94.1GB RAM, 24 cores
https://github.com/torognes/vsearch

Reading file results/clustering/cdr/r3_comp_zikv/cdr3_clusters/a5a6d945-5af3-41d3-8524-0398593a2fc9-IGK.fasta 100%
420 nt in 16 seqs, min 15, max 30, avg 26
Masking 100%
Sorting by length 100%
Counting k-mers 100%
Clustering 100%
Sorting clusters 100%
Writing clusters 100%
Clusters: 14 Size min 1, max 3, avg 1.1
Singletons: 13, 81.2% of seqs, 92.9% of clusters
Multiple alignments 100%
vsearch v2.30.0_linux_x86_64, 94.1GB RAM, 24 cores
https://github.com/torognes/vsearch

Reading file results/clustering/cdr/r3_comp_zikv/cdr3_clusters/0504b6f5-31db-4f0f-9c33-d19bdac0f086-IGK.fasta 100%
0 nt in 0 seqs
minseqlength 6: 1 sequence discarded.
Masking 100%
Sorting by length 100%
Counting k-mers 100%
Clustering 100%
Sorting clusters 100%
Writing clusters 100%
Clusters: 0
Singletons: 0
Multiple alignments 100%
vsearch v2.30.0_linux_x86_64, 94.1GB RAM, 24 cores
https://github.com/torognes/vsearch

Reading file results/clustering/cdr/r3_comp_zikv/cdr3_clusters/6b63a04f-8f35-4d54-9998-61186aa890c5-IGK.fasta 100%
220 nt in 8 seqs, min 21, max 31, avg 28
minseqlength 6: 3 sequences discarded.
Masking 100%
Sorting by length 100%
Counting k-mers 100%
Clustering 100%
Sorting clusters 100%
Writing clusters 100%
Clusters: 7 Size min 1, max 2, avg 1.1
Singletons: 6, 75.0% of seqs, 85.7% of clusters
Multiple alignments 100%
vsearch v2.30.0_linux_x86_64, 94.1GB RAM, 24 cores
https://github.com/torognes/vsearch

Reading file results/clustering/cdr/r3_comp_zikv/cdr3_clusters/4111ebde-606d-4b91-98f3-0cbbb213795c-IGK.fasta 100%
139 nt in 5 seqs, min 27, max 30, avg 28
Masking 100%
Sorting by length 100%
Counting k-mers 100%
Clustering 100%
Sorting clusters 100%
Writing clusters 100%
Clusters: 5 Size min 1, max 1, avg 1.0
Singletons: 5, 100.0% of seqs, 100.0% of clusters
Multiple alignments 100%
vsearch v2.30.0_linux_x86_64, 94.1GB RAM, 24 cores
https://github.com/torognes/vsearch

Reading file results/clustering/cdr/r3_comp_zikv/cdr3_clusters/acf343bd-18c7-4bd2-87b5-057f92c39603-IGH.fasta 100%
519 nt in 14 seqs, min 30, max 45, avg 37
Masking 100%
Sorting by length 100%
Counting k-mers 100%
Clustering 100%
Sorting clusters 100%
Writing clusters 100%
Clusters: 14 Size min 1, max 1, avg 1.0
Singletons: 14, 100.0% of seqs, 100.0% of clusters
Multiple alignments 100%
vsearch v2.30.0_linux_x86_64, 94.1GB RAM, 24 cores
https://github.com/torognes/vsearch

Reading file results/clustering/cdr/r3_comp_zikv/cdr3_clusters/f3631496-503f-495f-b489-030e8e9ac1cf-IGH.fasta 100%
640 nt in 11 seqs, min 48, max 70, avg 58
Masking 100%
Sorting by length 100%
Counting k-mers 100%
Clustering 100%
Sorting clusters 100%
Writing clusters 100%
Clusters: 10 Size min 1, max 2, avg 1.1
Singletons: 9, 81.8% of seqs, 90.0% of clusters
Multiple alignments 100%
vsearch v2.30.0_linux_x86_64, 94.1GB RAM, 24 cores
https://github.com/torognes/vsearch

Reading file results/clustering/cdr/r3_comp_zikv/cdr3_clusters/56d26ee4-eef9-4bcc-98f6-a25e32eff6a7-IGK.fasta 100%
215 nt in 8 seqs, min 24, max 28, avg 27
Masking 100%
Sorting by length 100%
Counting k-mers 100%
Clustering 100%
Sorting clusters 100%
Writing clusters 100%
Clusters: 8 Size min 1, max 1, avg 1.0
Singletons: 8, 100.0% of seqs, 100.0% of clusters
Multiple alignments 100%
vsearch v2.30.0_linux_x86_64, 94.1GB RAM, 24 cores
https://github.com/torognes/vsearch

Reading file results/clustering/cdr/r3_comp_zikv/cdr3_clusters/83899375-c7b5-4126-9e9d-96f0cadc378a-IGK.fasta 100%
0 nt in 0 seqs
minseqlength 6: 6 sequences discarded.
Masking 100%
Sorting by length 100%
Counting k-mers 100%
Clustering 100%
Sorting clusters 100%
Writing clusters 100%
Clusters: 0
Singletons: 0
Multiple alignments 100%
vsearch v2.30.0_linux_x86_64, 94.1GB RAM, 24 cores
https://github.com/torognes/vsearch

Reading file results/clustering/cdr/r3_comp_zikv/cdr3_clusters/8ee3942c-f362-4b3a-b4b7-fc723c8eb19c-IGK.fasta 100%
0 nt in 0 seqs
minseqlength 6: 2 sequences discarded.
Masking 100%
Sorting by length 100%
Counting k-mers 100%
Clustering 100%
Sorting clusters 100%
Writing clusters 100%
Clusters: 0
Singletons: 0
Multiple alignments 100%
vsearch v2.30.0_linux_x86_64, 94.1GB RAM, 24 cores
https://github.com/torognes/vsearch

Reading file results/clustering/cdr/r3_comp_zikv/cdr3_clusters/733e4fb2-36f6-4626-b76c-9db57ee7c422-IGH.fasta 100%
33 nt in 1 seqs, min 33, max 33, avg 33
Masking 100%
Sorting by length 100%
Counting k-mers 100%
Clustering 100%
Sorting clusters 100%
Writing clusters 100%
Clusters: 1 Size min 1, max 1, avg 1.0
Singletons: 1, 100.0% of seqs, 100.0% of clusters
Multiple alignments 100%
vsearch v2.30.0_linux_x86_64, 94.1GB RAM, 24 cores
https://github.com/torognes/vsearch

Reading file results/clustering/cdr/r3_comp_zikv/cdr3_clusters/b087f274-7404-4c07-9439-843962661a5d-IGK.fasta 100%
0 nt in 0 seqs
minseqlength 6: 2 sequences discarded.
Masking 100%
Sorting by length 100%
Counting k-mers 100%
Clustering 100%
Sorting clusters 100%
Writing clusters 100%
Clusters: 0
Singletons: 0
Multiple alignments 100%
vsearch v2.30.0_linux_x86_64, 94.1GB RAM, 24 cores
https://github.com/torognes/vsearch

Reading file results/clustering/cdr/r3_comp_zikv/cdr3_clusters/49b7f15c-651e-4313-bd1e-6a59045600d5-IGK.fasta 100%
0 nt in 0 seqs
minseqlength 6: 3 sequences discarded.
Masking 100%
Sorting by length 100%
Counting k-mers 100%
Clustering 100%
Sorting clusters 100%
Writing clusters 100%
Clusters: 0
Singletons: 0
Multiple alignments 100%
vsearch v2.30.0_linux_x86_64, 94.1GB RAM, 24 cores
https://github.com/torognes/vsearch

Reading file results/clustering/cdr/r3_comp_zikv/cdr3_clusters/1ee6f483-23a4-40b4-a265-bcc46f529a54-IGH.fasta 100%
0 nt in 0 seqs
minseqlength 6: 10 sequences discarded.
Masking 100%
Sorting by length 100%
Counting k-mers 100%
Clustering 100%
Sorting clusters 100%
Writing clusters 100%
Clusters: 0
Singletons: 0
Multiple alignments 100%
vsearch v2.30.0_linux_x86_64, 94.1GB RAM, 24 cores
https://github.com/torognes/vsearch

Reading file results/clustering/cdr/r3_comp_zikv/cdr3_clusters/5d2ae2e1-5624-4c3e-ae27-20cbe31ceeb9-IGK.fasta 100%
37 nt in 1 seqs, min 37, max 37, avg 37
minseqlength 6: 15 sequences discarded.
Masking 100%
Sorting by length 100%
Counting k-mers 100%
Clustering 100%
Sorting clusters 100%
Writing clusters 100%
Clusters: 1 Size min 1, max 1, avg 1.0
Singletons: 1, 100.0% of seqs, 100.0% of clusters
Multiple alignments 100%
vsearch v2.30.0_linux_x86_64, 94.1GB RAM, 24 cores
https://github.com/torognes/vsearch

Reading file results/clustering/cdr/r3_comp_zikv/cdr3_clusters/09fe572b-d340-4ded-857e-4561cbf448b5-IGK.fasta 100%
0 nt in 0 seqs
minseqlength 6: 6 sequences discarded.
Masking 100%
Sorting by length 100%
Counting k-mers 100%
Clustering 100%
Sorting clusters 100%
Writing clusters 100%
Clusters: 0
Singletons: 0
Multiple alignments 100%
vsearch v2.30.0_linux_x86_64, 94.1GB RAM, 24 cores
https://github.com/torognes/vsearch

Reading file results/clustering/cdr/r3_comp_zikv/cdr3_clusters/76ad2c64-da58-4ad3-b834-beaa79f25e60-IGK.fasta 100%
240 nt in 9 seqs, min 24, max 31, avg 27
Masking 100%
Sorting by length 100%
Counting k-mers 100%
Clustering 100%
Sorting clusters 100%
Writing clusters 100%
Clusters: 9 Size min 1, max 1, avg 1.0
Singletons: 9, 100.0% of seqs, 100.0% of clusters
Multiple alignments 100%
vsearch v2.30.0_linux_x86_64, 94.1GB RAM, 24 cores
https://github.com/torognes/vsearch

Reading file results/clustering/cdr/r3_comp_zikv/cdr3_clusters/f3d34c73-a3f4-48de-8a98-c73720bcfadc-IGH.fasta 100%
0 nt in 0 seqs
minseqlength 6: 1 sequence discarded.
Masking 100%
Sorting by length 100%
Counting k-mers 100%
Clustering 100%
Sorting clusters 100%
Writing clusters 100%
Clusters: 0
Singletons: 0
Multiple alignments 100%
vsearch v2.30.0_linux_x86_64, 94.1GB RAM, 24 cores
https://github.com/torognes/vsearch

Reading file results/clustering/cdr/r3_comp_zikv/cdr3_clusters/a7b3f5be-8180-4cdf-95fd-0f9027c235a6-IGH.fasta 100%
3235 nt in 74 seqs, min 26, max 63, avg 44
Masking 100%
Sorting by length 100%
Counting k-mers 100%
Clustering 100%
Sorting clusters 100%
Writing clusters 100%
Clusters: 72 Size min 1, max 3, avg 1.0
Singletons: 71, 95.9% of seqs, 98.6% of clusters
Multiple alignments 100%
vsearch v2.30.0_linux_x86_64, 94.1GB RAM, 24 cores
https://github.com/torognes/vsearch

Reading file results/clustering/cdr/r3_comp_zikv/cdr3_clusters/dc50f89b-2382-42ee-800d-dc2ee99363f7-IGH.fasta 100%
158 nt in 5 seqs, min 27, max 37, avg 32
Masking 100%
Sorting by length 100%
Counting k-mers 100%
Clustering 100%
Sorting clusters 100%
Writing clusters 100%
Clusters: 5 Size min 1, max 1, avg 1.0
Singletons: 5, 100.0% of seqs, 100.0% of clusters
Multiple alignments 100%
vsearch v2.30.0_linux_x86_64, 94.1GB RAM, 24 cores
https://github.com/torognes/vsearch

Reading file results/clustering/cdr/r3_comp_zikv/cdr3_clusters/3c20f504-b0e3-4ff3-9747-4ebccc484888-IGH.fasta 100%
0 nt in 0 seqs
minseqlength 6: 4 sequences discarded.
Masking 100%
Sorting by length 100%
Counting k-mers 100%
Clustering 100%
Sorting clusters 100%
Writing clusters 100%
Clusters: 0
Singletons: 0
Multiple alignments 100%
vsearch v2.30.0_linux_x86_64, 94.1GB RAM, 24 cores
https://github.com/torognes/vsearch

Reading file results/clustering/cdr/r3_comp_zikv/cdr3_clusters/2ce51404-ba5f-4d8c-9e00-4c3c75c86369-IGK.fasta 100%
0 nt in 0 seqs
minseqlength 6: 1 sequence discarded.
Masking 100%
Sorting by length 100%
Counting k-mers 100%
Clustering 100%
Sorting clusters 100%
Writing clusters 100%
Clusters: 0
Singletons: 0
Multiple alignments 100%
vsearch v2.30.0_linux_x86_64, 94.1GB RAM, 24 cores
https://github.com/torognes/vsearch

Reading file results/clustering/cdr/r3_comp_zikv/cdr3_clusters/20407ad6-77e6-4915-9db2-14f324b82493-IGH.fasta 100%
701 nt in 15 seqs, min 25, max 60, avg 47
Masking 100%
Sorting by length 100%
Counting k-mers 100%
Clustering 100%
Sorting clusters 100%
Writing clusters 100%
Clusters: 15 Size min 1, max 1, avg 1.0
Singletons: 15, 100.0% of seqs, 100.0% of clusters
Multiple alignments 100%
vsearch v2.30.0_linux_x86_64, 94.1GB RAM, 24 cores
https://github.com/torognes/vsearch

Reading file results/clustering/cdr/r3_comp_zikv/cdr3_clusters/ec15bae5-2de7-4cee-b059-21010d78dbc7-IGK.fasta 100%
120 nt in 5 seqs, min 21, max 27, avg 24
Masking 100%
Sorting by length 100%
Counting k-mers 100%
Clustering 100%
Sorting clusters 100%
Writing clusters 100%
Clusters: 5 Size min 1, max 1, avg 1.0
Singletons: 5, 100.0% of seqs, 100.0% of clusters
Multiple alignments 100%
vsearch v2.30.0_linux_x86_64, 94.1GB RAM, 24 cores
https://github.com/torognes/vsearch

Reading file results/clustering/cdr/r3_comp_zikv/cdr3_clusters/3f30169f-60c3-4b13-8126-671f852c0aba-IGH.fasta 100%
581 nt in 15 seqs, min 21, max 50, avg 39
Masking 100%
Sorting by length 100%
Counting k-mers 100%
Clustering 100%
Sorting clusters 100%
Writing clusters 100%
Clusters: 14 Size min 1, max 2, avg 1.1
Singletons: 13, 86.7% of seqs, 92.9% of clusters
Multiple alignments 100%
vsearch v2.30.0_linux_x86_64, 94.1GB RAM, 24 cores
https://github.com/torognes/vsearch

Reading file results/clustering/cdr/r3_comp_zikv/cdr3_clusters/200d583f-7f76-430a-84e4-e822dde207eb-IGK.fasta 100%
0 nt in 0 seqs
Masking 100%
Sorting by length 100%
Counting k-mers 100%
Clustering 100%
Sorting clusters 100%
Writing clusters 100%
Clusters: 0
Singletons: 0
Multiple alignments 100%
vsearch v2.30.0_linux_x86_64, 94.1GB RAM, 24 cores
https://github.com/torognes/vsearch

Reading file results/clustering/cdr/r3_comp_zikv/cdr3_clusters/2d244cec-b317-4ff1-8d79-82575ceac546-IGK.fasta 100%
32 nt in 1 seqs, min 32, max 32, avg 32
minseqlength 6: 21 sequences discarded.
Masking 100%
Sorting by length 100%
Counting k-mers 100%
Clustering 100%
Sorting clusters 100%
Writing clusters 100%
Clusters: 1 Size min 1, max 1, avg 1.0
Singletons: 1, 100.0% of seqs, 100.0% of clusters
Multiple alignments 100%
vsearch v2.30.0_linux_x86_64, 94.1GB RAM, 24 cores
https://github.com/torognes/vsearch

Reading file results/clustering/cdr/r3_comp_zikv/cdr3_clusters/1edeec83-1792-4846-9eec-c0b729babd3a-IGK.fasta 100%
213 nt in 8 seqs, min 21, max 30, avg 27
Masking 100%
Sorting by length 100%
Counting k-mers 100%
Clustering 100%
Sorting clusters 100%
Writing clusters 100%
Clusters: 7 Size min 1, max 2, avg 1.1
Singletons: 6, 75.0% of seqs, 85.7% of clusters
Multiple alignments 100%
vsearch v2.30.0_linux_x86_64, 94.1GB RAM, 24 cores
https://github.com/torognes/vsearch

Reading file results/clustering/cdr/r3_comp_zikv/cdr3_clusters/b56bcded-7f15-4e3f-bd06-4c27d3076283-IGK.fasta 100%
0 nt in 0 seqs
minseqlength 6: 27 sequences discarded.
Masking 100%
Sorting by length 100%
Counting k-mers 100%
Clustering 100%
Sorting clusters 100%
Writing clusters 100%
Clusters: 0
Singletons: 0
Multiple alignments 100%
vsearch v2.30.0_linux_x86_64, 94.1GB RAM, 24 cores
https://github.com/torognes/vsearch

Reading file results/clustering/cdr/r3_comp_zikv/cdr3_clusters/4d9b2feb-64ce-4211-b098-d74ee04a746f-IGH.fasta 100%
492 nt in 9 seqs, min 39, max 66, avg 55
Masking 100%
Sorting by length 100%
Counting k-mers 100%
Clustering 100%
Sorting clusters 100%
Writing clusters 100%
Clusters: 8 Size min 1, max 2, avg 1.1
Singletons: 7, 77.8% of seqs, 87.5% of clusters
Multiple alignments 100%
vsearch v2.30.0_linux_x86_64, 94.1GB RAM, 24 cores
https://github.com/torognes/vsearch

Reading file results/clustering/cdr/r3_comp_zikv/cdr3_clusters/d38344e8-b614-4c89-b9ab-1bce66783c2a-IGK.fasta 100%
0 nt in 0 seqs
minseqlength 6: 1 sequence discarded.
Masking 100%
Sorting by length 100%
Counting k-mers 100%
Clustering 100%
Sorting clusters 100%
Writing clusters 100%
Clusters: 0
Singletons: 0
Multiple alignments 100%
vsearch v2.30.0_linux_x86_64, 94.1GB RAM, 24 cores
https://github.com/torognes/vsearch

Reading file results/clustering/cdr/r3_comp_zikv/cdr3_clusters/68d445e2-4f0d-473a-90bc-532b586d2ff8-IGH.fasta 100%
0 nt in 0 seqs
minseqlength 6: 1 sequence discarded.
Masking 100%
Sorting by length 100%
Counting k-mers 100%
Clustering 100%
Sorting clusters 100%
Writing clusters 100%
Clusters: 0
Singletons: 0
Multiple alignments 100%
vsearch v2.30.0_linux_x86_64, 94.1GB RAM, 24 cores
https://github.com/torognes/vsearch

Reading file results/clustering/cdr/r3_comp_zikv/cdr3_clusters/07053a14-bcf6-40b1-8d13-61103651c72a-IGK.fasta 100%
0 nt in 0 seqs
minseqlength 6: 5 sequences discarded.
Masking 100%
Sorting by length 100%
Counting k-mers 100%
Clustering 100%
Sorting clusters 100%
Writing clusters 100%
Clusters: 0
Singletons: 0
Multiple alignments 100%
vsearch v2.30.0_linux_x86_64, 94.1GB RAM, 24 cores
https://github.com/torognes/vsearch

Reading file results/clustering/cdr/r3_comp_zikv/cdr3_clusters/7d43e550-d219-4f1c-91ce-8b42de7f3f5d-IGK.fasta 100%
272 nt in 10 seqs, min 26, max 30, avg 27
Masking 100%
Sorting by length 100%
Counting k-mers 100%
Clustering 100%
Sorting clusters 100%
Writing clusters 100%
Clusters: 7 Size min 1, max 2, avg 1.4
Singletons: 4, 40.0% of seqs, 57.1% of clusters
Multiple alignments 100%
vsearch v2.30.0_linux_x86_64, 94.1GB RAM, 24 cores
https://github.com/torognes/vsearch

Reading file results/clustering/cdr/r3_comp_zikv/cdr3_clusters/38cbe6f6-9f07-4803-88aa-3a8b9818189f-IGK.fasta 100%
29 nt in 1 seqs, min 29, max 29, avg 29
minseqlength 6: 19 sequences discarded.
Masking 100%
Sorting by length 100%
Counting k-mers 100%
Clustering 100%
Sorting clusters 100%
Writing clusters 100%
Clusters: 1 Size min 1, max 1, avg 1.0
Singletons: 1, 100.0% of seqs, 100.0% of clusters
Multiple alignments 100%
vsearch v2.30.0_linux_x86_64, 94.1GB RAM, 24 cores
https://github.com/torognes/vsearch

Reading file results/clustering/cdr/r3_comp_zikv/cdr3_clusters/484fb77a-68a9-47bd-860b-958373d97712-IGH.fasta 100%
0 nt in 0 seqs
Masking 100%
Sorting by length 100%
Counting k-mers 100%
Clustering 100%
Sorting clusters 100%
Writing clusters 100%
Clusters: 0
Singletons: 0
Multiple alignments 100%
vsearch v2.30.0_linux_x86_64, 94.1GB RAM, 24 cores
https://github.com/torognes/vsearch

Reading file results/clustering/cdr/r3_comp_zikv/cdr3_clusters/fd3a0ce3-faf4-4eca-bd6a-484ff8a059a5-IGK.fasta 100%
0 nt in 0 seqs
minseqlength 6: 2 sequences discarded.
Masking 100%
Sorting by length 100%
Counting k-mers 100%
Clustering 100%
Sorting clusters 100%
Writing clusters 100%
Clusters: 0
Singletons: 0
Multiple alignments 100%
vsearch v2.30.0_linux_x86_64, 94.1GB RAM, 24 cores
https://github.com/torognes/vsearch

Reading file results/clustering/cdr/r3_comp_zikv/cdr3_clusters/38a61641-bd36-41bc-ad38-8fbccbd12b23-IGH.fasta 100%
0 nt in 0 seqs
Masking 100%
Sorting by length 100%
Counting k-mers 100%
Clustering 100%
Sorting clusters 100%
Writing clusters 100%
Clusters: 0
Singletons: 0
Multiple alignments 100%
vsearch v2.30.0_linux_x86_64, 94.1GB RAM, 24 cores
https://github.com/torognes/vsearch

Reading file results/clustering/cdr/r3_comp_zikv/cdr3_clusters/0adec3e6-fd93-4064-ae92-34564f512d14-IGK.fasta 100%
248 nt in 9 seqs, min 21, max 30, avg 28
Masking 100%
Sorting by length 100%
Counting k-mers 100%
Clustering 100%
Sorting clusters 100%
Writing clusters 100%
Clusters: 9 Size min 1, max 1, avg 1.0
Singletons: 9, 100.0% of seqs, 100.0% of clusters
Multiple alignments 100%
vsearch v2.30.0_linux_x86_64, 94.1GB RAM, 24 cores
https://github.com/torognes/vsearch

Reading file results/clustering/cdr/r3_comp_zikv/cdr3_clusters/78a1db98-b929-496c-b43b-0d6fe9347899-IGK.fasta 100%
110 nt in 4 seqs, min 27, max 29, avg 28
minseqlength 6: 8 sequences discarded.
Masking 100%
Sorting by length 100%
Counting k-mers 100%
Clustering 100%
Sorting clusters 100%
Writing clusters 100%
Clusters: 4 Size min 1, max 1, avg 1.0
Singletons: 4, 100.0% of seqs, 100.0% of clusters
Multiple alignments 100%
vsearch v2.30.0_linux_x86_64, 94.1GB RAM, 24 cores
https://github.com/torognes/vsearch

Reading file results/clustering/cdr/r3_comp_zikv/cdr3_clusters/76b0448a-3983-4596-af00-0474a158291a-IGK.fasta 100%
0 nt in 0 seqs
minseqlength 6: 17 sequences discarded.
Masking 100%
Sorting by length 100%
Counting k-mers 100%
Clustering 100%
Sorting clusters 100%
Writing clusters 100%
Clusters: 0
Singletons: 0
Multiple alignments 100%
vsearch v2.30.0_linux_x86_64, 94.1GB RAM, 24 cores
https://github.com/torognes/vsearch

Reading file results/clustering/cdr/r3_comp_zikv/cdr3_clusters/147d6183-481e-4482-9b26-7d7654b0f059-IGK.fasta 100%
0 nt in 0 seqs
Masking 100%
Sorting by length 100%
Counting k-mers 100%
Clustering 100%
Sorting clusters 100%
Writing clusters 100%
Clusters: 0
Singletons: 0
Multiple alignments 100%
vsearch v2.30.0_linux_x86_64, 94.1GB RAM, 24 cores
https://github.com/torognes/vsearch

Reading file results/clustering/cdr/r3_comp_zikv/cdr3_clusters/b3fd6b47-dadd-469b-856b-cb5c018c305c-IGH.fasta 100%
144 nt in 4 seqs, min 24, max 51, avg 36
minseqlength 6: 1 sequence discarded.
Masking 100%
Sorting by length 100%
Counting k-mers 100%
Clustering 100%
Sorting clusters 100%
Writing clusters 100%
Clusters: 4 Size min 1, max 1, avg 1.0
Singletons: 4, 100.0% of seqs, 100.0% of clusters
Multiple alignments 100%
vsearch v2.30.0_linux_x86_64, 94.1GB RAM, 24 cores
https://github.com/torognes/vsearch

Reading file results/clustering/cdr/r3_comp_zikv/cdr3_clusters/f32b0ded-b9c0-4de7-8fc4-ba30d4423177-IGH.fasta 100%
319 nt in 6 seqs, min 42, max 63, avg 53
Masking 100%
Sorting by length 100%
Counting k-mers 100%
Clustering 100%
Sorting clusters 100%
Writing clusters 100%
Clusters: 5 Size min 1, max 2, avg 1.2
Singletons: 4, 66.7% of seqs, 80.0% of clusters
Multiple alignments 100%
vsearch v2.30.0_linux_x86_64, 94.1GB RAM, 24 cores
https://github.com/torognes/vsearch

Reading file results/clustering/cdr/r3_comp_zikv/cdr3_clusters/53ad0c0a-c335-4d64-9bdd-761177dee605-IGH.fasta 100%
210 nt in 4 seqs, min 49, max 54, avg 52
minseqlength 6: 1 sequence discarded.
Masking 100%
Sorting by length 100%
Counting k-mers 100%
Clustering 100%
Sorting clusters 100%
Writing clusters 100%
Clusters: 3 Size min 1, max 2, avg 1.3
Singletons: 2, 50.0% of seqs, 66.7% of clusters
Multiple alignments 100%
vsearch v2.30.0_linux_x86_64, 94.1GB RAM, 24 cores
https://github.com/torognes/vsearch

Reading file results/clustering/cdr/r3_comp_zikv/cdr3_clusters/16deacf7-b428-442d-bf08-51116d352be0-IGK.fasta 100%
511 nt in 20 seqs, min 13, max 33, avg 26
Masking 100%
Sorting by length 100%
Counting k-mers 100%
Clustering 100%
Sorting clusters 100%
Writing clusters 100%
Clusters: 19 Size min 1, max 2, avg 1.1
Singletons: 18, 90.0% of seqs, 94.7% of clusters
Multiple alignments 100%
vsearch v2.30.0_linux_x86_64, 94.1GB RAM, 24 cores
https://github.com/torognes/vsearch

Reading file results/clustering/cdr/r3_comp_zikv/cdr3_clusters/2f79c05c-ced0-4a57-ae01-08a8be8d4125-IGH.fasta 100%
0 nt in 0 seqs
minseqlength 6: 9 sequences discarded.
Masking 100%
Sorting by length 100%
Counting k-mers 100%
Clustering 100%
Sorting clusters 100%
Writing clusters 100%
Clusters: 0
Singletons: 0
Multiple alignments 100%
vsearch v2.30.0_linux_x86_64, 94.1GB RAM, 24 cores
https://github.com/torognes/vsearch

Reading file results/clustering/cdr/r3_comp_zikv/cdr3_clusters/e11ca6f5-2999-430f-a649-8c68429965ac-IGK.fasta 100%
0 nt in 0 seqs
minseqlength 6: 9 sequences discarded.
Masking 100%
Sorting by length 100%
Counting k-mers 100%
Clustering 100%
Sorting clusters 100%
Writing clusters 100%
Clusters: 0
Singletons: 0
Multiple alignments 100%
vsearch v2.30.0_linux_x86_64, 94.1GB RAM, 24 cores
https://github.com/torognes/vsearch

Reading file results/clustering/cdr/r3_comp_zikv/cdr3_clusters/ed699eba-a37b-4c41-acba-4c1178bfd2ca-IGH.fasta 100%
0 nt in 0 seqs
minseqlength 6: 14 sequences discarded.
Masking 100%
Sorting by length 100%
Counting k-mers 100%
Clustering 100%
Sorting clusters 100%
Writing clusters 100%
Clusters: 0
Singletons: 0
Multiple alignments 100%
vsearch v2.30.0_linux_x86_64, 94.1GB RAM, 24 cores
https://github.com/torognes/vsearch

Reading file results/clustering/cdr/r3_comp_zikv/cdr3_clusters/c89c8387-fd9e-4221-97a8-d4a6c0a58394-IGK.fasta 100%
0 nt in 0 seqs
Masking 100%
Sorting by length 100%
Counting k-mers 100%
Clustering 100%
Sorting clusters 100%
Writing clusters 100%
Clusters: 0
Singletons: 0
Multiple alignments 100%
vsearch v2.30.0_linux_x86_64, 94.1GB RAM, 24 cores
https://github.com/torognes/vsearch

Reading file results/clustering/cdr/r3_comp_zikv/cdr3_clusters/0db5adf0-03bb-41e3-944e-ec3346ff631a-IGK.fasta 100%
0 nt in 0 seqs
minseqlength 6: 56 sequences discarded.
Masking 100%
Sorting by length 100%
Counting k-mers 100%
Clustering 100%
Sorting clusters 100%
Writing clusters 100%
Clusters: 0
Singletons: 0
Multiple alignments 100%
vsearch v2.30.0_linux_x86_64, 94.1GB RAM, 24 cores
https://github.com/torognes/vsearch

Reading file results/clustering/cdr/r3_comp_zikv/cdr3_clusters/086e3f2b-7783-49f1-af28-72349cdee242-IGH.fasta 100%
0 nt in 0 seqs
minseqlength 6: 1 sequence discarded.
Masking 100%
Sorting by length 100%
Counting k-mers 100%
Clustering 100%
Sorting clusters 100%
Writing clusters 100%
Clusters: 0
Singletons: 0
Multiple alignments 100%
vsearch v2.30.0_linux_x86_64, 94.1GB RAM, 24 cores
https://github.com/torognes/vsearch

Reading file results/clustering/cdr/r3_comp_zikv/cdr3_clusters/93e4f288-bda3-42d5-a493-2715413b60e7-IGH.fasta 100%
39 nt in 1 seqs, min 39, max 39, avg 39
minseqlength 6: 1 sequence discarded.
Masking 100%
Sorting by length 100%
Counting k-mers 100%
Clustering 100%
Sorting clusters 100%
Writing clusters 100%
Clusters: 1 Size min 1, max 1, avg 1.0
Singletons: 1, 100.0% of seqs, 100.0% of clusters
Multiple alignments 100%
vsearch v2.30.0_linux_x86_64, 94.1GB RAM, 24 cores
https://github.com/torognes/vsearch

Reading file results/clustering/cdr/r3_comp_zikv/cdr3_clusters/be79ada3-72ef-4418-a2b8-e44d6eb1300d-IGK.fasta 100%
0 nt in 0 seqs
minseqlength 6: 13 sequences discarded.
Masking 100%
Sorting by length 100%
Counting k-mers 100%
Clustering 100%
Sorting clusters 100%
Writing clusters 100%
Clusters: 0
Singletons: 0
Multiple alignments 100%
vsearch v2.30.0_linux_x86_64, 94.1GB RAM, 24 cores
https://github.com/torognes/vsearch

Reading file results/clustering/cdr/r3_comp_zikv/cdr3_clusters/1340fa69-06d1-4cc1-b364-6f224dde15e2-IGH.fasta 100%
983 nt in 19 seqs, min 39, max 63, avg 52
Masking 100%
Sorting by length 100%
Counting k-mers 100%
Clustering 100%
Sorting clusters 100%
Writing clusters 100%
Clusters: 19 Size min 1, max 1, avg 1.0
Singletons: 19, 100.0% of seqs, 100.0% of clusters
Multiple alignments 100%
vsearch v2.30.0_linux_x86_64, 94.1GB RAM, 24 cores
https://github.com/torognes/vsearch

Reading file results/clustering/cdr/r3_comp_zikv/cdr3_clusters/3599f920-3dd3-4bc5-a8ab-4fe92565d6b5-IGK.fasta 100%
0 nt in 0 seqs
minseqlength 6: 10 sequences discarded.
Masking 100%
Sorting by length 100%
Counting k-mers 100%
Clustering 100%
Sorting clusters 100%
Writing clusters 100%
Clusters: 0
Singletons: 0
Multiple alignments 100%
vsearch v2.30.0_linux_x86_64, 94.1GB RAM, 24 cores
https://github.com/torognes/vsearch

Reading file results/clustering/cdr/r3_comp_zikv/cdr3_clusters/5da34fa2-503b-44e4-b944-327119bc4402-IGK.fasta 100%
393 nt in 13 seqs, min 27, max 38, avg 30
Masking 100%
Sorting by length 100%
Counting k-mers 100%
Clustering 100%
Sorting clusters 100%
Writing clusters 100%
Clusters: 11 Size min 1, max 3, avg 1.2
Singletons: 10, 76.9% of seqs, 90.9% of clusters
Multiple alignments 100%
vsearch v2.30.0_linux_x86_64, 94.1GB RAM, 24 cores
https://github.com/torognes/vsearch

Reading file results/clustering/cdr/r3_comp_zikv/cdr3_clusters/94fb2c8c-8c68-472a-8094-7a0a9ccbf374-IGK.fasta 100%
0 nt in 0 seqs
minseqlength 6: 19 sequences discarded.
Masking 100%
Sorting by length 100%
Counting k-mers 100%
Clustering 100%
Sorting clusters 100%
Writing clusters 100%
Clusters: 0
Singletons: 0
Multiple alignments 100%
vsearch v2.30.0_linux_x86_64, 94.1GB RAM, 24 cores
https://github.com/torognes/vsearch

Reading file results/clustering/cdr/r3_comp_zikv/cdr3_clusters/8335c9c8-d94b-4078-91d0-bdb11dff984c-IGK.fasta 100%
53 nt in 2 seqs, min 24, max 29, avg 26
minseqlength 6: 5 sequences discarded.
Masking 100%
Sorting by length 100%
Counting k-mers 100%
Clustering 100%
Sorting clusters 100%
Writing clusters 100%
Clusters: 2 Size min 1, max 1, avg 1.0
Singletons: 2, 100.0% of seqs, 100.0% of clusters
Multiple alignments 100%
vsearch v2.30.0_linux_x86_64, 94.1GB RAM, 24 cores
https://github.com/torognes/vsearch

Reading file results/clustering/cdr/r3_comp_zikv/cdr3_clusters/f2bef708-8993-43ca-9ba5-b3f3be9d038d-IGH.fasta 100%
222 nt in 6 seqs, min 33, max 42, avg 37
Masking 100%
Sorting by length 100%
Counting k-mers 100%
Clustering 100%
Sorting clusters 100%
Writing clusters 100%
Clusters: 4 Size min 1, max 2, avg 1.5
Singletons: 2, 33.3% of seqs, 50.0% of clusters
Multiple alignments 100%
vsearch v2.30.0_linux_x86_64, 94.1GB RAM, 24 cores
https://github.com/torognes/vsearch

Reading file results/clustering/cdr/r3_comp_zikv/cdr3_clusters/08c95386-e28c-48b5-b7ea-e5f8a65eca18-IGH.fasta 100%
1353 nt in 31 seqs, min 30, max 57, avg 44
Masking 100%
Sorting by length 100%
Counting k-mers 100%
Clustering 100%
Sorting clusters 100%
Writing clusters 100%
Clusters: 30 Size min 1, max 2, avg 1.0
Singletons: 29, 93.5% of seqs, 96.7% of clusters
Multiple alignments 100%
vsearch v2.30.0_linux_x86_64, 94.1GB RAM, 24 cores
https://github.com/torognes/vsearch

Reading file results/clustering/cdr/r3_comp_zikv/cdr3_clusters/0350c785-aa98-44be-8ce9-2af326906de0-IGH.fasta 100%
570 nt in 16 seqs, min 26, max 49, avg 36
Masking 100%
Sorting by length 100%
Counting k-mers 100%
Clustering 100%
Sorting clusters 100%
Writing clusters 100%
Clusters: 14 Size min 1, max 3, avg 1.1
Singletons: 13, 81.2% of seqs, 92.9% of clusters
Multiple alignments 100%
vsearch v2.30.0_linux_x86_64, 94.1GB RAM, 24 cores
https://github.com/torognes/vsearch

Reading file results/clustering/cdr/r3_comp_zikv/cdr3_clusters/64059603-4149-4f0e-9679-365d8e8fc386-IGK.fasta 100%
0 nt in 0 seqs
Masking 100%
Sorting by length 100%
Counting k-mers 100%
Clustering 100%
Sorting clusters 100%
Writing clusters 100%
Clusters: 0
Singletons: 0
Multiple alignments 100%
vsearch v2.30.0_linux_x86_64, 94.1GB RAM, 24 cores
https://github.com/torognes/vsearch

Reading file results/clustering/cdr/r3_comp_zikv/cdr3_clusters/005177d1-ef39-4ffe-a578-3834fb0fb839-IGH.fasta 100%
0 nt in 0 seqs
minseqlength 6: 5 sequences discarded.
Masking 100%
Sorting by length 100%
Counting k-mers 100%
Clustering 100%
Sorting clusters 100%
Writing clusters 100%
Clusters: 0
Singletons: 0
Multiple alignments 100%
vsearch v2.30.0_linux_x86_64, 94.1GB RAM, 24 cores
https://github.com/torognes/vsearch

Reading file results/clustering/cdr/r3_comp_zikv/cdr3_clusters/d5b68fc5-f8f1-479e-b1d4-23627c1d018d-IGH.fasta 100%
0 nt in 0 seqs
minseqlength 6: 2 sequences discarded.
Masking 100%
Sorting by length 100%
Counting k-mers 100%
Clustering 100%
Sorting clusters 100%
Writing clusters 100%
Clusters: 0
Singletons: 0
Multiple alignments 100%
vsearch v2.30.0_linux_x86_64, 94.1GB RAM, 24 cores
https://github.com/torognes/vsearch

Reading file results/clustering/cdr/r3_comp_zikv/cdr3_clusters/89ca8894-5f9a-4f84-a28e-e643311088f4-IGH.fasta 100%
1195 nt in 28 seqs, min 23, max 62, avg 43
Masking 100%
Sorting by length 100%
Counting k-mers 100%
Clustering 100%
Sorting clusters 100%
Writing clusters 100%
Clusters: 26 Size min 1, max 2, avg 1.1
Singletons: 24, 85.7% of seqs, 92.3% of clusters
Multiple alignments 100%
vsearch v2.30.0_linux_x86_64, 94.1GB RAM, 24 cores
https://github.com/torognes/vsearch

Reading file results/clustering/cdr/r3_comp_zikv/cdr3_clusters/50c1c913-2864-4a8c-b64a-9a269565f3e9-IGH.fasta 100%
371 nt in 6 seqs, min 42, max 75, avg 62
Masking 100%
Sorting by length 100%
Counting k-mers 100%
Clustering 100%
Sorting clusters 100%
Writing clusters 100%
Clusters: 6 Size min 1, max 1, avg 1.0
Singletons: 6, 100.0% of seqs, 100.0% of clusters
Multiple alignments 100%
vsearch v2.30.0_linux_x86_64, 94.1GB RAM, 24 cores
https://github.com/torognes/vsearch

Reading file results/clustering/cdr/r3_comp_zikv/cdr3_clusters/2daab993-063d-4dac-8170-75abc98e317b-IGH.fasta 100%
914 nt in 23 seqs, min 29, max 51, avg 40
Masking 100%
Sorting by length 100%
Counting k-mers 100%
Clustering 100%
Sorting clusters 100%
Writing clusters 100%
Clusters: 23 Size min 1, max 1, avg 1.0
Singletons: 23, 100.0% of seqs, 100.0% of clusters
Multiple alignments 100%
vsearch v2.30.0_linux_x86_64, 94.1GB RAM, 24 cores
https://github.com/torognes/vsearch

Reading file results/clustering/cdr/r3_comp_zikv/cdr3_clusters/cdbc9495-82ec-4612-8081-8e493d43ed10-IGK.fasta 100%
0 nt in 0 seqs
minseqlength 6: 12 sequences discarded.
Masking 100%
Sorting by length 100%
Counting k-mers 100%
Clustering 100%
Sorting clusters 100%
Writing clusters 100%
Clusters: 0
Singletons: 0
Multiple alignments 100%
vsearch v2.30.0_linux_x86_64, 94.1GB RAM, 24 cores
https://github.com/torognes/vsearch

Reading file results/clustering/cdr/r3_comp_zikv/cdr3_clusters/5cc8ce24-cfdf-4a8b-a521-209f7ea1ceaf-IGK.fasta 100%
327 nt in 12 seqs, min 24, max 30, avg 27
minseqlength 6: 8 sequences discarded.
Masking 100%
Sorting by length 100%
Counting k-mers 100%
Clustering 100%
Sorting clusters 100%
Writing clusters 100%
Clusters: 12 Size min 1, max 1, avg 1.0
Singletons: 12, 100.0% of seqs, 100.0% of clusters
Multiple alignments 100%
vsearch v2.30.0_linux_x86_64, 94.1GB RAM, 24 cores
https://github.com/torognes/vsearch

Reading file results/clustering/cdr/r3_comp_zikv/cdr3_clusters/3ef2dd03-7381-44b4-90fc-a3cfda4c1953-IGK.fasta 100%
125 nt in 3 seqs, min 34, max 57, avg 42
minseqlength 6: 43 sequences discarded.
Masking 100%
Sorting by length 100%
Counting k-mers 100%
Clustering 100%
Sorting clusters 100%
Writing clusters 100%
Clusters: 2 Size min 1, max 2, avg 1.5
Singletons: 1, 33.3% of seqs, 50.0% of clusters
Multiple alignments 100%
vsearch v2.30.0_linux_x86_64, 94.1GB RAM, 24 cores
https://github.com/torognes/vsearch

Reading file results/clustering/cdr/r3_comp_zikv/cdr3_clusters/a282afa5-d855-4df5-903e-603d6b9f1b34-IGK.fasta 100%
184 nt in 7 seqs, min 22, max 27, avg 26
Masking 100%
Sorting by length 100%
Counting k-mers 100%
Clustering 100%
Sorting clusters 100%
Writing clusters 100%
Clusters: 6 Size min 1, max 2, avg 1.2
Singletons: 5, 71.4% of seqs, 83.3% of clusters
Multiple alignments 100%
vsearch v2.30.0_linux_x86_64, 94.1GB RAM, 24 cores
https://github.com/torognes/vsearch

Reading file results/clustering/cdr/r3_comp_zikv/cdr3_clusters/43a57807-0dfa-4cd4-bf95-1f4108ad99b8-IGH.fasta 100%
136 nt in 3 seqs, min 36, max 53, avg 45
minseqlength 6: 7 sequences discarded.
Masking 100%
Sorting by length 100%
Counting k-mers 100%
Clustering 100%
Sorting clusters 100%
Writing clusters 100%
Clusters: 3 Size min 1, max 1, avg 1.0
Singletons: 3, 100.0% of seqs, 100.0% of clusters
Multiple alignments 100%
vsearch v2.30.0_linux_x86_64, 94.1GB RAM, 24 cores
https://github.com/torognes/vsearch

Reading file results/clustering/cdr/r3_comp_zikv/cdr3_clusters/d2dd33ce-c5a6-40ee-8ffc-eaad49f37820-IGH.fasta 100%
0 nt in 0 seqs
minseqlength 6: 11 sequences discarded.
Masking 100%
Sorting by length 100%
Counting k-mers 100%
Clustering 100%
Sorting clusters 100%
Writing clusters 100%
Clusters: 0
Singletons: 0
Multiple alignments 100%
vsearch v2.30.0_linux_x86_64, 94.1GB RAM, 24 cores
https://github.com/torognes/vsearch

Reading file results/clustering/cdr/r3_comp_zikv/cdr3_clusters/2736ed46-94ad-4dba-a8ef-49de273102a6-IGK.fasta 100%
0 nt in 0 seqs
Masking 100%
Sorting by length 100%
Counting k-mers 100%
Clustering 100%
Sorting clusters 100%
Writing clusters 100%
Clusters: 0
Singletons: 0
Multiple alignments 100%
vsearch v2.30.0_linux_x86_64, 94.1GB RAM, 24 cores
https://github.com/torognes/vsearch

Reading file results/clustering/cdr/r3_comp_zikv/cdr3_clusters/9488824d-c434-40f0-bd6c-ee289a131a17-IGK.fasta 100%
330 nt in 12 seqs, min 27, max 30, avg 28
Masking 100%
Sorting by length 100%
Counting k-mers 100%
Clustering 100%
Sorting clusters 100%
Writing clusters 100%
Clusters: 7 Size min 1, max 6, avg 1.7
Singletons: 6, 50.0% of seqs, 85.7% of clusters
Multiple alignments 100%
vsearch v2.30.0_linux_x86_64, 94.1GB RAM, 24 cores
https://github.com/torognes/vsearch

Reading file results/clustering/cdr/r3_comp_zikv/cdr3_clusters/db99d579-f2e3-4258-816f-5b32dfdf1465-IGK.fasta 100%
2438 nt in 89 seqs, min 15, max 33, avg 27
Masking 100%
Sorting by length 100%
Counting k-mers 100%
Clustering 100%
Sorting clusters 100%
Writing clusters 100%
Clusters: 82 Size min 1, max 2, avg 1.1
Singletons: 75, 84.3% of seqs, 91.5% of clusters
Multiple alignments 100%
vsearch v2.30.0_linux_x86_64, 94.1GB RAM, 24 cores
https://github.com/torognes/vsearch

Reading file results/clustering/cdr/r3_comp_zikv/cdr3_clusters/6e95a4ab-9a18-4ec5-892b-cfd2028cf494-IGH.fasta 100%
188 nt in 5 seqs, min 27, max 44, avg 38
Masking 100%
Sorting by length 100%
Counting k-mers 100%
Clustering 100%
Sorting clusters 100%
Writing clusters 100%
Clusters: 5 Size min 1, max 1, avg 1.0
Singletons: 5, 100.0% of seqs, 100.0% of clusters
Multiple alignments 100%
vsearch v2.30.0_linux_x86_64, 94.1GB RAM, 24 cores
https://github.com/torognes/vsearch

Reading file results/clustering/cdr/r3_comp_zikv/cdr3_clusters/05c47827-9f13-436c-ab1e-86c514192623-IGH.fasta 100%
0 nt in 0 seqs
minseqlength 6: 3 sequences discarded.
Masking 100%
Sorting by length 100%
Counting k-mers 100%
Clustering 100%
Sorting clusters 100%
Writing clusters 100%
Clusters: 0
Singletons: 0
Multiple alignments 100%
vsearch v2.30.0_linux_x86_64, 94.1GB RAM, 24 cores
https://github.com/torognes/vsearch

Reading file results/clustering/cdr/r3_comp_zikv/cdr3_clusters/06ebacd4-6523-4ca3-9c80-a6d2d4a1bb27-IGK.fasta 100%
0 nt in 0 seqs
minseqlength 6: 1 sequence discarded.
Masking 100%
Sorting by length 100%
Counting k-mers 100%
Clustering 100%
Sorting clusters 100%
Writing clusters 100%
Clusters: 0
Singletons: 0
Multiple alignments 100%
vsearch v2.30.0_linux_x86_64, 94.1GB RAM, 24 cores
https://github.com/torognes/vsearch

Reading file results/clustering/cdr/r3_comp_zikv/cdr3_clusters/fe6bfff5-51ad-47f7-92f1-36eec7d6b04b-IGH.fasta 100%
0 nt in 0 seqs
minseqlength 6: 2 sequences discarded.
Masking 100%
Sorting by length 100%
Counting k-mers 100%
Clustering 100%
Sorting clusters 100%
Writing clusters 100%
Clusters: 0
Singletons: 0
Multiple alignments 100%
vsearch v2.30.0_linux_x86_64, 94.1GB RAM, 24 cores
https://github.com/torognes/vsearch

Reading file results/clustering/cdr/r3_comp_zikv/cdr3_clusters/85f6610f-ef44-4e4e-83e9-bee98837961e-IGK.fasta 100%
143 nt in 5 seqs, min 26, max 33, avg 29
Masking 100%
Sorting by length 100%
Counting k-mers 100%
Clustering 100%
Sorting clusters 100%
Writing clusters 100%
Clusters: 5 Size min 1, max 1, avg 1.0
Singletons: 5, 100.0% of seqs, 100.0% of clusters
Multiple alignments 100%
vsearch v2.30.0_linux_x86_64, 94.1GB RAM, 24 cores
https://github.com/torognes/vsearch

Reading file results/clustering/cdr/r3_comp_zikv/cdr3_clusters/e03d0fc8-7d0f-4820-99c1-57f3ee9d8aca-IGH.fasta 100%
0 nt in 0 seqs
minseqlength 6: 5 sequences discarded.
Masking 100%
Sorting by length 100%
Counting k-mers 100%
Clustering 100%
Sorting clusters 100%
Writing clusters 100%
Clusters: 0
Singletons: 0
Multiple alignments 100%
vsearch v2.30.0_linux_x86_64, 94.1GB RAM, 24 cores
https://github.com/torognes/vsearch

Reading file results/clustering/cdr/r3_comp_zikv/cdr3_clusters/5bb0751a-2b7c-4f5e-9564-3ca200bf123c-IGK.fasta 100%
0 nt in 0 seqs
minseqlength 6: 10 sequences discarded.
Masking 100%
Sorting by length 100%
Counting k-mers 100%
Clustering 100%
Sorting clusters 100%
Writing clusters 100%
Clusters: 0
Singletons: 0
Multiple alignments 100%
vsearch v2.30.0_linux_x86_64, 94.1GB RAM, 24 cores
https://github.com/torognes/vsearch

Reading file results/clustering/cdr/r3_comp_zikv/cdr3_clusters/17e35061-2a2e-490c-9c27-999d01003acf-IGK.fasta 100%
0 nt in 0 seqs
minseqlength 6: 20 sequences discarded.
Masking 100%
Sorting by length 100%
Counting k-mers 100%
Clustering 100%
Sorting clusters 100%
Writing clusters 100%
Clusters: 0
Singletons: 0
Multiple alignments 100%
vsearch v2.30.0_linux_x86_64, 94.1GB RAM, 24 cores
https://github.com/torognes/vsearch

Reading file results/clustering/cdr/r3_comp_zikv/cdr3_clusters/3bcf668d-966f-4f8c-9e73-06f32413470a-IGH.fasta 100%
3462 nt in 59 seqs, min 33, max 84, avg 59
Masking 100%
Sorting by length 100%
Counting k-mers 100%
Clustering 100%
Sorting clusters 100%
Writing clusters 100%
Clusters: 55 Size min 1, max 2, avg 1.1
Singletons: 51, 86.4% of seqs, 92.7% of clusters
Multiple alignments 100%
vsearch v2.30.0_linux_x86_64, 94.1GB RAM, 24 cores
https://github.com/torognes/vsearch

Reading file results/clustering/cdr/r3_comp_zikv/cdr3_clusters/c41122a6-5648-4dc2-a594-3c4ba0abf621-IGH.fasta 100%
601 nt in 12 seqs, min 39, max 66, avg 50
Masking 100%
Sorting by length 100%
Counting k-mers 100%
Clustering 100%
Sorting clusters 100%
Writing clusters 100%
Clusters: 11 Size min 1, max 2, avg 1.1
Singletons: 10, 83.3% of seqs, 90.9% of clusters
Multiple alignments 100%
vsearch v2.30.0_linux_x86_64, 94.1GB RAM, 24 cores
https://github.com/torognes/vsearch

Reading file results/clustering/cdr/r3_comp_zikv/cdr3_clusters/425aa462-8317-4cf3-95a6-a74461dbf93f-IGH.fasta 100%
0 nt in 0 seqs
minseqlength 6: 5 sequences discarded.
Masking 100%
Sorting by length 100%
Counting k-mers 100%
Clustering 100%
Sorting clusters 100%
Writing clusters 100%
Clusters: 0
Singletons: 0
Multiple alignments 100%
vsearch v2.30.0_linux_x86_64, 94.1GB RAM, 24 cores
https://github.com/torognes/vsearch

Reading file results/clustering/cdr/r3_comp_zikv/cdr3_clusters/1e0e657f-7ed0-4e8a-a4db-8428d0ec36e2-IGH.fasta 100%
0 nt in 0 seqs
Masking 100%
Sorting by length 100%
Counting k-mers 100%
Clustering 100%
Sorting clusters 100%
Writing clusters 100%
Clusters: 0
Singletons: 0
Multiple alignments 100%
vsearch v2.30.0_linux_x86_64, 94.1GB RAM, 24 cores
https://github.com/torognes/vsearch

Reading file results/clustering/cdr/r3_comp_zikv/cdr3_clusters/f94fd83d-0159-49bb-a0ac-53bcf97261dc-IGH.fasta 100%
0 nt in 0 seqs
minseqlength 6: 2 sequences discarded.
Masking 100%
Sorting by length 100%
Counting k-mers 100%
Clustering 100%
Sorting clusters 100%
Writing clusters 100%
Clusters: 0
Singletons: 0
Multiple alignments 100%
vsearch v2.30.0_linux_x86_64, 94.1GB RAM, 24 cores
https://github.com/torognes/vsearch

Reading file results/clustering/cdr/r3_comp_zikv/cdr3_clusters/75709e4f-2cc9-4507-a09e-9e57014f9c39-IGH.fasta 100%
44 nt in 1 seqs, min 44, max 44, avg 44
minseqlength 6: 1 sequence discarded.
Masking 100%
Sorting by length 100%
Counting k-mers 100%
Clustering 100%
Sorting clusters 100%
Writing clusters 100%
Clusters: 1 Size min 1, max 1, avg 1.0
Singletons: 1, 100.0% of seqs, 100.0% of clusters
Multiple alignments 100%
vsearch v2.30.0_linux_x86_64, 94.1GB RAM, 24 cores
https://github.com/torognes/vsearch

Reading file results/clustering/cdr/r3_comp_zikv/cdr3_clusters/9fb07953-8433-4739-82ae-ee4bcb7d4e09-IGK.fasta 100%
576 nt in 19 seqs, min 28, max 33, avg 30
Masking 100%
Sorting by length 100%
Counting k-mers 100%
Clustering 100%
Sorting clusters 100%
Writing clusters 100%
Clusters: 15 Size min 1, max 4, avg 1.3
Singletons: 13, 68.4% of seqs, 86.7% of clusters
Multiple alignments 100%
vsearch v2.30.0_linux_x86_64, 94.1GB RAM, 24 cores
https://github.com/torognes/vsearch

Reading file results/clustering/cdr/r3_comp_zikv/cdr3_clusters/1ee2c0e2-3ba6-42fd-9731-77eaf35cb97d-IGH.fasta 100%
310 nt in 8 seqs, min 31, max 51, avg 39
Masking 100%
Sorting by length 100%
Counting k-mers 100%
Clustering 100%
Sorting clusters 100%
Writing clusters 100%
Clusters: 8 Size min 1, max 1, avg 1.0
Singletons: 8, 100.0% of seqs, 100.0% of clusters
Multiple alignments 100%
vsearch v2.30.0_linux_x86_64, 94.1GB RAM, 24 cores
https://github.com/torognes/vsearch

Reading file results/clustering/cdr/r3_comp_zikv/cdr3_clusters/67be4f3a-d74e-4f5b-b330-46d62199c4fa-IGH.fasta 100%
322 nt in 8 seqs, min 30, max 60, avg 40
Masking 100%
Sorting by length 100%
Counting k-mers 100%
Clustering 100%
Sorting clusters 100%
Writing clusters 100%
Clusters: 8 Size min 1, max 1, avg 1.0
Singletons: 8, 100.0% of seqs, 100.0% of clusters
Multiple alignments 100%
vsearch v2.30.0_linux_x86_64, 94.1GB RAM, 24 cores
https://github.com/torognes/vsearch

Reading file results/clustering/cdr/r3_comp_zikv/cdr3_clusters/64350485-d22d-4ab3-8383-6fa1b8025273-IGK.fasta 100%
0 nt in 0 seqs
minseqlength 6: 12 sequences discarded.
Masking 100%
Sorting by length 100%
Counting k-mers 100%
Clustering 100%
Sorting clusters 100%
Writing clusters 100%
Clusters: 0
Singletons: 0
Multiple alignments 100%
vsearch v2.30.0_linux_x86_64, 94.1GB RAM, 24 cores
https://github.com/torognes/vsearch

Reading file results/clustering/cdr/r3_comp_zikv/cdr3_clusters/1e88d4a2-bf82-4c83-9f4e-e315730a675d-IGK.fasta 100%
0 nt in 0 seqs
minseqlength 6: 1 sequence discarded.
Masking 100%
Sorting by length 100%
Counting k-mers 100%
Clustering 100%
Sorting clusters 100%
Writing clusters 100%
Clusters: 0
Singletons: 0
Multiple alignments 100%
vsearch v2.30.0_linux_x86_64, 94.1GB RAM, 24 cores
https://github.com/torognes/vsearch

Reading file results/clustering/cdr/r3_comp_zikv/cdr3_clusters/7958150f-6138-47ac-ad9d-d3b514f16e26-IGH.fasta 100%
0 nt in 0 seqs
minseqlength 6: 30 sequences discarded.
Masking 100%
Sorting by length 100%
Counting k-mers 100%
Clustering 100%
Sorting clusters 100%
Writing clusters 100%
Clusters: 0
Singletons: 0
Multiple alignments 100%
vsearch v2.30.0_linux_x86_64, 94.1GB RAM, 24 cores
https://github.com/torognes/vsearch

Reading file results/clustering/cdr/r3_comp_zikv/cdr3_clusters/73cc2e32-690d-4242-8cdd-40f27596e40f-IGH.fasta 100%
275 nt in 7 seqs, min 15, max 51, avg 39
Masking 100%
Sorting by length 100%
Counting k-mers 100%
Clustering 100%
Sorting clusters 100%
Writing clusters 100%
Clusters: 7 Size min 1, max 1, avg 1.0
Singletons: 7, 100.0% of seqs, 100.0% of clusters
Multiple alignments 100%
vsearch v2.30.0_linux_x86_64, 94.1GB RAM, 24 cores
https://github.com/torognes/vsearch

Reading file results/clustering/cdr/r3_comp_zikv/cdr3_clusters/bf650c04-7f47-4bb6-9abb-5e3d2618bdbf-IGK.fasta 100%
32 nt in 1 seqs, min 32, max 32, avg 32
minseqlength 6: 21 sequences discarded.
Masking 100%
Sorting by length 100%
Counting k-mers 100%
Clustering 100%
Sorting clusters 100%
Writing clusters 100%
Clusters: 1 Size min 1, max 1, avg 1.0
Singletons: 1, 100.0% of seqs, 100.0% of clusters
Multiple alignments 100%
vsearch v2.30.0_linux_x86_64, 94.1GB RAM, 24 cores
https://github.com/torognes/vsearch

Reading file results/clustering/cdr/r3_comp_zikv/cdr3_clusters/f81684ca-593f-45c2-b258-199d57dcb2ac-IGK.fasta 100%
0 nt in 0 seqs
minseqlength 6: 15 sequences discarded.
Masking 100%
Sorting by length 100%
Counting k-mers 100%
Clustering 100%
Sorting clusters 100%
Writing clusters 100%
Clusters: 0
Singletons: 0
Multiple alignments 100%
vsearch v2.30.0_linux_x86_64, 94.1GB RAM, 24 cores
https://github.com/torognes/vsearch

Reading file results/clustering/cdr/r3_comp_zikv/cdr3_clusters/8369f2c3-8c16-492e-ba6c-d4f4395c03e5-IGH.fasta 100%
0 nt in 0 seqs
minseqlength 6: 3 sequences discarded.
Masking 100%
Sorting by length 100%
Counting k-mers 100%
Clustering 100%
Sorting clusters 100%
Writing clusters 100%
Clusters: 0
Singletons: 0
Multiple alignments 100%
vsearch v2.30.0_linux_x86_64, 94.1GB RAM, 24 cores
https://github.com/torognes/vsearch

Reading file results/clustering/cdr/r3_comp_zikv/cdr3_clusters/89b2713c-366d-4a22-8b2c-8bb567b65d37-IGK.fasta 100%
210 nt in 7 seqs, min 29, max 31, avg 30
Masking 100%
Sorting by length 100%
Counting k-mers 100%
Clustering 100%
Sorting clusters 100%
Writing clusters 100%
Clusters: 3 Size min 1, max 5, avg 2.3
Singletons: 2, 28.6% of seqs, 66.7% of clusters
Multiple alignments 100%
vsearch v2.30.0_linux_x86_64, 94.1GB RAM, 24 cores
https://github.com/torognes/vsearch

Reading file results/clustering/cdr/r3_comp_zikv/cdr3_clusters/40782587-c7fb-42d5-a352-1d71c1717826-IGH.fasta 100%
2219 nt in 48 seqs, min 24, max 66, avg 46
Masking 100%
Sorting by length 100%
Counting k-mers 100%
Clustering 100%
Sorting clusters 100%
Writing clusters 100%
Clusters: 46 Size min 1, max 2, avg 1.0
Singletons: 44, 91.7% of seqs, 95.7% of clusters
Multiple alignments 100%
vsearch v2.30.0_linux_x86_64, 94.1GB RAM, 24 cores
https://github.com/torognes/vsearch

Reading file results/clustering/cdr/r3_comp_zikv/cdr3_clusters/07836f08-bf61-47e1-b751-06d68adaefca-IGK.fasta 100%
0 nt in 0 seqs
minseqlength 6: 137 sequences discarded.
Masking 100%
Sorting by length 100%
Counting k-mers 100%
Clustering 100%
Sorting clusters 100%
Writing clusters 100%
Clusters: 0
Singletons: 0
Multiple alignments 100%
vsearch v2.30.0_linux_x86_64, 94.1GB RAM, 24 cores
https://github.com/torognes/vsearch

Reading file results/clustering/cdr/r3_comp_zikv/cdr3_clusters/cb5d629b-bc70-48cc-b396-309efa977c6c-IGH.fasta 100%
745 nt in 16 seqs, min 27, max 122, avg 47
minseqlength 6: 1 sequence discarded.
Masking 100%
Sorting by length 100%
Counting k-mers 100%
Clustering 100%
Sorting clusters 100%
Writing clusters 100%
Clusters: 15 Size min 1, max 2, avg 1.1
Singletons: 14, 87.5% of seqs, 93.3% of clusters
Multiple alignments 100%
vsearch v2.30.0_linux_x86_64, 94.1GB RAM, 24 cores
https://github.com/torognes/vsearch

Reading file results/clustering/cdr/r3_comp_zikv/cdr3_clusters/6fb471d7-b2ed-4f37-86a6-88fa84a5a75e-IGK.fasta 100%
259 nt in 7 seqs, min 30, max 49, avg 37
Masking 100%
Sorting by length 100%
Counting k-mers 100%
Clustering 100%
Sorting clusters 100%
Writing clusters 100%
Clusters: 5 Size min 1, max 2, avg 1.4
Singletons: 3, 42.9% of seqs, 60.0% of clusters
Multiple alignments 100%
vsearch v2.30.0_linux_x86_64, 94.1GB RAM, 24 cores
https://github.com/torognes/vsearch

Reading file results/clustering/cdr/r3_comp_zikv/cdr3_clusters/ad2af999-f1d2-4510-9f2e-ef69cbf44e2b-IGK.fasta 100%
0 nt in 0 seqs
Masking 100%
Sorting by length 100%
Counting k-mers 100%
Clustering 100%
Sorting clusters 100%
Writing clusters 100%
Clusters: 0
Singletons: 0
Multiple alignments 100%
vsearch v2.30.0_linux_x86_64, 94.1GB RAM, 24 cores
https://github.com/torognes/vsearch

Reading file results/clustering/cdr/r3_comp_zikv/cdr3_clusters/1a5dc116-f6ed-4cf9-804f-f9cd3966d478-IGK.fasta 100%
0 nt in 0 seqs
minseqlength 6: 3 sequences discarded.
Masking 100%
Sorting by length 100%
Counting k-mers 100%
Clustering 100%
Sorting clusters 100%
Writing clusters 100%
Clusters: 0
Singletons: 0
Multiple alignments 100%
vsearch v2.30.0_linux_x86_64, 94.1GB RAM, 24 cores
https://github.com/torognes/vsearch

Reading file results/clustering/cdr/r3_comp_zikv/cdr3_clusters/689a4a32-3c12-49a6-ae36-6a82386142ff-IGH.fasta 100%
0 nt in 0 seqs
minseqlength 6: 6 sequences discarded.
Masking 100%
Sorting by length 100%
Counting k-mers 100%
Clustering 100%
Sorting clusters 100%
Writing clusters 100%
Clusters: 0
Singletons: 0
Multiple alignments 100%
vsearch v2.30.0_linux_x86_64, 94.1GB RAM, 24 cores
https://github.com/torognes/vsearch

Reading file results/clustering/cdr/r3_comp_zikv/cdr3_clusters/00f10782-bded-4c3c-b93a-9ff5432dc79d-IGH.fasta 100%
1044 nt in 25 seqs, min 32, max 44, avg 42
Masking 100%
Sorting by length 100%
Counting k-mers 100%
Clustering 100%
Sorting clusters 100%
Writing clusters 100%
Clusters: 4 Size min 1, max 22, avg 6.2
Singletons: 3, 12.0% of seqs, 75.0% of clusters
Multiple alignments 100%
vsearch v2.30.0_linux_x86_64, 94.1GB RAM, 24 cores
https://github.com/torognes/vsearch

Reading file results/clustering/cdr/r3_comp_zikv/cdr3_clusters/50c72dec-fd0c-4011-b60b-aa302b479910-IGK.fasta 100%
118 nt in 3 seqs, min 29, max 56, avg 39
minseqlength 6: 8 sequences discarded.
Masking 100%
Sorting by length 100%
Counting k-mers 100%
Clustering 100%
Sorting clusters 100%
Writing clusters 100%
Clusters: 3 Size min 1, max 1, avg 1.0
Singletons: 3, 100.0% of seqs, 100.0% of clusters
Multiple alignments 100%
vsearch v2.30.0_linux_x86_64, 94.1GB RAM, 24 cores
https://github.com/torognes/vsearch

Reading file results/clustering/cdr/r3_comp_zikv/cdr3_clusters/80a316e7-38b6-4141-8bd5-9c37e32c9962-IGK.fasta 100%
2181 nt in 77 seqs, min 12, max 36, avg 28
Masking 100%
Sorting by length 100%
Counting k-mers 100%
Clustering 100%
Sorting clusters 100%
Writing clusters 100%
Clusters: 46 Size min 1, max 9, avg 1.7
Singletons: 34, 44.2% of seqs, 73.9% of clusters
Multiple alignments 100%
vsearch v2.30.0_linux_x86_64, 94.1GB RAM, 24 cores
https://github.com/torognes/vsearch

Reading file results/clustering/cdr/r3_comp_zikv/cdr3_clusters/c96dd92f-0046-4e33-ae74-c99b1dbe3b65-IGH.fasta 100%
7 nt in 1 seqs, min 7, max 7, avg 7
minseqlength 6: 3 sequences discarded.
Masking 100%
Sorting by length 100%
Counting k-mers 100%
Clustering 100%
Sorting clusters 100%
Writing clusters 100%
Clusters: 1 Size min 1, max 1, avg 1.0
Singletons: 1, 100.0% of seqs, 100.0% of clusters
Multiple alignments 100%
vsearch v2.30.0_linux_x86_64, 94.1GB RAM, 24 cores
https://github.com/torognes/vsearch

Reading file results/clustering/cdr/r3_comp_zikv/cdr3_clusters/f121b62c-246f-4f20-8818-47546085248b-IGH.fasta 100%
0 nt in 0 seqs
minseqlength 6: 2 sequences discarded.
Masking 100%
Sorting by length 100%
Counting k-mers 100%
Clustering 100%
Sorting clusters 100%
Writing clusters 100%
Clusters: 0
Singletons: 0
Multiple alignments 100%
vsearch v2.30.0_linux_x86_64, 94.1GB RAM, 24 cores
https://github.com/torognes/vsearch

Reading file results/clustering/cdr/r3_comp_zikv/cdr3_clusters/85c85a8b-cbf2-4bef-8747-18bf088d3106-IGH.fasta 100%
36 nt in 1 seqs, min 36, max 36, avg 36
minseqlength 6: 8 sequences discarded.
Masking 100%
Sorting by length 100%
Counting k-mers 100%
Clustering 100%
Sorting clusters 100%
Writing clusters 100%
Clusters: 1 Size min 1, max 1, avg 1.0
Singletons: 1, 100.0% of seqs, 100.0% of clusters
Multiple alignments 100%
vsearch v2.30.0_linux_x86_64, 94.1GB RAM, 24 cores
https://github.com/torognes/vsearch

Reading file results/clustering/cdr/r3_comp_zikv/cdr3_clusters/487c0abd-06b1-4938-838e-aa84b472d618-IGH.fasta 100%
1009 nt in 23 seqs, min 26, max 58, avg 44
Masking 100%
Sorting by length 100%
Counting k-mers 100%
Clustering 100%
Sorting clusters 100%
Writing clusters 100%
Clusters: 18 Size min 1, max 5, avg 1.3
Singletons: 16, 69.6% of seqs, 88.9% of clusters
Multiple alignments 100%
vsearch v2.30.0_linux_x86_64, 94.1GB RAM, 24 cores
https://github.com/torognes/vsearch

Reading file results/clustering/cdr/r3_comp_zikv/cdr3_clusters/13635bd4-3240-4a84-a161-1d8575e6c9eb-IGH.fasta 100%
280 nt in 5 seqs, min 51, max 63, avg 56
Masking 100%
Sorting by length 100%
Counting k-mers 100%
Clustering 100%
Sorting clusters 100%
Writing clusters 100%
Clusters: 5 Size min 1, max 1, avg 1.0
Singletons: 5, 100.0% of seqs, 100.0% of clusters
Multiple alignments 100%
vsearch v2.30.0_linux_x86_64, 94.1GB RAM, 24 cores
https://github.com/torognes/vsearch

Reading file results/clustering/cdr/r3_comp_zikv/cdr3_clusters/be35e9cf-3300-48db-8a14-ad0861f992a6-IGH.fasta 100%
0 nt in 0 seqs
minseqlength 6: 7 sequences discarded.
Masking 100%
Sorting by length 100%
Counting k-mers 100%
Clustering 100%
Sorting clusters 100%
Writing clusters 100%
Clusters: 0
Singletons: 0
Multiple alignments 100%
vsearch v2.30.0_linux_x86_64, 94.1GB RAM, 24 cores
https://github.com/torognes/vsearch

Reading file results/clustering/cdr/r3_comp_zikv/cdr3_clusters/68dbf412-17fb-4fe3-96ca-91b2e583ce35-IGH.fasta 100%
0 nt in 0 seqs
minseqlength 6: 1 sequence discarded.
Masking 100%
Sorting by length 100%
Counting k-mers 100%
Clustering 100%
Sorting clusters 100%
Writing clusters 100%
Clusters: 0
Singletons: 0
Multiple alignments 100%
vsearch v2.30.0_linux_x86_64, 94.1GB RAM, 24 cores
https://github.com/torognes/vsearch

Reading file results/clustering/cdr/r3_comp_zikv/cdr3_clusters/81bc658c-3fbf-46c1-8a34-a1ec8788b26a-IGK.fasta 100%
0 nt in 0 seqs
minseqlength 6: 1 sequence discarded.
Masking 100%
Sorting by length 100%
Counting k-mers 100%
Clustering 100%
Sorting clusters 100%
Writing clusters 100%
Clusters: 0
Singletons: 0
Multiple alignments 100%
vsearch v2.30.0_linux_x86_64, 94.1GB RAM, 24 cores
https://github.com/torognes/vsearch

Reading file results/clustering/cdr/r3_comp_zikv/cdr3_clusters/00c5685f-23e6-4b0c-973c-0993fbcc0e38-IGH.fasta 100%
3347 nt in 79 seqs, min 24, max 121, avg 42
minseqlength 6: 6 sequences discarded.
Masking 100%
Sorting by length 100%
Counting k-mers 100%
Clustering 100%
Sorting clusters 100%
Writing clusters 100%
Clusters: 71 Size min 1, max 3, avg 1.1
Singletons: 65, 82.3% of seqs, 91.5% of clusters
Multiple alignments 100%
vsearch v2.30.0_linux_x86_64, 94.1GB RAM, 24 cores
https://github.com/torognes/vsearch

Reading file results/clustering/cdr/r3_comp_zikv/cdr3_clusters/2109a5f1-8a88-4bbf-8a24-ab2ab5c77af4-IGH.fasta 100%
0 nt in 0 seqs
minseqlength 6: 8 sequences discarded.
Masking 100%
Sorting by length 100%
Counting k-mers 100%
Clustering 100%
Sorting clusters 100%
Writing clusters 100%
Clusters: 0
Singletons: 0
Multiple alignments 100%
vsearch v2.30.0_linux_x86_64, 94.1GB RAM, 24 cores
https://github.com/torognes/vsearch

Reading file results/clustering/cdr/r3_comp_zikv/cdr3_clusters/6424d2ba-6309-41d2-a9d3-bad7d7565c51-IGK.fasta 100%
1063 nt in 39 seqs, min 24, max 30, avg 27
Masking 100%
Sorting by length 100%
Counting k-mers 100%
Clustering 100%
Sorting clusters 100%
Writing clusters 100%
Clusters: 38 Size min 1, max 2, avg 1.0
Singletons: 37, 94.9% of seqs, 97.4% of clusters
Multiple alignments 100%
vsearch v2.30.0_linux_x86_64, 94.1GB RAM, 24 cores
https://github.com/torognes/vsearch

Reading file results/clustering/cdr/r3_comp_zikv/cdr3_clusters/311cafe6-e517-4fc5-bd4a-0d822ac0d1c2-IGK.fasta 100%
169 nt in 6 seqs, min 27, max 30, avg 28
Masking 100%
Sorting by length 100%
Counting k-mers 100%
Clustering 100%
Sorting clusters 100%
Writing clusters 100%
Clusters: 4 Size min 1, max 2, avg 1.5
Singletons: 2, 33.3% of seqs, 50.0% of clusters
Multiple alignments 100%
vsearch v2.30.0_linux_x86_64, 94.1GB RAM, 24 cores
https://github.com/torognes/vsearch

Reading file results/clustering/cdr/r3_comp_zikv/cdr3_clusters/cc076ded-b1a4-4352-9adb-6d9219a549f0-IGH.fasta 100%
184 nt in 5 seqs, min 29, max 42, avg 37
Masking 100%
Sorting by length 100%
Counting k-mers 100%
Clustering 100%
Sorting clusters 100%
Writing clusters 100%
Clusters: 4 Size min 1, max 2, avg 1.2
Singletons: 3, 60.0% of seqs, 75.0% of clusters
Multiple alignments 100%
vsearch v2.30.0_linux_x86_64, 94.1GB RAM, 24 cores
https://github.com/torognes/vsearch

Reading file results/clustering/cdr/r3_comp_zikv/cdr3_clusters/c65d93e6-4db6-4ba0-b6cd-a5a7a1badcd7-IGH.fasta 100%
236 nt in 7 seqs, min 15, max 50, avg 34
Masking 100%
Sorting by length 100%
Counting k-mers 100%
Clustering 100%
Sorting clusters 100%
Writing clusters 100%
Clusters: 7 Size min 1, max 1, avg 1.0
Singletons: 7, 100.0% of seqs, 100.0% of clusters
Multiple alignments 100%
vsearch v2.30.0_linux_x86_64, 94.1GB RAM, 24 cores
https://github.com/torognes/vsearch

Reading file results/clustering/cdr/r3_comp_zikv/cdr3_clusters/8cb1402c-f5fe-481b-9949-55fa32fec659-IGH.fasta 100%
547 nt in 14 seqs, min 23, max 51, avg 39
Masking 100%
Sorting by length 100%
Counting k-mers 100%
Clustering 100%
Sorting clusters 100%
Writing clusters 100%
Clusters: 14 Size min 1, max 1, avg 1.0
Singletons: 14, 100.0% of seqs, 100.0% of clusters
Multiple alignments 100%
vsearch v2.30.0_linux_x86_64, 94.1GB RAM, 24 cores
https://github.com/torognes/vsearch

Reading file results/clustering/cdr/r3_comp_zikv/cdr3_clusters/c8b6d067-60ba-4cf5-a185-1501a1788728-IGH.fasta 100%
0 nt in 0 seqs
minseqlength 6: 1 sequence discarded.
Masking 100%
Sorting by length 100%
Counting k-mers 100%
Clustering 100%
Sorting clusters 100%
Writing clusters 100%
Clusters: 0
Singletons: 0
Multiple alignments 100%
vsearch v2.30.0_linux_x86_64, 94.1GB RAM, 24 cores
https://github.com/torognes/vsearch

Reading file results/clustering/cdr/r3_comp_zikv/cdr3_clusters/ddb0b60c-fb94-4a1e-b53d-995d4699b816-IGK.fasta 100%
0 nt in 0 seqs
minseqlength 6: 1 sequence discarded.
Masking 100%
Sorting by length 100%
Counting k-mers 100%
Clustering 100%
Sorting clusters 100%
Writing clusters 100%
Clusters: 0
Singletons: 0
Multiple alignments 100%
vsearch v2.30.0_linux_x86_64, 94.1GB RAM, 24 cores
https://github.com/torognes/vsearch

Reading file results/clustering/cdr/r3_comp_zikv/cdr3_clusters/b10cdfa9-8724-43eb-a11d-ef15412f5016-IGH.fasta 100%
279 nt in 6 seqs, min 33, max 63, avg 46
Masking 100%
Sorting by length 100%
Counting k-mers 100%
Clustering 100%
Sorting clusters 100%
Writing clusters 100%
Clusters: 5 Size min 1, max 2, avg 1.2
Singletons: 4, 66.7% of seqs, 80.0% of clusters
Multiple alignments 100%
vsearch v2.30.0_linux_x86_64, 94.1GB RAM, 24 cores
https://github.com/torognes/vsearch

Reading file results/clustering/cdr/r3_comp_zikv/cdr3_clusters/24d5ed46-8568-424a-a064-079fef7278f9-IGK.fasta 100%
0 nt in 0 seqs
minseqlength 6: 2 sequences discarded.
Masking 100%
Sorting by length 100%
Counting k-mers 100%
Clustering 100%
Sorting clusters 100%
Writing clusters 100%
Clusters: 0
Singletons: 0
Multiple alignments 100%
vsearch v2.30.0_linux_x86_64, 94.1GB RAM, 24 cores
https://github.com/torognes/vsearch

Reading file results/clustering/cdr/r3_comp_zikv/cdr3_clusters/31608815-bcb0-4a53-a9ab-f2ae940e13d9-IGK.fasta 100%
181 nt in 6 seqs, min 27, max 31, avg 30
Masking 100%
Sorting by length 100%
Counting k-mers 100%
Clustering 100%
Sorting clusters 100%
Writing clusters 100%
Clusters: 2 Size min 1, max 5, avg 3.0
Singletons: 1, 16.7% of seqs, 50.0% of clusters
Multiple alignments 100%
vsearch v2.30.0_linux_x86_64, 94.1GB RAM, 24 cores
https://github.com/torognes/vsearch

Reading file results/clustering/cdr/r3_comp_zikv/cdr3_clusters/c5b7149a-fab0-4b56-bf45-c4cb02b4bd22-IGK.fasta 100%
0 nt in 0 seqs
Masking 100%
Sorting by length 100%
Counting k-mers 100%
Clustering 100%
Sorting clusters 100%
Writing clusters 100%
Clusters: 0
Singletons: 0
Multiple alignments 100%
vsearch v2.30.0_linux_x86_64, 94.1GB RAM, 24 cores
https://github.com/torognes/vsearch

Reading file results/clustering/cdr/r3_comp_zikv/cdr3_clusters/3785cae3-9eca-40cd-ad3c-b8870aebd6a8-IGH.fasta 100%
89 nt in 2 seqs, min 38, max 51, avg 44
minseqlength 6: 5 sequences discarded.
Masking 100%
Sorting by length 100%
Counting k-mers 100%
Clustering 100%
Sorting clusters 100%
Writing clusters 100%
Clusters: 2 Size min 1, max 1, avg 1.0
Singletons: 2, 100.0% of seqs, 100.0% of clusters
Multiple alignments 100%
vsearch v2.30.0_linux_x86_64, 94.1GB RAM, 24 cores
https://github.com/torognes/vsearch

Reading file results/clustering/cdr/r3_comp_zikv/cdr3_clusters/04e78eba-0144-437b-8d08-609d34cacd0c-IGK.fasta 100%
0 nt in 0 seqs
minseqlength 6: 8 sequences discarded.
Masking 100%
Sorting by length 100%
Counting k-mers 100%
Clustering 100%
Sorting clusters 100%
Writing clusters 100%
Clusters: 0
Singletons: 0
Multiple alignments 100%
vsearch v2.30.0_linux_x86_64, 94.1GB RAM, 24 cores
https://github.com/torognes/vsearch

Reading file results/clustering/cdr/r3_comp_zikv/cdr3_clusters/4820a33c-fa49-40ec-afab-75033b6b6d70-IGK.fasta 100%
14864 nt in 550 seqs, min 14, max 35, avg 27
Masking 100%
Sorting by length 100%
Counting k-mers 100%
Clustering 100%
Sorting clusters 100%
Writing clusters 100%
Clusters: 451 Size min 1, max 10, avg 1.2
Singletons: 395, 71.8% of seqs, 87.6% of clusters
Multiple alignments 100%
vsearch v2.30.0_linux_x86_64, 94.1GB RAM, 24 cores
https://github.com/torognes/vsearch

Reading file results/clustering/cdr/r3_comp_zikv/cdr3_clusters/47bc932e-b8f9-4881-9e30-73817fcd36c1-IGH.fasta 100%
630 nt in 14 seqs, min 30, max 57, avg 45
Masking 100%
Sorting by length 100%
Counting k-mers 100%
Clustering 100%
Sorting clusters 100%
Writing clusters 100%
Clusters: 14 Size min 1, max 1, avg 1.0
Singletons: 14, 100.0% of seqs, 100.0% of clusters
Multiple alignments 100%
vsearch v2.30.0_linux_x86_64, 94.1GB RAM, 24 cores
https://github.com/torognes/vsearch

Reading file results/clustering/cdr/r3_comp_zikv/cdr3_clusters/91f20749-706f-420d-a1e1-57cf65ec18e5-IGK.fasta 100%
302 nt in 11 seqs, min 24, max 31, avg 27
Masking 100%
Sorting by length 100%
Counting k-mers 100%
Clustering 100%
Sorting clusters 100%
Writing clusters 100%
Clusters: 11 Size min 1, max 1, avg 1.0
Singletons: 11, 100.0% of seqs, 100.0% of clusters
Multiple alignments 100%
vsearch v2.30.0_linux_x86_64, 94.1GB RAM, 24 cores
https://github.com/torognes/vsearch

Reading file results/clustering/cdr/r3_comp_zikv/cdr3_clusters/f322b3f6-6179-4b09-9a3d-785f13d64501-IGH.fasta 100%
200 nt in 5 seqs, min 32, max 54, avg 40
minseqlength 6: 1 sequence discarded.
Masking 100%
Sorting by length 100%
Counting k-mers 100%
Clustering 100%
Sorting clusters 100%
Writing clusters 100%
Clusters: 5 Size min 1, max 1, avg 1.0
Singletons: 5, 100.0% of seqs, 100.0% of clusters
Multiple alignments 100%
vsearch v2.30.0_linux_x86_64, 94.1GB RAM, 24 cores
https://github.com/torognes/vsearch

Reading file results/clustering/cdr/r3_comp_zikv/cdr3_clusters/b0250777-d0dc-4b03-87b2-8d5cada1b3f0-IGH.fasta 100%
0 nt in 0 seqs
Masking 100%
Sorting by length 100%
Counting k-mers 100%
Clustering 100%
Sorting clusters 100%
Writing clusters 100%
Clusters: 0
Singletons: 0
Multiple alignments 100%
vsearch v2.30.0_linux_x86_64, 94.1GB RAM, 24 cores
https://github.com/torognes/vsearch

Reading file results/clustering/cdr/r3_comp_zikv/cdr3_clusters/d1e599c8-b429-4564-8a7c-fe3f520730c1-IGK.fasta 100%
0 nt in 0 seqs
minseqlength 6: 2 sequences discarded.
Masking 100%
Sorting by length 100%
Counting k-mers 100%
Clustering 100%
Sorting clusters 100%
Writing clusters 100%
Clusters: 0
Singletons: 0
Multiple alignments 100%
vsearch v2.30.0_linux_x86_64, 94.1GB RAM, 24 cores
https://github.com/torognes/vsearch

Reading file results/clustering/cdr/r3_comp_zikv/cdr3_clusters/413182c3-2647-4e1d-9f70-ceb51def72b2-IGK.fasta 100%
0 nt in 0 seqs
minseqlength 6: 1 sequence discarded.
Masking 100%
Sorting by length 100%
Counting k-mers 100%
Clustering 100%
Sorting clusters 100%
Writing clusters 100%
Clusters: 0
Singletons: 0
Multiple alignments 100%
vsearch v2.30.0_linux_x86_64, 94.1GB RAM, 24 cores
https://github.com/torognes/vsearch

Reading file results/clustering/cdr/r3_comp_zikv/cdr3_clusters/6bdb7d70-ce6f-41fd-8b3b-644103aa4496-IGK.fasta 100%
132 nt in 5 seqs, min 24, max 27, avg 26
Masking 100%
Sorting by length 100%
Counting k-mers 100%
Clustering 100%
Sorting clusters 100%
Writing clusters 100%
Clusters: 5 Size min 1, max 1, avg 1.0
Singletons: 5, 100.0% of seqs, 100.0% of clusters
Multiple alignments 100%
vsearch v2.30.0_linux_x86_64, 94.1GB RAM, 24 cores
https://github.com/torognes/vsearch

Reading file results/clustering/cdr/r3_comp_zikv/cdr3_clusters/0e2b6998-7c95-4d55-9909-dc0eece92aa3-IGK.fasta 100%
185 nt in 7 seqs, min 23, max 28, avg 26
Masking 100%
Sorting by length 100%
Counting k-mers 100%
Clustering 100%
Sorting clusters 100%
Writing clusters 100%
Clusters: 4 Size min 1, max 3, avg 1.8
Singletons: 2, 28.6% of seqs, 50.0% of clusters
Multiple alignments 100%
vsearch v2.30.0_linux_x86_64, 94.1GB RAM, 24 cores
https://github.com/torognes/vsearch

Reading file results/clustering/cdr/r3_comp_zikv/cdr3_clusters/ab3eb5b4-3904-46c7-9ab6-b6f97f2321fa-IGH.fasta 100%
0 nt in 0 seqs
minseqlength 6: 12 sequences discarded.
Masking 100%
Sorting by length 100%
Counting k-mers 100%
Clustering 100%
Sorting clusters 100%
Writing clusters 100%
Clusters: 0
Singletons: 0
Multiple alignments 100%
vsearch v2.30.0_linux_x86_64, 94.1GB RAM, 24 cores
https://github.com/torognes/vsearch

Reading file results/clustering/cdr/r3_comp_zikv/cdr3_clusters/d36a42a5-c38d-4b94-b630-bb040a2ad018-IGH.fasta 100%
753 nt in 18 seqs, min 30, max 54, avg 42
Masking 100%
Sorting by length 100%
Counting k-mers 100%
Clustering 100%
Sorting clusters 100%
Writing clusters 100%
Clusters: 18 Size min 1, max 1, avg 1.0
Singletons: 18, 100.0% of seqs, 100.0% of clusters
Multiple alignments 100%
vsearch v2.30.0_linux_x86_64, 94.1GB RAM, 24 cores
https://github.com/torognes/vsearch

Reading file results/clustering/cdr/r3_comp_zikv/cdr3_clusters/f136a693-65aa-4a53-a811-7135c46eeaf2-IGH.fasta 100%
0 nt in 0 seqs
minseqlength 6: 4 sequences discarded.
Masking 100%
Sorting by length 100%
Counting k-mers 100%
Clustering 100%
Sorting clusters 100%
Writing clusters 100%
Clusters: 0
Singletons: 0
Multiple alignments 100%
vsearch v2.30.0_linux_x86_64, 94.1GB RAM, 24 cores
https://github.com/torognes/vsearch

Reading file results/clustering/cdr/r3_comp_zikv/cdr3_clusters/596060cb-5162-46c0-b85a-9d8c246d78e9-IGK.fasta 100%
165 nt in 6 seqs, min 27, max 30, avg 28
minseqlength 6: 1 sequence discarded.
Masking 100%
Sorting by length 100%
Counting k-mers 100%
Clustering 100%
Sorting clusters 100%
Writing clusters 100%
Clusters: 6 Size min 1, max 1, avg 1.0
Singletons: 6, 100.0% of seqs, 100.0% of clusters
Multiple alignments 100%
vsearch v2.30.0_linux_x86_64, 94.1GB RAM, 24 cores
https://github.com/torognes/vsearch

Reading file results/clustering/cdr/r3_comp_zikv/cdr3_clusters/449b6d1d-f912-485f-93b1-b91b2c14c635-IGK.fasta 100%
618 nt in 24 seqs, min 18, max 30, avg 26
Masking 100%
Sorting by length 100%
Counting k-mers 100%
Clustering 100%
Sorting clusters 100%
Writing clusters 100%
Clusters: 23 Size min 1, max 2, avg 1.0
Singletons: 22, 91.7% of seqs, 95.7% of clusters
Multiple alignments 100%
vsearch v2.30.0_linux_x86_64, 94.1GB RAM, 24 cores
https://github.com/torognes/vsearch

Reading file results/clustering/cdr/r3_comp_zikv/cdr3_clusters/64e0069a-4ab4-4241-b9a2-0bc955343953-IGH.fasta 100%
241 nt in 6 seqs, min 33, max 48, avg 40
minseqlength 6: 2 sequences discarded.
Masking 100%
Sorting by length 100%
Counting k-mers 100%
Clustering 100%
Sorting clusters 100%
Writing clusters 100%
Clusters: 6 Size min 1, max 1, avg 1.0
Singletons: 6, 100.0% of seqs, 100.0% of clusters
Multiple alignments 100%
vsearch v2.30.0_linux_x86_64, 94.1GB RAM, 24 cores
https://github.com/torognes/vsearch

Reading file results/clustering/cdr/r3_comp_zikv/cdr3_clusters/7941e8c1-c6e5-4064-a926-8e9173b350da-IGK.fasta 100%
0 nt in 0 seqs
minseqlength 6: 14 sequences discarded.
Masking 100%
Sorting by length 100%
Counting k-mers 100%
Clustering 100%
Sorting clusters 100%
Writing clusters 100%
Clusters: 0
Singletons: 0
Multiple alignments 100%
vsearch v2.30.0_linux_x86_64, 94.1GB RAM, 24 cores
https://github.com/torognes/vsearch

Reading file results/clustering/cdr/r3_comp_zikv/cdr3_clusters/13ec7f38-1ff3-4638-b62a-893745ad910b-IGK.fasta 100%
0 nt in 0 seqs
Masking 100%
Sorting by length 100%
Counting k-mers 100%
Clustering 100%
Sorting clusters 100%
Writing clusters 100%
Clusters: 0
Singletons: 0
Multiple alignments 100%
vsearch v2.30.0_linux_x86_64, 94.1GB RAM, 24 cores
https://github.com/torognes/vsearch

Reading file results/clustering/cdr/r3_comp_zikv/cdr3_clusters/0e62d267-a77c-42e1-ad5d-e08c21da11f9-IGH.fasta 100%
0 nt in 0 seqs
minseqlength 6: 3 sequences discarded.
Masking 100%
Sorting by length 100%
Counting k-mers 100%
Clustering 100%
Sorting clusters 100%
Writing clusters 100%
Clusters: 0
Singletons: 0
Multiple alignments 100%
vsearch v2.30.0_linux_x86_64, 94.1GB RAM, 24 cores
https://github.com/torognes/vsearch

Reading file results/clustering/cdr/r3_comp_zikv/cdr3_clusters/1bfd4f18-16ed-4b9f-9c85-d74ab755631d-IGK.fasta 100%
0 nt in 0 seqs
minseqlength 6: 1 sequence discarded.
Masking 100%
Sorting by length 100%
Counting k-mers 100%
Clustering 100%
Sorting clusters 100%
Writing clusters 100%
Clusters: 0
Singletons: 0
Multiple alignments 100%
vsearch v2.30.0_linux_x86_64, 94.1GB RAM, 24 cores
https://github.com/torognes/vsearch

Reading file results/clustering/cdr/r3_comp_zikv/cdr3_clusters/46713621-fddf-4572-b6c7-8d08d3ec7bb8-IGH.fasta 100%
395 nt in 8 seqs, min 33, max 67, avg 49
Masking 100%
Sorting by length 100%
Counting k-mers 100%
Clustering 100%
Sorting clusters 100%
Writing clusters 100%
Clusters: 8 Size min 1, max 1, avg 1.0
Singletons: 8, 100.0% of seqs, 100.0% of clusters
Multiple alignments 100%
vsearch v2.30.0_linux_x86_64, 94.1GB RAM, 24 cores
https://github.com/torognes/vsearch

Reading file results/clustering/cdr/r3_comp_zikv/cdr3_clusters/d53fced6-2a59-4827-b749-606508c11b10-IGH.fasta 100%
69 nt in 1 seqs, min 69, max 69, avg 69
minseqlength 6: 4 sequences discarded.
Masking 100%
Sorting by length 100%
Counting k-mers 100%
Clustering 100%
Sorting clusters 100%
Writing clusters 100%
Clusters: 1 Size min 1, max 1, avg 1.0
Singletons: 1, 100.0% of seqs, 100.0% of clusters
Multiple alignments 100%
vsearch v2.30.0_linux_x86_64, 94.1GB RAM, 24 cores
https://github.com/torognes/vsearch

Reading file results/clustering/cdr/r3_comp_zikv/cdr3_clusters/16e374b1-ebc4-4bc6-89cf-558be75b4758-IGH.fasta 100%
0 nt in 0 seqs
Masking 100%
Sorting by length 100%
Counting k-mers 100%
Clustering 100%
Sorting clusters 100%
Writing clusters 100%
Clusters: 0
Singletons: 0
Multiple alignments 100%
vsearch v2.30.0_linux_x86_64, 94.1GB RAM, 24 cores
https://github.com/torognes/vsearch

Reading file results/clustering/cdr/r3_comp_zikv/cdr3_clusters/47335f1c-6623-4a55-b653-ee4c020a981a-IGK.fasta 100%
131 nt in 5 seqs, min 24, max 28, avg 26
Masking 100%
Sorting by length 100%
Counting k-mers 100%
Clustering 100%
Sorting clusters 100%
Writing clusters 100%
Clusters: 5 Size min 1, max 1, avg 1.0
Singletons: 5, 100.0% of seqs, 100.0% of clusters
Multiple alignments 100%
vsearch v2.30.0_linux_x86_64, 94.1GB RAM, 24 cores
https://github.com/torognes/vsearch

Reading file results/clustering/cdr/r3_comp_zikv/cdr3_clusters/092c18db-6e93-4210-8f81-12871635e2b4-IGK.fasta 100%
0 nt in 0 seqs
minseqlength 6: 9 sequences discarded.
Masking 100%
Sorting by length 100%
Counting k-mers 100%
Clustering 100%
Sorting clusters 100%
Writing clusters 100%
Clusters: 0
Singletons: 0
Multiple alignments 100%
vsearch v2.30.0_linux_x86_64, 94.1GB RAM, 24 cores
https://github.com/torognes/vsearch

Reading file results/clustering/cdr/r3_comp_zikv/cdr3_clusters/07877cab-4aa0-4612-b534-5198bc61e97b-IGK.fasta 100%
0 nt in 0 seqs
Masking 100%
Sorting by length 100%
Counting k-mers 100%
Clustering 100%
Sorting clusters 100%
Writing clusters 100%
Clusters: 0
Singletons: 0
Multiple alignments 100%
vsearch v2.30.0_linux_x86_64, 94.1GB RAM, 24 cores
https://github.com/torognes/vsearch

Reading file results/clustering/cdr/r3_comp_zikv/cdr3_clusters/704e327a-824b-4b07-a6cc-719d09d32591-IGH.fasta 100%
721 nt in 22 seqs, min 18, max 46, avg 33
Masking 100%
Sorting by length 100%
Counting k-mers 100%
Clustering 100%
Sorting clusters 100%
Writing clusters 100%
Clusters: 21 Size min 1, max 2, avg 1.0
Singletons: 20, 90.9% of seqs, 95.2% of clusters
Multiple alignments 100%
vsearch v2.30.0_linux_x86_64, 94.1GB RAM, 24 cores
https://github.com/torognes/vsearch

Reading file results/clustering/cdr/r3_comp_zikv/cdr3_clusters/c6ce503a-5ed9-49c1-a5fc-2891b0bce376-IGK.fasta 100%
616 nt in 24 seqs, min 18, max 27, avg 26
Masking 100%
Sorting by length 100%
Counting k-mers 100%
Clustering 100%
Sorting clusters 100%
Writing clusters 100%
Clusters: 23 Size min 1, max 2, avg 1.0
Singletons: 22, 91.7% of seqs, 95.7% of clusters
Multiple alignments 100%
vsearch v2.30.0_linux_x86_64, 94.1GB RAM, 24 cores
https://github.com/torognes/vsearch

Reading file results/clustering/cdr/r3_comp_zikv/cdr3_clusters/988ea149-609f-45e7-a249-103c3f534b4b-IGK.fasta 100%
448 nt in 11 seqs, min 29, max 62, avg 41
minseqlength 6: 158 sequences discarded.
Masking 100%
Sorting by length 100%
Counting k-mers 100%
Clustering 100%
Sorting clusters 100%
Writing clusters 100%
Clusters: 9 Size min 1, max 3, avg 1.2
Singletons: 8, 72.7% of seqs, 88.9% of clusters
Multiple alignments 100%
vsearch v2.30.0_linux_x86_64, 94.1GB RAM, 24 cores
https://github.com/torognes/vsearch

Reading file results/clustering/cdr/r3_comp_zikv/cdr3_clusters/e8c8abe8-8c41-4b1f-aeb7-871822e739fd-IGH.fasta 100%
595 nt in 8 seqs, min 54, max 140, avg 74
Masking 100%
Sorting by length 100%
Counting k-mers 100%
Clustering 100%
Sorting clusters 100%
Writing clusters 100%
Clusters: 8 Size min 1, max 1, avg 1.0
Singletons: 8, 100.0% of seqs, 100.0% of clusters
Multiple alignments 100%
vsearch v2.30.0_linux_x86_64, 94.1GB RAM, 24 cores
https://github.com/torognes/vsearch

Reading file results/clustering/cdr/r3_comp_zikv/cdr3_clusters/378afd43-b0af-46a4-bee8-4e949b65a580-IGH.fasta 100%
346 nt in 8 seqs, min 30, max 55, avg 43
Masking 100%
Sorting by length 100%
Counting k-mers 100%
Clustering 100%
Sorting clusters 100%
Writing clusters 100%
Clusters: 8 Size min 1, max 1, avg 1.0
Singletons: 8, 100.0% of seqs, 100.0% of clusters
Multiple alignments 100%
vsearch v2.30.0_linux_x86_64, 94.1GB RAM, 24 cores
https://github.com/torognes/vsearch

Reading file results/clustering/cdr/r3_comp_zikv/cdr3_clusters/a189b772-561b-46a4-8af8-f1c7b6d9e2bf-IGK.fasta 100%
621 nt in 23 seqs, min 22, max 31, avg 27
Masking 100%
Sorting by length 100%
Counting k-mers 100%
Clustering 100%
Sorting clusters 100%
Writing clusters 100%
Clusters: 23 Size min 1, max 1, avg 1.0
Singletons: 23, 100.0% of seqs, 100.0% of clusters
Multiple alignments 100%
vsearch v2.30.0_linux_x86_64, 94.1GB RAM, 24 cores
https://github.com/torognes/vsearch

Reading file results/clustering/cdr/r3_comp_zikv/cdr3_clusters/9b18fccf-eaf2-4e25-89b2-eb53fc7a2d1b-IGK.fasta 100%
431 nt in 14 seqs, min 22, max 35, avg 31
Masking 100%
Sorting by length 100%
Counting k-mers 100%
Clustering 100%
Sorting clusters 100%
Writing clusters 100%
Clusters: 9 Size min 1, max 4, avg 1.6
Singletons: 6, 42.9% of seqs, 66.7% of clusters
Multiple alignments 100%
vsearch v2.30.0_linux_x86_64, 94.1GB RAM, 24 cores
https://github.com/torognes/vsearch

Reading file results/clustering/cdr/r3_comp_zikv/cdr3_clusters/65aee93b-4275-432c-8c44-69ada65a0eef-IGK.fasta 100%
1958 nt in 71 seqs, min 23, max 33, avg 28
Masking 100%
Sorting by length 100%
Counting k-mers 100%
Clustering 100%
Sorting clusters 100%
Writing clusters 100%
Clusters: 67 Size min 1, max 2, avg 1.1
Singletons: 63, 88.7% of seqs, 94.0% of clusters
Multiple alignments 100%
vsearch v2.30.0_linux_x86_64, 94.1GB RAM, 24 cores
https://github.com/torognes/vsearch

Reading file results/clustering/cdr/r3_comp_zikv/cdr3_clusters/e26fe65d-cfa9-42b5-9705-de3d9bb09ef6-IGH.fasta 100%
513 nt in 9 seqs, min 39, max 69, avg 57
Masking 100%
Sorting by length 100%
Counting k-mers 100%
Clustering 100%
Sorting clusters 100%
Writing clusters 100%
Clusters: 9 Size min 1, max 1, avg 1.0
Singletons: 9, 100.0% of seqs, 100.0% of clusters
Multiple alignments 100%
vsearch v2.30.0_linux_x86_64, 94.1GB RAM, 24 cores
https://github.com/torognes/vsearch

Reading file results/clustering/cdr/r3_comp_zikv/cdr3_clusters/47e4ee3b-e8b8-4275-b36a-c0dcc5a3b855-IGH.fasta 100%
0 nt in 0 seqs
minseqlength 6: 3 sequences discarded.
Masking 100%
Sorting by length 100%
Counting k-mers 100%
Clustering 100%
Sorting clusters 100%
Writing clusters 100%
Clusters: 0
Singletons: 0
Multiple alignments 100%
vsearch v2.30.0_linux_x86_64, 94.1GB RAM, 24 cores
https://github.com/torognes/vsearch

Reading file results/clustering/cdr/r3_comp_zikv/cdr3_clusters/ddec9b32-c4c4-4c6c-8314-d5a6e67f6248-IGK.fasta 100%
364 nt in 14 seqs, min 19, max 30, avg 26
Masking 100%
Sorting by length 100%
Counting k-mers 100%
Clustering 100%
Sorting clusters 100%
Writing clusters 100%
Clusters: 14 Size min 1, max 1, avg 1.0
Singletons: 14, 100.0% of seqs, 100.0% of clusters
Multiple alignments 100%
vsearch v2.30.0_linux_x86_64, 94.1GB RAM, 24 cores
https://github.com/torognes/vsearch

Reading file results/clustering/cdr/r3_comp_zikv/cdr3_clusters/b991c18c-e1eb-4889-ad4e-6370a240eb63-IGK.fasta 100%
0 nt in 0 seqs
minseqlength 6: 7 sequences discarded.
Masking 100%
Sorting by length 100%
Counting k-mers 100%
Clustering 100%
Sorting clusters 100%
Writing clusters 100%
Clusters: 0
Singletons: 0
Multiple alignments 100%
vsearch v2.30.0_linux_x86_64, 94.1GB RAM, 24 cores
https://github.com/torognes/vsearch

Reading file results/clustering/cdr/r3_comp_zikv/cdr3_clusters/6ded16e1-49c8-45f8-a828-3092ad75bcf9-IGH.fasta 100%
2327 nt in 57 seqs, min 21, max 59, avg 41
Masking 100%
Sorting by length 100%
Counting k-mers 100%
Clustering 100%
Sorting clusters 100%
Writing clusters 100%
Clusters: 55 Size min 1, max 2, avg 1.0
Singletons: 53, 93.0% of seqs, 96.4% of clusters
Multiple alignments 100%
vsearch v2.30.0_linux_x86_64, 94.1GB RAM, 24 cores
https://github.com/torognes/vsearch

Reading file results/clustering/cdr/r3_comp_zikv/cdr3_clusters/e8d4a279-f26b-4286-8856-8b726b919583-IGK.fasta 100%
132 nt in 5 seqs, min 24, max 27, avg 26
Masking 100%
Sorting by length 100%
Counting k-mers 100%
Clustering 100%
Sorting clusters 100%
Writing clusters 100%
Clusters: 5 Size min 1, max 1, avg 1.0
Singletons: 5, 100.0% of seqs, 100.0% of clusters
Multiple alignments 100%
vsearch v2.30.0_linux_x86_64, 94.1GB RAM, 24 cores
https://github.com/torognes/vsearch

Reading file results/clustering/cdr/r3_comp_zikv/cdr3_clusters/18c03533-d335-432a-82ec-962a5fd34d60-IGH.fasta 100%
0 nt in 0 seqs
minseqlength 6: 47 sequences discarded.
Masking 100%
Sorting by length 100%
Counting k-mers 100%
Clustering 100%
Sorting clusters 100%
Writing clusters 100%
Clusters: 0
Singletons: 0
Multiple alignments 100%
vsearch v2.30.0_linux_x86_64, 94.1GB RAM, 24 cores
https://github.com/torognes/vsearch

Reading file results/clustering/cdr/r3_comp_zikv/cdr3_clusters/1ed16775-4f5e-4b71-970b-170033821a77-IGH.fasta 100%
55 nt in 1 seqs, min 55, max 55, avg 55
minseqlength 6: 2 sequences discarded.
Masking 100%
Sorting by length 100%
Counting k-mers 100%
Clustering 100%
Sorting clusters 100%
Writing clusters 100%
Clusters: 1 Size min 1, max 1, avg 1.0
Singletons: 1, 100.0% of seqs, 100.0% of clusters
Multiple alignments 100%
vsearch v2.30.0_linux_x86_64, 94.1GB RAM, 24 cores
https://github.com/torognes/vsearch

Reading file results/clustering/cdr/r3_comp_zikv/cdr3_clusters/09cab21b-ed4d-4deb-a5df-74362eda1009-IGH.fasta 100%
0 nt in 0 seqs
minseqlength 6: 5 sequences discarded.
Masking 100%
Sorting by length 100%
Counting k-mers 100%
Clustering 100%
Sorting clusters 100%
Writing clusters 100%
Clusters: 0
Singletons: 0
Multiple alignments 100%
vsearch v2.30.0_linux_x86_64, 94.1GB RAM, 24 cores
https://github.com/torognes/vsearch

Reading file results/clustering/cdr/r3_comp_zikv/cdr3_clusters/99e6a97a-ea3d-4aa0-8e4a-a9222eac4a38-IGK.fasta 100%
0 nt in 0 seqs
minseqlength 6: 7 sequences discarded.
Masking 100%
Sorting by length 100%
Counting k-mers 100%
Clustering 100%
Sorting clusters 100%
Writing clusters 100%
Clusters: 0
Singletons: 0
Multiple alignments 100%
vsearch v2.30.0_linux_x86_64, 94.1GB RAM, 24 cores
https://github.com/torognes/vsearch

Reading file results/clustering/cdr/r3_comp_zikv/cdr3_clusters/3a3c2164-5d84-4c38-b569-b01020936b24-IGK.fasta 100%
0 nt in 0 seqs
Masking 100%
Sorting by length 100%
Counting k-mers 100%
Clustering 100%
Sorting clusters 100%
Writing clusters 100%
Clusters: 0
Singletons: 0
Multiple alignments 100%
vsearch v2.30.0_linux_x86_64, 94.1GB RAM, 24 cores
https://github.com/torognes/vsearch

Reading file results/clustering/cdr/r3_comp_zikv/cdr3_clusters/087c27a2-042c-41a2-97e9-356e8da33233-IGK.fasta 100%
401 nt in 14 seqs, min 15, max 36, avg 29
Masking 100%
Sorting by length 100%
Counting k-mers 100%
Clustering 100%
Sorting clusters 100%
Writing clusters 100%
Clusters: 14 Size min 1, max 1, avg 1.0
Singletons: 14, 100.0% of seqs, 100.0% of clusters
Multiple alignments 100%
vsearch v2.30.0_linux_x86_64, 94.1GB RAM, 24 cores
https://github.com/torognes/vsearch

Reading file results/clustering/cdr/r3_comp_zikv/cdr3_clusters/016a06ec-1918-49e3-b61a-c1d36791cde3-IGK.fasta 100%
0 nt in 0 seqs
Masking 100%
Sorting by length 100%
Counting k-mers 100%
Clustering 100%
Sorting clusters 100%
Writing clusters 100%
Clusters: 0
Singletons: 0
Multiple alignments 100%
vsearch v2.30.0_linux_x86_64, 94.1GB RAM, 24 cores
https://github.com/torognes/vsearch

Reading file results/clustering/cdr/r3_comp_zikv/cdr3_clusters/7053268c-dd37-4f35-9161-dafa5fa2105b-IGH.fasta 100%
1629 nt in 39 seqs, min 39, max 45, avg 42
Masking 100%
Sorting by length 100%
Counting k-mers 100%
Clustering 100%
Sorting clusters 100%
Writing clusters 100%
Clusters: 5 Size min 1, max 25, avg 7.8
Singletons: 1, 2.6% of seqs, 20.0% of clusters
Multiple alignments 100%
vsearch v2.30.0_linux_x86_64, 94.1GB RAM, 24 cores
https://github.com/torognes/vsearch

Reading file results/clustering/cdr/r3_comp_zikv/cdr3_clusters/6e23af86-1f58-4ec0-9f2a-5e0bf790edda-IGK.fasta 100%
408 nt in 15 seqs, min 22, max 30, avg 27
Masking 100%
Sorting by length 100%
Counting k-mers 100%
Clustering 100%
Sorting clusters 100%
Writing clusters 100%
Clusters: 15 Size min 1, max 1, avg 1.0
Singletons: 15, 100.0% of seqs, 100.0% of clusters
Multiple alignments 100%
vsearch v2.30.0_linux_x86_64, 94.1GB RAM, 24 cores
https://github.com/torognes/vsearch

Reading file results/clustering/cdr/r3_comp_zikv/cdr3_clusters/124e43b9-12fa-4f8d-80c0-25834a9e88e5-IGH.fasta 100%
161 nt in 4 seqs, min 25, max 59, avg 40
minseqlength 6: 2 sequences discarded.
Masking 100%
Sorting by length 100%
Counting k-mers 100%
Clustering 100%
Sorting clusters 100%
Writing clusters 100%
Clusters: 4 Size min 1, max 1, avg 1.0
Singletons: 4, 100.0% of seqs, 100.0% of clusters
Multiple alignments 100%
vsearch v2.30.0_linux_x86_64, 94.1GB RAM, 24 cores
https://github.com/torognes/vsearch

Reading file results/clustering/cdr/r3_comp_zikv/cdr3_clusters/d1b9cbf4-24e0-41ef-a2f9-0aaee37d050c-IGH.fasta 100%
761 nt in 17 seqs, min 30, max 57, avg 45
Masking 100%
Sorting by length 100%
Counting k-mers 100%
Clustering 100%
Sorting clusters 100%
Writing clusters 100%
Clusters: 16 Size min 1, max 2, avg 1.1
Singletons: 15, 88.2% of seqs, 93.8% of clusters
Multiple alignments 100%
vsearch v2.30.0_linux_x86_64, 94.1GB RAM, 24 cores
https://github.com/torognes/vsearch

Reading file results/clustering/cdr/r3_comp_zikv/cdr3_clusters/de44c4de-974f-44d6-b66d-770d87d4defe-IGK.fasta 100%
0 nt in 0 seqs
minseqlength 6: 7 sequences discarded.
Masking 100%
Sorting by length 100%
Counting k-mers 100%
Clustering 100%
Sorting clusters 100%
Writing clusters 100%
Clusters: 0
Singletons: 0
Multiple alignments 100%
vsearch v2.30.0_linux_x86_64, 94.1GB RAM, 24 cores
https://github.com/torognes/vsearch

Reading file results/clustering/cdr/r3_comp_zikv/cdr3_clusters/6f75eb38-dd17-48c9-9b94-cc4bf994e5c1-IGH.fasta 100%
6750 nt in 136 seqs, min 24, max 77, avg 50
Masking 100%
Sorting by length 100%
Counting k-mers 100%
Clustering 100%
Sorting clusters 100%
Writing clusters 100%
Clusters: 127 Size min 1, max 3, avg 1.1
Singletons: 121, 89.0% of seqs, 95.3% of clusters
Multiple alignments 100%
vsearch v2.30.0_linux_x86_64, 94.1GB RAM, 24 cores
https://github.com/torognes/vsearch

Reading file results/clustering/cdr/r3_comp_zikv/cdr3_clusters/bf6ffd6c-4634-4741-aca4-d03739890aaf-IGK.fasta 100%
636 nt in 24 seqs, min 18, max 30, avg 26
Masking 100%
Sorting by length 100%
Counting k-mers 100%
Clustering 100%
Sorting clusters 100%
Writing clusters 100%
Clusters: 23 Size min 1, max 2, avg 1.0
Singletons: 22, 91.7% of seqs, 95.7% of clusters
Multiple alignments 100%
vsearch v2.30.0_linux_x86_64, 94.1GB RAM, 24 cores
https://github.com/torognes/vsearch

Reading file results/clustering/cdr/r3_comp_zikv/cdr3_clusters/90e96691-5518-46fd-bc37-a1ab286a5c2e-IGK.fasta 100%
0 nt in 0 seqs
minseqlength 6: 3 sequences discarded.
Masking 100%
Sorting by length 100%
Counting k-mers 100%
Clustering 100%
Sorting clusters 100%
Writing clusters 100%
Clusters: 0
Singletons: 0
Multiple alignments 100%
vsearch v2.30.0_linux_x86_64, 94.1GB RAM, 24 cores
https://github.com/torognes/vsearch

Reading file results/clustering/cdr/r3_comp_zikv/cdr3_clusters/162fd29a-a75a-46d1-8332-ec9ce136d5c9-IGH.fasta 100%
0 nt in 0 seqs
minseqlength 6: 4 sequences discarded.
Masking 100%
Sorting by length 100%
Counting k-mers 100%
Clustering 100%
Sorting clusters 100%
Writing clusters 100%
Clusters: 0
Singletons: 0
Multiple alignments 100%
vsearch v2.30.0_linux_x86_64, 94.1GB RAM, 24 cores
https://github.com/torognes/vsearch

Reading file results/clustering/cdr/r3_comp_zikv/cdr3_clusters/6bd5ea85-254a-43eb-ae90-12e3230281d3-IGK.fasta 100%
0 nt in 0 seqs
minseqlength 6: 1 sequence discarded.
Masking 100%
Sorting by length 100%
Counting k-mers 100%
Clustering 100%
Sorting clusters 100%
Writing clusters 100%
Clusters: 0
Singletons: 0
Multiple alignments 100%
vsearch v2.30.0_linux_x86_64, 94.1GB RAM, 24 cores
https://github.com/torognes/vsearch

Reading file results/clustering/cdr/r3_comp_zikv/cdr3_clusters/a0032137-6a76-4010-bb17-8b2db18b7d60-IGK.fasta 100%
431 nt in 16 seqs, min 24, max 30, avg 27
Masking 100%
Sorting by length 100%
Counting k-mers 100%
Clustering 100%
Sorting clusters 100%
Writing clusters 100%
Clusters: 14 Size min 1, max 2, avg 1.1
Singletons: 12, 75.0% of seqs, 85.7% of clusters
Multiple alignments 100%
vsearch v2.30.0_linux_x86_64, 94.1GB RAM, 24 cores
https://github.com/torognes/vsearch

Reading file results/clustering/cdr/r3_comp_zikv/cdr3_clusters/3d855a99-5e3e-48b1-b65d-f66fa226ea8b-IGK.fasta 100%
495 nt in 19 seqs, min 15, max 28, avg 26
Masking 100%
Sorting by length 100%
Counting k-mers 100%
Clustering 100%
Sorting clusters 100%
Writing clusters 100%
Clusters: 19 Size min 1, max 1, avg 1.0
Singletons: 19, 100.0% of seqs, 100.0% of clusters
Multiple alignments 100%
vsearch v2.30.0_linux_x86_64, 94.1GB RAM, 24 cores
https://github.com/torognes/vsearch

Reading file results/clustering/cdr/r3_comp_zikv/cdr3_clusters/d267c00d-5cd8-4bc2-a8f8-034ef2a48ea0-IGK.fasta 100%
0 nt in 0 seqs
minseqlength 6: 4 sequences discarded.
Masking 100%
Sorting by length 100%
Counting k-mers 100%
Clustering 100%
Sorting clusters 100%
Writing clusters 100%
Clusters: 0
Singletons: 0
Multiple alignments 100%
vsearch v2.30.0_linux_x86_64, 94.1GB RAM, 24 cores
https://github.com/torognes/vsearch

Reading file results/clustering/cdr/r3_comp_zikv/cdr3_clusters/d129795b-7d38-4a34-81bd-0814cb39eded-IGK.fasta 100%
0 nt in 0 seqs
minseqlength 6: 2 sequences discarded.
Masking 100%
Sorting by length 100%
Counting k-mers 100%
Clustering 100%
Sorting clusters 100%
Writing clusters 100%
Clusters: 0
Singletons: 0
Multiple alignments 100%
vsearch v2.30.0_linux_x86_64, 94.1GB RAM, 24 cores
https://github.com/torognes/vsearch

Reading file results/clustering/cdr/r3_comp_zikv/cdr3_clusters/6f2ccc94-112b-455f-9225-0833738661b0-IGK.fasta 100%
0 nt in 0 seqs
minseqlength 6: 4 sequences discarded.
Masking 100%
Sorting by length 100%
Counting k-mers 100%
Clustering 100%
Sorting clusters 100%
Writing clusters 100%
Clusters: 0
Singletons: 0
Multiple alignments 100%
vsearch v2.30.0_linux_x86_64, 94.1GB RAM, 24 cores
https://github.com/torognes/vsearch

Reading file results/clustering/cdr/r3_comp_zikv/cdr3_clusters/2f171530-c7c1-408a-94c4-bcc5639c6167-IGH.fasta 100%
38 nt in 1 seqs, min 38, max 38, avg 38
minseqlength 6: 3 sequences discarded.
Masking 100%
Sorting by length 100%
Counting k-mers 100%
Clustering 100%
Sorting clusters 100%
Writing clusters 100%
Clusters: 1 Size min 1, max 1, avg 1.0
Singletons: 1, 100.0% of seqs, 100.0% of clusters
Multiple alignments 100%
vsearch v2.30.0_linux_x86_64, 94.1GB RAM, 24 cores
https://github.com/torognes/vsearch

Reading file results/clustering/cdr/r3_comp_zikv/cdr3_clusters/e76af6df-167b-4ac2-a9a0-7401cab83490-IGK.fasta 100%
0 nt in 0 seqs
minseqlength 6: 5 sequences discarded.
Masking 100%
Sorting by length 100%
Counting k-mers 100%
Clustering 100%
Sorting clusters 100%
Writing clusters 100%
Clusters: 0
Singletons: 0
Multiple alignments 100%
vsearch v2.30.0_linux_x86_64, 94.1GB RAM, 24 cores
https://github.com/torognes/vsearch

Reading file results/clustering/cdr/r3_comp_zikv/cdr3_clusters/ca9311a1-b712-4337-b1ca-17c34bda49a0-IGH.fasta 100%
185 nt in 5 seqs, min 27, max 42, avg 37
Masking 100%
Sorting by length 100%
Counting k-mers 100%
Clustering 100%
Sorting clusters 100%
Writing clusters 100%
Clusters: 5 Size min 1, max 1, avg 1.0
Singletons: 5, 100.0% of seqs, 100.0% of clusters
Multiple alignments 100%
vsearch v2.30.0_linux_x86_64, 94.1GB RAM, 24 cores
https://github.com/torognes/vsearch

Reading file results/clustering/cdr/r3_comp_zikv/cdr3_clusters/964fd12a-ccff-4971-a1f1-49ab67b01050-IGH.fasta 100%
0 nt in 0 seqs
Masking 100%
Sorting by length 100%
Counting k-mers 100%
Clustering 100%
Sorting clusters 100%
Writing clusters 100%
Clusters: 0
Singletons: 0
Multiple alignments 100%
vsearch v2.30.0_linux_x86_64, 94.1GB RAM, 24 cores
https://github.com/torognes/vsearch

Reading file results/clustering/cdr/r3_comp_zikv/cdr3_clusters/6ea9a73e-9641-4031-bccd-29f11be9c783-IGK.fasta 100%
0 nt in 0 seqs
minseqlength 6: 9 sequences discarded.
Masking 100%
Sorting by length 100%
Counting k-mers 100%
Clustering 100%
Sorting clusters 100%
Writing clusters 100%
Clusters: 0
Singletons: 0
Multiple alignments 100%
vsearch v2.30.0_linux_x86_64, 94.1GB RAM, 24 cores
https://github.com/torognes/vsearch

Reading file results/clustering/cdr/r3_comp_zikv/cdr3_clusters/7f8d726b-3ab4-47f5-b843-953776b32202-IGK.fasta 100%
0 nt in 0 seqs
minseqlength 6: 4 sequences discarded.
Masking 100%
Sorting by length 100%
Counting k-mers 100%
Clustering 100%
Sorting clusters 100%
Writing clusters 100%
Clusters: 0
Singletons: 0
Multiple alignments 100%
vsearch v2.30.0_linux_x86_64, 94.1GB RAM, 24 cores
https://github.com/torognes/vsearch

Reading file results/clustering/cdr/r3_comp_zikv/cdr3_clusters/1015201b-5e80-45ce-b0d2-52239884e292-IGK.fasta 100%
3278 nt in 121 seqs, min 15, max 41, avg 27
Masking 100%
Sorting by length 100%
Counting k-mers 100%
Clustering 100%
Sorting clusters 100%
Writing clusters 100%
Clusters: 104 Size min 1, max 4, avg 1.2
Singletons: 92, 76.0% of seqs, 88.5% of clusters
Multiple alignments 100%
vsearch v2.30.0_linux_x86_64, 94.1GB RAM, 24 cores
https://github.com/torognes/vsearch

Reading file results/clustering/cdr/r3_comp_zikv/cdr3_clusters/2261e844-20e8-4004-b139-bb775de7e537-IGK.fasta 100%
380 nt in 14 seqs, min 24, max 34, avg 27
Masking 100%
Sorting by length 100%
Counting k-mers 100%
Clustering 100%
Sorting clusters 100%
Writing clusters 100%
Clusters: 10 Size min 1, max 4, avg 1.4
Singletons: 8, 57.1% of seqs, 80.0% of clusters
Multiple alignments 100%
vsearch v2.30.0_linux_x86_64, 94.1GB RAM, 24 cores
https://github.com/torognes/vsearch

Reading file results/clustering/cdr/r3_comp_zikv/cdr3_clusters/13918cbb-1873-430a-83d6-467b50e00916-IGK.fasta 100%
0 nt in 0 seqs
minseqlength 6: 8 sequences discarded.
Masking 100%
Sorting by length 100%
Counting k-mers 100%
Clustering 100%
Sorting clusters 100%
Writing clusters 100%
Clusters: 0
Singletons: 0
Multiple alignments 100%
vsearch v2.30.0_linux_x86_64, 94.1GB RAM, 24 cores
https://github.com/torognes/vsearch

Reading file results/clustering/cdr/r3_comp_zikv/cdr3_clusters/dc5d9be5-923c-446f-833a-083dd434bda5-IGH.fasta 100%
70 nt in 2 seqs, min 34, max 36, avg 35
minseqlength 6: 1 sequence discarded.
Masking 100%
Sorting by length 100%
Counting k-mers 100%
Clustering 100%
Sorting clusters 100%
Writing clusters 100%
Clusters: 2 Size min 1, max 1, avg 1.0
Singletons: 2, 100.0% of seqs, 100.0% of clusters
Multiple alignments 100%
vsearch v2.30.0_linux_x86_64, 94.1GB RAM, 24 cores
https://github.com/torognes/vsearch

Reading file results/clustering/cdr/r3_comp_zikv/cdr3_clusters/278ff9d3-2e43-4d13-b3c6-425289d141a8-IGH.fasta 100%
0 nt in 0 seqs
minseqlength 6: 4 sequences discarded.
Masking 100%
Sorting by length 100%
Counting k-mers 100%
Clustering 100%
Sorting clusters 100%
Writing clusters 100%
Clusters: 0
Singletons: 0
Multiple alignments 100%
vsearch v2.30.0_linux_x86_64, 94.1GB RAM, 24 cores
https://github.com/torognes/vsearch

Reading file results/clustering/cdr/r3_comp_zikv/cdr3_clusters/06ebff61-c898-4bc4-9799-8ad56d24da72-IGK.fasta 100%
132 nt in 5 seqs, min 21, max 30, avg 26
Masking 100%
Sorting by length 100%
Counting k-mers 100%
Clustering 100%
Sorting clusters 100%
Writing clusters 100%
Clusters: 5 Size min 1, max 1, avg 1.0
Singletons: 5, 100.0% of seqs, 100.0% of clusters
Multiple alignments 100%
vsearch v2.30.0_linux_x86_64, 94.1GB RAM, 24 cores
https://github.com/torognes/vsearch

Reading file results/clustering/cdr/r3_comp_zikv/cdr3_clusters/a7921fe9-7cd6-461e-acc5-27ae29cae12f-IGH.fasta 100%
268 nt in 6 seqs, min 33, max 62, avg 45
Masking 100%
Sorting by length 100%
Counting k-mers 100%
Clustering 100%
Sorting clusters 100%
Writing clusters 100%
Clusters: 5 Size min 1, max 2, avg 1.2
Singletons: 4, 66.7% of seqs, 80.0% of clusters
Multiple alignments 100%
vsearch v2.30.0_linux_x86_64, 94.1GB RAM, 24 cores
https://github.com/torognes/vsearch

Reading file results/clustering/cdr/r3_comp_zikv/cdr3_clusters/cc37863e-3a53-4de2-a752-e18c5d29c2fd-IGK.fasta 100%
0 nt in 0 seqs
minseqlength 6: 8 sequences discarded.
Masking 100%
Sorting by length 100%
Counting k-mers 100%
Clustering 100%
Sorting clusters 100%
Writing clusters 100%
Clusters: 0
Singletons: 0
Multiple alignments 100%
vsearch v2.30.0_linux_x86_64, 94.1GB RAM, 24 cores
https://github.com/torognes/vsearch

Reading file results/clustering/cdr/r3_comp_zikv/cdr3_clusters/6181a5d7-2ec5-4599-9198-d3addf551aae-IGH.fasta 100%
321 nt in 8 seqs, min 33, max 44, avg 40
Masking 100%
Sorting by length 100%
Counting k-mers 100%
Clustering 100%
Sorting clusters 100%
Writing clusters 100%
Clusters: 7 Size min 1, max 2, avg 1.1
Singletons: 6, 75.0% of seqs, 85.7% of clusters
Multiple alignments 100%
vsearch v2.30.0_linux_x86_64, 94.1GB RAM, 24 cores
https://github.com/torognes/vsearch

Reading file results/clustering/cdr/r3_comp_zikv/cdr3_clusters/1e8cacb9-6a21-4195-a985-02b77b02099a-IGH.fasta 100%
1272 nt in 24 seqs, min 10, max 61, avg 53
minseqlength 6: 7 sequences discarded.
Masking 100%
Sorting by length 100%
Counting k-mers 100%
Clustering 100%
Sorting clusters 100%
Writing clusters 100%
Clusters: 12 Size min 1, max 9, avg 2.0
Singletons: 9, 37.5% of seqs, 75.0% of clusters
Multiple alignments 100%
vsearch v2.30.0_linux_x86_64, 94.1GB RAM, 24 cores
https://github.com/torognes/vsearch

Reading file results/clustering/cdr/r3_comp_zikv/cdr3_clusters/d9f87a6d-2e74-4266-91b5-0ac1ab397265-IGK.fasta 100%
0 nt in 0 seqs
minseqlength 6: 2 sequences discarded.
Masking 100%
Sorting by length 100%
Counting k-mers 100%
Clustering 100%
Sorting clusters 100%
Writing clusters 100%
Clusters: 0
Singletons: 0
Multiple alignments 100%
vsearch v2.30.0_linux_x86_64, 94.1GB RAM, 24 cores
https://github.com/torognes/vsearch

Reading file results/clustering/cdr/r3_comp_zikv/cdr3_clusters/5ebda041-0151-484c-a55d-4ab393a59146-IGH.fasta 100%
526 nt in 11 seqs, min 10, max 72, avg 48
Masking 100%
Sorting by length 100%
Counting k-mers 100%
Clustering 100%
Sorting clusters 100%
Writing clusters 100%
Clusters: 10 Size min 1, max 2, avg 1.1
Singletons: 9, 81.8% of seqs, 90.0% of clusters
Multiple alignments 100%
vsearch v2.30.0_linux_x86_64, 94.1GB RAM, 24 cores
https://github.com/torognes/vsearch

Reading file results/clustering/cdr/r3_comp_zikv/cdr3_clusters/4e24de0d-59c4-43b5-a8a6-d6f5062b9476-IGK.fasta 100%
93 nt in 4 seqs, min 15, max 27, avg 23
minseqlength 6: 5 sequences discarded.
Masking 100%
Sorting by length 100%
Counting k-mers 100%
Clustering 100%
Sorting clusters 100%
Writing clusters 100%
Clusters: 4 Size min 1, max 1, avg 1.0
Singletons: 4, 100.0% of seqs, 100.0% of clusters
Multiple alignments 100%
vsearch v2.30.0_linux_x86_64, 94.1GB RAM, 24 cores
https://github.com/torognes/vsearch

Reading file results/clustering/cdr/r3_comp_zikv/cdr3_clusters/b56fd55d-0f26-466b-950e-44d70dbe8b6f-IGH.fasta 100%
2562 nt in 54 seqs, min 18, max 94, avg 47
minseqlength 6: 110 sequences discarded.
Masking 100%
Sorting by length 100%
Counting k-mers 100%
Clustering 100%
Sorting clusters 100%
Writing clusters 100%
Clusters: 52 Size min 1, max 2, avg 1.0
Singletons: 50, 92.6% of seqs, 96.2% of clusters
Multiple alignments 100%
vsearch v2.30.0_linux_x86_64, 94.1GB RAM, 24 cores
https://github.com/torognes/vsearch

Reading file results/clustering/cdr/r3_comp_zikv/cdr3_clusters/0796268a-f377-4442-bca8-a6baa90865b7-IGH.fasta 100%
0 nt in 0 seqs
minseqlength 6: 2 sequences discarded.
Masking 100%
Sorting by length 100%
Counting k-mers 100%
Clustering 100%
Sorting clusters 100%
Writing clusters 100%
Clusters: 0
Singletons: 0
Multiple alignments 100%
vsearch v2.30.0_linux_x86_64, 94.1GB RAM, 24 cores
https://github.com/torognes/vsearch

Reading file results/clustering/cdr/r3_comp_zikv/cdr3_clusters/d6a68a81-4bbd-4012-81f2-ff60af61a45e-IGK.fasta 100%
662 nt in 24 seqs, min 24, max 33, avg 28
Masking 100%
Sorting by length 100%
Counting k-mers 100%
Clustering 100%
Sorting clusters 100%
Writing clusters 100%
Clusters: 22 Size min 1, max 2, avg 1.1
Singletons: 20, 83.3% of seqs, 90.9% of clusters
Multiple alignments 100%
vsearch v2.30.0_linux_x86_64, 94.1GB RAM, 24 cores
https://github.com/torognes/vsearch

Reading file results/clustering/cdr/r3_comp_zikv/cdr3_clusters/30f212fc-1718-48bf-87ac-e6713ae34d0b-IGH.fasta 100%
0 nt in 0 seqs
Masking 100%
Sorting by length 100%
Counting k-mers 100%
Clustering 100%
Sorting clusters 100%
Writing clusters 100%
Clusters: 0
Singletons: 0
Multiple alignments 100%
vsearch v2.30.0_linux_x86_64, 94.1GB RAM, 24 cores
https://github.com/torognes/vsearch

Reading file results/clustering/cdr/r3_comp_zikv/cdr3_clusters/ef82e47e-03fc-4f1c-b47f-918984e5d043-IGH.fasta 100%
0 nt in 0 seqs
Masking 100%
Sorting by length 100%
Counting k-mers 100%
Clustering 100%
Sorting clusters 100%
Writing clusters 100%
Clusters: 0
Singletons: 0
Multiple alignments 100%
vsearch v2.30.0_linux_x86_64, 94.1GB RAM, 24 cores
https://github.com/torognes/vsearch

Reading file results/clustering/cdr/r3_comp_zikv/cdr3_clusters/28338e7c-b3c1-409d-bff7-09a1c8c9d15c-IGH.fasta 100%
0 nt in 0 seqs
minseqlength 6: 21 sequences discarded.
Masking 100%
Sorting by length 100%
Counting k-mers 100%
Clustering 100%
Sorting clusters 100%
Writing clusters 100%
Clusters: 0
Singletons: 0
Multiple alignments 100%
vsearch v2.30.0_linux_x86_64, 94.1GB RAM, 24 cores
https://github.com/torognes/vsearch

Reading file results/clustering/cdr/r3_comp_zikv/cdr3_clusters/3d33d2ed-9bb1-4c4a-84d0-64505a143b79-IGK.fasta 100%
146 nt in 5 seqs, min 27, max 32, avg 29
minseqlength 6: 3 sequences discarded.
Masking 100%
Sorting by length 100%
Counting k-mers 100%
Clustering 100%
Sorting clusters 100%
Writing clusters 100%
Clusters: 4 Size min 1, max 2, avg 1.2
Singletons: 3, 60.0% of seqs, 75.0% of clusters
Multiple alignments 100%
vsearch v2.30.0_linux_x86_64, 94.1GB RAM, 24 cores
https://github.com/torognes/vsearch

Reading file results/clustering/cdr/r3_comp_zikv/cdr3_clusters/9ee41d64-6f10-4998-b422-01a682c2e823-IGK.fasta 100%
116 nt in 4 seqs, min 26, max 30, avg 29
minseqlength 6: 15 sequences discarded.
Masking 100%
Sorting by length 100%
Counting k-mers 100%
Clustering 100%
Sorting clusters 100%
Writing clusters 100%
Clusters: 4 Size min 1, max 1, avg 1.0
Singletons: 4, 100.0% of seqs, 100.0% of clusters
Multiple alignments 100%
vsearch v2.30.0_linux_x86_64, 94.1GB RAM, 24 cores
https://github.com/torognes/vsearch

Reading file results/clustering/cdr/r3_comp_zikv/cdr3_clusters/229f6307-6808-49a0-9d2b-9e10e7489a1d-IGK.fasta 100%
95 nt in 3 seqs, min 25, max 39, avg 32
minseqlength 6: 4 sequences discarded.
Masking 100%
Sorting by length 100%
Counting k-mers 100%
Clustering 100%
Sorting clusters 100%
Writing clusters 100%
Clusters: 3 Size min 1, max 1, avg 1.0
Singletons: 3, 100.0% of seqs, 100.0% of clusters
Multiple alignments 100%
vsearch v2.30.0_linux_x86_64, 94.1GB RAM, 24 cores
https://github.com/torognes/vsearch

Reading file results/clustering/cdr/r3_comp_zikv/cdr3_clusters/946b0a2c-13bc-4509-bede-77def79e7062-IGH.fasta 100%
0 nt in 0 seqs
minseqlength 6: 8 sequences discarded.
Masking 100%
Sorting by length 100%
Counting k-mers 100%
Clustering 100%
Sorting clusters 100%
Writing clusters 100%
Clusters: 0
Singletons: 0
Multiple alignments 100%
vsearch v2.30.0_linux_x86_64, 94.1GB RAM, 24 cores
https://github.com/torognes/vsearch

Reading file results/clustering/cdr/r3_comp_zikv/cdr3_clusters/36995975-ec4c-4c65-8006-afa8474ba6ee-IGH.fasta 100%
343 nt in 9 seqs, min 35, max 44, avg 38
Masking 100%
Sorting by length 100%
Counting k-mers 100%
Clustering 100%
Sorting clusters 100%
Writing clusters 100%
Clusters: 6 Size min 1, max 4, avg 1.5
Singletons: 5, 55.6% of seqs, 83.3% of clusters
Multiple alignments 100%
vsearch v2.30.0_linux_x86_64, 94.1GB RAM, 24 cores
https://github.com/torognes/vsearch

Reading file results/clustering/cdr/r3_comp_zikv/cdr3_clusters/a5a0f82e-a58d-45c2-b75c-c97048639d67-IGH.fasta 100%
0 nt in 0 seqs
minseqlength 6: 7 sequences discarded.
Masking 100%
Sorting by length 100%
Counting k-mers 100%
Clustering 100%
Sorting clusters 100%
Writing clusters 100%
Clusters: 0
Singletons: 0
Multiple alignments 100%
vsearch v2.30.0_linux_x86_64, 94.1GB RAM, 24 cores
https://github.com/torognes/vsearch

Reading file results/clustering/cdr/r3_comp_zikv/cdr3_clusters/e9c1714f-1f83-47df-80e6-a5c1ea61c187-IGK.fasta 100%
29 nt in 1 seqs, min 29, max 29, avg 29
minseqlength 6: 32 sequences discarded.
Masking 100%
Sorting by length 100%
Counting k-mers 100%
Clustering 100%
Sorting clusters 100%
Writing clusters 100%
Clusters: 1 Size min 1, max 1, avg 1.0
Singletons: 1, 100.0% of seqs, 100.0% of clusters
Multiple alignments 100%
vsearch v2.30.0_linux_x86_64, 94.1GB RAM, 24 cores
https://github.com/torognes/vsearch

Reading file results/clustering/cdr/r3_comp_zikv/cdr3_clusters/8b6b8d45-e2fc-44b8-9470-9cd6c5ac2ba2-IGH.fasta 100%
95 nt in 2 seqs, min 39, max 56, avg 48
minseqlength 6: 11 sequences discarded.
Masking 100%
Sorting by length 100%
Counting k-mers 100%
Clustering 100%
Sorting clusters 100%
Writing clusters 100%
Clusters: 2 Size min 1, max 1, avg 1.0
Singletons: 2, 100.0% of seqs, 100.0% of clusters
Multiple alignments 100%
vsearch v2.30.0_linux_x86_64, 94.1GB RAM, 24 cores
https://github.com/torognes/vsearch

Reading file results/clustering/cdr/r3_comp_zikv/cdr3_clusters/3b61fcf1-ade1-42f0-9d53-74a33b12cc6a-IGH.fasta 100%
1459 nt in 38 seqs, min 27, max 54, avg 38
Masking 100%
Sorting by length 100%
Counting k-mers 100%
Clustering 100%
Sorting clusters 100%
Writing clusters 100%
Clusters: 36 Size min 1, max 2, avg 1.1
Singletons: 34, 89.5% of seqs, 94.4% of clusters
Multiple alignments 100%
vsearch v2.30.0_linux_x86_64, 94.1GB RAM, 24 cores
https://github.com/torognes/vsearch

Reading file results/clustering/cdr/r3_comp_zikv/cdr3_clusters/b41f920a-a022-4764-ad60-c3e052693a8b-IGH.fasta 100%
723 nt in 15 seqs, min 27, max 76, avg 48
Masking 100%
Sorting by length 100%
Counting k-mers 100%
Clustering 100%
Sorting clusters 100%
Writing clusters 100%
Clusters: 15 Size min 1, max 1, avg 1.0
Singletons: 15, 100.0% of seqs, 100.0% of clusters
Multiple alignments 100%
vsearch v2.30.0_linux_x86_64, 94.1GB RAM, 24 cores
https://github.com/torognes/vsearch

Reading file results/clustering/cdr/r3_comp_zikv/cdr3_clusters/0cf66c6e-0235-47ca-96fe-d98ec0bcc738-IGK.fasta 100%
0 nt in 0 seqs
Masking 100%
Sorting by length 100%
Counting k-mers 100%
Clustering 100%
Sorting clusters 100%
Writing clusters 100%
Clusters: 0
Singletons: 0
Multiple alignments 100%
vsearch v2.30.0_linux_x86_64, 94.1GB RAM, 24 cores
https://github.com/torognes/vsearch

Reading file results/clustering/cdr/r3_comp_zikv/cdr3_clusters/068ac8a2-84d3-4ef7-b8b9-d6871f808a25-IGK.fasta 100%
27 nt in 1 seqs, min 27, max 27, avg 27
minseqlength 6: 7 sequences discarded.
Masking 100%
Sorting by length 100%
Counting k-mers 100%
Clustering 100%
Sorting clusters 100%
Writing clusters 100%
Clusters: 1 Size min 1, max 1, avg 1.0
Singletons: 1, 100.0% of seqs, 100.0% of clusters
Multiple alignments 100%
vsearch v2.30.0_linux_x86_64, 94.1GB RAM, 24 cores
https://github.com/torognes/vsearch

Reading file results/clustering/cdr/r3_comp_zikv/cdr3_clusters/8baf19c9-d93b-46ce-9ff3-5b1f7c563dae-IGK.fasta 100%
136 nt in 5 seqs, min 27, max 28, avg 27
Masking 100%
Sorting by length 100%
Counting k-mers 100%
Clustering 100%
Sorting clusters 100%
Writing clusters 100%
Clusters: 5 Size min 1, max 1, avg 1.0
Singletons: 5, 100.0% of seqs, 100.0% of clusters
Multiple alignments 100%
vsearch v2.30.0_linux_x86_64, 94.1GB RAM, 24 cores
https://github.com/torognes/vsearch

Reading file results/clustering/cdr/r3_comp_zikv/cdr3_clusters/c35bc5bc-9ed8-44bd-96c9-3259c4049e3e-IGK.fasta 100%
0 nt in 0 seqs
minseqlength 6: 1 sequence discarded.
Masking 100%
Sorting by length 100%
Counting k-mers 100%
Clustering 100%
Sorting clusters 100%
Writing clusters 100%
Clusters: 0
Singletons: 0
Multiple alignments 100%
vsearch v2.30.0_linux_x86_64, 94.1GB RAM, 24 cores
https://github.com/torognes/vsearch

Reading file results/clustering/cdr/r3_comp_zikv/cdr3_clusters/15b8f096-ab07-4eb7-93dc-6f26e3d5e3be-IGK.fasta 100%
0 nt in 0 seqs
Masking 100%
Sorting by length 100%
Counting k-mers 100%
Clustering 100%
Sorting clusters 100%
Writing clusters 100%
Clusters: 0
Singletons: 0
Multiple alignments 100%
vsearch v2.30.0_linux_x86_64, 94.1GB RAM, 24 cores
https://github.com/torognes/vsearch

Reading file results/clustering/cdr/r3_comp_zikv/cdr3_clusters/9a9c654a-a55c-4603-9d51-68c502928b5c-IGH.fasta 100%
112 nt in 4 seqs, min 17, max 40, avg 28
minseqlength 6: 9 sequences discarded.
Masking 100%
Sorting by length 100%
Counting k-mers 100%
Clustering 100%
Sorting clusters 100%
Writing clusters 100%
Clusters: 3 Size min 1, max 2, avg 1.3
Singletons: 2, 50.0% of seqs, 66.7% of clusters
Multiple alignments 100%
vsearch v2.30.0_linux_x86_64, 94.1GB RAM, 24 cores
https://github.com/torognes/vsearch

Reading file results/clustering/cdr/r3_comp_zikv/cdr3_clusters/427eabcc-1da3-453b-b464-8ee575ea7a41-IGK.fasta 100%
0 nt in 0 seqs
Masking 100%
Sorting by length 100%
Counting k-mers 100%
Clustering 100%
Sorting clusters 100%
Writing clusters 100%
Clusters: 0
Singletons: 0
Multiple alignments 100%
vsearch v2.30.0_linux_x86_64, 94.1GB RAM, 24 cores
https://github.com/torognes/vsearch

Reading file results/clustering/cdr/r3_comp_zikv/cdr3_clusters/09cce182-e011-4e72-8a3e-0bd3a59457fe-IGH.fasta 100%
213 nt in 5 seqs, min 30, max 51, avg 43
Masking 100%
Sorting by length 100%
Counting k-mers 100%
Clustering 100%
Sorting clusters 100%
Writing clusters 100%
Clusters: 5 Size min 1, max 1, avg 1.0
Singletons: 5, 100.0% of seqs, 100.0% of clusters
Multiple alignments 100%
vsearch v2.30.0_linux_x86_64, 94.1GB RAM, 24 cores
https://github.com/torognes/vsearch

Reading file results/clustering/cdr/r3_comp_zikv/cdr3_clusters/3d3a599e-9e76-4b3a-b6a6-234785e4dffa-IGK.fasta 100%
153 nt in 6 seqs, min 18, max 27, avg 26
Masking 100%
Sorting by length 100%
Counting k-mers 100%
Clustering 100%
Sorting clusters 100%
Writing clusters 100%
Clusters: 5 Size min 1, max 2, avg 1.2
Singletons: 4, 66.7% of seqs, 80.0% of clusters
Multiple alignments 100%
vsearch v2.30.0_linux_x86_64, 94.1GB RAM, 24 cores
https://github.com/torognes/vsearch

Reading file results/clustering/cdr/r3_comp_zikv/cdr3_clusters/853565f2-492c-4453-a871-2261d93caaee-IGH.fasta 100%
0 nt in 0 seqs
minseqlength 6: 3 sequences discarded.
Masking 100%
Sorting by length 100%
Counting k-mers 100%
Clustering 100%
Sorting clusters 100%
Writing clusters 100%
Clusters: 0
Singletons: 0
Multiple alignments 100%
vsearch v2.30.0_linux_x86_64, 94.1GB RAM, 24 cores
https://github.com/torognes/vsearch

Reading file results/clustering/cdr/r3_comp_zikv/cdr3_clusters/cf3936de-812b-483d-b0e2-de8cdb975f1e-IGK.fasta 100%
27 nt in 1 seqs, min 27, max 27, avg 27
minseqlength 6: 6 sequences discarded.
Masking 100%
Sorting by length 100%
Counting k-mers 100%
Clustering 100%
Sorting clusters 100%
Writing clusters 100%
Clusters: 1 Size min 1, max 1, avg 1.0
Singletons: 1, 100.0% of seqs, 100.0% of clusters
Multiple alignments 100%
vsearch v2.30.0_linux_x86_64, 94.1GB RAM, 24 cores
https://github.com/torognes/vsearch

Reading file results/clustering/cdr/r3_comp_zikv/cdr3_clusters/e02cdc96-ba50-4f5a-b2e7-941b68ecf6d4-IGK.fasta 100%
0 nt in 0 seqs
Masking 100%
Sorting by length 100%
Counting k-mers 100%
Clustering 100%
Sorting clusters 100%
Writing clusters 100%
Clusters: 0
Singletons: 0
Multiple alignments 100%
vsearch v2.30.0_linux_x86_64, 94.1GB RAM, 24 cores
https://github.com/torognes/vsearch

Reading file results/clustering/cdr/r3_comp_zikv/cdr3_clusters/787041e4-1e21-44ae-b10b-20638aa5c2f3-IGK.fasta 100%
91 nt in 3 seqs, min 29, max 32, avg 30
minseqlength 6: 78 sequences discarded.
Masking 100%
Sorting by length 100%
Counting k-mers 100%
Clustering 100%
Sorting clusters 100%
Writing clusters 100%
Clusters: 1 Size min 3, max 3, avg 3.0
Singletons: 0, 0.0% of seqs, 0.0% of clusters
Multiple alignments 100%
vsearch v2.30.0_linux_x86_64, 94.1GB RAM, 24 cores
https://github.com/torognes/vsearch

Reading file results/clustering/cdr/r3_comp_zikv/cdr3_clusters/136a7787-e2ef-43e7-be8d-363e0a5227ad-IGH.fasta 100%
7586 nt in 160 seqs, min 24, max 72, avg 47
Masking 100%
Sorting by length 100%
Counting k-mers 100%
Clustering 100%
Sorting clusters 100%
Writing clusters 100%
Clusters: 151 Size min 1, max 3, avg 1.1
Singletons: 143, 89.4% of seqs, 94.7% of clusters
Multiple alignments 100%
vsearch v2.30.0_linux_x86_64, 94.1GB RAM, 24 cores
https://github.com/torognes/vsearch

Reading file results/clustering/cdr/r3_comp_zikv/cdr3_clusters/fe00e3d9-be29-417e-8be3-f7e14e405f69-IGK.fasta 100%
0 nt in 0 seqs
minseqlength 6: 16 sequences discarded.
Masking 100%
Sorting by length 100%
Counting k-mers 100%
Clustering 100%
Sorting clusters 100%
Writing clusters 100%
Clusters: 0
Singletons: 0
Multiple alignments 100%
vsearch v2.30.0_linux_x86_64, 94.1GB RAM, 24 cores
https://github.com/torognes/vsearch

Reading file results/clustering/cdr/r3_comp_zikv/cdr3_clusters/287574ed-b615-4ce3-88e3-38f9c4514ef7-IGK.fasta 100%
707 nt in 25 seqs, min 26, max 32, avg 28
Masking 100%
Sorting by length 100%
Counting k-mers 100%
Clustering 100%
Sorting clusters 100%
Writing clusters 100%
Clusters: 16 Size min 1, max 3, avg 1.6
Singletons: 10, 40.0% of seqs, 62.5% of clusters
Multiple alignments 100%
vsearch v2.30.0_linux_x86_64, 94.1GB RAM, 24 cores
https://github.com/torognes/vsearch

Reading file results/clustering/cdr/r3_comp_zikv/cdr3_clusters/b808b6e0-613b-46fa-aa9e-a758b4e48b67-IGK.fasta 100%
0 nt in 0 seqs
Masking 100%
Sorting by length 100%
Counting k-mers 100%
Clustering 100%
Sorting clusters 100%
Writing clusters 100%
Clusters: 0
Singletons: 0
Multiple alignments 100%
vsearch v2.30.0_linux_x86_64, 94.1GB RAM, 24 cores
https://github.com/torognes/vsearch

Reading file results/clustering/cdr/r3_comp_zikv/cdr3_clusters/9b755d25-cee9-4583-988b-952060bedbfd-IGK.fasta 100%
0 nt in 0 seqs
Masking 100%
Sorting by length 100%
Counting k-mers 100%
Clustering 100%
Sorting clusters 100%
Writing clusters 100%
Clusters: 0
Singletons: 0
Multiple alignments 100%
vsearch v2.30.0_linux_x86_64, 94.1GB RAM, 24 cores
https://github.com/torognes/vsearch

Reading file results/clustering/cdr/r3_comp_zikv/cdr3_clusters/b5a2aa63-5ce0-4ad1-8b01-b5ea3c303e17-IGH.fasta 100%
0 nt in 0 seqs
minseqlength 6: 33 sequences discarded.
Masking 100%
Sorting by length 100%
Counting k-mers 100%
Clustering 100%
Sorting clusters 100%
Writing clusters 100%
Clusters: 0
Singletons: 0
Multiple alignments 100%
vsearch v2.30.0_linux_x86_64, 94.1GB RAM, 24 cores
https://github.com/torognes/vsearch

Reading file results/clustering/cdr/r3_comp_zikv/cdr3_clusters/e8f7e58e-c8ff-4f58-9520-232d92c1c87b-IGK.fasta 100%
220 nt in 8 seqs, min 27, max 30, avg 28
Masking 100%
Sorting by length 100%
Counting k-mers 100%
Clustering 100%
Sorting clusters 100%
Writing clusters 100%
Clusters: 8 Size min 1, max 1, avg 1.0
Singletons: 8, 100.0% of seqs, 100.0% of clusters
Multiple alignments 100%
vsearch v2.30.0_linux_x86_64, 94.1GB RAM, 24 cores
https://github.com/torognes/vsearch

Reading file results/clustering/cdr/r3_comp_zikv/cdr3_clusters/481af838-e62f-4bdd-99c4-b3714d322b66-IGH.fasta 100%
897 nt in 22 seqs, min 15, max 55, avg 41
Masking 100%
Sorting by length 100%
Counting k-mers 100%
Clustering 100%
Sorting clusters 100%
Writing clusters 100%
Clusters: 22 Size min 1, max 1, avg 1.0
Singletons: 22, 100.0% of seqs, 100.0% of clusters
Multiple alignments 100%
vsearch v2.30.0_linux_x86_64, 94.1GB RAM, 24 cores
https://github.com/torognes/vsearch

Reading file results/clustering/cdr/r3_comp_zikv/cdr3_clusters/f5a7d827-8f17-4a12-9a57-402453be86f4-IGK.fasta 100%
0 nt in 0 seqs
Masking 100%
Sorting by length 100%
Counting k-mers 100%
Clustering 100%
Sorting clusters 100%
Writing clusters 100%
Clusters: 0
Singletons: 0
Multiple alignments 100%
vsearch v2.30.0_linux_x86_64, 94.1GB RAM, 24 cores
https://github.com/torognes/vsearch

Reading file results/clustering/cdr/r3_comp_zikv/cdr3_clusters/a42e2ac3-2bb4-4be8-8aec-72a2f3006672-IGK.fasta 100%
0 nt in 0 seqs
minseqlength 6: 3 sequences discarded.
Masking 100%
Sorting by length 100%
Counting k-mers 100%
Clustering 100%
Sorting clusters 100%
Writing clusters 100%
Clusters: 0
Singletons: 0
Multiple alignments 100%
vsearch v2.30.0_linux_x86_64, 94.1GB RAM, 24 cores
https://github.com/torognes/vsearch

Reading file results/clustering/cdr/r3_comp_zikv/cdr3_clusters/0607b305-0a94-4c40-899c-5a2cbb203576-IGK.fasta 100%
905 nt in 33 seqs, min 22, max 31, avg 27
Masking 100%
Sorting by length 100%
Counting k-mers 100%
Clustering 100%
Sorting clusters 100%
Writing clusters 100%
Clusters: 32 Size min 1, max 2, avg 1.0
Singletons: 31, 93.9% of seqs, 96.9% of clusters
Multiple alignments 100%
vsearch v2.30.0_linux_x86_64, 94.1GB RAM, 24 cores
https://github.com/torognes/vsearch

Reading file results/clustering/cdr/r3_comp_zikv/cdr3_clusters/e6f7de29-ac89-42fb-a88e-e72b48752d4e-IGH.fasta 100%
264 nt in 5 seqs, min 41, max 73, avg 53
Masking 100%
Sorting by length 100%
Counting k-mers 100%
Clustering 100%
Sorting clusters 100%
Writing clusters 100%
Clusters: 4 Size min 1, max 2, avg 1.2
Singletons: 3, 60.0% of seqs, 75.0% of clusters
Multiple alignments 100%
vsearch v2.30.0_linux_x86_64, 94.1GB RAM, 24 cores
https://github.com/torognes/vsearch

Reading file results/clustering/cdr/r3_comp_zikv/cdr3_clusters/77637edb-0b2c-4ea1-8daa-7f4d623bfba2-IGK.fasta 100%
160 nt in 6 seqs, min 24, max 30, avg 27
minseqlength 6: 1 sequence discarded.
Masking 100%
Sorting by length 100%
Counting k-mers 100%
Clustering 100%
Sorting clusters 100%
Writing clusters 100%
Clusters: 5 Size min 1, max 2, avg 1.2
Singletons: 4, 66.7% of seqs, 80.0% of clusters
Multiple alignments 100%
vsearch v2.30.0_linux_x86_64, 94.1GB RAM, 24 cores
https://github.com/torognes/vsearch

Reading file results/clustering/cdr/r3_comp_zikv/cdr3_clusters/47465f88-e733-4664-9762-4cb63061a01d-IGK.fasta 100%
27 nt in 1 seqs, min 27, max 27, avg 27
Masking 100%
Sorting by length 100%
Counting k-mers 100%
Clustering 100%
Sorting clusters 100%
Writing clusters 100%
Clusters: 1 Size min 1, max 1, avg 1.0
Singletons: 1, 100.0% of seqs, 100.0% of clusters
Multiple alignments 100%
vsearch v2.30.0_linux_x86_64, 94.1GB RAM, 24 cores
https://github.com/torognes/vsearch

Reading file results/clustering/cdr/r3_comp_zikv/cdr3_clusters/1a8a89bb-bb20-48d5-b996-a5e016d3fe4c-IGK.fasta 100%
128 nt in 5 seqs, min 23, max 27, avg 26
Masking 100%
Sorting by length 100%
Counting k-mers 100%
Clustering 100%
Sorting clusters 100%
Writing clusters 100%
Clusters: 4 Size min 1, max 2, avg 1.2
Singletons: 3, 60.0% of seqs, 75.0% of clusters
Multiple alignments 100%
vsearch v2.30.0_linux_x86_64, 94.1GB RAM, 24 cores
https://github.com/torognes/vsearch

Reading file results/clustering/cdr/r3_comp_zikv/cdr3_clusters/e0dbc776-49a4-40ca-8c39-f37b06f8446d-IGH.fasta 100%
3510 nt in 69 seqs, min 27, max 69, avg 51
Masking 100%
Sorting by length 100%
Counting k-mers 100%
Clustering 100%
Sorting clusters 100%
Writing clusters 100%
Clusters: 65 Size min 1, max 2, avg 1.1
Singletons: 61, 88.4% of seqs, 93.8% of clusters
Multiple alignments 100%
vsearch v2.30.0_linux_x86_64, 94.1GB RAM, 24 cores
https://github.com/torognes/vsearch

Reading file results/clustering/cdr/r3_comp_zikv/cdr3_clusters/28a0dee3-3334-4952-8a52-a706a865b67c-IGK.fasta 100%
18 nt in 1 seqs, min 18, max 18, avg 18
minseqlength 6: 8 sequences discarded.
Masking 100%
Sorting by length 100%
Counting k-mers 100%
Clustering 100%
Sorting clusters 100%
Writing clusters 100%
Clusters: 1 Size min 1, max 1, avg 1.0
Singletons: 1, 100.0% of seqs, 100.0% of clusters
Multiple alignments 100%
vsearch v2.30.0_linux_x86_64, 94.1GB RAM, 24 cores
https://github.com/torognes/vsearch

Reading file results/clustering/cdr/r3_comp_zikv/cdr3_clusters/f2bae520-38ad-4ea0-a4fc-29c0141cb820-IGH.fasta 100%
0 nt in 0 seqs
minseqlength 6: 7 sequences discarded.
Masking 100%
Sorting by length 100%
Counting k-mers 100%
Clustering 100%
Sorting clusters 100%
Writing clusters 100%
Clusters: 0
Singletons: 0
Multiple alignments 100%
vsearch v2.30.0_linux_x86_64, 94.1GB RAM, 24 cores
https://github.com/torognes/vsearch

Reading file results/clustering/cdr/r3_comp_zikv/cdr3_clusters/cc8b2dc9-a8ee-40b5-b1e7-b0b38cfec99d-IGK.fasta 100%
0 nt in 0 seqs
minseqlength 6: 1 sequence discarded.
Masking 100%
Sorting by length 100%
Counting k-mers 100%
Clustering 100%
Sorting clusters 100%
Writing clusters 100%
Clusters: 0
Singletons: 0
Multiple alignments 100%
vsearch v2.30.0_linux_x86_64, 94.1GB RAM, 24 cores
https://github.com/torognes/vsearch

Reading file results/clustering/cdr/r3_comp_zikv/cdr3_clusters/b8b4a371-a74b-4cb8-b013-9c8c0fac60f4-IGK.fasta 100%
0 nt in 0 seqs
minseqlength 6: 4 sequences discarded.
Masking 100%
Sorting by length 100%
Counting k-mers 100%
Clustering 100%
Sorting clusters 100%
Writing clusters 100%
Clusters: 0
Singletons: 0
Multiple alignments 100%
vsearch v2.30.0_linux_x86_64, 94.1GB RAM, 24 cores
https://github.com/torognes/vsearch

Reading file results/clustering/cdr/r3_comp_zikv/cdr3_clusters/1a709c4c-5706-4fc4-97b8-afb52587b4c1-IGH.fasta 100%
0 nt in 0 seqs
minseqlength 6: 3 sequences discarded.
Masking 100%
Sorting by length 100%
Counting k-mers 100%
Clustering 100%
Sorting clusters 100%
Writing clusters 100%
Clusters: 0
Singletons: 0
Multiple alignments 100%
vsearch v2.30.0_linux_x86_64, 94.1GB RAM, 24 cores
https://github.com/torognes/vsearch

Reading file results/clustering/cdr/r3_comp_zikv/cdr3_clusters/456631da-8a0c-475b-8170-adbb49aff065-IGH.fasta 100%
0 nt in 0 seqs
minseqlength 6: 7 sequences discarded.
Masking 100%
Sorting by length 100%
Counting k-mers 100%
Clustering 100%
Sorting clusters 100%
Writing clusters 100%
Clusters: 0
Singletons: 0
Multiple alignments 100%
vsearch v2.30.0_linux_x86_64, 94.1GB RAM, 24 cores
https://github.com/torognes/vsearch

Reading file results/clustering/cdr/r3_comp_zikv/cdr3_clusters/6d4ef9d4-1865-427a-8e12-5d8faab6f12a-IGK.fasta 100%
0 nt in 0 seqs
minseqlength 6: 13 sequences discarded.
Masking 100%
Sorting by length 100%
Counting k-mers 100%
Clustering 100%
Sorting clusters 100%
Writing clusters 100%
Clusters: 0
Singletons: 0
Multiple alignments 100%
vsearch v2.30.0_linux_x86_64, 94.1GB RAM, 24 cores
https://github.com/torognes/vsearch

Reading file results/clustering/cdr/r3_comp_zikv/cdr3_clusters/cc9d30f5-6847-4f81-af7b-e617ad435cba-IGH.fasta 100%
51 nt in 1 seqs, min 51, max 51, avg 51
minseqlength 6: 4 sequences discarded.
Masking 100%
Sorting by length 100%
Counting k-mers 100%
Clustering 100%
Sorting clusters 100%
Writing clusters 100%
Clusters: 1 Size min 1, max 1, avg 1.0
Singletons: 1, 100.0% of seqs, 100.0% of clusters
Multiple alignments 100%
vsearch v2.30.0_linux_x86_64, 94.1GB RAM, 24 cores
https://github.com/torognes/vsearch

Reading file results/clustering/cdr/r3_comp_zikv/cdr3_clusters/455e485b-fbc6-4885-a286-4a4107f296ad-IGH.fasta 100%
0 nt in 0 seqs
minseqlength 6: 8 sequences discarded.
Masking 100%
Sorting by length 100%
Counting k-mers 100%
Clustering 100%
Sorting clusters 100%
Writing clusters 100%
Clusters: 0
Singletons: 0
Multiple alignments 100%
vsearch v2.30.0_linux_x86_64, 94.1GB RAM, 24 cores
https://github.com/torognes/vsearch

Reading file results/clustering/cdr/r3_comp_zikv/cdr3_clusters/3c03b5dc-baa5-462b-a21d-b5862f702918-IGK.fasta 100%
111 nt in 4 seqs, min 26, max 31, avg 28
minseqlength 6: 1 sequence discarded.
Masking 100%
Sorting by length 100%
Counting k-mers 100%
Clustering 100%
Sorting clusters 100%
Writing clusters 100%
Clusters: 4 Size min 1, max 1, avg 1.0
Singletons: 4, 100.0% of seqs, 100.0% of clusters
Multiple alignments 100%
vsearch v2.30.0_linux_x86_64, 94.1GB RAM, 24 cores
https://github.com/torognes/vsearch

Reading file results/clustering/cdr/r3_comp_zikv/cdr3_clusters/e27e1537-d339-4f82-a0ce-a3207c67a0e6-IGK.fasta 100%
80 nt in 3 seqs, min 26, max 27, avg 27
minseqlength 6: 3 sequences discarded.
Masking 100%
Sorting by length 100%
Counting k-mers 100%
Clustering 100%
Sorting clusters 100%
Writing clusters 100%
Clusters: 3 Size min 1, max 1, avg 1.0
Singletons: 3, 100.0% of seqs, 100.0% of clusters
Multiple alignments 100%
vsearch v2.30.0_linux_x86_64, 94.1GB RAM, 24 cores
https://github.com/torognes/vsearch

Reading file results/clustering/cdr/r3_comp_zikv/cdr3_clusters/178af05f-0d41-4209-984e-bd612b663d7f-IGH.fasta 100%
213 nt in 4 seqs, min 21, max 114, avg 53
minseqlength 6: 139 sequences discarded.
Masking 100%
Sorting by length 100%
Counting k-mers 100%
Clustering 100%
Sorting clusters 100%
Writing clusters 100%
Clusters: 4 Size min 1, max 1, avg 1.0
Singletons: 4, 100.0% of seqs, 100.0% of clusters
Multiple alignments 100%
vsearch v2.30.0_linux_x86_64, 94.1GB RAM, 24 cores
https://github.com/torognes/vsearch

Reading file results/clustering/cdr/r3_comp_zikv/cdr3_clusters/a1101df2-6c61-40c4-be07-ee59f883ae07-IGK.fasta 100%
0 nt in 0 seqs
minseqlength 6: 3 sequences discarded.
Masking 100%
Sorting by length 100%
Counting k-mers 100%
Clustering 100%
Sorting clusters 100%
Writing clusters 100%
Clusters: 0
Singletons: 0
Multiple alignments 100%
vsearch v2.30.0_linux_x86_64, 94.1GB RAM, 24 cores
https://github.com/torognes/vsearch

Reading file results/clustering/cdr/r3_comp_zikv/cdr3_clusters/eae94c58-8454-4ba0-ba4b-c8022770c88c-IGH.fasta 100%
693 nt in 17 seqs, min 30, max 50, avg 41
Masking 100%
Sorting by length 100%
Counting k-mers 100%
Clustering 100%
Sorting clusters 100%
Writing clusters 100%
Clusters: 17 Size min 1, max 1, avg 1.0
Singletons: 17, 100.0% of seqs, 100.0% of clusters
Multiple alignments 100%
vsearch v2.30.0_linux_x86_64, 94.1GB RAM, 24 cores
https://github.com/torognes/vsearch

Reading file results/clustering/cdr/r3_comp_zikv/cdr3_clusters/0a3fce7b-dd22-45f9-ab8c-db3d8e21a36b-IGK.fasta 100%
0 nt in 0 seqs
minseqlength 6: 16 sequences discarded.
Masking 100%
Sorting by length 100%
Counting k-mers 100%
Clustering 100%
Sorting clusters 100%
Writing clusters 100%
Clusters: 0
Singletons: 0
Multiple alignments 100%
vsearch v2.30.0_linux_x86_64, 94.1GB RAM, 24 cores
https://github.com/torognes/vsearch

Reading file results/clustering/cdr/r3_comp_zikv/cdr3_clusters/28b5463d-171f-4b64-a861-318ad2a2fa43-IGH.fasta 100%
0 nt in 0 seqs
minseqlength 6: 34 sequences discarded.
Masking 100%
Sorting by length 100%
Counting k-mers 100%
Clustering 100%
Sorting clusters 100%
Writing clusters 100%
Clusters: 0
Singletons: 0
Multiple alignments 100%
vsearch v2.30.0_linux_x86_64, 94.1GB RAM, 24 cores
https://github.com/torognes/vsearch

Reading file results/clustering/cdr/r3_comp_zikv/cdr3_clusters/d9d0298d-1108-43e7-9713-29227a8b87de-IGK.fasta 100%
0 nt in 0 seqs
minseqlength 6: 3 sequences discarded.
Masking 100%
Sorting by length 100%
Counting k-mers 100%
Clustering 100%
Sorting clusters 100%
Writing clusters 100%
Clusters: 0
Singletons: 0
Multiple alignments 100%
vsearch v2.30.0_linux_x86_64, 94.1GB RAM, 24 cores
https://github.com/torognes/vsearch

Reading file results/clustering/cdr/r3_comp_zikv/cdr3_clusters/9918b0c7-607d-46be-9e28-e3018aa4150f-IGK.fasta 100%
0 nt in 0 seqs
minseqlength 6: 1 sequence discarded.
Masking 100%
Sorting by length 100%
Counting k-mers 100%
Clustering 100%
Sorting clusters 100%
Writing clusters 100%
Clusters: 0
Singletons: 0
Multiple alignments 100%
vsearch v2.30.0_linux_x86_64, 94.1GB RAM, 24 cores
https://github.com/torognes/vsearch

Reading file results/clustering/cdr/r3_comp_zikv/cdr3_clusters/4dbd6b8f-a0c4-4345-8c27-5157f3a4f813-IGH.fasta 100%
55 nt in 1 seqs, min 55, max 55, avg 55
minseqlength 6: 4 sequences discarded.
Masking 100%
Sorting by length 100%
Counting k-mers 100%
Clustering 100%
Sorting clusters 100%
Writing clusters 100%
Clusters: 1 Size min 1, max 1, avg 1.0
Singletons: 1, 100.0% of seqs, 100.0% of clusters
Multiple alignments 100%
vsearch v2.30.0_linux_x86_64, 94.1GB RAM, 24 cores
https://github.com/torognes/vsearch

Reading file results/clustering/cdr/r3_comp_zikv/cdr3_clusters/b673b726-b534-41e8-893f-d229743442fb-IGH.fasta 100%
418 nt in 7 seqs, min 33, max 82, avg 60
Masking 100%
Sorting by length 100%
Counting k-mers 100%
Clustering 100%
Sorting clusters 100%
Writing clusters 100%
Clusters: 7 Size min 1, max 1, avg 1.0
Singletons: 7, 100.0% of seqs, 100.0% of clusters
Multiple alignments 100%
vsearch v2.30.0_linux_x86_64, 94.1GB RAM, 24 cores
https://github.com/torognes/vsearch

Reading file results/clustering/cdr/r3_comp_zikv/cdr3_clusters/42872be0-a253-4f19-bb3b-8b39f3545789-IGK.fasta 100%
0 nt in 0 seqs
minseqlength 6: 14 sequences discarded.
Masking 100%
Sorting by length 100%
Counting k-mers 100%
Clustering 100%
Sorting clusters 100%
Writing clusters 100%
Clusters: 0
Singletons: 0
Multiple alignments 100%
vsearch v2.30.0_linux_x86_64, 94.1GB RAM, 24 cores
https://github.com/torognes/vsearch

Reading file results/clustering/cdr/r3_comp_zikv/cdr3_clusters/8394ad35-0a20-4e5a-b798-1756e3ea1125-IGH.fasta 100%
0 nt in 0 seqs
minseqlength 6: 1 sequence discarded.
Masking 100%
Sorting by length 100%
Counting k-mers 100%
Clustering 100%
Sorting clusters 100%
Writing clusters 100%
Clusters: 0
Singletons: 0
Multiple alignments 100%
vsearch v2.30.0_linux_x86_64, 94.1GB RAM, 24 cores
https://github.com/torognes/vsearch

Reading file results/clustering/cdr/r3_comp_zikv/cdr3_clusters/7d7aff10-e710-4ed1-b6d2-fe6b7fec0aa8-IGK.fasta 100%
27 nt in 1 seqs, min 27, max 27, avg 27
minseqlength 6: 10 sequences discarded.
Masking 100%
Sorting by length 100%
Counting k-mers 100%
Clustering 100%
Sorting clusters 100%
Writing clusters 100%
Clusters: 1 Size min 1, max 1, avg 1.0
Singletons: 1, 100.0% of seqs, 100.0% of clusters
Multiple alignments 100%
vsearch v2.30.0_linux_x86_64, 94.1GB RAM, 24 cores
https://github.com/torognes/vsearch

Reading file results/clustering/cdr/r3_comp_zikv/cdr3_clusters/73c50e63-654b-4f05-92d2-907673e3ea1d-IGH.fasta 100%
0 nt in 0 seqs
minseqlength 6: 4 sequences discarded.
Masking 100%
Sorting by length 100%
Counting k-mers 100%
Clustering 100%
Sorting clusters 100%
Writing clusters 100%
Clusters: 0
Singletons: 0
Multiple alignments 100%
vsearch v2.30.0_linux_x86_64, 94.1GB RAM, 24 cores
https://github.com/torognes/vsearch

Reading file results/clustering/cdr/r3_comp_zikv/cdr3_clusters/74c48b0d-b87b-4214-af8b-c8f7850c004a-IGK.fasta 100%
164 nt in 6 seqs, min 24, max 31, avg 27
Masking 100%
Sorting by length 100%
Counting k-mers 100%
Clustering 100%
Sorting clusters 100%
Writing clusters 100%
Clusters: 6 Size min 1, max 1, avg 1.0
Singletons: 6, 100.0% of seqs, 100.0% of clusters
Multiple alignments 100%
vsearch v2.30.0_linux_x86_64, 94.1GB RAM, 24 cores
https://github.com/torognes/vsearch

Reading file results/clustering/cdr/r3_comp_zikv/cdr3_clusters/66330a87-da81-4712-9c61-4c5dd3a03188-IGK.fasta 100%
0 nt in 0 seqs
minseqlength 6: 3 sequences discarded.
Masking 100%
Sorting by length 100%
Counting k-mers 100%
Clustering 100%
Sorting clusters 100%
Writing clusters 100%
Clusters: 0
Singletons: 0
Multiple alignments 100%
vsearch v2.30.0_linux_x86_64, 94.1GB RAM, 24 cores
https://github.com/torognes/vsearch

Reading file results/clustering/cdr/r3_comp_zikv/cdr3_clusters/264bda12-b485-40ae-bf7b-ebde349b382b-IGH.fasta 100%
0 nt in 0 seqs
minseqlength 6: 14 sequences discarded.
Masking 100%
Sorting by length 100%
Counting k-mers 100%
Clustering 100%
Sorting clusters 100%
Writing clusters 100%
Clusters: 0
Singletons: 0
Multiple alignments 100%
vsearch v2.30.0_linux_x86_64, 94.1GB RAM, 24 cores
https://github.com/torognes/vsearch

Reading file results/clustering/cdr/r3_comp_zikv/cdr3_clusters/147fb638-bbe9-4281-a874-32fed43f4670-IGK.fasta 100%
0 nt in 0 seqs
minseqlength 6: 1 sequence discarded.
Masking 100%
Sorting by length 100%
Counting k-mers 100%
Clustering 100%
Sorting clusters 100%
Writing clusters 100%
Clusters: 0
Singletons: 0
Multiple alignments 100%
vsearch v2.30.0_linux_x86_64, 94.1GB RAM, 24 cores
https://github.com/torognes/vsearch

Reading file results/clustering/cdr/r3_comp_zikv/cdr3_clusters/679e4e65-8abe-4cc4-9c8d-0e515f4ee14f-IGK.fasta 100%
537 nt in 20 seqs, min 23, max 30, avg 27
Masking 100%
Sorting by length 100%
Counting k-mers 100%
Clustering 100%
Sorting clusters 100%
Writing clusters 100%
Clusters: 18 Size min 1, max 2, avg 1.1
Singletons: 16, 80.0% of seqs, 88.9% of clusters
Multiple alignments 100%
vsearch v2.30.0_linux_x86_64, 94.1GB RAM, 24 cores
https://github.com/torognes/vsearch

Reading file results/clustering/cdr/r3_comp_zikv/cdr3_clusters/eafe4404-1cb2-44a3-a8be-6bb4eb2b8069-IGK.fasta 100%
0 nt in 0 seqs
minseqlength 6: 35 sequences discarded.
Masking 100%
Sorting by length 100%
Counting k-mers 100%
Clustering 100%
Sorting clusters 100%
Writing clusters 100%
Clusters: 0
Singletons: 0
Multiple alignments 100%
vsearch v2.30.0_linux_x86_64, 94.1GB RAM, 24 cores
https://github.com/torognes/vsearch

Reading file results/clustering/cdr/r3_comp_zikv/cdr3_clusters/1fc86d26-5a90-4114-a42c-722a87e8c0b9-IGK.fasta 100%
27 nt in 1 seqs, min 27, max 27, avg 27
minseqlength 6: 7 sequences discarded.
Masking 100%
Sorting by length 100%
Counting k-mers 100%
Clustering 100%
Sorting clusters 100%
Writing clusters 100%
Clusters: 1 Size min 1, max 1, avg 1.0
Singletons: 1, 100.0% of seqs, 100.0% of clusters
Multiple alignments 100%
vsearch v2.30.0_linux_x86_64, 94.1GB RAM, 24 cores
https://github.com/torognes/vsearch

Reading file results/clustering/cdr/r3_comp_zikv/cdr3_clusters/61f31123-f855-4fee-a42b-3ed4db77756f-IGH.fasta 100%
0 nt in 0 seqs
Masking 100%
Sorting by length 100%
Counting k-mers 100%
Clustering 100%
Sorting clusters 100%
Writing clusters 100%
Clusters: 0
Singletons: 0
Multiple alignments 100%
vsearch v2.30.0_linux_x86_64, 94.1GB RAM, 24 cores
https://github.com/torognes/vsearch

Reading file results/clustering/cdr/r3_comp_zikv/cdr3_clusters/ec18dbc5-c48b-43fa-a56b-5d45d938f43f-IGK.fasta 100%
0 nt in 0 seqs
minseqlength 6: 5 sequences discarded.
Masking 100%
Sorting by length 100%
Counting k-mers 100%
Clustering 100%
Sorting clusters 100%
Writing clusters 100%
Clusters: 0
Singletons: 0
Multiple alignments 100%
vsearch v2.30.0_linux_x86_64, 94.1GB RAM, 24 cores
https://github.com/torognes/vsearch

Reading file results/clustering/cdr/r3_comp_zikv/cdr3_clusters/5f24c761-6b00-40b8-8f48-01703ba4c954-IGK.fasta 100%
242 nt in 9 seqs, min 26, max 27, avg 27
Masking 100%
Sorting by length 100%
Counting k-mers 100%
Clustering 100%
Sorting clusters 100%
Writing clusters 100%
Clusters: 6 Size min 1, max 4, avg 1.5
Singletons: 5, 55.6% of seqs, 83.3% of clusters
Multiple alignments 100%
vsearch v2.30.0_linux_x86_64, 94.1GB RAM, 24 cores
https://github.com/torognes/vsearch

Reading file results/clustering/cdr/r3_comp_zikv/cdr3_clusters/a9a6819f-4469-4220-b598-c9466f0b873b-IGK.fasta 100%
241 nt in 9 seqs, min 26, max 27, avg 27
minseqlength 6: 3 sequences discarded.
Masking 100%
Sorting by length 100%
Counting k-mers 100%
Clustering 100%
Sorting clusters 100%
Writing clusters 100%
Clusters: 9 Size min 1, max 1, avg 1.0
Singletons: 9, 100.0% of seqs, 100.0% of clusters
Multiple alignments 100%
vsearch v2.30.0_linux_x86_64, 94.1GB RAM, 24 cores
https://github.com/torognes/vsearch

Reading file results/clustering/cdr/r3_comp_zikv/cdr3_clusters/d474a2e2-23de-4e4d-b84d-eff0b2cca0ca-IGH.fasta 100%
1607 nt in 36 seqs, min 25, max 57, avg 45
Masking 100%
Sorting by length 100%
Counting k-mers 100%
Clustering 100%
Sorting clusters 100%
Writing clusters 100%
Clusters: 34 Size min 1, max 2, avg 1.1
Singletons: 32, 88.9% of seqs, 94.1% of clusters
Multiple alignments 100%
vsearch v2.30.0_linux_x86_64, 94.1GB RAM, 24 cores
https://github.com/torognes/vsearch

Reading file results/clustering/cdr/r3_comp_zikv/cdr3_clusters/d7e711db-2da7-4570-857b-16e37ffef0e0-IGH.fasta 100%
0 nt in 0 seqs
Masking 100%
Sorting by length 100%
Counting k-mers 100%
Clustering 100%
Sorting clusters 100%
Writing clusters 100%
Clusters: 0
Singletons: 0
Multiple alignments 100%
vsearch v2.30.0_linux_x86_64, 94.1GB RAM, 24 cores
https://github.com/torognes/vsearch

Reading file results/clustering/cdr/r3_comp_zikv/cdr3_clusters/0ea6888c-98cf-41c2-90d7-e92582baf99c-IGH.fasta 100%
84 nt in 2 seqs, min 33, max 51, avg 42
minseqlength 6: 3 sequences discarded.
Masking 100%
Sorting by length 100%
Counting k-mers 100%
Clustering 100%
Sorting clusters 100%
Writing clusters 100%
Clusters: 2 Size min 1, max 1, avg 1.0
Singletons: 2, 100.0% of seqs, 100.0% of clusters
Multiple alignments 100%
vsearch v2.30.0_linux_x86_64, 94.1GB RAM, 24 cores
https://github.com/torognes/vsearch

Reading file results/clustering/cdr/r3_comp_zikv/cdr3_clusters/944c6796-d0bd-48eb-9469-83fbb5d8c53e-IGK.fasta 100%
0 nt in 0 seqs
Masking 100%
Sorting by length 100%
Counting k-mers 100%
Clustering 100%
Sorting clusters 100%
Writing clusters 100%
Clusters: 0
Singletons: 0
Multiple alignments 100%
vsearch v2.30.0_linux_x86_64, 94.1GB RAM, 24 cores
https://github.com/torognes/vsearch

Reading file results/clustering/cdr/r3_comp_zikv/cdr3_clusters/d9e424c8-2baf-40cc-8d29-a0bf358ed76d-IGK.fasta 100%
0 nt in 0 seqs
minseqlength 6: 37 sequences discarded.
Masking 100%
Sorting by length 100%
Counting k-mers 100%
Clustering 100%
Sorting clusters 100%
Writing clusters 100%
Clusters: 0
Singletons: 0
Multiple alignments 100%
vsearch v2.30.0_linux_x86_64, 94.1GB RAM, 24 cores
https://github.com/torognes/vsearch

Reading file results/clustering/cdr/r3_comp_zikv/cdr3_clusters/5ce8cc65-f21c-49b8-b955-1b77a440c9ca-IGK.fasta 100%
54 nt in 2 seqs, min 27, max 27, avg 27
minseqlength 6: 6 sequences discarded.
Masking 100%
Sorting by length 100%
Counting k-mers 100%
Clustering 100%
Sorting clusters 100%
Writing clusters 100%
Clusters: 2 Size min 1, max 1, avg 1.0
Singletons: 2, 100.0% of seqs, 100.0% of clusters
Multiple alignments 100%
vsearch v2.30.0_linux_x86_64, 94.1GB RAM, 24 cores
https://github.com/torognes/vsearch

Reading file results/clustering/cdr/r3_comp_zikv/cdr3_clusters/04e448f8-10b0-4709-917f-3a40bf7b8169-IGH.fasta 100%
0 nt in 0 seqs
minseqlength 6: 1 sequence discarded.
Masking 100%
Sorting by length 100%
Counting k-mers 100%
Clustering 100%
Sorting clusters 100%
Writing clusters 100%
Clusters: 0
Singletons: 0
Multiple alignments 100%
vsearch v2.30.0_linux_x86_64, 94.1GB RAM, 24 cores
https://github.com/torognes/vsearch

Reading file results/clustering/cdr/r3_comp_zikv/cdr3_clusters/c051f325-95b2-4809-9793-dff1a95e6782-IGK.fasta 100%
54 nt in 2 seqs, min 27, max 27, avg 27
minseqlength 6: 12 sequences discarded.
Masking 100%
Sorting by length 100%
Counting k-mers 100%
Clustering 100%
Sorting clusters 100%
Writing clusters 100%
Clusters: 2 Size min 1, max 1, avg 1.0
Singletons: 2, 100.0% of seqs, 100.0% of clusters
Multiple alignments 100%
vsearch v2.30.0_linux_x86_64, 94.1GB RAM, 24 cores
https://github.com/torognes/vsearch

Reading file results/clustering/cdr/r3_comp_zikv/cdr3_clusters/a6e4fc74-ef49-417b-a857-4887500dce98-IGK.fasta 100%
0 nt in 0 seqs
minseqlength 6: 40 sequences discarded.
Masking 100%
Sorting by length 100%
Counting k-mers 100%
Clustering 100%
Sorting clusters 100%
Writing clusters 100%
Clusters: 0
Singletons: 0
Multiple alignments 100%
vsearch v2.30.0_linux_x86_64, 94.1GB RAM, 24 cores
https://github.com/torognes/vsearch

Reading file results/clustering/cdr/r3_comp_zikv/cdr3_clusters/ac5dd060-7d5f-45ce-84bb-14f23f20e1e6-IGH.fasta 100%
289 nt in 7 seqs, min 33, max 48, avg 41
Masking 100%
Sorting by length 100%
Counting k-mers 100%
Clustering 100%
Sorting clusters 100%
Writing clusters 100%
Clusters: 7 Size min 1, max 1, avg 1.0
Singletons: 7, 100.0% of seqs, 100.0% of clusters
Multiple alignments 100%
vsearch v2.30.0_linux_x86_64, 94.1GB RAM, 24 cores
https://github.com/torognes/vsearch

Reading file results/clustering/cdr/r3_comp_zikv/cdr3_clusters/35849685-f1c9-4a7a-bb87-f1583ccd8229-IGK.fasta 100%
0 nt in 0 seqs
minseqlength 6: 4 sequences discarded.
Masking 100%
Sorting by length 100%
Counting k-mers 100%
Clustering 100%
Sorting clusters 100%
Writing clusters 100%
Clusters: 0
Singletons: 0
Multiple alignments 100%
vsearch v2.30.0_linux_x86_64, 94.1GB RAM, 24 cores
https://github.com/torognes/vsearch

Reading file results/clustering/cdr/r3_comp_zikv/cdr3_clusters/3564937a-8402-4b89-adbf-63853f2445ca-IGK.fasta 100%
0 nt in 0 seqs
minseqlength 6: 7 sequences discarded.
Masking 100%
Sorting by length 100%
Counting k-mers 100%
Clustering 100%
Sorting clusters 100%
Writing clusters 100%
Clusters: 0
Singletons: 0
Multiple alignments 100%
vsearch v2.30.0_linux_x86_64, 94.1GB RAM, 24 cores
https://github.com/torognes/vsearch

Reading file results/clustering/cdr/r3_comp_zikv/cdr3_clusters/3b708988-c2bb-4a89-aa5b-0a6813fb006a-IGH.fasta 100%
238 nt in 5 seqs, min 41, max 51, avg 48
Masking 100%
Sorting by length 100%
Counting k-mers 100%
Clustering 100%
Sorting clusters 100%
Writing clusters 100%
Clusters: 4 Size min 1, max 2, avg 1.2
Singletons: 3, 60.0% of seqs, 75.0% of clusters
Multiple alignments 100%
vsearch v2.30.0_linux_x86_64, 94.1GB RAM, 24 cores
https://github.com/torognes/vsearch

Reading file results/clustering/cdr/r3_comp_zikv/cdr3_clusters/5f7b4b6f-0b92-48b9-b3bf-a4c6950ba9b2-IGK.fasta 100%
148 nt in 5 seqs, min 21, max 38, avg 30
minseqlength 6: 14 sequences discarded.
Masking 100%
Sorting by length 100%
Counting k-mers 100%
Clustering 100%
Sorting clusters 100%
Writing clusters 100%
Clusters: 5 Size min 1, max 1, avg 1.0
Singletons: 5, 100.0% of seqs, 100.0% of clusters
Multiple alignments 100%
vsearch v2.30.0_linux_x86_64, 94.1GB RAM, 24 cores
https://github.com/torognes/vsearch

Reading file results/clustering/cdr/r3_comp_zikv/cdr3_clusters/2968fa4f-8deb-4e11-a292-815bc1eb21d0-IGH.fasta 100%
0 nt in 0 seqs
minseqlength 6: 3 sequences discarded.
Masking 100%
Sorting by length 100%
Counting k-mers 100%
Clustering 100%
Sorting clusters 100%
Writing clusters 100%
Clusters: 0
Singletons: 0
Multiple alignments 100%
vsearch v2.30.0_linux_x86_64, 94.1GB RAM, 24 cores
https://github.com/torognes/vsearch

Reading file results/clustering/cdr/r3_comp_zikv/cdr3_clusters/c65d4dc8-6947-4700-82dc-81ba5dd6451d-IGH.fasta 100%
999 nt in 22 seqs, min 23, max 60, avg 45
Masking 100%
Sorting by length 100%
Counting k-mers 100%
Clustering 100%
Sorting clusters 100%
Writing clusters 100%
Clusters: 20 Size min 1, max 3, avg 1.1
Singletons: 19, 86.4% of seqs, 95.0% of clusters
Multiple alignments 100%
vsearch v2.30.0_linux_x86_64, 94.1GB RAM, 24 cores
https://github.com/torognes/vsearch

Reading file results/clustering/cdr/r3_comp_zikv/cdr3_clusters/e691f0f1-3e48-400e-9601-ef5e7b93dc64-IGH.fasta 100%
0 nt in 0 seqs
minseqlength 6: 10 sequences discarded.
Masking 100%
Sorting by length 100%
Counting k-mers 100%
Clustering 100%
Sorting clusters 100%
Writing clusters 100%
Clusters: 0
Singletons: 0
Multiple alignments 100%
vsearch v2.30.0_linux_x86_64, 94.1GB RAM, 24 cores
https://github.com/torognes/vsearch

Reading file results/clustering/cdr/r3_comp_zikv/cdr3_clusters/a91cf8b8-5179-4b6b-93e6-402a6182e0fa-IGH.fasta 100%
0 nt in 0 seqs
minseqlength 6: 6 sequences discarded.
Masking 100%
Sorting by length 100%
Counting k-mers 100%
Clustering 100%
Sorting clusters 100%
Writing clusters 100%
Clusters: 0
Singletons: 0
Multiple alignments 100%
vsearch v2.30.0_linux_x86_64, 94.1GB RAM, 24 cores
https://github.com/torognes/vsearch

Reading file results/clustering/cdr/r3_comp_zikv/cdr3_clusters/a6f79870-d538-41e2-b53e-6723fe13e717-IGH.fasta 100%
686 nt in 17 seqs, min 30, max 48, avg 40
Masking 100%
Sorting by length 100%
Counting k-mers 100%
Clustering 100%
Sorting clusters 100%
Writing clusters 100%
Clusters: 17 Size min 1, max 1, avg 1.0
Singletons: 17, 100.0% of seqs, 100.0% of clusters
Multiple alignments 100%
vsearch v2.30.0_linux_x86_64, 94.1GB RAM, 24 cores
https://github.com/torognes/vsearch

Reading file results/clustering/cdr/r3_comp_zikv/cdr3_clusters/d04ce3c1-7db7-468d-9415-463b07dc5631-IGK.fasta 100%
139 nt in 5 seqs, min 25, max 30, avg 28
Masking 100%
Sorting by length 100%
Counting k-mers 100%
Clustering 100%
Sorting clusters 100%
Writing clusters 100%
Clusters: 5 Size min 1, max 1, avg 1.0
Singletons: 5, 100.0% of seqs, 100.0% of clusters
Multiple alignments 100%
vsearch v2.30.0_linux_x86_64, 94.1GB RAM, 24 cores
https://github.com/torognes/vsearch

Reading file results/clustering/cdr/r3_comp_zikv/cdr3_clusters/e1302815-b02f-42ed-99f5-165bf0823b09-IGK.fasta 100%
0 nt in 0 seqs
Masking 100%
Sorting by length 100%
Counting k-mers 100%
Clustering 100%
Sorting clusters 100%
Writing clusters 100%
Clusters: 0
Singletons: 0
Multiple alignments 100%
vsearch v2.30.0_linux_x86_64, 94.1GB RAM, 24 cores
https://github.com/torognes/vsearch

Reading file results/clustering/cdr/r3_comp_zikv/cdr3_clusters/f4410040-52ef-4804-b87b-b6137651bc53-IGK.fasta 100%
189 nt in 9 seqs, min 16, max 27, avg 21
Masking 100%
Sorting by length 100%
Counting k-mers 100%
Clustering 100%
Sorting clusters 100%
Writing clusters 100%
Clusters: 6 Size min 1, max 4, avg 1.5
Singletons: 5, 55.6% of seqs, 83.3% of clusters
Multiple alignments 100%
vsearch v2.30.0_linux_x86_64, 94.1GB RAM, 24 cores
https://github.com/torognes/vsearch

Reading file results/clustering/cdr/r3_comp_zikv/cdr3_clusters/14de0792-3f6b-4438-aff0-200c0c93e317-IGK.fasta 100%
30 nt in 1 seqs, min 30, max 30, avg 30
minseqlength 6: 5 sequences discarded.
Masking 100%
Sorting by length 100%
Counting k-mers 100%
Clustering 100%
Sorting clusters 100%
Writing clusters 100%
Clusters: 1 Size min 1, max 1, avg 1.0
Singletons: 1, 100.0% of seqs, 100.0% of clusters
Multiple alignments 100%
vsearch v2.30.0_linux_x86_64, 94.1GB RAM, 24 cores
https://github.com/torognes/vsearch

Reading file results/clustering/cdr/r3_comp_zikv/cdr3_clusters/fabe1a5b-c960-4388-84a6-54289e81d518-IGK.fasta 100%
132 nt in 5 seqs, min 24, max 27, avg 26
minseqlength 6: 2 sequences discarded.
Masking 100%
Sorting by length 100%
Counting k-mers 100%
Clustering 100%
Sorting clusters 100%
Writing clusters 100%
Clusters: 5 Size min 1, max 1, avg 1.0
Singletons: 5, 100.0% of seqs, 100.0% of clusters
Multiple alignments 100%
vsearch v2.30.0_linux_x86_64, 94.1GB RAM, 24 cores
https://github.com/torognes/vsearch

Reading file results/clustering/cdr/r3_comp_zikv/cdr3_clusters/35d80aea-4138-46cb-8d92-3f4d302d39dc-IGH.fasta 100%
1530 nt in 38 seqs, min 23, max 54, avg 40
Masking 100%
Sorting by length 100%
Counting k-mers 100%
Clustering 100%
Sorting clusters 100%
Writing clusters 100%
Clusters: 32 Size min 1, max 6, avg 1.2
Singletons: 30, 78.9% of seqs, 93.8% of clusters
Multiple alignments 100%
vsearch v2.30.0_linux_x86_64, 94.1GB RAM, 24 cores
https://github.com/torognes/vsearch

Reading file results/clustering/cdr/r3_comp_zikv/cdr3_clusters/6493404d-3705-4ed1-b33a-84d5d3a81bc9-IGK.fasta 100%
0 nt in 0 seqs
minseqlength 6: 2 sequences discarded.
Masking 100%
Sorting by length 100%
Counting k-mers 100%
Clustering 100%
Sorting clusters 100%
Writing clusters 100%
Clusters: 0
Singletons: 0
Multiple alignments 100%
vsearch v2.30.0_linux_x86_64, 94.1GB RAM, 24 cores
https://github.com/torognes/vsearch

Reading file results/clustering/cdr/r3_comp_zikv/cdr3_clusters/abb47847-c702-4e36-a807-4a80a1a915c7-IGH.fasta 100%
337 nt in 7 seqs, min 39, max 54, avg 48
Masking 100%
Sorting by length 100%
Counting k-mers 100%
Clustering 100%
Sorting clusters 100%
Writing clusters 100%
Clusters: 5 Size min 1, max 3, avg 1.4
Singletons: 4, 57.1% of seqs, 80.0% of clusters
Multiple alignments 100%
vsearch v2.30.0_linux_x86_64, 94.1GB RAM, 24 cores
https://github.com/torognes/vsearch

Reading file results/clustering/cdr/r3_comp_zikv/cdr3_clusters/754441e8-ea99-4ec7-851a-ff864224252a-IGH.fasta 100%
419 nt in 11 seqs, min 25, max 47, avg 38
Masking 100%
Sorting by length 100%
Counting k-mers 100%
Clustering 100%
Sorting clusters 100%
Writing clusters 100%
Clusters: 11 Size min 1, max 1, avg 1.0
Singletons: 11, 100.0% of seqs, 100.0% of clusters
Multiple alignments 100%
vsearch v2.30.0_linux_x86_64, 94.1GB RAM, 24 cores
https://github.com/torognes/vsearch

Reading file results/clustering/cdr/r3_comp_zikv/cdr3_clusters/3c45c528-27a9-4dc5-8237-0d94bb57bfb4-IGK.fasta 100%
0 nt in 0 seqs
minseqlength 6: 1 sequence discarded.
Masking 100%
Sorting by length 100%
Counting k-mers 100%
Clustering 100%
Sorting clusters 100%
Writing clusters 100%
Clusters: 0
Singletons: 0
Multiple alignments 100%
vsearch v2.30.0_linux_x86_64, 94.1GB RAM, 24 cores
https://github.com/torognes/vsearch

Reading file results/clustering/cdr/r3_comp_zikv/cdr3_clusters/a424ed58-ca48-4376-9b6f-7eda0c19e61b-IGH.fasta 100%
0 nt in 0 seqs
minseqlength 6: 1 sequence discarded.
Masking 100%
Sorting by length 100%
Counting k-mers 100%
Clustering 100%
Sorting clusters 100%
Writing clusters 100%
Clusters: 0
Singletons: 0
Multiple alignments 100%
vsearch v2.30.0_linux_x86_64, 94.1GB RAM, 24 cores
https://github.com/torognes/vsearch

Reading file results/clustering/cdr/r3_comp_zikv/cdr3_clusters/28a91e14-90ea-4cfe-bdc1-ac8fbbb211ba-IGK.fasta 100%
434 nt in 15 seqs, min 27, max 36, avg 29
Masking 100%
Sorting by length 100%
Counting k-mers 100%
Clustering 100%
Sorting clusters 100%
Writing clusters 100%
Clusters: 14 Size min 1, max 2, avg 1.1
Singletons: 13, 86.7% of seqs, 92.9% of clusters
Multiple alignments 100%
vsearch v2.30.0_linux_x86_64, 94.1GB RAM, 24 cores
https://github.com/torognes/vsearch

Reading file results/clustering/cdr/r3_comp_zikv/cdr3_clusters/f28e810c-14b8-4f65-b4ea-e34680be40b1-IGK.fasta 100%
533 nt in 20 seqs, min 22, max 27, avg 27
Masking 100%
Sorting by length 100%
Counting k-mers 100%
Clustering 100%
Sorting clusters 100%
Writing clusters 100%
Clusters: 13 Size min 1, max 6, avg 1.5
Singletons: 10, 50.0% of seqs, 76.9% of clusters
Multiple alignments 100%
vsearch v2.30.0_linux_x86_64, 94.1GB RAM, 24 cores
https://github.com/torognes/vsearch

Reading file results/clustering/cdr/r3_comp_zikv/cdr3_clusters/5acb7e5e-4b25-4179-86b2-a1716fcbdb90-IGK.fasta 100%
134 nt in 5 seqs, min 24, max 29, avg 27
minseqlength 6: 2 sequences discarded.
Masking 100%
Sorting by length 100%
Counting k-mers 100%
Clustering 100%
Sorting clusters 100%
Writing clusters 100%
Clusters: 5 Size min 1, max 1, avg 1.0
Singletons: 5, 100.0% of seqs, 100.0% of clusters
Multiple alignments 100%
vsearch v2.30.0_linux_x86_64, 94.1GB RAM, 24 cores
https://github.com/torognes/vsearch

Reading file results/clustering/cdr/r3_comp_zikv/cdr3_clusters/40bb4568-4fbb-443b-8a8e-e9a7c2b1f197-IGK.fasta 100%
38 nt in 2 seqs, min 19, max 19, avg 19
Masking 100%
Sorting by length 100%
Counting k-mers 100%
Clustering 100%
Sorting clusters 100%
Writing clusters 100%
Clusters: 1 Size min 2, max 2, avg 2.0
Singletons: 0, 0.0% of seqs, 0.0% of clusters
Multiple alignments 100%
vsearch v2.30.0_linux_x86_64, 94.1GB RAM, 24 cores
https://github.com/torognes/vsearch

Reading file results/clustering/cdr/r3_comp_zikv/cdr3_clusters/e0539170-ead7-4607-92a9-5ca3c6434958-IGH.fasta 100%
344 nt in 7 seqs, min 33, max 61, avg 49
Masking 100%
Sorting by length 100%
Counting k-mers 100%
Clustering 100%
Sorting clusters 100%
Writing clusters 100%
Clusters: 5 Size min 1, max 2, avg 1.4
Singletons: 3, 42.9% of seqs, 60.0% of clusters
Multiple alignments 100%
vsearch v2.30.0_linux_x86_64, 94.1GB RAM, 24 cores
https://github.com/torognes/vsearch

Reading file results/clustering/cdr/r3_comp_zikv/cdr3_clusters/44cc04c9-5d1a-4ba6-a9e6-e653ddc023bf-IGK.fasta 100%
419 nt in 13 seqs, min 30, max 37, avg 32
minseqlength 6: 30 sequences discarded.
Masking 100%
Sorting by length 100%
Counting k-mers 100%
Clustering 100%
Sorting clusters 100%
Writing clusters 100%
Clusters: 12 Size min 1, max 2, avg 1.1
Singletons: 11, 84.6% of seqs, 91.7% of clusters
Multiple alignments 100%
vsearch v2.30.0_linux_x86_64, 94.1GB RAM, 24 cores
https://github.com/torognes/vsearch

Reading file results/clustering/cdr/r3_comp_zikv/cdr3_clusters/2282ef6b-dec7-4bb8-84a8-2bce18c395ad-IGH.fasta 100%
284 nt in 5 seqs, min 39, max 66, avg 57
Masking 100%
Sorting by length 100%
Counting k-mers 100%
Clustering 100%
Sorting clusters 100%
Writing clusters 100%
Clusters: 4 Size min 1, max 2, avg 1.2
Singletons: 3, 60.0% of seqs, 75.0% of clusters
Multiple alignments 100%
vsearch v2.30.0_linux_x86_64, 94.1GB RAM, 24 cores
https://github.com/torognes/vsearch

Reading file results/clustering/cdr/r3_comp_zikv/cdr3_clusters/afd3b60e-6532-4bb7-b71a-f5878ccc1fd9-IGH.fasta 100%
0 nt in 0 seqs
Masking 100%
Sorting by length 100%
Counting k-mers 100%
Clustering 100%
Sorting clusters 100%
Writing clusters 100%
Clusters: 0
Singletons: 0
Multiple alignments 100%
vsearch v2.30.0_linux_x86_64, 94.1GB RAM, 24 cores
https://github.com/torognes/vsearch

Reading file results/clustering/cdr/r3_comp_zikv/cdr3_clusters/6a8abc08-a85d-4dd8-9c75-0045dcd29610-IGH.fasta 100%
155 nt in 4 seqs, min 30, max 43, avg 39
minseqlength 6: 1 sequence discarded.
Masking 100%
Sorting by length 100%
Counting k-mers 100%
Clustering 100%
Sorting clusters 100%
Writing clusters 100%
Clusters: 4 Size min 1, max 1, avg 1.0
Singletons: 4, 100.0% of seqs, 100.0% of clusters
Multiple alignments 100%
vsearch v2.30.0_linux_x86_64, 94.1GB RAM, 24 cores
https://github.com/torognes/vsearch

Reading file results/clustering/cdr/r3_comp_zikv/cdr3_clusters/558d0d6d-90e5-412f-babe-dc965d8e494e-IGH.fasta 100%
301 nt in 8 seqs, min 27, max 45, avg 38
Masking 100%
Sorting by length 100%
Counting k-mers 100%
Clustering 100%
Sorting clusters 100%
Writing clusters 100%
Clusters: 8 Size min 1, max 1, avg 1.0
Singletons: 8, 100.0% of seqs, 100.0% of clusters
Multiple alignments 100%
vsearch v2.30.0_linux_x86_64, 94.1GB RAM, 24 cores
https://github.com/torognes/vsearch

Reading file results/clustering/cdr/r3_comp_zikv/cdr3_clusters/1a709c4c-5706-4fc4-97b8-afb52587b4c1-IGK.fasta 100%
177 nt in 7 seqs, min 14, max 29, avg 25
Masking 100%
Sorting by length 100%
Counting k-mers 100%
Clustering 100%
Sorting clusters 100%
Writing clusters 100%
Clusters: 6 Size min 1, max 2, avg 1.2
Singletons: 5, 71.4% of seqs, 83.3% of clusters
Multiple alignments 100%
vsearch v2.30.0_linux_x86_64, 94.1GB RAM, 24 cores
https://github.com/torognes/vsearch

Reading file results/clustering/cdr/r3_comp_zikv/cdr3_clusters/34bb7a63-4472-40de-9939-d220382cb35a-IGH.fasta 100%
0 nt in 0 seqs
Masking 100%
Sorting by length 100%
Counting k-mers 100%
Clustering 100%
Sorting clusters 100%
Writing clusters 100%
Clusters: 0
Singletons: 0
Multiple alignments 100%
vsearch v2.30.0_linux_x86_64, 94.1GB RAM, 24 cores
https://github.com/torognes/vsearch

Reading file results/clustering/cdr/r3_comp_zikv/cdr3_clusters/267681e2-63d7-4e66-b99e-1239fa288ac7-IGK.fasta 100%
238 nt in 9 seqs, min 17, max 31, avg 26
Masking 100%
Sorting by length 100%
Counting k-mers 100%
Clustering 100%
Sorting clusters 100%
Writing clusters 100%
Clusters: 9 Size min 1, max 1, avg 1.0
Singletons: 9, 100.0% of seqs, 100.0% of clusters
Multiple alignments 100%
vsearch v2.30.0_linux_x86_64, 94.1GB RAM, 24 cores
https://github.com/torognes/vsearch

Reading file results/clustering/cdr/r3_comp_zikv/cdr3_clusters/af42ca36-284c-43d1-9120-43a0b79e0415-IGK.fasta 100%
0 nt in 0 seqs
minseqlength 6: 1 sequence discarded.
Masking 100%
Sorting by length 100%
Counting k-mers 100%
Clustering 100%
Sorting clusters 100%
Writing clusters 100%
Clusters: 0
Singletons: 0
Multiple alignments 100%
vsearch v2.30.0_linux_x86_64, 94.1GB RAM, 24 cores
https://github.com/torognes/vsearch

Reading file results/clustering/cdr/r3_comp_zikv/cdr3_clusters/e962dc7c-27e1-40a5-8916-acde82d5d8ca-IGH.fasta 100%
33 nt in 1 seqs, min 33, max 33, avg 33
minseqlength 6: 1 sequence discarded.
Masking 100%
Sorting by length 100%
Counting k-mers 100%
Clustering 100%
Sorting clusters 100%
Writing clusters 100%
Clusters: 1 Size min 1, max 1, avg 1.0
Singletons: 1, 100.0% of seqs, 100.0% of clusters
Multiple alignments 100%
vsearch v2.30.0_linux_x86_64, 94.1GB RAM, 24 cores
https://github.com/torognes/vsearch

Reading file results/clustering/cdr/r3_comp_zikv/cdr3_clusters/5c2bc53c-8d3d-40f4-85d2-993995bcaa37-IGK.fasta 100%
131 nt in 5 seqs, min 25, max 27, avg 26
Masking 100%
Sorting by length 100%
Counting k-mers 100%
Clustering 100%
Sorting clusters 100%
Writing clusters 100%
Clusters: 3 Size min 1, max 3, avg 1.7
Singletons: 2, 40.0% of seqs, 66.7% of clusters
Multiple alignments 100%
vsearch v2.30.0_linux_x86_64, 94.1GB RAM, 24 cores
https://github.com/torognes/vsearch

Reading file results/clustering/cdr/r3_comp_zikv/cdr3_clusters/22a35c20-18a8-4a25-ac5e-44dd75281358-IGK.fasta 100%
400 nt in 13 seqs, min 24, max 36, avg 31
Masking 100%
Sorting by length 100%
Counting k-mers 100%
Clustering 100%
Sorting clusters 100%
Writing clusters 100%
Clusters: 11 Size min 1, max 2, avg 1.2
Singletons: 9, 69.2% of seqs, 81.8% of clusters
Multiple alignments 100%
vsearch v2.30.0_linux_x86_64, 94.1GB RAM, 24 cores
https://github.com/torognes/vsearch

Reading file results/clustering/cdr/r3_comp_zikv/cdr3_clusters/323812ac-1960-462b-8dc8-14ae3e5863cc-IGK.fasta 100%
0 nt in 0 seqs
minseqlength 6: 9 sequences discarded.
Masking 100%
Sorting by length 100%
Counting k-mers 100%
Clustering 100%
Sorting clusters 100%
Writing clusters 100%
Clusters: 0
Singletons: 0
Multiple alignments 100%
vsearch v2.30.0_linux_x86_64, 94.1GB RAM, 24 cores
https://github.com/torognes/vsearch

Reading file results/clustering/cdr/r3_comp_zikv/cdr3_clusters/ed584498-6166-4ea7-aee2-6eb2dd66fe9f-IGH.fasta 100%
0 nt in 0 seqs
minseqlength 6: 3 sequences discarded.
Masking 100%
Sorting by length 100%
Counting k-mers 100%
Clustering 100%
Sorting clusters 100%
Writing clusters 100%
Clusters: 0
Singletons: 0
Multiple alignments 100%
vsearch v2.30.0_linux_x86_64, 94.1GB RAM, 24 cores
https://github.com/torognes/vsearch

Reading file results/clustering/cdr/r3_comp_zikv/cdr3_clusters/1929c153-5a81-4beb-9143-601f420bcc5d-IGK.fasta 100%
0 nt in 0 seqs
minseqlength 6: 2 sequences discarded.
Masking 100%
Sorting by length 100%
Counting k-mers 100%
Clustering 100%
Sorting clusters 100%
Writing clusters 100%
Clusters: 0
Singletons: 0
Multiple alignments 100%
vsearch v2.30.0_linux_x86_64, 94.1GB RAM, 24 cores
https://github.com/torognes/vsearch

Reading file results/clustering/cdr/r3_comp_zikv/cdr3_clusters/201a5035-829d-43ba-806b-0dadee339596-IGK.fasta 100%
0 nt in 0 seqs
minseqlength 6: 12 sequences discarded.
Masking 100%
Sorting by length 100%
Counting k-mers 100%
Clustering 100%
Sorting clusters 100%
Writing clusters 100%
Clusters: 0
Singletons: 0
Multiple alignments 100%
vsearch v2.30.0_linux_x86_64, 94.1GB RAM, 24 cores
https://github.com/torognes/vsearch

Reading file results/clustering/cdr/r3_comp_zikv/cdr3_clusters/c85ad3ee-2d1e-4e08-99de-2e3e3cd50537-IGH.fasta 100%
0 nt in 0 seqs
minseqlength 6: 7 sequences discarded.
Masking 100%
Sorting by length 100%
Counting k-mers 100%
Clustering 100%
Sorting clusters 100%
Writing clusters 100%
Clusters: 0
Singletons: 0
Multiple alignments 100%
vsearch v2.30.0_linux_x86_64, 94.1GB RAM, 24 cores
https://github.com/torognes/vsearch

Reading file results/clustering/cdr/r3_comp_zikv/cdr3_clusters/285f9d74-b6cc-4f3d-8d8a-73bbcbee935c-IGH.fasta 100%
176 nt in 2 seqs, min 45, max 131, avg 88
minseqlength 6: 1 sequence discarded.
Masking 100%
Sorting by length 100%
Counting k-mers 100%
Clustering 100%
Sorting clusters 100%
Writing clusters 100%
Clusters: 2 Size min 1, max 1, avg 1.0
Singletons: 2, 100.0% of seqs, 100.0% of clusters
Multiple alignments 100%
vsearch v2.30.0_linux_x86_64, 94.1GB RAM, 24 cores
https://github.com/torognes/vsearch

Reading file results/clustering/cdr/r3_comp_zikv/cdr3_clusters/2f19b044-1cef-4dfd-bea3-33be09d65f7f-IGK.fasta 100%
0 nt in 0 seqs
minseqlength 6: 13 sequences discarded.
Masking 100%
Sorting by length 100%
Counting k-mers 100%
Clustering 100%
Sorting clusters 100%
Writing clusters 100%
Clusters: 0
Singletons: 0
Multiple alignments 100%
vsearch v2.30.0_linux_x86_64, 94.1GB RAM, 24 cores
https://github.com/torognes/vsearch

Reading file results/clustering/cdr/r3_comp_zikv/cdr3_clusters/48216675-39dd-4fb6-bda4-7dea86b94ee0-IGK.fasta 100%
734 nt in 27 seqs, min 24, max 31, avg 27
minseqlength 6: 63 sequences discarded.
Masking 100%
Sorting by length 100%
Counting k-mers 100%
Clustering 100%
Sorting clusters 100%
Writing clusters 100%
Clusters: 22 Size min 1, max 6, avg 1.2
Singletons: 21, 77.8% of seqs, 95.5% of clusters
Multiple alignments 100%
vsearch v2.30.0_linux_x86_64, 94.1GB RAM, 24 cores
https://github.com/torognes/vsearch

Reading file results/clustering/cdr/r3_comp_zikv/cdr3_clusters/6a5dd331-3d94-458a-83bc-ef0b5c9183d1-IGH.fasta 100%
472 nt in 13 seqs, min 29, max 43, avg 36
Masking 100%
Sorting by length 100%
Counting k-mers 100%
Clustering 100%
Sorting clusters 100%
Writing clusters 100%
Clusters: 13 Size min 1, max 1, avg 1.0
Singletons: 13, 100.0% of seqs, 100.0% of clusters
Multiple alignments 100%
vsearch v2.30.0_linux_x86_64, 94.1GB RAM, 24 cores
https://github.com/torognes/vsearch

Reading file results/clustering/cdr/r3_comp_zikv/cdr3_clusters/1b0d9558-aab5-4793-9dfb-bb89b11bb6df-IGK.fasta 100%
37 nt in 1 seqs, min 37, max 37, avg 37
minseqlength 6: 4 sequences discarded.
Masking 100%
Sorting by length 100%
Counting k-mers 100%
Clustering 100%
Sorting clusters 100%
Writing clusters 100%
Clusters: 1 Size min 1, max 1, avg 1.0
Singletons: 1, 100.0% of seqs, 100.0% of clusters
Multiple alignments 100%
vsearch v2.30.0_linux_x86_64, 94.1GB RAM, 24 cores
https://github.com/torognes/vsearch

Reading file results/clustering/cdr/r3_comp_zikv/cdr3_clusters/7de0145e-01d7-46a0-a9f3-7ac7f79c1962-IGH.fasta 100%
713 nt in 15 seqs, min 35, max 57, avg 48
minseqlength 6: 1 sequence discarded.
Masking 100%
Sorting by length 100%
Counting k-mers 100%
Clustering 100%
Sorting clusters 100%
Writing clusters 100%
Clusters: 14 Size min 1, max 2, avg 1.1
Singletons: 13, 86.7% of seqs, 92.9% of clusters
Multiple alignments 100%
vsearch v2.30.0_linux_x86_64, 94.1GB RAM, 24 cores
https://github.com/torognes/vsearch

Reading file results/clustering/cdr/r3_comp_zikv/cdr3_clusters/dfed565d-ff97-472c-95d0-845ef83f06d9-IGK.fasta 100%
0 nt in 0 seqs
minseqlength 6: 1 sequence discarded.
Masking 100%
Sorting by length 100%
Counting k-mers 100%
Clustering 100%
Sorting clusters 100%
Writing clusters 100%
Clusters: 0
Singletons: 0
Multiple alignments 100%
vsearch v2.30.0_linux_x86_64, 94.1GB RAM, 24 cores
https://github.com/torognes/vsearch

Reading file results/clustering/cdr/r3_comp_zikv/cdr3_clusters/fea6c77f-e857-45e6-b42f-881cfe369d5b-IGH.fasta 100%
432 nt in 9 seqs, min 32, max 76, avg 48
Masking 100%
Sorting by length 100%
Counting k-mers 100%
Clustering 100%
Sorting clusters 100%
Writing clusters 100%
Clusters: 9 Size min 1, max 1, avg 1.0
Singletons: 9, 100.0% of seqs, 100.0% of clusters
Multiple alignments 100%
vsearch v2.30.0_linux_x86_64, 94.1GB RAM, 24 cores
https://github.com/torognes/vsearch

Reading file results/clustering/cdr/r3_comp_zikv/cdr3_clusters/4aea54eb-40f4-47a0-9920-acdf38469050-IGH.fasta 100%
0 nt in 0 seqs
minseqlength 6: 10 sequences discarded.
Masking 100%
Sorting by length 100%
Counting k-mers 100%
Clustering 100%
Sorting clusters 100%
Writing clusters 100%
Clusters: 0
Singletons: 0
Multiple alignments 100%
vsearch v2.30.0_linux_x86_64, 94.1GB RAM, 24 cores
https://github.com/torognes/vsearch

Reading file results/clustering/cdr/r3_comp_zikv/cdr3_clusters/70aca7c4-7b11-4d8e-bafe-af814e775d78-IGH.fasta 100%
3078 nt in 66 seqs, min 24, max 70, avg 47
Masking 100%
Sorting by length 100%
Counting k-mers 100%
Clustering 100%
Sorting clusters 100%
Writing clusters 100%
Clusters: 62 Size min 1, max 2, avg 1.1
Singletons: 58, 87.9% of seqs, 93.5% of clusters
Multiple alignments 100%
vsearch v2.30.0_linux_x86_64, 94.1GB RAM, 24 cores
https://github.com/torognes/vsearch

Reading file results/clustering/cdr/r3_comp_zikv/cdr3_clusters/490fa4ac-f517-4adb-9052-8a848199fff7-IGK.fasta 100%
0 nt in 0 seqs
Masking 100%
Sorting by length 100%
Counting k-mers 100%
Clustering 100%
Sorting clusters 100%
Writing clusters 100%
Clusters: 0
Singletons: 0
Multiple alignments 100%
vsearch v2.30.0_linux_x86_64, 94.1GB RAM, 24 cores
https://github.com/torognes/vsearch

Reading file results/clustering/cdr/r3_comp_zikv/cdr3_clusters/26209852-ed64-4f51-8e9d-1bfdc6ddbdf0-IGK.fasta 100%
0 nt in 0 seqs
minseqlength 6: 12 sequences discarded.
Masking 100%
Sorting by length 100%
Counting k-mers 100%
Clustering 100%
Sorting clusters 100%
Writing clusters 100%
Clusters: 0
Singletons: 0
Multiple alignments 100%
vsearch v2.30.0_linux_x86_64, 94.1GB RAM, 24 cores
https://github.com/torognes/vsearch

Reading file results/clustering/cdr/r3_comp_zikv/cdr3_clusters/75a99cbe-acf2-4c2d-8cac-93f4ef3716d6-IGK.fasta 100%
0 nt in 0 seqs
Masking 100%
Sorting by length 100%
Counting k-mers 100%
Clustering 100%
Sorting clusters 100%
Writing clusters 100%
Clusters: 0
Singletons: 0
Multiple alignments 100%
vsearch v2.30.0_linux_x86_64, 94.1GB RAM, 24 cores
https://github.com/torognes/vsearch

Reading file results/clustering/cdr/r3_comp_zikv/cdr3_clusters/402f0de2-227f-410b-b8b0-002ae77ff58c-IGK.fasta 100%
0 nt in 0 seqs
Masking 100%
Sorting by length 100%
Counting k-mers 100%
Clustering 100%
Sorting clusters 100%
Writing clusters 100%
Clusters: 0
Singletons: 0
Multiple alignments 100%
vsearch v2.30.0_linux_x86_64, 94.1GB RAM, 24 cores
https://github.com/torognes/vsearch

Reading file results/clustering/cdr/r3_comp_zikv/cdr3_clusters/0fca20c9-ddcf-4e61-a906-48fc363be020-IGK.fasta 100%
0 nt in 0 seqs
minseqlength 6: 5 sequences discarded.
Masking 100%
Sorting by length 100%
Counting k-mers 100%
Clustering 100%
Sorting clusters 100%
Writing clusters 100%
Clusters: 0
Singletons: 0
Multiple alignments 100%
vsearch v2.30.0_linux_x86_64, 94.1GB RAM, 24 cores
https://github.com/torognes/vsearch

Reading file results/clustering/cdr/r3_comp_zikv/cdr3_clusters/6e7ecb53-9c73-4d26-b1be-f85047cf7cd8-IGH.fasta 100%
0 nt in 0 seqs
minseqlength 6: 8 sequences discarded.
Masking 100%
Sorting by length 100%
Counting k-mers 100%
Clustering 100%
Sorting clusters 100%
Writing clusters 100%
Clusters: 0
Singletons: 0
Multiple alignments 100%
vsearch v2.30.0_linux_x86_64, 94.1GB RAM, 24 cores
https://github.com/torognes/vsearch

Reading file results/clustering/cdr/r3_comp_zikv/cdr3_clusters/6286daf1-c48e-42dc-b666-65e5f400a726-IGK.fasta 100%
0 nt in 0 seqs
minseqlength 6: 3 sequences discarded.
Masking 100%
Sorting by length 100%
Counting k-mers 100%
Clustering 100%
Sorting clusters 100%
Writing clusters 100%
Clusters: 0
Singletons: 0
Multiple alignments 100%
vsearch v2.30.0_linux_x86_64, 94.1GB RAM, 24 cores
https://github.com/torognes/vsearch

Reading file results/clustering/cdr/r3_comp_zikv/cdr3_clusters/a4e33e05-ed17-41a0-99aa-996be84392ce-IGK.fasta 100%
34 nt in 1 seqs, min 34, max 34, avg 34
Masking 100%
Sorting by length 100%
Counting k-mers 100%
Clustering 100%
Sorting clusters 100%
Writing clusters 100%
Clusters: 1 Size min 1, max 1, avg 1.0
Singletons: 1, 100.0% of seqs, 100.0% of clusters
Multiple alignments 100%
vsearch v2.30.0_linux_x86_64, 94.1GB RAM, 24 cores
https://github.com/torognes/vsearch

Reading file results/clustering/cdr/r3_comp_zikv/cdr3_clusters/1479014e-92a5-4e0d-a68b-b9a3c124a385-IGH.fasta 100%
0 nt in 0 seqs
minseqlength 6: 6 sequences discarded.
Masking 100%
Sorting by length 100%
Counting k-mers 100%
Clustering 100%
Sorting clusters 100%
Writing clusters 100%
Clusters: 0
Singletons: 0
Multiple alignments 100%
vsearch v2.30.0_linux_x86_64, 94.1GB RAM, 24 cores
https://github.com/torognes/vsearch

Reading file results/clustering/cdr/r3_comp_zikv/cdr3_clusters/2b044f54-bc88-4100-962e-34b05d40bc27-IGK.fasta 100%
29 nt in 1 seqs, min 29, max 29, avg 29
Masking 100%
Sorting by length 100%
Counting k-mers 100%
Clustering 100%
Sorting clusters 100%
Writing clusters 100%
Clusters: 1 Size min 1, max 1, avg 1.0
Singletons: 1, 100.0% of seqs, 100.0% of clusters
Multiple alignments 100%
vsearch v2.30.0_linux_x86_64, 94.1GB RAM, 24 cores
https://github.com/torognes/vsearch

Reading file results/clustering/cdr/r3_comp_zikv/cdr3_clusters/0f9d3792-26f5-4045-bfc4-8164a83e0d2b-IGK.fasta 100%
29 nt in 1 seqs, min 29, max 29, avg 29
minseqlength 6: 5 sequences discarded.
Masking 100%
Sorting by length 100%
Counting k-mers 100%
Clustering 100%
Sorting clusters 100%
Writing clusters 100%
Clusters: 1 Size min 1, max 1, avg 1.0
Singletons: 1, 100.0% of seqs, 100.0% of clusters
Multiple alignments 100%
vsearch v2.30.0_linux_x86_64, 94.1GB RAM, 24 cores
https://github.com/torognes/vsearch

Reading file results/clustering/cdr/r3_comp_zikv/cdr3_clusters/f76f3a1c-0988-4105-b800-48b98430e117-IGK.fasta 100%
0 nt in 0 seqs
minseqlength 6: 1 sequence discarded.
Masking 100%
Sorting by length 100%
Counting k-mers 100%
Clustering 100%
Sorting clusters 100%
Writing clusters 100%
Clusters: 0
Singletons: 0
Multiple alignments 100%
vsearch v2.30.0_linux_x86_64, 94.1GB RAM, 24 cores
https://github.com/torognes/vsearch

Reading file results/clustering/cdr/r3_comp_zikv/cdr3_clusters/60dff5ab-fca1-45a7-8e3c-f03baf33279f-IGK.fasta 100%
0 nt in 0 seqs
Masking 100%
Sorting by length 100%
Counting k-mers 100%
Clustering 100%
Sorting clusters 100%
Writing clusters 100%
Clusters: 0
Singletons: 0
Multiple alignments 100%
vsearch v2.30.0_linux_x86_64, 94.1GB RAM, 24 cores
https://github.com/torognes/vsearch

Reading file results/clustering/cdr/r3_comp_zikv/cdr3_clusters/84232f2b-0c49-4474-990d-8cb54f37595d-IGH.fasta 100%
128 nt in 1 seqs, min 128, max 128, avg 128
Masking 100%
Sorting by length 100%
Counting k-mers 100%
Clustering 100%
Sorting clusters 100%
Writing clusters 100%
Clusters: 1 Size min 1, max 1, avg 1.0
Singletons: 1, 100.0% of seqs, 100.0% of clusters
Multiple alignments 100%
vsearch v2.30.0_linux_x86_64, 94.1GB RAM, 24 cores
https://github.com/torognes/vsearch

Reading file results/clustering/cdr/r3_comp_zikv/cdr3_clusters/088138dd-dd35-4e3d-92e4-cd745870bd78-IGK.fasta 100%
60 nt in 2 seqs, min 27, max 33, avg 30
minseqlength 6: 161 sequences discarded.
Masking 100%
Sorting by length 100%
Counting k-mers 100%
Clustering 100%
Sorting clusters 100%
Writing clusters 100%
Clusters: 2 Size min 1, max 1, avg 1.0
Singletons: 2, 100.0% of seqs, 100.0% of clusters
Multiple alignments 100%
vsearch v2.30.0_linux_x86_64, 94.1GB RAM, 24 cores
https://github.com/torognes/vsearch

Reading file results/clustering/cdr/r3_comp_zikv/cdr3_clusters/e7b1bee1-a1b5-4ee5-80e4-074db550e24b-IGK.fasta 100%
242 nt in 9 seqs, min 26, max 27, avg 27
Masking 100%
Sorting by length 100%
Counting k-mers 100%
Clustering 100%
Sorting clusters 100%
Writing clusters 100%
Clusters: 8 Size min 1, max 2, avg 1.1
Singletons: 7, 77.8% of seqs, 87.5% of clusters
Multiple alignments 100%
vsearch v2.30.0_linux_x86_64, 94.1GB RAM, 24 cores
https://github.com/torognes/vsearch

Reading file results/clustering/cdr/r3_comp_zikv/cdr3_clusters/13d4dbe5-da08-490a-bce9-4a972e6ad87a-IGK.fasta 100%
156 nt in 6 seqs, min 24, max 27, avg 26
Masking 100%
Sorting by length 100%
Counting k-mers 100%
Clustering 100%
Sorting clusters 100%
Writing clusters 100%
Clusters: 6 Size min 1, max 1, avg 1.0
Singletons: 6, 100.0% of seqs, 100.0% of clusters
Multiple alignments 100%
vsearch v2.30.0_linux_x86_64, 94.1GB RAM, 24 cores
https://github.com/torognes/vsearch

Reading file results/clustering/cdr/r3_comp_zikv/cdr3_clusters/e1896f40-089e-4d92-be2e-a1b7504f5219-IGH.fasta 100%
0 nt in 0 seqs
minseqlength 6: 41 sequences discarded.
Masking 100%
Sorting by length 100%
Counting k-mers 100%
Clustering 100%
Sorting clusters 100%
Writing clusters 100%
Clusters: 0
Singletons: 0
Multiple alignments 100%
vsearch v2.30.0_linux_x86_64, 94.1GB RAM, 24 cores
https://github.com/torognes/vsearch

Reading file results/clustering/cdr/r3_comp_zikv/cdr3_clusters/801cd231-7d39-4cbf-ae58-791bc86b5f0e-IGH.fasta 100%
0 nt in 0 seqs
minseqlength 6: 20 sequences discarded.
Masking 100%
Sorting by length 100%
Counting k-mers 100%
Clustering 100%
Sorting clusters 100%
Writing clusters 100%
Clusters: 0
Singletons: 0
Multiple alignments 100%
vsearch v2.30.0_linux_x86_64, 94.1GB RAM, 24 cores
https://github.com/torognes/vsearch

Reading file results/clustering/cdr/r3_comp_zikv/cdr3_clusters/2bd9699b-81c7-4953-8a99-5cdd5d91bb26-IGK.fasta 100%
0 nt in 0 seqs
Masking 100%
Sorting by length 100%
Counting k-mers 100%
Clustering 100%
Sorting clusters 100%
Writing clusters 100%
Clusters: 0
Singletons: 0
Multiple alignments 100%
vsearch v2.30.0_linux_x86_64, 94.1GB RAM, 24 cores
https://github.com/torognes/vsearch

Reading file results/clustering/cdr/r3_comp_zikv/cdr3_clusters/2ec70a8f-98c7-4c82-9df2-3ca10274a7da-IGK.fasta 100%
106 nt in 4 seqs, min 25, max 27, avg 26
minseqlength 6: 2 sequences discarded.
Masking 100%
Sorting by length 100%
Counting k-mers 100%
Clustering 100%
Sorting clusters 100%
Writing clusters 100%
Clusters: 4 Size min 1, max 1, avg 1.0
Singletons: 4, 100.0% of seqs, 100.0% of clusters
Multiple alignments 100%
vsearch v2.30.0_linux_x86_64, 94.1GB RAM, 24 cores
https://github.com/torognes/vsearch

Reading file results/clustering/cdr/r3_comp_zikv/cdr3_clusters/3fcf4a44-82fc-4999-b9df-84865b3f9c7a-IGH.fasta 100%
39 nt in 1 seqs, min 39, max 39, avg 39
Masking 100%
Sorting by length 100%
Counting k-mers 100%
Clustering 100%
Sorting clusters 100%
Writing clusters 100%
Clusters: 1 Size min 1, max 1, avg 1.0
Singletons: 1, 100.0% of seqs, 100.0% of clusters
Multiple alignments 100%
vsearch v2.30.0_linux_x86_64, 94.1GB RAM, 24 cores
https://github.com/torognes/vsearch

Reading file results/clustering/cdr/r3_comp_zikv/cdr3_clusters/1ee2d029-372f-4335-815b-b03ff4684712-IGK.fasta 100%
311 nt in 12 seqs, min 24, max 29, avg 26
Masking 100%
Sorting by length 100%
Counting k-mers 100%
Clustering 100%
Sorting clusters 100%
Writing clusters 100%
Clusters: 11 Size min 1, max 2, avg 1.1
Singletons: 10, 83.3% of seqs, 90.9% of clusters
Multiple alignments 100%
vsearch v2.30.0_linux_x86_64, 94.1GB RAM, 24 cores
https://github.com/torognes/vsearch

Reading file results/clustering/cdr/r3_comp_zikv/cdr3_clusters/6ae32446-f445-42a2-9a08-d4ec5615861d-IGK.fasta 100%
347 nt in 12 seqs, min 27, max 30, avg 29
Masking 100%
Sorting by length 100%
Counting k-mers 100%
Clustering 100%
Sorting clusters 100%
Writing clusters 100%
Clusters: 8 Size min 1, max 5, avg 1.5
Singletons: 7, 58.3% of seqs, 87.5% of clusters
Multiple alignments 100%
vsearch v2.30.0_linux_x86_64, 94.1GB RAM, 24 cores
https://github.com/torognes/vsearch

Reading file results/clustering/cdr/r3_comp_zikv/cdr3_clusters/12194988-13b7-479e-b918-f7da18eb211b-IGH.fasta 100%
183 nt in 5 seqs, min 30, max 48, avg 37
Masking 100%
Sorting by length 100%
Counting k-mers 100%
Clustering 100%
Sorting clusters 100%
Writing clusters 100%
Clusters: 4 Size min 1, max 2, avg 1.2
Singletons: 3, 60.0% of seqs, 75.0% of clusters
Multiple alignments 100%
vsearch v2.30.0_linux_x86_64, 94.1GB RAM, 24 cores
https://github.com/torognes/vsearch

Reading file results/clustering/cdr/r3_comp_zikv/cdr3_clusters/fe5c4773-61b9-4e38-b5e2-4803fc6d4b31-IGK.fasta 100%
0 nt in 0 seqs
minseqlength 6: 6 sequences discarded.
Masking 100%
Sorting by length 100%
Counting k-mers 100%
Clustering 100%
Sorting clusters 100%
Writing clusters 100%
Clusters: 0
Singletons: 0
Multiple alignments 100%
vsearch v2.30.0_linux_x86_64, 94.1GB RAM, 24 cores
https://github.com/torognes/vsearch

Reading file results/clustering/cdr/r3_comp_zikv/cdr3_clusters/3d7a1a7f-3e74-4456-b584-4280b5cbe1fd-IGK.fasta 100%
0 nt in 0 seqs
minseqlength 6: 1 sequence discarded.
Masking 100%
Sorting by length 100%
Counting k-mers 100%
Clustering 100%
Sorting clusters 100%
Writing clusters 100%
Clusters: 0
Singletons: 0
Multiple alignments 100%
vsearch v2.30.0_linux_x86_64, 94.1GB RAM, 24 cores
https://github.com/torognes/vsearch

Reading file results/clustering/cdr/r3_comp_zikv/cdr3_clusters/28cb160e-17ae-47f1-8505-4476638a91a1-IGK.fasta 100%
0 nt in 0 seqs
minseqlength 6: 1 sequence discarded.
Masking 100%
Sorting by length 100%
Counting k-mers 100%
Clustering 100%
Sorting clusters 100%
Writing clusters 100%
Clusters: 0
Singletons: 0
Multiple alignments 100%
vsearch v2.30.0_linux_x86_64, 94.1GB RAM, 24 cores
https://github.com/torognes/vsearch

Reading file results/clustering/cdr/r3_comp_zikv/cdr3_clusters/a877420e-d6ab-40f0-b1c0-9d8e8c6590f6-IGK.fasta 100%
48 nt in 2 seqs, min 14, max 34, avg 24
minseqlength 6: 25 sequences discarded.
Masking 100%
Sorting by length 100%
Counting k-mers 100%
Clustering 100%
Sorting clusters 100%
Writing clusters 100%
Clusters: 2 Size min 1, max 1, avg 1.0
Singletons: 2, 100.0% of seqs, 100.0% of clusters
Multiple alignments 100%
vsearch v2.30.0_linux_x86_64, 94.1GB RAM, 24 cores
https://github.com/torognes/vsearch

Reading file results/clustering/cdr/r3_comp_zikv/cdr3_clusters/1251d2d2-2080-49e7-a143-83415cd2dc0e-IGK.fasta 100%
0 nt in 0 seqs
minseqlength 6: 6 sequences discarded.
Masking 100%
Sorting by length 100%
Counting k-mers 100%
Clustering 100%
Sorting clusters 100%
Writing clusters 100%
Clusters: 0
Singletons: 0
Multiple alignments 100%
vsearch v2.30.0_linux_x86_64, 94.1GB RAM, 24 cores
https://github.com/torognes/vsearch

Reading file results/clustering/cdr/r3_comp_zikv/cdr3_clusters/61c7dabf-8c3b-4bc2-a529-d4e78a073df0-IGH.fasta 100%
707 nt in 14 seqs, min 32, max 63, avg 50
Masking 100%
Sorting by length 100%
Counting k-mers 100%
Clustering 100%
Sorting clusters 100%
Writing clusters 100%
Clusters: 14 Size min 1, max 1, avg 1.0
Singletons: 14, 100.0% of seqs, 100.0% of clusters
Multiple alignments 100%
vsearch v2.30.0_linux_x86_64, 94.1GB RAM, 24 cores
https://github.com/torognes/vsearch

Reading file results/clustering/cdr/r3_comp_zikv/cdr3_clusters/333a84ff-b378-4fb5-ada0-76b322738fe1-IGK.fasta 100%
29 nt in 1 seqs, min 29, max 29, avg 29
minseqlength 6: 1 sequence discarded.
Masking 100%
Sorting by length 100%
Counting k-mers 100%
Clustering 100%
Sorting clusters 100%
Writing clusters 100%
Clusters: 1 Size min 1, max 1, avg 1.0
Singletons: 1, 100.0% of seqs, 100.0% of clusters
Multiple alignments 100%
vsearch v2.30.0_linux_x86_64, 94.1GB RAM, 24 cores
https://github.com/torognes/vsearch

Reading file results/clustering/cdr/r3_comp_zikv/cdr3_clusters/b9ceb361-0800-41f4-b04c-427b8c4f27ee-IGH.fasta 100%
231 nt in 6 seqs, min 33, max 45, avg 38
Masking 100%
Sorting by length 100%
Counting k-mers 100%
Clustering 100%
Sorting clusters 100%
Writing clusters 100%
Clusters: 6 Size min 1, max 1, avg 1.0
Singletons: 6, 100.0% of seqs, 100.0% of clusters
Multiple alignments 100%
vsearch v2.30.0_linux_x86_64, 94.1GB RAM, 24 cores
https://github.com/torognes/vsearch

Reading file results/clustering/cdr/r3_comp_zikv/cdr3_clusters/77e7e134-021f-4ed0-be79-64264e38fdb7-IGK.fasta 100%
0 nt in 0 seqs
minseqlength 6: 1 sequence discarded.
Masking 100%
Sorting by length 100%
Counting k-mers 100%
Clustering 100%
Sorting clusters 100%
Writing clusters 100%
Clusters: 0
Singletons: 0
Multiple alignments 100%
vsearch v2.30.0_linux_x86_64, 94.1GB RAM, 24 cores
https://github.com/torognes/vsearch

Reading file results/clustering/cdr/r3_comp_zikv/cdr3_clusters/55598056-285f-4695-8171-c2b0efede04c-IGK.fasta 100%
178 nt in 7 seqs, min 20, max 28, avg 25
Masking 100%
Sorting by length 100%
Counting k-mers 100%
Clustering 100%
Sorting clusters 100%
Writing clusters 100%
Clusters: 6 Size min 1, max 2, avg 1.2
Singletons: 5, 71.4% of seqs, 83.3% of clusters
Multiple alignments 100%
vsearch v2.30.0_linux_x86_64, 94.1GB RAM, 24 cores
https://github.com/torognes/vsearch

Reading file results/clustering/cdr/r3_comp_zikv/cdr3_clusters/ab372ab2-2201-43b7-883d-af446cba566a-IGK.fasta 100%
0 nt in 0 seqs
minseqlength 6: 1 sequence discarded.
Masking 100%
Sorting by length 100%
Counting k-mers 100%
Clustering 100%
Sorting clusters 100%
Writing clusters 100%
Clusters: 0
Singletons: 0
Multiple alignments 100%
vsearch v2.30.0_linux_x86_64, 94.1GB RAM, 24 cores
https://github.com/torognes/vsearch

Reading file results/clustering/cdr/r3_comp_zikv/cdr3_clusters/d8142cfc-1c54-4fd8-8c3d-5b7448602836-IGH.fasta 100%
0 nt in 0 seqs
minseqlength 6: 4 sequences discarded.
Masking 100%
Sorting by length 100%
Counting k-mers 100%
Clustering 100%
Sorting clusters 100%
Writing clusters 100%
Clusters: 0
Singletons: 0
Multiple alignments 100%
vsearch v2.30.0_linux_x86_64, 94.1GB RAM, 24 cores
https://github.com/torognes/vsearch

Reading file results/clustering/cdr/r3_comp_zikv/cdr3_clusters/72d51874-f9ae-436c-8676-b4e37112ec1c-IGK.fasta 100%
222 nt in 8 seqs, min 27, max 30, avg 28
Masking 100%
Sorting by length 100%
Counting k-mers 100%
Clustering 100%
Sorting clusters 100%
Writing clusters 100%
Clusters: 8 Size min 1, max 1, avg 1.0
Singletons: 8, 100.0% of seqs, 100.0% of clusters
Multiple alignments 100%
vsearch v2.30.0_linux_x86_64, 94.1GB RAM, 24 cores
https://github.com/torognes/vsearch

Reading file results/clustering/cdr/r3_comp_zikv/cdr3_clusters/d241649f-1ad4-4a45-ab8f-5eab7648dd91-IGH.fasta 100%
7 nt in 1 seqs, min 7, max 7, avg 7
Masking 100%
Sorting by length 100%
Counting k-mers 100%
Clustering 100%
Sorting clusters 100%
Writing clusters 100%
Clusters: 1 Size min 1, max 1, avg 1.0
Singletons: 1, 100.0% of seqs, 100.0% of clusters
Multiple alignments 100%
vsearch v2.30.0_linux_x86_64, 94.1GB RAM, 24 cores
https://github.com/torognes/vsearch

Reading file results/clustering/cdr/r3_comp_zikv/cdr3_clusters/5558be0d-0b9f-401b-b07d-25a1bd2320ac-IGK.fasta 100%
0 nt in 0 seqs
Masking 100%
Sorting by length 100%
Counting k-mers 100%
Clustering 100%
Sorting clusters 100%
Writing clusters 100%
Clusters: 0
Singletons: 0
Multiple alignments 100%
vsearch v2.30.0_linux_x86_64, 94.1GB RAM, 24 cores
https://github.com/torognes/vsearch

Reading file results/clustering/cdr/r3_comp_zikv/cdr3_clusters/abc8f93f-b5ae-437b-9558-2a5e19b416e2-IGK.fasta 100%
217 nt in 8 seqs, min 22, max 32, avg 27
minseqlength 6: 3 sequences discarded.
Masking 100%
Sorting by length 100%
Counting k-mers 100%
Clustering 100%
Sorting clusters 100%
Writing clusters 100%
Clusters: 8 Size min 1, max 1, avg 1.0
Singletons: 8, 100.0% of seqs, 100.0% of clusters
Multiple alignments 100%
vsearch v2.30.0_linux_x86_64, 94.1GB RAM, 24 cores
https://github.com/torognes/vsearch

Reading file results/clustering/cdr/r3_comp_zikv/cdr3_clusters/15852b4a-e9f7-4d80-ab0a-a89fe5ce1805-IGK.fasta 100%
0 nt in 0 seqs
minseqlength 6: 7 sequences discarded.
Masking 100%
Sorting by length 100%
Counting k-mers 100%
Clustering 100%
Sorting clusters 100%
Writing clusters 100%
Clusters: 0
Singletons: 0
Multiple alignments 100%
vsearch v2.30.0_linux_x86_64, 94.1GB RAM, 24 cores
https://github.com/torognes/vsearch

Reading file results/clustering/cdr/r3_comp_zikv/cdr3_clusters/69ce01e0-b614-4cc7-b051-e5b48c899cb9-IGH.fasta 100%
77 nt in 2 seqs, min 35, max 42, avg 38
minseqlength 6: 22 sequences discarded.
Masking 100%
Sorting by length 100%
Counting k-mers 100%
Clustering 100%
Sorting clusters 100%
Writing clusters 100%
Clusters: 2 Size min 1, max 1, avg 1.0
Singletons: 2, 100.0% of seqs, 100.0% of clusters
Multiple alignments 100%
vsearch v2.30.0_linux_x86_64, 94.1GB RAM, 24 cores
https://github.com/torognes/vsearch

Reading file results/clustering/cdr/r3_comp_zikv/cdr3_clusters/b9fc9a97-976c-4ddb-9048-e2e006e0084b-IGK.fasta 100%
159 nt in 6 seqs, min 24, max 27, avg 26
Masking 100%
Sorting by length 100%
Counting k-mers 100%
Clustering 100%
Sorting clusters 100%
Writing clusters 100%
Clusters: 6 Size min 1, max 1, avg 1.0
Singletons: 6, 100.0% of seqs, 100.0% of clusters
Multiple alignments 100%
vsearch v2.30.0_linux_x86_64, 94.1GB RAM, 24 cores
https://github.com/torognes/vsearch

Reading file results/clustering/cdr/r3_comp_zikv/cdr3_clusters/947bef0f-938a-4e7e-85e4-7a32aac7946f-IGH.fasta 100%
0 nt in 0 seqs
minseqlength 6: 8 sequences discarded.
Masking 100%
Sorting by length 100%
Counting k-mers 100%
Clustering 100%
Sorting clusters 100%
Writing clusters 100%
Clusters: 0
Singletons: 0
Multiple alignments 100%
vsearch v2.30.0_linux_x86_64, 94.1GB RAM, 24 cores
https://github.com/torognes/vsearch

Reading file results/clustering/cdr/r3_comp_zikv/cdr3_clusters/8878ff1a-1018-4073-8ccf-baa7f6019864-IGH.fasta 100%
0 nt in 0 seqs
minseqlength 6: 9 sequences discarded.
Masking 100%
Sorting by length 100%
Counting k-mers 100%
Clustering 100%
Sorting clusters 100%
Writing clusters 100%
Clusters: 0
Singletons: 0
Multiple alignments 100%
vsearch v2.30.0_linux_x86_64, 94.1GB RAM, 24 cores
https://github.com/torognes/vsearch

Reading file results/clustering/cdr/r3_comp_zikv/cdr3_clusters/573aa6d5-5272-4559-9ffe-26a3ae23272c-IGH.fasta 100%
16789 nt in 398 seqs, min 21, max 63, avg 42
Masking 100%
Sorting by length 100%
Counting k-mers 100%
Clustering 100%
Sorting clusters 100%
Writing clusters 100%
Clusters: 335 Size min 1, max 4, avg 1.2
Singletons: 285, 71.6% of seqs, 85.1% of clusters
Multiple alignments 100%
vsearch v2.30.0_linux_x86_64, 94.1GB RAM, 24 cores
https://github.com/torognes/vsearch

Reading file results/clustering/cdr/r3_comp_zikv/cdr3_clusters/90fdde9b-6d6b-4b56-b0fe-0e881c22cb25-IGK.fasta 100%
0 nt in 0 seqs
minseqlength 6: 17 sequences discarded.
Masking 100%
Sorting by length 100%
Counting k-mers 100%
Clustering 100%
Sorting clusters 100%
Writing clusters 100%
Clusters: 0
Singletons: 0
Multiple alignments 100%
vsearch v2.30.0_linux_x86_64, 94.1GB RAM, 24 cores
https://github.com/torognes/vsearch

Reading file results/clustering/cdr/r3_comp_zikv/cdr3_clusters/171dee98-3dc0-42c9-b2ce-bfb3b369b1af-IGK.fasta 100%
0 nt in 0 seqs
minseqlength 6: 2 sequences discarded.
Masking 100%
Sorting by length 100%
Counting k-mers 100%
Clustering 100%
Sorting clusters 100%
Writing clusters 100%
Clusters: 0
Singletons: 0
Multiple alignments 100%
vsearch v2.30.0_linux_x86_64, 94.1GB RAM, 24 cores
https://github.com/torognes/vsearch

Reading file results/clustering/cdr/r3_comp_zikv/cdr3_clusters/afd2980a-ef70-4925-9abb-e4f8e491f997-IGH.fasta 100%
295 nt in 7 seqs, min 36, max 45, avg 42
Masking 100%
Sorting by length 100%
Counting k-mers 100%
Clustering 100%
Sorting clusters 100%
Writing clusters 100%
Clusters: 7 Size min 1, max 1, avg 1.0
Singletons: 7, 100.0% of seqs, 100.0% of clusters
Multiple alignments 100%
vsearch v2.30.0_linux_x86_64, 94.1GB RAM, 24 cores
https://github.com/torognes/vsearch

Reading file results/clustering/cdr/r3_comp_zikv/cdr3_clusters/4f3e069c-61e8-4633-831a-9d739dadf833-IGK.fasta 100%
60 nt in 2 seqs, min 30, max 30, avg 30
minseqlength 6: 10 sequences discarded.
Masking 100%
Sorting by length 100%
Counting k-mers 100%
Clustering 100%
Sorting clusters 100%
Writing clusters 100%
Clusters: 2 Size min 1, max 1, avg 1.0
Singletons: 2, 100.0% of seqs, 100.0% of clusters
Multiple alignments 100%
vsearch v2.30.0_linux_x86_64, 94.1GB RAM, 24 cores
https://github.com/torognes/vsearch

Reading file results/clustering/cdr/r3_comp_zikv/cdr3_clusters/c0945348-9bb1-4ec2-b9d4-43d78e0c2f85-IGK.fasta 100%
0 nt in 0 seqs
minseqlength 6: 1 sequence discarded.
Masking 100%
Sorting by length 100%
Counting k-mers 100%
Clustering 100%
Sorting clusters 100%
Writing clusters 100%
Clusters: 0
Singletons: 0
Multiple alignments 100%
vsearch v2.30.0_linux_x86_64, 94.1GB RAM, 24 cores
https://github.com/torognes/vsearch

Reading file results/clustering/cdr/r3_comp_zikv/cdr3_clusters/6c9487d5-d914-4cfc-8107-20b06a515a9b-IGK.fasta 100%
438 nt in 16 seqs, min 20, max 33, avg 27
Masking 100%
Sorting by length 100%
Counting k-mers 100%
Clustering 100%
Sorting clusters 100%
Writing clusters 100%
Clusters: 16 Size min 1, max 1, avg 1.0
Singletons: 16, 100.0% of seqs, 100.0% of clusters
Multiple alignments 100%
vsearch v2.30.0_linux_x86_64, 94.1GB RAM, 24 cores
https://github.com/torognes/vsearch

Reading file results/clustering/cdr/r3_comp_zikv/cdr3_clusters/e4ec698a-b2db-49f6-8268-8602c79186b6-IGH.fasta 100%
208 nt in 5 seqs, min 21, max 59, avg 42
Masking 100%
Sorting by length 100%
Counting k-mers 100%
Clustering 100%
Sorting clusters 100%
Writing clusters 100%
Clusters: 5 Size min 1, max 1, avg 1.0
Singletons: 5, 100.0% of seqs, 100.0% of clusters
Multiple alignments 100%
vsearch v2.30.0_linux_x86_64, 94.1GB RAM, 24 cores
https://github.com/torognes/vsearch

Reading file results/clustering/cdr/r3_comp_zikv/cdr3_clusters/0888cdc9-ce72-46f0-8381-034062a7b120-IGH.fasta 100%
245 nt in 5 seqs, min 36, max 54, avg 49
Masking 100%
Sorting by length 100%
Counting k-mers 100%
Clustering 100%
Sorting clusters 100%
Writing clusters 100%
Clusters: 5 Size min 1, max 1, avg 1.0
Singletons: 5, 100.0% of seqs, 100.0% of clusters
Multiple alignments 100%
vsearch v2.30.0_linux_x86_64, 94.1GB RAM, 24 cores
https://github.com/torognes/vsearch

Reading file results/clustering/cdr/r3_comp_zikv/cdr3_clusters/d9fb8609-cdec-4854-ad3f-e203aa30399b-IGH.fasta 100%
84 nt in 2 seqs, min 41, max 43, avg 42
minseqlength 6: 5 sequences discarded.
Masking 100%
Sorting by length 100%
Counting k-mers 100%
Clustering 100%
Sorting clusters 100%
Writing clusters 100%
Clusters: 2 Size min 1, max 1, avg 1.0
Singletons: 2, 100.0% of seqs, 100.0% of clusters
Multiple alignments 100%
vsearch v2.30.0_linux_x86_64, 94.1GB RAM, 24 cores
https://github.com/torognes/vsearch

Reading file results/clustering/cdr/r3_comp_zikv/cdr3_clusters/50a383c3-cde5-44ca-94a0-841e4190a87a-IGK.fasta 100%
0 nt in 0 seqs
minseqlength 6: 1 sequence discarded.
Masking 100%
Sorting by length 100%
Counting k-mers 100%
Clustering 100%
Sorting clusters 100%
Writing clusters 100%
Clusters: 0
Singletons: 0
Multiple alignments 100%
vsearch v2.30.0_linux_x86_64, 94.1GB RAM, 24 cores
https://github.com/torognes/vsearch

Reading file results/clustering/cdr/r3_comp_zikv/cdr3_clusters/b79c12e1-f1bf-4167-bf0b-72ff131fa92f-IGK.fasta 100%
0 nt in 0 seqs
minseqlength 6: 12 sequences discarded.
Masking 100%
Sorting by length 100%
Counting k-mers 100%
Clustering 100%
Sorting clusters 100%
Writing clusters 100%
Clusters: 0
Singletons: 0
Multiple alignments 100%
vsearch v2.30.0_linux_x86_64, 94.1GB RAM, 24 cores
https://github.com/torognes/vsearch

Reading file results/clustering/cdr/r3_comp_zikv/cdr3_clusters/9a906708-f551-426a-97c6-7da6a661224f-IGH.fasta 100%
33 nt in 1 seqs, min 33, max 33, avg 33
minseqlength 6: 3 sequences discarded.
Masking 100%
Sorting by length 100%
Counting k-mers 100%
Clustering 100%
Sorting clusters 100%
Writing clusters 100%
Clusters: 1 Size min 1, max 1, avg 1.0
Singletons: 1, 100.0% of seqs, 100.0% of clusters
Multiple alignments 100%
vsearch v2.30.0_linux_x86_64, 94.1GB RAM, 24 cores
https://github.com/torognes/vsearch

Reading file results/clustering/cdr/r3_comp_zikv/cdr3_clusters/82c406c6-0d06-4ac4-b6ab-8d262862e6fa-IGK.fasta 100%
0 nt in 0 seqs
minseqlength 6: 3 sequences discarded.
Masking 100%
Sorting by length 100%
Counting k-mers 100%
Clustering 100%
Sorting clusters 100%
Writing clusters 100%
Clusters: 0
Singletons: 0
Multiple alignments 100%
vsearch v2.30.0_linux_x86_64, 94.1GB RAM, 24 cores
https://github.com/torognes/vsearch

Reading file results/clustering/cdr/r3_comp_zikv/cdr3_clusters/8ecdfedd-1a8f-48d7-8ba9-569b04a34b21-IGK.fasta 100%
132 nt in 5 seqs, min 21, max 30, avg 26
Masking 100%
Sorting by length 100%
Counting k-mers 100%
Clustering 100%
Sorting clusters 100%
Writing clusters 100%
Clusters: 4 Size min 1, max 2, avg 1.2
Singletons: 3, 60.0% of seqs, 75.0% of clusters
Multiple alignments 100%
vsearch v2.30.0_linux_x86_64, 94.1GB RAM, 24 cores
https://github.com/torognes/vsearch

Reading file results/clustering/cdr/r3_comp_zikv/cdr3_clusters/15b531e4-3a36-4226-ae7c-c2f1841c0fed-IGK.fasta 100%
0 nt in 0 seqs
minseqlength 6: 1 sequence discarded.
Masking 100%
Sorting by length 100%
Counting k-mers 100%
Clustering 100%
Sorting clusters 100%
Writing clusters 100%
Clusters: 0
Singletons: 0
Multiple alignments 100%
vsearch v2.30.0_linux_x86_64, 94.1GB RAM, 24 cores
https://github.com/torognes/vsearch

Reading file results/clustering/cdr/r3_comp_zikv/cdr3_clusters/b0516049-8e6d-4b0e-b978-3f6d20bf12c9-IGH.fasta 100%
0 nt in 0 seqs
minseqlength 6: 5 sequences discarded.
Masking 100%
Sorting by length 100%
Counting k-mers 100%
Clustering 100%
Sorting clusters 100%
Writing clusters 100%
Clusters: 0
Singletons: 0
Multiple alignments 100%
vsearch v2.30.0_linux_x86_64, 94.1GB RAM, 24 cores
https://github.com/torognes/vsearch

Reading file results/clustering/cdr/r3_comp_zikv/cdr3_clusters/082bf50d-9b9f-4c93-b378-be386223ffe0-IGK.fasta 100%
2960 nt in 95 seqs, min 8, max 58, avg 31
minseqlength 6: 3403 sequences discarded.
Masking 100%
Sorting by length 100%
Counting k-mers 100%
Clustering 100%
Sorting clusters 100%
Writing clusters 100%
Clusters: 55 Size min 1, max 30, avg 1.7
Singletons: 47, 49.5% of seqs, 85.5% of clusters
Multiple alignments 100%
vsearch v2.30.0_linux_x86_64, 94.1GB RAM, 24 cores
https://github.com/torognes/vsearch

Reading file results/clustering/cdr/r3_comp_zikv/cdr3_clusters/5816b941-ea26-475e-9945-ec238cd3ced7-IGH.fasta 100%
172 nt in 4 seqs, min 33, max 55, avg 43
minseqlength 6: 2 sequences discarded.
Masking 100%
Sorting by length 100%
Counting k-mers 100%
Clustering 100%
Sorting clusters 100%
Writing clusters 100%
Clusters: 4 Size min 1, max 1, avg 1.0
Singletons: 4, 100.0% of seqs, 100.0% of clusters
Multiple alignments 100%
vsearch v2.30.0_linux_x86_64, 94.1GB RAM, 24 cores
https://github.com/torognes/vsearch

Reading file results/clustering/cdr/r3_comp_zikv/cdr3_clusters/273f18b7-8740-42d6-9d24-721331b4ff18-IGK.fasta 100%
0 nt in 0 seqs
Masking 100%
Sorting by length 100%
Counting k-mers 100%
Clustering 100%
Sorting clusters 100%
Writing clusters 100%
Clusters: 0
Singletons: 0
Multiple alignments 100%
vsearch v2.30.0_linux_x86_64, 94.1GB RAM, 24 cores
https://github.com/torognes/vsearch

Reading file results/clustering/cdr/r3_comp_zikv/cdr3_clusters/3f3b327b-b826-47c5-9979-9b658e92b446-IGK.fasta 100%
0 nt in 0 seqs
Masking 100%
Sorting by length 100%
Counting k-mers 100%
Clustering 100%
Sorting clusters 100%
Writing clusters 100%
Clusters: 0
Singletons: 0
Multiple alignments 100%
vsearch v2.30.0_linux_x86_64, 94.1GB RAM, 24 cores
https://github.com/torognes/vsearch

Reading file results/clustering/cdr/r3_comp_zikv/cdr3_clusters/9287f9a3-cf7d-48fb-a2a9-7f997b1a7a78-IGK.fasta 100%
0 nt in 0 seqs
minseqlength 6: 6 sequences discarded.
Masking 100%
Sorting by length 100%
Counting k-mers 100%
Clustering 100%
Sorting clusters 100%
Writing clusters 100%
Clusters: 0
Singletons: 0
Multiple alignments 100%
vsearch v2.30.0_linux_x86_64, 94.1GB RAM, 24 cores
https://github.com/torognes/vsearch

Reading file results/clustering/cdr/r3_comp_zikv/cdr3_clusters/9fabd8ac-3a22-4544-ac0b-9419782299f6-IGK.fasta 100%
0 nt in 0 seqs
minseqlength 6: 1 sequence discarded.
Masking 100%
Sorting by length 100%
Counting k-mers 100%
Clustering 100%
Sorting clusters 100%
Writing clusters 100%
Clusters: 0
Singletons: 0
Multiple alignments 100%
vsearch v2.30.0_linux_x86_64, 94.1GB RAM, 24 cores
https://github.com/torognes/vsearch

Reading file results/clustering/cdr/r3_comp_zikv/cdr3_clusters/d26ea295-6ff5-4a4d-ad00-2fd02cbb6bef-IGK.fasta 100%
418 nt in 16 seqs, min 24, max 30, avg 26
Masking 100%
Sorting by length 100%
Counting k-mers 100%
Clustering 100%
Sorting clusters 100%
Writing clusters 100%
Clusters: 13 Size min 1, max 2, avg 1.2
Singletons: 10, 62.5% of seqs, 76.9% of clusters
Multiple alignments 100%
vsearch v2.30.0_linux_x86_64, 94.1GB RAM, 24 cores
https://github.com/torognes/vsearch

Reading file results/clustering/cdr/r3_comp_zikv/cdr3_clusters/3b4ca832-daf5-4864-b985-8e7bf7884e42-IGH.fasta 100%
237 nt in 6 seqs, min 34, max 49, avg 40
minseqlength 6: 1 sequence discarded.
Masking 100%
Sorting by length 100%
Counting k-mers 100%
Clustering 100%
Sorting clusters 100%
Writing clusters 100%
Clusters: 6 Size min 1, max 1, avg 1.0
Singletons: 6, 100.0% of seqs, 100.0% of clusters
Multiple alignments 100%
vsearch v2.30.0_linux_x86_64, 94.1GB RAM, 24 cores
https://github.com/torognes/vsearch

Reading file results/clustering/cdr/r3_comp_zikv/cdr3_clusters/3c08df2f-2d53-4c0e-9b48-f02d74670e9c-IGH.fasta 100%
0 nt in 0 seqs
minseqlength 6: 11 sequences discarded.
Masking 100%
Sorting by length 100%
Counting k-mers 100%
Clustering 100%
Sorting clusters 100%
Writing clusters 100%
Clusters: 0
Singletons: 0
Multiple alignments 100%
vsearch v2.30.0_linux_x86_64, 94.1GB RAM, 24 cores
https://github.com/torognes/vsearch

Reading file results/clustering/cdr/r3_comp_zikv/cdr3_clusters/2607d8cc-0aaf-4e57-aef6-bc3576b89e71-IGH.fasta 100%
284 nt in 9 seqs, min 21, max 48, avg 32
Masking 100%
Sorting by length 100%
Counting k-mers 100%
Clustering 100%
Sorting clusters 100%
Writing clusters 100%
Clusters: 9 Size min 1, max 1, avg 1.0
Singletons: 9, 100.0% of seqs, 100.0% of clusters
Multiple alignments 100%
vsearch v2.30.0_linux_x86_64, 94.1GB RAM, 24 cores
https://github.com/torognes/vsearch

Reading file results/clustering/cdr/r3_comp_zikv/cdr3_clusters/3841bb3d-fe8b-4d67-9d2d-f77e7c084bcd-IGH.fasta 100%
0 nt in 0 seqs
minseqlength 6: 2 sequences discarded.
Masking 100%
Sorting by length 100%
Counting k-mers 100%
Clustering 100%
Sorting clusters 100%
Writing clusters 100%
Clusters: 0
Singletons: 0
Multiple alignments 100%
vsearch v2.30.0_linux_x86_64, 94.1GB RAM, 24 cores
https://github.com/torognes/vsearch

Reading file results/clustering/cdr/r3_comp_zikv/cdr3_clusters/0d9dd63a-1076-4a24-b4d1-b7973c99a04d-IGK.fasta 100%
246 nt in 9 seqs, min 19, max 31, avg 27
minseqlength 6: 8 sequences discarded.
Masking 100%
Sorting by length 100%
Counting k-mers 100%
Clustering 100%
Sorting clusters 100%
Writing clusters 100%
Clusters: 7 Size min 1, max 2, avg 1.3
Singletons: 5, 55.6% of seqs, 71.4% of clusters
Multiple alignments 100%
vsearch v2.30.0_linux_x86_64, 94.1GB RAM, 24 cores
https://github.com/torognes/vsearch

Reading file results/clustering/cdr/r3_comp_zikv/cdr3_clusters/4dedb596-11e2-41f0-8928-3a98727e2a7f-IGK.fasta 100%
0 nt in 0 seqs
minseqlength 6: 10 sequences discarded.
Masking 100%
Sorting by length 100%
Counting k-mers 100%
Clustering 100%
Sorting clusters 100%
Writing clusters 100%
Clusters: 0
Singletons: 0
Multiple alignments 100%
vsearch v2.30.0_linux_x86_64, 94.1GB RAM, 24 cores
https://github.com/torognes/vsearch

Reading file results/clustering/cdr/r3_comp_zikv/cdr3_clusters/8238a850-b832-457a-bd82-a9ff1ad961c1-IGK.fasta 100%
168 nt in 4 seqs, min 27, max 57, avg 42
minseqlength 6: 84 sequences discarded.
Masking 100%
Sorting by length 100%
Counting k-mers 100%
Clustering 100%
Sorting clusters 100%
Writing clusters 100%
Clusters: 4 Size min 1, max 1, avg 1.0
Singletons: 4, 100.0% of seqs, 100.0% of clusters
Multiple alignments 100%
vsearch v2.30.0_linux_x86_64, 94.1GB RAM, 24 cores
https://github.com/torognes/vsearch

Reading file results/clustering/cdr/r3_comp_zikv/cdr3_clusters/00f02a4e-0895-4dc6-bb83-a7107a55409e-IGH.fasta 100%
239 nt in 5 seqs, min 45, max 51, avg 48
Masking 100%
Sorting by length 100%
Counting k-mers 100%
Clustering 100%
Sorting clusters 100%
Writing clusters 100%
Clusters: 4 Size min 1, max 2, avg 1.2
Singletons: 3, 60.0% of seqs, 75.0% of clusters
Multiple alignments 100%
vsearch v2.30.0_linux_x86_64, 94.1GB RAM, 24 cores
https://github.com/torognes/vsearch

Reading file results/clustering/cdr/r3_comp_zikv/cdr3_clusters/08dfbd06-51aa-48ca-935c-5f0d5f85fba4-IGK.fasta 100%
0 nt in 0 seqs
minseqlength 6: 1 sequence discarded.
Masking 100%
Sorting by length 100%
Counting k-mers 100%
Clustering 100%
Sorting clusters 100%
Writing clusters 100%
Clusters: 0
Singletons: 0
Multiple alignments 100%
vsearch v2.30.0_linux_x86_64, 94.1GB RAM, 24 cores
https://github.com/torognes/vsearch

Reading file results/clustering/cdr/r3_comp_zikv/cdr3_clusters/10fba4da-37fb-459f-aad8-f28bf9c81bc6-IGH.fasta 100%
2128 nt in 60 seqs, min 23, max 62, avg 35
Masking 100%
Sorting by length 100%
Counting k-mers 100%
Clustering 100%
Sorting clusters 100%
Writing clusters 100%
Clusters: 56 Size min 1, max 2, avg 1.1
Singletons: 52, 86.7% of seqs, 92.9% of clusters
Multiple alignments 100%
vsearch v2.30.0_linux_x86_64, 94.1GB RAM, 24 cores
https://github.com/torognes/vsearch

Reading file results/clustering/cdr/r3_comp_zikv/cdr3_clusters/acebca8a-16b5-468c-9140-918d319cf0d1-IGH.fasta 100%
698 nt in 19 seqs, min 21, max 53, avg 37
Masking 100%
Sorting by length 100%
Counting k-mers 100%
Clustering 100%
Sorting clusters 100%
Writing clusters 100%
Clusters: 19 Size min 1, max 1, avg 1.0
Singletons: 19, 100.0% of seqs, 100.0% of clusters
Multiple alignments 100%
vsearch v2.30.0_linux_x86_64, 94.1GB RAM, 24 cores
https://github.com/torognes/vsearch

Reading file results/clustering/cdr/r3_comp_zikv/cdr3_clusters/04d34d28-57c4-49a3-8308-e23645120c85-IGH.fasta 100%
544 nt in 15 seqs, min 20, max 42, avg 36
Masking 100%
Sorting by length 100%
Counting k-mers 100%
Clustering 100%
Sorting clusters 100%
Writing clusters 100%
Clusters: 14 Size min 1, max 2, avg 1.1
Singletons: 13, 86.7% of seqs, 92.9% of clusters
Multiple alignments 100%
vsearch v2.30.0_linux_x86_64, 94.1GB RAM, 24 cores
https://github.com/torognes/vsearch

Reading file results/clustering/cdr/r3_comp_zikv/cdr3_clusters/dc6dd365-0859-41db-a291-bb33a7e06b05-IGK.fasta 100%
108 nt in 4 seqs, min 24, max 30, avg 27
minseqlength 6: 8 sequences discarded.
Masking 100%
Sorting by length 100%
Counting k-mers 100%
Clustering 100%
Sorting clusters 100%
Writing clusters 100%
Clusters: 4 Size min 1, max 1, avg 1.0
Singletons: 4, 100.0% of seqs, 100.0% of clusters
Multiple alignments 100%
vsearch v2.30.0_linux_x86_64, 94.1GB RAM, 24 cores
https://github.com/torognes/vsearch

Reading file results/clustering/cdr/r3_comp_zikv/cdr3_clusters/ed8ee16e-de63-41df-9b20-6de7e4c501db-IGH.fasta 100%
0 nt in 0 seqs
minseqlength 6: 9 sequences discarded.
Masking 100%
Sorting by length 100%
Counting k-mers 100%
Clustering 100%
Sorting clusters 100%
Writing clusters 100%
Clusters: 0
Singletons: 0
Multiple alignments 100%
vsearch v2.30.0_linux_x86_64, 94.1GB RAM, 24 cores
https://github.com/torognes/vsearch

Reading file results/clustering/cdr/r3_comp_zikv/cdr3_clusters/bd0d1398-a655-4be1-be2d-f4800d02d247-IGH.fasta 100%
32 nt in 1 seqs, min 32, max 32, avg 32
minseqlength 6: 5 sequences discarded.
Masking 100%
Sorting by length 100%
Counting k-mers 100%
Clustering 100%
Sorting clusters 100%
Writing clusters 100%
Clusters: 1 Size min 1, max 1, avg 1.0
Singletons: 1, 100.0% of seqs, 100.0% of clusters
Multiple alignments 100%
vsearch v2.30.0_linux_x86_64, 94.1GB RAM, 24 cores
https://github.com/torognes/vsearch

Reading file results/clustering/cdr/r3_comp_zikv/cdr3_clusters/cc3f6c0b-f867-4120-b586-5bed66a03857-IGK.fasta 100%
0 nt in 0 seqs
minseqlength 6: 14 sequences discarded.
Masking 100%
Sorting by length 100%
Counting k-mers 100%
Clustering 100%
Sorting clusters 100%
Writing clusters 100%
Clusters: 0
Singletons: 0
Multiple alignments 100%
vsearch v2.30.0_linux_x86_64, 94.1GB RAM, 24 cores
https://github.com/torognes/vsearch

Reading file results/clustering/cdr/r3_comp_zikv/cdr3_clusters/4dc28953-5b55-43b4-8f32-5988986353ec-IGK.fasta 100%
407 nt in 15 seqs, min 25, max 30, avg 27
Masking 100%
Sorting by length 100%
Counting k-mers 100%
Clustering 100%
Sorting clusters 100%
Writing clusters 100%
Clusters: 14 Size min 1, max 2, avg 1.1
Singletons: 13, 86.7% of seqs, 92.9% of clusters
Multiple alignments 100%
vsearch v2.30.0_linux_x86_64, 94.1GB RAM, 24 cores
https://github.com/torognes/vsearch

Reading file results/clustering/cdr/r3_comp_zikv/cdr3_clusters/88a4750b-c745-434f-8fef-1f8841dc1bd6-IGK.fasta 100%
0 nt in 0 seqs
minseqlength 6: 4 sequences discarded.
Masking 100%
Sorting by length 100%
Counting k-mers 100%
Clustering 100%
Sorting clusters 100%
Writing clusters 100%
Clusters: 0
Singletons: 0
Multiple alignments 100%
vsearch v2.30.0_linux_x86_64, 94.1GB RAM, 24 cores
https://github.com/torognes/vsearch

Reading file results/clustering/cdr/r3_comp_zikv/cdr3_clusters/f914c55f-6b42-4a44-a8aa-b91382a30af9-IGH.fasta 100%
244 nt in 5 seqs, min 42, max 57, avg 49
minseqlength 6: 1 sequence discarded.
Masking 100%
Sorting by length 100%
Counting k-mers 100%
Clustering 100%
Sorting clusters 100%
Writing clusters 100%
Clusters: 5 Size min 1, max 1, avg 1.0
Singletons: 5, 100.0% of seqs, 100.0% of clusters
Multiple alignments 100%
vsearch v2.30.0_linux_x86_64, 94.1GB RAM, 24 cores
https://github.com/torognes/vsearch

Reading file results/clustering/cdr/r3_comp_zikv/cdr3_clusters/00777eaa-9daf-494d-94fb-620fc050bf06-IGK.fasta 100%
236 nt in 9 seqs, min 16, max 30, avg 26
Masking 100%
Sorting by length 100%
Counting k-mers 100%
Clustering 100%
Sorting clusters 100%
Writing clusters 100%
Clusters: 9 Size min 1, max 1, avg 1.0
Singletons: 9, 100.0% of seqs, 100.0% of clusters
Multiple alignments 100%
vsearch v2.30.0_linux_x86_64, 94.1GB RAM, 24 cores
https://github.com/torognes/vsearch

Reading file results/clustering/cdr/r3_comp_zikv/cdr3_clusters/48ab0b0b-0c8c-4ad3-86c3-3917ed150b7d-IGH.fasta 100%
57 nt in 1 seqs, min 57, max 57, avg 57
minseqlength 6: 3 sequences discarded.
Masking 100%
Sorting by length 100%
Counting k-mers 100%
Clustering 100%
Sorting clusters 100%
Writing clusters 100%
Clusters: 1 Size min 1, max 1, avg 1.0
Singletons: 1, 100.0% of seqs, 100.0% of clusters
Multiple alignments 100%
vsearch v2.30.0_linux_x86_64, 94.1GB RAM, 24 cores
https://github.com/torognes/vsearch

Reading file results/clustering/cdr/r3_comp_zikv/cdr3_clusters/c7c09844-ab22-4c1c-8584-c87710b159d7-IGK.fasta 100%
0 nt in 0 seqs
minseqlength 6: 7 sequences discarded.
Masking 100%
Sorting by length 100%
Counting k-mers 100%
Clustering 100%
Sorting clusters 100%
Writing clusters 100%
Clusters: 0
Singletons: 0
Multiple alignments 100%
vsearch v2.30.0_linux_x86_64, 94.1GB RAM, 24 cores
https://github.com/torognes/vsearch

Reading file results/clustering/cdr/r3_comp_zikv/cdr3_clusters/2480854e-5986-4c67-a2d1-03c8ea6994b1-IGH.fasta 100%
0 nt in 0 seqs
minseqlength 6: 1 sequence discarded.
Masking 100%
Sorting by length 100%
Counting k-mers 100%
Clustering 100%
Sorting clusters 100%
Writing clusters 100%
Clusters: 0
Singletons: 0
Multiple alignments 100%
vsearch v2.30.0_linux_x86_64, 94.1GB RAM, 24 cores
https://github.com/torognes/vsearch

Reading file results/clustering/cdr/r3_comp_zikv/cdr3_clusters/89230f4c-b1d8-44af-aff2-dbde047eb454-IGK.fasta 100%
1010 nt in 38 seqs, min 21, max 33, avg 27
Masking 100%
Sorting by length 100%
Counting k-mers 100%
Clustering 100%
Sorting clusters 100%
Writing clusters 100%
Clusters: 37 Size min 1, max 2, avg 1.0
Singletons: 36, 94.7% of seqs, 97.3% of clusters
Multiple alignments 100%
vsearch v2.30.0_linux_x86_64, 94.1GB RAM, 24 cores
https://github.com/torognes/vsearch

Reading file results/clustering/cdr/r3_comp_zikv/cdr3_clusters/0187bfa3-e16c-4a88-9330-510d3865dfe6-IGK.fasta 100%
0 nt in 0 seqs
minseqlength 6: 8 sequences discarded.
Masking 100%
Sorting by length 100%
Counting k-mers 100%
Clustering 100%
Sorting clusters 100%
Writing clusters 100%
Clusters: 0
Singletons: 0
Multiple alignments 100%
vsearch v2.30.0_linux_x86_64, 94.1GB RAM, 24 cores
https://github.com/torognes/vsearch

Reading file results/clustering/cdr/r3_comp_zikv/cdr3_clusters/7568dd6e-cfb8-41b2-a4e6-accc9d1da223-IGH.fasta 100%
309 nt in 5 seqs, min 59, max 63, avg 62
Masking 100%
Sorting by length 100%
Counting k-mers 100%
Clustering 100%
Sorting clusters 100%
Writing clusters 100%
Clusters: 2 Size min 1, max 4, avg 2.5
Singletons: 1, 20.0% of seqs, 50.0% of clusters
Multiple alignments 100%
vsearch v2.30.0_linux_x86_64, 94.1GB RAM, 24 cores
https://github.com/torognes/vsearch

Reading file results/clustering/cdr/r3_comp_zikv/cdr3_clusters/044c1689-25e7-4813-b8d3-fe77ec92dbd0-IGH.fasta 100%
0 nt in 0 seqs
minseqlength 6: 19 sequences discarded.
Masking 100%
Sorting by length 100%
Counting k-mers 100%
Clustering 100%
Sorting clusters 100%
Writing clusters 100%
Clusters: 0
Singletons: 0
Multiple alignments 100%
vsearch v2.30.0_linux_x86_64, 94.1GB RAM, 24 cores
https://github.com/torognes/vsearch

Reading file results/clustering/cdr/r3_comp_zikv/cdr3_clusters/15c83ea5-97db-495d-845d-ded863a7f2bb-IGH.fasta 100%
234 nt in 5 seqs, min 30, max 77, avg 47
minseqlength 6: 2 sequences discarded.
Masking 100%
Sorting by length 100%
Counting k-mers 100%
Clustering 100%
Sorting clusters 100%
Writing clusters 100%
Clusters: 5 Size min 1, max 1, avg 1.0
Singletons: 5, 100.0% of seqs, 100.0% of clusters
Multiple alignments 100%
vsearch v2.30.0_linux_x86_64, 94.1GB RAM, 24 cores
https://github.com/torognes/vsearch

Reading file results/clustering/cdr/r3_comp_zikv/cdr3_clusters/2f03bf79-31fc-4d6e-977c-0e886f821d92-IGK.fasta 100%
238 nt in 9 seqs, min 23, max 28, avg 26
minseqlength 6: 31 sequences discarded.
Masking 100%
Sorting by length 100%
Counting k-mers 100%
Clustering 100%
Sorting clusters 100%
Writing clusters 100%
Clusters: 6 Size min 1, max 4, avg 1.5
Singletons: 5, 55.6% of seqs, 83.3% of clusters
Multiple alignments 100%
vsearch v2.30.0_linux_x86_64, 94.1GB RAM, 24 cores
https://github.com/torognes/vsearch

Reading file results/clustering/cdr/r3_comp_zikv/cdr3_clusters/b720aa46-ff80-4d60-b23f-48a8e79aa2a0-IGH.fasta 100%
0 nt in 0 seqs
minseqlength 6: 5 sequences discarded.
Masking 100%
Sorting by length 100%
Counting k-mers 100%
Clustering 100%
Sorting clusters 100%
Writing clusters 100%
Clusters: 0
Singletons: 0
Multiple alignments 100%
vsearch v2.30.0_linux_x86_64, 94.1GB RAM, 24 cores
https://github.com/torognes/vsearch

Reading file results/clustering/cdr/r3_comp_zikv/cdr3_clusters/797ca09b-ded4-4c8b-a9ad-8fecd5f70534-IGK.fasta 100%
0 nt in 0 seqs
minseqlength 6: 4 sequences discarded.
Masking 100%
Sorting by length 100%
Counting k-mers 100%
Clustering 100%
Sorting clusters 100%
Writing clusters 100%
Clusters: 0
Singletons: 0
Multiple alignments 100%
vsearch v2.30.0_linux_x86_64, 94.1GB RAM, 24 cores
https://github.com/torognes/vsearch

Reading file results/clustering/cdr/r3_comp_zikv/cdr3_clusters/b8f52887-8936-40f4-bfe3-88dad8b62904-IGH.fasta 100%
564 nt in 13 seqs, min 30, max 56, avg 43
Masking 100%
Sorting by length 100%
Counting k-mers 100%
Clustering 100%
Sorting clusters 100%
Writing clusters 100%
Clusters: 13 Size min 1, max 1, avg 1.0
Singletons: 13, 100.0% of seqs, 100.0% of clusters
Multiple alignments 100%
vsearch v2.30.0_linux_x86_64, 94.1GB RAM, 24 cores
https://github.com/torognes/vsearch

Reading file results/clustering/cdr/r3_comp_zikv/cdr3_clusters/48dfced1-2328-4b69-a2c5-eb3720d6692c-IGH.fasta 100%
247 nt in 6 seqs, min 27, max 60, avg 41
Masking 100%
Sorting by length 100%
Counting k-mers 100%
Clustering 100%
Sorting clusters 100%
Writing clusters 100%
Clusters: 6 Size min 1, max 1, avg 1.0
Singletons: 6, 100.0% of seqs, 100.0% of clusters
Multiple alignments 100%
vsearch v2.30.0_linux_x86_64, 94.1GB RAM, 24 cores
https://github.com/torognes/vsearch

Reading file results/clustering/cdr/r3_comp_zikv/cdr3_clusters/0966bc5f-ca5b-4cfc-b706-db70b3a7b31e-IGH.fasta 100%
182 nt in 2 seqs, min 53, max 129, avg 91
minseqlength 6: 38 sequences discarded.
Masking 100%
Sorting by length 100%
Counting k-mers 100%
Clustering 100%
Sorting clusters 100%
Writing clusters 100%
Clusters: 2 Size min 1, max 1, avg 1.0
Singletons: 2, 100.0% of seqs, 100.0% of clusters
Multiple alignments 100%
vsearch v2.30.0_linux_x86_64, 94.1GB RAM, 24 cores
https://github.com/torognes/vsearch

Reading file results/clustering/cdr/r3_comp_zikv/cdr3_clusters/5d61d78e-c4df-4b89-a4c2-1bf150a0d2ad-IGK.fasta 100%
0 nt in 0 seqs
minseqlength 6: 1 sequence discarded.
Masking 100%
Sorting by length 100%
Counting k-mers 100%
Clustering 100%
Sorting clusters 100%
Writing clusters 100%
Clusters: 0
Singletons: 0
Multiple alignments 100%
vsearch v2.30.0_linux_x86_64, 94.1GB RAM, 24 cores
https://github.com/torognes/vsearch

Reading file results/clustering/cdr/r3_comp_zikv/cdr3_clusters/72740095-6804-4d46-aedd-c6c52e7f22bb-IGH.fasta 100%
4089 nt in 76 seqs, min 31, max 79, avg 54
Masking 100%
Sorting by length 100%
Counting k-mers 100%
Clustering 100%
Sorting clusters 100%
Writing clusters 100%
Clusters: 73 Size min 1, max 2, avg 1.0
Singletons: 70, 92.1% of seqs, 95.9% of clusters
Multiple alignments 100%
vsearch v2.30.0_linux_x86_64, 94.1GB RAM, 24 cores
https://github.com/torognes/vsearch

Reading file results/clustering/cdr/r3_comp_zikv/cdr3_clusters/9fc6f779-dec8-4409-8b87-6675a2ebdfe3-IGH.fasta 100%
894 nt in 26 seqs, min 21, max 47, avg 34
Masking 100%
Sorting by length 100%
Counting k-mers 100%
Clustering 100%
Sorting clusters 100%
Writing clusters 100%
Clusters: 21 Size min 1, max 3, avg 1.2
Singletons: 18, 69.2% of seqs, 85.7% of clusters
Multiple alignments 100%
vsearch v2.30.0_linux_x86_64, 94.1GB RAM, 24 cores
https://github.com/torognes/vsearch

Reading file results/clustering/cdr/r3_comp_zikv/cdr3_clusters/4055c080-6e69-464f-a032-25bd8d6ca611-IGH.fasta 100%
0 nt in 0 seqs
minseqlength 6: 7 sequences discarded.
Masking 100%
Sorting by length 100%
Counting k-mers 100%
Clustering 100%
Sorting clusters 100%
Writing clusters 100%
Clusters: 0
Singletons: 0
Multiple alignments 100%
vsearch v2.30.0_linux_x86_64, 94.1GB RAM, 24 cores
https://github.com/torognes/vsearch

Reading file results/clustering/cdr/r3_comp_zikv/cdr3_clusters/4efa31e6-d55d-4e46-87d0-005d97d8dea2-IGK.fasta 100%
0 nt in 0 seqs
minseqlength 6: 1 sequence discarded.
Masking 100%
Sorting by length 100%
Counting k-mers 100%
Clustering 100%
Sorting clusters 100%
Writing clusters 100%
Clusters: 0
Singletons: 0
Multiple alignments 100%
vsearch v2.30.0_linux_x86_64, 94.1GB RAM, 24 cores
https://github.com/torognes/vsearch

Reading file results/clustering/cdr/r3_comp_zikv/cdr3_clusters/27e24455-4012-4fc7-b879-71146562199a-IGH.fasta 100%
198 nt in 5 seqs, min 31, max 54, avg 40
Masking 100%
Sorting by length 100%
Counting k-mers 100%
Clustering 100%
Sorting clusters 100%
Writing clusters 100%
Clusters: 5 Size min 1, max 1, avg 1.0
Singletons: 5, 100.0% of seqs, 100.0% of clusters
Multiple alignments 100%
vsearch v2.30.0_linux_x86_64, 94.1GB RAM, 24 cores
https://github.com/torognes/vsearch

Reading file results/clustering/cdr/r3_comp_zikv/cdr3_clusters/8f7275ce-3147-4078-a88d-79450c07c275-IGK.fasta 100%
154 nt in 5 seqs, min 27, max 36, avg 31
minseqlength 6: 1 sequence discarded.
Masking 100%
Sorting by length 100%
Counting k-mers 100%
Clustering 100%
Sorting clusters 100%
Writing clusters 100%
Clusters: 5 Size min 1, max 1, avg 1.0
Singletons: 5, 100.0% of seqs, 100.0% of clusters
Multiple alignments 100%
vsearch v2.30.0_linux_x86_64, 94.1GB RAM, 24 cores
https://github.com/torognes/vsearch

Reading file results/clustering/cdr/r3_comp_zikv/cdr3_clusters/1c6905a2-764d-436c-9433-65de4fa528c5-IGH.fasta 100%
0 nt in 0 seqs
minseqlength 6: 9 sequences discarded.
Masking 100%
Sorting by length 100%
Counting k-mers 100%
Clustering 100%
Sorting clusters 100%
Writing clusters 100%
Clusters: 0
Singletons: 0
Multiple alignments 100%
vsearch v2.30.0_linux_x86_64, 94.1GB RAM, 24 cores
https://github.com/torognes/vsearch

Reading file results/clustering/cdr/r3_comp_zikv/cdr3_clusters/b02fc2a6-58e1-432b-8982-50161c106d3b-IGH.fasta 100%
364 nt in 6 seqs, min 39, max 123, avg 61
Masking 100%
Sorting by length 100%
Counting k-mers 100%
Clustering 100%
Sorting clusters 100%
Writing clusters 100%
Clusters: 6 Size min 1, max 1, avg 1.0
Singletons: 6, 100.0% of seqs, 100.0% of clusters
Multiple alignments 100%
vsearch v2.30.0_linux_x86_64, 94.1GB RAM, 24 cores
https://github.com/torognes/vsearch

Reading file results/clustering/cdr/r3_comp_zikv/cdr3_clusters/62690c83-f26a-4f8f-93ef-cbe3ccf863ba-IGK.fasta 100%
2595 nt in 91 seqs, min 18, max 48, avg 29
Masking 100%
Sorting by length 100%
Counting k-mers 100%
Clustering 100%
Sorting clusters 100%
Writing clusters 100%
Clusters: 52 Size min 1, max 7, avg 1.8
Singletons: 35, 38.5% of seqs, 67.3% of clusters
Multiple alignments 100%
vsearch v2.30.0_linux_x86_64, 94.1GB RAM, 24 cores
https://github.com/torognes/vsearch

Reading file results/clustering/cdr/r3_comp_zikv/cdr3_clusters/00d8539b-37bf-4f39-a139-222e9cf9cc5b-IGH.fasta 100%
261 nt in 5 seqs, min 39, max 68, avg 52
Masking 100%
Sorting by length 100%
Counting k-mers 100%
Clustering 100%
Sorting clusters 100%
Writing clusters 100%
Clusters: 5 Size min 1, max 1, avg 1.0
Singletons: 5, 100.0% of seqs, 100.0% of clusters
Multiple alignments 100%
vsearch v2.30.0_linux_x86_64, 94.1GB RAM, 24 cores
https://github.com/torognes/vsearch

Reading file results/clustering/cdr/r3_comp_zikv/cdr3_clusters/0d0bbca9-76b9-41fa-abde-18f66e987237-IGH.fasta 100%
1690 nt in 48 seqs, min 14, max 51, avg 35
Masking 100%
Sorting by length 100%
Counting k-mers 100%
Clustering 100%
Sorting clusters 100%
Writing clusters 100%
Clusters: 46 Size min 1, max 2, avg 1.0
Singletons: 44, 91.7% of seqs, 95.7% of clusters
Multiple alignments 100%
vsearch v2.30.0_linux_x86_64, 94.1GB RAM, 24 cores
https://github.com/torognes/vsearch

Reading file results/clustering/cdr/r3_comp_zikv/cdr3_clusters/2bfecf6b-9555-4e94-9d9f-86619a20a1a5-IGH.fasta 100%
830 nt in 21 seqs, min 18, max 58, avg 40
Masking 100%
Sorting by length 100%
Counting k-mers 100%
Clustering 100%
Sorting clusters 100%
Writing clusters 100%
Clusters: 20 Size min 1, max 2, avg 1.1
Singletons: 19, 90.5% of seqs, 95.0% of clusters
Multiple alignments 100%
vsearch v2.30.0_linux_x86_64, 94.1GB RAM, 24 cores
https://github.com/torognes/vsearch

Reading file results/clustering/cdr/r3_comp_zikv/cdr3_clusters/de1accc3-e9b4-4b44-b495-5292d547f939-IGK.fasta 100%
145 nt in 5 seqs, min 27, max 35, avg 29
Masking 100%
Sorting by length 100%
Counting k-mers 100%
Clustering 100%
Sorting clusters 100%
Writing clusters 100%
Clusters: 4 Size min 1, max 2, avg 1.2
Singletons: 3, 60.0% of seqs, 75.0% of clusters
Multiple alignments 100%
vsearch v2.30.0_linux_x86_64, 94.1GB RAM, 24 cores
https://github.com/torognes/vsearch

Reading file results/clustering/cdr/r3_comp_zikv/cdr3_clusters/cc74e49f-1e27-402b-a0b1-9b16b9654fa6-IGK.fasta 100%
316 nt in 12 seqs, min 23, max 27, avg 26
Masking 100%
Sorting by length 100%
Counting k-mers 100%
Clustering 100%
Sorting clusters 100%
Writing clusters 100%
Clusters: 11 Size min 1, max 2, avg 1.1
Singletons: 10, 83.3% of seqs, 90.9% of clusters
Multiple alignments 100%
vsearch v2.30.0_linux_x86_64, 94.1GB RAM, 24 cores
https://github.com/torognes/vsearch

Reading file results/clustering/cdr/r3_comp_zikv/cdr3_clusters/55e3a8ec-e43b-4736-9a63-18d0d14e199c-IGH.fasta 100%
2307 nt in 56 seqs, min 24, max 65, avg 41
Masking 100%
Sorting by length 100%
Counting k-mers 100%
Clustering 100%
Sorting clusters 100%
Writing clusters 100%
Clusters: 51 Size min 1, max 4, avg 1.1
Singletons: 48, 85.7% of seqs, 94.1% of clusters
Multiple alignments 100%
vsearch v2.30.0_linux_x86_64, 94.1GB RAM, 24 cores
https://github.com/torognes/vsearch

Reading file results/clustering/cdr/r3_comp_zikv/cdr3_clusters/cc311e56-7b95-48f3-b207-cb0cc71b2c37-IGK.fasta 100%
0 nt in 0 seqs
minseqlength 6: 1 sequence discarded.
Masking 100%
Sorting by length 100%
Counting k-mers 100%
Clustering 100%
Sorting clusters 100%
Writing clusters 100%
Clusters: 0
Singletons: 0
Multiple alignments 100%
vsearch v2.30.0_linux_x86_64, 94.1GB RAM, 24 cores
https://github.com/torognes/vsearch

Reading file results/clustering/cdr/r3_comp_zikv/cdr3_clusters/6a539d61-1378-41c7-97a7-58e1469b10bb-IGK.fasta 100%
0 nt in 0 seqs
minseqlength 6: 1 sequence discarded.
Masking 100%
Sorting by length 100%
Counting k-mers 100%
Clustering 100%
Sorting clusters 100%
Writing clusters 100%
Clusters: 0
Singletons: 0
Multiple alignments 100%
vsearch v2.30.0_linux_x86_64, 94.1GB RAM, 24 cores
https://github.com/torognes/vsearch

Reading file results/clustering/cdr/r3_comp_zikv/cdr3_clusters/4ffb42db-7442-495e-b737-6b41c653f6e0-IGK.fasta 100%
0 nt in 0 seqs
minseqlength 6: 1 sequence discarded.
Masking 100%
Sorting by length 100%
Counting k-mers 100%
Clustering 100%
Sorting clusters 100%
Writing clusters 100%
Clusters: 0
Singletons: 0
Multiple alignments 100%
vsearch v2.30.0_linux_x86_64, 94.1GB RAM, 24 cores
https://github.com/torognes/vsearch

Reading file results/clustering/cdr/r3_comp_zikv/cdr3_clusters/0ab4ce75-35b4-4c4a-a190-2b11fd5ca3c5-IGH.fasta 100%
0 nt in 0 seqs
minseqlength 6: 10 sequences discarded.
Masking 100%
Sorting by length 100%
Counting k-mers 100%
Clustering 100%
Sorting clusters 100%
Writing clusters 100%
Clusters: 0
Singletons: 0
Multiple alignments 100%
vsearch v2.30.0_linux_x86_64, 94.1GB RAM, 24 cores
https://github.com/torognes/vsearch

Reading file results/clustering/cdr/r3_comp_zikv/cdr3_clusters/4a23ab63-828e-4846-8c2c-e337ee5e2485-IGK.fasta 100%
0 nt in 0 seqs
Masking 100%
Sorting by length 100%
Counting k-mers 100%
Clustering 100%
Sorting clusters 100%
Writing clusters 100%
Clusters: 0
Singletons: 0
Multiple alignments 100%
vsearch v2.30.0_linux_x86_64, 94.1GB RAM, 24 cores
https://github.com/torognes/vsearch

Reading file results/clustering/cdr/r3_comp_zikv/cdr3_clusters/d9639f73-442d-49a0-afc3-1cb36e281738-IGH.fasta 100%
396 nt in 9 seqs, min 33, max 55, avg 44
minseqlength 6: 4 sequences discarded.
Masking 100%
Sorting by length 100%
Counting k-mers 100%
Clustering 100%
Sorting clusters 100%
Writing clusters 100%
Clusters: 9 Size min 1, max 1, avg 1.0
Singletons: 9, 100.0% of seqs, 100.0% of clusters
Multiple alignments 100%
vsearch v2.30.0_linux_x86_64, 94.1GB RAM, 24 cores
https://github.com/torognes/vsearch

Reading file results/clustering/cdr/r3_comp_zikv/cdr3_clusters/66786eec-2069-4197-bf3c-7bcd02fcf634-IGK.fasta 100%
0 nt in 0 seqs
minseqlength 6: 10 sequences discarded.
Masking 100%
Sorting by length 100%
Counting k-mers 100%
Clustering 100%
Sorting clusters 100%
Writing clusters 100%
Clusters: 0
Singletons: 0
Multiple alignments 100%
vsearch v2.30.0_linux_x86_64, 94.1GB RAM, 24 cores
https://github.com/torognes/vsearch

Reading file results/clustering/cdr/r3_comp_zikv/cdr3_clusters/34f1631b-4203-4d52-9cb4-85df19f8c822-IGK.fasta 100%
0 nt in 0 seqs
minseqlength 6: 1 sequence discarded.
Masking 100%
Sorting by length 100%
Counting k-mers 100%
Clustering 100%
Sorting clusters 100%
Writing clusters 100%
Clusters: 0
Singletons: 0
Multiple alignments 100%
vsearch v2.30.0_linux_x86_64, 94.1GB RAM, 24 cores
https://github.com/torognes/vsearch

Reading file results/clustering/cdr/r3_comp_zikv/cdr3_clusters/e4589d8d-16b7-4a7e-beaf-fd49dcabc477-IGH.fasta 100%
0 nt in 0 seqs
Masking 100%
Sorting by length 100%
Counting k-mers 100%
Clustering 100%
Sorting clusters 100%
Writing clusters 100%
Clusters: 0
Singletons: 0
Multiple alignments 100%
vsearch v2.30.0_linux_x86_64, 94.1GB RAM, 24 cores
https://github.com/torognes/vsearch

Reading file results/clustering/cdr/r3_comp_zikv/cdr3_clusters/9a3d9048-b452-422a-ae57-5b2791b3a79f-IGK.fasta 100%
202 nt in 7 seqs, min 25, max 38, avg 29
Masking 100%
Sorting by length 100%
Counting k-mers 100%
Clustering 100%
Sorting clusters 100%
Writing clusters 100%
Clusters: 7 Size min 1, max 1, avg 1.0
Singletons: 7, 100.0% of seqs, 100.0% of clusters
Multiple alignments 100%
vsearch v2.30.0_linux_x86_64, 94.1GB RAM, 24 cores
https://github.com/torognes/vsearch

Reading file results/clustering/cdr/r3_comp_zikv/cdr3_clusters/ae6f0068-c537-47b7-9301-b2cb8f914604-IGK.fasta 100%
136 nt in 5 seqs, min 27, max 28, avg 27
Masking 100%
Sorting by length 100%
Counting k-mers 100%
Clustering 100%
Sorting clusters 100%
Writing clusters 100%
Clusters: 5 Size min 1, max 1, avg 1.0
Singletons: 5, 100.0% of seqs, 100.0% of clusters
Multiple alignments 100%
vsearch v2.30.0_linux_x86_64, 94.1GB RAM, 24 cores
https://github.com/torognes/vsearch

Reading file results/clustering/cdr/r3_comp_zikv/cdr3_clusters/2a7d4e6d-6d62-4b29-9d06-33ebb6dc8c04-IGH.fasta 100%
61 nt in 1 seqs, min 61, max 61, avg 61
minseqlength 6: 34 sequences discarded.
Masking 100%
Sorting by length 100%
Counting k-mers 100%
Clustering 100%
Sorting clusters 100%
Writing clusters 100%
Clusters: 1 Size min 1, max 1, avg 1.0
Singletons: 1, 100.0% of seqs, 100.0% of clusters
Multiple alignments 100%
vsearch v2.30.0_linux_x86_64, 94.1GB RAM, 24 cores
https://github.com/torognes/vsearch

Reading file results/clustering/cdr/r3_comp_zikv/cdr3_clusters/6ea4735c-5052-470c-a669-8aab79068719-IGK.fasta 100%
144 nt in 5 seqs, min 27, max 30, avg 29
Masking 100%
Sorting by length 100%
Counting k-mers 100%
Clustering 100%
Sorting clusters 100%
Writing clusters 100%
Clusters: 4 Size min 1, max 2, avg 1.2
Singletons: 3, 60.0% of seqs, 75.0% of clusters
Multiple alignments 100%
vsearch v2.30.0_linux_x86_64, 94.1GB RAM, 24 cores
https://github.com/torognes/vsearch

Reading file results/clustering/cdr/r3_comp_zikv/cdr3_clusters/09667577-385e-49e5-857a-a83cf8625362-IGK.fasta 100%
848 nt in 31 seqs, min 13, max 49, avg 27
minseqlength 6: 1 sequence discarded.
Masking 100%
Sorting by length 100%
Counting k-mers 100%
Clustering 100%
Sorting clusters 100%
Writing clusters 100%
Clusters: 23 Size min 1, max 3, avg 1.3
Singletons: 18, 58.1% of seqs, 78.3% of clusters
Multiple alignments 100%
vsearch v2.30.0_linux_x86_64, 94.1GB RAM, 24 cores
https://github.com/torognes/vsearch

Reading file results/clustering/cdr/r3_comp_zikv/cdr3_clusters/2fd249da-95a5-4224-9739-3a0876e04833-IGH.fasta 100%
554 nt in 15 seqs, min 24, max 51, avg 37
Masking 100%
Sorting by length 100%
Counting k-mers 100%
Clustering 100%
Sorting clusters 100%
Writing clusters 100%
Clusters: 15 Size min 1, max 1, avg 1.0
Singletons: 15, 100.0% of seqs, 100.0% of clusters
Multiple alignments 100%
vsearch v2.30.0_linux_x86_64, 94.1GB RAM, 24 cores
https://github.com/torognes/vsearch

Reading file results/clustering/cdr/r3_comp_zikv/cdr3_clusters/0d3b388e-b06e-410b-b373-8a35333f3f6f-IGH.fasta 100%
80 nt in 1 seqs, min 80, max 80, avg 80
minseqlength 6: 12 sequences discarded.
Masking 100%
Sorting by length 100%
Counting k-mers 100%
Clustering 100%
Sorting clusters 100%
Writing clusters 100%
Clusters: 1 Size min 1, max 1, avg 1.0
Singletons: 1, 100.0% of seqs, 100.0% of clusters
Multiple alignments 100%
vsearch v2.30.0_linux_x86_64, 94.1GB RAM, 24 cores
https://github.com/torognes/vsearch

Reading file results/clustering/cdr/r3_comp_zikv/cdr3_clusters/cb8cd10d-64a7-48b5-a3fa-6186281dc5f7-IGK.fasta 100%
64 nt in 2 seqs, min 32, max 32, avg 32
minseqlength 6: 28 sequences discarded.
Masking 100%
Sorting by length 100%
Counting k-mers 100%
Clustering 100%
Sorting clusters 100%
Writing clusters 100%
Clusters: 1 Size min 2, max 2, avg 2.0
Singletons: 0, 0.0% of seqs, 0.0% of clusters
Multiple alignments 100%
vsearch v2.30.0_linux_x86_64, 94.1GB RAM, 24 cores
https://github.com/torognes/vsearch

Reading file results/clustering/cdr/r3_comp_zikv/cdr3_clusters/6bdf328e-3ee0-472c-8e90-f85732d8f4c1-IGK.fasta 100%
0 nt in 0 seqs
minseqlength 6: 10 sequences discarded.
Masking 100%
Sorting by length 100%
Counting k-mers 100%
Clustering 100%
Sorting clusters 100%
Writing clusters 100%
Clusters: 0
Singletons: 0
Multiple alignments 100%
vsearch v2.30.0_linux_x86_64, 94.1GB RAM, 24 cores
https://github.com/torognes/vsearch

Reading file results/clustering/cdr/r3_comp_zikv/cdr3_clusters/40838241-b417-491f-bd7b-e4cb030dcd07-IGH.fasta 100%
232 nt in 5 seqs, min 39, max 56, avg 46
Masking 100%
Sorting by length 100%
Counting k-mers 100%
Clustering 100%
Sorting clusters 100%
Writing clusters 100%
Clusters: 4 Size min 1, max 2, avg 1.2
Singletons: 3, 60.0% of seqs, 75.0% of clusters
Multiple alignments 100%
vsearch v2.30.0_linux_x86_64, 94.1GB RAM, 24 cores
https://github.com/torognes/vsearch

Reading file results/clustering/cdr/r3_comp_zikv/cdr3_clusters/b703215a-92c0-49bc-8574-1e11177d5b93-IGK.fasta 100%
0 nt in 0 seqs
Masking 100%
Sorting by length 100%
Counting k-mers 100%
Clustering 100%
Sorting clusters 100%
Writing clusters 100%
Clusters: 0
Singletons: 0
Multiple alignments 100%
vsearch v2.30.0_linux_x86_64, 94.1GB RAM, 24 cores
https://github.com/torognes/vsearch

Reading file results/clustering/cdr/r3_comp_zikv/cdr3_clusters/34d7f7dc-2c9b-47a1-9023-fb126f590185-IGK.fasta 100%
161 nt in 6 seqs, min 25, max 29, avg 27
Masking 100%
Sorting by length 100%
Counting k-mers 100%
Clustering 100%
Sorting clusters 100%
Writing clusters 100%
Clusters: 6 Size min 1, max 1, avg 1.0
Singletons: 6, 100.0% of seqs, 100.0% of clusters
Multiple alignments 100%
vsearch v2.30.0_linux_x86_64, 94.1GB RAM, 24 cores
https://github.com/torognes/vsearch

Reading file results/clustering/cdr/r3_comp_zikv/cdr3_clusters/61c7ac69-b3eb-44a2-9add-2e2f6b69987e-IGK.fasta 100%
0 nt in 0 seqs
minseqlength 6: 5 sequences discarded.
Masking 100%
Sorting by length 100%
Counting k-mers 100%
Clustering 100%
Sorting clusters 100%
Writing clusters 100%
Clusters: 0
Singletons: 0
Multiple alignments 100%
vsearch v2.30.0_linux_x86_64, 94.1GB RAM, 24 cores
https://github.com/torognes/vsearch

Reading file results/clustering/cdr/r3_comp_zikv/cdr3_clusters/ab352c42-6213-407f-8a73-8c98d9763d3b-IGK.fasta 100%
179 nt in 7 seqs, min 18, max 27, avg 26
Masking 100%
Sorting by length 100%
Counting k-mers 100%
Clustering 100%
Sorting clusters 100%
Writing clusters 100%
Clusters: 7 Size min 1, max 1, avg 1.0
Singletons: 7, 100.0% of seqs, 100.0% of clusters
Multiple alignments 100%
vsearch v2.30.0_linux_x86_64, 94.1GB RAM, 24 cores
https://github.com/torognes/vsearch

Reading file results/clustering/cdr/r3_comp_zikv/cdr3_clusters/f99f9b1a-5813-4ad8-98f7-69a88730d12c-IGK.fasta 100%
616 nt in 23 seqs, min 25, max 27, avg 27
Masking 100%
Sorting by length 100%
Counting k-mers 100%
Clustering 100%
Sorting clusters 100%
Writing clusters 100%
Clusters: 22 Size min 1, max 2, avg 1.0
Singletons: 21, 91.3% of seqs, 95.5% of clusters
Multiple alignments 100%
vsearch v2.30.0_linux_x86_64, 94.1GB RAM, 24 cores
https://github.com/torognes/vsearch

Reading file results/clustering/cdr/r3_comp_zikv/cdr3_clusters/04650550-d418-4bb7-a0eb-134671921d1f-IGK.fasta 100%
462 nt in 17 seqs, min 26, max 30, avg 27
Masking 100%
Sorting by length 100%
Counting k-mers 100%
Clustering 100%
Sorting clusters 100%
Writing clusters 100%
Clusters: 14 Size min 1, max 3, avg 1.2
Singletons: 12, 70.6% of seqs, 85.7% of clusters
Multiple alignments 100%
vsearch v2.30.0_linux_x86_64, 94.1GB RAM, 24 cores
https://github.com/torognes/vsearch

Reading file results/clustering/cdr/r3_comp_zikv/cdr3_clusters/1c2d8ed6-0d71-49da-9b5f-08dfd09ce263-IGK.fasta 100%
0 nt in 0 seqs
Masking 100%
Sorting by length 100%
Counting k-mers 100%
Clustering 100%
Sorting clusters 100%
Writing clusters 100%
Clusters: 0
Singletons: 0
Multiple alignments 100%
vsearch v2.30.0_linux_x86_64, 94.1GB RAM, 24 cores
https://github.com/torognes/vsearch

Reading file results/clustering/cdr/r3_comp_zikv/cdr3_clusters/d00a334f-a1d4-4531-967d-834856136150-IGK.fasta 100%
0 nt in 0 seqs
minseqlength 6: 5 sequences discarded.
Masking 100%
Sorting by length 100%
Counting k-mers 100%
Clustering 100%
Sorting clusters 100%
Writing clusters 100%
Clusters: 0
Singletons: 0
Multiple alignments 100%
vsearch v2.30.0_linux_x86_64, 94.1GB RAM, 24 cores
https://github.com/torognes/vsearch

Reading file results/clustering/cdr/r3_comp_zikv/cdr3_clusters/1fcaa1ff-9834-46fc-afcc-4635b07415c3-IGH.fasta 100%
314 nt in 7 seqs, min 38, max 53, avg 45
minseqlength 6: 3 sequences discarded.
Masking 100%
Sorting by length 100%
Counting k-mers 100%
Clustering 100%
Sorting clusters 100%
Writing clusters 100%
Clusters: 7 Size min 1, max 1, avg 1.0
Singletons: 7, 100.0% of seqs, 100.0% of clusters
Multiple alignments 100%
vsearch v2.30.0_linux_x86_64, 94.1GB RAM, 24 cores
https://github.com/torognes/vsearch

Reading file results/clustering/cdr/r3_comp_zikv/cdr3_clusters/3c750aa8-d064-450c-b8bb-fcc93791017b-IGH.fasta 100%
0 nt in 0 seqs
minseqlength 6: 1 sequence discarded.
Masking 100%
Sorting by length 100%
Counting k-mers 100%
Clustering 100%
Sorting clusters 100%
Writing clusters 100%
Clusters: 0
Singletons: 0
Multiple alignments 100%
vsearch v2.30.0_linux_x86_64, 94.1GB RAM, 24 cores
https://github.com/torognes/vsearch

Reading file results/clustering/cdr/r3_comp_zikv/cdr3_clusters/55989c0f-a8e8-47dd-a612-36a3edcb70ab-IGK.fasta 100%
0 nt in 0 seqs
minseqlength 6: 5 sequences discarded.
Masking 100%
Sorting by length 100%
Counting k-mers 100%
Clustering 100%
Sorting clusters 100%
Writing clusters 100%
Clusters: 0
Singletons: 0
Multiple alignments 100%
vsearch v2.30.0_linux_x86_64, 94.1GB RAM, 24 cores
https://github.com/torognes/vsearch

Reading file results/clustering/cdr/r3_comp_zikv/cdr3_clusters/21d8be7d-1980-4331-88aa-3ca5fb400aa0-IGK.fasta 100%
0 nt in 0 seqs
Masking 100%
Sorting by length 100%
Counting k-mers 100%
Clustering 100%
Sorting clusters 100%
Writing clusters 100%
Clusters: 0
Singletons: 0
Multiple alignments 100%
vsearch v2.30.0_linux_x86_64, 94.1GB RAM, 24 cores
https://github.com/torognes/vsearch

Reading file results/clustering/cdr/r3_comp_zikv/cdr3_clusters/caf5fe20-6999-476b-9a43-377b0230a43f-IGK.fasta 100%
157 nt in 6 seqs, min 24, max 33, avg 26
Masking 100%
Sorting by length 100%
Counting k-mers 100%
Clustering 100%
Sorting clusters 100%
Writing clusters 100%
Clusters: 4 Size min 1, max 3, avg 1.5
Singletons: 3, 50.0% of seqs, 75.0% of clusters
Multiple alignments 100%
vsearch v2.30.0_linux_x86_64, 94.1GB RAM, 24 cores
https://github.com/torognes/vsearch

Reading file results/clustering/cdr/r3_comp_zikv/cdr3_clusters/e55fe5ec-efd6-48ee-b185-60a6903129ff-IGK.fasta 100%
0 nt in 0 seqs
minseqlength 6: 6 sequences discarded.
Masking 100%
Sorting by length 100%
Counting k-mers 100%
Clustering 100%
Sorting clusters 100%
Writing clusters 100%
Clusters: 0
Singletons: 0
Multiple alignments 100%
vsearch v2.30.0_linux_x86_64, 94.1GB RAM, 24 cores
https://github.com/torognes/vsearch

Reading file results/clustering/cdr/r3_comp_zikv/cdr3_clusters/3955d3ba-dce8-440c-9fb6-bb17aae10366-IGK.fasta 100%
0 nt in 0 seqs
minseqlength 6: 9 sequences discarded.
Masking 100%
Sorting by length 100%
Counting k-mers 100%
Clustering 100%
Sorting clusters 100%
Writing clusters 100%
Clusters: 0
Singletons: 0
Multiple alignments 100%
vsearch v2.30.0_linux_x86_64, 94.1GB RAM, 24 cores
https://github.com/torognes/vsearch

Reading file results/clustering/cdr/r3_comp_zikv/cdr3_clusters/f755069a-1140-493a-add0-21b48cbd1e00-IGK.fasta 100%
354 nt in 13 seqs, min 25, max 30, avg 27
Masking 100%
Sorting by length 100%
Counting k-mers 100%
Clustering 100%
Sorting clusters 100%
Writing clusters 100%
Clusters: 12 Size min 1, max 2, avg 1.1
Singletons: 11, 84.6% of seqs, 91.7% of clusters
Multiple alignments 100%
vsearch v2.30.0_linux_x86_64, 94.1GB RAM, 24 cores
https://github.com/torognes/vsearch

Reading file results/clustering/cdr/r3_comp_zikv/cdr3_clusters/cb081fbb-34a4-4b3f-9fd2-e63debdb7631-IGK.fasta 100%
327 nt in 10 seqs, min 21, max 67, avg 33
minseqlength 6: 151 sequences discarded.
Masking 100%
Sorting by length 100%
Counting k-mers 100%
Clustering 100%
Sorting clusters 100%
Writing clusters 100%
Clusters: 8 Size min 1, max 3, avg 1.2
Singletons: 7, 70.0% of seqs, 87.5% of clusters
Multiple alignments 100%
vsearch v2.30.0_linux_x86_64, 94.1GB RAM, 24 cores
https://github.com/torognes/vsearch

Reading file results/clustering/cdr/r3_comp_zikv/cdr3_clusters/bbf73bde-d70c-4193-a658-f58e5faad656-IGH.fasta 100%
0 nt in 0 seqs
minseqlength 6: 5 sequences discarded.
Masking 100%
Sorting by length 100%
Counting k-mers 100%
Clustering 100%
Sorting clusters 100%
Writing clusters 100%
Clusters: 0
Singletons: 0
Multiple alignments 100%
vsearch v2.30.0_linux_x86_64, 94.1GB RAM, 24 cores
https://github.com/torognes/vsearch

Reading file results/clustering/cdr/r3_comp_zikv/cdr3_clusters/75321fbe-1bb8-40a3-9e82-dbb7f41f9da7-IGK.fasta 100%
32 nt in 1 seqs, min 32, max 32, avg 32
minseqlength 6: 48 sequences discarded.
Masking 100%
Sorting by length 100%
Counting k-mers 100%
Clustering 100%
Sorting clusters 100%
Writing clusters 100%
Clusters: 1 Size min 1, max 1, avg 1.0
Singletons: 1, 100.0% of seqs, 100.0% of clusters
Multiple alignments 100%
vsearch v2.30.0_linux_x86_64, 94.1GB RAM, 24 cores
https://github.com/torognes/vsearch

Reading file results/clustering/cdr/r3_comp_zikv/cdr3_clusters/d81e16a2-ea70-4bce-a123-ee3ac2f82e22-IGK.fasta 100%
0 nt in 0 seqs
Masking 100%
Sorting by length 100%
Counting k-mers 100%
Clustering 100%
Sorting clusters 100%
Writing clusters 100%
Clusters: 0
Singletons: 0
Multiple alignments 100%
vsearch v2.30.0_linux_x86_64, 94.1GB RAM, 24 cores
https://github.com/torognes/vsearch

Reading file results/clustering/cdr/r3_comp_zikv/cdr3_clusters/b0a8a2f5-4a35-41ba-993e-64d8f45fa370-IGH.fasta 100%
518 nt in 12 seqs, min 27, max 52, avg 43
Masking 100%
Sorting by length 100%
Counting k-mers 100%
Clustering 100%
Sorting clusters 100%
Writing clusters 100%
Clusters: 11 Size min 1, max 2, avg 1.1
Singletons: 10, 83.3% of seqs, 90.9% of clusters
Multiple alignments 100%
vsearch v2.30.0_linux_x86_64, 94.1GB RAM, 24 cores
https://github.com/torognes/vsearch

Reading file results/clustering/cdr/r3_comp_zikv/cdr3_clusters/70328a9e-1275-4a65-b89e-25fa2bbc762e-IGH.fasta 100%
0 nt in 0 seqs
Masking 100%
Sorting by length 100%
Counting k-mers 100%
Clustering 100%
Sorting clusters 100%
Writing clusters 100%
Clusters: 0
Singletons: 0
Multiple alignments 100%
vsearch v2.30.0_linux_x86_64, 94.1GB RAM, 24 cores
https://github.com/torognes/vsearch

Reading file results/clustering/cdr/r3_comp_zikv/cdr3_clusters/2d931656-cbee-4cef-a102-462c2dcbe110-IGK.fasta 100%
0 nt in 0 seqs
minseqlength 6: 1 sequence discarded.
Masking 100%
Sorting by length 100%
Counting k-mers 100%
Clustering 100%
Sorting clusters 100%
Writing clusters 100%
Clusters: 0
Singletons: 0
Multiple alignments 100%
vsearch v2.30.0_linux_x86_64, 94.1GB RAM, 24 cores
https://github.com/torognes/vsearch

Reading file results/clustering/cdr/r3_comp_zikv/cdr3_clusters/91228d20-b124-4ab8-9edc-8edfef450454-IGH.fasta 100%
369 nt in 9 seqs, min 37, max 42, avg 41
Masking 100%
Sorting by length 100%
Counting k-mers 100%
Clustering 100%
Sorting clusters 100%
Writing clusters 100%
Clusters: 2 Size min 1, max 8, avg 4.5
Singletons: 1, 11.1% of seqs, 50.0% of clusters
Multiple alignments 100%
vsearch v2.30.0_linux_x86_64, 94.1GB RAM, 24 cores
https://github.com/torognes/vsearch

Reading file results/clustering/cdr/r3_comp_zikv/cdr3_clusters/f9638e50-309a-4c9b-93cb-20272cd9cdbd-IGH.fasta 100%
296 nt in 6 seqs, min 36, max 54, avg 49
minseqlength 6: 12 sequences discarded.
Masking 100%
Sorting by length 100%
Counting k-mers 100%
Clustering 100%
Sorting clusters 100%
Writing clusters 100%
Clusters: 6 Size min 1, max 1, avg 1.0
Singletons: 6, 100.0% of seqs, 100.0% of clusters
Multiple alignments 100%
vsearch v2.30.0_linux_x86_64, 94.1GB RAM, 24 cores
https://github.com/torognes/vsearch

Reading file results/clustering/cdr/r3_comp_zikv/cdr3_clusters/4b66d403-2b23-4763-9f67-2b39c950f1c9-IGK.fasta 100%
338 nt in 13 seqs, min 18, max 30, avg 26
Masking 100%
Sorting by length 100%
Counting k-mers 100%
Clustering 100%
Sorting clusters 100%
Writing clusters 100%
Clusters: 11 Size min 1, max 2, avg 1.2
Singletons: 9, 69.2% of seqs, 81.8% of clusters
Multiple alignments 100%
vsearch v2.30.0_linux_x86_64, 94.1GB RAM, 24 cores
https://github.com/torognes/vsearch

Reading file results/clustering/cdr/r3_comp_zikv/cdr3_clusters/6df9b384-f996-4b60-8966-ead64ee7288b-IGK.fasta 100%
0 nt in 0 seqs
minseqlength 6: 6 sequences discarded.
Masking 100%
Sorting by length 100%
Counting k-mers 100%
Clustering 100%
Sorting clusters 100%
Writing clusters 100%
Clusters: 0
Singletons: 0
Multiple alignments 100%
vsearch v2.30.0_linux_x86_64, 94.1GB RAM, 24 cores
https://github.com/torognes/vsearch

Reading file results/clustering/cdr/r3_comp_zikv/cdr3_clusters/33572ff1-3bd0-477a-be5a-d1f094e91701-IGH.fasta 100%
259 nt in 5 seqs, min 42, max 62, avg 52
Masking 100%
Sorting by length 100%
Counting k-mers 100%
Clustering 100%
Sorting clusters 100%
Writing clusters 100%
Clusters: 5 Size min 1, max 1, avg 1.0
Singletons: 5, 100.0% of seqs, 100.0% of clusters
Multiple alignments 100%
vsearch v2.30.0_linux_x86_64, 94.1GB RAM, 24 cores
https://github.com/torognes/vsearch

Reading file results/clustering/cdr/r3_comp_zikv/cdr3_clusters/16dab1d4-5765-423a-a8c8-007b610e8934-IGK.fasta 100%
174 nt in 6 seqs, min 27, max 30, avg 29
Masking 100%
Sorting by length 100%
Counting k-mers 100%
Clustering 100%
Sorting clusters 100%
Writing clusters 100%
Clusters: 6 Size min 1, max 1, avg 1.0
Singletons: 6, 100.0% of seqs, 100.0% of clusters
Multiple alignments 100%
vsearch v2.30.0_linux_x86_64, 94.1GB RAM, 24 cores
https://github.com/torognes/vsearch

Reading file results/clustering/cdr/r3_comp_zikv/cdr3_clusters/45acca72-2747-465d-a1bd-eb6f566c2883-IGH.fasta 100%
0 nt in 0 seqs
minseqlength 6: 2 sequences discarded.
Masking 100%
Sorting by length 100%
Counting k-mers 100%
Clustering 100%
Sorting clusters 100%
Writing clusters 100%
Clusters: 0
Singletons: 0
Multiple alignments 100%
vsearch v2.30.0_linux_x86_64, 94.1GB RAM, 24 cores
https://github.com/torognes/vsearch

Reading file results/clustering/cdr/r3_comp_zikv/cdr3_clusters/9e7dec33-d433-4976-9c80-4d3f41a5a90e-IGH.fasta 100%
0 nt in 0 seqs
minseqlength 6: 1 sequence discarded.
Masking 100%
Sorting by length 100%
Counting k-mers 100%
Clustering 100%
Sorting clusters 100%
Writing clusters 100%
Clusters: 0
Singletons: 0
Multiple alignments 100%
vsearch v2.30.0_linux_x86_64, 94.1GB RAM, 24 cores
https://github.com/torognes/vsearch

Reading file results/clustering/cdr/r3_comp_zikv/cdr3_clusters/5979b727-a831-41c7-954f-f55ba6e5d80c-IGH.fasta 100%
0 nt in 0 seqs
minseqlength 6: 5 sequences discarded.
Masking 100%
Sorting by length 100%
Counting k-mers 100%
Clustering 100%
Sorting clusters 100%
Writing clusters 100%
Clusters: 0
Singletons: 0
Multiple alignments 100%
vsearch v2.30.0_linux_x86_64, 94.1GB RAM, 24 cores
https://github.com/torognes/vsearch

Reading file results/clustering/cdr/r3_comp_zikv/cdr3_clusters/fb088fbd-6e09-4e1e-8cb0-a986e875e1e5-IGH.fasta 100%
219 nt in 7 seqs, min 18, max 39, avg 31
Masking 100%
Sorting by length 100%
Counting k-mers 100%
Clustering 100%
Sorting clusters 100%
Writing clusters 100%
Clusters: 7 Size min 1, max 1, avg 1.0
Singletons: 7, 100.0% of seqs, 100.0% of clusters
Multiple alignments 100%
vsearch v2.30.0_linux_x86_64, 94.1GB RAM, 24 cores
https://github.com/torognes/vsearch

Reading file results/clustering/cdr/r3_comp_zikv/cdr3_clusters/b49f076f-9a6f-4e04-98a9-9350c195de92-IGK.fasta 100%
0 nt in 0 seqs
minseqlength 6: 2 sequences discarded.
Masking 100%
Sorting by length 100%
Counting k-mers 100%
Clustering 100%
Sorting clusters 100%
Writing clusters 100%
Clusters: 0
Singletons: 0
Multiple alignments 100%
vsearch v2.30.0_linux_x86_64, 94.1GB RAM, 24 cores
https://github.com/torognes/vsearch

Reading file results/clustering/cdr/r3_comp_zikv/cdr3_clusters/eedcadd6-38f3-4717-b370-51f70b995fd4-IGK.fasta 100%
29 nt in 1 seqs, min 29, max 29, avg 29
minseqlength 6: 63 sequences discarded.
Masking 100%
Sorting by length 100%
Counting k-mers 100%
Clustering 100%
Sorting clusters 100%
Writing clusters 100%
Clusters: 1 Size min 1, max 1, avg 1.0
Singletons: 1, 100.0% of seqs, 100.0% of clusters
Multiple alignments 100%
vsearch v2.30.0_linux_x86_64, 94.1GB RAM, 24 cores
https://github.com/torognes/vsearch

Reading file results/clustering/cdr/r3_comp_zikv/cdr3_clusters/a5a5bf3e-9cdf-49f8-b20e-635924aac8bd-IGH.fasta 100%
121 nt in 3 seqs, min 36, max 45, avg 40
minseqlength 6: 5 sequences discarded.
Masking 100%
Sorting by length 100%
Counting k-mers 100%
Clustering 100%
Sorting clusters 100%
Writing clusters 100%
Clusters: 3 Size min 1, max 1, avg 1.0
Singletons: 3, 100.0% of seqs, 100.0% of clusters
Multiple alignments 100%
vsearch v2.30.0_linux_x86_64, 94.1GB RAM, 24 cores
https://github.com/torognes/vsearch

Reading file results/clustering/cdr/r3_comp_zikv/cdr3_clusters/c25a5f49-7e3b-4434-aa2f-9c2e1c848924-IGH.fasta 100%
139 nt in 4 seqs, min 30, max 40, avg 35
minseqlength 6: 1 sequence discarded.
Masking 100%
Sorting by length 100%
Counting k-mers 100%
Clustering 100%
Sorting clusters 100%
Writing clusters 100%
Clusters: 4 Size min 1, max 1, avg 1.0
Singletons: 4, 100.0% of seqs, 100.0% of clusters
Multiple alignments 100%
vsearch v2.30.0_linux_x86_64, 94.1GB RAM, 24 cores
https://github.com/torognes/vsearch

Reading file results/clustering/cdr/r3_comp_zikv/cdr3_clusters/24027d1d-58c5-4c0a-b207-480bf5812d3a-IGK.fasta 100%
0 nt in 0 seqs
minseqlength 6: 7 sequences discarded.
Masking 100%
Sorting by length 100%
Counting k-mers 100%
Clustering 100%
Sorting clusters 100%
Writing clusters 100%
Clusters: 0
Singletons: 0
Multiple alignments 100%
vsearch v2.30.0_linux_x86_64, 94.1GB RAM, 24 cores
https://github.com/torognes/vsearch

Reading file results/clustering/cdr/r3_comp_zikv/cdr3_clusters/67cfda37-1335-4325-97a4-f659aabbc83c-IGH.fasta 100%
661 nt in 14 seqs, min 36, max 66, avg 47
Masking 100%
Sorting by length 100%
Counting k-mers 100%
Clustering 100%
Sorting clusters 100%
Writing clusters 100%
Clusters: 14 Size min 1, max 1, avg 1.0
Singletons: 14, 100.0% of seqs, 100.0% of clusters
Multiple alignments 100%
vsearch v2.30.0_linux_x86_64, 94.1GB RAM, 24 cores
https://github.com/torognes/vsearch

Reading file results/clustering/cdr/r3_comp_zikv/cdr3_clusters/79ec8128-6cbe-43d2-aa7a-2cf9e98f70e5-IGH.fasta 100%
181 nt in 5 seqs, min 33, max 40, avg 36
Masking 100%
Sorting by length 100%
Counting k-mers 100%
Clustering 100%
Sorting clusters 100%
Writing clusters 100%
Clusters: 4 Size min 1, max 2, avg 1.2
Singletons: 3, 60.0% of seqs, 75.0% of clusters
Multiple alignments 100%
vsearch v2.30.0_linux_x86_64, 94.1GB RAM, 24 cores
https://github.com/torognes/vsearch

Reading file results/clustering/cdr/r3_comp_zikv/cdr3_clusters/2d47066c-3abc-4dac-95bb-8e7eb3f58e73-IGK.fasta 100%
160 nt in 6 seqs, min 26, max 27, avg 27
Masking 100%
Sorting by length 100%
Counting k-mers 100%
Clustering 100%
Sorting clusters 100%
Writing clusters 100%
Clusters: 6 Size min 1, max 1, avg 1.0
Singletons: 6, 100.0% of seqs, 100.0% of clusters
Multiple alignments 100%
vsearch v2.30.0_linux_x86_64, 94.1GB RAM, 24 cores
https://github.com/torognes/vsearch

Reading file results/clustering/cdr/r3_comp_zikv/cdr3_clusters/49d22dd4-be4b-4d21-a175-1543b017c31e-IGK.fasta 100%
0 nt in 0 seqs
minseqlength 6: 5 sequences discarded.
Masking 100%
Sorting by length 100%
Counting k-mers 100%
Clustering 100%
Sorting clusters 100%
Writing clusters 100%
Clusters: 0
Singletons: 0
Multiple alignments 100%
vsearch v2.30.0_linux_x86_64, 94.1GB RAM, 24 cores
https://github.com/torognes/vsearch

Reading file results/clustering/cdr/r3_comp_zikv/cdr3_clusters/95428c62-4eec-482d-9a9a-0b05dccb72a0-IGK.fasta 100%
208 nt in 8 seqs, min 21, max 30, avg 26
minseqlength 6: 14 sequences discarded.
Masking 100%
Sorting by length 100%
Counting k-mers 100%
Clustering 100%
Sorting clusters 100%
Writing clusters 100%
Clusters: 7 Size min 1, max 2, avg 1.1
Singletons: 6, 75.0% of seqs, 85.7% of clusters
Multiple alignments 100%
vsearch v2.30.0_linux_x86_64, 94.1GB RAM, 24 cores
https://github.com/torognes/vsearch

Reading file results/clustering/cdr/r3_comp_zikv/cdr3_clusters/5429efbd-a723-43de-9895-de4b062554f8-IGH.fasta 100%
0 nt in 0 seqs
minseqlength 6: 4 sequences discarded.
Masking 100%
Sorting by length 100%
Counting k-mers 100%
Clustering 100%
Sorting clusters 100%
Writing clusters 100%
Clusters: 0
Singletons: 0
Multiple alignments 100%
vsearch v2.30.0_linux_x86_64, 94.1GB RAM, 24 cores
https://github.com/torognes/vsearch

Reading file results/clustering/cdr/r3_comp_zikv/cdr3_clusters/b2cf0573-e76e-40b7-937c-d3d0ed2052b7-IGK.fasta 100%
0 nt in 0 seqs
minseqlength 6: 3 sequences discarded.
Masking 100%
Sorting by length 100%
Counting k-mers 100%
Clustering 100%
Sorting clusters 100%
Writing clusters 100%
Clusters: 0
Singletons: 0
Multiple alignments 100%
vsearch v2.30.0_linux_x86_64, 94.1GB RAM, 24 cores
https://github.com/torognes/vsearch

Reading file results/clustering/cdr/r3_comp_zikv/cdr3_clusters/5c706b29-63b5-43e1-8c18-40285f65cf38-IGK.fasta 100%
0 nt in 0 seqs
minseqlength 6: 3 sequences discarded.
Masking 100%
Sorting by length 100%
Counting k-mers 100%
Clustering 100%
Sorting clusters 100%
Writing clusters 100%
Clusters: 0
Singletons: 0
Multiple alignments 100%
vsearch v2.30.0_linux_x86_64, 94.1GB RAM, 24 cores
https://github.com/torognes/vsearch

Reading file results/clustering/cdr/r3_comp_zikv/cdr3_clusters/74355e7a-ce2f-4ff6-84f5-19706917ebb4-IGK.fasta 100%
527 nt in 20 seqs, min 23, max 30, avg 26
minseqlength 6: 2 sequences discarded.
Masking 100%
Sorting by length 100%
Counting k-mers 100%
Clustering 100%
Sorting clusters 100%
Writing clusters 100%
Clusters: 15 Size min 1, max 3, avg 1.3
Singletons: 12, 60.0% of seqs, 80.0% of clusters
Multiple alignments 100%
vsearch v2.30.0_linux_x86_64, 94.1GB RAM, 24 cores
https://github.com/torognes/vsearch

Reading file results/clustering/cdr/r3_comp_zikv/cdr3_clusters/258a15f8-b19b-4423-badd-4cd33546dcca-IGH.fasta 100%
348 nt in 7 seqs, min 42, max 55, avg 50
Masking 100%
Sorting by length 100%
Counting k-mers 100%
Clustering 100%
Sorting clusters 100%
Writing clusters 100%
Clusters: 7 Size min 1, max 1, avg 1.0
Singletons: 7, 100.0% of seqs, 100.0% of clusters
Multiple alignments 100%
vsearch v2.30.0_linux_x86_64, 94.1GB RAM, 24 cores
https://github.com/torognes/vsearch

Reading file results/clustering/cdr/r3_comp_zikv/cdr3_clusters/3a6fac08-24e5-43c9-8f9d-b05070a0d471-IGK.fasta 100%
0 nt in 0 seqs
Masking 100%
Sorting by length 100%
Counting k-mers 100%
Clustering 100%
Sorting clusters 100%
Writing clusters 100%
Clusters: 0
Singletons: 0
Multiple alignments 100%
vsearch v2.30.0_linux_x86_64, 94.1GB RAM, 24 cores
https://github.com/torognes/vsearch

Reading file results/clustering/cdr/r3_comp_zikv/cdr3_clusters/01cae314-0655-4bc4-86bc-8970135b28be-IGK.fasta 100%
0 nt in 0 seqs
minseqlength 6: 1 sequence discarded.
Masking 100%
Sorting by length 100%
Counting k-mers 100%
Clustering 100%
Sorting clusters 100%
Writing clusters 100%
Clusters: 0
Singletons: 0
Multiple alignments 100%
vsearch v2.30.0_linux_x86_64, 94.1GB RAM, 24 cores
https://github.com/torognes/vsearch

Reading file results/clustering/cdr/r3_comp_zikv/cdr3_clusters/1f3ee6a6-c741-456f-bc41-4a71a4c2b7c6-IGH.fasta 100%
205 nt in 4 seqs, min 21, max 98, avg 51
minseqlength 6: 122 sequences discarded.
Masking 100%
Sorting by length 100%
Counting k-mers 100%
Clustering 100%
Sorting clusters 100%
Writing clusters 100%
Clusters: 4 Size min 1, max 1, avg 1.0
Singletons: 4, 100.0% of seqs, 100.0% of clusters
Multiple alignments 100%
vsearch v2.30.0_linux_x86_64, 94.1GB RAM, 24 cores
https://github.com/torognes/vsearch

Reading file results/clustering/cdr/r3_comp_zikv/cdr3_clusters/ee5071da-f32b-4518-8cfc-d18d1ef56886-IGH.fasta 100%
1195 nt in 27 seqs, min 24, max 60, avg 44
Masking 100%
Sorting by length 100%
Counting k-mers 100%
Clustering 100%
Sorting clusters 100%
Writing clusters 100%
Clusters: 27 Size min 1, max 1, avg 1.0
Singletons: 27, 100.0% of seqs, 100.0% of clusters
Multiple alignments 100%
vsearch v2.30.0_linux_x86_64, 94.1GB RAM, 24 cores
https://github.com/torognes/vsearch

Reading file results/clustering/cdr/r3_comp_zikv/cdr3_clusters/79108823-00de-4668-99f6-6fa65c3a91a0-IGK.fasta 100%
346 nt in 13 seqs, min 21, max 32, avg 27
Masking 100%
Sorting by length 100%
Counting k-mers 100%
Clustering 100%
Sorting clusters 100%
Writing clusters 100%
Clusters: 11 Size min 1, max 3, avg 1.2
Singletons: 10, 76.9% of seqs, 90.9% of clusters
Multiple alignments 100%
vsearch v2.30.0_linux_x86_64, 94.1GB RAM, 24 cores
https://github.com/torognes/vsearch

Reading file results/clustering/cdr/r3_comp_zikv/cdr3_clusters/41eb7d8d-02cc-4970-bd9c-03e5a8164bdd-IGK.fasta 100%
0 nt in 0 seqs
minseqlength 6: 3 sequences discarded.
Masking 100%
Sorting by length 100%
Counting k-mers 100%
Clustering 100%
Sorting clusters 100%
Writing clusters 100%
Clusters: 0
Singletons: 0
Multiple alignments 100%
vsearch v2.30.0_linux_x86_64, 94.1GB RAM, 24 cores
https://github.com/torognes/vsearch

Reading file results/clustering/cdr/r3_comp_zikv/cdr3_clusters/11980679-216b-4224-9b61-05e941cea068-IGH.fasta 100%
57 nt in 1 seqs, min 57, max 57, avg 57
minseqlength 6: 118 sequences discarded.
Masking 100%
Sorting by length 100%
Counting k-mers 100%
Clustering 100%
Sorting clusters 100%
Writing clusters 100%
Clusters: 1 Size min 1, max 1, avg 1.0
Singletons: 1, 100.0% of seqs, 100.0% of clusters
Multiple alignments 100%
vsearch v2.30.0_linux_x86_64, 94.1GB RAM, 24 cores
https://github.com/torognes/vsearch

Reading file results/clustering/cdr/r3_comp_zikv/cdr3_clusters/458c4e64-8044-4412-8085-2d3f86f51ba4-IGK.fasta 100%
0 nt in 0 seqs
minseqlength 6: 13 sequences discarded.
Masking 100%
Sorting by length 100%
Counting k-mers 100%
Clustering 100%
Sorting clusters 100%
Writing clusters 100%
Clusters: 0
Singletons: 0
Multiple alignments 100%
vsearch v2.30.0_linux_x86_64, 94.1GB RAM, 24 cores
https://github.com/torognes/vsearch

Reading file results/clustering/cdr/r3_comp_zikv/cdr3_clusters/5f1206ed-05a3-4b7d-8614-aebc47943ca7-IGH.fasta 100%
0 nt in 0 seqs
minseqlength 6: 6 sequences discarded.
Masking 100%
Sorting by length 100%
Counting k-mers 100%
Clustering 100%
Sorting clusters 100%
Writing clusters 100%
Clusters: 0
Singletons: 0
Multiple alignments 100%
vsearch v2.30.0_linux_x86_64, 94.1GB RAM, 24 cores
https://github.com/torognes/vsearch

Reading file results/clustering/cdr/r3_comp_zikv/cdr3_clusters/d862b7ba-c250-4009-9851-a2e81c0b4764-IGH.fasta 100%
1350 nt in 27 seqs, min 37, max 60, avg 50
Masking 100%
Sorting by length 100%
Counting k-mers 100%
Clustering 100%
Sorting clusters 100%
Writing clusters 100%
Clusters: 24 Size min 1, max 2, avg 1.1
Singletons: 21, 77.8% of seqs, 87.5% of clusters
Multiple alignments 100%
vsearch v2.30.0_linux_x86_64, 94.1GB RAM, 24 cores
https://github.com/torognes/vsearch

Reading file results/clustering/cdr/r3_comp_zikv/cdr3_clusters/04981840-2472-4ad3-9967-fe5ad0ec076e-IGK.fasta 100%
0 nt in 0 seqs
minseqlength 6: 2 sequences discarded.
Masking 100%
Sorting by length 100%
Counting k-mers 100%
Clustering 100%
Sorting clusters 100%
Writing clusters 100%
Clusters: 0
Singletons: 0
Multiple alignments 100%
vsearch v2.30.0_linux_x86_64, 94.1GB RAM, 24 cores
https://github.com/torognes/vsearch

Reading file results/clustering/cdr/r3_comp_zikv/cdr3_clusters/ef73bac7-c306-4732-a7d3-a2060aeb9e22-IGK.fasta 100%
137 nt in 5 seqs, min 20, max 33, avg 27
minseqlength 6: 1 sequence discarded.
Masking 100%
Sorting by length 100%
Counting k-mers 100%
Clustering 100%
Sorting clusters 100%
Writing clusters 100%
Clusters: 4 Size min 1, max 2, avg 1.2
Singletons: 3, 60.0% of seqs, 75.0% of clusters
Multiple alignments 100%
vsearch v2.30.0_linux_x86_64, 94.1GB RAM, 24 cores
https://github.com/torognes/vsearch

Reading file results/clustering/cdr/r3_comp_zikv/cdr3_clusters/f3a973ab-7953-48d5-9da2-852a16b41c50-IGH.fasta 100%
853 nt in 20 seqs, min 29, max 72, avg 43
Masking 100%
Sorting by length 100%
Counting k-mers 100%
Clustering 100%
Sorting clusters 100%
Writing clusters 100%
Clusters: 20 Size min 1, max 1, avg 1.0
Singletons: 20, 100.0% of seqs, 100.0% of clusters
Multiple alignments 100%
vsearch v2.30.0_linux_x86_64, 94.1GB RAM, 24 cores
https://github.com/torognes/vsearch

Reading file results/clustering/cdr/r3_comp_zikv/cdr3_clusters/2c8894e4-be02-4da0-ad9d-adb74e24a8c2-IGH.fasta 100%
0 nt in 0 seqs
minseqlength 6: 2 sequences discarded.
Masking 100%
Sorting by length 100%
Counting k-mers 100%
Clustering 100%
Sorting clusters 100%
Writing clusters 100%
Clusters: 0
Singletons: 0
Multiple alignments 100%
vsearch v2.30.0_linux_x86_64, 94.1GB RAM, 24 cores
https://github.com/torognes/vsearch

Reading file results/clustering/cdr/r3_comp_zikv/cdr3_clusters/33293124-a81c-45aa-b9da-fbc8ab37419c-IGH.fasta 100%
3721 nt in 67 seqs, min 35, max 131, avg 56
Masking 100%
Sorting by length 100%
Counting k-mers 100%
Clustering 100%
Sorting clusters 100%
Writing clusters 100%
Clusters: 66 Size min 1, max 2, avg 1.0
Singletons: 65, 97.0% of seqs, 98.5% of clusters
Multiple alignments 100%
vsearch v2.30.0_linux_x86_64, 94.1GB RAM, 24 cores
https://github.com/torognes/vsearch

Reading file results/clustering/cdr/r3_comp_zikv/cdr3_clusters/21c4c315-ee9f-4cb4-868f-6c1d7cdbd725-IGK.fasta 100%
1205 nt in 44 seqs, min 24, max 30, avg 27
Masking 100%
Sorting by length 100%
Counting k-mers 100%
Clustering 100%
Sorting clusters 100%
Writing clusters 100%
Clusters: 39 Size min 1, max 2, avg 1.1
Singletons: 34, 77.3% of seqs, 87.2% of clusters
Multiple alignments 100%
vsearch v2.30.0_linux_x86_64, 94.1GB RAM, 24 cores
https://github.com/torognes/vsearch

Reading file results/clustering/cdr/r3_comp_zikv/cdr3_clusters/09935cb3-55a7-47c2-8f55-2456c8630595-IGK.fasta 100%
0 nt in 0 seqs
minseqlength 6: 15 sequences discarded.
Masking 100%
Sorting by length 100%
Counting k-mers 100%
Clustering 100%
Sorting clusters 100%
Writing clusters 100%
Clusters: 0
Singletons: 0
Multiple alignments 100%
vsearch v2.30.0_linux_x86_64, 94.1GB RAM, 24 cores
https://github.com/torognes/vsearch

Reading file results/clustering/cdr/r3_comp_zikv/cdr3_clusters/22f7dac1-ccd3-4630-ae79-682172603e90-IGH.fasta 100%
0 nt in 0 seqs
minseqlength 6: 41 sequences discarded.
Masking 100%
Sorting by length 100%
Counting k-mers 100%
Clustering 100%
Sorting clusters 100%
Writing clusters 100%
Clusters: 0
Singletons: 0
Multiple alignments 100%
vsearch v2.30.0_linux_x86_64, 94.1GB RAM, 24 cores
https://github.com/torognes/vsearch

Reading file results/clustering/cdr/r3_comp_zikv/cdr3_clusters/19260232-aa75-42f4-beda-5bf3cfc94d24-IGH.fasta 100%
0 nt in 0 seqs
minseqlength 6: 7 sequences discarded.
Masking 100%
Sorting by length 100%
Counting k-mers 100%
Clustering 100%
Sorting clusters 100%
Writing clusters 100%
Clusters: 0
Singletons: 0
Multiple alignments 100%
vsearch v2.30.0_linux_x86_64, 94.1GB RAM, 24 cores
https://github.com/torognes/vsearch

Reading file results/clustering/cdr/r3_comp_zikv/cdr3_clusters/0cc3a8f5-8c7b-4c45-b93c-4223fbc30f38-IGK.fasta 100%
0 nt in 0 seqs
Masking 100%
Sorting by length 100%
Counting k-mers 100%
Clustering 100%
Sorting clusters 100%
Writing clusters 100%
Clusters: 0
Singletons: 0
Multiple alignments 100%
vsearch v2.30.0_linux_x86_64, 94.1GB RAM, 24 cores
https://github.com/torognes/vsearch

Reading file results/clustering/cdr/r3_comp_zikv/cdr3_clusters/f8482568-a9ab-4635-94cf-fc22c69081e7-IGK.fasta 100%
0 nt in 0 seqs
Masking 100%
Sorting by length 100%
Counting k-mers 100%
Clustering 100%
Sorting clusters 100%
Writing clusters 100%
Clusters: 0
Singletons: 0
Multiple alignments 100%
vsearch v2.30.0_linux_x86_64, 94.1GB RAM, 24 cores
https://github.com/torognes/vsearch

Reading file results/clustering/cdr/r3_comp_zikv/cdr3_clusters/6ad0400a-52ed-4d52-838c-de2b6a088aa0-IGK.fasta 100%
0 nt in 0 seqs
minseqlength 6: 5 sequences discarded.
Masking 100%
Sorting by length 100%
Counting k-mers 100%
Clustering 100%
Sorting clusters 100%
Writing clusters 100%
Clusters: 0
Singletons: 0
Multiple alignments 100%
vsearch v2.30.0_linux_x86_64, 94.1GB RAM, 24 cores
https://github.com/torognes/vsearch

Reading file results/clustering/cdr/r3_comp_zikv/cdr3_clusters/a7ee8b9d-748b-49f4-9cc0-20f1da1fc206-IGK.fasta 100%
75 nt in 3 seqs, min 21, max 27, avg 25
minseqlength 6: 2 sequences discarded.
Masking 100%
Sorting by length 100%
Counting k-mers 100%
Clustering 100%
Sorting clusters 100%
Writing clusters 100%
Clusters: 3 Size min 1, max 1, avg 1.0
Singletons: 3, 100.0% of seqs, 100.0% of clusters
Multiple alignments 100%
vsearch v2.30.0_linux_x86_64, 94.1GB RAM, 24 cores
https://github.com/torognes/vsearch

Reading file results/clustering/cdr/r3_comp_zikv/cdr3_clusters/859dfabc-5859-4cbf-8fe2-ccc11d360637-IGH.fasta 100%
735 nt in 18 seqs, min 30, max 60, avg 41
Masking 100%
Sorting by length 100%
Counting k-mers 100%
Clustering 100%
Sorting clusters 100%
Writing clusters 100%
Clusters: 18 Size min 1, max 1, avg 1.0
Singletons: 18, 100.0% of seqs, 100.0% of clusters
Multiple alignments 100%
vsearch v2.30.0_linux_x86_64, 94.1GB RAM, 24 cores
https://github.com/torognes/vsearch

Reading file results/clustering/cdr/r3_comp_zikv/cdr3_clusters/8b11ac81-5dee-4d62-9c40-3042ded95af2-IGK.fasta 100%
304 nt in 11 seqs, min 24, max 30, avg 28
Masking 100%
Sorting by length 100%
Counting k-mers 100%
Clustering 100%
Sorting clusters 100%
Writing clusters 100%
Clusters: 11 Size min 1, max 1, avg 1.0
Singletons: 11, 100.0% of seqs, 100.0% of clusters
Multiple alignments 100%
vsearch v2.30.0_linux_x86_64, 94.1GB RAM, 24 cores
https://github.com/torognes/vsearch

Reading file results/clustering/cdr/r3_comp_zikv/cdr3_clusters/ba2430ca-73c4-45d8-98c3-f41f56c2c86a-IGH.fasta 100%
365 nt in 8 seqs, min 30, max 68, avg 46
minseqlength 6: 1 sequence discarded.
Masking 100%
Sorting by length 100%
Counting k-mers 100%
Clustering 100%
Sorting clusters 100%
Writing clusters 100%
Clusters: 8 Size min 1, max 1, avg 1.0
Singletons: 8, 100.0% of seqs, 100.0% of clusters
Multiple alignments 100%
vsearch v2.30.0_linux_x86_64, 94.1GB RAM, 24 cores
https://github.com/torognes/vsearch

Reading file results/clustering/cdr/r3_comp_zikv/cdr3_clusters/8f92f67d-43ea-4c0c-ae72-7ed0511a06be-IGK.fasta 100%
0 nt in 0 seqs
minseqlength 6: 11 sequences discarded.
Masking 100%
Sorting by length 100%
Counting k-mers 100%
Clustering 100%
Sorting clusters 100%
Writing clusters 100%
Clusters: 0
Singletons: 0
Multiple alignments 100%
vsearch v2.30.0_linux_x86_64, 94.1GB RAM, 24 cores
https://github.com/torognes/vsearch

Reading file results/clustering/cdr/r3_comp_zikv/cdr3_clusters/4f9b01ea-0c7c-43cf-91a9-b84f321400a1-IGK.fasta 100%
318 nt in 12 seqs, min 23, max 28, avg 26
minseqlength 6: 3 sequences discarded.
Masking 100%
Sorting by length 100%
Counting k-mers 100%
Clustering 100%
Sorting clusters 100%
Writing clusters 100%
Clusters: 12 Size min 1, max 1, avg 1.0
Singletons: 12, 100.0% of seqs, 100.0% of clusters
Multiple alignments 100%
vsearch v2.30.0_linux_x86_64, 94.1GB RAM, 24 cores
https://github.com/torognes/vsearch

Reading file results/clustering/cdr/r3_comp_zikv/cdr3_clusters/146cb659-c1e9-491d-9f34-6c2be0fb3184-IGK.fasta 100%
0 nt in 0 seqs
minseqlength 6: 7 sequences discarded.
Masking 100%
Sorting by length 100%
Counting k-mers 100%
Clustering 100%
Sorting clusters 100%
Writing clusters 100%
Clusters: 0
Singletons: 0
Multiple alignments 100%
vsearch v2.30.0_linux_x86_64, 94.1GB RAM, 24 cores
https://github.com/torognes/vsearch

Reading file results/clustering/cdr/r3_comp_zikv/cdr3_clusters/4debfcd5-0e5d-49b4-b400-2989b7870142-IGH.fasta 100%
0 nt in 0 seqs
minseqlength 6: 1 sequence discarded.
Masking 100%
Sorting by length 100%
Counting k-mers 100%
Clustering 100%
Sorting clusters 100%
Writing clusters 100%
Clusters: 0
Singletons: 0
Multiple alignments 100%
vsearch v2.30.0_linux_x86_64, 94.1GB RAM, 24 cores
https://github.com/torognes/vsearch

Reading file results/clustering/cdr/r3_comp_zikv/cdr3_clusters/87ac820d-13df-458d-ad2e-2ff93aa18d88-IGH.fasta 100%
0 nt in 0 seqs
minseqlength 6: 4 sequences discarded.
Masking 100%
Sorting by length 100%
Counting k-mers 100%
Clustering 100%
Sorting clusters 100%
Writing clusters 100%
Clusters: 0
Singletons: 0
Multiple alignments 100%
vsearch v2.30.0_linux_x86_64, 94.1GB RAM, 24 cores
https://github.com/torognes/vsearch

Reading file results/clustering/cdr/r3_comp_zikv/cdr3_clusters/9db9596d-f790-46f6-8ec2-8fcc326ea9b3-IGK.fasta 100%
0 nt in 0 seqs
minseqlength 6: 15 sequences discarded.
Masking 100%
Sorting by length 100%
Counting k-mers 100%
Clustering 100%
Sorting clusters 100%
Writing clusters 100%
Clusters: 0
Singletons: 0
Multiple alignments 100%
vsearch v2.30.0_linux_x86_64, 94.1GB RAM, 24 cores
https://github.com/torognes/vsearch

Reading file results/clustering/cdr/r3_comp_zikv/cdr3_clusters/e752a703-216c-454b-a165-ee69965e2b83-IGK.fasta 100%
161 nt in 6 seqs, min 24, max 30, avg 27
Masking 100%
Sorting by length 100%
Counting k-mers 100%
Clustering 100%
Sorting clusters 100%
Writing clusters 100%
Clusters: 5 Size min 1, max 2, avg 1.2
Singletons: 4, 66.7% of seqs, 80.0% of clusters
Multiple alignments 100%
vsearch v2.30.0_linux_x86_64, 94.1GB RAM, 24 cores
https://github.com/torognes/vsearch

Reading file results/clustering/cdr/r3_comp_zikv/cdr3_clusters/223c3920-b6fb-4815-941e-43a37297ae0f-IGH.fasta 100%
266 nt in 9 seqs, min 18, max 42, avg 30
Masking 100%
Sorting by length 100%
Counting k-mers 100%
Clustering 100%
Sorting clusters 100%
Writing clusters 100%
Clusters: 9 Size min 1, max 1, avg 1.0
Singletons: 9, 100.0% of seqs, 100.0% of clusters
Multiple alignments 100%
vsearch v2.30.0_linux_x86_64, 94.1GB RAM, 24 cores
https://github.com/torognes/vsearch

Reading file results/clustering/cdr/r3_comp_zikv/cdr3_clusters/d9d252e5-2c06-41d0-b715-b1fbb60b564a-IGK.fasta 100%
0 nt in 0 seqs
minseqlength 6: 3 sequences discarded.
Masking 100%
Sorting by length 100%
Counting k-mers 100%
Clustering 100%
Sorting clusters 100%
Writing clusters 100%
Clusters: 0
Singletons: 0
Multiple alignments 100%
vsearch v2.30.0_linux_x86_64, 94.1GB RAM, 24 cores
https://github.com/torognes/vsearch

Reading file results/clustering/cdr/r3_comp_zikv/cdr3_clusters/1e35cd69-af5c-463b-84dd-62a12065f16f-IGK.fasta 100%
0 nt in 0 seqs
minseqlength 6: 2 sequences discarded.
Masking 100%
Sorting by length 100%
Counting k-mers 100%
Clustering 100%
Sorting clusters 100%
Writing clusters 100%
Clusters: 0
Singletons: 0
Multiple alignments 100%
vsearch v2.30.0_linux_x86_64, 94.1GB RAM, 24 cores
https://github.com/torognes/vsearch

Reading file results/clustering/cdr/r3_comp_zikv/cdr3_clusters/9b0fb8e2-b18f-4377-8985-2ba4f89a1f02-IGH.fasta 100%
0 nt in 0 seqs
minseqlength 6: 2 sequences discarded.
Masking 100%
Sorting by length 100%
Counting k-mers 100%
Clustering 100%
Sorting clusters 100%
Writing clusters 100%
Clusters: 0
Singletons: 0
Multiple alignments 100%
vsearch v2.30.0_linux_x86_64, 94.1GB RAM, 24 cores
https://github.com/torognes/vsearch

Reading file results/clustering/cdr/r3_comp_zikv/cdr3_clusters/ff7d59f6-84fa-4974-9b73-25ebe5235e9a-IGK.fasta 100%
0 nt in 0 seqs
minseqlength 6: 122 sequences discarded.
Masking 100%
Sorting by length 100%
Counting k-mers 100%
Clustering 100%
Sorting clusters 100%
Writing clusters 100%
Clusters: 0
Singletons: 0
Multiple alignments 100%
vsearch v2.30.0_linux_x86_64, 94.1GB RAM, 24 cores
https://github.com/torognes/vsearch

Reading file results/clustering/cdr/r3_comp_zikv/cdr3_clusters/94a4d4b2-76d6-496e-bf38-a4fdf741fcfd-IGH.fasta 100%
0 nt in 0 seqs
Masking 100%
Sorting by length 100%
Counting k-mers 100%
Clustering 100%
Sorting clusters 100%
Writing clusters 100%
Clusters: 0
Singletons: 0
Multiple alignments 100%
vsearch v2.30.0_linux_x86_64, 94.1GB RAM, 24 cores
https://github.com/torognes/vsearch

Reading file results/clustering/cdr/r3_comp_zikv/cdr3_clusters/9cccf506-ada0-49c2-90b7-03a83d4dd7ee-IGH.fasta 100%
0 nt in 0 seqs
minseqlength 6: 5 sequences discarded.
Masking 100%
Sorting by length 100%
Counting k-mers 100%
Clustering 100%
Sorting clusters 100%
Writing clusters 100%
Clusters: 0
Singletons: 0
Multiple alignments 100%
vsearch v2.30.0_linux_x86_64, 94.1GB RAM, 24 cores
https://github.com/torognes/vsearch

Reading file results/clustering/cdr/r3_comp_zikv/cdr3_clusters/bad0ec5c-0c9e-4973-b5c5-91373c74dd70-IGH.fasta 100%
193 nt in 5 seqs, min 36, max 42, avg 39
minseqlength 6: 1 sequence discarded.
Masking 100%
Sorting by length 100%
Counting k-mers 100%
Clustering 100%
Sorting clusters 100%
Writing clusters 100%
Clusters: 4 Size min 1, max 2, avg 1.2
Singletons: 3, 60.0% of seqs, 75.0% of clusters
Multiple alignments 100%
vsearch v2.30.0_linux_x86_64, 94.1GB RAM, 24 cores
https://github.com/torognes/vsearch

Reading file results/clustering/cdr/r3_comp_zikv/cdr3_clusters/ce3be732-2e44-45d0-b924-064898009732-IGH.fasta 100%
171 nt in 5 seqs, min 27, max 39, avg 34
Masking 100%
Sorting by length 100%
Counting k-mers 100%
Clustering 100%
Sorting clusters 100%
Writing clusters 100%
Clusters: 4 Size min 1, max 2, avg 1.2
Singletons: 3, 60.0% of seqs, 75.0% of clusters
Multiple alignments 100%
vsearch v2.30.0_linux_x86_64, 94.1GB RAM, 24 cores
https://github.com/torognes/vsearch

Reading file results/clustering/cdr/r3_comp_zikv/cdr3_clusters/1f7c409d-d017-4994-9446-d3d9c563ec22-IGK.fasta 100%
0 nt in 0 seqs
minseqlength 6: 19 sequences discarded.
Masking 100%
Sorting by length 100%
Counting k-mers 100%
Clustering 100%
Sorting clusters 100%
Writing clusters 100%
Clusters: 0
Singletons: 0
Multiple alignments 100%
vsearch v2.30.0_linux_x86_64, 94.1GB RAM, 24 cores
https://github.com/torognes/vsearch

Reading file results/clustering/cdr/r3_comp_zikv/cdr3_clusters/633bba66-b673-425b-9dd8-d8b140f78cba-IGH.fasta 100%
0 nt in 0 seqs
minseqlength 6: 1 sequence discarded.
Masking 100%
Sorting by length 100%
Counting k-mers 100%
Clustering 100%
Sorting clusters 100%
Writing clusters 100%
Clusters: 0
Singletons: 0
Multiple alignments 100%
vsearch v2.30.0_linux_x86_64, 94.1GB RAM, 24 cores
https://github.com/torognes/vsearch

Reading file results/clustering/cdr/r3_comp_zikv/cdr3_clusters/32551e9e-ce63-4e2c-8a1b-441dea47b4d3-IGH.fasta 100%
278 nt in 7 seqs, min 25, max 69, avg 40
Masking 100%
Sorting by length 100%
Counting k-mers 100%
Clustering 100%
Sorting clusters 100%
Writing clusters 100%
Clusters: 7 Size min 1, max 1, avg 1.0
Singletons: 7, 100.0% of seqs, 100.0% of clusters
Multiple alignments 100%
vsearch v2.30.0_linux_x86_64, 94.1GB RAM, 24 cores
https://github.com/torognes/vsearch

Reading file results/clustering/cdr/r3_comp_zikv/cdr3_clusters/5f1aebe7-f791-48a3-aa32-dbb70ec6fd64-IGK.fasta 100%
948 nt in 35 seqs, min 23, max 33, avg 27
Masking 100%
Sorting by length 100%
Counting k-mers 100%
Clustering 100%
Sorting clusters 100%
Writing clusters 100%
Clusters: 34 Size min 1, max 2, avg 1.0
Singletons: 33, 94.3% of seqs, 97.1% of clusters
Multiple alignments 100%
vsearch v2.30.0_linux_x86_64, 94.1GB RAM, 24 cores
https://github.com/torognes/vsearch

Reading file results/clustering/cdr/r3_comp_zikv/cdr3_clusters/af2cb089-e8dd-4b73-8af5-95e00a42d3d7-IGK.fasta 100%
363 nt in 14 seqs, min 15, max 30, avg 26
Masking 100%
Sorting by length 100%
Counting k-mers 100%
Clustering 100%
Sorting clusters 100%
Writing clusters 100%
Clusters: 13 Size min 1, max 2, avg 1.1
Singletons: 12, 85.7% of seqs, 92.3% of clusters
Multiple alignments 100%
vsearch v2.30.0_linux_x86_64, 94.1GB RAM, 24 cores
https://github.com/torognes/vsearch

Reading file results/clustering/cdr/r3_comp_zikv/cdr3_clusters/47ecb793-708b-43d0-909a-d68fa6798304-IGH.fasta 100%
0 nt in 0 seqs
minseqlength 6: 6 sequences discarded.
Masking 100%
Sorting by length 100%
Counting k-mers 100%
Clustering 100%
Sorting clusters 100%
Writing clusters 100%
Clusters: 0
Singletons: 0
Multiple alignments 100%
vsearch v2.30.0_linux_x86_64, 94.1GB RAM, 24 cores
https://github.com/torognes/vsearch

Reading file results/clustering/cdr/r3_comp_zikv/cdr3_clusters/0026ef38-7cf6-4982-bc8c-06beb2d4fffa-IGK.fasta 100%
0 nt in 0 seqs
minseqlength 6: 2 sequences discarded.
Masking 100%
Sorting by length 100%
Counting k-mers 100%
Clustering 100%
Sorting clusters 100%
Writing clusters 100%
Clusters: 0
Singletons: 0
Multiple alignments 100%
vsearch v2.30.0_linux_x86_64, 94.1GB RAM, 24 cores
https://github.com/torognes/vsearch

Reading file results/clustering/cdr/r3_comp_zikv/cdr3_clusters/2e8f724f-c090-4a9c-9a65-a302b509fff0-IGK.fasta 100%
0 nt in 0 seqs
minseqlength 6: 6 sequences discarded.
Masking 100%
Sorting by length 100%
Counting k-mers 100%
Clustering 100%
Sorting clusters 100%
Writing clusters 100%
Clusters: 0
Singletons: 0
Multiple alignments 100%
vsearch v2.30.0_linux_x86_64, 94.1GB RAM, 24 cores
https://github.com/torognes/vsearch

Reading file results/clustering/cdr/r3_comp_zikv/cdr3_clusters/5ad9ddeb-31d8-41ab-8244-37356fae1442-IGK.fasta 100%
303 nt in 11 seqs, min 27, max 30, avg 28
Masking 100%
Sorting by length 100%
Counting k-mers 100%
Clustering 100%
Sorting clusters 100%
Writing clusters 100%
Clusters: 9 Size min 1, max 2, avg 1.2
Singletons: 7, 63.6% of seqs, 77.8% of clusters
Multiple alignments 100%
vsearch v2.30.0_linux_x86_64, 94.1GB RAM, 24 cores
https://github.com/torognes/vsearch

Reading file results/clustering/cdr/r3_comp_zikv/cdr3_clusters/1a3c383e-c281-4b3d-a4eb-985a75482413-IGH.fasta 100%
1181 nt in 20 seqs, min 42, max 128, avg 59
Masking 100%
Sorting by length 100%
Counting k-mers 100%
Clustering 100%
Sorting clusters 100%
Writing clusters 100%
Clusters: 16 Size min 1, max 3, avg 1.2
Singletons: 13, 65.0% of seqs, 81.2% of clusters
Multiple alignments 100%
vsearch v2.30.0_linux_x86_64, 94.1GB RAM, 24 cores
https://github.com/torognes/vsearch

Reading file results/clustering/cdr/r3_comp_zikv/cdr3_clusters/a0a2f9dd-f36e-47de-bf9f-b3eb85596103-IGK.fasta 100%
189 nt in 7 seqs, min 27, max 27, avg 27
Masking 100%
Sorting by length 100%
Counting k-mers 100%
Clustering 100%
Sorting clusters 100%
Writing clusters 100%
Clusters: 6 Size min 1, max 2, avg 1.2
Singletons: 5, 71.4% of seqs, 83.3% of clusters
Multiple alignments 100%
vsearch v2.30.0_linux_x86_64, 94.1GB RAM, 24 cores
https://github.com/torognes/vsearch

Reading file results/clustering/cdr/r3_comp_zikv/cdr3_clusters/27d0aaf8-f7b1-4f42-a0b5-19d890fe19e8-IGK.fasta 100%
0 nt in 0 seqs
minseqlength 6: 2 sequences discarded.
Masking 100%
Sorting by length 100%
Counting k-mers 100%
Clustering 100%
Sorting clusters 100%
Writing clusters 100%
Clusters: 0
Singletons: 0
Multiple alignments 100%
vsearch v2.30.0_linux_x86_64, 94.1GB RAM, 24 cores
https://github.com/torognes/vsearch

Reading file results/clustering/cdr/r3_comp_zikv/cdr3_clusters/11a0d8d5-0585-464e-9afe-e06d3f035ca2-IGK.fasta 100%
0 nt in 0 seqs
Masking 100%
Sorting by length 100%
Counting k-mers 100%
Clustering 100%
Sorting clusters 100%
Writing clusters 100%
Clusters: 0
Singletons: 0
Multiple alignments 100%
vsearch v2.30.0_linux_x86_64, 94.1GB RAM, 24 cores
https://github.com/torognes/vsearch

Reading file results/clustering/cdr/r3_comp_zikv/cdr3_clusters/5081fadc-72a4-4b3d-9fd1-fd522182a899-IGK.fasta 100%
6584 nt in 246 seqs, min 10, max 33, avg 27
minseqlength 6: 1 sequence discarded.
Masking 100%
Sorting by length 100%
Counting k-mers 100%
Clustering 100%
Sorting clusters 100%
Writing clusters 100%
Clusters: 103 Size min 1, max 25, avg 2.4
Singletons: 68, 27.6% of seqs, 66.0% of clusters
Multiple alignments 100%
vsearch v2.30.0_linux_x86_64, 94.1GB RAM, 24 cores
https://github.com/torognes/vsearch

Reading file results/clustering/cdr/r3_comp_zikv/cdr3_clusters/d502f6d7-b0d5-44a5-ba09-2239b4ca3f8f-IGK.fasta 100%
0 nt in 0 seqs
minseqlength 6: 8 sequences discarded.
Masking 100%
Sorting by length 100%
Counting k-mers 100%
Clustering 100%
Sorting clusters 100%
Writing clusters 100%
Clusters: 0
Singletons: 0
Multiple alignments 100%
vsearch v2.30.0_linux_x86_64, 94.1GB RAM, 24 cores
https://github.com/torognes/vsearch

Reading file results/clustering/cdr/r3_comp_zikv/cdr3_clusters/53a92c1c-521f-4f11-add9-6ab2f60ea71d-IGK.fasta 100%
0 nt in 0 seqs
minseqlength 6: 6 sequences discarded.
Masking 100%
Sorting by length 100%
Counting k-mers 100%
Clustering 100%
Sorting clusters 100%
Writing clusters 100%
Clusters: 0
Singletons: 0
Multiple alignments 100%
vsearch v2.30.0_linux_x86_64, 94.1GB RAM, 24 cores
https://github.com/torognes/vsearch

Reading file results/clustering/cdr/r3_comp_zikv/cdr3_clusters/50d11eea-bf21-4a2a-8d9e-a05fb8cdf5cd-IGK.fasta 100%
0 nt in 0 seqs
Masking 100%
Sorting by length 100%
Counting k-mers 100%
Clustering 100%
Sorting clusters 100%
Writing clusters 100%
Clusters: 0
Singletons: 0
Multiple alignments 100%
vsearch v2.30.0_linux_x86_64, 94.1GB RAM, 24 cores
https://github.com/torognes/vsearch

Reading file results/clustering/cdr/r3_comp_zikv/cdr3_clusters/9fdba885-8d0c-4742-8ca7-521c0843200e-IGK.fasta 100%
63 nt in 2 seqs, min 29, max 34, avg 32
minseqlength 6: 1 sequence discarded.
Masking 100%
Sorting by length 100%
Counting k-mers 100%
Clustering 100%
Sorting clusters 100%
Writing clusters 100%
Clusters: 2 Size min 1, max 1, avg 1.0
Singletons: 2, 100.0% of seqs, 100.0% of clusters
Multiple alignments 100%
vsearch v2.30.0_linux_x86_64, 94.1GB RAM, 24 cores
https://github.com/torognes/vsearch

Reading file results/clustering/cdr/r3_comp_zikv/cdr3_clusters/9f2cfc56-8839-4adb-a61a-2a3588e91d70-IGH.fasta 100%
168 nt in 5 seqs, min 32, max 36, avg 34
Masking 100%
Sorting by length 100%
Counting k-mers 100%
Clustering 100%
Sorting clusters 100%
Writing clusters 100%
Clusters: 3 Size min 1, max 3, avg 1.7
Singletons: 2, 40.0% of seqs, 66.7% of clusters
Multiple alignments 100%
vsearch v2.30.0_linux_x86_64, 94.1GB RAM, 24 cores
https://github.com/torognes/vsearch

Reading file results/clustering/cdr/r3_comp_zikv/cdr3_clusters/115f0ea1-58a2-4a74-9521-2f47d2ec6bac-IGH.fasta 100%
0 nt in 0 seqs
minseqlength 6: 3 sequences discarded.
Masking 100%
Sorting by length 100%
Counting k-mers 100%
Clustering 100%
Sorting clusters 100%
Writing clusters 100%
Clusters: 0
Singletons: 0
Multiple alignments 100%
vsearch v2.30.0_linux_x86_64, 94.1GB RAM, 24 cores
https://github.com/torognes/vsearch

Reading file results/clustering/cdr/r3_comp_zikv/cdr3_clusters/28e1b22f-a4d2-436d-9522-e3855829bc6c-IGK.fasta 100%
0 nt in 0 seqs
Masking 100%
Sorting by length 100%
Counting k-mers 100%
Clustering 100%
Sorting clusters 100%
Writing clusters 100%
Clusters: 0
Singletons: 0
Multiple alignments 100%
vsearch v2.30.0_linux_x86_64, 94.1GB RAM, 24 cores
https://github.com/torognes/vsearch

Reading file results/clustering/cdr/r3_comp_zikv/cdr3_clusters/132d95fb-644a-414a-8029-c003c72bfef1-IGK.fasta 100%
0 nt in 0 seqs
minseqlength 6: 7 sequences discarded.
Masking 100%
Sorting by length 100%
Counting k-mers 100%
Clustering 100%
Sorting clusters 100%
Writing clusters 100%
Clusters: 0
Singletons: 0
Multiple alignments 100%
vsearch v2.30.0_linux_x86_64, 94.1GB RAM, 24 cores
https://github.com/torognes/vsearch

Reading file results/clustering/cdr/r3_comp_zikv/cdr3_clusters/7b394e2f-28ec-473c-a17e-b1d4194e89e8-IGK.fasta 100%
0 nt in 0 seqs
Masking 100%
Sorting by length 100%
Counting k-mers 100%
Clustering 100%
Sorting clusters 100%
Writing clusters 100%
Clusters: 0
Singletons: 0
Multiple alignments 100%
vsearch v2.30.0_linux_x86_64, 94.1GB RAM, 24 cores
https://github.com/torognes/vsearch

Reading file results/clustering/cdr/r3_comp_zikv/cdr3_clusters/7a601ac3-26f7-4819-9c3b-34b81a87e436-IGH.fasta 100%
0 nt in 0 seqs
minseqlength 6: 3 sequences discarded.
Masking 100%
Sorting by length 100%
Counting k-mers 100%
Clustering 100%
Sorting clusters 100%
Writing clusters 100%
Clusters: 0
Singletons: 0
Multiple alignments 100%
vsearch v2.30.0_linux_x86_64, 94.1GB RAM, 24 cores
https://github.com/torognes/vsearch

Reading file results/clustering/cdr/r3_comp_zikv/cdr3_clusters/41c06d4a-af12-45c1-ab17-f3f4f2f466ae-IGH.fasta 100%
415 nt in 10 seqs, min 21, max 51, avg 42
Masking 100%
Sorting by length 100%
Counting k-mers 100%
Clustering 100%
Sorting clusters 100%
Writing clusters 100%
Clusters: 10 Size min 1, max 1, avg 1.0
Singletons: 10, 100.0% of seqs, 100.0% of clusters
Multiple alignments 100%
vsearch v2.30.0_linux_x86_64, 94.1GB RAM, 24 cores
https://github.com/torognes/vsearch

Reading file results/clustering/cdr/r3_comp_zikv/cdr3_clusters/1472daa6-18a9-45d5-a9b2-e47505972444-IGH.fasta 100%
275 nt in 7 seqs, min 30, max 46, avg 39
Masking 100%
Sorting by length 100%
Counting k-mers 100%
Clustering 100%
Sorting clusters 100%
Writing clusters 100%
Clusters: 7 Size min 1, max 1, avg 1.0
Singletons: 7, 100.0% of seqs, 100.0% of clusters
Multiple alignments 100%
vsearch v2.30.0_linux_x86_64, 94.1GB RAM, 24 cores
https://github.com/torognes/vsearch

Reading file results/clustering/cdr/r3_comp_zikv/cdr3_clusters/5cb9df5f-a86f-49c8-9048-78d12687751f-IGH.fasta 100%
0 nt in 0 seqs
minseqlength 6: 1 sequence discarded.
Masking 100%
Sorting by length 100%
Counting k-mers 100%
Clustering 100%
Sorting clusters 100%
Writing clusters 100%
Clusters: 0
Singletons: 0
Multiple alignments 100%
vsearch v2.30.0_linux_x86_64, 94.1GB RAM, 24 cores
https://github.com/torognes/vsearch

Reading file results/clustering/cdr/r3_comp_zikv/cdr3_clusters/deb563eb-de20-48dc-b857-5b3f17efd930-IGK.fasta 100%
304 nt in 11 seqs, min 26, max 30, avg 28
Masking 100%
Sorting by length 100%
Counting k-mers 100%
Clustering 100%
Sorting clusters 100%
Writing clusters 100%
Clusters: 11 Size min 1, max 1, avg 1.0
Singletons: 11, 100.0% of seqs, 100.0% of clusters
Multiple alignments 100%
vsearch v2.30.0_linux_x86_64, 94.1GB RAM, 24 cores
https://github.com/torognes/vsearch

Reading file results/clustering/cdr/r3_comp_zikv/cdr3_clusters/2171f77e-7016-44e9-a765-abf4ccdcbc2a-IGK.fasta 100%
308 nt in 12 seqs, min 20, max 30, avg 26
Masking 100%
Sorting by length 100%
Counting k-mers 100%
Clustering 100%
Sorting clusters 100%
Writing clusters 100%
Clusters: 12 Size min 1, max 1, avg 1.0
Singletons: 12, 100.0% of seqs, 100.0% of clusters
Multiple alignments 100%
vsearch v2.30.0_linux_x86_64, 94.1GB RAM, 24 cores
https://github.com/torognes/vsearch

Reading file results/clustering/cdr/r3_comp_zikv/cdr3_clusters/99abde53-c21f-4d96-9c4c-619fb1f2ce41-IGK.fasta 100%
0 nt in 0 seqs
minseqlength 6: 2 sequences discarded.
Masking 100%
Sorting by length 100%
Counting k-mers 100%
Clustering 100%
Sorting clusters 100%
Writing clusters 100%
Clusters: 0
Singletons: 0
Multiple alignments 100%
vsearch v2.30.0_linux_x86_64, 94.1GB RAM, 24 cores
https://github.com/torognes/vsearch

Reading file results/clustering/cdr/r3_comp_zikv/cdr3_clusters/2075f025-a0a6-4565-af85-8ad86a6f3fe9-IGH.fasta 100%
281 nt in 7 seqs, min 27, max 51, avg 40
Masking 100%
Sorting by length 100%
Counting k-mers 100%
Clustering 100%
Sorting clusters 100%
Writing clusters 100%
Clusters: 7 Size min 1, max 1, avg 1.0
Singletons: 7, 100.0% of seqs, 100.0% of clusters
Multiple alignments 100%
vsearch v2.30.0_linux_x86_64, 94.1GB RAM, 24 cores
https://github.com/torognes/vsearch

Reading file results/clustering/cdr/r3_comp_zikv/cdr3_clusters/2bfe1898-4c7a-400c-a9c7-a0c315aa24fb-IGH.fasta 100%
12 nt in 1 seqs, min 12, max 12, avg 12
minseqlength 6: 5 sequences discarded.
Masking 100%
Sorting by length 100%
Counting k-mers 100%
Clustering 100%
Sorting clusters 100%
Writing clusters 100%
Clusters: 1 Size min 1, max 1, avg 1.0
Singletons: 1, 100.0% of seqs, 100.0% of clusters
Multiple alignments 100%
vsearch v2.30.0_linux_x86_64, 94.1GB RAM, 24 cores
https://github.com/torognes/vsearch

Reading file results/clustering/cdr/r3_comp_zikv/cdr3_clusters/2bbba847-3915-443e-946b-c236f2158dce-IGK.fasta 100%
0 nt in 0 seqs
Masking 100%
Sorting by length 100%
Counting k-mers 100%
Clustering 100%
Sorting clusters 100%
Writing clusters 100%
Clusters: 0
Singletons: 0
Multiple alignments 100%
vsearch v2.30.0_linux_x86_64, 94.1GB RAM, 24 cores
https://github.com/torognes/vsearch

Reading file results/clustering/cdr/r3_comp_zikv/cdr3_clusters/4b3d0ffb-50dd-4d88-ae99-84c94141bef6-IGK.fasta 100%
0 nt in 0 seqs
minseqlength 6: 47 sequences discarded.
Masking 100%
Sorting by length 100%
Counting k-mers 100%
Clustering 100%
Sorting clusters 100%
Writing clusters 100%
Clusters: 0
Singletons: 0
Multiple alignments 100%
vsearch v2.30.0_linux_x86_64, 94.1GB RAM, 24 cores
https://github.com/torognes/vsearch

Reading file results/clustering/cdr/r3_comp_zikv/cdr3_clusters/eac45a06-9acc-4eb5-9dd2-3f4384e15a24-IGK.fasta 100%
214 nt in 8 seqs, min 24, max 28, avg 27
minseqlength 6: 1 sequence discarded.
Masking 100%
Sorting by length 100%
Counting k-mers 100%
Clustering 100%
Sorting clusters 100%
Writing clusters 100%
Clusters: 8 Size min 1, max 1, avg 1.0
Singletons: 8, 100.0% of seqs, 100.0% of clusters
Multiple alignments 100%
vsearch v2.30.0_linux_x86_64, 94.1GB RAM, 24 cores
https://github.com/torognes/vsearch

Reading file results/clustering/cdr/r3_comp_zikv/cdr3_clusters/fb978874-45cd-4a2b-9259-9b142d811935-IGH.fasta 100%
357 nt in 6 seqs, min 57, max 61, avg 60
Masking 100%
Sorting by length 100%
Counting k-mers 100%
Clustering 100%
Sorting clusters 100%
Writing clusters 100%
Clusters: 3 Size min 1, max 4, avg 2.0
Singletons: 2, 33.3% of seqs, 66.7% of clusters
Multiple alignments 100%
vsearch v2.30.0_linux_x86_64, 94.1GB RAM, 24 cores
https://github.com/torognes/vsearch

Reading file results/clustering/cdr/r3_comp_zikv/cdr3_clusters/0103fea1-b274-43f6-9680-0b73d765a3f6-IGK.fasta 100%
0 nt in 0 seqs
minseqlength 6: 7 sequences discarded.
Masking 100%
Sorting by length 100%
Counting k-mers 100%
Clustering 100%
Sorting clusters 100%
Writing clusters 100%
Clusters: 0
Singletons: 0
Multiple alignments 100%
vsearch v2.30.0_linux_x86_64, 94.1GB RAM, 24 cores
https://github.com/torognes/vsearch

Reading file results/clustering/cdr/r3_comp_zikv/cdr3_clusters/71ed27d8-4100-4c3f-86d5-c1350569e3d6-IGK.fasta 100%
0 nt in 0 seqs
minseqlength 6: 7 sequences discarded.
Masking 100%
Sorting by length 100%
Counting k-mers 100%
Clustering 100%
Sorting clusters 100%
Writing clusters 100%
Clusters: 0
Singletons: 0
Multiple alignments 100%
vsearch v2.30.0_linux_x86_64, 94.1GB RAM, 24 cores
https://github.com/torognes/vsearch

Reading file results/clustering/cdr/r3_comp_zikv/cdr3_clusters/ac563e4c-02f9-46f0-bab7-fe54e207edd6-IGK.fasta 100%
0 nt in 0 seqs
minseqlength 6: 14 sequences discarded.
Masking 100%
Sorting by length 100%
Counting k-mers 100%
Clustering 100%
Sorting clusters 100%
Writing clusters 100%
Clusters: 0
Singletons: 0
Multiple alignments 100%
vsearch v2.30.0_linux_x86_64, 94.1GB RAM, 24 cores
https://github.com/torognes/vsearch

Reading file results/clustering/cdr/r3_comp_zikv/cdr3_clusters/42679266-9f5c-4304-8fb2-33bbbf55d0b8-IGK.fasta 100%
0 nt in 0 seqs
minseqlength 6: 4 sequences discarded.
Masking 100%
Sorting by length 100%
Counting k-mers 100%
Clustering 100%
Sorting clusters 100%
Writing clusters 100%
Clusters: 0
Singletons: 0
Multiple alignments 100%
vsearch v2.30.0_linux_x86_64, 94.1GB RAM, 24 cores
https://github.com/torognes/vsearch

Reading file results/clustering/cdr/r3_comp_zikv/cdr3_clusters/bd7a838f-5d6f-4c2b-9e3a-e122b8fe57c0-IGK.fasta 100%
0 nt in 0 seqs
minseqlength 6: 9 sequences discarded.
Masking 100%
Sorting by length 100%
Counting k-mers 100%
Clustering 100%
Sorting clusters 100%
Writing clusters 100%
Clusters: 0
Singletons: 0
Multiple alignments 100%
vsearch v2.30.0_linux_x86_64, 94.1GB RAM, 24 cores
https://github.com/torognes/vsearch

Reading file results/clustering/cdr/r3_comp_zikv/cdr3_clusters/5ded7df0-3d37-4544-bf8a-e47a09d747fe-IGH.fasta 100%
0 nt in 0 seqs
minseqlength 6: 3 sequences discarded.
Masking 100%
Sorting by length 100%
Counting k-mers 100%
Clustering 100%
Sorting clusters 100%
Writing clusters 100%
Clusters: 0
Singletons: 0
Multiple alignments 100%
vsearch v2.30.0_linux_x86_64, 94.1GB RAM, 24 cores
https://github.com/torognes/vsearch

Reading file results/clustering/cdr/r3_comp_zikv/cdr3_clusters/70590c84-5b7a-4bd2-9190-d1d5877f71d2-IGK.fasta 100%
153 nt in 5 seqs, min 29, max 33, avg 31
Masking 100%
Sorting by length 100%
Counting k-mers 100%
Clustering 100%
Sorting clusters 100%
Writing clusters 100%
Clusters: 4 Size min 1, max 2, avg 1.2
Singletons: 3, 60.0% of seqs, 75.0% of clusters
Multiple alignments 100%
vsearch v2.30.0_linux_x86_64, 94.1GB RAM, 24 cores
https://github.com/torognes/vsearch

Reading file results/clustering/cdr/r3_comp_zikv/cdr3_clusters/9a6dae72-474d-4d7f-8130-ec0482b8ff79-IGH.fasta 100%
1703 nt in 37 seqs, min 24, max 67, avg 46
Masking 100%
Sorting by length 100%
Counting k-mers 100%
Clustering 100%
Sorting clusters 100%
Writing clusters 100%
Clusters: 35 Size min 1, max 2, avg 1.1
Singletons: 33, 89.2% of seqs, 94.3% of clusters
Multiple alignments 100%
vsearch v2.30.0_linux_x86_64, 94.1GB RAM, 24 cores
https://github.com/torognes/vsearch

Reading file results/clustering/cdr/r3_comp_zikv/cdr3_clusters/bba194d5-f6ab-4be7-a372-2d4641c47511-IGH.fasta 100%
2168 nt in 40 seqs, min 32, max 73, avg 54
minseqlength 6: 2 sequences discarded.
Masking 100%
Sorting by length 100%
Counting k-mers 100%
Clustering 100%
Sorting clusters 100%
Writing clusters 100%
Clusters: 37 Size min 1, max 2, avg 1.1
Singletons: 34, 85.0% of seqs, 91.9% of clusters
Multiple alignments 100%
vsearch v2.30.0_linux_x86_64, 94.1GB RAM, 24 cores
https://github.com/torognes/vsearch

Reading file results/clustering/cdr/r3_comp_zikv/cdr3_clusters/0a8df12d-89a6-470b-ba8b-f7b3fd21c924-IGK.fasta 100%
0 nt in 0 seqs
Masking 100%
Sorting by length 100%
Counting k-mers 100%
Clustering 100%
Sorting clusters 100%
Writing clusters 100%
Clusters: 0
Singletons: 0
Multiple alignments 100%
vsearch v2.30.0_linux_x86_64, 94.1GB RAM, 24 cores
https://github.com/torognes/vsearch

Reading file results/clustering/cdr/r3_comp_zikv/cdr3_clusters/2e700634-2112-4127-aa91-4c9af1b8b66c-IGK.fasta 100%
0 nt in 0 seqs
minseqlength 6: 8 sequences discarded.
Masking 100%
Sorting by length 100%
Counting k-mers 100%
Clustering 100%
Sorting clusters 100%
Writing clusters 100%
Clusters: 0
Singletons: 0
Multiple alignments 100%
vsearch v2.30.0_linux_x86_64, 94.1GB RAM, 24 cores
https://github.com/torognes/vsearch

Reading file results/clustering/cdr/r3_comp_zikv/cdr3_clusters/641defc1-48c7-4f24-b131-107edc60a946-IGK.fasta 100%
140 nt in 5 seqs, min 27, max 30, avg 28
minseqlength 6: 19 sequences discarded.
Masking 100%
Sorting by length 100%
Counting k-mers 100%
Clustering 100%
Sorting clusters 100%
Writing clusters 100%
Clusters: 5 Size min 1, max 1, avg 1.0
Singletons: 5, 100.0% of seqs, 100.0% of clusters
Multiple alignments 100%
vsearch v2.30.0_linux_x86_64, 94.1GB RAM, 24 cores
https://github.com/torognes/vsearch

Reading file results/clustering/cdr/r3_comp_zikv/cdr3_clusters/5cb2855b-53b2-4962-b70f-b616a1e39855-IGK.fasta 100%
0 nt in 0 seqs
minseqlength 6: 1 sequence discarded.
Masking 100%
Sorting by length 100%
Counting k-mers 100%
Clustering 100%
Sorting clusters 100%
Writing clusters 100%
Clusters: 0
Singletons: 0
Multiple alignments 100%
vsearch v2.30.0_linux_x86_64, 94.1GB RAM, 24 cores
https://github.com/torognes/vsearch

Reading file results/clustering/cdr/r3_comp_zikv/cdr3_clusters/ad792a85-dfa0-412e-a5ba-293a12547306-IGH.fasta 100%
0 nt in 0 seqs
minseqlength 6: 7 sequences discarded.
Masking 100%
Sorting by length 100%
Counting k-mers 100%
Clustering 100%
Sorting clusters 100%
Writing clusters 100%
Clusters: 0
Singletons: 0
Multiple alignments 100%
vsearch v2.30.0_linux_x86_64, 94.1GB RAM, 24 cores
https://github.com/torognes/vsearch

Reading file results/clustering/cdr/r3_comp_zikv/cdr3_clusters/1a66e400-3d5a-4094-94d0-b150e0b23113-IGK.fasta 100%
27 nt in 1 seqs, min 27, max 27, avg 27
minseqlength 6: 8 sequences discarded.
Masking 100%
Sorting by length 100%
Counting k-mers 100%
Clustering 100%
Sorting clusters 100%
Writing clusters 100%
Clusters: 1 Size min 1, max 1, avg 1.0
Singletons: 1, 100.0% of seqs, 100.0% of clusters
Multiple alignments 100%
vsearch v2.30.0_linux_x86_64, 94.1GB RAM, 24 cores
https://github.com/torognes/vsearch

Reading file results/clustering/cdr/r3_comp_zikv/cdr3_clusters/d11d6aba-ea81-4d06-bc9d-fda51f424966-IGH.fasta 100%
99 nt in 2 seqs, min 45, max 54, avg 50
minseqlength 6: 3 sequences discarded.
Masking 100%
Sorting by length 100%
Counting k-mers 100%
Clustering 100%
Sorting clusters 100%
Writing clusters 100%
Clusters: 2 Size min 1, max 1, avg 1.0
Singletons: 2, 100.0% of seqs, 100.0% of clusters
Multiple alignments 100%
vsearch v2.30.0_linux_x86_64, 94.1GB RAM, 24 cores
https://github.com/torognes/vsearch

Reading file results/clustering/cdr/r3_comp_zikv/cdr3_clusters/5f14b80b-39e6-49fd-a1ee-aa7d0d30a5e2-IGH.fasta 100%
36 nt in 1 seqs, min 36, max 36, avg 36
minseqlength 6: 3 sequences discarded.
Masking 100%
Sorting by length 100%
Counting k-mers 100%
Clustering 100%
Sorting clusters 100%
Writing clusters 100%
Clusters: 1 Size min 1, max 1, avg 1.0
Singletons: 1, 100.0% of seqs, 100.0% of clusters
Multiple alignments 100%
vsearch v2.30.0_linux_x86_64, 94.1GB RAM, 24 cores
https://github.com/torognes/vsearch

Reading file results/clustering/cdr/r3_comp_zikv/cdr3_clusters/de0841ad-1eb5-46c4-a7c4-03a32a937c0a-IGH.fasta 100%
238 nt in 6 seqs, min 23, max 53, avg 40
minseqlength 6: 1 sequence discarded.
Masking 100%
Sorting by length 100%
Counting k-mers 100%
Clustering 100%
Sorting clusters 100%
Writing clusters 100%
Clusters: 6 Size min 1, max 1, avg 1.0
Singletons: 6, 100.0% of seqs, 100.0% of clusters
Multiple alignments 100%
vsearch v2.30.0_linux_x86_64, 94.1GB RAM, 24 cores
https://github.com/torognes/vsearch

Reading file results/clustering/cdr/r3_comp_zikv/cdr3_clusters/42a35237-4dcd-4c4d-908a-4c49743a378c-IGH.fasta 100%
591 nt in 16 seqs, min 27, max 58, avg 37
Masking 100%
Sorting by length 100%
Counting k-mers 100%
Clustering 100%
Sorting clusters 100%
Writing clusters 100%
Clusters: 16 Size min 1, max 1, avg 1.0
Singletons: 16, 100.0% of seqs, 100.0% of clusters
Multiple alignments 100%
vsearch v2.30.0_linux_x86_64, 94.1GB RAM, 24 cores
https://github.com/torognes/vsearch

Reading file results/clustering/cdr/r3_comp_zikv/cdr3_clusters/f5d675ff-62b9-4718-bb52-9a0d56bbb450-IGH.fasta 100%
774 nt in 22 seqs, min 12, max 108, avg 35
minseqlength 6: 23 sequences discarded.
Masking 100%
Sorting by length 100%
Counting k-mers 100%
Clustering 100%
Sorting clusters 100%
Writing clusters 100%
Clusters: 20 Size min 1, max 3, avg 1.1
Singletons: 19, 86.4% of seqs, 95.0% of clusters
Multiple alignments 100%
vsearch v2.30.0_linux_x86_64, 94.1GB RAM, 24 cores
https://github.com/torognes/vsearch

Reading file results/clustering/cdr/r3_comp_zikv/cdr3_clusters/2a8f5ea9-47bf-4a4f-b6db-64e9fa954b27-IGH.fasta 100%
0 nt in 0 seqs
minseqlength 6: 3 sequences discarded.
Masking 100%
Sorting by length 100%
Counting k-mers 100%
Clustering 100%
Sorting clusters 100%
Writing clusters 100%
Clusters: 0
Singletons: 0
Multiple alignments 100%
vsearch v2.30.0_linux_x86_64, 94.1GB RAM, 24 cores
https://github.com/torognes/vsearch

Reading file results/clustering/cdr/r3_comp_zikv/cdr3_clusters/398c320c-c18f-406c-a718-fd024c9edf7e-IGK.fasta 100%
0 nt in 0 seqs
Masking 100%
Sorting by length 100%
Counting k-mers 100%
Clustering 100%
Sorting clusters 100%
Writing clusters 100%
Clusters: 0
Singletons: 0
Multiple alignments 100%
vsearch v2.30.0_linux_x86_64, 94.1GB RAM, 24 cores
https://github.com/torognes/vsearch

Reading file results/clustering/cdr/r3_comp_zikv/cdr3_clusters/65e65038-59f2-4a76-996a-28a531b66f53-IGH.fasta 100%
0 nt in 0 seqs
Masking 100%
Sorting by length 100%
Counting k-mers 100%
Clustering 100%
Sorting clusters 100%
Writing clusters 100%
Clusters: 0
Singletons: 0
Multiple alignments 100%
vsearch v2.30.0_linux_x86_64, 94.1GB RAM, 24 cores
https://github.com/torognes/vsearch

Reading file results/clustering/cdr/r3_comp_zikv/cdr3_clusters/07b806fc-20e7-411e-b547-6afab6d3e0b3-IGH.fasta 100%
0 nt in 0 seqs
minseqlength 6: 1 sequence discarded.
Masking 100%
Sorting by length 100%
Counting k-mers 100%
Clustering 100%
Sorting clusters 100%
Writing clusters 100%
Clusters: 0
Singletons: 0
Multiple alignments 100%
vsearch v2.30.0_linux_x86_64, 94.1GB RAM, 24 cores
https://github.com/torognes/vsearch

Reading file results/clustering/cdr/r3_comp_zikv/cdr3_clusters/7ee1b963-f08a-4aa6-99e6-e04749848344-IGH.fasta 100%
0 nt in 0 seqs
minseqlength 6: 10 sequences discarded.
Masking 100%
Sorting by length 100%
Counting k-mers 100%
Clustering 100%
Sorting clusters 100%
Writing clusters 100%
Clusters: 0
Singletons: 0
Multiple alignments 100%
vsearch v2.30.0_linux_x86_64, 94.1GB RAM, 24 cores
https://github.com/torognes/vsearch

Reading file results/clustering/cdr/r3_comp_zikv/cdr3_clusters/88767795-a71d-45ea-92ca-9a1f3e5ba31f-IGK.fasta 100%
0 nt in 0 seqs
Masking 100%
Sorting by length 100%
Counting k-mers 100%
Clustering 100%
Sorting clusters 100%
Writing clusters 100%
Clusters: 0
Singletons: 0
Multiple alignments 100%
vsearch v2.30.0_linux_x86_64, 94.1GB RAM, 24 cores
https://github.com/torognes/vsearch

Reading file results/clustering/cdr/r3_comp_zikv/cdr3_clusters/d68638a4-7c0e-4a44-b636-40787dccc588-IGH.fasta 100%
355 nt in 6 seqs, min 56, max 60, avg 59
Masking 100%
Sorting by length 100%
Counting k-mers 100%
Clustering 100%
Sorting clusters 100%
Writing clusters 100%
Clusters: 2 Size min 1, max 5, avg 3.0
Singletons: 1, 16.7% of seqs, 50.0% of clusters
Multiple alignments 100%
vsearch v2.30.0_linux_x86_64, 94.1GB RAM, 24 cores
https://github.com/torognes/vsearch

Reading file results/clustering/cdr/r3_comp_zikv/cdr3_clusters/cb150ef3-3eb5-48c2-9b48-0e123ac08ec2-IGK.fasta 100%
54 nt in 2 seqs, min 24, max 30, avg 27
minseqlength 6: 13 sequences discarded.
Masking 100%
Sorting by length 100%
Counting k-mers 100%
Clustering 100%
Sorting clusters 100%
Writing clusters 100%
Clusters: 2 Size min 1, max 1, avg 1.0
Singletons: 2, 100.0% of seqs, 100.0% of clusters
Multiple alignments 100%
vsearch v2.30.0_linux_x86_64, 94.1GB RAM, 24 cores
https://github.com/torognes/vsearch

Reading file results/clustering/cdr/r3_comp_zikv/cdr3_clusters/763ea655-f91e-4dd6-8ae4-4dc7e6d14cbc-IGK.fasta 100%
194 nt in 7 seqs, min 24, max 33, avg 28
Masking 100%
Sorting by length 100%
Counting k-mers 100%
Clustering 100%
Sorting clusters 100%
Writing clusters 100%
Clusters: 7 Size min 1, max 1, avg 1.0
Singletons: 7, 100.0% of seqs, 100.0% of clusters
Multiple alignments 100%
vsearch v2.30.0_linux_x86_64, 94.1GB RAM, 24 cores
https://github.com/torognes/vsearch

Reading file results/clustering/cdr/r3_comp_zikv/cdr3_clusters/3116d07b-dcd9-4a1b-9aa1-43dc681b2632-IGH.fasta 100%
1294 nt in 26 seqs, min 30, max 66, avg 50
Masking 100%
Sorting by length 100%
Counting k-mers 100%
Clustering 100%
Sorting clusters 100%
Writing clusters 100%
Clusters: 25 Size min 1, max 2, avg 1.0
Singletons: 24, 92.3% of seqs, 96.0% of clusters
Multiple alignments 100%
vsearch v2.30.0_linux_x86_64, 94.1GB RAM, 24 cores
https://github.com/torognes/vsearch

Reading file results/clustering/cdr/r3_comp_zikv/cdr3_clusters/564b4b32-6fbd-4908-8454-d39219788a57-IGK.fasta 100%
249 nt in 9 seqs, min 27, max 32, avg 28
Masking 100%
Sorting by length 100%
Counting k-mers 100%
Clustering 100%
Sorting clusters 100%
Writing clusters 100%
Clusters: 9 Size min 1, max 1, avg 1.0
Singletons: 9, 100.0% of seqs, 100.0% of clusters
Multiple alignments 100%
vsearch v2.30.0_linux_x86_64, 94.1GB RAM, 24 cores
https://github.com/torognes/vsearch

Reading file results/clustering/cdr/r3_comp_zikv/cdr3_clusters/754f25cf-5240-428a-b0f6-22e8de29d39b-IGH.fasta 100%
0 nt in 0 seqs
minseqlength 6: 5 sequences discarded.
Masking 100%
Sorting by length 100%
Counting k-mers 100%
Clustering 100%
Sorting clusters 100%
Writing clusters 100%
Clusters: 0
Singletons: 0
Multiple alignments 100%
vsearch v2.30.0_linux_x86_64, 94.1GB RAM, 24 cores
https://github.com/torognes/vsearch

Reading file results/clustering/cdr/r3_comp_zikv/cdr3_clusters/850fad6a-cc3b-4fa8-b29b-280f34b6f9e1-IGK.fasta 100%
78 nt in 3 seqs, min 21, max 30, avg 26
minseqlength 6: 5 sequences discarded.
Masking 100%
Sorting by length 100%
Counting k-mers 100%
Clustering 100%
Sorting clusters 100%
Writing clusters 100%
Clusters: 3 Size min 1, max 1, avg 1.0
Singletons: 3, 100.0% of seqs, 100.0% of clusters
Multiple alignments 100%
vsearch v2.30.0_linux_x86_64, 94.1GB RAM, 24 cores
https://github.com/torognes/vsearch

Reading file results/clustering/cdr/r3_comp_zikv/cdr3_clusters/3357db9e-4744-4de4-9b9f-7a1d99483a0e-IGK.fasta 100%
62 nt in 2 seqs, min 31, max 31, avg 31
minseqlength 6: 31 sequences discarded.
Masking 100%
Sorting by length 100%
Counting k-mers 100%
Clustering 100%
Sorting clusters 100%
Writing clusters 100%
Clusters: 2 Size min 1, max 1, avg 1.0
Singletons: 2, 100.0% of seqs, 100.0% of clusters
Multiple alignments 100%
vsearch v2.30.0_linux_x86_64, 94.1GB RAM, 24 cores
https://github.com/torognes/vsearch

Reading file results/clustering/cdr/r3_comp_zikv/cdr3_clusters/3cebe0a4-27bf-4da8-b115-a537623aa4ce-IGK.fasta 100%
262 nt in 9 seqs, min 19, max 33, avg 29
Masking 100%
Sorting by length 100%
Counting k-mers 100%
Clustering 100%
Sorting clusters 100%
Writing clusters 100%
Clusters: 5 Size min 1, max 5, avg 1.8
Singletons: 4, 44.4% of seqs, 80.0% of clusters
Multiple alignments 100%
vsearch v2.30.0_linux_x86_64, 94.1GB RAM, 24 cores
https://github.com/torognes/vsearch

Reading file results/clustering/cdr/r3_comp_zikv/cdr3_clusters/511c9fbc-a80b-4ebc-9652-bea48305c5dd-IGK.fasta 100%
789 nt in 29 seqs, min 24, max 30, avg 27
Masking 100%
Sorting by length 100%
Counting k-mers 100%
Clustering 100%
Sorting clusters 100%
Writing clusters 100%
Clusters: 27 Size min 1, max 2, avg 1.1
Singletons: 25, 86.2% of seqs, 92.6% of clusters
Multiple alignments 100%
vsearch v2.30.0_linux_x86_64, 94.1GB RAM, 24 cores
https://github.com/torognes/vsearch

Reading file results/clustering/cdr/r3_comp_zikv/cdr3_clusters/8bc4b341-e805-4ec9-b7f4-8550e27c8cce-IGK.fasta 100%
457 nt in 18 seqs, min 16, max 31, avg 25
minseqlength 6: 3082 sequences discarded.
Masking 100%
Sorting by length 100%
Counting k-mers 100%
Clustering 100%
Sorting clusters 100%
Writing clusters 100%
Clusters: 18 Size min 1, max 1, avg 1.0
Singletons: 18, 100.0% of seqs, 100.0% of clusters
Multiple alignments 100%
vsearch v2.30.0_linux_x86_64, 94.1GB RAM, 24 cores
https://github.com/torognes/vsearch

Reading file results/clustering/cdr/r3_comp_zikv/cdr3_clusters/c4aeec70-65dc-4abd-a430-aeb15fac856c-IGK.fasta 100%
135 nt in 5 seqs, min 27, max 27, avg 27
minseqlength 6: 2 sequences discarded.
Masking 100%
Sorting by length 100%
Counting k-mers 100%
Clustering 100%
Sorting clusters 100%
Writing clusters 100%
Clusters: 5 Size min 1, max 1, avg 1.0
Singletons: 5, 100.0% of seqs, 100.0% of clusters
Multiple alignments 100%
vsearch v2.30.0_linux_x86_64, 94.1GB RAM, 24 cores
https://github.com/torognes/vsearch

Reading file results/clustering/cdr/r3_comp_zikv/cdr3_clusters/ac74d79c-19c6-47c7-8a3f-51747c93074d-IGH.fasta 100%
319 nt in 6 seqs, min 42, max 67, avg 53
Masking 100%
Sorting by length 100%
Counting k-mers 100%
Clustering 100%
Sorting clusters 100%
Writing clusters 100%
Clusters: 6 Size min 1, max 1, avg 1.0
Singletons: 6, 100.0% of seqs, 100.0% of clusters
Multiple alignments 100%
vsearch v2.30.0_linux_x86_64, 94.1GB RAM, 24 cores
https://github.com/torognes/vsearch

Reading file results/clustering/cdr/r3_comp_zikv/cdr3_clusters/68bd4a98-21f7-404b-b6f7-75852a0bc98d-IGH.fasta 100%
1049 nt in 24 seqs, min 30, max 63, avg 44
Masking 100%
Sorting by length 100%
Counting k-mers 100%
Clustering 100%
Sorting clusters 100%
Writing clusters 100%
Clusters: 23 Size min 1, max 2, avg 1.0
Singletons: 22, 91.7% of seqs, 95.7% of clusters
Multiple alignments 100%
vsearch v2.30.0_linux_x86_64, 94.1GB RAM, 24 cores
https://github.com/torognes/vsearch

Reading file results/clustering/cdr/r3_comp_zikv/cdr3_clusters/eaddf437-fb22-4ed6-ac50-9aefecc11308-IGH.fasta 100%
550 nt in 13 seqs, min 24, max 57, avg 42
Masking 100%
Sorting by length 100%
Counting k-mers 100%
Clustering 100%
Sorting clusters 100%
Writing clusters 100%
Clusters: 13 Size min 1, max 1, avg 1.0
Singletons: 13, 100.0% of seqs, 100.0% of clusters
Multiple alignments 100%
vsearch v2.30.0_linux_x86_64, 94.1GB RAM, 24 cores
https://github.com/torognes/vsearch

Reading file results/clustering/cdr/r3_comp_zikv/cdr3_clusters/21e1df98-1c61-41b2-a9ed-f824e29944ef-IGK.fasta 100%
144 nt in 5 seqs, min 25, max 33, avg 29
minseqlength 6: 1 sequence discarded.
Masking 100%
Sorting by length 100%
Counting k-mers 100%
Clustering 100%
Sorting clusters 100%
Writing clusters 100%
Clusters: 5 Size min 1, max 1, avg 1.0
Singletons: 5, 100.0% of seqs, 100.0% of clusters
Multiple alignments 100%
vsearch v2.30.0_linux_x86_64, 94.1GB RAM, 24 cores
https://github.com/torognes/vsearch

Reading file results/clustering/cdr/r3_comp_zikv/cdr3_clusters/31406b07-524d-4dbe-891d-8b334b658f95-IGK.fasta 100%
546 nt in 19 seqs, min 21, max 33, avg 29
minseqlength 6: 4 sequences discarded.
Masking 100%
Sorting by length 100%
Counting k-mers 100%
Clustering 100%
Sorting clusters 100%
Writing clusters 100%
Clusters: 15 Size min 1, max 3, avg 1.3
Singletons: 12, 63.2% of seqs, 80.0% of clusters
Multiple alignments 100%
vsearch v2.30.0_linux_x86_64, 94.1GB RAM, 24 cores
https://github.com/torognes/vsearch

Reading file results/clustering/cdr/r3_comp_zikv/cdr3_clusters/bee7c1d1-60b6-48af-9875-65963ec0c599-IGK.fasta 100%
1167 nt in 43 seqs, min 20, max 33, avg 27
Masking 100%
Sorting by length 100%
Counting k-mers 100%
Clustering 100%
Sorting clusters 100%
Writing clusters 100%
Clusters: 37 Size min 1, max 3, avg 1.2
Singletons: 33, 76.7% of seqs, 89.2% of clusters
Multiple alignments 100%
vsearch v2.30.0_linux_x86_64, 94.1GB RAM, 24 cores
https://github.com/torognes/vsearch

Reading file results/clustering/cdr/r3_comp_zikv/cdr3_clusters/95c2e92a-9304-48d3-8991-5a0c7045ff21-IGK.fasta 100%
62 nt in 2 seqs, min 30, max 32, avg 31
minseqlength 6: 47 sequences discarded.
Masking 100%
Sorting by length 100%
Counting k-mers 100%
Clustering 100%
Sorting clusters 100%
Writing clusters 100%
Clusters: 1 Size min 2, max 2, avg 2.0
Singletons: 0, 0.0% of seqs, 0.0% of clusters
Multiple alignments 100%
vsearch v2.30.0_linux_x86_64, 94.1GB RAM, 24 cores
https://github.com/torognes/vsearch

Reading file results/clustering/cdr/r3_comp_zikv/cdr3_clusters/a5b36899-a0f9-4a34-a910-70f879883e49-IGK.fasta 100%
0 nt in 0 seqs
minseqlength 6: 2 sequences discarded.
Masking 100%
Sorting by length 100%
Counting k-mers 100%
Clustering 100%
Sorting clusters 100%
Writing clusters 100%
Clusters: 0
Singletons: 0
Multiple alignments 100%
vsearch v2.30.0_linux_x86_64, 94.1GB RAM, 24 cores
https://github.com/torognes/vsearch

Reading file results/clustering/cdr/r3_comp_zikv/cdr3_clusters/500241cf-251b-46fc-abcd-8d136afe68cb-IGH.fasta 100%
0 nt in 0 seqs
minseqlength 6: 3 sequences discarded.
Masking 100%
Sorting by length 100%
Counting k-mers 100%
Clustering 100%
Sorting clusters 100%
Writing clusters 100%
Clusters: 0
Singletons: 0
Multiple alignments 100%
vsearch v2.30.0_linux_x86_64, 94.1GB RAM, 24 cores
https://github.com/torognes/vsearch

Reading file results/clustering/cdr/r3_comp_zikv/cdr3_clusters/355aead7-334a-4f1d-84c8-09ea8a461187-IGK.fasta 100%
0 nt in 0 seqs
minseqlength 6: 2 sequences discarded.
Masking 100%
Sorting by length 100%
Counting k-mers 100%
Clustering 100%
Sorting clusters 100%
Writing clusters 100%
Clusters: 0
Singletons: 0
Multiple alignments 100%
vsearch v2.30.0_linux_x86_64, 94.1GB RAM, 24 cores
https://github.com/torognes/vsearch

Reading file results/clustering/cdr/r3_comp_zikv/cdr3_clusters/1a4e5ad8-a43b-4284-89db-4906f37f04ad-IGK.fasta 100%
0 nt in 0 seqs
minseqlength 6: 2 sequences discarded.
Masking 100%
Sorting by length 100%
Counting k-mers 100%
Clustering 100%
Sorting clusters 100%
Writing clusters 100%
Clusters: 0
Singletons: 0
Multiple alignments 100%
vsearch v2.30.0_linux_x86_64, 94.1GB RAM, 24 cores
https://github.com/torognes/vsearch

Reading file results/clustering/cdr/r3_comp_zikv/cdr3_clusters/e89a5c33-08c2-4e1f-aed6-1478abfd145e-IGH.fasta 100%
0 nt in 0 seqs
minseqlength 6: 6 sequences discarded.
Masking 100%
Sorting by length 100%
Counting k-mers 100%
Clustering 100%
Sorting clusters 100%
Writing clusters 100%
Clusters: 0
Singletons: 0
Multiple alignments 100%
vsearch v2.30.0_linux_x86_64, 94.1GB RAM, 24 cores
https://github.com/torognes/vsearch

Reading file results/clustering/cdr/r3_comp_zikv/cdr3_clusters/344c028c-35d2-48eb-acb6-d229b5859b33-IGK.fasta 100%
0 nt in 0 seqs
minseqlength 6: 11 sequences discarded.
Masking 100%
Sorting by length 100%
Counting k-mers 100%
Clustering 100%
Sorting clusters 100%
Writing clusters 100%
Clusters: 0
Singletons: 0
Multiple alignments 100%
vsearch v2.30.0_linux_x86_64, 94.1GB RAM, 24 cores
https://github.com/torognes/vsearch

Reading file results/clustering/cdr/r3_comp_zikv/cdr3_clusters/68b9473a-ff63-4140-8f1f-6938494582fd-IGH.fasta 100%
322 nt in 7 seqs, min 39, max 54, avg 46
Masking 100%
Sorting by length 100%
Counting k-mers 100%
Clustering 100%
Sorting clusters 100%
Writing clusters 100%
Clusters: 6 Size min 1, max 2, avg 1.2
Singletons: 5, 71.4% of seqs, 83.3% of clusters
Multiple alignments 100%
vsearch v2.30.0_linux_x86_64, 94.1GB RAM, 24 cores
https://github.com/torognes/vsearch

Reading file results/clustering/cdr/r3_comp_zikv/cdr3_clusters/10bbc3bc-0934-47ca-aa87-53a8ad96ea95-IGK.fasta 100%
27 nt in 1 seqs, min 27, max 27, avg 27
minseqlength 6: 4 sequences discarded.
Masking 100%
Sorting by length 100%
Counting k-mers 100%
Clustering 100%
Sorting clusters 100%
Writing clusters 100%
Clusters: 1 Size min 1, max 1, avg 1.0
Singletons: 1, 100.0% of seqs, 100.0% of clusters
Multiple alignments 100%
vsearch v2.30.0_linux_x86_64, 94.1GB RAM, 24 cores
https://github.com/torognes/vsearch

Reading file results/clustering/cdr/r3_comp_zikv/cdr3_clusters/0281856a-1adb-49ca-8311-7ece9f522eeb-IGH.fasta 100%
0 nt in 0 seqs
minseqlength 6: 1 sequence discarded.
Masking 100%
Sorting by length 100%
Counting k-mers 100%
Clustering 100%
Sorting clusters 100%
Writing clusters 100%
Clusters: 0
Singletons: 0
Multiple alignments 100%
vsearch v2.30.0_linux_x86_64, 94.1GB RAM, 24 cores
https://github.com/torognes/vsearch

Reading file results/clustering/cdr/r3_comp_zikv/cdr3_clusters/4d03362a-3191-4d44-bcaf-05f1bcc16592-IGK.fasta 100%
284 nt in 10 seqs, min 26, max 30, avg 28
Masking 100%
Sorting by length 100%
Counting k-mers 100%
Clustering 100%
Sorting clusters 100%
Writing clusters 100%
Clusters: 10 Size min 1, max 1, avg 1.0
Singletons: 10, 100.0% of seqs, 100.0% of clusters
Multiple alignments 100%
vsearch v2.30.0_linux_x86_64, 94.1GB RAM, 24 cores
https://github.com/torognes/vsearch

Reading file results/clustering/cdr/r3_comp_zikv/cdr3_clusters/39353759-d48f-41a8-81f0-5ea6a89bf630-IGK.fasta 100%
0 nt in 0 seqs
Masking 100%
Sorting by length 100%
Counting k-mers 100%
Clustering 100%
Sorting clusters 100%
Writing clusters 100%
Clusters: 0
Singletons: 0
Multiple alignments 100%
vsearch v2.30.0_linux_x86_64, 94.1GB RAM, 24 cores
https://github.com/torognes/vsearch

Reading file results/clustering/cdr/r3_comp_zikv/cdr3_clusters/607e79d7-5248-401e-aa83-8a51f5636bca-IGH.fasta 100%
0 nt in 0 seqs
minseqlength 6: 9 sequences discarded.
Masking 100%
Sorting by length 100%
Counting k-mers 100%
Clustering 100%
Sorting clusters 100%
Writing clusters 100%
Clusters: 0
Singletons: 0
Multiple alignments 100%
vsearch v2.30.0_linux_x86_64, 94.1GB RAM, 24 cores
https://github.com/torognes/vsearch

Reading file results/clustering/cdr/r3_comp_zikv/cdr3_clusters/2777c1ad-53ce-45dc-a2b2-c500d6f0f8a6-IGH.fasta 100%
0 nt in 0 seqs
minseqlength 6: 7 sequences discarded.
Masking 100%
Sorting by length 100%
Counting k-mers 100%
Clustering 100%
Sorting clusters 100%
Writing clusters 100%
Clusters: 0
Singletons: 0
Multiple alignments 100%
vsearch v2.30.0_linux_x86_64, 94.1GB RAM, 24 cores
https://github.com/torognes/vsearch

Reading file results/clustering/cdr/r3_comp_zikv/cdr3_clusters/48a50ee4-3be2-4d4e-b4df-3e17dfffe7f7-IGH.fasta 100%
197 nt in 5 seqs, min 36, max 45, avg 39
Masking 100%
Sorting by length 100%
Counting k-mers 100%
Clustering 100%
Sorting clusters 100%
Writing clusters 100%
Clusters: 5 Size min 1, max 1, avg 1.0
Singletons: 5, 100.0% of seqs, 100.0% of clusters
Multiple alignments 100%
vsearch v2.30.0_linux_x86_64, 94.1GB RAM, 24 cores
https://github.com/torognes/vsearch

Reading file results/clustering/cdr/r3_comp_zikv/cdr3_clusters/76779e57-fd9a-4533-bed4-84aea8fad62e-IGK.fasta 100%
0 nt in 0 seqs
minseqlength 6: 1 sequence discarded.
Masking 100%
Sorting by length 100%
Counting k-mers 100%
Clustering 100%
Sorting clusters 100%
Writing clusters 100%
Clusters: 0
Singletons: 0
Multiple alignments 100%
vsearch v2.30.0_linux_x86_64, 94.1GB RAM, 24 cores
https://github.com/torognes/vsearch

Reading file results/clustering/cdr/r3_comp_zikv/cdr3_clusters/193bb0de-1050-4a43-8bd0-a23fd240ef52-IGK.fasta 100%
0 nt in 0 seqs
minseqlength 6: 4 sequences discarded.
Masking 100%
Sorting by length 100%
Counting k-mers 100%
Clustering 100%
Sorting clusters 100%
Writing clusters 100%
Clusters: 0
Singletons: 0
Multiple alignments 100%
vsearch v2.30.0_linux_x86_64, 94.1GB RAM, 24 cores
https://github.com/torognes/vsearch

Reading file results/clustering/cdr/r3_comp_zikv/cdr3_clusters/0428d6af-4c9f-47b4-b28e-d21a34da0f21-IGH.fasta 100%
0 nt in 0 seqs
Masking 100%
Sorting by length 100%
Counting k-mers 100%
Clustering 100%
Sorting clusters 100%
Writing clusters 100%
Clusters: 0
Singletons: 0
Multiple alignments 100%
vsearch v2.30.0_linux_x86_64, 94.1GB RAM, 24 cores
https://github.com/torognes/vsearch

Reading file results/clustering/cdr/r3_comp_zikv/cdr3_clusters/f52a2ed4-b300-4e21-9ae5-e731b48849a1-IGH.fasta 100%
267 nt in 7 seqs, min 22, max 54, avg 38
Masking 100%
Sorting by length 100%
Counting k-mers 100%
Clustering 100%
Sorting clusters 100%
Writing clusters 100%
Clusters: 7 Size min 1, max 1, avg 1.0
Singletons: 7, 100.0% of seqs, 100.0% of clusters
Multiple alignments 100%
vsearch v2.30.0_linux_x86_64, 94.1GB RAM, 24 cores
https://github.com/torognes/vsearch

Reading file results/clustering/cdr/r3_comp_zikv/cdr3_clusters/93314702-ef01-48b3-945a-ccbdc6538d2e-IGK.fasta 100%
615 nt in 24 seqs, min 15, max 28, avg 26
Masking 100%
Sorting by length 100%
Counting k-mers 100%
Clustering 100%
Sorting clusters 100%
Writing clusters 100%
Clusters: 16 Size min 1, max 5, avg 1.5
Singletons: 13, 54.2% of seqs, 81.2% of clusters
Multiple alignments 100%
vsearch v2.30.0_linux_x86_64, 94.1GB RAM, 24 cores
https://github.com/torognes/vsearch

Reading file results/clustering/cdr/r3_comp_zikv/cdr3_clusters/32de1fca-a3d6-48c5-9683-94d123d072ba-IGH.fasta 100%
0 nt in 0 seqs
minseqlength 6: 182 sequences discarded.
Masking 100%
Sorting by length 100%
Counting k-mers 100%
Clustering 100%
Sorting clusters 100%
Writing clusters 100%
Clusters: 0
Singletons: 0
Multiple alignments 100%
vsearch v2.30.0_linux_x86_64, 94.1GB RAM, 24 cores
https://github.com/torognes/vsearch

Reading file results/clustering/cdr/r3_comp_zikv/cdr3_clusters/0f5e0e4c-f5b2-4b88-9e39-16aba5cdcad9-IGK.fasta 100%
1044 nt in 38 seqs, min 15, max 34, avg 27
Masking 100%
Sorting by length 100%
Counting k-mers 100%
Clustering 100%
Sorting clusters 100%
Writing clusters 100%
Clusters: 37 Size min 1, max 2, avg 1.0
Singletons: 36, 94.7% of seqs, 97.3% of clusters
Multiple alignments 100%
vsearch v2.30.0_linux_x86_64, 94.1GB RAM, 24 cores
https://github.com/torognes/vsearch

Reading file results/clustering/cdr/r3_comp_zikv/cdr3_clusters/00734b26-47bd-4cef-b240-01d982b05238-IGK.fasta 100%
123 nt in 5 seqs, min 21, max 27, avg 25
Masking 100%
Sorting by length 100%
Counting k-mers 100%
Clustering 100%
Sorting clusters 100%
Writing clusters 100%
Clusters: 5 Size min 1, max 1, avg 1.0
Singletons: 5, 100.0% of seqs, 100.0% of clusters
Multiple alignments 100%
vsearch v2.30.0_linux_x86_64, 94.1GB RAM, 24 cores
https://github.com/torognes/vsearch

Reading file results/clustering/cdr/r3_comp_zikv/cdr3_clusters/df8f6e8b-8c65-41e3-b540-e46e100dbd54-IGH.fasta 100%
685 nt in 15 seqs, min 29, max 69, avg 46
Masking 100%
Sorting by length 100%
Counting k-mers 100%
Clustering 100%
Sorting clusters 100%
Writing clusters 100%
Clusters: 14 Size min 1, max 2, avg 1.1
Singletons: 13, 86.7% of seqs, 92.9% of clusters
Multiple alignments 100%
vsearch v2.30.0_linux_x86_64, 94.1GB RAM, 24 cores
https://github.com/torognes/vsearch

Reading file results/clustering/cdr/r3_comp_zikv/cdr3_clusters/e6e7cccd-1991-4289-8cc2-aa1e5c0923ff-IGH.fasta 100%
68 nt in 2 seqs, min 28, max 40, avg 34
minseqlength 6: 49 sequences discarded.
Masking 100%
Sorting by length 100%
Counting k-mers 100%
Clustering 100%
Sorting clusters 100%
Writing clusters 100%
Clusters: 2 Size min 1, max 1, avg 1.0
Singletons: 2, 100.0% of seqs, 100.0% of clusters
Multiple alignments 100%
vsearch v2.30.0_linux_x86_64, 94.1GB RAM, 24 cores
https://github.com/torognes/vsearch

Reading file results/clustering/cdr/r3_comp_zikv/cdr3_clusters/d1e2282b-6511-43f4-a63c-45c153e69407-IGH.fasta 100%
0 nt in 0 seqs
Masking 100%
Sorting by length 100%
Counting k-mers 100%
Clustering 100%
Sorting clusters 100%
Writing clusters 100%
Clusters: 0
Singletons: 0
Multiple alignments 100%
vsearch v2.30.0_linux_x86_64, 94.1GB RAM, 24 cores
https://github.com/torognes/vsearch

Reading file results/clustering/cdr/r3_comp_zikv/cdr3_clusters/7dffeded-e1fd-477f-a727-509ea23a945b-IGK.fasta 100%
0 nt in 0 seqs
Masking 100%
Sorting by length 100%
Counting k-mers 100%
Clustering 100%
Sorting clusters 100%
Writing clusters 100%
Clusters: 0
Singletons: 0
Multiple alignments 100%
vsearch v2.30.0_linux_x86_64, 94.1GB RAM, 24 cores
https://github.com/torognes/vsearch

Reading file results/clustering/cdr/r3_comp_zikv/cdr3_clusters/f2412858-c2d2-4769-a89d-e547678cfa4e-IGH.fasta 100%
0 nt in 0 seqs
minseqlength 6: 96 sequences discarded.
Masking 100%
Sorting by length 100%
Counting k-mers 100%
Clustering 100%
Sorting clusters 100%
Writing clusters 100%
Clusters: 0
Singletons: 0
Multiple alignments 100%
vsearch v2.30.0_linux_x86_64, 94.1GB RAM, 24 cores
https://github.com/torognes/vsearch

Reading file results/clustering/cdr/r3_comp_zikv/cdr3_clusters/4ff40b75-59f8-4eb3-9fd7-f6588d64151b-IGK.fasta 100%
0 nt in 0 seqs
minseqlength 6: 18 sequences discarded.
Masking 100%
Sorting by length 100%
Counting k-mers 100%
Clustering 100%
Sorting clusters 100%
Writing clusters 100%
Clusters: 0
Singletons: 0
Multiple alignments 100%
vsearch v2.30.0_linux_x86_64, 94.1GB RAM, 24 cores
https://github.com/torognes/vsearch

Reading file results/clustering/cdr/r3_comp_zikv/cdr3_clusters/b084f6a3-33ff-4239-b358-a0f37c153f16-IGK.fasta 100%
0 nt in 0 seqs
minseqlength 6: 28 sequences discarded.
Masking 100%
Sorting by length 100%
Counting k-mers 100%
Clustering 100%
Sorting clusters 100%
Writing clusters 100%
Clusters: 0
Singletons: 0
Multiple alignments 100%
vsearch v2.30.0_linux_x86_64, 94.1GB RAM, 24 cores
https://github.com/torognes/vsearch

Reading file results/clustering/cdr/r3_comp_zikv/cdr3_clusters/45de39c2-92c2-41be-bb5c-a12f91c197b0-IGK.fasta 100%
303 nt in 11 seqs, min 23, max 30, avg 28
minseqlength 6: 39 sequences discarded.
Masking 100%
Sorting by length 100%
Counting k-mers 100%
Clustering 100%
Sorting clusters 100%
Writing clusters 100%
Clusters: 8 Size min 1, max 2, avg 1.4
Singletons: 5, 45.5% of seqs, 62.5% of clusters
Multiple alignments 100%
vsearch v2.30.0_linux_x86_64, 94.1GB RAM, 24 cores
https://github.com/torognes/vsearch

Reading file results/clustering/cdr/r3_comp_zikv/cdr3_clusters/48028624-e9e4-4ef3-89f1-93ddd7d706b6-IGK.fasta 100%
194 nt in 7 seqs, min 26, max 30, avg 28
Masking 100%
Sorting by length 100%
Counting k-mers 100%
Clustering 100%
Sorting clusters 100%
Writing clusters 100%
Clusters: 6 Size min 1, max 2, avg 1.2
Singletons: 5, 71.4% of seqs, 83.3% of clusters
Multiple alignments 100%
vsearch v2.30.0_linux_x86_64, 94.1GB RAM, 24 cores
https://github.com/torognes/vsearch

Reading file results/clustering/cdr/r3_comp_zikv/cdr3_clusters/95225738-8719-43aa-be21-fac43bbdb324-IGK.fasta 100%
222 nt in 8 seqs, min 27, max 30, avg 28
Masking 100%
Sorting by length 100%
Counting k-mers 100%
Clustering 100%
Sorting clusters 100%
Writing clusters 100%
Clusters: 8 Size min 1, max 1, avg 1.0
Singletons: 8, 100.0% of seqs, 100.0% of clusters
Multiple alignments 100%
vsearch v2.30.0_linux_x86_64, 94.1GB RAM, 24 cores
https://github.com/torognes/vsearch

Reading file results/clustering/cdr/r3_comp_zikv/cdr3_clusters/fe92ee90-a5c0-4ed4-8852-86302ae0f07f-IGK.fasta 100%
554 nt in 21 seqs, min 18, max 31, avg 26
Masking 100%
Sorting by length 100%
Counting k-mers 100%
Clustering 100%
Sorting clusters 100%
Writing clusters 100%
Clusters: 21 Size min 1, max 1, avg 1.0
Singletons: 21, 100.0% of seqs, 100.0% of clusters
Multiple alignments 100%
vsearch v2.30.0_linux_x86_64, 94.1GB RAM, 24 cores
https://github.com/torognes/vsearch

Reading file results/clustering/cdr/r3_comp_zikv/cdr3_clusters/a0916652-cd7f-4d62-a5cd-3de7339c061d-IGK.fasta 100%
0 nt in 0 seqs
minseqlength 6: 14 sequences discarded.
Masking 100%
Sorting by length 100%
Counting k-mers 100%
Clustering 100%
Sorting clusters 100%
Writing clusters 100%
Clusters: 0
Singletons: 0
Multiple alignments 100%
vsearch v2.30.0_linux_x86_64, 94.1GB RAM, 24 cores
https://github.com/torognes/vsearch

Reading file results/clustering/cdr/r3_comp_zikv/cdr3_clusters/54d00308-2048-4fb8-8c20-d9e0fd5977fe-IGK.fasta 100%
129 nt in 5 seqs, min 24, max 27, avg 26
Masking 100%
Sorting by length 100%
Counting k-mers 100%
Clustering 100%
Sorting clusters 100%
Writing clusters 100%
Clusters: 5 Size min 1, max 1, avg 1.0
Singletons: 5, 100.0% of seqs, 100.0% of clusters
Multiple alignments 100%
vsearch v2.30.0_linux_x86_64, 94.1GB RAM, 24 cores
https://github.com/torognes/vsearch

Reading file results/clustering/cdr/r3_comp_zikv/cdr3_clusters/2b3c5be4-312b-4699-b025-f518d4bcf1bc-IGK.fasta 100%
0 nt in 0 seqs
minseqlength 6: 14 sequences discarded.
Masking 100%
Sorting by length 100%
Counting k-mers 100%
Clustering 100%
Sorting clusters 100%
Writing clusters 100%
Clusters: 0
Singletons: 0
Multiple alignments 100%
vsearch v2.30.0_linux_x86_64, 94.1GB RAM, 24 cores
https://github.com/torognes/vsearch

Reading file results/clustering/cdr/r3_comp_zikv/cdr3_clusters/4ff40576-558c-4e90-a4c3-70c019a0aec8-IGK.fasta 100%
667 nt in 25 seqs, min 14, max 33, avg 27
Masking 100%
Sorting by length 100%
Counting k-mers 100%
Clustering 100%
Sorting clusters 100%
Writing clusters 100%
Clusters: 24 Size min 1, max 2, avg 1.0
Singletons: 23, 92.0% of seqs, 95.8% of clusters
Multiple alignments 100%
vsearch v2.30.0_linux_x86_64, 94.1GB RAM, 24 cores
https://github.com/torognes/vsearch

Reading file results/clustering/cdr/r3_comp_zikv/cdr3_clusters/05fdf677-76f5-4065-a93d-a07e4ce21f3b-IGH.fasta 100%
0 nt in 0 seqs
minseqlength 6: 4 sequences discarded.
Masking 100%
Sorting by length 100%
Counting k-mers 100%
Clustering 100%
Sorting clusters 100%
Writing clusters 100%
Clusters: 0
Singletons: 0
Multiple alignments 100%
vsearch v2.30.0_linux_x86_64, 94.1GB RAM, 24 cores
https://github.com/torognes/vsearch

Reading file results/clustering/cdr/r3_comp_zikv/cdr3_clusters/057b6baa-0397-4e8e-82ac-09fd0b53b3f2-IGH.fasta 100%
0 nt in 0 seqs
minseqlength 6: 3 sequences discarded.
Masking 100%
Sorting by length 100%
Counting k-mers 100%
Clustering 100%
Sorting clusters 100%
Writing clusters 100%
Clusters: 0
Singletons: 0
Multiple alignments 100%
vsearch v2.30.0_linux_x86_64, 94.1GB RAM, 24 cores
https://github.com/torognes/vsearch

Reading file results/clustering/cdr/r3_comp_zikv/cdr3_clusters/92d5a3e6-bf52-485f-b43c-5fa36b1c2c50-IGK.fasta 100%
0 nt in 0 seqs
minseqlength 6: 6 sequences discarded.
Masking 100%
Sorting by length 100%
Counting k-mers 100%
Clustering 100%
Sorting clusters 100%
Writing clusters 100%
Clusters: 0
Singletons: 0
Multiple alignments 100%
vsearch v2.30.0_linux_x86_64, 94.1GB RAM, 24 cores
https://github.com/torognes/vsearch

Reading file results/clustering/cdr/r3_comp_zikv/cdr3_clusters/38ed4ce4-9854-41b7-aa33-1b4dd7416214-IGH.fasta 100%
539 nt in 17 seqs, min 15, max 45, avg 32
Masking 100%
Sorting by length 100%
Counting k-mers 100%
Clustering 100%
Sorting clusters 100%
Writing clusters 100%
Clusters: 16 Size min 1, max 2, avg 1.1
Singletons: 15, 88.2% of seqs, 93.8% of clusters
Multiple alignments 100%
vsearch v2.30.0_linux_x86_64, 94.1GB RAM, 24 cores
https://github.com/torognes/vsearch

Reading file results/clustering/cdr/r3_comp_zikv/cdr3_clusters/ee1c1843-f6a7-4ceb-9305-e29ab2127ff4-IGK.fasta 100%
156 nt in 6 seqs, min 21, max 31, avg 26
Masking 100%
Sorting by length 100%
Counting k-mers 100%
Clustering 100%
Sorting clusters 100%
Writing clusters 100%
Clusters: 6 Size min 1, max 1, avg 1.0
Singletons: 6, 100.0% of seqs, 100.0% of clusters
Multiple alignments 100%
vsearch v2.30.0_linux_x86_64, 94.1GB RAM, 24 cores
https://github.com/torognes/vsearch

Reading file results/clustering/cdr/r3_comp_zikv/cdr3_clusters/011168c5-96f6-4975-b88f-886341486c9a-IGK.fasta 100%
0 nt in 0 seqs
minseqlength 6: 1 sequence discarded.
Masking 100%
Sorting by length 100%
Counting k-mers 100%
Clustering 100%
Sorting clusters 100%
Writing clusters 100%
Clusters: 0
Singletons: 0
Multiple alignments 100%
vsearch v2.30.0_linux_x86_64, 94.1GB RAM, 24 cores
https://github.com/torognes/vsearch

Reading file results/clustering/cdr/r3_comp_zikv/cdr3_clusters/487f0107-78eb-4bcc-b1ea-6f89e6896a32-IGH.fasta 100%
273 nt in 8 seqs, min 26, max 45, avg 34
Masking 100%
Sorting by length 100%
Counting k-mers 100%
Clustering 100%
Sorting clusters 100%
Writing clusters 100%
Clusters: 6 Size min 1, max 2, avg 1.3
Singletons: 4, 50.0% of seqs, 66.7% of clusters
Multiple alignments 100%
vsearch v2.30.0_linux_x86_64, 94.1GB RAM, 24 cores
https://github.com/torognes/vsearch

Reading file results/clustering/cdr/r3_comp_zikv/cdr3_clusters/502e96f7-edc1-4afe-89f9-4e6b5ce342ba-IGK.fasta 100%
0 nt in 0 seqs
minseqlength 6: 14 sequences discarded.
Masking 100%
Sorting by length 100%
Counting k-mers 100%
Clustering 100%
Sorting clusters 100%
Writing clusters 100%
Clusters: 0
Singletons: 0
Multiple alignments 100%
vsearch v2.30.0_linux_x86_64, 94.1GB RAM, 24 cores
https://github.com/torognes/vsearch

Reading file results/clustering/cdr/r3_comp_zikv/cdr3_clusters/402d5222-a791-4ae2-9fce-137efac8326e-IGH.fasta 100%
273 nt in 5 seqs, min 49, max 60, avg 55
minseqlength 6: 1 sequence discarded.
Masking 100%
Sorting by length 100%
Counting k-mers 100%
Clustering 100%
Sorting clusters 100%
Writing clusters 100%
Clusters: 5 Size min 1, max 1, avg 1.0
Singletons: 5, 100.0% of seqs, 100.0% of clusters
Multiple alignments 100%
vsearch v2.30.0_linux_x86_64, 94.1GB RAM, 24 cores
https://github.com/torognes/vsearch

Reading file results/clustering/cdr/r3_comp_zikv/cdr3_clusters/a75836e4-d841-4b1c-928b-0e13f7ea4545-IGH.fasta 100%
167 nt in 2 seqs, min 40, max 127, avg 84
minseqlength 6: 1 sequence discarded.
Masking 100%
Sorting by length 100%
Counting k-mers 100%
Clustering 100%
Sorting clusters 100%
Writing clusters 100%
Clusters: 2 Size min 1, max 1, avg 1.0
Singletons: 2, 100.0% of seqs, 100.0% of clusters
Multiple alignments 100%
vsearch v2.30.0_linux_x86_64, 94.1GB RAM, 24 cores
https://github.com/torognes/vsearch

Reading file results/clustering/cdr/r3_comp_zikv/cdr3_clusters/7d833f29-9d34-4d24-ac41-d5fd37e39ff5-IGK.fasta 100%
106 nt in 5 seqs, min 16, max 30, avg 21
Masking 100%
Sorting by length 100%
Counting k-mers 100%
Clustering 100%
Sorting clusters 100%
Writing clusters 100%
Clusters: 4 Size min 1, max 2, avg 1.2
Singletons: 3, 60.0% of seqs, 75.0% of clusters
Multiple alignments 100%
vsearch v2.30.0_linux_x86_64, 94.1GB RAM, 24 cores
https://github.com/torognes/vsearch

Reading file results/clustering/cdr/r3_comp_zikv/cdr3_clusters/0cb5eb79-0a82-466c-aa6e-3207f34ea594-IGH.fasta 100%
0 nt in 0 seqs
minseqlength 6: 6 sequences discarded.
Masking 100%
Sorting by length 100%
Counting k-mers 100%
Clustering 100%
Sorting clusters 100%
Writing clusters 100%
Clusters: 0
Singletons: 0
Multiple alignments 100%
vsearch v2.30.0_linux_x86_64, 94.1GB RAM, 24 cores
https://github.com/torognes/vsearch

Reading file results/clustering/cdr/r3_comp_zikv/cdr3_clusters/d8f43747-5cb6-4ab2-94dd-2ceb1bd620aa-IGK.fasta 100%
372 nt in 14 seqs, min 22, max 30, avg 27
Masking 100%
Sorting by length 100%
Counting k-mers 100%
Clustering 100%
Sorting clusters 100%
Writing clusters 100%
Clusters: 14 Size min 1, max 1, avg 1.0
Singletons: 14, 100.0% of seqs, 100.0% of clusters
Multiple alignments 100%
vsearch v2.30.0_linux_x86_64, 94.1GB RAM, 24 cores
https://github.com/torognes/vsearch

Reading file results/clustering/cdr/r3_comp_zikv/cdr3_clusters/6b879d8d-6792-4fb1-806c-b26f38e88734-IGK.fasta 100%
0 nt in 0 seqs
minseqlength 6: 7 sequences discarded.
Masking 100%
Sorting by length 100%
Counting k-mers 100%
Clustering 100%
Sorting clusters 100%
Writing clusters 100%
Clusters: 0
Singletons: 0
Multiple alignments 100%
vsearch v2.30.0_linux_x86_64, 94.1GB RAM, 24 cores
https://github.com/torognes/vsearch

Reading file results/clustering/cdr/r3_comp_zikv/cdr3_clusters/ae8dde1d-2c63-4f7c-b5b2-d2f5a6ac9239-IGK.fasta 100%
0 nt in 0 seqs
minseqlength 6: 6 sequences discarded.
Masking 100%
Sorting by length 100%
Counting k-mers 100%
Clustering 100%
Sorting clusters 100%
Writing clusters 100%
Clusters: 0
Singletons: 0
Multiple alignments 100%
vsearch v2.30.0_linux_x86_64, 94.1GB RAM, 24 cores
https://github.com/torognes/vsearch

Reading file results/clustering/cdr/r3_comp_zikv/cdr3_clusters/891926e3-4ee2-4a26-9daf-2b761c71a916-IGH.fasta 100%
443 nt in 9 seqs, min 39, max 57, avg 49
Masking 100%
Sorting by length 100%
Counting k-mers 100%
Clustering 100%
Sorting clusters 100%
Writing clusters 100%
Clusters: 7 Size min 1, max 2, avg 1.3
Singletons: 5, 55.6% of seqs, 71.4% of clusters
Multiple alignments 100%
vsearch v2.30.0_linux_x86_64, 94.1GB RAM, 24 cores
https://github.com/torognes/vsearch

Reading file results/clustering/cdr/r3_comp_zikv/cdr3_clusters/41fdbfef-2e2f-45dc-aee3-62e03ed4371c-IGH.fasta 100%
733 nt in 10 seqs, min 53, max 135, avg 73
Masking 100%
Sorting by length 100%
Counting k-mers 100%
Clustering 100%
Sorting clusters 100%
Writing clusters 100%
Clusters: 10 Size min 1, max 1, avg 1.0
Singletons: 10, 100.0% of seqs, 100.0% of clusters
Multiple alignments 100%
vsearch v2.30.0_linux_x86_64, 94.1GB RAM, 24 cores
https://github.com/torognes/vsearch

Reading file results/clustering/cdr/r3_comp_zikv/cdr3_clusters/36a15f9c-3186-4faa-9923-da423e8f92d1-IGK.fasta 100%
27 nt in 1 seqs, min 27, max 27, avg 27
minseqlength 6: 21 sequences discarded.
Masking 100%
Sorting by length 100%
Counting k-mers 100%
Clustering 100%
Sorting clusters 100%
Writing clusters 100%
Clusters: 1 Size min 1, max 1, avg 1.0
Singletons: 1, 100.0% of seqs, 100.0% of clusters
Multiple alignments 100%
vsearch v2.30.0_linux_x86_64, 94.1GB RAM, 24 cores
https://github.com/torognes/vsearch

Reading file results/clustering/cdr/r3_comp_zikv/cdr3_clusters/4242b450-71cb-4392-a1a4-01503fafd44e-IGH.fasta 100%
316 nt in 7 seqs, min 33, max 52, avg 45
Masking 100%
Sorting by length 100%
Counting k-mers 100%
Clustering 100%
Sorting clusters 100%
Writing clusters 100%
Clusters: 7 Size min 1, max 1, avg 1.0
Singletons: 7, 100.0% of seqs, 100.0% of clusters
Multiple alignments 100%
vsearch v2.30.0_linux_x86_64, 94.1GB RAM, 24 cores
https://github.com/torognes/vsearch

Reading file results/clustering/cdr/r3_comp_zikv/cdr3_clusters/26974385-404c-4f82-a702-d8c59cdde375-IGH.fasta 100%
0 nt in 0 seqs
minseqlength 6: 2 sequences discarded.
Masking 100%
Sorting by length 100%
Counting k-mers 100%
Clustering 100%
Sorting clusters 100%
Writing clusters 100%
Clusters: 0
Singletons: 0
Multiple alignments 100%
vsearch v2.30.0_linux_x86_64, 94.1GB RAM, 24 cores
https://github.com/torognes/vsearch

Reading file results/clustering/cdr/r3_comp_zikv/cdr3_clusters/c584051c-13c6-4087-801c-71ada8756502-IGK.fasta 100%
0 nt in 0 seqs
minseqlength 6: 1 sequence discarded.
Masking 100%
Sorting by length 100%
Counting k-mers 100%
Clustering 100%
Sorting clusters 100%
Writing clusters 100%
Clusters: 0
Singletons: 0
Multiple alignments 100%
vsearch v2.30.0_linux_x86_64, 94.1GB RAM, 24 cores
https://github.com/torognes/vsearch

Reading file results/clustering/cdr/r3_comp_zikv/cdr3_clusters/4d153b3a-8f43-4ae6-86f4-01cf7778b380-IGK.fasta 100%
0 nt in 0 seqs
minseqlength 6: 8 sequences discarded.
Masking 100%
Sorting by length 100%
Counting k-mers 100%
Clustering 100%
Sorting clusters 100%
Writing clusters 100%
Clusters: 0
Singletons: 0
Multiple alignments 100%
vsearch v2.30.0_linux_x86_64, 94.1GB RAM, 24 cores
https://github.com/torognes/vsearch

Reading file results/clustering/cdr/r3_comp_zikv/cdr3_clusters/cbc0c1e9-bf4b-4585-8144-65db88273a7c-IGH.fasta 100%
0 nt in 0 seqs
minseqlength 6: 31 sequences discarded.
Masking 100%
Sorting by length 100%
Counting k-mers 100%
Clustering 100%
Sorting clusters 100%
Writing clusters 100%
Clusters: 0
Singletons: 0
Multiple alignments 100%
vsearch v2.30.0_linux_x86_64, 94.1GB RAM, 24 cores
https://github.com/torognes/vsearch

Reading file results/clustering/cdr/r3_comp_zikv/cdr3_clusters/f450a2f1-8918-40ce-9730-470b8e95fe2e-IGH.fasta 100%
1333 nt in 31 seqs, min 29, max 57, avg 43
Masking 100%
Sorting by length 100%
Counting k-mers 100%
Clustering 100%
Sorting clusters 100%
Writing clusters 100%
Clusters: 31 Size min 1, max 1, avg 1.0
Singletons: 31, 100.0% of seqs, 100.0% of clusters
Multiple alignments 100%
vsearch v2.30.0_linux_x86_64, 94.1GB RAM, 24 cores
https://github.com/torognes/vsearch

Reading file results/clustering/cdr/r3_comp_zikv/cdr3_clusters/676c27d4-515d-4dc2-833e-158a6197bf51-IGH.fasta 100%
247 nt in 5 seqs, min 38, max 63, avg 49
Masking 100%
Sorting by length 100%
Counting k-mers 100%
Clustering 100%
Sorting clusters 100%
Writing clusters 100%
Clusters: 5 Size min 1, max 1, avg 1.0
Singletons: 5, 100.0% of seqs, 100.0% of clusters
Multiple alignments 100%
vsearch v2.30.0_linux_x86_64, 94.1GB RAM, 24 cores
https://github.com/torognes/vsearch

Reading file results/clustering/cdr/r3_comp_zikv/cdr3_clusters/53259c29-192b-4e34-8ca0-bfe6f8adeea9-IGK.fasta 100%
0 nt in 0 seqs
minseqlength 6: 3 sequences discarded.
Masking 100%
Sorting by length 100%
Counting k-mers 100%
Clustering 100%
Sorting clusters 100%
Writing clusters 100%
Clusters: 0
Singletons: 0
Multiple alignments 100%
vsearch v2.30.0_linux_x86_64, 94.1GB RAM, 24 cores
https://github.com/torognes/vsearch

Reading file results/clustering/cdr/r3_comp_zikv/cdr3_clusters/f8b0a282-7f6d-4983-a781-d363cc0099ee-IGK.fasta 100%
0 nt in 0 seqs
minseqlength 6: 9 sequences discarded.
Masking 100%
Sorting by length 100%
Counting k-mers 100%
Clustering 100%
Sorting clusters 100%
Writing clusters 100%
Clusters: 0
Singletons: 0
Multiple alignments 100%
vsearch v2.30.0_linux_x86_64, 94.1GB RAM, 24 cores
https://github.com/torognes/vsearch

Reading file results/clustering/cdr/r3_comp_zikv/cdr3_clusters/1141893b-c701-45f0-9123-eb641e0a60fb-IGH.fasta 100%
0 nt in 0 seqs
minseqlength 6: 7 sequences discarded.
Masking 100%
Sorting by length 100%
Counting k-mers 100%
Clustering 100%
Sorting clusters 100%
Writing clusters 100%
Clusters: 0
Singletons: 0
Multiple alignments 100%
vsearch v2.30.0_linux_x86_64, 94.1GB RAM, 24 cores
https://github.com/torognes/vsearch

Reading file results/clustering/cdr/r3_comp_zikv/cdr3_clusters/33813abf-75f9-46f4-9615-128a3fcaf056-IGK.fasta 100%
141 nt in 5 seqs, min 26, max 31, avg 28
Masking 100%
Sorting by length 100%
Counting k-mers 100%
Clustering 100%
Sorting clusters 100%
Writing clusters 100%
Clusters: 4 Size min 1, max 2, avg 1.2
Singletons: 3, 60.0% of seqs, 75.0% of clusters
Multiple alignments 100%
vsearch v2.30.0_linux_x86_64, 94.1GB RAM, 24 cores
https://github.com/torognes/vsearch

Reading file results/clustering/cdr/r3_comp_zikv/cdr3_clusters/454f3eac-f126-42c9-85ac-87d6ecf0c6c2-IGH.fasta 100%
189 nt in 5 seqs, min 32, max 44, avg 38
Masking 100%
Sorting by length 100%
Counting k-mers 100%
Clustering 100%
Sorting clusters 100%
Writing clusters 100%
Clusters: 5 Size min 1, max 1, avg 1.0
Singletons: 5, 100.0% of seqs, 100.0% of clusters
Multiple alignments 100%
vsearch v2.30.0_linux_x86_64, 94.1GB RAM, 24 cores
https://github.com/torognes/vsearch

Reading file results/clustering/cdr/r3_comp_zikv/cdr3_clusters/f3210819-0caf-447c-aa62-01f476b06e85-IGK.fasta 100%
0 nt in 0 seqs
minseqlength 6: 2 sequences discarded.
Masking 100%
Sorting by length 100%
Counting k-mers 100%
Clustering 100%
Sorting clusters 100%
Writing clusters 100%
Clusters: 0
Singletons: 0
Multiple alignments 100%
vsearch v2.30.0_linux_x86_64, 94.1GB RAM, 24 cores
https://github.com/torognes/vsearch

Reading file results/clustering/cdr/r3_comp_zikv/cdr3_clusters/f755069a-1140-493a-add0-21b48cbd1e00-IGH.fasta 100%
0 nt in 0 seqs
minseqlength 6: 3 sequences discarded.
Masking 100%
Sorting by length 100%
Counting k-mers 100%
Clustering 100%
Sorting clusters 100%
Writing clusters 100%
Clusters: 0
Singletons: 0
Multiple alignments 100%
vsearch v2.30.0_linux_x86_64, 94.1GB RAM, 24 cores
https://github.com/torognes/vsearch

Reading file results/clustering/cdr/r3_comp_zikv/cdr3_clusters/c4b6e2b4-4734-4d01-9ba9-44be4d1efe63-IGK.fasta 100%
192 nt in 7 seqs, min 27, max 30, avg 27
Masking 100%
Sorting by length 100%
Counting k-mers 100%
Clustering 100%
Sorting clusters 100%
Writing clusters 100%
Clusters: 5 Size min 1, max 3, avg 1.4
Singletons: 4, 57.1% of seqs, 80.0% of clusters
Multiple alignments 100%
vsearch v2.30.0_linux_x86_64, 94.1GB RAM, 24 cores
https://github.com/torognes/vsearch

Reading file results/clustering/cdr/r3_comp_zikv/cdr3_clusters/35d4739e-e474-4753-b925-8c859fb4287b-IGH.fasta 100%
0 nt in 0 seqs
minseqlength 6: 9 sequences discarded.
Masking 100%
Sorting by length 100%
Counting k-mers 100%
Clustering 100%
Sorting clusters 100%
Writing clusters 100%
Clusters: 0
Singletons: 0
Multiple alignments 100%
vsearch v2.30.0_linux_x86_64, 94.1GB RAM, 24 cores
https://github.com/torognes/vsearch

Reading file results/clustering/cdr/r3_comp_zikv/cdr3_clusters/677acada-0f7e-47aa-a903-9dd7063feda9-IGK.fasta 100%
80 nt in 3 seqs, min 26, max 27, avg 27
minseqlength 6: 36 sequences discarded.
Masking 100%
Sorting by length 100%
Counting k-mers 100%
Clustering 100%
Sorting clusters 100%
Writing clusters 100%
Clusters: 3 Size min 1, max 1, avg 1.0
Singletons: 3, 100.0% of seqs, 100.0% of clusters
Multiple alignments 100%
vsearch v2.30.0_linux_x86_64, 94.1GB RAM, 24 cores
https://github.com/torognes/vsearch

Reading file results/clustering/cdr/r3_comp_zikv/cdr3_clusters/3d07054c-cfa3-40e2-ab29-60e31940d910-IGK.fasta 100%
0 nt in 0 seqs
Masking 100%
Sorting by length 100%
Counting k-mers 100%
Clustering 100%
Sorting clusters 100%
Writing clusters 100%
Clusters: 0
Singletons: 0
Multiple alignments 100%
vsearch v2.30.0_linux_x86_64, 94.1GB RAM, 24 cores
https://github.com/torognes/vsearch

Reading file results/clustering/cdr/r3_comp_zikv/cdr3_clusters/e1951b39-0c70-4e94-8a94-b99e836a6338-IGK.fasta 100%
80 nt in 3 seqs, min 26, max 27, avg 27
minseqlength 6: 3 sequences discarded.
Masking 100%
Sorting by length 100%
Counting k-mers 100%
Clustering 100%
Sorting clusters 100%
Writing clusters 100%
Clusters: 3 Size min 1, max 1, avg 1.0
Singletons: 3, 100.0% of seqs, 100.0% of clusters
Multiple alignments 100%
vsearch v2.30.0_linux_x86_64, 94.1GB RAM, 24 cores
https://github.com/torognes/vsearch

Reading file results/clustering/cdr/r3_comp_zikv/cdr3_clusters/1335e6af-0836-4b5f-8741-eb0f3f56ccfc-IGH.fasta 100%
209 nt in 5 seqs, min 24, max 60, avg 42
minseqlength 6: 3 sequences discarded.
Masking 100%
Sorting by length 100%
Counting k-mers 100%
Clustering 100%
Sorting clusters 100%
Writing clusters 100%
Clusters: 5 Size min 1, max 1, avg 1.0
Singletons: 5, 100.0% of seqs, 100.0% of clusters
Multiple alignments 100%
vsearch v2.30.0_linux_x86_64, 94.1GB RAM, 24 cores
https://github.com/torognes/vsearch

Reading file results/clustering/cdr/r3_comp_zikv/cdr3_clusters/f8afd886-39f4-4f27-80b6-f8b5176d0c27-IGK.fasta 100%
0 nt in 0 seqs
Masking 100%
Sorting by length 100%
Counting k-mers 100%
Clustering 100%
Sorting clusters 100%
Writing clusters 100%
Clusters: 0
Singletons: 0
Multiple alignments 100%
vsearch v2.30.0_linux_x86_64, 94.1GB RAM, 24 cores
https://github.com/torognes/vsearch

Reading file results/clustering/cdr/r3_comp_zikv/cdr3_clusters/20b9c767-e1b2-41ec-8002-14d2bda8da3d-IGH.fasta 100%
0 nt in 0 seqs
minseqlength 6: 1 sequence discarded.
Masking 100%
Sorting by length 100%
Counting k-mers 100%
Clustering 100%
Sorting clusters 100%
Writing clusters 100%
Clusters: 0
Singletons: 0
Multiple alignments 100%
vsearch v2.30.0_linux_x86_64, 94.1GB RAM, 24 cores
https://github.com/torognes/vsearch

Reading file results/clustering/cdr/r3_comp_zikv/cdr3_clusters/3d7f0bc3-fad6-43c9-b571-3b9372c0e1d5-IGH.fasta 100%
652 nt in 15 seqs, min 36, max 57, avg 43
Masking 100%
Sorting by length 100%
Counting k-mers 100%
Clustering 100%
Sorting clusters 100%
Writing clusters 100%
Clusters: 15 Size min 1, max 1, avg 1.0
Singletons: 15, 100.0% of seqs, 100.0% of clusters
Multiple alignments 100%
vsearch v2.30.0_linux_x86_64, 94.1GB RAM, 24 cores
https://github.com/torognes/vsearch

Reading file results/clustering/cdr/r3_comp_zikv/cdr3_clusters/91f6bc41-80e5-487d-bf76-75e15ceb1144-IGH.fasta 100%
0 nt in 0 seqs
minseqlength 6: 23 sequences discarded.
Masking 100%
Sorting by length 100%
Counting k-mers 100%
Clustering 100%
Sorting clusters 100%
Writing clusters 100%
Clusters: 0
Singletons: 0
Multiple alignments 100%
vsearch v2.30.0_linux_x86_64, 94.1GB RAM, 24 cores
https://github.com/torognes/vsearch

Reading file results/clustering/cdr/r3_comp_zikv/cdr3_clusters/9c8266b8-bf32-4ed0-9af5-de303870b379-IGK.fasta 100%
0 nt in 0 seqs
Masking 100%
Sorting by length 100%
Counting k-mers 100%
Clustering 100%
Sorting clusters 100%
Writing clusters 100%
Clusters: 0
Singletons: 0
Multiple alignments 100%
vsearch v2.30.0_linux_x86_64, 94.1GB RAM, 24 cores
https://github.com/torognes/vsearch

Reading file results/clustering/cdr/r3_comp_zikv/cdr3_clusters/e19ac387-8a07-4dad-ab62-8b318a1d85d9-IGK.fasta 100%
152 nt in 6 seqs, min 23, max 30, avg 25
Masking 100%
Sorting by length 100%
Counting k-mers 100%
Clustering 100%
Sorting clusters 100%
Writing clusters 100%
Clusters: 6 Size min 1, max 1, avg 1.0
Singletons: 6, 100.0% of seqs, 100.0% of clusters
Multiple alignments 100%
vsearch v2.30.0_linux_x86_64, 94.1GB RAM, 24 cores
https://github.com/torognes/vsearch

Reading file results/clustering/cdr/r3_comp_zikv/cdr3_clusters/4fe36917-b990-4e1c-a865-0ffccf6548ab-IGH.fasta 100%
0 nt in 0 seqs
minseqlength 6: 2 sequences discarded.
Masking 100%
Sorting by length 100%
Counting k-mers 100%
Clustering 100%
Sorting clusters 100%
Writing clusters 100%
Clusters: 0
Singletons: 0
Multiple alignments 100%
vsearch v2.30.0_linux_x86_64, 94.1GB RAM, 24 cores
https://github.com/torognes/vsearch

Reading file results/clustering/cdr/r3_comp_zikv/cdr3_clusters/550f210b-0e47-45f4-b627-b71439b8946f-IGK.fasta 100%
0 nt in 0 seqs
Masking 100%
Sorting by length 100%
Counting k-mers 100%
Clustering 100%
Sorting clusters 100%
Writing clusters 100%
Clusters: 0
Singletons: 0
Multiple alignments 100%
vsearch v2.30.0_linux_x86_64, 94.1GB RAM, 24 cores
https://github.com/torognes/vsearch

Reading file results/clustering/cdr/r3_comp_zikv/cdr3_clusters/15898f00-9ca7-43cf-ae58-12967ac7d6b5-IGK.fasta 100%
0 nt in 0 seqs
minseqlength 6: 3 sequences discarded.
Masking 100%
Sorting by length 100%
Counting k-mers 100%
Clustering 100%
Sorting clusters 100%
Writing clusters 100%
Clusters: 0
Singletons: 0
Multiple alignments 100%
vsearch v2.30.0_linux_x86_64, 94.1GB RAM, 24 cores
https://github.com/torognes/vsearch

Reading file results/clustering/cdr/r3_comp_zikv/cdr3_clusters/26912537-d925-4054-a3a7-cca87387068d-IGK.fasta 100%
159 nt in 6 seqs, min 18, max 30, avg 26
Masking 100%
Sorting by length 100%
Counting k-mers 100%
Clustering 100%
Sorting clusters 100%
Writing clusters 100%
Clusters: 6 Size min 1, max 1, avg 1.0
Singletons: 6, 100.0% of seqs, 100.0% of clusters
Multiple alignments 100%
vsearch v2.30.0_linux_x86_64, 94.1GB RAM, 24 cores
https://github.com/torognes/vsearch

Reading file results/clustering/cdr/r3_comp_zikv/cdr3_clusters/53327567-5551-42ca-b924-4e81eace023a-IGH.fasta 100%
0 nt in 0 seqs
minseqlength 6: 3 sequences discarded.
Masking 100%
Sorting by length 100%
Counting k-mers 100%
Clustering 100%
Sorting clusters 100%
Writing clusters 100%
Clusters: 0
Singletons: 0
Multiple alignments 100%
vsearch v2.30.0_linux_x86_64, 94.1GB RAM, 24 cores
https://github.com/torognes/vsearch

Reading file results/clustering/cdr/r3_comp_zikv/cdr3_clusters/e542a73e-c0e0-4907-9555-6f38de100fe8-IGK.fasta 100%
0 nt in 0 seqs
minseqlength 6: 1 sequence discarded.
Masking 100%
Sorting by length 100%
Counting k-mers 100%
Clustering 100%
Sorting clusters 100%
Writing clusters 100%
Clusters: 0
Singletons: 0
Multiple alignments 100%
vsearch v2.30.0_linux_x86_64, 94.1GB RAM, 24 cores
https://github.com/torognes/vsearch

Reading file results/clustering/cdr/r3_comp_zikv/cdr3_clusters/faa16cd5-1791-4243-a529-8104afa1725c-IGH.fasta 100%
0 nt in 0 seqs
minseqlength 6: 3 sequences discarded.
Masking 100%
Sorting by length 100%
Counting k-mers 100%
Clustering 100%
Sorting clusters 100%
Writing clusters 100%
Clusters: 0
Singletons: 0
Multiple alignments 100%
vsearch v2.30.0_linux_x86_64, 94.1GB RAM, 24 cores
https://github.com/torognes/vsearch

Reading file results/clustering/cdr/r3_comp_zikv/cdr3_clusters/9bb441b8-850f-4593-aa20-6920cb0d0978-IGK.fasta 100%
381 nt in 14 seqs, min 24, max 30, avg 27
minseqlength 6: 47 sequences discarded.
Masking 100%
Sorting by length 100%
Counting k-mers 100%
Clustering 100%
Sorting clusters 100%
Writing clusters 100%
Clusters: 14 Size min 1, max 1, avg 1.0
Singletons: 14, 100.0% of seqs, 100.0% of clusters
Multiple alignments 100%
vsearch v2.30.0_linux_x86_64, 94.1GB RAM, 24 cores
https://github.com/torognes/vsearch

Reading file results/clustering/cdr/r3_comp_zikv/cdr3_clusters/01133959-a687-4eec-81be-7300083ba3a7-IGK.fasta 100%
0 nt in 0 seqs
minseqlength 6: 16 sequences discarded.
Masking 100%
Sorting by length 100%
Counting k-mers 100%
Clustering 100%
Sorting clusters 100%
Writing clusters 100%
Clusters: 0
Singletons: 0
Multiple alignments 100%
vsearch v2.30.0_linux_x86_64, 94.1GB RAM, 24 cores
https://github.com/torognes/vsearch

Reading file results/clustering/cdr/r3_comp_zikv/cdr3_clusters/bf59de2e-3508-427c-9ad4-e672d3e0c5a8-IGH.fasta 100%
45 nt in 1 seqs, min 45, max 45, avg 45
minseqlength 6: 9 sequences discarded.
Masking 100%
Sorting by length 100%
Counting k-mers 100%
Clustering 100%
Sorting clusters 100%
Writing clusters 100%
Clusters: 1 Size min 1, max 1, avg 1.0
Singletons: 1, 100.0% of seqs, 100.0% of clusters
Multiple alignments 100%
vsearch v2.30.0_linux_x86_64, 94.1GB RAM, 24 cores
https://github.com/torognes/vsearch

Reading file results/clustering/cdr/r3_comp_zikv/cdr3_clusters/8294a329-6f7a-4e86-91aa-cb48c1978093-IGH.fasta 100%
1977 nt in 53 seqs, min 18, max 48, avg 37
Masking 100%
Sorting by length 100%
Counting k-mers 100%
Clustering 100%
Sorting clusters 100%
Writing clusters 100%
Clusters: 50 Size min 1, max 2, avg 1.1
Singletons: 47, 88.7% of seqs, 94.0% of clusters
Multiple alignments 100%
vsearch v2.30.0_linux_x86_64, 94.1GB RAM, 24 cores
https://github.com/torognes/vsearch

Reading file results/clustering/cdr/r3_comp_zikv/cdr3_clusters/7c0f0b3e-9ac2-46da-aa64-c33cc1fc52a4-IGH.fasta 100%
216 nt in 7 seqs, min 23, max 36, avg 31
Masking 100%
Sorting by length 100%
Counting k-mers 100%
Clustering 100%
Sorting clusters 100%
Writing clusters 100%
Clusters: 7 Size min 1, max 1, avg 1.0
Singletons: 7, 100.0% of seqs, 100.0% of clusters
Multiple alignments 100%
vsearch v2.30.0_linux_x86_64, 94.1GB RAM, 24 cores
https://github.com/torognes/vsearch

Reading file results/clustering/cdr/r3_comp_zikv/cdr3_clusters/cf74d4c0-eaee-466e-bce0-2feaa8cf2865-IGH.fasta 100%
0 nt in 0 seqs
minseqlength 6: 8 sequences discarded.
Masking 100%
Sorting by length 100%
Counting k-mers 100%
Clustering 100%
Sorting clusters 100%
Writing clusters 100%
Clusters: 0
Singletons: 0
Multiple alignments 100%
vsearch v2.30.0_linux_x86_64, 94.1GB RAM, 24 cores
https://github.com/torognes/vsearch

Reading file results/clustering/cdr/r3_comp_zikv/cdr3_clusters/3446a0e8-cebf-492c-a557-598a8ff087d3-IGK.fasta 100%
0 nt in 0 seqs
minseqlength 6: 13 sequences discarded.
Masking 100%
Sorting by length 100%
Counting k-mers 100%
Clustering 100%
Sorting clusters 100%
Writing clusters 100%
Clusters: 0
Singletons: 0
Multiple alignments 100%
vsearch v2.30.0_linux_x86_64, 94.1GB RAM, 24 cores
https://github.com/torognes/vsearch

Reading file results/clustering/cdr/r3_comp_zikv/cdr3_clusters/7d2a662b-ebf6-4a1f-b2a7-9061d761f479-IGK.fasta 100%
143 nt in 5 seqs, min 28, max 31, avg 29
minseqlength 6: 1 sequence discarded.
Masking 100%
Sorting by length 100%
Counting k-mers 100%
Clustering 100%
Sorting clusters 100%
Writing clusters 100%
Clusters: 2 Size min 1, max 4, avg 2.5
Singletons: 1, 20.0% of seqs, 50.0% of clusters
Multiple alignments 100%
vsearch v2.30.0_linux_x86_64, 94.1GB RAM, 24 cores
https://github.com/torognes/vsearch

Reading file results/clustering/cdr/r3_comp_zikv/cdr3_clusters/1ac5e6a3-a166-40c4-8a73-abeecfc3fe3d-IGK.fasta 100%
0 nt in 0 seqs
Masking 100%
Sorting by length 100%
Counting k-mers 100%
Clustering 100%
Sorting clusters 100%
Writing clusters 100%
Clusters: 0
Singletons: 0
Multiple alignments 100%
vsearch v2.30.0_linux_x86_64, 94.1GB RAM, 24 cores
https://github.com/torognes/vsearch

Reading file results/clustering/cdr/r3_comp_zikv/cdr3_clusters/f61c0463-7af7-4b35-a3c0-ceda9105d30b-IGK.fasta 100%
216 nt in 8 seqs, min 21, max 30, avg 27
minseqlength 6: 1 sequence discarded.
Masking 100%
Sorting by length 100%
Counting k-mers 100%
Clustering 100%
Sorting clusters 100%
Writing clusters 100%
Clusters: 7 Size min 1, max 2, avg 1.1
Singletons: 6, 75.0% of seqs, 85.7% of clusters
Multiple alignments 100%
vsearch v2.30.0_linux_x86_64, 94.1GB RAM, 24 cores
https://github.com/torognes/vsearch

Reading file results/clustering/cdr/r3_comp_zikv/cdr3_clusters/27839040-56ba-45eb-b373-3adf4728c6df-IGK.fasta 100%
0 nt in 0 seqs
Masking 100%
Sorting by length 100%
Counting k-mers 100%
Clustering 100%
Sorting clusters 100%
Writing clusters 100%
Clusters: 0
Singletons: 0
Multiple alignments 100%
vsearch v2.30.0_linux_x86_64, 94.1GB RAM, 24 cores
https://github.com/torognes/vsearch

Reading file results/clustering/cdr/r3_comp_zikv/cdr3_clusters/3b156f08-5493-40f7-8811-3784c61a75db-IGK.fasta 100%
0 nt in 0 seqs
minseqlength 6: 1 sequence discarded.
Masking 100%
Sorting by length 100%
Counting k-mers 100%
Clustering 100%
Sorting clusters 100%
Writing clusters 100%
Clusters: 0
Singletons: 0
Multiple alignments 100%
vsearch v2.30.0_linux_x86_64, 94.1GB RAM, 24 cores
https://github.com/torognes/vsearch

Reading file results/clustering/cdr/r3_comp_zikv/cdr3_clusters/0bf028ca-011e-4ace-a7d1-7a3ac095dd4a-IGH.fasta 100%
2169 nt in 46 seqs, min 31, max 63, avg 47
Masking 100%
Sorting by length 100%
Counting k-mers 100%
Clustering 100%
Sorting clusters 100%
Writing clusters 100%
Clusters: 44 Size min 1, max 3, avg 1.0
Singletons: 43, 93.5% of seqs, 97.7% of clusters
Multiple alignments 100%
vsearch v2.30.0_linux_x86_64, 94.1GB RAM, 24 cores
https://github.com/torognes/vsearch

Reading file results/clustering/cdr/r3_comp_zikv/cdr3_clusters/c5dd858b-33b6-4909-b703-3aff5ca12621-IGK.fasta 100%
350 nt in 13 seqs, min 24, max 30, avg 27
Masking 100%
Sorting by length 100%
Counting k-mers 100%
Clustering 100%
Sorting clusters 100%
Writing clusters 100%
Clusters: 12 Size min 1, max 2, avg 1.1
Singletons: 11, 84.6% of seqs, 91.7% of clusters
Multiple alignments 100%
vsearch v2.30.0_linux_x86_64, 94.1GB RAM, 24 cores
https://github.com/torognes/vsearch

Reading file results/clustering/cdr/r3_comp_zikv/cdr3_clusters/bea7d7e0-6b4b-4887-adb1-ba995f488c6a-IGK.fasta 100%
285 nt in 10 seqs, min 25, max 33, avg 28
Masking 100%
Sorting by length 100%
Counting k-mers 100%
Clustering 100%
Sorting clusters 100%
Writing clusters 100%
Clusters: 9 Size min 1, max 2, avg 1.1
Singletons: 8, 80.0% of seqs, 88.9% of clusters
Multiple alignments 100%
vsearch v2.30.0_linux_x86_64, 94.1GB RAM, 24 cores
https://github.com/torognes/vsearch

Reading file results/clustering/cdr/r3_comp_zikv/cdr3_clusters/a22790d7-bec3-48c7-9969-e2403c8aa073-IGK.fasta 100%
0 nt in 0 seqs
minseqlength 6: 5 sequences discarded.
Masking 100%
Sorting by length 100%
Counting k-mers 100%
Clustering 100%
Sorting clusters 100%
Writing clusters 100%
Clusters: 0
Singletons: 0
Multiple alignments 100%
vsearch v2.30.0_linux_x86_64, 94.1GB RAM, 24 cores
https://github.com/torognes/vsearch

Reading file results/clustering/cdr/r3_comp_zikv/cdr3_clusters/6b164ef1-0506-4535-b165-585e8576b024-IGH.fasta 100%
434 nt in 10 seqs, min 27, max 60, avg 43
Masking 100%
Sorting by length 100%
Counting k-mers 100%
Clustering 100%
Sorting clusters 100%
Writing clusters 100%
Clusters: 10 Size min 1, max 1, avg 1.0
Singletons: 10, 100.0% of seqs, 100.0% of clusters
Multiple alignments 100%
vsearch v2.30.0_linux_x86_64, 94.1GB RAM, 24 cores
https://github.com/torognes/vsearch

Reading file results/clustering/cdr/r3_comp_zikv/cdr3_clusters/933551dd-722b-42af-bb5e-0f5212f9be16-IGK.fasta 100%
5104 nt in 168 seqs, min 8, max 62, avg 30
minseqlength 6: 3389 sequences discarded.
Masking 100%
Sorting by length 100%
Counting k-mers 100%
Clustering 100%
Sorting clusters 100%
Writing clusters 100%
Clusters: 129 Size min 1, max 26, avg 1.3
Singletons: 119, 70.8% of seqs, 92.2% of clusters
Multiple alignments 100%
vsearch v2.30.0_linux_x86_64, 94.1GB RAM, 24 cores
https://github.com/torognes/vsearch

Reading file results/clustering/cdr/r3_comp_zikv/cdr3_clusters/ae41b680-743d-4571-8e5d-6c73e4581d22-IGK.fasta 100%
128 nt in 5 seqs, min 23, max 27, avg 26
Masking 100%
Sorting by length 100%
Counting k-mers 100%
Clustering 100%
Sorting clusters 100%
Writing clusters 100%
Clusters: 5 Size min 1, max 1, avg 1.0
Singletons: 5, 100.0% of seqs, 100.0% of clusters
Multiple alignments 100%
vsearch v2.30.0_linux_x86_64, 94.1GB RAM, 24 cores
https://github.com/torognes/vsearch

Reading file results/clustering/cdr/r3_comp_zikv/cdr3_clusters/768a161c-5abc-4c8b-9b56-6173c8dd4808-IGK.fasta 100%
0 nt in 0 seqs
Masking 100%
Sorting by length 100%
Counting k-mers 100%
Clustering 100%
Sorting clusters 100%
Writing clusters 100%
Clusters: 0
Singletons: 0
Multiple alignments 100%
vsearch v2.30.0_linux_x86_64, 94.1GB RAM, 24 cores
https://github.com/torognes/vsearch

Reading file results/clustering/cdr/r3_comp_zikv/cdr3_clusters/1dca7f2d-b422-4d20-b209-cf48ec3ebc12-IGK.fasta 100%
375 nt in 13 seqs, min 25, max 33, avg 29
minseqlength 6: 5 sequences discarded.
Masking 100%
Sorting by length 100%
Counting k-mers 100%
Clustering 100%
Sorting clusters 100%
Writing clusters 100%
Clusters: 11 Size min 1, max 2, avg 1.2
Singletons: 9, 69.2% of seqs, 81.8% of clusters
Multiple alignments 100%
vsearch v2.30.0_linux_x86_64, 94.1GB RAM, 24 cores
https://github.com/torognes/vsearch

Reading file results/clustering/cdr/r3_comp_zikv/cdr3_clusters/e9562f6f-767a-4ba3-894c-3bfd3d71db23-IGK.fasta 100%
133 nt in 5 seqs, min 24, max 28, avg 27
Masking 100%
Sorting by length 100%
Counting k-mers 100%
Clustering 100%
Sorting clusters 100%
Writing clusters 100%
Clusters: 4 Size min 1, max 2, avg 1.2
Singletons: 3, 60.0% of seqs, 75.0% of clusters
Multiple alignments 100%
vsearch v2.30.0_linux_x86_64, 94.1GB RAM, 24 cores
https://github.com/torognes/vsearch

Reading file results/clustering/cdr/r3_comp_zikv/cdr3_clusters/074984e3-4d50-43b5-8957-d4bcac41923e-IGH.fasta 100%
553 nt in 14 seqs, min 31, max 48, avg 40
Masking 100%
Sorting by length 100%
Counting k-mers 100%
Clustering 100%
Sorting clusters 100%
Writing clusters 100%
Clusters: 13 Size min 1, max 2, avg 1.1
Singletons: 12, 85.7% of seqs, 92.3% of clusters
Multiple alignments 100%
vsearch v2.30.0_linux_x86_64, 94.1GB RAM, 24 cores
https://github.com/torognes/vsearch

Reading file results/clustering/cdr/r3_comp_zikv/cdr3_clusters/0c1b0bc3-12d2-48dd-94f0-8c2a7aacedd7-IGK.fasta 100%
0 nt in 0 seqs
Masking 100%
Sorting by length 100%
Counting k-mers 100%
Clustering 100%
Sorting clusters 100%
Writing clusters 100%
Clusters: 0
Singletons: 0
Multiple alignments 100%
vsearch v2.30.0_linux_x86_64, 94.1GB RAM, 24 cores
https://github.com/torognes/vsearch

Reading file results/clustering/cdr/r3_comp_zikv/cdr3_clusters/4b4ce2c6-1f4c-4313-b61f-03ae606a21ee-IGK.fasta 100%
412 nt in 14 seqs, min 27, max 33, avg 29
Masking 100%
Sorting by length 100%
Counting k-mers 100%
Clustering 100%
Sorting clusters 100%
Writing clusters 100%
Clusters: 14 Size min 1, max 1, avg 1.0
Singletons: 14, 100.0% of seqs, 100.0% of clusters
Multiple alignments 100%
vsearch v2.30.0_linux_x86_64, 94.1GB RAM, 24 cores
https://github.com/torognes/vsearch

Reading file results/clustering/cdr/r3_comp_zikv/cdr3_clusters/aa9dddd7-2d24-4b91-9a22-ee835e729ff9-IGK.fasta 100%
0 nt in 0 seqs
minseqlength 6: 4 sequences discarded.
Masking 100%
Sorting by length 100%
Counting k-mers 100%
Clustering 100%
Sorting clusters 100%
Writing clusters 100%
Clusters: 0
Singletons: 0
Multiple alignments 100%
vsearch v2.30.0_linux_x86_64, 94.1GB RAM, 24 cores
https://github.com/torognes/vsearch

Reading file results/clustering/cdr/r3_comp_zikv/cdr3_clusters/cd1afd55-6996-45ff-a5df-453a73c35646-IGH.fasta 100%
441 nt in 12 seqs, min 27, max 48, avg 37
Masking 100%
Sorting by length 100%
Counting k-mers 100%
Clustering 100%
Sorting clusters 100%
Writing clusters 100%
Clusters: 11 Size min 1, max 2, avg 1.1
Singletons: 10, 83.3% of seqs, 90.9% of clusters
Multiple alignments 100%
vsearch v2.30.0_linux_x86_64, 94.1GB RAM, 24 cores
https://github.com/torognes/vsearch

Reading file results/clustering/cdr/r3_comp_zikv/cdr3_clusters/5c9570ef-d1b6-41f9-bdbe-adfbf395f5e1-IGH.fasta 100%
0 nt in 0 seqs
Masking 100%
Sorting by length 100%
Counting k-mers 100%
Clustering 100%
Sorting clusters 100%
Writing clusters 100%
Clusters: 0
Singletons: 0
Multiple alignments 100%
vsearch v2.30.0_linux_x86_64, 94.1GB RAM, 24 cores
https://github.com/torognes/vsearch

Reading file results/clustering/cdr/r3_comp_zikv/cdr3_clusters/a35daab3-f86d-437a-90ac-1f722cf2b2a7-IGK.fasta 100%
0 nt in 0 seqs
minseqlength 6: 1 sequence discarded.
Masking 100%
Sorting by length 100%
Counting k-mers 100%
Clustering 100%
Sorting clusters 100%
Writing clusters 100%
Clusters: 0
Singletons: 0
Multiple alignments 100%
vsearch v2.30.0_linux_x86_64, 94.1GB RAM, 24 cores
https://github.com/torognes/vsearch

Reading file results/clustering/cdr/r3_comp_zikv/cdr3_clusters/09ecfd46-825e-4d84-9f12-388a55b6a940-IGH.fasta 100%
0 nt in 0 seqs
minseqlength 6: 4 sequences discarded.
Masking 100%
Sorting by length 100%
Counting k-mers 100%
Clustering 100%
Sorting clusters 100%
Writing clusters 100%
Clusters: 0
Singletons: 0
Multiple alignments 100%
vsearch v2.30.0_linux_x86_64, 94.1GB RAM, 24 cores
https://github.com/torognes/vsearch

Reading file results/clustering/cdr/r3_comp_zikv/cdr3_clusters/6e6b18b0-bdca-4821-95e4-4831c037a3c2-IGK.fasta 100%
0 nt in 0 seqs
minseqlength 6: 5 sequences discarded.
Masking 100%
Sorting by length 100%
Counting k-mers 100%
Clustering 100%
Sorting clusters 100%
Writing clusters 100%
Clusters: 0
Singletons: 0
Multiple alignments 100%
vsearch v2.30.0_linux_x86_64, 94.1GB RAM, 24 cores
https://github.com/torognes/vsearch

Reading file results/clustering/cdr/r3_comp_zikv/cdr3_clusters/00753d3f-4bb1-41fd-8b98-e5f41d6bcb64-IGK.fasta 100%
155 nt in 5 seqs, min 27, max 34, avg 31
minseqlength 6: 3 sequences discarded.
Masking 100%
Sorting by length 100%
Counting k-mers 100%
Clustering 100%
Sorting clusters 100%
Writing clusters 100%
Clusters: 5 Size min 1, max 1, avg 1.0
Singletons: 5, 100.0% of seqs, 100.0% of clusters
Multiple alignments 100%
vsearch v2.30.0_linux_x86_64, 94.1GB RAM, 24 cores
https://github.com/torognes/vsearch

Reading file results/clustering/cdr/r3_comp_zikv/cdr3_clusters/2dc59cd6-d4f6-44de-be6a-009e957f4a5f-IGK.fasta 100%
0 nt in 0 seqs
minseqlength 6: 2 sequences discarded.
Masking 100%
Sorting by length 100%
Counting k-mers 100%
Clustering 100%
Sorting clusters 100%
Writing clusters 100%
Clusters: 0
Singletons: 0
Multiple alignments 100%
vsearch v2.30.0_linux_x86_64, 94.1GB RAM, 24 cores
https://github.com/torognes/vsearch

Reading file results/clustering/cdr/r3_comp_zikv/cdr3_clusters/be71f995-9dd5-49cc-a6c9-96a9eeec958e-IGK.fasta 100%
1524 nt in 56 seqs, min 21, max 31, avg 27
Masking 100%
Sorting by length 100%
Counting k-mers 100%
Clustering 100%
Sorting clusters 100%
Writing clusters 100%
Clusters: 53 Size min 1, max 3, avg 1.1
Singletons: 51, 91.1% of seqs, 96.2% of clusters
Multiple alignments 100%
vsearch v2.30.0_linux_x86_64, 94.1GB RAM, 24 cores
https://github.com/torognes/vsearch

Reading file results/clustering/cdr/r3_comp_zikv/cdr3_clusters/30659fbb-2ae0-474c-8d25-e6e7783daef0-IGK.fasta 100%
720 nt in 26 seqs, min 21, max 32, avg 28
minseqlength 6: 5 sequences discarded.
Masking 100%
Sorting by length 100%
Counting k-mers 100%
Clustering 100%
Sorting clusters 100%
Writing clusters 100%
Clusters: 22 Size min 1, max 3, avg 1.2
Singletons: 19, 73.1% of seqs, 86.4% of clusters
Multiple alignments 100%
vsearch v2.30.0_linux_x86_64, 94.1GB RAM, 24 cores
https://github.com/torognes/vsearch

Reading file results/clustering/cdr/r3_comp_zikv/cdr3_clusters/8090d60c-aad6-47c8-9107-809de8655b25-IGK.fasta 100%
0 nt in 0 seqs
minseqlength 6: 6 sequences discarded.
Masking 100%
Sorting by length 100%
Counting k-mers 100%
Clustering 100%
Sorting clusters 100%
Writing clusters 100%
Clusters: 0
Singletons: 0
Multiple alignments 100%
vsearch v2.30.0_linux_x86_64, 94.1GB RAM, 24 cores
https://github.com/torognes/vsearch

Reading file results/clustering/cdr/r3_comp_zikv/cdr3_clusters/8635428b-dc69-400c-b6bf-4350c3d957e5-IGH.fasta 100%
48 nt in 1 seqs, min 48, max 48, avg 48
minseqlength 6: 8 sequences discarded.
Masking 100%
Sorting by length 100%
Counting k-mers 100%
Clustering 100%
Sorting clusters 100%
Writing clusters 100%
Clusters: 1 Size min 1, max 1, avg 1.0
Singletons: 1, 100.0% of seqs, 100.0% of clusters
Multiple alignments 100%
vsearch v2.30.0_linux_x86_64, 94.1GB RAM, 24 cores
https://github.com/torognes/vsearch

Reading file results/clustering/cdr/r3_comp_zikv/cdr3_clusters/4e0935fc-59c8-4cbb-89b1-47c830f39ea4-IGK.fasta 100%
0 nt in 0 seqs
minseqlength 6: 13 sequences discarded.
Masking 100%
Sorting by length 100%
Counting k-mers 100%
Clustering 100%
Sorting clusters 100%
Writing clusters 100%
Clusters: 0
Singletons: 0
Multiple alignments 100%
vsearch v2.30.0_linux_x86_64, 94.1GB RAM, 24 cores
https://github.com/torognes/vsearch

Reading file results/clustering/cdr/r3_comp_zikv/cdr3_clusters/f070dbc4-1e5e-4a0d-a80a-d700c65ebe1b-IGH.fasta 100%
0 nt in 0 seqs
minseqlength 6: 1 sequence discarded.
Masking 100%
Sorting by length 100%
Counting k-mers 100%
Clustering 100%
Sorting clusters 100%
Writing clusters 100%
Clusters: 0
Singletons: 0
Multiple alignments 100%
vsearch v2.30.0_linux_x86_64, 94.1GB RAM, 24 cores
https://github.com/torognes/vsearch

Reading file results/clustering/cdr/r3_comp_zikv/cdr3_clusters/8bf71688-1434-4944-9280-581c91f98110-IGH.fasta 100%
277 nt in 6 seqs, min 33, max 62, avg 46
Masking 100%
Sorting by length 100%
Counting k-mers 100%
Clustering 100%
Sorting clusters 100%
Writing clusters 100%
Clusters: 6 Size min 1, max 1, avg 1.0
Singletons: 6, 100.0% of seqs, 100.0% of clusters
Multiple alignments 100%
vsearch v2.30.0_linux_x86_64, 94.1GB RAM, 24 cores
https://github.com/torognes/vsearch

Reading file results/clustering/cdr/r3_comp_zikv/cdr3_clusters/7fbbdfb9-7364-4d26-99d2-5541df74241b-IGH.fasta 100%
308 nt in 4 seqs, min 37, max 120, avg 77
minseqlength 6: 3 sequences discarded.
Masking 100%
Sorting by length 100%
Counting k-mers 100%
Clustering 100%
Sorting clusters 100%
Writing clusters 100%
Clusters: 4 Size min 1, max 1, avg 1.0
Singletons: 4, 100.0% of seqs, 100.0% of clusters
Multiple alignments 100%
vsearch v2.30.0_linux_x86_64, 94.1GB RAM, 24 cores
https://github.com/torognes/vsearch

Reading file results/clustering/cdr/r3_comp_zikv/cdr3_clusters/6281eae1-75ec-4c13-9339-4a5191bdad26-IGK.fasta 100%
183 nt in 7 seqs, min 18, max 32, avg 26
minseqlength 6: 176 sequences discarded.
Masking 100%
Sorting by length 100%
Counting k-mers 100%
Clustering 100%
Sorting clusters 100%
Writing clusters 100%
Clusters: 6 Size min 1, max 2, avg 1.2
Singletons: 5, 71.4% of seqs, 83.3% of clusters
Multiple alignments 100%
vsearch v2.30.0_linux_x86_64, 94.1GB RAM, 24 cores
https://github.com/torognes/vsearch

Reading file results/clustering/cdr/r3_comp_zikv/cdr3_clusters/9f64000d-bdb0-43b2-8553-7fbe864f77cb-IGK.fasta 100%
55 nt in 2 seqs, min 27, max 28, avg 28
minseqlength 6: 3 sequences discarded.
Masking 100%
Sorting by length 100%
Counting k-mers 100%
Clustering 100%
Sorting clusters 100%
Writing clusters 100%
Clusters: 2 Size min 1, max 1, avg 1.0
Singletons: 2, 100.0% of seqs, 100.0% of clusters
Multiple alignments 100%
vsearch v2.30.0_linux_x86_64, 94.1GB RAM, 24 cores
https://github.com/torognes/vsearch

Reading file results/clustering/cdr/r3_comp_zikv/cdr3_clusters/90b7b2a6-2d28-4fdd-9fb0-ae4c1ae5b480-IGH.fasta 100%
0 nt in 0 seqs
minseqlength 6: 1 sequence discarded.
Masking 100%
Sorting by length 100%
Counting k-mers 100%
Clustering 100%
Sorting clusters 100%
Writing clusters 100%
Clusters: 0
Singletons: 0
Multiple alignments 100%
vsearch v2.30.0_linux_x86_64, 94.1GB RAM, 24 cores
https://github.com/torognes/vsearch

Reading file results/clustering/cdr/r3_comp_zikv/cdr3_clusters/9f4a1cc1-645a-4f04-8c3d-1f5e19475783-IGH.fasta 100%
5169 nt in 107 seqs, min 27, max 66, avg 48
Masking 100%
Sorting by length 100%
Counting k-mers 100%
Clustering 100%
Sorting clusters 100%
Writing clusters 100%
Clusters: 100 Size min 1, max 3, avg 1.1
Singletons: 94, 87.9% of seqs, 94.0% of clusters
Multiple alignments 100%
vsearch v2.30.0_linux_x86_64, 94.1GB RAM, 24 cores
https://github.com/torognes/vsearch

Reading file results/clustering/cdr/r3_comp_zikv/cdr3_clusters/cbaef380-df78-4cd1-b7bf-1feca640ab11-IGK.fasta 100%
0 nt in 0 seqs
minseqlength 6: 7 sequences discarded.
Masking 100%
Sorting by length 100%
Counting k-mers 100%
Clustering 100%
Sorting clusters 100%
Writing clusters 100%
Clusters: 0
Singletons: 0
Multiple alignments 100%
vsearch v2.30.0_linux_x86_64, 94.1GB RAM, 24 cores
https://github.com/torognes/vsearch

Reading file results/clustering/cdr/r3_comp_zikv/cdr3_clusters/094a15c8-b13a-4442-ae32-0ae43dcef620-IGH.fasta 100%
96 nt in 2 seqs, min 45, max 51, avg 48
minseqlength 6: 1 sequence discarded.
Masking 100%
Sorting by length 100%
Counting k-mers 100%
Clustering 100%
Sorting clusters 100%
Writing clusters 100%
Clusters: 2 Size min 1, max 1, avg 1.0
Singletons: 2, 100.0% of seqs, 100.0% of clusters
Multiple alignments 100%
vsearch v2.30.0_linux_x86_64, 94.1GB RAM, 24 cores
https://github.com/torognes/vsearch

Reading file results/clustering/cdr/r3_comp_zikv/cdr3_clusters/0cd75489-3a59-4222-a35f-e144c083602b-IGH.fasta 100%
0 nt in 0 seqs
minseqlength 6: 2 sequences discarded.
Masking 100%
Sorting by length 100%
Counting k-mers 100%
Clustering 100%
Sorting clusters 100%
Writing clusters 100%
Clusters: 0
Singletons: 0
Multiple alignments 100%
vsearch v2.30.0_linux_x86_64, 94.1GB RAM, 24 cores
https://github.com/torognes/vsearch

Reading file results/clustering/cdr/r3_comp_zikv/cdr3_clusters/c100e520-7c89-463e-89a7-bc67bc9afbef-IGK.fasta 100%
27 nt in 1 seqs, min 27, max 27, avg 27
minseqlength 6: 32 sequences discarded.
Masking 100%
Sorting by length 100%
Counting k-mers 100%
Clustering 100%
Sorting clusters 100%
Writing clusters 100%
Clusters: 1 Size min 1, max 1, avg 1.0
Singletons: 1, 100.0% of seqs, 100.0% of clusters
Multiple alignments 100%
vsearch v2.30.0_linux_x86_64, 94.1GB RAM, 24 cores
https://github.com/torognes/vsearch

Reading file results/clustering/cdr/r3_comp_zikv/cdr3_clusters/5901edf2-859c-4d6a-af0c-77e353ac185d-IGK.fasta 100%
747 nt in 27 seqs, min 21, max 31, avg 28
minseqlength 6: 3 sequences discarded.
Masking 100%
Sorting by length 100%
Counting k-mers 100%
Clustering 100%
Sorting clusters 100%
Writing clusters 100%
Clusters: 19 Size min 1, max 4, avg 1.4
Singletons: 13, 48.1% of seqs, 68.4% of clusters
Multiple alignments 100%
vsearch v2.30.0_linux_x86_64, 94.1GB RAM, 24 cores
https://github.com/torognes/vsearch

Reading file results/clustering/cdr/r3_comp_zikv/cdr3_clusters/08feb96f-e579-43a6-9010-503d85d8a71f-IGH.fasta 100%
0 nt in 0 seqs
minseqlength 6: 3 sequences discarded.
Masking 100%
Sorting by length 100%
Counting k-mers 100%
Clustering 100%
Sorting clusters 100%
Writing clusters 100%
Clusters: 0
Singletons: 0
Multiple alignments 100%
vsearch v2.30.0_linux_x86_64, 94.1GB RAM, 24 cores
https://github.com/torognes/vsearch

Reading file results/clustering/cdr/r3_comp_zikv/cdr3_clusters/8d90ad15-65d4-4871-b233-6734417d7965-IGH.fasta 100%
0 nt in 0 seqs
minseqlength 6: 1 sequence discarded.
Masking 100%
Sorting by length 100%
Counting k-mers 100%
Clustering 100%
Sorting clusters 100%
Writing clusters 100%
Clusters: 0
Singletons: 0
Multiple alignments 100%
vsearch v2.30.0_linux_x86_64, 94.1GB RAM, 24 cores
https://github.com/torognes/vsearch

Reading file results/clustering/cdr/r3_comp_zikv/cdr3_clusters/2a22011a-5d44-4a27-beba-fce708ec4ab2-IGH.fasta 100%
41 nt in 1 seqs, min 41, max 41, avg 41
minseqlength 6: 4 sequences discarded.
Masking 100%
Sorting by length 100%
Counting k-mers 100%
Clustering 100%
Sorting clusters 100%
Writing clusters 100%
Clusters: 1 Size min 1, max 1, avg 1.0
Singletons: 1, 100.0% of seqs, 100.0% of clusters
Multiple alignments 100%
vsearch v2.30.0_linux_x86_64, 94.1GB RAM, 24 cores
https://github.com/torognes/vsearch

Reading file results/clustering/cdr/r3_comp_zikv/cdr3_clusters/e3f7be87-1edf-4a0c-b687-c9ae5556e8ca-IGK.fasta 100%
50 nt in 2 seqs, min 24, max 26, avg 25
minseqlength 6: 3 sequences discarded.
Masking 100%
Sorting by length 100%
Counting k-mers 100%
Clustering 100%
Sorting clusters 100%
Writing clusters 100%
Clusters: 2 Size min 1, max 1, avg 1.0
Singletons: 2, 100.0% of seqs, 100.0% of clusters
Multiple alignments 100%
vsearch v2.30.0_linux_x86_64, 94.1GB RAM, 24 cores
https://github.com/torognes/vsearch

Reading file results/clustering/cdr/r3_comp_zikv/cdr3_clusters/e7272a4d-0db8-4d63-b607-7cea22371760-IGK.fasta 100%
28 nt in 1 seqs, min 28, max 28, avg 28
minseqlength 6: 5 sequences discarded.
Masking 100%
Sorting by length 100%
Counting k-mers 100%
Clustering 100%
Sorting clusters 100%
Writing clusters 100%
Clusters: 1 Size min 1, max 1, avg 1.0
Singletons: 1, 100.0% of seqs, 100.0% of clusters
Multiple alignments 100%
vsearch v2.30.0_linux_x86_64, 94.1GB RAM, 24 cores
https://github.com/torognes/vsearch

Reading file results/clustering/cdr/r3_comp_zikv/cdr3_clusters/ca1a1be5-2143-45ce-a4df-0ffd1c6655fd-IGH.fasta 100%
0 nt in 0 seqs
Masking 100%
Sorting by length 100%
Counting k-mers 100%
Clustering 100%
Sorting clusters 100%
Writing clusters 100%
Clusters: 0
Singletons: 0
Multiple alignments 100%
vsearch v2.30.0_linux_x86_64, 94.1GB RAM, 24 cores
https://github.com/torognes/vsearch

Reading file results/clustering/cdr/r3_comp_zikv/cdr3_clusters/a5714858-25c1-475c-9e7d-5c883c8dfa55-IGK.fasta 100%
0 nt in 0 seqs
minseqlength 6: 22 sequences discarded.
Masking 100%
Sorting by length 100%
Counting k-mers 100%
Clustering 100%
Sorting clusters 100%
Writing clusters 100%
Clusters: 0
Singletons: 0
Multiple alignments 100%
vsearch v2.30.0_linux_x86_64, 94.1GB RAM, 24 cores
https://github.com/torognes/vsearch

Reading file results/clustering/cdr/r3_comp_zikv/cdr3_clusters/7086dc2e-90de-4d43-a544-f37d7705e513-IGK.fasta 100%
0 nt in 0 seqs
minseqlength 6: 12 sequences discarded.
Masking 100%
Sorting by length 100%
Counting k-mers 100%
Clustering 100%
Sorting clusters 100%
Writing clusters 100%
Clusters: 0
Singletons: 0
Multiple alignments 100%
vsearch v2.30.0_linux_x86_64, 94.1GB RAM, 24 cores
https://github.com/torognes/vsearch

Reading file results/clustering/cdr/r3_comp_zikv/cdr3_clusters/fe903dfe-6231-4baf-8bc0-222ac3edada8-IGH.fasta 100%
0 nt in 0 seqs
Masking 100%
Sorting by length 100%
Counting k-mers 100%
Clustering 100%
Sorting clusters 100%
Writing clusters 100%
Clusters: 0
Singletons: 0
Multiple alignments 100%
vsearch v2.30.0_linux_x86_64, 94.1GB RAM, 24 cores
https://github.com/torognes/vsearch

Reading file results/clustering/cdr/r3_comp_zikv/cdr3_clusters/8e611296-1648-4ace-b807-aeba57ef6d42-IGK.fasta 100%
0 nt in 0 seqs
minseqlength 6: 2 sequences discarded.
Masking 100%
Sorting by length 100%
Counting k-mers 100%
Clustering 100%
Sorting clusters 100%
Writing clusters 100%
Clusters: 0
Singletons: 0
Multiple alignments 100%
vsearch v2.30.0_linux_x86_64, 94.1GB RAM, 24 cores
https://github.com/torognes/vsearch

Reading file results/clustering/cdr/r3_comp_zikv/cdr3_clusters/1767b812-313e-41d0-a513-d10a714c2453-IGK.fasta 100%
51 nt in 2 seqs, min 25, max 26, avg 26
minseqlength 6: 2 sequences discarded.
Masking 100%
Sorting by length 100%
Counting k-mers 100%
Clustering 100%
Sorting clusters 100%
Writing clusters 100%
Clusters: 2 Size min 1, max 1, avg 1.0
Singletons: 2, 100.0% of seqs, 100.0% of clusters
Multiple alignments 100%
vsearch v2.30.0_linux_x86_64, 94.1GB RAM, 24 cores
https://github.com/torognes/vsearch

Reading file results/clustering/cdr/r3_comp_zikv/cdr3_clusters/88a29739-9dab-4ff9-9fa8-cc6968271fb5-IGH.fasta 100%
269 nt in 6 seqs, min 27, max 54, avg 45
Masking 100%
Sorting by length 100%
Counting k-mers 100%
Clustering 100%
Sorting clusters 100%
Writing clusters 100%
Clusters: 5 Size min 1, max 2, avg 1.2
Singletons: 4, 66.7% of seqs, 80.0% of clusters
Multiple alignments 100%
vsearch v2.30.0_linux_x86_64, 94.1GB RAM, 24 cores
https://github.com/torognes/vsearch

Reading file results/clustering/cdr/r3_comp_zikv/cdr3_clusters/0e64c381-152b-4ed1-8046-03abe305ec5d-IGH.fasta 100%
0 nt in 0 seqs
Masking 100%
Sorting by length 100%
Counting k-mers 100%
Clustering 100%
Sorting clusters 100%
Writing clusters 100%
Clusters: 0
Singletons: 0
Multiple alignments 100%
vsearch v2.30.0_linux_x86_64, 94.1GB RAM, 24 cores
https://github.com/torognes/vsearch

Reading file results/clustering/cdr/r3_comp_zikv/cdr3_clusters/8f0a850b-32ee-496b-9139-b8ae14e33f2e-IGK.fasta 100%
0 nt in 0 seqs
Masking 100%
Sorting by length 100%
Counting k-mers 100%
Clustering 100%
Sorting clusters 100%
Writing clusters 100%
Clusters: 0
Singletons: 0
Multiple alignments 100%
vsearch v2.30.0_linux_x86_64, 94.1GB RAM, 24 cores
https://github.com/torognes/vsearch

Reading file results/clustering/cdr/r3_comp_zikv/cdr3_clusters/017c48c3-0fea-4aca-bfaa-7c74685ab8ad-IGK.fasta 100%
0 nt in 0 seqs
minseqlength 6: 17 sequences discarded.
Masking 100%
Sorting by length 100%
Counting k-mers 100%
Clustering 100%
Sorting clusters 100%
Writing clusters 100%
Clusters: 0
Singletons: 0
Multiple alignments 100%
vsearch v2.30.0_linux_x86_64, 94.1GB RAM, 24 cores
https://github.com/torognes/vsearch

Reading file results/clustering/cdr/r3_comp_zikv/cdr3_clusters/3d84ae2b-93b9-46ca-9960-663770feee21-IGK.fasta 100%
0 nt in 0 seqs
minseqlength 6: 5 sequences discarded.
Masking 100%
Sorting by length 100%
Counting k-mers 100%
Clustering 100%
Sorting clusters 100%
Writing clusters 100%
Clusters: 0
Singletons: 0
Multiple alignments 100%
vsearch v2.30.0_linux_x86_64, 94.1GB RAM, 24 cores
https://github.com/torognes/vsearch

Reading file results/clustering/cdr/r3_comp_zikv/cdr3_clusters/760bd458-70c3-4404-ab08-74f2245c2b14-IGH.fasta 100%
0 nt in 0 seqs
minseqlength 6: 20 sequences discarded.
Masking 100%
Sorting by length 100%
Counting k-mers 100%
Clustering 100%
Sorting clusters 100%
Writing clusters 100%
Clusters: 0
Singletons: 0
Multiple alignments 100%
vsearch v2.30.0_linux_x86_64, 94.1GB RAM, 24 cores
https://github.com/torognes/vsearch

Reading file results/clustering/cdr/r3_comp_zikv/cdr3_clusters/d19173c7-319c-4680-94a7-2437d89f0310-IGK.fasta 100%
0 nt in 0 seqs
Masking 100%
Sorting by length 100%
Counting k-mers 100%
Clustering 100%
Sorting clusters 100%
Writing clusters 100%
Clusters: 0
Singletons: 0
Multiple alignments 100%
vsearch v2.30.0_linux_x86_64, 94.1GB RAM, 24 cores
https://github.com/torognes/vsearch

Reading file results/clustering/cdr/r3_comp_zikv/cdr3_clusters/3b154f13-562a-42a8-a277-0dd61df243bf-IGK.fasta 100%
589 nt in 19 seqs, min 21, max 55, avg 31
minseqlength 6: 260 sequences discarded.
Masking 100%
Sorting by length 100%
Counting k-mers 100%
Clustering 100%
Sorting clusters 100%
Writing clusters 100%
Clusters: 12 Size min 1, max 5, avg 1.6
Singletons: 9, 47.4% of seqs, 75.0% of clusters
Multiple alignments 100%
vsearch v2.30.0_linux_x86_64, 94.1GB RAM, 24 cores
https://github.com/torognes/vsearch

Reading file results/clustering/cdr/r3_comp_zikv/cdr3_clusters/7fe5a202-856a-4996-be06-e071d33f27d7-IGH.fasta 100%
0 nt in 0 seqs
minseqlength 6: 30 sequences discarded.
Masking 100%
Sorting by length 100%
Counting k-mers 100%
Clustering 100%
Sorting clusters 100%
Writing clusters 100%
Clusters: 0
Singletons: 0
Multiple alignments 100%
vsearch v2.30.0_linux_x86_64, 94.1GB RAM, 24 cores
https://github.com/torognes/vsearch

Reading file results/clustering/cdr/r3_comp_zikv/cdr3_clusters/66e01fa4-1a32-4dc0-a75e-5ddb0a993d36-IGK.fasta 100%
81 nt in 3 seqs, min 27, max 27, avg 27
minseqlength 6: 2 sequences discarded.
Masking 100%
Sorting by length 100%
Counting k-mers 100%
Clustering 100%
Sorting clusters 100%
Writing clusters 100%
Clusters: 2 Size min 1, max 2, avg 1.5
Singletons: 1, 33.3% of seqs, 50.0% of clusters
Multiple alignments 100%
vsearch v2.30.0_linux_x86_64, 94.1GB RAM, 24 cores
https://github.com/torognes/vsearch

Reading file results/clustering/cdr/r3_comp_zikv/cdr3_clusters/35d3456c-b55d-4df2-8a32-80b7e9c7c28b-IGK.fasta 100%
0 nt in 0 seqs
Masking 100%
Sorting by length 100%
Counting k-mers 100%
Clustering 100%
Sorting clusters 100%
Writing clusters 100%
Clusters: 0
Singletons: 0
Multiple alignments 100%
vsearch v2.30.0_linux_x86_64, 94.1GB RAM, 24 cores
https://github.com/torognes/vsearch

Reading file results/clustering/cdr/r3_comp_zikv/cdr3_clusters/985c5d43-ef6a-4636-ad35-dc04abb9adf1-IGK.fasta 100%
0 nt in 0 seqs
minseqlength 6: 2 sequences discarded.
Masking 100%
Sorting by length 100%
Counting k-mers 100%
Clustering 100%
Sorting clusters 100%
Writing clusters 100%
Clusters: 0
Singletons: 0
Multiple alignments 100%
vsearch v2.30.0_linux_x86_64, 94.1GB RAM, 24 cores
https://github.com/torognes/vsearch

Reading file results/clustering/cdr/r3_comp_zikv/cdr3_clusters/03d9da72-4a16-4939-8340-8cf8fafe95e0-IGK.fasta 100%
0 nt in 0 seqs
minseqlength 6: 26 sequences discarded.
Masking 100%
Sorting by length 100%
Counting k-mers 100%
Clustering 100%
Sorting clusters 100%
Writing clusters 100%
Clusters: 0
Singletons: 0
Multiple alignments 100%
vsearch v2.30.0_linux_x86_64, 94.1GB RAM, 24 cores
https://github.com/torognes/vsearch

Reading file results/clustering/cdr/r3_comp_zikv/cdr3_clusters/f325862a-cddd-4e78-bc6f-44742ac26704-IGK.fasta 100%
106 nt in 4 seqs, min 24, max 28, avg 26
minseqlength 6: 38 sequences discarded.
Masking 100%
Sorting by length 100%
Counting k-mers 100%
Clustering 100%
Sorting clusters 100%
Writing clusters 100%
Clusters: 4 Size min 1, max 1, avg 1.0
Singletons: 4, 100.0% of seqs, 100.0% of clusters
Multiple alignments 100%
vsearch v2.30.0_linux_x86_64, 94.1GB RAM, 24 cores
https://github.com/torognes/vsearch

Reading file results/clustering/cdr/r3_comp_zikv/cdr3_clusters/5c9f9c02-1ce0-4dc3-af06-b80b2a652b73-IGK.fasta 100%
0 nt in 0 seqs
minseqlength 6: 2 sequences discarded.
Masking 100%
Sorting by length 100%
Counting k-mers 100%
Clustering 100%
Sorting clusters 100%
Writing clusters 100%
Clusters: 0
Singletons: 0
Multiple alignments 100%
vsearch v2.30.0_linux_x86_64, 94.1GB RAM, 24 cores
https://github.com/torognes/vsearch

Reading file results/clustering/cdr/r3_comp_zikv/cdr3_clusters/a90c5514-1956-43d3-b679-7a9bf796f169-IGH.fasta 100%
194 nt in 5 seqs, min 38, max 40, avg 39
minseqlength 6: 1 sequence discarded.
Masking 100%
Sorting by length 100%
Counting k-mers 100%
Clustering 100%
Sorting clusters 100%
Writing clusters 100%
Clusters: 2 Size min 1, max 4, avg 2.5
Singletons: 1, 20.0% of seqs, 50.0% of clusters
Multiple alignments 100%
vsearch v2.30.0_linux_x86_64, 94.1GB RAM, 24 cores
https://github.com/torognes/vsearch

Reading file results/clustering/cdr/r3_comp_zikv/cdr3_clusters/139025c7-4484-42ed-8541-1db1f434766d-IGH.fasta 100%
300 nt in 8 seqs, min 18, max 51, avg 38
Masking 100%
Sorting by length 100%
Counting k-mers 100%
Clustering 100%
Sorting clusters 100%
Writing clusters 100%
Clusters: 8 Size min 1, max 1, avg 1.0
Singletons: 8, 100.0% of seqs, 100.0% of clusters
Multiple alignments 100%
vsearch v2.30.0_linux_x86_64, 94.1GB RAM, 24 cores
https://github.com/torognes/vsearch

Reading file results/clustering/cdr/r3_comp_zikv/cdr3_clusters/a5eb53bb-b6e8-4fb1-8976-eab4a9a12ffe-IGH.fasta 100%
0 nt in 0 seqs
minseqlength 6: 4 sequences discarded.
Masking 100%
Sorting by length 100%
Counting k-mers 100%
Clustering 100%
Sorting clusters 100%
Writing clusters 100%
Clusters: 0
Singletons: 0
Multiple alignments 100%
vsearch v2.30.0_linux_x86_64, 94.1GB RAM, 24 cores
https://github.com/torognes/vsearch

Reading file results/clustering/cdr/r3_comp_zikv/cdr3_clusters/fde028d5-b079-4e71-babb-2de8bc19b083-IGH.fasta 100%
0 nt in 0 seqs
minseqlength 6: 4 sequences discarded.
Masking 100%
Sorting by length 100%
Counting k-mers 100%
Clustering 100%
Sorting clusters 100%
Writing clusters 100%
Clusters: 0
Singletons: 0
Multiple alignments 100%
vsearch v2.30.0_linux_x86_64, 94.1GB RAM, 24 cores
https://github.com/torognes/vsearch

Reading file results/clustering/cdr/r3_comp_zikv/cdr3_clusters/4318cb31-e684-4077-96f6-ba60d7e06b78-IGH.fasta 100%
49 nt in 1 seqs, min 49, max 49, avg 49
minseqlength 6: 4 sequences discarded.
Masking 100%
Sorting by length 100%
Counting k-mers 100%
Clustering 100%
Sorting clusters 100%
Writing clusters 100%
Clusters: 1 Size min 1, max 1, avg 1.0
Singletons: 1, 100.0% of seqs, 100.0% of clusters
Multiple alignments 100%
vsearch v2.30.0_linux_x86_64, 94.1GB RAM, 24 cores
https://github.com/torognes/vsearch

Reading file results/clustering/cdr/r3_comp_zikv/cdr3_clusters/1e9a1a31-d5b7-4d56-bb31-a3183b5bab5a-IGK.fasta 100%
0 nt in 0 seqs
minseqlength 6: 1 sequence discarded.
Masking 100%
Sorting by length 100%
Counting k-mers 100%
Clustering 100%
Sorting clusters 100%
Writing clusters 100%
Clusters: 0
Singletons: 0
Multiple alignments 100%
vsearch v2.30.0_linux_x86_64, 94.1GB RAM, 24 cores
https://github.com/torognes/vsearch

Reading file results/clustering/cdr/r3_comp_zikv/cdr3_clusters/453a9a70-2df5-4c89-9e82-bdd7c78cc405-IGH.fasta 100%
603 nt in 17 seqs, min 19, max 46, avg 35
Masking 100%
Sorting by length 100%
Counting k-mers 100%
Clustering 100%
Sorting clusters 100%
Writing clusters 100%
Clusters: 16 Size min 1, max 2, avg 1.1
Singletons: 15, 88.2% of seqs, 93.8% of clusters
Multiple alignments 100%
vsearch v2.30.0_linux_x86_64, 94.1GB RAM, 24 cores
https://github.com/torognes/vsearch

Reading file results/clustering/cdr/r3_comp_zikv/cdr3_clusters/f82b1612-f29c-4a04-b3c5-98f9b12487d2-IGH.fasta 100%
0 nt in 0 seqs
minseqlength 6: 6 sequences discarded.
Masking 100%
Sorting by length 100%
Counting k-mers 100%
Clustering 100%
Sorting clusters 100%
Writing clusters 100%
Clusters: 0
Singletons: 0
Multiple alignments 100%
vsearch v2.30.0_linux_x86_64, 94.1GB RAM, 24 cores
https://github.com/torognes/vsearch

Reading file results/clustering/cdr/r3_comp_zikv/cdr3_clusters/1e59d070-b41d-47dd-9158-43421f016da0-IGK.fasta 100%
187 nt in 7 seqs, min 24, max 28, avg 27
Masking 100%
Sorting by length 100%
Counting k-mers 100%
Clustering 100%
Sorting clusters 100%
Writing clusters 100%
Clusters: 7 Size min 1, max 1, avg 1.0
Singletons: 7, 100.0% of seqs, 100.0% of clusters
Multiple alignments 100%
vsearch v2.30.0_linux_x86_64, 94.1GB RAM, 24 cores
https://github.com/torognes/vsearch

Reading file results/clustering/cdr/r3_comp_zikv/cdr3_clusters/cf1e36b9-f5b5-4b93-8b01-b1690ef176c7-IGK.fasta 100%
245 nt in 9 seqs, min 27, max 29, avg 27
Masking 100%
Sorting by length 100%
Counting k-mers 100%
Clustering 100%
Sorting clusters 100%
Writing clusters 100%
Clusters: 6 Size min 1, max 4, avg 1.5
Singletons: 5, 55.6% of seqs, 83.3% of clusters
Multiple alignments 100%
vsearch v2.30.0_linux_x86_64, 94.1GB RAM, 24 cores
https://github.com/torognes/vsearch

Reading file results/clustering/cdr/r3_comp_zikv/cdr3_clusters/f9722ad5-38d1-43ba-9b35-f27301b8c828-IGK.fasta 100%
0 nt in 0 seqs
minseqlength 6: 3 sequences discarded.
Masking 100%
Sorting by length 100%
Counting k-mers 100%
Clustering 100%
Sorting clusters 100%
Writing clusters 100%
Clusters: 0
Singletons: 0
Multiple alignments 100%
vsearch v2.30.0_linux_x86_64, 94.1GB RAM, 24 cores
https://github.com/torognes/vsearch

Reading file results/clustering/cdr/r3_comp_zikv/cdr3_clusters/5b91e7f5-fef1-429d-aec9-83e41e4dd6c7-IGH.fasta 100%
145 nt in 3 seqs, min 37, max 61, avg 48
minseqlength 6: 2 sequences discarded.
Masking 100%
Sorting by length 100%
Counting k-mers 100%
Clustering 100%
Sorting clusters 100%
Writing clusters 100%
Clusters: 3 Size min 1, max 1, avg 1.0
Singletons: 3, 100.0% of seqs, 100.0% of clusters
Multiple alignments 100%
vsearch v2.30.0_linux_x86_64, 94.1GB RAM, 24 cores
https://github.com/torognes/vsearch

Reading file results/clustering/cdr/r3_comp_zikv/cdr3_clusters/7caa4ae2-9e0f-4a6e-ad1d-07b35a3be484-IGH.fasta 100%
519 nt in 11 seqs, min 27, max 63, avg 47
Masking 100%
Sorting by length 100%
Counting k-mers 100%
Clustering 100%
Sorting clusters 100%
Writing clusters 100%
Clusters: 10 Size min 1, max 2, avg 1.1
Singletons: 9, 81.8% of seqs, 90.0% of clusters
Multiple alignments 100%
vsearch v2.30.0_linux_x86_64, 94.1GB RAM, 24 cores
https://github.com/torognes/vsearch

Reading file results/clustering/cdr/r3_comp_zikv/cdr3_clusters/22cca3c1-cb08-4aac-aa3c-fbf7fcdfc1f3-IGH.fasta 100%
392 nt in 11 seqs, min 27, max 43, avg 36
Masking 100%
Sorting by length 100%
Counting k-mers 100%
Clustering 100%
Sorting clusters 100%
Writing clusters 100%
Clusters: 11 Size min 1, max 1, avg 1.0
Singletons: 11, 100.0% of seqs, 100.0% of clusters
Multiple alignments 100%
vsearch v2.30.0_linux_x86_64, 94.1GB RAM, 24 cores
https://github.com/torognes/vsearch

Reading file results/clustering/cdr/r3_comp_zikv/cdr3_clusters/79f4ebcd-b4ce-4990-8227-e38f6ca7f708-IGH.fasta 100%
0 nt in 0 seqs
Masking 100%
Sorting by length 100%
Counting k-mers 100%
Clustering 100%
Sorting clusters 100%
Writing clusters 100%
Clusters: 0
Singletons: 0
Multiple alignments 100%
vsearch v2.30.0_linux_x86_64, 94.1GB RAM, 24 cores
https://github.com/torognes/vsearch

Reading file results/clustering/cdr/r3_comp_zikv/cdr3_clusters/e7326685-240a-4df6-b8dc-5c886d8e6b6e-IGH.fasta 100%
871 nt in 22 seqs, min 26, max 54, avg 40
Masking 100%
Sorting by length 100%
Counting k-mers 100%
Clustering 100%
Sorting clusters 100%
Writing clusters 100%
Clusters: 21 Size min 1, max 2, avg 1.0
Singletons: 20, 90.9% of seqs, 95.2% of clusters
Multiple alignments 100%
vsearch v2.30.0_linux_x86_64, 94.1GB RAM, 24 cores
https://github.com/torognes/vsearch

Reading file results/clustering/cdr/r3_comp_zikv/cdr3_clusters/13128dbc-d442-4f00-b43c-6c7c6e782d8f-IGK.fasta 100%
216 nt in 8 seqs, min 27, max 27, avg 27
Masking 100%
Sorting by length 100%
Counting k-mers 100%
Clustering 100%
Sorting clusters 100%
Writing clusters 100%
Clusters: 7 Size min 1, max 2, avg 1.1
Singletons: 6, 75.0% of seqs, 85.7% of clusters
Multiple alignments 100%
vsearch v2.30.0_linux_x86_64, 94.1GB RAM, 24 cores
https://github.com/torognes/vsearch

Reading file results/clustering/cdr/r3_comp_zikv/cdr3_clusters/431f4dc4-46ec-45f3-8f06-a250f38b4630-IGH.fasta 100%
359 nt in 7 seqs, min 39, max 60, avg 51
Masking 100%
Sorting by length 100%
Counting k-mers 100%
Clustering 100%
Sorting clusters 100%
Writing clusters 100%
Clusters: 7 Size min 1, max 1, avg 1.0
Singletons: 7, 100.0% of seqs, 100.0% of clusters
Multiple alignments 100%
vsearch v2.30.0_linux_x86_64, 94.1GB RAM, 24 cores
https://github.com/torognes/vsearch

Reading file results/clustering/cdr/r3_comp_zikv/cdr3_clusters/1d68d580-2188-422b-a5e5-b95907b08905-IGH.fasta 100%
0 nt in 0 seqs
minseqlength 6: 5 sequences discarded.
Masking 100%
Sorting by length 100%
Counting k-mers 100%
Clustering 100%
Sorting clusters 100%
Writing clusters 100%
Clusters: 0
Singletons: 0
Multiple alignments 100%
vsearch v2.30.0_linux_x86_64, 94.1GB RAM, 24 cores
https://github.com/torognes/vsearch

Reading file results/clustering/cdr/r3_comp_zikv/cdr3_clusters/83a7929f-a697-48c0-a6b2-a26c78d1f1f3-IGK.fasta 100%
0 nt in 0 seqs
Masking 100%
Sorting by length 100%
Counting k-mers 100%
Clustering 100%
Sorting clusters 100%
Writing clusters 100%
Clusters: 0
Singletons: 0
Multiple alignments 100%
vsearch v2.30.0_linux_x86_64, 94.1GB RAM, 24 cores
https://github.com/torognes/vsearch

Reading file results/clustering/cdr/r3_comp_zikv/cdr3_clusters/015600aa-dc54-4e5b-8374-9daf6bc1841a-IGH.fasta 100%
0 nt in 0 seqs
minseqlength 6: 1 sequence discarded.
Masking 100%
Sorting by length 100%
Counting k-mers 100%
Clustering 100%
Sorting clusters 100%
Writing clusters 100%
Clusters: 0
Singletons: 0
Multiple alignments 100%
vsearch v2.30.0_linux_x86_64, 94.1GB RAM, 24 cores
https://github.com/torognes/vsearch

Reading file results/clustering/cdr/r3_comp_zikv/cdr3_clusters/95d4f66e-eb7d-452f-b98d-a6f8479e2eee-IGK.fasta 100%
1281 nt in 47 seqs, min 22, max 32, avg 27
Masking 100%
Sorting by length 100%
Counting k-mers 100%
Clustering 100%
Sorting clusters 100%
Writing clusters 100%
Clusters: 44 Size min 1, max 2, avg 1.1
Singletons: 41, 87.2% of seqs, 93.2% of clusters
Multiple alignments 100%
vsearch v2.30.0_linux_x86_64, 94.1GB RAM, 24 cores
https://github.com/torognes/vsearch

Reading file results/clustering/cdr/r3_comp_zikv/cdr3_clusters/ca38d98c-0e30-4d9c-998b-48b4d3fb40af-IGH.fasta 100%
546 nt in 14 seqs, min 26, max 59, avg 39
minseqlength 6: 2 sequences discarded.
Masking 100%
Sorting by length 100%
Counting k-mers 100%
Clustering 100%
Sorting clusters 100%
Writing clusters 100%
Clusters: 13 Size min 1, max 2, avg 1.1
Singletons: 12, 85.7% of seqs, 92.3% of clusters
Multiple alignments 100%
vsearch v2.30.0_linux_x86_64, 94.1GB RAM, 24 cores
https://github.com/torognes/vsearch

Reading file results/clustering/cdr/r3_comp_zikv/cdr3_clusters/940ae203-799b-43e5-9a5b-a2a707279cb4-IGK.fasta 100%
0 nt in 0 seqs
minseqlength 6: 1 sequence discarded.
Masking 100%
Sorting by length 100%
Counting k-mers 100%
Clustering 100%
Sorting clusters 100%
Writing clusters 100%
Clusters: 0
Singletons: 0
Multiple alignments 100%
vsearch v2.30.0_linux_x86_64, 94.1GB RAM, 24 cores
https://github.com/torognes/vsearch

Reading file results/clustering/cdr/r3_comp_zikv/cdr3_clusters/2b816542-b531-4e7a-b051-f96fb25a7bee-IGH.fasta 100%
189 nt in 4 seqs, min 39, max 54, avg 47
minseqlength 6: 1 sequence discarded.
Masking 100%
Sorting by length 100%
Counting k-mers 100%
Clustering 100%
Sorting clusters 100%
Writing clusters 100%
Clusters: 4 Size min 1, max 1, avg 1.0
Singletons: 4, 100.0% of seqs, 100.0% of clusters
Multiple alignments 100%
vsearch v2.30.0_linux_x86_64, 94.1GB RAM, 24 cores
https://github.com/torognes/vsearch

Reading file results/clustering/cdr/r3_comp_zikv/cdr3_clusters/4f5ac132-d768-4527-9be7-0bee7d60d0e5-IGK.fasta 100%
0 nt in 0 seqs
minseqlength 6: 3 sequences discarded.
Masking 100%
Sorting by length 100%
Counting k-mers 100%
Clustering 100%
Sorting clusters 100%
Writing clusters 100%
Clusters: 0
Singletons: 0
Multiple alignments 100%
vsearch v2.30.0_linux_x86_64, 94.1GB RAM, 24 cores
https://github.com/torognes/vsearch

Reading file results/clustering/cdr/r3_comp_zikv/cdr3_clusters/334860e1-997f-458c-b41a-78ed8ec569fa-IGH.fasta 100%
0 nt in 0 seqs
minseqlength 6: 6 sequences discarded.
Masking 100%
Sorting by length 100%
Counting k-mers 100%
Clustering 100%
Sorting clusters 100%
Writing clusters 100%
Clusters: 0
Singletons: 0
Multiple alignments 100%
vsearch v2.30.0_linux_x86_64, 94.1GB RAM, 24 cores
https://github.com/torognes/vsearch

Reading file results/clustering/cdr/r3_comp_zikv/cdr3_clusters/d78ac507-4829-4ecb-baca-b2c57cac09ab-IGH.fasta 100%
813 nt in 17 seqs, min 39, max 60, avg 48
Masking 100%
Sorting by length 100%
Counting k-mers 100%
Clustering 100%
Sorting clusters 100%
Writing clusters 100%
Clusters: 17 Size min 1, max 1, avg 1.0
Singletons: 17, 100.0% of seqs, 100.0% of clusters
Multiple alignments 100%
vsearch v2.30.0_linux_x86_64, 94.1GB RAM, 24 cores
https://github.com/torognes/vsearch

Reading file results/clustering/cdr/r3_comp_zikv/cdr3_clusters/50162078-22d2-4321-8c7b-d1dc8f782321-IGH.fasta 100%
0 nt in 0 seqs
Masking 100%
Sorting by length 100%
Counting k-mers 100%
Clustering 100%
Sorting clusters 100%
Writing clusters 100%
Clusters: 0
Singletons: 0
Multiple alignments 100%
vsearch v2.30.0_linux_x86_64, 94.1GB RAM, 24 cores
https://github.com/torognes/vsearch

Reading file results/clustering/cdr/r3_comp_zikv/cdr3_clusters/2f08b55f-dc43-4de6-a22c-00c32707fb2c-IGH.fasta 100%
277 nt in 6 seqs, min 36, max 57, avg 46
Masking 100%
Sorting by length 100%
Counting k-mers 100%
Clustering 100%
Sorting clusters 100%
Writing clusters 100%
Clusters: 6 Size min 1, max 1, avg 1.0
Singletons: 6, 100.0% of seqs, 100.0% of clusters
Multiple alignments 100%
vsearch v2.30.0_linux_x86_64, 94.1GB RAM, 24 cores
https://github.com/torognes/vsearch

Reading file results/clustering/cdr/r3_comp_zikv/cdr3_clusters/21682f43-adf7-43b7-8bb1-4f284f15e4c2-IGK.fasta 100%
0 nt in 0 seqs
minseqlength 6: 6 sequences discarded.
Masking 100%
Sorting by length 100%
Counting k-mers 100%
Clustering 100%
Sorting clusters 100%
Writing clusters 100%
Clusters: 0
Singletons: 0
Multiple alignments 100%
vsearch v2.30.0_linux_x86_64, 94.1GB RAM, 24 cores
https://github.com/torognes/vsearch

Reading file results/clustering/cdr/r3_comp_zikv/cdr3_clusters/c8438bb4-1bb1-4a60-837b-3940e194e368-IGH.fasta 100%
219 nt in 6 seqs, min 28, max 44, avg 36
Masking 100%
Sorting by length 100%
Counting k-mers 100%
Clustering 100%
Sorting clusters 100%
Writing clusters 100%
Clusters: 6 Size min 1, max 1, avg 1.0
Singletons: 6, 100.0% of seqs, 100.0% of clusters
Multiple alignments 100%
vsearch v2.30.0_linux_x86_64, 94.1GB RAM, 24 cores
https://github.com/torognes/vsearch

Reading file results/clustering/cdr/r3_comp_zikv/cdr3_clusters/b95f0207-fa66-4d6e-aa4f-42486c6449e6-IGH.fasta 100%
336 nt in 7 seqs, min 28, max 61, avg 48
minseqlength 6: 3 sequences discarded.
Masking 100%
Sorting by length 100%
Counting k-mers 100%
Clustering 100%
Sorting clusters 100%
Writing clusters 100%
Clusters: 7 Size min 1, max 1, avg 1.0
Singletons: 7, 100.0% of seqs, 100.0% of clusters
Multiple alignments 100%
vsearch v2.30.0_linux_x86_64, 94.1GB RAM, 24 cores
https://github.com/torognes/vsearch

Reading file results/clustering/cdr/r3_comp_zikv/cdr3_clusters/4d5c79df-449b-43d6-8057-0c95425005db-IGK.fasta 100%
0 nt in 0 seqs
minseqlength 6: 2 sequences discarded.
Masking 100%
Sorting by length 100%
Counting k-mers 100%
Clustering 100%
Sorting clusters 100%
Writing clusters 100%
Clusters: 0
Singletons: 0
Multiple alignments 100%
vsearch v2.30.0_linux_x86_64, 94.1GB RAM, 24 cores
https://github.com/torognes/vsearch

Reading file results/clustering/cdr/r3_comp_zikv/cdr3_clusters/1cf30918-41dd-4893-a94a-17e51799ddc0-IGK.fasta 100%
3173 nt in 118 seqs, min 18, max 32, avg 27
Masking 100%
Sorting by length 100%
Counting k-mers 100%
Clustering 100%
Sorting clusters 100%
Writing clusters 100%
Clusters: 92 Size min 1, max 7, avg 1.3
Singletons: 77, 65.3% of seqs, 83.7% of clusters
Multiple alignments 100%
vsearch v2.30.0_linux_x86_64, 94.1GB RAM, 24 cores
https://github.com/torognes/vsearch

Reading file results/clustering/cdr/r3_comp_zikv/cdr3_clusters/395e0207-020b-4b1e-b2fe-cdfd82c7e7e8-IGK.fasta 100%
77 nt in 5 seqs, min 11, max 18, avg 15
Masking 100%
Sorting by length 100%
Counting k-mers 100%
Clustering 100%
Sorting clusters 100%
Writing clusters 100%
Clusters: 4 Size min 1, max 2, avg 1.2
Singletons: 3, 60.0% of seqs, 75.0% of clusters
Multiple alignments 100%
vsearch v2.30.0_linux_x86_64, 94.1GB RAM, 24 cores
https://github.com/torognes/vsearch

Reading file results/clustering/cdr/r3_comp_zikv/cdr3_clusters/e35e7833-05bf-47d2-b04f-2e232a8412a6-IGH.fasta 100%
0 nt in 0 seqs
minseqlength 6: 5 sequences discarded.
Masking 100%
Sorting by length 100%
Counting k-mers 100%
Clustering 100%
Sorting clusters 100%
Writing clusters 100%
Clusters: 0
Singletons: 0
Multiple alignments 100%
vsearch v2.30.0_linux_x86_64, 94.1GB RAM, 24 cores
https://github.com/torognes/vsearch

Reading file results/clustering/cdr/r3_comp_zikv/cdr3_clusters/3a98f63b-d855-4dc0-88dc-0e84ee83eb0e-IGK.fasta 100%
0 nt in 0 seqs
minseqlength 6: 8 sequences discarded.
Masking 100%
Sorting by length 100%
Counting k-mers 100%
Clustering 100%
Sorting clusters 100%
Writing clusters 100%
Clusters: 0
Singletons: 0
Multiple alignments 100%
vsearch v2.30.0_linux_x86_64, 94.1GB RAM, 24 cores
https://github.com/torognes/vsearch

Reading file results/clustering/cdr/r3_comp_zikv/cdr3_clusters/b554784b-ce5c-4eb9-86a9-861729389288-IGK.fasta 100%
27 nt in 1 seqs, min 27, max 27, avg 27
minseqlength 6: 10 sequences discarded.
Masking 100%
Sorting by length 100%
Counting k-mers 100%
Clustering 100%
Sorting clusters 100%
Writing clusters 100%
Clusters: 1 Size min 1, max 1, avg 1.0
Singletons: 1, 100.0% of seqs, 100.0% of clusters
Multiple alignments 100%
vsearch v2.30.0_linux_x86_64, 94.1GB RAM, 24 cores
https://github.com/torognes/vsearch

Reading file results/clustering/cdr/r3_comp_zikv/cdr3_clusters/12d8f81a-eb17-418c-b295-fe1aab049070-IGK.fasta 100%
1029 nt in 38 seqs, min 22, max 32, avg 27
Masking 100%
Sorting by length 100%
Counting k-mers 100%
Clustering 100%
Sorting clusters 100%
Writing clusters 100%
Clusters: 37 Size min 1, max 2, avg 1.0
Singletons: 36, 94.7% of seqs, 97.3% of clusters
Multiple alignments 100%
vsearch v2.30.0_linux_x86_64, 94.1GB RAM, 24 cores
https://github.com/torognes/vsearch

Reading file results/clustering/cdr/r3_comp_zikv/cdr3_clusters/079ec314-ee15-41f3-a2f9-5d1b1b6c8017-IGH.fasta 100%
36 nt in 1 seqs, min 36, max 36, avg 36
Masking 100%
Sorting by length 100%
Counting k-mers 100%
Clustering 100%
Sorting clusters 100%
Writing clusters 100%
Clusters: 1 Size min 1, max 1, avg 1.0
Singletons: 1, 100.0% of seqs, 100.0% of clusters
Multiple alignments 100%
vsearch v2.30.0_linux_x86_64, 94.1GB RAM, 24 cores
https://github.com/torognes/vsearch

Reading file results/clustering/cdr/r3_comp_zikv/cdr3_clusters/6dc35353-4ad2-4a8b-b2b5-f8417f49d895-IGK.fasta 100%
0 nt in 0 seqs
minseqlength 6: 2 sequences discarded.
Masking 100%
Sorting by length 100%
Counting k-mers 100%
Clustering 100%
Sorting clusters 100%
Writing clusters 100%
Clusters: 0
Singletons: 0
Multiple alignments 100%
vsearch v2.30.0_linux_x86_64, 94.1GB RAM, 24 cores
https://github.com/torognes/vsearch

Reading file results/clustering/cdr/r3_comp_zikv/cdr3_clusters/b2bd7f81-a998-426f-b400-616b6690b085-IGH.fasta 100%
329 nt in 7 seqs, min 30, max 57, avg 47
Masking 100%
Sorting by length 100%
Counting k-mers 100%
Clustering 100%
Sorting clusters 100%
Writing clusters 100%
Clusters: 7 Size min 1, max 1, avg 1.0
Singletons: 7, 100.0% of seqs, 100.0% of clusters
Multiple alignments 100%
vsearch v2.30.0_linux_x86_64, 94.1GB RAM, 24 cores
https://github.com/torognes/vsearch

Reading file results/clustering/cdr/r3_comp_zikv/cdr3_clusters/1951712c-ba96-4c66-b624-22a637944457-IGK.fasta 100%
0 nt in 0 seqs
minseqlength 6: 2 sequences discarded.
Masking 100%
Sorting by length 100%
Counting k-mers 100%
Clustering 100%
Sorting clusters 100%
Writing clusters 100%
Clusters: 0
Singletons: 0
Multiple alignments 100%
vsearch v2.30.0_linux_x86_64, 94.1GB RAM, 24 cores
https://github.com/torognes/vsearch

Reading file results/clustering/cdr/r3_comp_zikv/cdr3_clusters/470c52bb-f52a-4d97-b9de-b08c3bbf4868-IGH.fasta 100%
24 nt in 1 seqs, min 24, max 24, avg 24
minseqlength 6: 7 sequences discarded.
Masking 100%
Sorting by length 100%
Counting k-mers 100%
Clustering 100%
Sorting clusters 100%
Writing clusters 100%
Clusters: 1 Size min 1, max 1, avg 1.0
Singletons: 1, 100.0% of seqs, 100.0% of clusters
Multiple alignments 100%
vsearch v2.30.0_linux_x86_64, 94.1GB RAM, 24 cores
https://github.com/torognes/vsearch

Reading file results/clustering/cdr/r3_comp_zikv/cdr3_clusters/e4e14a88-f1e1-4a02-bdca-6336ff5c6201-IGK.fasta 100%
211 nt in 8 seqs, min 22, max 27, avg 26
Masking 100%
Sorting by length 100%
Counting k-mers 100%
Clustering 100%
Sorting clusters 100%
Writing clusters 100%
Clusters: 6 Size min 1, max 3, avg 1.3
Singletons: 5, 62.5% of seqs, 83.3% of clusters
Multiple alignments 100%
vsearch v2.30.0_linux_x86_64, 94.1GB RAM, 24 cores
https://github.com/torognes/vsearch

Reading file results/clustering/cdr/r3_comp_zikv/cdr3_clusters/7cb98894-4c4b-451c-9886-077ff34cab23-IGK.fasta 100%
238 nt in 9 seqs, min 21, max 30, avg 26
Masking 100%
Sorting by length 100%
Counting k-mers 100%
Clustering 100%
Sorting clusters 100%
Writing clusters 100%
Clusters: 7 Size min 1, max 2, avg 1.3
Singletons: 5, 55.6% of seqs, 71.4% of clusters
Multiple alignments 100%
vsearch v2.30.0_linux_x86_64, 94.1GB RAM, 24 cores
https://github.com/torognes/vsearch

Reading file results/clustering/cdr/r3_comp_zikv/cdr3_clusters/3b38e7dc-ac84-4434-b09e-2d80e63825d0-IGK.fasta 100%
207 nt in 8 seqs, min 24, max 27, avg 26
Masking 100%
Sorting by length 100%
Counting k-mers 100%
Clustering 100%
Sorting clusters 100%
Writing clusters 100%
Clusters: 7 Size min 1, max 2, avg 1.1
Singletons: 6, 75.0% of seqs, 85.7% of clusters
Multiple alignments 100%
vsearch v2.30.0_linux_x86_64, 94.1GB RAM, 24 cores
https://github.com/torognes/vsearch

Reading file results/clustering/cdr/r3_comp_zikv/cdr3_clusters/14217b7d-de9d-4e30-84ba-fe75f670863e-IGK.fasta 100%
132 nt in 5 seqs, min 24, max 27, avg 26
Masking 100%
Sorting by length 100%
Counting k-mers 100%
Clustering 100%
Sorting clusters 100%
Writing clusters 100%
Clusters: 4 Size min 1, max 2, avg 1.2
Singletons: 3, 60.0% of seqs, 75.0% of clusters
Multiple alignments 100%
vsearch v2.30.0_linux_x86_64, 94.1GB RAM, 24 cores
https://github.com/torognes/vsearch

Reading file results/clustering/cdr/r3_comp_zikv/cdr3_clusters/5b1054e6-1767-44f9-9a37-920ae03fe827-IGK.fasta 100%
0 nt in 0 seqs
Masking 100%
Sorting by length 100%
Counting k-mers 100%
Clustering 100%
Sorting clusters 100%
Writing clusters 100%
Clusters: 0
Singletons: 0
Multiple alignments 100%
vsearch v2.30.0_linux_x86_64, 94.1GB RAM, 24 cores
https://github.com/torognes/vsearch

Reading file results/clustering/cdr/r3_comp_zikv/cdr3_clusters/0adbbf92-0a45-478f-b21f-f192a9084af3-IGH.fasta 100%
0 nt in 0 seqs
minseqlength 6: 13 sequences discarded.
Masking 100%
Sorting by length 100%
Counting k-mers 100%
Clustering 100%
Sorting clusters 100%
Writing clusters 100%
Clusters: 0
Singletons: 0
Multiple alignments 100%
vsearch v2.30.0_linux_x86_64, 94.1GB RAM, 24 cores
https://github.com/torognes/vsearch

Reading file results/clustering/cdr/r3_comp_zikv/cdr3_clusters/772b9f6a-911f-4b3c-ac19-782063bbf45d-IGK.fasta 100%
0 nt in 0 seqs
minseqlength 6: 2 sequences discarded.
Masking 100%
Sorting by length 100%
Counting k-mers 100%
Clustering 100%
Sorting clusters 100%
Writing clusters 100%
Clusters: 0
Singletons: 0
Multiple alignments 100%
vsearch v2.30.0_linux_x86_64, 94.1GB RAM, 24 cores
https://github.com/torognes/vsearch

Reading file results/clustering/cdr/r3_comp_zikv/cdr3_clusters/df0b10c4-886e-4fb3-8ac6-de652ad50e22-IGK.fasta 100%
2530 nt in 94 seqs, min 23, max 30, avg 27
Masking 100%
Sorting by length 100%
Counting k-mers 100%
Clustering 100%
Sorting clusters 100%
Writing clusters 100%
Clusters: 83 Size min 1, max 3, avg 1.1
Singletons: 76, 80.9% of seqs, 91.6% of clusters
Multiple alignments 100%
vsearch v2.30.0_linux_x86_64, 94.1GB RAM, 24 cores
https://github.com/torognes/vsearch

Reading file results/clustering/cdr/r3_comp_zikv/cdr3_clusters/3f209ba5-bfd2-43e0-bb6d-3927d8718dad-IGH.fasta 100%
0 nt in 0 seqs
minseqlength 6: 10 sequences discarded.
Masking 100%
Sorting by length 100%
Counting k-mers 100%
Clustering 100%
Sorting clusters 100%
Writing clusters 100%
Clusters: 0
Singletons: 0
Multiple alignments 100%
vsearch v2.30.0_linux_x86_64, 94.1GB RAM, 24 cores
https://github.com/torognes/vsearch

Reading file results/clustering/cdr/r3_comp_zikv/cdr3_clusters/0690c254-3693-455e-b075-9ae4e93a0be6-IGH.fasta 100%
99 nt in 3 seqs, min 30, max 36, avg 33
minseqlength 6: 9 sequences discarded.
Masking 100%
Sorting by length 100%
Counting k-mers 100%
Clustering 100%
Sorting clusters 100%
Writing clusters 100%
Clusters: 3 Size min 1, max 1, avg 1.0
Singletons: 3, 100.0% of seqs, 100.0% of clusters
Multiple alignments 100%
vsearch v2.30.0_linux_x86_64, 94.1GB RAM, 24 cores
https://github.com/torognes/vsearch

Reading file results/clustering/cdr/r3_comp_zikv/cdr3_clusters/0781e306-8903-49d0-b5f4-4cc1fb811cff-IGH.fasta 100%
1536 nt in 33 seqs, min 29, max 63, avg 47
Masking 100%
Sorting by length 100%
Counting k-mers 100%
Clustering 100%
Sorting clusters 100%
Writing clusters 100%
Clusters: 32 Size min 1, max 2, avg 1.0
Singletons: 31, 93.9% of seqs, 96.9% of clusters
Multiple alignments 100%
vsearch v2.30.0_linux_x86_64, 94.1GB RAM, 24 cores
https://github.com/torognes/vsearch

Reading file results/clustering/cdr/r3_comp_zikv/cdr3_clusters/3c94e9f8-9f4b-4709-8f81-da84bf3258db-IGK.fasta 100%
0 nt in 0 seqs
minseqlength 6: 1 sequence discarded.
Masking 100%
Sorting by length 100%
Counting k-mers 100%
Clustering 100%
Sorting clusters 100%
Writing clusters 100%
Clusters: 0
Singletons: 0
Multiple alignments 100%
vsearch v2.30.0_linux_x86_64, 94.1GB RAM, 24 cores
https://github.com/torognes/vsearch

Reading file results/clustering/cdr/r3_comp_zikv/cdr3_clusters/e19ac387-8a07-4dad-ab62-8b318a1d85d9-IGH.fasta 100%
2118 nt in 42 seqs, min 32, max 69, avg 50
Masking 100%
Sorting by length 100%
Counting k-mers 100%
Clustering 100%
Sorting clusters 100%
Writing clusters 100%
Clusters: 40 Size min 1, max 2, avg 1.1
Singletons: 38, 90.5% of seqs, 95.0% of clusters
Multiple alignments 100%
vsearch v2.30.0_linux_x86_64, 94.1GB RAM, 24 cores
https://github.com/torognes/vsearch

Reading file results/clustering/cdr/r3_comp_zikv/cdr3_clusters/fe5e4cd6-7b4a-469c-977d-a9c87a27bbfc-IGK.fasta 100%
135 nt in 5 seqs, min 24, max 30, avg 27
Masking 100%
Sorting by length 100%
Counting k-mers 100%
Clustering 100%
Sorting clusters 100%
Writing clusters 100%
Clusters: 5 Size min 1, max 1, avg 1.0
Singletons: 5, 100.0% of seqs, 100.0% of clusters
Multiple alignments 100%
vsearch v2.30.0_linux_x86_64, 94.1GB RAM, 24 cores
https://github.com/torognes/vsearch

Reading file results/clustering/cdr/r3_comp_zikv/cdr3_clusters/48b1a926-9457-4ff3-b4bc-93ced3ce50eb-IGH.fasta 100%
2745 nt in 63 seqs, min 14, max 70, avg 44
Masking 100%
Sorting by length 100%
Counting k-mers 100%
Clustering 100%
Sorting clusters 100%
Writing clusters 100%
Clusters: 63 Size min 1, max 1, avg 1.0
Singletons: 63, 100.0% of seqs, 100.0% of clusters
Multiple alignments 100%
vsearch v2.30.0_linux_x86_64, 94.1GB RAM, 24 cores
https://github.com/torognes/vsearch

Reading file results/clustering/cdr/r3_comp_zikv/cdr3_clusters/0ac79344-58f9-4e25-b7c8-9815f434b040-IGH.fasta 100%
53 nt in 1 seqs, min 53, max 53, avg 53
minseqlength 6: 11 sequences discarded.
Masking 100%
Sorting by length 100%
Counting k-mers 100%
Clustering 100%
Sorting clusters 100%
Writing clusters 100%
Clusters: 1 Size min 1, max 1, avg 1.0
Singletons: 1, 100.0% of seqs, 100.0% of clusters
Multiple alignments 100%
vsearch v2.30.0_linux_x86_64, 94.1GB RAM, 24 cores
https://github.com/torognes/vsearch

Reading file results/clustering/cdr/r3_comp_zikv/cdr3_clusters/04683c22-3f6c-42ed-ac64-c66017dfc4b2-IGH.fasta 100%
10726 nt in 207 seqs, min 28, max 84, avg 52
Masking 100%
Sorting by length 100%
Counting k-mers 100%
Clustering 100%
Sorting clusters 100%
Writing clusters 100%
Clusters: 197 Size min 1, max 3, avg 1.1
Singletons: 188, 90.8% of seqs, 95.4% of clusters
Multiple alignments 100%
vsearch v2.30.0_linux_x86_64, 94.1GB RAM, 24 cores
https://github.com/torognes/vsearch

Reading file results/clustering/cdr/r3_comp_zikv/cdr3_clusters/15319947-2d5d-4ad2-a31e-dbc8c5d30c0c-IGK.fasta 100%
0 nt in 0 seqs
minseqlength 6: 2 sequences discarded.
Masking 100%
Sorting by length 100%
Counting k-mers 100%
Clustering 100%
Sorting clusters 100%
Writing clusters 100%
Clusters: 0
Singletons: 0
Multiple alignments 100%
vsearch v2.30.0_linux_x86_64, 94.1GB RAM, 24 cores
https://github.com/torognes/vsearch

Reading file results/clustering/cdr/r3_comp_zikv/cdr3_clusters/608104af-4488-4322-a348-2f97d46350da-IGK.fasta 100%
368 nt in 14 seqs, min 21, max 30, avg 26
Masking 100%
Sorting by length 100%
Counting k-mers 100%
Clustering 100%
Sorting clusters 100%
Writing clusters 100%
Clusters: 13 Size min 1, max 2, avg 1.1
Singletons: 12, 85.7% of seqs, 92.3% of clusters
Multiple alignments 100%
vsearch v2.30.0_linux_x86_64, 94.1GB RAM, 24 cores
https://github.com/torognes/vsearch

Reading file results/clustering/cdr/r3_comp_zikv/cdr3_clusters/132adae7-bdba-4861-85d2-6fa031233e5c-IGH.fasta 100%
0 nt in 0 seqs
minseqlength 6: 9 sequences discarded.
Masking 100%
Sorting by length 100%
Counting k-mers 100%
Clustering 100%
Sorting clusters 100%
Writing clusters 100%
Clusters: 0
Singletons: 0
Multiple alignments 100%
vsearch v2.30.0_linux_x86_64, 94.1GB RAM, 24 cores
https://github.com/torognes/vsearch

Reading file results/clustering/cdr/r3_comp_zikv/cdr3_clusters/15eb4ddd-0c41-483c-a4f2-f7ec8d647e08-IGH.fasta 100%
294 nt in 8 seqs, min 29, max 45, avg 37
Masking 100%
Sorting by length 100%
Counting k-mers 100%
Clustering 100%
Sorting clusters 100%
Writing clusters 100%
Clusters: 8 Size min 1, max 1, avg 1.0
Singletons: 8, 100.0% of seqs, 100.0% of clusters
Multiple alignments 100%
vsearch v2.30.0_linux_x86_64, 94.1GB RAM, 24 cores
https://github.com/torognes/vsearch

Reading file results/clustering/cdr/r3_comp_zikv/cdr3_clusters/6a3a3069-d0ff-4dda-9eda-02526e9214d2-IGK.fasta 100%
0 nt in 0 seqs
minseqlength 6: 4 sequences discarded.
Masking 100%
Sorting by length 100%
Counting k-mers 100%
Clustering 100%
Sorting clusters 100%
Writing clusters 100%
Clusters: 0
Singletons: 0
Multiple alignments 100%
vsearch v2.30.0_linux_x86_64, 94.1GB RAM, 24 cores
https://github.com/torognes/vsearch

Reading file results/clustering/cdr/r3_comp_zikv/cdr3_clusters/0b6c2b3b-385c-40b2-b898-240e3f28797f-IGK.fasta 100%
0 nt in 0 seqs
minseqlength 6: 11 sequences discarded.
Masking 100%
Sorting by length 100%
Counting k-mers 100%
Clustering 100%
Sorting clusters 100%
Writing clusters 100%
Clusters: 0
Singletons: 0
Multiple alignments 100%
vsearch v2.30.0_linux_x86_64, 94.1GB RAM, 24 cores
https://github.com/torognes/vsearch

Reading file results/clustering/cdr/r3_comp_zikv/cdr3_clusters/f7341b25-68fa-4a0d-a404-879f18e808d0-IGK.fasta 100%
54 nt in 2 seqs, min 27, max 27, avg 27
minseqlength 6: 6 sequences discarded.
Masking 100%
Sorting by length 100%
Counting k-mers 100%
Clustering 100%
Sorting clusters 100%
Writing clusters 100%
Clusters: 2 Size min 1, max 1, avg 1.0
Singletons: 2, 100.0% of seqs, 100.0% of clusters
Multiple alignments 100%
vsearch v2.30.0_linux_x86_64, 94.1GB RAM, 24 cores
https://github.com/torognes/vsearch

Reading file results/clustering/cdr/r3_comp_zikv/cdr3_clusters/0f134263-c115-4070-b731-b0a8d3950ed1-IGH.fasta 100%
0 nt in 0 seqs
minseqlength 6: 7 sequences discarded.
Masking 100%
Sorting by length 100%
Counting k-mers 100%
Clustering 100%
Sorting clusters 100%
Writing clusters 100%
Clusters: 0
Singletons: 0
Multiple alignments 100%
vsearch v2.30.0_linux_x86_64, 94.1GB RAM, 24 cores
https://github.com/torognes/vsearch

Reading file results/clustering/cdr/r3_comp_zikv/cdr3_clusters/0a41faa4-6386-4055-b3fa-c42d2531e0a2-IGK.fasta 100%
12 nt in 1 seqs, min 12, max 12, avg 12
minseqlength 6: 25 sequences discarded.
Masking 100%
Sorting by length 100%
Counting k-mers 100%
Clustering 100%
Sorting clusters 100%
Writing clusters 100%
Clusters: 1 Size min 1, max 1, avg 1.0
Singletons: 1, 100.0% of seqs, 100.0% of clusters
Multiple alignments 100%
vsearch v2.30.0_linux_x86_64, 94.1GB RAM, 24 cores
https://github.com/torognes/vsearch

Reading file results/clustering/cdr/r3_comp_zikv/cdr3_clusters/d0553a64-ba08-4ba4-8554-6ecd31628906-IGK.fasta 100%
996 nt in 35 seqs, min 21, max 33, avg 28
minseqlength 6: 7 sequences discarded.
Masking 100%
Sorting by length 100%
Counting k-mers 100%
Clustering 100%
Sorting clusters 100%
Writing clusters 100%
Clusters: 24 Size min 1, max 4, avg 1.5
Singletons: 17, 48.6% of seqs, 70.8% of clusters
Multiple alignments 100%
vsearch v2.30.0_linux_x86_64, 94.1GB RAM, 24 cores
https://github.com/torognes/vsearch

Reading file results/clustering/cdr/r3_comp_zikv/cdr3_clusters/b63d8e9a-ea95-439b-abed-52fcc8743f10-IGH.fasta 100%
0 nt in 0 seqs
Masking 100%
Sorting by length 100%
Counting k-mers 100%
Clustering 100%
Sorting clusters 100%
Writing clusters 100%
Clusters: 0
Singletons: 0
Multiple alignments 100%
vsearch v2.30.0_linux_x86_64, 94.1GB RAM, 24 cores
https://github.com/torognes/vsearch

Reading file results/clustering/cdr/r3_comp_zikv/cdr3_clusters/b31728ca-d802-42ca-a1b0-fcaf0793061b-IGK.fasta 100%
0 nt in 0 seqs
minseqlength 6: 14 sequences discarded.
Masking 100%
Sorting by length 100%
Counting k-mers 100%
Clustering 100%
Sorting clusters 100%
Writing clusters 100%
Clusters: 0
Singletons: 0
Multiple alignments 100%
vsearch v2.30.0_linux_x86_64, 94.1GB RAM, 24 cores
https://github.com/torognes/vsearch

Reading file results/clustering/cdr/r3_comp_zikv/cdr3_clusters/5242ce3b-45c4-4e0e-9fc4-822a8b6e6cea-IGH.fasta 100%
898 nt in 20 seqs, min 32, max 67, avg 45
minseqlength 6: 236 sequences discarded.
Masking 100%
Sorting by length 100%
Counting k-mers 100%
Clustering 100%
Sorting clusters 100%
Writing clusters 100%
Clusters: 20 Size min 1, max 1, avg 1.0
Singletons: 20, 100.0% of seqs, 100.0% of clusters
Multiple alignments 100%
vsearch v2.30.0_linux_x86_64, 94.1GB RAM, 24 cores
https://github.com/torognes/vsearch

Reading file results/clustering/cdr/r3_comp_zikv/cdr3_clusters/9ab2d188-ff2a-4bf2-8bef-76136740b884-IGH.fasta 100%
342 nt in 11 seqs, min 23, max 46, avg 31
Masking 100%
Sorting by length 100%
Counting k-mers 100%
Clustering 100%
Sorting clusters 100%
Writing clusters 100%
Clusters: 11 Size min 1, max 1, avg 1.0
Singletons: 11, 100.0% of seqs, 100.0% of clusters
Multiple alignments 100%
vsearch v2.30.0_linux_x86_64, 94.1GB RAM, 24 cores
https://github.com/torognes/vsearch

Reading file results/clustering/cdr/r3_comp_zikv/cdr3_clusters/079aa164-d5ee-4a1d-b0c4-4f29dd6ff0a0-IGK.fasta 100%
0 nt in 0 seqs
minseqlength 6: 1 sequence discarded.
Masking 100%
Sorting by length 100%
Counting k-mers 100%
Clustering 100%
Sorting clusters 100%
Writing clusters 100%
Clusters: 0
Singletons: 0
Multiple alignments 100%
vsearch v2.30.0_linux_x86_64, 94.1GB RAM, 24 cores
https://github.com/torognes/vsearch

Reading file results/clustering/cdr/r3_comp_zikv/cdr3_clusters/c1eb7eab-d419-486d-bd01-9efa73dc333c-IGK.fasta 100%
0 nt in 0 seqs
minseqlength 6: 7 sequences discarded.
Masking 100%
Sorting by length 100%
Counting k-mers 100%
Clustering 100%
Sorting clusters 100%
Writing clusters 100%
Clusters: 0
Singletons: 0
Multiple alignments 100%
vsearch v2.30.0_linux_x86_64, 94.1GB RAM, 24 cores
https://github.com/torognes/vsearch

Reading file results/clustering/cdr/r3_comp_zikv/cdr3_clusters/2de9695e-22a6-46de-b672-12fadec11314-IGK.fasta 100%
35 nt in 1 seqs, min 35, max 35, avg 35
minseqlength 6: 15 sequences discarded.
Masking 100%
Sorting by length 100%
Counting k-mers 100%
Clustering 100%
Sorting clusters 100%
Writing clusters 100%
Clusters: 1 Size min 1, max 1, avg 1.0
Singletons: 1, 100.0% of seqs, 100.0% of clusters
Multiple alignments 100%
vsearch v2.30.0_linux_x86_64, 94.1GB RAM, 24 cores
https://github.com/torognes/vsearch

Reading file results/clustering/cdr/r3_comp_zikv/cdr3_clusters/3897c77d-bb29-4d9b-b87f-26ba2f8ccf98-IGK.fasta 100%
193 nt in 7 seqs, min 27, max 30, avg 28
Masking 100%
Sorting by length 100%
Counting k-mers 100%
Clustering 100%
Sorting clusters 100%
Writing clusters 100%
Clusters: 5 Size min 1, max 2, avg 1.4
Singletons: 3, 42.9% of seqs, 60.0% of clusters
Multiple alignments 100%
vsearch v2.30.0_linux_x86_64, 94.1GB RAM, 24 cores
https://github.com/torognes/vsearch

Reading file results/clustering/cdr/r3_comp_zikv/cdr3_clusters/7d200d38-1005-40f3-9471-78f217692ffb-IGK.fasta 100%
0 nt in 0 seqs
minseqlength 6: 7 sequences discarded.
Masking 100%
Sorting by length 100%
Counting k-mers 100%
Clustering 100%
Sorting clusters 100%
Writing clusters 100%
Clusters: 0
Singletons: 0
Multiple alignments 100%
vsearch v2.30.0_linux_x86_64, 94.1GB RAM, 24 cores
https://github.com/torognes/vsearch

Reading file results/clustering/cdr/r3_comp_zikv/cdr3_clusters/dcf35850-0c01-4da7-8c73-309e0bb4ab5c-IGH.fasta 100%
731 nt in 16 seqs, min 29, max 60, avg 46
minseqlength 6: 14 sequences discarded.
Masking 100%
Sorting by length 100%
Counting k-mers 100%
Clustering 100%
Sorting clusters 100%
Writing clusters 100%
Clusters: 16 Size min 1, max 1, avg 1.0
Singletons: 16, 100.0% of seqs, 100.0% of clusters
Multiple alignments 100%
vsearch v2.30.0_linux_x86_64, 94.1GB RAM, 24 cores
https://github.com/torognes/vsearch

Reading file results/clustering/cdr/r3_comp_zikv/cdr3_clusters/8254defb-715f-4412-ac2d-1228f8811a15-IGK.fasta 100%
286 nt in 11 seqs, min 24, max 27, avg 26
Masking 100%
Sorting by length 100%
Counting k-mers 100%
Clustering 100%
Sorting clusters 100%
Writing clusters 100%
Clusters: 11 Size min 1, max 1, avg 1.0
Singletons: 11, 100.0% of seqs, 100.0% of clusters
Multiple alignments 100%
vsearch v2.30.0_linux_x86_64, 94.1GB RAM, 24 cores
https://github.com/torognes/vsearch

Reading file results/clustering/cdr/r3_comp_zikv/cdr3_clusters/5aa91e9d-ef10-4f33-bd89-046201c776c2-IGK.fasta 100%
285 nt in 9 seqs, min 27, max 35, avg 32
minseqlength 6: 15 sequences discarded.
Masking 100%
Sorting by length 100%
Counting k-mers 100%
Clustering 100%
Sorting clusters 100%
Writing clusters 100%
Clusters: 6 Size min 1, max 2, avg 1.5
Singletons: 3, 33.3% of seqs, 50.0% of clusters
Multiple alignments 100%
vsearch v2.30.0_linux_x86_64, 94.1GB RAM, 24 cores
https://github.com/torognes/vsearch

Reading file results/clustering/cdr/r3_comp_zikv/cdr3_clusters/ff251dff-ca6d-4384-af32-85a4dbeaa144-IGH.fasta 100%
0 nt in 0 seqs
minseqlength 6: 4 sequences discarded.
Masking 100%
Sorting by length 100%
Counting k-mers 100%
Clustering 100%
Sorting clusters 100%
Writing clusters 100%
Clusters: 0
Singletons: 0
Multiple alignments 100%
vsearch v2.30.0_linux_x86_64, 94.1GB RAM, 24 cores
https://github.com/torognes/vsearch

Reading file results/clustering/cdr/r3_comp_zikv/cdr3_clusters/6c04cf59-929a-41a1-8ec8-d7620c23951c-IGK.fasta 100%
0 nt in 0 seqs
Masking 100%
Sorting by length 100%
Counting k-mers 100%
Clustering 100%
Sorting clusters 100%
Writing clusters 100%
Clusters: 0
Singletons: 0
Multiple alignments 100%
vsearch v2.30.0_linux_x86_64, 94.1GB RAM, 24 cores
https://github.com/torognes/vsearch

Reading file results/clustering/cdr/r3_comp_zikv/cdr3_clusters/e914c34b-d254-4eb8-9238-29360fc6012c-IGH.fasta 100%
0 nt in 0 seqs
Masking 100%
Sorting by length 100%
Counting k-mers 100%
Clustering 100%
Sorting clusters 100%
Writing clusters 100%
Clusters: 0
Singletons: 0
Multiple alignments 100%
vsearch v2.30.0_linux_x86_64, 94.1GB RAM, 24 cores
https://github.com/torognes/vsearch

Reading file results/clustering/cdr/r3_comp_zikv/cdr3_clusters/c400cf43-682d-465f-82ec-99c635361207-IGH.fasta 100%
0 nt in 0 seqs
minseqlength 6: 1 sequence discarded.
Masking 100%
Sorting by length 100%
Counting k-mers 100%
Clustering 100%
Sorting clusters 100%
Writing clusters 100%
Clusters: 0
Singletons: 0
Multiple alignments 100%
vsearch v2.30.0_linux_x86_64, 94.1GB RAM, 24 cores
https://github.com/torognes/vsearch

Reading file results/clustering/cdr/r3_comp_zikv/cdr3_clusters/b945c3e1-c59d-4bda-992c-c52077eb6217-IGH.fasta 100%
69 nt in 1 seqs, min 69, max 69, avg 69
minseqlength 6: 1 sequence discarded.
Masking 100%
Sorting by length 100%
Counting k-mers 100%
Clustering 100%
Sorting clusters 100%
Writing clusters 100%
Clusters: 1 Size min 1, max 1, avg 1.0
Singletons: 1, 100.0% of seqs, 100.0% of clusters
Multiple alignments 100%
vsearch v2.30.0_linux_x86_64, 94.1GB RAM, 24 cores
https://github.com/torognes/vsearch

Reading file results/clustering/cdr/r3_comp_zikv/cdr3_clusters/4aaa8551-3020-4f4e-a8fd-cf503644a8d2-IGK.fasta 100%
0 nt in 0 seqs
minseqlength 6: 6 sequences discarded.
Masking 100%
Sorting by length 100%
Counting k-mers 100%
Clustering 100%
Sorting clusters 100%
Writing clusters 100%
Clusters: 0
Singletons: 0
Multiple alignments 100%
vsearch v2.30.0_linux_x86_64, 94.1GB RAM, 24 cores
https://github.com/torognes/vsearch

Reading file results/clustering/cdr/r3_comp_zikv/cdr3_clusters/97eb4069-63fb-4162-87db-e889e3f33bcb-IGH.fasta 100%
0 nt in 0 seqs
minseqlength 6: 7 sequences discarded.
Masking 100%
Sorting by length 100%
Counting k-mers 100%
Clustering 100%
Sorting clusters 100%
Writing clusters 100%
Clusters: 0
Singletons: 0
Multiple alignments 100%
vsearch v2.30.0_linux_x86_64, 94.1GB RAM, 24 cores
https://github.com/torognes/vsearch

Reading file results/clustering/cdr/r3_comp_zikv/cdr3_clusters/88e63a5c-7312-4441-ac72-18d414638a9d-IGH.fasta 100%
0 nt in 0 seqs
minseqlength 6: 5 sequences discarded.
Masking 100%
Sorting by length 100%
Counting k-mers 100%
Clustering 100%
Sorting clusters 100%
Writing clusters 100%
Clusters: 0
Singletons: 0
Multiple alignments 100%
vsearch v2.30.0_linux_x86_64, 94.1GB RAM, 24 cores
https://github.com/torognes/vsearch

Reading file results/clustering/cdr/r3_comp_zikv/cdr3_clusters/dfbcab78-dd81-44e8-a7e5-9519eb408c49-IGH.fasta 100%
195 nt in 5 seqs, min 33, max 44, avg 39
Masking 100%
Sorting by length 100%
Counting k-mers 100%
Clustering 100%
Sorting clusters 100%
Writing clusters 100%
Clusters: 5 Size min 1, max 1, avg 1.0
Singletons: 5, 100.0% of seqs, 100.0% of clusters
Multiple alignments 100%
vsearch v2.30.0_linux_x86_64, 94.1GB RAM, 24 cores
https://github.com/torognes/vsearch

Reading file results/clustering/cdr/r3_comp_zikv/cdr3_clusters/51c3121b-56e3-4d86-8450-f529c676c0d8-IGH.fasta 100%
465 nt in 9 seqs, min 50, max 57, avg 52
Masking 100%
Sorting by length 100%
Counting k-mers 100%
Clustering 100%
Sorting clusters 100%
Writing clusters 100%
Clusters: 3 Size min 1, max 7, avg 3.0
Singletons: 2, 22.2% of seqs, 66.7% of clusters
Multiple alignments 100%
vsearch v2.30.0_linux_x86_64, 94.1GB RAM, 24 cores
https://github.com/torognes/vsearch

Reading file results/clustering/cdr/r3_comp_zikv/cdr3_clusters/2abd1db2-df3f-4f7f-ad1d-43433dc12741-IGK.fasta 100%
0 nt in 0 seqs
minseqlength 6: 4 sequences discarded.
Masking 100%
Sorting by length 100%
Counting k-mers 100%
Clustering 100%
Sorting clusters 100%
Writing clusters 100%
Clusters: 0
Singletons: 0
Multiple alignments 100%
vsearch v2.30.0_linux_x86_64, 94.1GB RAM, 24 cores
https://github.com/torognes/vsearch

Reading file results/clustering/cdr/r3_comp_zikv/cdr3_clusters/e828b1db-3dc1-440b-b492-53451bd16108-IGK.fasta 100%
144 nt in 6 seqs, min 19, max 27, avg 24
Masking 100%
Sorting by length 100%
Counting k-mers 100%
Clustering 100%
Sorting clusters 100%
Writing clusters 100%
Clusters: 6 Size min 1, max 1, avg 1.0
Singletons: 6, 100.0% of seqs, 100.0% of clusters
Multiple alignments 100%
vsearch v2.30.0_linux_x86_64, 94.1GB RAM, 24 cores
https://github.com/torognes/vsearch

Reading file results/clustering/cdr/r3_comp_zikv/cdr3_clusters/ad4cec19-9b21-4ec6-8d67-1a0ba0b48569-IGH.fasta 100%
1158 nt in 8 seqs, min 115, max 234, avg 145
Masking 100%
Sorting by length 100%
Counting k-mers 100%
Clustering 100%
Sorting clusters 100%
Writing clusters 100%
Clusters: 8 Size min 1, max 1, avg 1.0
Singletons: 8, 100.0% of seqs, 100.0% of clusters
Multiple alignments 100%
vsearch v2.30.0_linux_x86_64, 94.1GB RAM, 24 cores
https://github.com/torognes/vsearch

Reading file results/clustering/cdr/r3_comp_zikv/cdr3_clusters/bbf04a44-ef04-4c4a-be2a-88ffa17eee82-IGK.fasta 100%
0 nt in 0 seqs
minseqlength 6: 3 sequences discarded.
Masking 100%
Sorting by length 100%
Counting k-mers 100%
Clustering 100%
Sorting clusters 100%
Writing clusters 100%
Clusters: 0
Singletons: 0
Multiple alignments 100%
vsearch v2.30.0_linux_x86_64, 94.1GB RAM, 24 cores
https://github.com/torognes/vsearch

Reading file results/clustering/cdr/r3_comp_zikv/cdr3_clusters/159236da-83e5-41e9-a1ea-249b9e8138a7-IGK.fasta 100%
102 nt in 4 seqs, min 24, max 27, avg 26
minseqlength 6: 3 sequences discarded.
Masking 100%
Sorting by length 100%
Counting k-mers 100%
Clustering 100%
Sorting clusters 100%
Writing clusters 100%
Clusters: 4 Size min 1, max 1, avg 1.0
Singletons: 4, 100.0% of seqs, 100.0% of clusters
Multiple alignments 100%
vsearch v2.30.0_linux_x86_64, 94.1GB RAM, 24 cores
https://github.com/torognes/vsearch

Reading file results/clustering/cdr/r3_comp_zikv/cdr3_clusters/0d6ed352-fbde-45e8-9465-fdcc7aa6143c-IGK.fasta 100%
0 nt in 0 seqs
Masking 100%
Sorting by length 100%
Counting k-mers 100%
Clustering 100%
Sorting clusters 100%
Writing clusters 100%
Clusters: 0
Singletons: 0
Multiple alignments 100%
vsearch v2.30.0_linux_x86_64, 94.1GB RAM, 24 cores
https://github.com/torognes/vsearch

Reading file results/clustering/cdr/r3_comp_zikv/cdr3_clusters/4f4af3d1-0423-4212-a73c-9ebe91c41373-IGK.fasta 100%
0 nt in 0 seqs
minseqlength 6: 1 sequence discarded.
Masking 100%
Sorting by length 100%
Counting k-mers 100%
Clustering 100%
Sorting clusters 100%
Writing clusters 100%
Clusters: 0
Singletons: 0
Multiple alignments 100%
vsearch v2.30.0_linux_x86_64, 94.1GB RAM, 24 cores
https://github.com/torognes/vsearch

Reading file results/clustering/cdr/r3_comp_zikv/cdr3_clusters/5d2122f9-0bf8-493c-9587-661da6b5503a-IGK.fasta 100%
0 nt in 0 seqs
Masking 100%
Sorting by length 100%
Counting k-mers 100%
Clustering 100%
Sorting clusters 100%
Writing clusters 100%
Clusters: 0
Singletons: 0
Multiple alignments 100%
vsearch v2.30.0_linux_x86_64, 94.1GB RAM, 24 cores
https://github.com/torognes/vsearch

Reading file results/clustering/cdr/r3_comp_zikv/cdr3_clusters/6ad48d43-027a-40b7-be0e-1c6191442c62-IGK.fasta 100%
249 nt in 9 seqs, min 27, max 31, avg 28
Masking 100%
Sorting by length 100%
Counting k-mers 100%
Clustering 100%
Sorting clusters 100%
Writing clusters 100%
Clusters: 8 Size min 1, max 2, avg 1.1
Singletons: 7, 77.8% of seqs, 87.5% of clusters
Multiple alignments 100%
vsearch v2.30.0_linux_x86_64, 94.1GB RAM, 24 cores
https://github.com/torognes/vsearch

Reading file results/clustering/cdr/r3_comp_zikv/cdr3_clusters/ac7d5c21-2611-42a3-8eaa-6ae7eb14db1d-IGK.fasta 100%
139 nt in 5 seqs, min 24, max 33, avg 28
Masking 100%
Sorting by length 100%
Counting k-mers 100%
Clustering 100%
Sorting clusters 100%
Writing clusters 100%
Clusters: 5 Size min 1, max 1, avg 1.0
Singletons: 5, 100.0% of seqs, 100.0% of clusters
Multiple alignments 100%
vsearch v2.30.0_linux_x86_64, 94.1GB RAM, 24 cores
https://github.com/torognes/vsearch

Reading file results/clustering/cdr/r3_comp_zikv/cdr3_clusters/e456e69c-0f2a-413b-8654-771e564c4f86-IGH.fasta 100%
678 nt in 17 seqs, min 30, max 57, avg 40
Masking 100%
Sorting by length 100%
Counting k-mers 100%
Clustering 100%
Sorting clusters 100%
Writing clusters 100%
Clusters: 16 Size min 1, max 2, avg 1.1
Singletons: 15, 88.2% of seqs, 93.8% of clusters
Multiple alignments 100%
vsearch v2.30.0_linux_x86_64, 94.1GB RAM, 24 cores
https://github.com/torognes/vsearch

Reading file results/clustering/cdr/r3_comp_zikv/cdr3_clusters/1efbeb70-d125-43ca-81d5-1b4e7e3d2121-IGK.fasta 100%
518 nt in 19 seqs, min 23, max 31, avg 27
Masking 100%
Sorting by length 100%
Counting k-mers 100%
Clustering 100%
Sorting clusters 100%
Writing clusters 100%
Clusters: 18 Size min 1, max 2, avg 1.1
Singletons: 17, 89.5% of seqs, 94.4% of clusters
Multiple alignments 100%
vsearch v2.30.0_linux_x86_64, 94.1GB RAM, 24 cores
https://github.com/torognes/vsearch

Reading file results/clustering/cdr/r3_comp_zikv/cdr3_clusters/818bba9b-fa2b-4fc8-983d-c8a3bc41f409-IGH.fasta 100%
529 nt in 10 seqs, min 46, max 63, avg 53
Masking 100%
Sorting by length 100%
Counting k-mers 100%
Clustering 100%
Sorting clusters 100%
Writing clusters 100%
Clusters: 10 Size min 1, max 1, avg 1.0
Singletons: 10, 100.0% of seqs, 100.0% of clusters
Multiple alignments 100%
vsearch v2.30.0_linux_x86_64, 94.1GB RAM, 24 cores
https://github.com/torognes/vsearch

Reading file results/clustering/cdr/r3_comp_zikv/cdr3_clusters/96411b55-e745-404b-8d36-3d53e8d290d1-IGK.fasta 100%
0 nt in 0 seqs
Masking 100%
Sorting by length 100%
Counting k-mers 100%
Clustering 100%
Sorting clusters 100%
Writing clusters 100%
Clusters: 0
Singletons: 0
Multiple alignments 100%
vsearch v2.30.0_linux_x86_64, 94.1GB RAM, 24 cores
https://github.com/torognes/vsearch

Reading file results/clustering/cdr/r3_comp_zikv/cdr3_clusters/8c0e1015-c9b6-44f9-a5fc-ffde1d148150-IGH.fasta 100%
113 nt in 3 seqs, min 24, max 53, avg 38
minseqlength 6: 5 sequences discarded.
Masking 100%
Sorting by length 100%
Counting k-mers 100%
Clustering 100%
Sorting clusters 100%
Writing clusters 100%
Clusters: 3 Size min 1, max 1, avg 1.0
Singletons: 3, 100.0% of seqs, 100.0% of clusters
Multiple alignments 100%
vsearch v2.30.0_linux_x86_64, 94.1GB RAM, 24 cores
https://github.com/torognes/vsearch

Reading file results/clustering/cdr/r3_comp_zikv/cdr3_clusters/d48228aa-0564-4bad-976d-cf8a16bccc6e-IGH.fasta 100%
237 nt in 6 seqs, min 34, max 50, avg 40
minseqlength 6: 15 sequences discarded.
Masking 100%
Sorting by length 100%
Counting k-mers 100%
Clustering 100%
Sorting clusters 100%
Writing clusters 100%
Clusters: 5 Size min 1, max 2, avg 1.2
Singletons: 4, 66.7% of seqs, 80.0% of clusters
Multiple alignments 100%
vsearch v2.30.0_linux_x86_64, 94.1GB RAM, 24 cores
https://github.com/torognes/vsearch

Reading file results/clustering/cdr/r3_comp_zikv/cdr3_clusters/6f970a17-21c5-4942-afc6-52fce4f22c37-IGK.fasta 100%
135 nt in 5 seqs, min 27, max 27, avg 27
Masking 100%
Sorting by length 100%
Counting k-mers 100%
Clustering 100%
Sorting clusters 100%
Writing clusters 100%
Clusters: 5 Size min 1, max 1, avg 1.0
Singletons: 5, 100.0% of seqs, 100.0% of clusters
Multiple alignments 100%
vsearch v2.30.0_linux_x86_64, 94.1GB RAM, 24 cores
https://github.com/torognes/vsearch

Reading file results/clustering/cdr/r3_comp_zikv/cdr3_clusters/a3fd8040-43b3-4399-a9a0-3de707b46d79-IGH.fasta 100%
344 nt in 7 seqs, min 33, max 63, avg 49
Masking 100%
Sorting by length 100%
Counting k-mers 100%
Clustering 100%
Sorting clusters 100%
Writing clusters 100%
Clusters: 6 Size min 1, max 2, avg 1.2
Singletons: 5, 71.4% of seqs, 83.3% of clusters
Multiple alignments 100%
vsearch v2.30.0_linux_x86_64, 94.1GB RAM, 24 cores
https://github.com/torognes/vsearch

Reading file results/clustering/cdr/r3_comp_zikv/cdr3_clusters/82d5c3eb-2132-455f-bce6-b03bfcf8bca2-IGK.fasta 100%
0 nt in 0 seqs
minseqlength 6: 4 sequences discarded.
Masking 100%
Sorting by length 100%
Counting k-mers 100%
Clustering 100%
Sorting clusters 100%
Writing clusters 100%
Clusters: 0
Singletons: 0
Multiple alignments 100%
vsearch v2.30.0_linux_x86_64, 94.1GB RAM, 24 cores
https://github.com/torognes/vsearch

Reading file results/clustering/cdr/r3_comp_zikv/cdr3_clusters/0e1f965e-f179-4d4e-904b-e04dd4c3c258-IGH.fasta 100%
0 nt in 0 seqs
minseqlength 6: 5 sequences discarded.
Masking 100%
Sorting by length 100%
Counting k-mers 100%
Clustering 100%
Sorting clusters 100%
Writing clusters 100%
Clusters: 0
Singletons: 0
Multiple alignments 100%
vsearch v2.30.0_linux_x86_64, 94.1GB RAM, 24 cores
https://github.com/torognes/vsearch

Reading file results/clustering/cdr/r3_comp_zikv/cdr3_clusters/77e86723-97a1-49b6-bb80-0478330b0108-IGK.fasta 100%
729 nt in 26 seqs, min 24, max 39, avg 28
Masking 100%
Sorting by length 100%
Counting k-mers 100%
Clustering 100%
Sorting clusters 100%
Writing clusters 100%
Clusters: 26 Size min 1, max 1, avg 1.0
Singletons: 26, 100.0% of seqs, 100.0% of clusters
Multiple alignments 100%
vsearch v2.30.0_linux_x86_64, 94.1GB RAM, 24 cores
https://github.com/torognes/vsearch

Reading file results/clustering/cdr/r3_comp_zikv/cdr3_clusters/0a050561-66c3-4005-bd73-14c0a8754085-IGK.fasta 100%
138 nt in 5 seqs, min 27, max 30, avg 28
Masking 100%
Sorting by length 100%
Counting k-mers 100%
Clustering 100%
Sorting clusters 100%
Writing clusters 100%
Clusters: 5 Size min 1, max 1, avg 1.0
Singletons: 5, 100.0% of seqs, 100.0% of clusters
Multiple alignments 100%
vsearch v2.30.0_linux_x86_64, 94.1GB RAM, 24 cores
https://github.com/torognes/vsearch

Reading file results/clustering/cdr/r3_comp_zikv/cdr3_clusters/011497c1-d163-48a4-9386-448f9af6b6a7-IGH.fasta 100%
2991 nt in 70 seqs, min 18, max 59, avg 43
Masking 100%
Sorting by length 100%
Counting k-mers 100%
Clustering 100%
Sorting clusters 100%
Writing clusters 100%
Clusters: 62 Size min 1, max 4, avg 1.1
Singletons: 58, 82.9% of seqs, 93.5% of clusters
Multiple alignments 100%
vsearch v2.30.0_linux_x86_64, 94.1GB RAM, 24 cores
https://github.com/torognes/vsearch

Reading file results/clustering/cdr/r3_comp_zikv/cdr3_clusters/4324a059-5c4c-42c4-993d-637ac2acc4d3-IGH.fasta 100%
0 nt in 0 seqs
minseqlength 6: 5 sequences discarded.
Masking 100%
Sorting by length 100%
Counting k-mers 100%
Clustering 100%
Sorting clusters 100%
Writing clusters 100%
Clusters: 0
Singletons: 0
Multiple alignments 100%
vsearch v2.30.0_linux_x86_64, 94.1GB RAM, 24 cores
https://github.com/torognes/vsearch

Reading file results/clustering/cdr/r3_comp_zikv/cdr3_clusters/1a44d3c6-dee1-46e7-a176-c5596d710951-IGK.fasta 100%
2081 nt in 76 seqs, min 22, max 31, avg 27
Masking 100%
Sorting by length 100%
Counting k-mers 100%
Clustering 100%
Sorting clusters 100%
Writing clusters 100%
Clusters: 71 Size min 1, max 2, avg 1.1
Singletons: 66, 86.8% of seqs, 93.0% of clusters
Multiple alignments 100%
vsearch v2.30.0_linux_x86_64, 94.1GB RAM, 24 cores
https://github.com/torognes/vsearch

Reading file results/clustering/cdr/r3_comp_zikv/cdr3_clusters/bc3db679-a00a-4e78-91ae-ea1de0a28751-IGH.fasta 100%
206 nt in 6 seqs, min 18, max 40, avg 34
Masking 100%
Sorting by length 100%
Counting k-mers 100%
Clustering 100%
Sorting clusters 100%
Writing clusters 100%
Clusters: 6 Size min 1, max 1, avg 1.0
Singletons: 6, 100.0% of seqs, 100.0% of clusters
Multiple alignments 100%
vsearch v2.30.0_linux_x86_64, 94.1GB RAM, 24 cores
https://github.com/torognes/vsearch

Reading file results/clustering/cdr/r3_comp_zikv/cdr3_clusters/14a2b971-a089-4f93-8d9a-9a4a89a04c37-IGH.fasta 100%
0 nt in 0 seqs
minseqlength 6: 3 sequences discarded.
Masking 100%
Sorting by length 100%
Counting k-mers 100%
Clustering 100%
Sorting clusters 100%
Writing clusters 100%
Clusters: 0
Singletons: 0
Multiple alignments 100%
vsearch v2.30.0_linux_x86_64, 94.1GB RAM, 24 cores
https://github.com/torognes/vsearch

Reading file results/clustering/cdr/r3_comp_zikv/cdr3_clusters/44f2dc4e-920a-463f-9a00-49eeb0cb751d-IGH.fasta 100%
993 nt in 31 seqs, min 15, max 48, avg 32
Masking 100%
Sorting by length 100%
Counting k-mers 100%
Clustering 100%
Sorting clusters 100%
Writing clusters 100%
Clusters: 31 Size min 1, max 1, avg 1.0
Singletons: 31, 100.0% of seqs, 100.0% of clusters
Multiple alignments 100%
vsearch v2.30.0_linux_x86_64, 94.1GB RAM, 24 cores
https://github.com/torognes/vsearch

Reading file results/clustering/cdr/r3_comp_zikv/cdr3_clusters/409a54ff-eaf8-4563-b433-6e75a163c4fa-IGH.fasta 100%
2234 nt in 51 seqs, min 18, max 60, avg 44
Masking 100%
Sorting by length 100%
Counting k-mers 100%
Clustering 100%
Sorting clusters 100%
Writing clusters 100%
Clusters: 49 Size min 1, max 2, avg 1.0
Singletons: 47, 92.2% of seqs, 95.9% of clusters
Multiple alignments 100%
vsearch v2.30.0_linux_x86_64, 94.1GB RAM, 24 cores
https://github.com/torognes/vsearch

Reading file results/clustering/cdr/r3_comp_zikv/cdr3_clusters/e705507a-3055-46f7-920b-0c648680c966-IGH.fasta 100%
78 nt in 2 seqs, min 30, max 48, avg 39
Masking 100%
Sorting by length 100%
Counting k-mers 100%
Clustering 100%
Sorting clusters 100%
Writing clusters 100%
Clusters: 2 Size min 1, max 1, avg 1.0
Singletons: 2, 100.0% of seqs, 100.0% of clusters
Multiple alignments 100%
vsearch v2.30.0_linux_x86_64, 94.1GB RAM, 24 cores
https://github.com/torognes/vsearch

Reading file results/clustering/cdr/r3_comp_zikv/cdr3_clusters/7fbeb92a-1f7d-4c4f-b4f9-060824bef193-IGH.fasta 100%
0 nt in 0 seqs
minseqlength 6: 3 sequences discarded.
Masking 100%
Sorting by length 100%
Counting k-mers 100%
Clustering 100%
Sorting clusters 100%
Writing clusters 100%
Clusters: 0
Singletons: 0
Multiple alignments 100%
vsearch v2.30.0_linux_x86_64, 94.1GB RAM, 24 cores
https://github.com/torognes/vsearch

Reading file results/clustering/cdr/r3_comp_zikv/cdr3_clusters/fe26c34c-0f4f-4159-aaea-760309fa2e4c-IGK.fasta 100%
384 nt in 15 seqs, min 7, max 30, avg 26
Masking 100%
Sorting by length 100%
Counting k-mers 100%
Clustering 100%
Sorting clusters 100%
Writing clusters 100%
Clusters: 11 Size min 1, max 3, avg 1.4
Singletons: 9, 60.0% of seqs, 81.8% of clusters
Multiple alignments 100%
vsearch v2.30.0_linux_x86_64, 94.1GB RAM, 24 cores
https://github.com/torognes/vsearch

Reading file results/clustering/cdr/r3_comp_zikv/cdr3_clusters/8bcd8343-146f-4310-8e55-76e6308bd5a3-IGH.fasta 100%
0 nt in 0 seqs
minseqlength 6: 4 sequences discarded.
Masking 100%
Sorting by length 100%
Counting k-mers 100%
Clustering 100%
Sorting clusters 100%
Writing clusters 100%
Clusters: 0
Singletons: 0
Multiple alignments 100%
vsearch v2.30.0_linux_x86_64, 94.1GB RAM, 24 cores
https://github.com/torognes/vsearch

Reading file results/clustering/cdr/r3_comp_zikv/cdr3_clusters/2bede4f6-4bc8-43d4-a81a-ccd12cd3fd3a-IGH.fasta 100%
545 nt in 13 seqs, min 30, max 51, avg 42
Masking 100%
Sorting by length 100%
Counting k-mers 100%
Clustering 100%
Sorting clusters 100%
Writing clusters 100%
Clusters: 13 Size min 1, max 1, avg 1.0
Singletons: 13, 100.0% of seqs, 100.0% of clusters
Multiple alignments 100%
vsearch v2.30.0_linux_x86_64, 94.1GB RAM, 24 cores
https://github.com/torognes/vsearch

Reading file results/clustering/cdr/r3_comp_zikv/cdr3_clusters/c8286bbc-3d4d-4548-b870-81c0135fc726-IGH.fasta 100%
109 nt in 2 seqs, min 53, max 56, avg 54
minseqlength 6: 1 sequence discarded.
Masking 100%
Sorting by length 100%
Counting k-mers 100%
Clustering 100%
Sorting clusters 100%
Writing clusters 100%
Clusters: 2 Size min 1, max 1, avg 1.0
Singletons: 2, 100.0% of seqs, 100.0% of clusters
Multiple alignments 100%
vsearch v2.30.0_linux_x86_64, 94.1GB RAM, 24 cores
https://github.com/torognes/vsearch

Reading file results/clustering/cdr/r3_comp_zikv/cdr3_clusters/3dd6df23-a7a4-4000-b354-324923e91b0a-IGK.fasta 100%
0 nt in 0 seqs
minseqlength 6: 20 sequences discarded.
Masking 100%
Sorting by length 100%
Counting k-mers 100%
Clustering 100%
Sorting clusters 100%
Writing clusters 100%
Clusters: 0
Singletons: 0
Multiple alignments 100%
vsearch v2.30.0_linux_x86_64, 94.1GB RAM, 24 cores
https://github.com/torognes/vsearch

Reading file results/clustering/cdr/r3_comp_zikv/cdr3_clusters/2e2cf05b-0737-48bc-8fef-aeb44ecd2bc2-IGH.fasta 100%
0 nt in 0 seqs
minseqlength 6: 3 sequences discarded.
Masking 100%
Sorting by length 100%
Counting k-mers 100%
Clustering 100%
Sorting clusters 100%
Writing clusters 100%
Clusters: 0
Singletons: 0
Multiple alignments 100%
vsearch v2.30.0_linux_x86_64, 94.1GB RAM, 24 cores
https://github.com/torognes/vsearch

Reading file results/clustering/cdr/r3_comp_zikv/cdr3_clusters/5b6cd9f2-be39-4c88-b2dd-12ccf7df1c8f-IGK.fasta 100%
239 nt in 9 seqs, min 24, max 27, avg 27
Masking 100%
Sorting by length 100%
Counting k-mers 100%
Clustering 100%
Sorting clusters 100%
Writing clusters 100%
Clusters: 9 Size min 1, max 1, avg 1.0
Singletons: 9, 100.0% of seqs, 100.0% of clusters
Multiple alignments 100%
vsearch v2.30.0_linux_x86_64, 94.1GB RAM, 24 cores
https://github.com/torognes/vsearch

Reading file results/clustering/cdr/r3_comp_zikv/cdr3_clusters/3f250045-beec-402c-8300-1c6490968d8c-IGH.fasta 100%
0 nt in 0 seqs
minseqlength 6: 2 sequences discarded.
Masking 100%
Sorting by length 100%
Counting k-mers 100%
Clustering 100%
Sorting clusters 100%
Writing clusters 100%
Clusters: 0
Singletons: 0
Multiple alignments 100%
vsearch v2.30.0_linux_x86_64, 94.1GB RAM, 24 cores
https://github.com/torognes/vsearch

Reading file results/clustering/cdr/r3_comp_zikv/cdr3_clusters/814cf263-c52f-4824-8410-2a4da45499d8-IGH.fasta 100%
870 nt in 21 seqs, min 28, max 56, avg 41
Masking 100%
Sorting by length 100%
Counting k-mers 100%
Clustering 100%
Sorting clusters 100%
Writing clusters 100%
Clusters: 21 Size min 1, max 1, avg 1.0
Singletons: 21, 100.0% of seqs, 100.0% of clusters
Multiple alignments 100%
vsearch v2.30.0_linux_x86_64, 94.1GB RAM, 24 cores
https://github.com/torognes/vsearch

Reading file results/clustering/cdr/r3_comp_zikv/cdr3_clusters/3f59eb1d-e648-4b89-8c7d-b51fdfa657cd-IGK.fasta 100%
494 nt in 19 seqs, min 20, max 30, avg 26
minseqlength 6: 4 sequences discarded.
Masking 100%
Sorting by length 100%
Counting k-mers 100%
Clustering 100%
Sorting clusters 100%
Writing clusters 100%
Clusters: 19 Size min 1, max 1, avg 1.0
Singletons: 19, 100.0% of seqs, 100.0% of clusters
Multiple alignments 100%
vsearch v2.30.0_linux_x86_64, 94.1GB RAM, 24 cores
https://github.com/torognes/vsearch

Reading file results/clustering/cdr/r3_comp_zikv/cdr3_clusters/fc511ac1-c5ed-4eb5-a479-f36e3d82010c-IGK.fasta 100%
0 nt in 0 seqs
minseqlength 6: 3 sequences discarded.
Masking 100%
Sorting by length 100%
Counting k-mers 100%
Clustering 100%
Sorting clusters 100%
Writing clusters 100%
Clusters: 0
Singletons: 0
Multiple alignments 100%
vsearch v2.30.0_linux_x86_64, 94.1GB RAM, 24 cores
https://github.com/torognes/vsearch

Reading file results/clustering/cdr/r3_comp_zikv/cdr3_clusters/d06a298c-2ea0-42d8-9177-8a3764f1edb0-IGK.fasta 100%
27 nt in 1 seqs, min 27, max 27, avg 27
minseqlength 6: 8 sequences discarded.
Masking 100%
Sorting by length 100%
Counting k-mers 100%
Clustering 100%
Sorting clusters 100%
Writing clusters 100%
Clusters: 1 Size min 1, max 1, avg 1.0
Singletons: 1, 100.0% of seqs, 100.0% of clusters
Multiple alignments 100%
vsearch v2.30.0_linux_x86_64, 94.1GB RAM, 24 cores
https://github.com/torognes/vsearch

Reading file results/clustering/cdr/r3_comp_zikv/cdr3_clusters/ec8d3c1b-d4d7-4ac9-8332-c15697ba3150-IGH.fasta 100%
31 nt in 1 seqs, min 31, max 31, avg 31
Masking 100%
Sorting by length 100%
Counting k-mers 100%
Clustering 100%
Sorting clusters 100%
Writing clusters 100%
Clusters: 1 Size min 1, max 1, avg 1.0
Singletons: 1, 100.0% of seqs, 100.0% of clusters
Multiple alignments 100%
vsearch v2.30.0_linux_x86_64, 94.1GB RAM, 24 cores
https://github.com/torognes/vsearch

Reading file results/clustering/cdr/r3_comp_zikv/cdr3_clusters/b10bddc2-6f4c-4876-92c8-d6a61083ea5b-IGK.fasta 100%
50 nt in 2 seqs, min 24, max 26, avg 25
minseqlength 6: 6 sequences discarded.
Masking 100%
Sorting by length 100%
Counting k-mers 100%
Clustering 100%
Sorting clusters 100%
Writing clusters 100%
Clusters: 2 Size min 1, max 1, avg 1.0
Singletons: 2, 100.0% of seqs, 100.0% of clusters
Multiple alignments 100%
vsearch v2.30.0_linux_x86_64, 94.1GB RAM, 24 cores
https://github.com/torognes/vsearch

Reading file results/clustering/cdr/r3_comp_zikv/cdr3_clusters/72f256db-dc53-4919-88a4-419e44f3d87d-IGH.fasta 100%
235 nt in 6 seqs, min 30, max 45, avg 39
Masking 100%
Sorting by length 100%
Counting k-mers 100%
Clustering 100%
Sorting clusters 100%
Writing clusters 100%
Clusters: 6 Size min 1, max 1, avg 1.0
Singletons: 6, 100.0% of seqs, 100.0% of clusters
Multiple alignments 100%
vsearch v2.30.0_linux_x86_64, 94.1GB RAM, 24 cores
https://github.com/torognes/vsearch

Reading file results/clustering/cdr/r3_comp_zikv/cdr3_clusters/b9942216-082d-4951-8287-55fe76368993-IGH.fasta 100%
515 nt in 12 seqs, min 24, max 54, avg 43
Masking 100%
Sorting by length 100%
Counting k-mers 100%
Clustering 100%
Sorting clusters 100%
Writing clusters 100%
Clusters: 12 Size min 1, max 1, avg 1.0
Singletons: 12, 100.0% of seqs, 100.0% of clusters
Multiple alignments 100%
vsearch v2.30.0_linux_x86_64, 94.1GB RAM, 24 cores
https://github.com/torognes/vsearch

Reading file results/clustering/cdr/r3_comp_zikv/cdr3_clusters/450d5642-310c-4c8f-a900-418bb7c15543-IGH.fasta 100%
322 nt in 6 seqs, min 48, max 65, avg 54
Masking 100%
Sorting by length 100%
Counting k-mers 100%
Clustering 100%
Sorting clusters 100%
Writing clusters 100%
Clusters: 6 Size min 1, max 1, avg 1.0
Singletons: 6, 100.0% of seqs, 100.0% of clusters
Multiple alignments 100%
vsearch v2.30.0_linux_x86_64, 94.1GB RAM, 24 cores
https://github.com/torognes/vsearch

Reading file results/clustering/cdr/r3_comp_zikv/cdr3_clusters/8f8c49b0-674c-4fa0-be02-887caa590138-IGK.fasta 100%
241 nt in 9 seqs, min 25, max 29, avg 27
Masking 100%
Sorting by length 100%
Counting k-mers 100%
Clustering 100%
Sorting clusters 100%
Writing clusters 100%
Clusters: 8 Size min 1, max 2, avg 1.1
Singletons: 7, 77.8% of seqs, 87.5% of clusters
Multiple alignments 100%
vsearch v2.30.0_linux_x86_64, 94.1GB RAM, 24 cores
https://github.com/torognes/vsearch

Reading file results/clustering/cdr/r3_comp_zikv/cdr3_clusters/938f57e2-05ce-4653-b3ae-2ba6fe998707-IGK.fasta 100%
375 nt in 14 seqs, min 24, max 31, avg 27
Masking 100%
Sorting by length 100%
Counting k-mers 100%
Clustering 100%
Sorting clusters 100%
Writing clusters 100%
Clusters: 13 Size min 1, max 2, avg 1.1
Singletons: 12, 85.7% of seqs, 92.3% of clusters
Multiple alignments 100%
vsearch v2.30.0_linux_x86_64, 94.1GB RAM, 24 cores
https://github.com/torognes/vsearch

Reading file results/clustering/cdr/r3_comp_zikv/cdr3_clusters/10a232dc-d16b-4cb5-95ad-115b10cea943-IGH.fasta 100%
505 nt in 11 seqs, min 27, max 64, avg 46
Masking 100%
Sorting by length 100%
Counting k-mers 100%
Clustering 100%
Sorting clusters 100%
Writing clusters 100%
Clusters: 10 Size min 1, max 2, avg 1.1
Singletons: 9, 81.8% of seqs, 90.0% of clusters
Multiple alignments 100%
vsearch v2.30.0_linux_x86_64, 94.1GB RAM, 24 cores
https://github.com/torognes/vsearch

Reading file results/clustering/cdr/r3_comp_zikv/cdr3_clusters/575436ee-519d-4574-9942-070edcc83438-IGK.fasta 100%
161 nt in 6 seqs, min 26, max 27, avg 27
Masking 100%
Sorting by length 100%
Counting k-mers 100%
Clustering 100%
Sorting clusters 100%
Writing clusters 100%
Clusters: 6 Size min 1, max 1, avg 1.0
Singletons: 6, 100.0% of seqs, 100.0% of clusters
Multiple alignments 100%
vsearch v2.30.0_linux_x86_64, 94.1GB RAM, 24 cores
https://github.com/torognes/vsearch

Reading file results/clustering/cdr/r3_comp_zikv/cdr3_clusters/d1fbd3b0-ed7c-49aa-bb94-4269d41391c4-IGH.fasta 100%
128 nt in 3 seqs, min 39, max 48, avg 43
minseqlength 6: 3 sequences discarded.
Masking 100%
Sorting by length 100%
Counting k-mers 100%
Clustering 100%
Sorting clusters 100%
Writing clusters 100%
Clusters: 3 Size min 1, max 1, avg 1.0
Singletons: 3, 100.0% of seqs, 100.0% of clusters
Multiple alignments 100%
vsearch v2.30.0_linux_x86_64, 94.1GB RAM, 24 cores
https://github.com/torognes/vsearch

Reading file results/clustering/cdr/r3_comp_zikv/cdr3_clusters/d988a961-2014-441f-9df6-f20fbd84f43b-IGH.fasta 100%
1133 nt in 20 seqs, min 34, max 76, avg 57
Masking 100%
Sorting by length 100%
Counting k-mers 100%
Clustering 100%
Sorting clusters 100%
Writing clusters 100%
Clusters: 19 Size min 1, max 2, avg 1.1
Singletons: 18, 90.0% of seqs, 94.7% of clusters
Multiple alignments 100%
vsearch v2.30.0_linux_x86_64, 94.1GB RAM, 24 cores
https://github.com/torognes/vsearch

Reading file results/clustering/cdr/r3_comp_zikv/cdr3_clusters/442d632d-d76a-4a81-87ba-a916c63eff85-IGK.fasta 100%
187 nt in 6 seqs, min 27, max 33, avg 31
minseqlength 6: 34 sequences discarded.
Masking 100%
Sorting by length 100%
Counting k-mers 100%
Clustering 100%
Sorting clusters 100%
Writing clusters 100%
Clusters: 5 Size min 1, max 2, avg 1.2
Singletons: 4, 66.7% of seqs, 80.0% of clusters
Multiple alignments 100%
vsearch v2.30.0_linux_x86_64, 94.1GB RAM, 24 cores
https://github.com/torognes/vsearch

Reading file results/clustering/cdr/r3_comp_zikv/cdr3_clusters/637c0701-4813-4cd0-b427-eaa463b3d3f9-IGH.fasta 100%
0 nt in 0 seqs
minseqlength 6: 3 sequences discarded.
Masking 100%
Sorting by length 100%
Counting k-mers 100%
Clustering 100%
Sorting clusters 100%
Writing clusters 100%
Clusters: 0
Singletons: 0
Multiple alignments 100%
vsearch v2.30.0_linux_x86_64, 94.1GB RAM, 24 cores
https://github.com/torognes/vsearch

Reading file results/clustering/cdr/r3_comp_zikv/cdr3_clusters/d01a56b1-af10-424b-9a11-befd91218af5-IGH.fasta 100%
494 nt in 12 seqs, min 21, max 50, avg 41
Masking 100%
Sorting by length 100%
Counting k-mers 100%
Clustering 100%
Sorting clusters 100%
Writing clusters 100%
Clusters: 12 Size min 1, max 1, avg 1.0
Singletons: 12, 100.0% of seqs, 100.0% of clusters
Multiple alignments 100%
vsearch v2.30.0_linux_x86_64, 94.1GB RAM, 24 cores
https://github.com/torognes/vsearch

Reading file results/clustering/cdr/r3_comp_zikv/cdr3_clusters/fdede52d-e90a-435a-a8a9-e3db18091c21-IGH.fasta 100%
517 nt in 15 seqs, min 19, max 42, avg 34
Masking 100%
Sorting by length 100%
Counting k-mers 100%
Clustering 100%
Sorting clusters 100%
Writing clusters 100%
Clusters: 13 Size min 1, max 2, avg 1.2
Singletons: 11, 73.3% of seqs, 84.6% of clusters
Multiple alignments 100%
vsearch v2.30.0_linux_x86_64, 94.1GB RAM, 24 cores
https://github.com/torognes/vsearch

Reading file results/clustering/cdr/r3_comp_zikv/cdr3_clusters/6617b15c-523f-4562-89dd-bb201720f3dd-IGK.fasta 100%
0 nt in 0 seqs
minseqlength 6: 2 sequences discarded.
Masking 100%
Sorting by length 100%
Counting k-mers 100%
Clustering 100%
Sorting clusters 100%
Writing clusters 100%
Clusters: 0
Singletons: 0
Multiple alignments 100%
vsearch v2.30.0_linux_x86_64, 94.1GB RAM, 24 cores
https://github.com/torognes/vsearch

Reading file results/clustering/cdr/r3_comp_zikv/cdr3_clusters/d2ac6722-2314-4a5c-b884-8158e2e2245f-IGK.fasta 100%
0 nt in 0 seqs
minseqlength 6: 16 sequences discarded.
Masking 100%
Sorting by length 100%
Counting k-mers 100%
Clustering 100%
Sorting clusters 100%
Writing clusters 100%
Clusters: 0
Singletons: 0
Multiple alignments 100%
vsearch v2.30.0_linux_x86_64, 94.1GB RAM, 24 cores
https://github.com/torognes/vsearch

Reading file results/clustering/cdr/r3_comp_zikv/cdr3_clusters/e47f6eae-0764-4f0f-8947-691755111496-IGK.fasta 100%
285 nt in 11 seqs, min 24, max 30, avg 26
Masking 100%
Sorting by length 100%
Counting k-mers 100%
Clustering 100%
Sorting clusters 100%
Writing clusters 100%
Clusters: 11 Size min 1, max 1, avg 1.0
Singletons: 11, 100.0% of seqs, 100.0% of clusters
Multiple alignments 100%
vsearch v2.30.0_linux_x86_64, 94.1GB RAM, 24 cores
https://github.com/torognes/vsearch

Reading file results/clustering/cdr/r3_comp_zikv/cdr3_clusters/c7d8a175-9284-4c9a-83ed-5d5b55db5fb9-IGH.fasta 100%
1235 nt in 25 seqs, min 33, max 61, avg 49
minseqlength 6: 3 sequences discarded.
Masking 100%
Sorting by length 100%
Counting k-mers 100%
Clustering 100%
Sorting clusters 100%
Writing clusters 100%
Clusters: 17 Size min 1, max 9, avg 1.5
Singletons: 16, 64.0% of seqs, 94.1% of clusters
Multiple alignments 100%
vsearch v2.30.0_linux_x86_64, 94.1GB RAM, 24 cores
https://github.com/torognes/vsearch

Reading file results/clustering/cdr/r3_comp_zikv/cdr3_clusters/67d4fcdc-6334-45ed-b1ff-b5a27a716517-IGH.fasta 100%
53 nt in 1 seqs, min 53, max 53, avg 53
minseqlength 6: 60 sequences discarded.
Masking 100%
Sorting by length 100%
Counting k-mers 100%
Clustering 100%
Sorting clusters 100%
Writing clusters 100%
Clusters: 1 Size min 1, max 1, avg 1.0
Singletons: 1, 100.0% of seqs, 100.0% of clusters
Multiple alignments 100%
vsearch v2.30.0_linux_x86_64, 94.1GB RAM, 24 cores
https://github.com/torognes/vsearch

Reading file results/clustering/cdr/r3_comp_zikv/cdr3_clusters/5888bd00-8de4-465f-a7ea-037713ff572d-IGH.fasta 100%
297 nt in 5 seqs, min 42, max 81, avg 59
Masking 100%
Sorting by length 100%
Counting k-mers 100%
Clustering 100%
Sorting clusters 100%
Writing clusters 100%
Clusters: 5 Size min 1, max 1, avg 1.0
Singletons: 5, 100.0% of seqs, 100.0% of clusters
Multiple alignments 100%
vsearch v2.30.0_linux_x86_64, 94.1GB RAM, 24 cores
https://github.com/torognes/vsearch

Reading file results/clustering/cdr/r3_comp_zikv/cdr3_clusters/36f9a707-f11e-41f9-9cbf-7c2b4c2a60a3-IGH.fasta 100%
0 nt in 0 seqs
minseqlength 6: 3 sequences discarded.
Masking 100%
Sorting by length 100%
Counting k-mers 100%
Clustering 100%
Sorting clusters 100%
Writing clusters 100%
Clusters: 0
Singletons: 0
Multiple alignments 100%
vsearch v2.30.0_linux_x86_64, 94.1GB RAM, 24 cores
https://github.com/torognes/vsearch

Reading file results/clustering/cdr/r3_comp_zikv/cdr3_clusters/21fac523-b42b-4401-bc23-fa8a58058b6e-IGK.fasta 100%
0 nt in 0 seqs
minseqlength 6: 52 sequences discarded.
Masking 100%
Sorting by length 100%
Counting k-mers 100%
Clustering 100%
Sorting clusters 100%
Writing clusters 100%
Clusters: 0
Singletons: 0
Multiple alignments 100%
vsearch v2.30.0_linux_x86_64, 94.1GB RAM, 24 cores
https://github.com/torognes/vsearch

Reading file results/clustering/cdr/r3_comp_zikv/cdr3_clusters/261a803d-88be-454a-a555-ff6735f8efa0-IGK.fasta 100%
0 nt in 0 seqs
minseqlength 6: 2 sequences discarded.
Masking 100%
Sorting by length 100%
Counting k-mers 100%
Clustering 100%
Sorting clusters 100%
Writing clusters 100%
Clusters: 0
Singletons: 0
Multiple alignments 100%
vsearch v2.30.0_linux_x86_64, 94.1GB RAM, 24 cores
https://github.com/torognes/vsearch

Reading file results/clustering/cdr/r3_comp_zikv/cdr3_clusters/32fb9147-b3ef-422f-ad19-114be5057ed4-IGK.fasta 100%
903 nt in 33 seqs, min 22, max 33, avg 27
Masking 100%
Sorting by length 100%
Counting k-mers 100%
Clustering 100%
Sorting clusters 100%
Writing clusters 100%
Clusters: 31 Size min 1, max 3, avg 1.1
Singletons: 30, 90.9% of seqs, 96.8% of clusters
Multiple alignments 100%
vsearch v2.30.0_linux_x86_64, 94.1GB RAM, 24 cores
https://github.com/torognes/vsearch

Reading file results/clustering/cdr/r3_comp_zikv/cdr3_clusters/4d03362a-3191-4d44-bcaf-05f1bcc16592-IGH.fasta 100%
865 nt in 20 seqs, min 24, max 54, avg 43
Masking 100%
Sorting by length 100%
Counting k-mers 100%
Clustering 100%
Sorting clusters 100%
Writing clusters 100%
Clusters: 20 Size min 1, max 1, avg 1.0
Singletons: 20, 100.0% of seqs, 100.0% of clusters
Multiple alignments 100%
vsearch v2.30.0_linux_x86_64, 94.1GB RAM, 24 cores
https://github.com/torognes/vsearch

Reading file results/clustering/cdr/r3_comp_zikv/cdr3_clusters/a2efa1cc-0490-4774-a31b-f51060975946-IGK.fasta 100%
1417 nt in 52 seqs, min 15, max 33, avg 27
Masking 100%
Sorting by length 100%
Counting k-mers 100%
Clustering 100%
Sorting clusters 100%
Writing clusters 100%
Clusters: 49 Size min 1, max 2, avg 1.1
Singletons: 46, 88.5% of seqs, 93.9% of clusters
Multiple alignments 100%
vsearch v2.30.0_linux_x86_64, 94.1GB RAM, 24 cores
https://github.com/torognes/vsearch

Reading file results/clustering/cdr/r3_comp_zikv/cdr3_clusters/3bcdb1b9-6b27-44ad-a0b4-aa1254ffa2d5-IGK.fasta 100%
0 nt in 0 seqs
minseqlength 6: 1 sequence discarded.
Masking 100%
Sorting by length 100%
Counting k-mers 100%
Clustering 100%
Sorting clusters 100%
Writing clusters 100%
Clusters: 0
Singletons: 0
Multiple alignments 100%
vsearch v2.30.0_linux_x86_64, 94.1GB RAM, 24 cores
https://github.com/torognes/vsearch

Reading file results/clustering/cdr/r3_comp_zikv/cdr3_clusters/bd9f50fb-4ac5-4b8c-9f98-2a0703b2e6dc-IGH.fasta 100%
0 nt in 0 seqs
minseqlength 6: 5 sequences discarded.
Masking 100%
Sorting by length 100%
Counting k-mers 100%
Clustering 100%
Sorting clusters 100%
Writing clusters 100%
Clusters: 0
Singletons: 0
Multiple alignments 100%
vsearch v2.30.0_linux_x86_64, 94.1GB RAM, 24 cores
https://github.com/torognes/vsearch

Reading file results/clustering/cdr/r3_comp_zikv/cdr3_clusters/bf171642-b3c9-4535-86cc-e7196ca96632-IGK.fasta 100%
0 nt in 0 seqs
Masking 100%
Sorting by length 100%
Counting k-mers 100%
Clustering 100%
Sorting clusters 100%
Writing clusters 100%
Clusters: 0
Singletons: 0
Multiple alignments 100%
vsearch v2.30.0_linux_x86_64, 94.1GB RAM, 24 cores
https://github.com/torognes/vsearch

Reading file results/clustering/cdr/r3_comp_zikv/cdr3_clusters/f8278513-0c53-4042-9a72-8375aef960eb-IGK.fasta 100%
209 nt in 9 seqs, min 15, max 29, avg 23
Masking 100%
Sorting by length 100%
Counting k-mers 100%
Clustering 100%
Sorting clusters 100%
Writing clusters 100%
Clusters: 8 Size min 1, max 2, avg 1.1
Singletons: 7, 77.8% of seqs, 87.5% of clusters
Multiple alignments 100%
vsearch v2.30.0_linux_x86_64, 94.1GB RAM, 24 cores
https://github.com/torognes/vsearch

Reading file results/clustering/cdr/r3_comp_zikv/cdr3_clusters/96263216-8320-4182-a304-5a9a954a6d7d-IGH.fasta 100%
211 nt in 4 seqs, min 45, max 56, avg 53
minseqlength 6: 1 sequence discarded.
Masking 100%
Sorting by length 100%
Counting k-mers 100%
Clustering 100%
Sorting clusters 100%
Writing clusters 100%
Clusters: 2 Size min 1, max 3, avg 2.0
Singletons: 1, 25.0% of seqs, 50.0% of clusters
Multiple alignments 100%
vsearch v2.30.0_linux_x86_64, 94.1GB RAM, 24 cores
https://github.com/torognes/vsearch

Reading file results/clustering/cdr/r3_comp_zikv/cdr3_clusters/00f23aa5-5be4-4edb-9f4f-4b11cfb0ebe3-IGK.fasta 100%
0 nt in 0 seqs
minseqlength 6: 10 sequences discarded.
Masking 100%
Sorting by length 100%
Counting k-mers 100%
Clustering 100%
Sorting clusters 100%
Writing clusters 100%
Clusters: 0
Singletons: 0
Multiple alignments 100%
vsearch v2.30.0_linux_x86_64, 94.1GB RAM, 24 cores
https://github.com/torognes/vsearch

Reading file results/clustering/cdr/r3_comp_zikv/cdr3_clusters/0f906210-b5c0-4910-833f-73523af34ec8-IGH.fasta 100%
909 nt in 22 seqs, min 26, max 60, avg 41
Masking 100%
Sorting by length 100%
Counting k-mers 100%
Clustering 100%
Sorting clusters 100%
Writing clusters 100%
Clusters: 22 Size min 1, max 1, avg 1.0
Singletons: 22, 100.0% of seqs, 100.0% of clusters
Multiple alignments 100%
vsearch v2.30.0_linux_x86_64, 94.1GB RAM, 24 cores
https://github.com/torognes/vsearch

Reading file results/clustering/cdr/r3_comp_zikv/cdr3_clusters/a21403a1-a292-4293-b0c1-6be84e7d3003-IGH.fasta 100%
0 nt in 0 seqs
minseqlength 6: 7 sequences discarded.
Masking 100%
Sorting by length 100%
Counting k-mers 100%
Clustering 100%
Sorting clusters 100%
Writing clusters 100%
Clusters: 0
Singletons: 0
Multiple alignments 100%
vsearch v2.30.0_linux_x86_64, 94.1GB RAM, 24 cores
https://github.com/torognes/vsearch

Reading file results/clustering/cdr/r3_comp_zikv/cdr3_clusters/cc058a57-eb83-4329-87cc-6656a43e3ffd-IGK.fasta 100%
135 nt in 5 seqs, min 27, max 27, avg 27
minseqlength 6: 3 sequences discarded.
Masking 100%
Sorting by length 100%
Counting k-mers 100%
Clustering 100%
Sorting clusters 100%
Writing clusters 100%
Clusters: 5 Size min 1, max 1, avg 1.0
Singletons: 5, 100.0% of seqs, 100.0% of clusters
Multiple alignments 100%
vsearch v2.30.0_linux_x86_64, 94.1GB RAM, 24 cores
https://github.com/torognes/vsearch

Reading file results/clustering/cdr/r3_comp_zikv/cdr3_clusters/2efe38e8-7464-4321-89cf-9a5687b2a64a-IGK.fasta 100%
0 nt in 0 seqs
minseqlength 6: 8 sequences discarded.
Masking 100%
Sorting by length 100%
Counting k-mers 100%
Clustering 100%
Sorting clusters 100%
Writing clusters 100%
Clusters: 0
Singletons: 0
Multiple alignments 100%
vsearch v2.30.0_linux_x86_64, 94.1GB RAM, 24 cores
https://github.com/torognes/vsearch

Reading file results/clustering/cdr/r3_comp_zikv/cdr3_clusters/5097aacf-7b56-4141-8d18-1288717e3dbf-IGH.fasta 100%
201 nt in 6 seqs, min 24, max 45, avg 34
Masking 100%
Sorting by length 100%
Counting k-mers 100%
Clustering 100%
Sorting clusters 100%
Writing clusters 100%
Clusters: 5 Size min 1, max 2, avg 1.2
Singletons: 4, 66.7% of seqs, 80.0% of clusters
Multiple alignments 100%
vsearch v2.30.0_linux_x86_64, 94.1GB RAM, 24 cores
https://github.com/torognes/vsearch

Reading file results/clustering/cdr/r3_comp_zikv/cdr3_clusters/0c18d343-fbee-4c2d-ae5b-d5e06f67ca3e-IGK.fasta 100%
0 nt in 0 seqs
Masking 100%
Sorting by length 100%
Counting k-mers 100%
Clustering 100%
Sorting clusters 100%
Writing clusters 100%
Clusters: 0
Singletons: 0
Multiple alignments 100%
vsearch v2.30.0_linux_x86_64, 94.1GB RAM, 24 cores
https://github.com/torognes/vsearch

Reading file results/clustering/cdr/r3_comp_zikv/cdr3_clusters/957eaca0-9766-48ff-a266-25e29ee12320-IGH.fasta 100%
132 nt in 4 seqs, min 24, max 48, avg 33
minseqlength 6: 2 sequences discarded.
Masking 100%
Sorting by length 100%
Counting k-mers 100%
Clustering 100%
Sorting clusters 100%
Writing clusters 100%
Clusters: 4 Size min 1, max 1, avg 1.0
Singletons: 4, 100.0% of seqs, 100.0% of clusters
Multiple alignments 100%
vsearch v2.30.0_linux_x86_64, 94.1GB RAM, 24 cores
https://github.com/torognes/vsearch

Reading file results/clustering/cdr/r3_comp_zikv/cdr3_clusters/66e166c7-017b-44cc-b4e1-6a49b57aba4a-IGH.fasta 100%
0 nt in 0 seqs
minseqlength 6: 10 sequences discarded.
Masking 100%
Sorting by length 100%
Counting k-mers 100%
Clustering 100%
Sorting clusters 100%
Writing clusters 100%
Clusters: 0
Singletons: 0
Multiple alignments 100%
vsearch v2.30.0_linux_x86_64, 94.1GB RAM, 24 cores
https://github.com/torognes/vsearch

Reading file results/clustering/cdr/r3_comp_zikv/cdr3_clusters/5c1693b0-6441-4234-b49b-da91c7f703e9-IGH.fasta 100%
75 nt in 2 seqs, min 30, max 45, avg 38
minseqlength 6: 3 sequences discarded.
Masking 100%
Sorting by length 100%
Counting k-mers 100%
Clustering 100%
Sorting clusters 100%
Writing clusters 100%
Clusters: 2 Size min 1, max 1, avg 1.0
Singletons: 2, 100.0% of seqs, 100.0% of clusters
Multiple alignments 100%
vsearch v2.30.0_linux_x86_64, 94.1GB RAM, 24 cores
https://github.com/torognes/vsearch

Reading file results/clustering/cdr/r3_comp_zikv/cdr3_clusters/a313b0dc-9d35-4931-82fe-2a1f23274903-IGK.fasta 100%
509 nt in 19 seqs, min 19, max 30, avg 27
minseqlength 6: 3 sequences discarded.
Masking 100%
Sorting by length 100%
Counting k-mers 100%
Clustering 100%
Sorting clusters 100%
Writing clusters 100%
Clusters: 15 Size min 1, max 4, avg 1.3
Singletons: 13, 68.4% of seqs, 86.7% of clusters
Multiple alignments 100%
vsearch v2.30.0_linux_x86_64, 94.1GB RAM, 24 cores
https://github.com/torognes/vsearch

Reading file results/clustering/cdr/r3_comp_zikv/cdr3_clusters/ac8f9d4d-fa28-4dcd-a4fe-547c4793336d-IGK.fasta 100%
0 nt in 0 seqs
minseqlength 6: 3 sequences discarded.
Masking 100%
Sorting by length 100%
Counting k-mers 100%
Clustering 100%
Sorting clusters 100%
Writing clusters 100%
Clusters: 0
Singletons: 0
Multiple alignments 100%
vsearch v2.30.0_linux_x86_64, 94.1GB RAM, 24 cores
https://github.com/torognes/vsearch

Reading file results/clustering/cdr/r3_comp_zikv/cdr3_clusters/40d9c4e2-16db-4563-938f-eaae8a99929f-IGH.fasta 100%
0 nt in 0 seqs
minseqlength 6: 11 sequences discarded.
Masking 100%
Sorting by length 100%
Counting k-mers 100%
Clustering 100%
Sorting clusters 100%
Writing clusters 100%
Clusters: 0
Singletons: 0
Multiple alignments 100%
vsearch v2.30.0_linux_x86_64, 94.1GB RAM, 24 cores
https://github.com/torognes/vsearch

Reading file results/clustering/cdr/r3_comp_zikv/cdr3_clusters/167580c4-3499-49ce-8b9a-7fbebe55151f-IGK.fasta 100%
188 nt in 7 seqs, min 24, max 30, avg 27
Masking 100%
Sorting by length 100%
Counting k-mers 100%
Clustering 100%
Sorting clusters 100%
Writing clusters 100%
Clusters: 7 Size min 1, max 1, avg 1.0
Singletons: 7, 100.0% of seqs, 100.0% of clusters
Multiple alignments 100%
vsearch v2.30.0_linux_x86_64, 94.1GB RAM, 24 cores
https://github.com/torognes/vsearch

Reading file results/clustering/cdr/r3_comp_zikv/cdr3_clusters/3909fda6-d623-415c-b00d-e6d02d829bf0-IGH.fasta 100%
332 nt in 8 seqs, min 28, max 55, avg 42
Masking 100%
Sorting by length 100%
Counting k-mers 100%
Clustering 100%
Sorting clusters 100%
Writing clusters 100%
Clusters: 8 Size min 1, max 1, avg 1.0
Singletons: 8, 100.0% of seqs, 100.0% of clusters
Multiple alignments 100%
vsearch v2.30.0_linux_x86_64, 94.1GB RAM, 24 cores
https://github.com/torognes/vsearch

Reading file results/clustering/cdr/r3_comp_zikv/cdr3_clusters/1a612e3d-e15a-434d-b0b4-7fd90ea0d957-IGK.fasta 100%
0 nt in 0 seqs
Masking 100%
Sorting by length 100%
Counting k-mers 100%
Clustering 100%
Sorting clusters 100%
Writing clusters 100%
Clusters: 0
Singletons: 0
Multiple alignments 100%
vsearch v2.30.0_linux_x86_64, 94.1GB RAM, 24 cores
https://github.com/torognes/vsearch

Reading file results/clustering/cdr/r3_comp_zikv/cdr3_clusters/643c4d2d-9cfb-40e3-9ccd-335c0b8d61a8-IGK.fasta 100%
0 nt in 0 seqs
minseqlength 6: 80 sequences discarded.
Masking 100%
Sorting by length 100%
Counting k-mers 100%
Clustering 100%
Sorting clusters 100%
Writing clusters 100%
Clusters: 0
Singletons: 0
Multiple alignments 100%
vsearch v2.30.0_linux_x86_64, 94.1GB RAM, 24 cores
https://github.com/torognes/vsearch

Reading file results/clustering/cdr/r3_comp_zikv/cdr3_clusters/38af5dd5-8e59-4775-a45b-b682183003bc-IGH.fasta 100%
0 nt in 0 seqs
minseqlength 6: 7 sequences discarded.
Masking 100%
Sorting by length 100%
Counting k-mers 100%
Clustering 100%
Sorting clusters 100%
Writing clusters 100%
Clusters: 0
Singletons: 0
Multiple alignments 100%
vsearch v2.30.0_linux_x86_64, 94.1GB RAM, 24 cores
https://github.com/torognes/vsearch

Reading file results/clustering/cdr/r3_comp_zikv/cdr3_clusters/7f964fe7-b65a-4744-afd7-0d4ccaad41a2-IGK.fasta 100%
0 nt in 0 seqs
Masking 100%
Sorting by length 100%
Counting k-mers 100%
Clustering 100%
Sorting clusters 100%
Writing clusters 100%
Clusters: 0
Singletons: 0
Multiple alignments 100%
vsearch v2.30.0_linux_x86_64, 94.1GB RAM, 24 cores
https://github.com/torognes/vsearch

Reading file results/clustering/cdr/r3_comp_zikv/cdr3_clusters/a4d071f6-c006-4483-99e0-fd47ce100e53-IGH.fasta 100%
0 nt in 0 seqs
Masking 100%
Sorting by length 100%
Counting k-mers 100%
Clustering 100%
Sorting clusters 100%
Writing clusters 100%
Clusters: 0
Singletons: 0
Multiple alignments 100%
vsearch v2.30.0_linux_x86_64, 94.1GB RAM, 24 cores
https://github.com/torognes/vsearch

Reading file results/clustering/cdr/r3_comp_zikv/cdr3_clusters/8e343495-8ce8-49b6-b262-8b589cedaf14-IGK.fasta 100%
0 nt in 0 seqs
minseqlength 6: 3 sequences discarded.
Masking 100%
Sorting by length 100%
Counting k-mers 100%
Clustering 100%
Sorting clusters 100%
Writing clusters 100%
Clusters: 0
Singletons: 0
Multiple alignments 100%
vsearch v2.30.0_linux_x86_64, 94.1GB RAM, 24 cores
https://github.com/torognes/vsearch

Reading file results/clustering/cdr/r3_comp_zikv/cdr3_clusters/099137dc-fc25-4812-9b25-ed45c310cd6f-IGK.fasta 100%
0 nt in 0 seqs
minseqlength 6: 6 sequences discarded.
Masking 100%
Sorting by length 100%
Counting k-mers 100%
Clustering 100%
Sorting clusters 100%
Writing clusters 100%
Clusters: 0
Singletons: 0
Multiple alignments 100%
vsearch v2.30.0_linux_x86_64, 94.1GB RAM, 24 cores
https://github.com/torognes/vsearch

Reading file results/clustering/cdr/r3_comp_zikv/cdr3_clusters/e305839c-cbd2-47c9-a618-f0dec0391650-IGK.fasta 100%
76 nt in 3 seqs, min 21, max 28, avg 25
minseqlength 6: 9 sequences discarded.
Masking 100%
Sorting by length 100%
Counting k-mers 100%
Clustering 100%
Sorting clusters 100%
Writing clusters 100%
Clusters: 3 Size min 1, max 1, avg 1.0
Singletons: 3, 100.0% of seqs, 100.0% of clusters
Multiple alignments 100%
vsearch v2.30.0_linux_x86_64, 94.1GB RAM, 24 cores
https://github.com/torognes/vsearch

Reading file results/clustering/cdr/r3_comp_zikv/cdr3_clusters/73c9a268-60fb-4ec7-84b8-64f618d2d87f-IGH.fasta 100%
199 nt in 3 seqs, min 63, max 72, avg 66
Masking 100%
Sorting by length 100%
Counting k-mers 100%
Clustering 100%
Sorting clusters 100%
Writing clusters 100%
Clusters: 3 Size min 1, max 1, avg 1.0
Singletons: 3, 100.0% of seqs, 100.0% of clusters
Multiple alignments 100%
vsearch v2.30.0_linux_x86_64, 94.1GB RAM, 24 cores
https://github.com/torognes/vsearch

Reading file results/clustering/cdr/r3_comp_zikv/cdr3_clusters/f8b24aef-d192-4004-9630-7276ad541337-IGH.fasta 100%
0 nt in 0 seqs
minseqlength 6: 1 sequence discarded.
Masking 100%
Sorting by length 100%
Counting k-mers 100%
Clustering 100%
Sorting clusters 100%
Writing clusters 100%
Clusters: 0
Singletons: 0
Multiple alignments 100%
vsearch v2.30.0_linux_x86_64, 94.1GB RAM, 24 cores
https://github.com/torognes/vsearch

Reading file results/clustering/cdr/r3_comp_zikv/cdr3_clusters/0c87e0fe-4bf7-4d92-992c-0f91a6e398e6-IGK.fasta 100%
0 nt in 0 seqs
Masking 100%
Sorting by length 100%
Counting k-mers 100%
Clustering 100%
Sorting clusters 100%
Writing clusters 100%
Clusters: 0
Singletons: 0
Multiple alignments 100%
vsearch v2.30.0_linux_x86_64, 94.1GB RAM, 24 cores
https://github.com/torognes/vsearch

Reading file results/clustering/cdr/r3_comp_zikv/cdr3_clusters/7ed9e69d-a68c-4dc4-b29e-367fa355d76a-IGH.fasta 100%
0 nt in 0 seqs
minseqlength 6: 4 sequences discarded.
Masking 100%
Sorting by length 100%
Counting k-mers 100%
Clustering 100%
Sorting clusters 100%
Writing clusters 100%
Clusters: 0
Singletons: 0
Multiple alignments 100%
vsearch v2.30.0_linux_x86_64, 94.1GB RAM, 24 cores
https://github.com/torognes/vsearch

Reading file results/clustering/cdr/r3_comp_zikv/cdr3_clusters/8bd40ce4-4f6f-4006-8b2d-af93cc9ef474-IGK.fasta 100%
0 nt in 0 seqs
minseqlength 6: 6 sequences discarded.
Masking 100%
Sorting by length 100%
Counting k-mers 100%
Clustering 100%
Sorting clusters 100%
Writing clusters 100%
Clusters: 0
Singletons: 0
Multiple alignments 100%
vsearch v2.30.0_linux_x86_64, 94.1GB RAM, 24 cores
https://github.com/torognes/vsearch

Reading file results/clustering/cdr/r3_comp_zikv/cdr3_clusters/76237b09-3dd7-4cc5-af20-bf7dea38872f-IGK.fasta 100%
0 nt in 0 seqs
Masking 100%
Sorting by length 100%
Counting k-mers 100%
Clustering 100%
Sorting clusters 100%
Writing clusters 100%
Clusters: 0
Singletons: 0
Multiple alignments 100%
vsearch v2.30.0_linux_x86_64, 94.1GB RAM, 24 cores
https://github.com/torognes/vsearch

Reading file results/clustering/cdr/r3_comp_zikv/cdr3_clusters/74dedb26-72b0-408f-94f4-8f523b16b223-IGK.fasta 100%
0 nt in 0 seqs
minseqlength 6: 4 sequences discarded.
Masking 100%
Sorting by length 100%
Counting k-mers 100%
Clustering 100%
Sorting clusters 100%
Writing clusters 100%
Clusters: 0
Singletons: 0
Multiple alignments 100%
vsearch v2.30.0_linux_x86_64, 94.1GB RAM, 24 cores
https://github.com/torognes/vsearch

Reading file results/clustering/cdr/r3_comp_zikv/cdr3_clusters/61e3b4cb-eeea-4e48-89a5-3a776ab92d3e-IGH.fasta 100%
1451 nt in 26 seqs, min 39, max 73, avg 56
Masking 100%
Sorting by length 100%
Counting k-mers 100%
Clustering 100%
Sorting clusters 100%
Writing clusters 100%
Clusters: 24 Size min 1, max 2, avg 1.1
Singletons: 22, 84.6% of seqs, 91.7% of clusters
Multiple alignments 100%
vsearch v2.30.0_linux_x86_64, 94.1GB RAM, 24 cores
https://github.com/torognes/vsearch

Reading file results/clustering/cdr/r3_comp_zikv/cdr3_clusters/032e4509-0b65-49c7-a645-2119fcd8d276-IGK.fasta 100%
0 nt in 0 seqs
minseqlength 6: 7 sequences discarded.
Masking 100%
Sorting by length 100%
Counting k-mers 100%
Clustering 100%
Sorting clusters 100%
Writing clusters 100%
Clusters: 0
Singletons: 0
Multiple alignments 100%
vsearch v2.30.0_linux_x86_64, 94.1GB RAM, 24 cores
https://github.com/torognes/vsearch

Reading file results/clustering/cdr/r3_comp_zikv/cdr3_clusters/08b29c6d-92d0-45c1-a4dc-3912d42776b9-IGK.fasta 100%
0 nt in 0 seqs
minseqlength 6: 24 sequences discarded.
Masking 100%
Sorting by length 100%
Counting k-mers 100%
Clustering 100%
Sorting clusters 100%
Writing clusters 100%
Clusters: 0
Singletons: 0
Multiple alignments 100%
vsearch v2.30.0_linux_x86_64, 94.1GB RAM, 24 cores
https://github.com/torognes/vsearch

Reading file results/clustering/cdr/r3_comp_zikv/cdr3_clusters/011f8a5d-12f6-4fd2-9e88-d081b7f1e856-IGH.fasta 100%
0 nt in 0 seqs
minseqlength 6: 6 sequences discarded.
Masking 100%
Sorting by length 100%
Counting k-mers 100%
Clustering 100%
Sorting clusters 100%
Writing clusters 100%
Clusters: 0
Singletons: 0
Multiple alignments 100%
vsearch v2.30.0_linux_x86_64, 94.1GB RAM, 24 cores
https://github.com/torognes/vsearch

Reading file results/clustering/cdr/r3_comp_zikv/cdr3_clusters/d7a9d66e-3d4c-448c-9405-2a31b9a9bc7d-IGH.fasta 100%
0 nt in 0 seqs
minseqlength 6: 2 sequences discarded.
Masking 100%
Sorting by length 100%
Counting k-mers 100%
Clustering 100%
Sorting clusters 100%
Writing clusters 100%
Clusters: 0
Singletons: 0
Multiple alignments 100%
vsearch v2.30.0_linux_x86_64, 94.1GB RAM, 24 cores
https://github.com/torognes/vsearch

Reading file results/clustering/cdr/r3_comp_zikv/cdr3_clusters/59ee27fd-4646-4b5f-b7e2-b9a0190e6459-IGK.fasta 100%
144 nt in 5 seqs, min 27, max 30, avg 29
Masking 100%
Sorting by length 100%
Counting k-mers 100%
Clustering 100%
Sorting clusters 100%
Writing clusters 100%
Clusters: 4 Size min 1, max 2, avg 1.2
Singletons: 3, 60.0% of seqs, 75.0% of clusters
Multiple alignments 100%
vsearch v2.30.0_linux_x86_64, 94.1GB RAM, 24 cores
https://github.com/torognes/vsearch

Reading file results/clustering/cdr/r3_comp_zikv/cdr3_clusters/082a1c4d-8bef-441f-9c90-1b46752c1684-IGK.fasta 100%
0 nt in 0 seqs
minseqlength 6: 3 sequences discarded.
Masking 100%
Sorting by length 100%
Counting k-mers 100%
Clustering 100%
Sorting clusters 100%
Writing clusters 100%
Clusters: 0
Singletons: 0
Multiple alignments 100%
vsearch v2.30.0_linux_x86_64, 94.1GB RAM, 24 cores
https://github.com/torognes/vsearch

Reading file results/clustering/cdr/r3_comp_zikv/cdr3_clusters/252acf58-d456-4c6e-8ab1-2798b3129b12-IGH.fasta 100%
0 nt in 0 seqs
minseqlength 6: 4 sequences discarded.
Masking 100%
Sorting by length 100%
Counting k-mers 100%
Clustering 100%
Sorting clusters 100%
Writing clusters 100%
Clusters: 0
Singletons: 0
Multiple alignments 100%
vsearch v2.30.0_linux_x86_64, 94.1GB RAM, 24 cores
https://github.com/torognes/vsearch

Reading file results/clustering/cdr/r3_comp_zikv/cdr3_clusters/7dc21caa-6c03-4c60-b60d-50e3cba239a1-IGK.fasta 100%
274 nt in 8 seqs, min 28, max 58, avg 34
minseqlength 6: 198 sequences discarded.
Masking 100%
Sorting by length 100%
Counting k-mers 100%
Clustering 100%
Sorting clusters 100%
Writing clusters 100%
Clusters: 5 Size min 1, max 4, avg 1.6
Singletons: 4, 50.0% of seqs, 80.0% of clusters
Multiple alignments 100%
vsearch v2.30.0_linux_x86_64, 94.1GB RAM, 24 cores
https://github.com/torognes/vsearch

Reading file results/clustering/cdr/r3_comp_zikv/cdr3_clusters/8312c64f-7e96-427d-882f-5d3e1fff478a-IGK.fasta 100%
960 nt in 35 seqs, min 24, max 31, avg 27
Masking 100%
Sorting by length 100%
Counting k-mers 100%
Clustering 100%
Sorting clusters 100%
Writing clusters 100%
Clusters: 34 Size min 1, max 2, avg 1.0
Singletons: 33, 94.3% of seqs, 97.1% of clusters
Multiple alignments 100%
vsearch v2.30.0_linux_x86_64, 94.1GB RAM, 24 cores
https://github.com/torognes/vsearch

Reading file results/clustering/cdr/r3_comp_zikv/cdr3_clusters/d65f9f10-263b-466e-abc5-e645af750a04-IGK.fasta 100%
0 nt in 0 seqs
minseqlength 6: 5 sequences discarded.
Masking 100%
Sorting by length 100%
Counting k-mers 100%
Clustering 100%
Sorting clusters 100%
Writing clusters 100%
Clusters: 0
Singletons: 0
Multiple alignments 100%
vsearch v2.30.0_linux_x86_64, 94.1GB RAM, 24 cores
https://github.com/torognes/vsearch

Reading file results/clustering/cdr/r3_comp_zikv/cdr3_clusters/6e212ab6-394f-4747-8a64-d67734c7d76d-IGH.fasta 100%
0 nt in 0 seqs
minseqlength 6: 7 sequences discarded.
Masking 100%
Sorting by length 100%
Counting k-mers 100%
Clustering 100%
Sorting clusters 100%
Writing clusters 100%
Clusters: 0
Singletons: 0
Multiple alignments 100%
vsearch v2.30.0_linux_x86_64, 94.1GB RAM, 24 cores
https://github.com/torognes/vsearch

Reading file results/clustering/cdr/r3_comp_zikv/cdr3_clusters/0a78f70d-7473-43d3-84bd-7b5429cf1b48-IGK.fasta 100%
0 nt in 0 seqs
minseqlength 6: 2 sequences discarded.
Masking 100%
Sorting by length 100%
Counting k-mers 100%
Clustering 100%
Sorting clusters 100%
Writing clusters 100%
Clusters: 0
Singletons: 0
Multiple alignments 100%
vsearch v2.30.0_linux_x86_64, 94.1GB RAM, 24 cores
https://github.com/torognes/vsearch

Reading file results/clustering/cdr/r3_comp_zikv/cdr3_clusters/354ee8bc-a5a1-4718-a014-7a9a0eaf54fd-IGK.fasta 100%
0 nt in 0 seqs
Masking 100%
Sorting by length 100%
Counting k-mers 100%
Clustering 100%
Sorting clusters 100%
Writing clusters 100%
Clusters: 0
Singletons: 0
Multiple alignments 100%
vsearch v2.30.0_linux_x86_64, 94.1GB RAM, 24 cores
https://github.com/torognes/vsearch

Reading file results/clustering/cdr/r3_comp_zikv/cdr3_clusters/2374a4d7-b77c-4cb3-b6ff-046974b92f8d-IGH.fasta 100%
150 nt in 5 seqs, min 15, max 40, avg 30
minseqlength 6: 5 sequences discarded.
Masking 100%
Sorting by length 100%
Counting k-mers 100%
Clustering 100%
Sorting clusters 100%
Writing clusters 100%
Clusters: 5 Size min 1, max 1, avg 1.0
Singletons: 5, 100.0% of seqs, 100.0% of clusters
Multiple alignments 100%
vsearch v2.30.0_linux_x86_64, 94.1GB RAM, 24 cores
https://github.com/torognes/vsearch

Reading file results/clustering/cdr/r3_comp_zikv/cdr3_clusters/4b761754-f728-4d74-989c-83d6bffcea7b-IGH.fasta 100%
0 nt in 0 seqs
minseqlength 6: 9 sequences discarded.
Masking 100%
Sorting by length 100%
Counting k-mers 100%
Clustering 100%
Sorting clusters 100%
Writing clusters 100%
Clusters: 0
Singletons: 0
Multiple alignments 100%
vsearch v2.30.0_linux_x86_64, 94.1GB RAM, 24 cores
https://github.com/torognes/vsearch

Reading file results/clustering/cdr/r3_comp_zikv/cdr3_clusters/96646fc2-bc90-4b79-90f0-42e9aaaa5e7d-IGK.fasta 100%
250 nt in 9 seqs, min 26, max 30, avg 28
Masking 100%
Sorting by length 100%
Counting k-mers 100%
Clustering 100%
Sorting clusters 100%
Writing clusters 100%
Clusters: 9 Size min 1, max 1, avg 1.0
Singletons: 9, 100.0% of seqs, 100.0% of clusters
Multiple alignments 100%
vsearch v2.30.0_linux_x86_64, 94.1GB RAM, 24 cores
https://github.com/torognes/vsearch

Reading file results/clustering/cdr/r3_comp_zikv/cdr3_clusters/f4d8f2b1-dc65-47fb-a976-f59f750619b6-IGK.fasta 100%
0 nt in 0 seqs
minseqlength 6: 2 sequences discarded.
Masking 100%
Sorting by length 100%
Counting k-mers 100%
Clustering 100%
Sorting clusters 100%
Writing clusters 100%
Clusters: 0
Singletons: 0
Multiple alignments 100%
vsearch v2.30.0_linux_x86_64, 94.1GB RAM, 24 cores
https://github.com/torognes/vsearch

Reading file results/clustering/cdr/r3_comp_zikv/cdr3_clusters/aa94520f-7fb7-404d-ad48-77a855640bcc-IGH.fasta 100%
45 nt in 1 seqs, min 45, max 45, avg 45
minseqlength 6: 2 sequences discarded.
Masking 100%
Sorting by length 100%
Counting k-mers 100%
Clustering 100%
Sorting clusters 100%
Writing clusters 100%
Clusters: 1 Size min 1, max 1, avg 1.0
Singletons: 1, 100.0% of seqs, 100.0% of clusters
Multiple alignments 100%
vsearch v2.30.0_linux_x86_64, 94.1GB RAM, 24 cores
https://github.com/torognes/vsearch

Reading file results/clustering/cdr/r3_comp_zikv/cdr3_clusters/940de26b-9cff-4e4e-a0a4-7524ae4520c6-IGH.fasta 100%
84 nt in 2 seqs, min 42, max 42, avg 42
minseqlength 6: 2 sequences discarded.
Masking 100%
Sorting by length 100%
Counting k-mers 100%
Clustering 100%
Sorting clusters 100%
Writing clusters 100%
Clusters: 1 Size min 2, max 2, avg 2.0
Singletons: 0, 0.0% of seqs, 0.0% of clusters
Multiple alignments 100%
vsearch v2.30.0_linux_x86_64, 94.1GB RAM, 24 cores
https://github.com/torognes/vsearch

Reading file results/clustering/cdr/r3_comp_zikv/cdr3_clusters/e09ded8b-8b42-41b5-9ecf-e5634fd6b171-IGH.fasta 100%
131 nt in 4 seqs, min 10, max 42, avg 33
minseqlength 6: 10 sequences discarded.
Masking 100%
Sorting by length 100%
Counting k-mers 100%
Clustering 100%
Sorting clusters 100%
Writing clusters 100%
Clusters: 4 Size min 1, max 1, avg 1.0
Singletons: 4, 100.0% of seqs, 100.0% of clusters
Multiple alignments 100%
vsearch v2.30.0_linux_x86_64, 94.1GB RAM, 24 cores
https://github.com/torognes/vsearch

Reading file results/clustering/cdr/r3_comp_zikv/cdr3_clusters/c9d25ffa-f96c-4d65-8001-595db4db7c9b-IGK.fasta 100%
0 nt in 0 seqs
minseqlength 6: 9 sequences discarded.
Masking 100%
Sorting by length 100%
Counting k-mers 100%
Clustering 100%
Sorting clusters 100%
Writing clusters 100%
Clusters: 0
Singletons: 0
Multiple alignments 100%
vsearch v2.30.0_linux_x86_64, 94.1GB RAM, 24 cores
https://github.com/torognes/vsearch

Reading file results/clustering/cdr/r3_comp_zikv/cdr3_clusters/95dbd832-bfe7-412c-9c3c-a8de5eb1a7e8-IGH.fasta 100%
0 nt in 0 seqs
minseqlength 6: 5 sequences discarded.
Masking 100%
Sorting by length 100%
Counting k-mers 100%
Clustering 100%
Sorting clusters 100%
Writing clusters 100%
Clusters: 0
Singletons: 0
Multiple alignments 100%
vsearch v2.30.0_linux_x86_64, 94.1GB RAM, 24 cores
https://github.com/torognes/vsearch

Reading file results/clustering/cdr/r3_comp_zikv/cdr3_clusters/c970a79d-b216-4df9-9260-3dc26673ab8e-IGK.fasta 100%
1179 nt in 43 seqs, min 21, max 30, avg 27
Masking 100%
Sorting by length 100%
Counting k-mers 100%
Clustering 100%
Sorting clusters 100%
Writing clusters 100%
Clusters: 32 Size min 1, max 4, avg 1.3
Singletons: 25, 58.1% of seqs, 78.1% of clusters
Multiple alignments 100%
vsearch v2.30.0_linux_x86_64, 94.1GB RAM, 24 cores
https://github.com/torognes/vsearch

Reading file results/clustering/cdr/r3_comp_zikv/cdr3_clusters/2d8b35e5-753a-4d55-9829-6b9355032474-IGH.fasta 100%
440 nt in 10 seqs, min 42, max 45, avg 44
Masking 100%
Sorting by length 100%
Counting k-mers 100%
Clustering 100%
Sorting clusters 100%
Writing clusters 100%
Clusters: 5 Size min 1, max 4, avg 2.0
Singletons: 3, 30.0% of seqs, 60.0% of clusters
Multiple alignments 100%
vsearch v2.30.0_linux_x86_64, 94.1GB RAM, 24 cores
https://github.com/torognes/vsearch

Reading file results/clustering/cdr/r3_comp_zikv/cdr3_clusters/36600043-3ca9-44c9-a052-c250a11fcfa3-IGH.fasta 100%
274 nt in 7 seqs, min 27, max 45, avg 39
Masking 100%
Sorting by length 100%
Counting k-mers 100%
Clustering 100%
Sorting clusters 100%
Writing clusters 100%
Clusters: 6 Size min 1, max 2, avg 1.2
Singletons: 5, 71.4% of seqs, 83.3% of clusters
Multiple alignments 100%
vsearch v2.30.0_linux_x86_64, 94.1GB RAM, 24 cores
https://github.com/torognes/vsearch

Reading file results/clustering/cdr/r3_comp_zikv/cdr3_clusters/84c6d7a4-53c5-482d-ba3f-380c0940aa6e-IGK.fasta 100%
0 nt in 0 seqs
minseqlength 6: 7 sequences discarded.
Masking 100%
Sorting by length 100%
Counting k-mers 100%
Clustering 100%
Sorting clusters 100%
Writing clusters 100%
Clusters: 0
Singletons: 0
Multiple alignments 100%
vsearch v2.30.0_linux_x86_64, 94.1GB RAM, 24 cores
https://github.com/torognes/vsearch

Reading file results/clustering/cdr/r3_comp_zikv/cdr3_clusters/079d485a-6146-4e9b-96e7-596c3f538f03-IGK.fasta 100%
0 nt in 0 seqs
minseqlength 6: 3 sequences discarded.
Masking 100%
Sorting by length 100%
Counting k-mers 100%
Clustering 100%
Sorting clusters 100%
Writing clusters 100%
Clusters: 0
Singletons: 0
Multiple alignments 100%
vsearch v2.30.0_linux_x86_64, 94.1GB RAM, 24 cores
https://github.com/torognes/vsearch

Reading file results/clustering/cdr/r3_comp_zikv/cdr3_clusters/918ceef8-044e-4c4a-9a66-f97101d4ef45-IGK.fasta 100%
0 nt in 0 seqs
minseqlength 6: 5 sequences discarded.
Masking 100%
Sorting by length 100%
Counting k-mers 100%
Clustering 100%
Sorting clusters 100%
Writing clusters 100%
Clusters: 0
Singletons: 0
Multiple alignments 100%
vsearch v2.30.0_linux_x86_64, 94.1GB RAM, 24 cores
https://github.com/torognes/vsearch

Reading file results/clustering/cdr/r3_comp_zikv/cdr3_clusters/d932c6ae-74ef-47ea-a6ee-beb9c3d330ce-IGH.fasta 100%
388 nt in 8 seqs, min 42, max 57, avg 48
Masking 100%
Sorting by length 100%
Counting k-mers 100%
Clustering 100%
Sorting clusters 100%
Writing clusters 100%
Clusters: 6 Size min 1, max 2, avg 1.3
Singletons: 4, 50.0% of seqs, 66.7% of clusters
Multiple alignments 100%
vsearch v2.30.0_linux_x86_64, 94.1GB RAM, 24 cores
https://github.com/torognes/vsearch

Reading file results/clustering/cdr/r3_comp_zikv/cdr3_clusters/c49c8501-0fd9-468d-beef-585df235a771-IGH.fasta 100%
221 nt in 6 seqs, min 32, max 45, avg 37
minseqlength 6: 2 sequences discarded.
Masking 100%
Sorting by length 100%
Counting k-mers 100%
Clustering 100%
Sorting clusters 100%
Writing clusters 100%
Clusters: 6 Size min 1, max 1, avg 1.0
Singletons: 6, 100.0% of seqs, 100.0% of clusters
Multiple alignments 100%
vsearch v2.30.0_linux_x86_64, 94.1GB RAM, 24 cores
https://github.com/torognes/vsearch

Reading file results/clustering/cdr/r3_comp_zikv/cdr3_clusters/76f1070a-c52b-4458-9acf-b156db3758bb-IGK.fasta 100%
0 nt in 0 seqs
minseqlength 6: 5 sequences discarded.
Masking 100%
Sorting by length 100%
Counting k-mers 100%
Clustering 100%
Sorting clusters 100%
Writing clusters 100%
Clusters: 0
Singletons: 0
Multiple alignments 100%
vsearch v2.30.0_linux_x86_64, 94.1GB RAM, 24 cores
https://github.com/torognes/vsearch

Reading file results/clustering/cdr/r3_comp_zikv/cdr3_clusters/aaecdffd-0cef-4a8a-883d-dd3bcbcf0020-IGK.fasta 100%
32 nt in 1 seqs, min 32, max 32, avg 32
minseqlength 6: 38 sequences discarded.
Masking 100%
Sorting by length 100%
Counting k-mers 100%
Clustering 100%
Sorting clusters 100%
Writing clusters 100%
Clusters: 1 Size min 1, max 1, avg 1.0
Singletons: 1, 100.0% of seqs, 100.0% of clusters
Multiple alignments 100%
vsearch v2.30.0_linux_x86_64, 94.1GB RAM, 24 cores
https://github.com/torognes/vsearch

Reading file results/clustering/cdr/r3_comp_zikv/cdr3_clusters/27c055ea-2c26-40c0-8beb-554fc2d25ff2-IGH.fasta 100%
1292 nt in 33 seqs, min 27, max 64, avg 39
Masking 100%
Sorting by length 100%
Counting k-mers 100%
Clustering 100%
Sorting clusters 100%
Writing clusters 100%
Clusters: 31 Size min 1, max 3, avg 1.1
Singletons: 30, 90.9% of seqs, 96.8% of clusters
Multiple alignments 100%
vsearch v2.30.0_linux_x86_64, 94.1GB RAM, 24 cores
https://github.com/torognes/vsearch

Reading file results/clustering/cdr/r3_comp_zikv/cdr3_clusters/b5b16e8e-9cdb-4a36-8c0e-2f94315ee845-IGK.fasta 100%
27 nt in 1 seqs, min 27, max 27, avg 27
minseqlength 6: 10 sequences discarded.
Masking 100%
Sorting by length 100%
Counting k-mers 100%
Clustering 100%
Sorting clusters 100%
Writing clusters 100%
Clusters: 1 Size min 1, max 1, avg 1.0
Singletons: 1, 100.0% of seqs, 100.0% of clusters
Multiple alignments 100%
vsearch v2.30.0_linux_x86_64, 94.1GB RAM, 24 cores
https://github.com/torognes/vsearch

Reading file results/clustering/cdr/r3_comp_zikv/cdr3_clusters/27621e13-45c7-4e59-be7c-6783ab7df079-IGK.fasta 100%
0 nt in 0 seqs
minseqlength 6: 5 sequences discarded.
Masking 100%
Sorting by length 100%
Counting k-mers 100%
Clustering 100%
Sorting clusters 100%
Writing clusters 100%
Clusters: 0
Singletons: 0
Multiple alignments 100%
vsearch v2.30.0_linux_x86_64, 94.1GB RAM, 24 cores
https://github.com/torognes/vsearch

Reading file results/clustering/cdr/r3_comp_zikv/cdr3_clusters/88c313cf-16cf-4b82-bcb9-5c59f716527c-IGH.fasta 100%
0 nt in 0 seqs
minseqlength 6: 6 sequences discarded.
Masking 100%
Sorting by length 100%
Counting k-mers 100%
Clustering 100%
Sorting clusters 100%
Writing clusters 100%
Clusters: 0
Singletons: 0
Multiple alignments 100%
vsearch v2.30.0_linux_x86_64, 94.1GB RAM, 24 cores
https://github.com/torognes/vsearch

Reading file results/clustering/cdr/r3_comp_zikv/cdr3_clusters/17e12e83-df99-48db-9b23-d4a8fed4a1d0-IGK.fasta 100%
0 nt in 0 seqs
Masking 100%
Sorting by length 100%
Counting k-mers 100%
Clustering 100%
Sorting clusters 100%
Writing clusters 100%
Clusters: 0
Singletons: 0
Multiple alignments 100%
vsearch v2.30.0_linux_x86_64, 94.1GB RAM, 24 cores
https://github.com/torognes/vsearch

Reading file results/clustering/cdr/r3_comp_zikv/cdr3_clusters/28e27d87-7109-43e9-9e05-a86c82d2edb6-IGK.fasta 100%
0 nt in 0 seqs
minseqlength 6: 74 sequences discarded.
Masking 100%
Sorting by length 100%
Counting k-mers 100%
Clustering 100%
Sorting clusters 100%
Writing clusters 100%
Clusters: 0
Singletons: 0
Multiple alignments 100%
vsearch v2.30.0_linux_x86_64, 94.1GB RAM, 24 cores
https://github.com/torognes/vsearch

Reading file results/clustering/cdr/r3_comp_zikv/cdr3_clusters/13f4e926-e5fc-43b2-a1a3-5952987bbc39-IGK.fasta 100%
0 nt in 0 seqs
minseqlength 6: 94 sequences discarded.
Masking 100%
Sorting by length 100%
Counting k-mers 100%
Clustering 100%
Sorting clusters 100%
Writing clusters 100%
Clusters: 0
Singletons: 0
Multiple alignments 100%
vsearch v2.30.0_linux_x86_64, 94.1GB RAM, 24 cores
https://github.com/torognes/vsearch

Reading file results/clustering/cdr/r3_comp_zikv/cdr3_clusters/94d32d49-f374-431d-8600-a82b6e394565-IGK.fasta 100%
351 nt in 13 seqs, min 26, max 28, avg 27
Masking 100%
Sorting by length 100%
Counting k-mers 100%
Clustering 100%
Sorting clusters 100%
Writing clusters 100%
Clusters: 11 Size min 1, max 2, avg 1.2
Singletons: 9, 69.2% of seqs, 81.8% of clusters
Multiple alignments 100%
vsearch v2.30.0_linux_x86_64, 94.1GB RAM, 24 cores
https://github.com/torognes/vsearch

Reading file results/clustering/cdr/r3_comp_zikv/cdr3_clusters/19cbb6f9-78c3-44fe-8e28-55686ae6f722-IGK.fasta 100%
641 nt in 25 seqs, min 13, max 33, avg 26
Masking 100%
Sorting by length 100%
Counting k-mers 100%
Clustering 100%
Sorting clusters 100%
Writing clusters 100%
Clusters: 21 Size min 1, max 3, avg 1.2
Singletons: 18, 72.0% of seqs, 85.7% of clusters
Multiple alignments 100%
vsearch v2.30.0_linux_x86_64, 94.1GB RAM, 24 cores
https://github.com/torognes/vsearch

Reading file results/clustering/cdr/r3_comp_zikv/cdr3_clusters/710a206c-326a-4bf2-a4d8-d37090cfb5d4-IGK.fasta 100%
0 nt in 0 seqs
Masking 100%
Sorting by length 100%
Counting k-mers 100%
Clustering 100%
Sorting clusters 100%
Writing clusters 100%
Clusters: 0
Singletons: 0
Multiple alignments 100%
vsearch v2.30.0_linux_x86_64, 94.1GB RAM, 24 cores
https://github.com/torognes/vsearch

Reading file results/clustering/cdr/r3_comp_zikv/cdr3_clusters/72c00a12-3ef1-4e8c-95fb-b4a421fed29d-IGK.fasta 100%
192 nt in 7 seqs, min 27, max 30, avg 27
Masking 100%
Sorting by length 100%
Counting k-mers 100%
Clustering 100%
Sorting clusters 100%
Writing clusters 100%
Clusters: 6 Size min 1, max 2, avg 1.2
Singletons: 5, 71.4% of seqs, 83.3% of clusters
Multiple alignments 100%
vsearch v2.30.0_linux_x86_64, 94.1GB RAM, 24 cores
https://github.com/torognes/vsearch

Reading file results/clustering/cdr/r3_comp_zikv/cdr3_clusters/c0065e59-9c0e-4027-96fd-fc18260e3329-IGH.fasta 100%
740 nt in 20 seqs, min 23, max 48, avg 37
Masking 100%
Sorting by length 100%
Counting k-mers 100%
Clustering 100%
Sorting clusters 100%
Writing clusters 100%
Clusters: 20 Size min 1, max 1, avg 1.0
Singletons: 20, 100.0% of seqs, 100.0% of clusters
Multiple alignments 100%
vsearch v2.30.0_linux_x86_64, 94.1GB RAM, 24 cores
https://github.com/torognes/vsearch

Reading file results/clustering/cdr/r3_comp_zikv/cdr3_clusters/2dce5857-390f-4e42-9f33-1e46893fc86b-IGH.fasta 100%
201 nt in 5 seqs, min 24, max 54, avg 40
Masking 100%
Sorting by length 100%
Counting k-mers 100%
Clustering 100%
Sorting clusters 100%
Writing clusters 100%
Clusters: 5 Size min 1, max 1, avg 1.0
Singletons: 5, 100.0% of seqs, 100.0% of clusters
Multiple alignments 100%
vsearch v2.30.0_linux_x86_64, 94.1GB RAM, 24 cores
https://github.com/torognes/vsearch

Reading file results/clustering/cdr/r3_comp_zikv/cdr3_clusters/824636fa-f29e-4d38-8baf-9fafa61fd41e-IGK.fasta 100%
756 nt in 28 seqs, min 27, max 27, avg 27
Masking 100%
Sorting by length 100%
Counting k-mers 100%
Clustering 100%
Sorting clusters 100%
Writing clusters 100%
Clusters: 1 Size min 28, max 28, avg 28.0
Singletons: 0, 0.0% of seqs, 0.0% of clusters
Multiple alignments 100%
vsearch v2.30.0_linux_x86_64, 94.1GB RAM, 24 cores
https://github.com/torognes/vsearch

Reading file results/clustering/cdr/r3_comp_zikv/cdr3_clusters/a790caa0-3a7f-4e6b-82ba-208dec0de7d2-IGH.fasta 100%
138 nt in 4 seqs, min 18, max 48, avg 34
minseqlength 6: 1 sequence discarded.
Masking 100%
Sorting by length 100%
Counting k-mers 100%
Clustering 100%
Sorting clusters 100%
Writing clusters 100%
Clusters: 4 Size min 1, max 1, avg 1.0
Singletons: 4, 100.0% of seqs, 100.0% of clusters
Multiple alignments 100%
vsearch v2.30.0_linux_x86_64, 94.1GB RAM, 24 cores
https://github.com/torognes/vsearch

Reading file results/clustering/cdr/r3_comp_zikv/cdr3_clusters/c14abc1b-1cb0-43f9-8e56-4afb87af8365-IGH.fasta 100%
834 nt in 14 seqs, min 42, max 90, avg 60
Masking 100%
Sorting by length 100%
Counting k-mers 100%
Clustering 100%
Sorting clusters 100%
Writing clusters 100%
Clusters: 14 Size min 1, max 1, avg 1.0
Singletons: 14, 100.0% of seqs, 100.0% of clusters
Multiple alignments 100%
vsearch v2.30.0_linux_x86_64, 94.1GB RAM, 24 cores
https://github.com/torognes/vsearch

Reading file results/clustering/cdr/r3_comp_zikv/cdr3_clusters/46ec531f-65b8-42a9-a01f-c4ede5191440-IGH.fasta 100%
281 nt in 7 seqs, min 30, max 48, avg 40
Masking 100%
Sorting by length 100%
Counting k-mers 100%
Clustering 100%
Sorting clusters 100%
Writing clusters 100%
Clusters: 7 Size min 1, max 1, avg 1.0
Singletons: 7, 100.0% of seqs, 100.0% of clusters
Multiple alignments 100%
vsearch v2.30.0_linux_x86_64, 94.1GB RAM, 24 cores
https://github.com/torognes/vsearch

Reading file results/clustering/cdr/r3_comp_zikv/cdr3_clusters/4395ca56-9d0e-4df8-921f-e17c1905e68a-IGH.fasta 100%
262 nt in 5 seqs, min 36, max 60, avg 52
Masking 100%
Sorting by length 100%
Counting k-mers 100%
Clustering 100%
Sorting clusters 100%
Writing clusters 100%
Clusters: 5 Size min 1, max 1, avg 1.0
Singletons: 5, 100.0% of seqs, 100.0% of clusters
Multiple alignments 100%
vsearch v2.30.0_linux_x86_64, 94.1GB RAM, 24 cores
https://github.com/torognes/vsearch

Reading file results/clustering/cdr/r3_comp_zikv/cdr3_clusters/fb09e231-0686-41c8-9445-82694428039e-IGK.fasta 100%
0 nt in 0 seqs
minseqlength 6: 3 sequences discarded.
Masking 100%
Sorting by length 100%
Counting k-mers 100%
Clustering 100%
Sorting clusters 100%
Writing clusters 100%
Clusters: 0
Singletons: 0
Multiple alignments 100%
vsearch v2.30.0_linux_x86_64, 94.1GB RAM, 24 cores
https://github.com/torognes/vsearch

Reading file results/clustering/cdr/r3_comp_zikv/cdr3_clusters/256238e3-ef62-4fcb-b78f-f53f92539d3a-IGH.fasta 100%
374 nt in 7 seqs, min 39, max 63, avg 53
Masking 100%
Sorting by length 100%
Counting k-mers 100%
Clustering 100%
Sorting clusters 100%
Writing clusters 100%
Clusters: 7 Size min 1, max 1, avg 1.0
Singletons: 7, 100.0% of seqs, 100.0% of clusters
Multiple alignments 100%
vsearch v2.30.0_linux_x86_64, 94.1GB RAM, 24 cores
https://github.com/torognes/vsearch

Reading file results/clustering/cdr/r3_comp_zikv/cdr3_clusters/756b5a54-8e9f-4ab8-be06-c5f7934338a4-IGH.fasta 100%
104 nt in 2 seqs, min 38, max 66, avg 52
minseqlength 6: 16 sequences discarded.
Masking 100%
Sorting by length 100%
Counting k-mers 100%
Clustering 100%
Sorting clusters 100%
Writing clusters 100%
Clusters: 2 Size min 1, max 1, avg 1.0
Singletons: 2, 100.0% of seqs, 100.0% of clusters
Multiple alignments 100%
vsearch v2.30.0_linux_x86_64, 94.1GB RAM, 24 cores
https://github.com/torognes/vsearch

Reading file results/clustering/cdr/r3_comp_zikv/cdr3_clusters/2ac08f8d-afe4-4b73-81f4-7490f38f030f-IGH.fasta 100%
0 nt in 0 seqs
minseqlength 6: 2 sequences discarded.
Masking 100%
Sorting by length 100%
Counting k-mers 100%
Clustering 100%
Sorting clusters 100%
Writing clusters 100%
Clusters: 0
Singletons: 0
Multiple alignments 100%
vsearch v2.30.0_linux_x86_64, 94.1GB RAM, 24 cores
https://github.com/torognes/vsearch

Reading file results/clustering/cdr/r3_comp_zikv/cdr3_clusters/6a5fa65e-dd5a-47c5-8576-f62503d4a06f-IGK.fasta 100%
0 nt in 0 seqs
minseqlength 6: 3 sequences discarded.
Masking 100%
Sorting by length 100%
Counting k-mers 100%
Clustering 100%
Sorting clusters 100%
Writing clusters 100%
Clusters: 0
Singletons: 0
Multiple alignments 100%
vsearch v2.30.0_linux_x86_64, 94.1GB RAM, 24 cores
https://github.com/torognes/vsearch

Reading file results/clustering/cdr/r3_comp_zikv/cdr3_clusters/8f1dbc4b-c16c-47b7-b2b7-c738cb0126cb-IGK.fasta 100%
0 nt in 0 seqs
minseqlength 6: 16 sequences discarded.
Masking 100%
Sorting by length 100%
Counting k-mers 100%
Clustering 100%
Sorting clusters 100%
Writing clusters 100%
Clusters: 0
Singletons: 0
Multiple alignments 100%
vsearch v2.30.0_linux_x86_64, 94.1GB RAM, 24 cores
https://github.com/torognes/vsearch

Reading file results/clustering/cdr/r3_comp_zikv/cdr3_clusters/b9ff4682-119d-46cb-a6ea-c919e7aeed08-IGK.fasta 100%
0 nt in 0 seqs
minseqlength 6: 1 sequence discarded.
Masking 100%
Sorting by length 100%
Counting k-mers 100%
Clustering 100%
Sorting clusters 100%
Writing clusters 100%
Clusters: 0
Singletons: 0
Multiple alignments 100%
vsearch v2.30.0_linux_x86_64, 94.1GB RAM, 24 cores
https://github.com/torognes/vsearch

Reading file results/clustering/cdr/r3_comp_zikv/cdr3_clusters/c3cb180a-c70b-4faf-a92f-5982532412a4-IGH.fasta 100%
430 nt in 8 seqs, min 45, max 75, avg 54
Masking 100%
Sorting by length 100%
Counting k-mers 100%
Clustering 100%
Sorting clusters 100%
Writing clusters 100%
Clusters: 7 Size min 1, max 2, avg 1.1
Singletons: 6, 75.0% of seqs, 85.7% of clusters
Multiple alignments 100%
vsearch v2.30.0_linux_x86_64, 94.1GB RAM, 24 cores
https://github.com/torognes/vsearch

Reading file results/clustering/cdr/r3_comp_zikv/cdr3_clusters/fac655c9-186e-4514-a2a4-15e108816f97-IGH.fasta 100%
367 nt in 11 seqs, min 25, max 39, avg 33
minseqlength 6: 2 sequences discarded.
Masking 100%
Sorting by length 100%
Counting k-mers 100%
Clustering 100%
Sorting clusters 100%
Writing clusters 100%
Clusters: 11 Size min 1, max 1, avg 1.0
Singletons: 11, 100.0% of seqs, 100.0% of clusters
Multiple alignments 100%
vsearch v2.30.0_linux_x86_64, 94.1GB RAM, 24 cores
https://github.com/torognes/vsearch

Reading file results/clustering/cdr/r3_comp_zikv/cdr3_clusters/385b4a33-5e87-4692-9d7f-4d2ef4755313-IGK.fasta 100%
192 nt in 7 seqs, min 24, max 30, avg 27
Masking 100%
Sorting by length 100%
Counting k-mers 100%
Clustering 100%
Sorting clusters 100%
Writing clusters 100%
Clusters: 7 Size min 1, max 1, avg 1.0
Singletons: 7, 100.0% of seqs, 100.0% of clusters
Multiple alignments 100%
vsearch v2.30.0_linux_x86_64, 94.1GB RAM, 24 cores
https://github.com/torognes/vsearch

Reading file results/clustering/cdr/r3_comp_zikv/cdr3_clusters/133bc961-8d4c-4822-a7f4-a014c10e8795-IGK.fasta 100%
433 nt in 16 seqs, min 27, max 28, avg 27
Masking 100%
Sorting by length 100%
Counting k-mers 100%
Clustering 100%
Sorting clusters 100%
Writing clusters 100%
Clusters: 12 Size min 1, max 2, avg 1.3
Singletons: 8, 50.0% of seqs, 66.7% of clusters
Multiple alignments 100%
vsearch v2.30.0_linux_x86_64, 94.1GB RAM, 24 cores
https://github.com/torognes/vsearch

Reading file results/clustering/cdr/r3_comp_zikv/cdr3_clusters/d59164a4-8abc-404a-950c-2d512319333f-IGK.fasta 100%
755 nt in 29 seqs, min 21, max 30, avg 26
Masking 100%
Sorting by length 100%
Counting k-mers 100%
Clustering 100%
Sorting clusters 100%
Writing clusters 100%
Clusters: 28 Size min 1, max 2, avg 1.0
Singletons: 27, 93.1% of seqs, 96.4% of clusters
Multiple alignments 100%
vsearch v2.30.0_linux_x86_64, 94.1GB RAM, 24 cores
https://github.com/torognes/vsearch

Reading file results/clustering/cdr/r3_comp_zikv/cdr3_clusters/cbee1f27-c06c-45fc-8fc2-2fcfdccc50d0-IGK.fasta 100%
0 nt in 0 seqs
minseqlength 6: 6 sequences discarded.
Masking 100%
Sorting by length 100%
Counting k-mers 100%
Clustering 100%
Sorting clusters 100%
Writing clusters 100%
Clusters: 0
Singletons: 0
Multiple alignments 100%
vsearch v2.30.0_linux_x86_64, 94.1GB RAM, 24 cores
https://github.com/torognes/vsearch

Reading file results/clustering/cdr/r3_comp_zikv/cdr3_clusters/2f14daa5-b6e5-4962-a1cc-2c410ef2a58f-IGH.fasta 100%
0 nt in 0 seqs
minseqlength 6: 3 sequences discarded.
Masking 100%
Sorting by length 100%
Counting k-mers 100%
Clustering 100%
Sorting clusters 100%
Writing clusters 100%
Clusters: 0
Singletons: 0
Multiple alignments 100%
vsearch v2.30.0_linux_x86_64, 94.1GB RAM, 24 cores
https://github.com/torognes/vsearch

Reading file results/clustering/cdr/r3_comp_zikv/cdr3_clusters/4928e0d5-70c8-43b8-a646-dea8769723c8-IGK.fasta 100%
57 nt in 2 seqs, min 27, max 30, avg 28
minseqlength 6: 4 sequences discarded.
Masking 100%
Sorting by length 100%
Counting k-mers 100%
Clustering 100%
Sorting clusters 100%
Writing clusters 100%
Clusters: 2 Size min 1, max 1, avg 1.0
Singletons: 2, 100.0% of seqs, 100.0% of clusters
Multiple alignments 100%
vsearch v2.30.0_linux_x86_64, 94.1GB RAM, 24 cores
https://github.com/torognes/vsearch

Reading file results/clustering/cdr/r3_comp_zikv/cdr3_clusters/a6f5e4c3-b6c8-4c27-894a-3537278768ab-IGK.fasta 100%
0 nt in 0 seqs
Masking 100%
Sorting by length 100%
Counting k-mers 100%
Clustering 100%
Sorting clusters 100%
Writing clusters 100%
Clusters: 0
Singletons: 0
Multiple alignments 100%
vsearch v2.30.0_linux_x86_64, 94.1GB RAM, 24 cores
https://github.com/torognes/vsearch

Reading file results/clustering/cdr/r3_comp_zikv/cdr3_clusters/7e758195-0933-4847-9a83-54899e8e2a93-IGH.fasta 100%
177 nt in 5 seqs, min 33, max 41, avg 35
Masking 100%
Sorting by length 100%
Counting k-mers 100%
Clustering 100%
Sorting clusters 100%
Writing clusters 100%
Clusters: 5 Size min 1, max 1, avg 1.0
Singletons: 5, 100.0% of seqs, 100.0% of clusters
Multiple alignments 100%
vsearch v2.30.0_linux_x86_64, 94.1GB RAM, 24 cores
https://github.com/torognes/vsearch

Reading file results/clustering/cdr/r3_comp_zikv/cdr3_clusters/b721700b-f7b6-4dd5-9ce8-eb2a1b676f92-IGH.fasta 100%
103 nt in 3 seqs, min 22, max 42, avg 34
minseqlength 6: 1 sequence discarded.
Masking 100%
Sorting by length 100%
Counting k-mers 100%
Clustering 100%
Sorting clusters 100%
Writing clusters 100%
Clusters: 3 Size min 1, max 1, avg 1.0
Singletons: 3, 100.0% of seqs, 100.0% of clusters
Multiple alignments 100%
vsearch v2.30.0_linux_x86_64, 94.1GB RAM, 24 cores
https://github.com/torognes/vsearch

Reading file results/clustering/cdr/r3_comp_zikv/cdr3_clusters/ceb9d7ae-04be-415f-ae60-e2cb61789c8f-IGH.fasta 100%
0 nt in 0 seqs
minseqlength 6: 1 sequence discarded.
Masking 100%
Sorting by length 100%
Counting k-mers 100%
Clustering 100%
Sorting clusters 100%
Writing clusters 100%
Clusters: 0
Singletons: 0
Multiple alignments 100%
vsearch v2.30.0_linux_x86_64, 94.1GB RAM, 24 cores
https://github.com/torognes/vsearch

Reading file results/clustering/cdr/r3_comp_zikv/cdr3_clusters/854949e0-00b1-4be5-8505-9afb5f9f21be-IGK.fasta 100%
0 nt in 0 seqs
minseqlength 6: 7 sequences discarded.
Masking 100%
Sorting by length 100%
Counting k-mers 100%
Clustering 100%
Sorting clusters 100%
Writing clusters 100%
Clusters: 0
Singletons: 0
Multiple alignments 100%
vsearch v2.30.0_linux_x86_64, 94.1GB RAM, 24 cores
https://github.com/torognes/vsearch

Reading file results/clustering/cdr/r3_comp_zikv/cdr3_clusters/093d02c7-7cd4-4830-b248-913a0b261aa1-IGK.fasta 100%
245 nt in 9 seqs, min 23, max 33, avg 27
Masking 100%
Sorting by length 100%
Counting k-mers 100%
Clustering 100%
Sorting clusters 100%
Writing clusters 100%
Clusters: 9 Size min 1, max 1, avg 1.0
Singletons: 9, 100.0% of seqs, 100.0% of clusters
Multiple alignments 100%
vsearch v2.30.0_linux_x86_64, 94.1GB RAM, 24 cores
https://github.com/torognes/vsearch

Reading file results/clustering/cdr/r3_comp_zikv/cdr3_clusters/134a35f4-a750-431a-a94b-2f83bf932c0f-IGK.fasta 100%
0 nt in 0 seqs
minseqlength 6: 2 sequences discarded.
Masking 100%
Sorting by length 100%
Counting k-mers 100%
Clustering 100%
Sorting clusters 100%
Writing clusters 100%
Clusters: 0
Singletons: 0
Multiple alignments 100%
vsearch v2.30.0_linux_x86_64, 94.1GB RAM, 24 cores
https://github.com/torognes/vsearch

Reading file results/clustering/cdr/r3_comp_zikv/cdr3_clusters/ac86f07a-bea1-42b6-a171-233a10aabc4d-IGH.fasta 100%
0 nt in 0 seqs
minseqlength 6: 12 sequences discarded.
Masking 100%
Sorting by length 100%
Counting k-mers 100%
Clustering 100%
Sorting clusters 100%
Writing clusters 100%
Clusters: 0
Singletons: 0
Multiple alignments 100%
vsearch v2.30.0_linux_x86_64, 94.1GB RAM, 24 cores
https://github.com/torognes/vsearch

Reading file results/clustering/cdr/r3_comp_zikv/cdr3_clusters/96cf9921-2f2c-454b-bafb-98d4c35306db-IGK.fasta 100%
0 nt in 0 seqs
minseqlength 6: 3 sequences discarded.
Masking 100%
Sorting by length 100%
Counting k-mers 100%
Clustering 100%
Sorting clusters 100%
Writing clusters 100%
Clusters: 0
Singletons: 0
Multiple alignments 100%
vsearch v2.30.0_linux_x86_64, 94.1GB RAM, 24 cores
https://github.com/torognes/vsearch

Reading file results/clustering/cdr/r3_comp_zikv/cdr3_clusters/381b3651-578e-4279-9318-fd401037c365-IGH.fasta 100%
61 nt in 1 seqs, min 61, max 61, avg 61
minseqlength 6: 20 sequences discarded.
Masking 100%
Sorting by length 100%
Counting k-mers 100%
Clustering 100%
Sorting clusters 100%
Writing clusters 100%
Clusters: 1 Size min 1, max 1, avg 1.0
Singletons: 1, 100.0% of seqs, 100.0% of clusters
Multiple alignments 100%
vsearch v2.30.0_linux_x86_64, 94.1GB RAM, 24 cores
https://github.com/torognes/vsearch

Reading file results/clustering/cdr/r3_comp_zikv/cdr3_clusters/37952a51-4e7a-4139-8545-0e3e7ef2009f-IGK.fasta 100%
0 nt in 0 seqs
Masking 100%
Sorting by length 100%
Counting k-mers 100%
Clustering 100%
Sorting clusters 100%
Writing clusters 100%
Clusters: 0
Singletons: 0
Multiple alignments 100%
vsearch v2.30.0_linux_x86_64, 94.1GB RAM, 24 cores
https://github.com/torognes/vsearch

Reading file results/clustering/cdr/r3_comp_zikv/cdr3_clusters/252ad08e-b0d3-44a4-aadf-c22e4aa6b017-IGH.fasta 100%
270 nt in 6 seqs, min 36, max 55, avg 45
Masking 100%
Sorting by length 100%
Counting k-mers 100%
Clustering 100%
Sorting clusters 100%
Writing clusters 100%
Clusters: 6 Size min 1, max 1, avg 1.0
Singletons: 6, 100.0% of seqs, 100.0% of clusters
Multiple alignments 100%
vsearch v2.30.0_linux_x86_64, 94.1GB RAM, 24 cores
https://github.com/torognes/vsearch

Reading file results/clustering/cdr/r3_comp_zikv/cdr3_clusters/58a651a8-ea06-4788-98f8-7f933ed50939-IGK.fasta 100%
531 nt in 19 seqs, min 24, max 40, avg 28
Masking 100%
Sorting by length 100%
Counting k-mers 100%
Clustering 100%
Sorting clusters 100%
Writing clusters 100%
Clusters: 13 Size min 1, max 3, avg 1.5
Singletons: 8, 42.1% of seqs, 61.5% of clusters
Multiple alignments 100%
vsearch v2.30.0_linux_x86_64, 94.1GB RAM, 24 cores
https://github.com/torognes/vsearch

Reading file results/clustering/cdr/r3_comp_zikv/cdr3_clusters/1ac0a4c4-403a-446d-8fa7-2f322eafc943-IGK.fasta 100%
0 nt in 0 seqs
Masking 100%
Sorting by length 100%
Counting k-mers 100%
Clustering 100%
Sorting clusters 100%
Writing clusters 100%
Clusters: 0
Singletons: 0
Multiple alignments 100%
vsearch v2.30.0_linux_x86_64, 94.1GB RAM, 24 cores
https://github.com/torognes/vsearch

Reading file results/clustering/cdr/r3_comp_zikv/cdr3_clusters/7226d1e5-fab7-4988-b5fa-f2fc3f6be479-IGH.fasta 100%
291 nt in 10 seqs, min 18, max 36, avg 29
Masking 100%
Sorting by length 100%
Counting k-mers 100%
Clustering 100%
Sorting clusters 100%
Writing clusters 100%
Clusters: 10 Size min 1, max 1, avg 1.0
Singletons: 10, 100.0% of seqs, 100.0% of clusters
Multiple alignments 100%
vsearch v2.30.0_linux_x86_64, 94.1GB RAM, 24 cores
https://github.com/torognes/vsearch

Reading file results/clustering/cdr/r3_comp_zikv/cdr3_clusters/4e8ab3c7-cd66-4c1c-a32a-62304d496250-IGK.fasta 100%
106 nt in 4 seqs, min 26, max 27, avg 26
minseqlength 6: 46 sequences discarded.
Masking 100%
Sorting by length 100%
Counting k-mers 100%
Clustering 100%
Sorting clusters 100%
Writing clusters 100%
Clusters: 4 Size min 1, max 1, avg 1.0
Singletons: 4, 100.0% of seqs, 100.0% of clusters
Multiple alignments 100%
vsearch v2.30.0_linux_x86_64, 94.1GB RAM, 24 cores
https://github.com/torognes/vsearch

Reading file results/clustering/cdr/r3_comp_zikv/cdr3_clusters/6d53958f-6a95-4cff-b7b7-00574b03711a-IGH.fasta 100%
0 nt in 0 seqs
minseqlength 6: 4 sequences discarded.
Masking 100%
Sorting by length 100%
Counting k-mers 100%
Clustering 100%
Sorting clusters 100%
Writing clusters 100%
Clusters: 0
Singletons: 0
Multiple alignments 100%
vsearch v2.30.0_linux_x86_64, 94.1GB RAM, 24 cores
https://github.com/torognes/vsearch

Reading file results/clustering/cdr/r3_comp_zikv/cdr3_clusters/c879b102-45d9-45cd-ae8e-9d40b2928ede-IGH.fasta 100%
0 nt in 0 seqs
minseqlength 6: 4 sequences discarded.
Masking 100%
Sorting by length 100%
Counting k-mers 100%
Clustering 100%
Sorting clusters 100%
Writing clusters 100%
Clusters: 0
Singletons: 0
Multiple alignments 100%
vsearch v2.30.0_linux_x86_64, 94.1GB RAM, 24 cores
https://github.com/torognes/vsearch

Reading file results/clustering/cdr/r3_comp_zikv/cdr3_clusters/e4549e47-dd77-49c6-831e-2eb187105862-IGH.fasta 100%
3088 nt in 78 seqs, min 24, max 57, avg 40
Masking 100%
Sorting by length 100%
Counting k-mers 100%
Clustering 100%
Sorting clusters 100%
Writing clusters 100%
Clusters: 77 Size min 1, max 2, avg 1.0
Singletons: 76, 97.4% of seqs, 98.7% of clusters
Multiple alignments 100%
vsearch v2.30.0_linux_x86_64, 94.1GB RAM, 24 cores
https://github.com/torognes/vsearch

Reading file results/clustering/cdr/r3_comp_zikv/cdr3_clusters/9e10fa90-d92c-4b5c-880f-88ee2bdeaa55-IGH.fasta 100%
0 nt in 0 seqs
minseqlength 6: 23 sequences discarded.
Masking 100%
Sorting by length 100%
Counting k-mers 100%
Clustering 100%
Sorting clusters 100%
Writing clusters 100%
Clusters: 0
Singletons: 0
Multiple alignments 100%
vsearch v2.30.0_linux_x86_64, 94.1GB RAM, 24 cores
https://github.com/torognes/vsearch

Reading file results/clustering/cdr/r3_comp_zikv/cdr3_clusters/8f8e3a9e-db22-4aba-ae9a-bee1c8b9bfd0-IGH.fasta 100%
2065 nt in 59 seqs, min 15, max 70, avg 35
Masking 100%
Sorting by length 100%
Counting k-mers 100%
Clustering 100%
Sorting clusters 100%
Writing clusters 100%
Clusters: 58 Size min 1, max 2, avg 1.0
Singletons: 57, 96.6% of seqs, 98.3% of clusters
Multiple alignments 100%
vsearch v2.30.0_linux_x86_64, 94.1GB RAM, 24 cores
https://github.com/torognes/vsearch

Reading file results/clustering/cdr/r3_comp_zikv/cdr3_clusters/03b182c3-9abc-44bc-b94f-5473f9de2336-IGH.fasta 100%
0 nt in 0 seqs
minseqlength 6: 7 sequences discarded.
Masking 100%
Sorting by length 100%
Counting k-mers 100%
Clustering 100%
Sorting clusters 100%
Writing clusters 100%
Clusters: 0
Singletons: 0
Multiple alignments 100%
vsearch v2.30.0_linux_x86_64, 94.1GB RAM, 24 cores
https://github.com/torognes/vsearch

Reading file results/clustering/cdr/r3_comp_zikv/cdr3_clusters/15584c07-ee5b-48bf-a242-195b4d1ac928-IGH.fasta 100%
197 nt in 5 seqs, min 24, max 56, avg 39
Masking 100%
Sorting by length 100%
Counting k-mers 100%
Clustering 100%
Sorting clusters 100%
Writing clusters 100%
Clusters: 5 Size min 1, max 1, avg 1.0
Singletons: 5, 100.0% of seqs, 100.0% of clusters
Multiple alignments 100%
vsearch v2.30.0_linux_x86_64, 94.1GB RAM, 24 cores
https://github.com/torognes/vsearch

Reading file results/clustering/cdr/r3_comp_zikv/cdr3_clusters/353225e2-2055-46ef-a20b-b66d2339d740-IGK.fasta 100%
0 nt in 0 seqs
minseqlength 6: 3 sequences discarded.
Masking 100%
Sorting by length 100%
Counting k-mers 100%
Clustering 100%
Sorting clusters 100%
Writing clusters 100%
Clusters: 0
Singletons: 0
Multiple alignments 100%
vsearch v2.30.0_linux_x86_64, 94.1GB RAM, 24 cores
https://github.com/torognes/vsearch

Reading file results/clustering/cdr/r3_comp_zikv/cdr3_clusters/ad057c94-5413-41b8-9bd7-1f73b465bd20-IGH.fasta 100%
583 nt in 13 seqs, min 33, max 60, avg 45
Masking 100%
Sorting by length 100%
Counting k-mers 100%
Clustering 100%
Sorting clusters 100%
Writing clusters 100%
Clusters: 12 Size min 1, max 2, avg 1.1
Singletons: 11, 84.6% of seqs, 91.7% of clusters
Multiple alignments 100%
vsearch v2.30.0_linux_x86_64, 94.1GB RAM, 24 cores
https://github.com/torognes/vsearch

Reading file results/clustering/cdr/r3_comp_zikv/cdr3_clusters/57ca2a0e-57c2-401b-a70b-0507ef3b3b5e-IGK.fasta 100%
0 nt in 0 seqs
minseqlength 6: 5 sequences discarded.
Masking 100%
Sorting by length 100%
Counting k-mers 100%
Clustering 100%
Sorting clusters 100%
Writing clusters 100%
Clusters: 0
Singletons: 0
Multiple alignments 100%
vsearch v2.30.0_linux_x86_64, 94.1GB RAM, 24 cores
https://github.com/torognes/vsearch

Reading file results/clustering/cdr/r3_comp_zikv/cdr3_clusters/d1b90eb5-c282-47d0-963e-7c42ebceeaba-IGH.fasta 100%
285 nt in 9 seqs, min 21, max 39, avg 32
Masking 100%
Sorting by length 100%
Counting k-mers 100%
Clustering 100%
Sorting clusters 100%
Writing clusters 100%
Clusters: 9 Size min 1, max 1, avg 1.0
Singletons: 9, 100.0% of seqs, 100.0% of clusters
Multiple alignments 100%
vsearch v2.30.0_linux_x86_64, 94.1GB RAM, 24 cores
https://github.com/torognes/vsearch

Reading file results/clustering/cdr/r3_comp_zikv/cdr3_clusters/bf5fdd8e-9af5-44e7-82d8-33ec2cc397ec-IGH.fasta 100%
506 nt in 13 seqs, min 24, max 57, avg 39
Masking 100%
Sorting by length 100%
Counting k-mers 100%
Clustering 100%
Sorting clusters 100%
Writing clusters 100%
Clusters: 13 Size min 1, max 1, avg 1.0
Singletons: 13, 100.0% of seqs, 100.0% of clusters
Multiple alignments 100%
vsearch v2.30.0_linux_x86_64, 94.1GB RAM, 24 cores
https://github.com/torognes/vsearch

Reading file results/clustering/cdr/r3_comp_zikv/cdr3_clusters/8251a981-974e-4852-a605-df747fc19481-IGH.fasta 100%
56 nt in 1 seqs, min 56, max 56, avg 56
Masking 100%
Sorting by length 100%
Counting k-mers 100%
Clustering 100%
Sorting clusters 100%
Writing clusters 100%
Clusters: 1 Size min 1, max 1, avg 1.0
Singletons: 1, 100.0% of seqs, 100.0% of clusters
Multiple alignments 100%
vsearch v2.30.0_linux_x86_64, 94.1GB RAM, 24 cores
https://github.com/torognes/vsearch

Reading file results/clustering/cdr/r3_comp_zikv/cdr3_clusters/020244da-d436-4e59-a5bf-c3ccb714016e-IGH.fasta 100%
90 nt in 2 seqs, min 43, max 47, avg 45
minseqlength 6: 3 sequences discarded.
Masking 100%
Sorting by length 100%
Counting k-mers 100%
Clustering 100%
Sorting clusters 100%
Writing clusters 100%
Clusters: 2 Size min 1, max 1, avg 1.0
Singletons: 2, 100.0% of seqs, 100.0% of clusters
Multiple alignments 100%
vsearch v2.30.0_linux_x86_64, 94.1GB RAM, 24 cores
https://github.com/torognes/vsearch

Reading file results/clustering/cdr/r3_comp_zikv/cdr3_clusters/19aba785-ce35-4dcc-a80d-b32820704d3d-IGH.fasta 100%
0 nt in 0 seqs
Masking 100%
Sorting by length 100%
Counting k-mers 100%
Clustering 100%
Sorting clusters 100%
Writing clusters 100%
Clusters: 0
Singletons: 0
Multiple alignments 100%
vsearch v2.30.0_linux_x86_64, 94.1GB RAM, 24 cores
https://github.com/torognes/vsearch

Reading file results/clustering/cdr/r3_comp_zikv/cdr3_clusters/85457b3a-ffde-4cd1-a682-57cac21068e1-IGK.fasta 100%
348 nt in 12 seqs, min 21, max 37, avg 29
Masking 100%
Sorting by length 100%
Counting k-mers 100%
Clustering 100%
Sorting clusters 100%
Writing clusters 100%
Clusters: 10 Size min 1, max 2, avg 1.2
Singletons: 8, 66.7% of seqs, 80.0% of clusters
Multiple alignments 100%
vsearch v2.30.0_linux_x86_64, 94.1GB RAM, 24 cores
https://github.com/torognes/vsearch

Reading file results/clustering/cdr/r3_comp_zikv/cdr3_clusters/848f519f-455d-4df4-8bf2-5b08d9f6543c-IGK.fasta 100%
26 nt in 1 seqs, min 26, max 26, avg 26
minseqlength 6: 66 sequences discarded.
Masking 100%
Sorting by length 100%
Counting k-mers 100%
Clustering 100%
Sorting clusters 100%
Writing clusters 100%
Clusters: 1 Size min 1, max 1, avg 1.0
Singletons: 1, 100.0% of seqs, 100.0% of clusters
Multiple alignments 100%
vsearch v2.30.0_linux_x86_64, 94.1GB RAM, 24 cores
https://github.com/torognes/vsearch

Reading file results/clustering/cdr/r3_comp_zikv/cdr3_clusters/8cc6869b-4e31-46ce-b9f9-395d538db3d5-IGK.fasta 100%
0 nt in 0 seqs
minseqlength 6: 5 sequences discarded.
Masking 100%
Sorting by length 100%
Counting k-mers 100%
Clustering 100%
Sorting clusters 100%
Writing clusters 100%
Clusters: 0
Singletons: 0
Multiple alignments 100%
vsearch v2.30.0_linux_x86_64, 94.1GB RAM, 24 cores
https://github.com/torognes/vsearch

Reading file results/clustering/cdr/r3_comp_zikv/cdr3_clusters/d07ad21e-1aab-4b65-85ae-ee86165091dd-IGH.fasta 100%
0 nt in 0 seqs
minseqlength 6: 9 sequences discarded.
Masking 100%
Sorting by length 100%
Counting k-mers 100%
Clustering 100%
Sorting clusters 100%
Writing clusters 100%
Clusters: 0
Singletons: 0
Multiple alignments 100%
vsearch v2.30.0_linux_x86_64, 94.1GB RAM, 24 cores
https://github.com/torognes/vsearch

Reading file results/clustering/cdr/r3_comp_zikv/cdr3_clusters/05f3376c-eb17-449c-b1cd-10edc3301e03-IGK.fasta 100%
0 nt in 0 seqs
minseqlength 6: 44 sequences discarded.
Masking 100%
Sorting by length 100%
Counting k-mers 100%
Clustering 100%
Sorting clusters 100%
Writing clusters 100%
Clusters: 0
Singletons: 0
Multiple alignments 100%
vsearch v2.30.0_linux_x86_64, 94.1GB RAM, 24 cores
https://github.com/torognes/vsearch

Reading file results/clustering/cdr/r3_comp_zikv/cdr3_clusters/e9c1c8a0-f394-4247-a3c7-1b49e796400c-IGK.fasta 100%
0 nt in 0 seqs
minseqlength 6: 41 sequences discarded.
Masking 100%
Sorting by length 100%
Counting k-mers 100%
Clustering 100%
Sorting clusters 100%
Writing clusters 100%
Clusters: 0
Singletons: 0
Multiple alignments 100%
vsearch v2.30.0_linux_x86_64, 94.1GB RAM, 24 cores
https://github.com/torognes/vsearch

Reading file results/clustering/cdr/r3_comp_zikv/cdr3_clusters/89c29042-0352-49f0-bb59-9175eb919f97-IGH.fasta 100%
362 nt in 8 seqs, min 38, max 48, avg 45
Masking 100%
Sorting by length 100%
Counting k-mers 100%
Clustering 100%
Sorting clusters 100%
Writing clusters 100%
Clusters: 7 Size min 1, max 2, avg 1.1
Singletons: 6, 75.0% of seqs, 85.7% of clusters
Multiple alignments 100%
vsearch v2.30.0_linux_x86_64, 94.1GB RAM, 24 cores
https://github.com/torognes/vsearch

Reading file results/clustering/cdr/r3_comp_zikv/cdr3_clusters/9aaf4a41-7d65-4923-9e0f-da29604e6215-IGK.fasta 100%
0 nt in 0 seqs
minseqlength 6: 3 sequences discarded.
Masking 100%
Sorting by length 100%
Counting k-mers 100%
Clustering 100%
Sorting clusters 100%
Writing clusters 100%
Clusters: 0
Singletons: 0
Multiple alignments 100%
vsearch v2.30.0_linux_x86_64, 94.1GB RAM, 24 cores
https://github.com/torognes/vsearch

Reading file results/clustering/cdr/r3_comp_zikv/cdr3_clusters/6f8c1fc1-b236-4fb6-8079-453825e641f5-IGH.fasta 100%
999 nt in 23 seqs, min 30, max 63, avg 43
Masking 100%
Sorting by length 100%
Counting k-mers 100%
Clustering 100%
Sorting clusters 100%
Writing clusters 100%
Clusters: 23 Size min 1, max 1, avg 1.0
Singletons: 23, 100.0% of seqs, 100.0% of clusters
Multiple alignments 100%
vsearch v2.30.0_linux_x86_64, 94.1GB RAM, 24 cores
https://github.com/torognes/vsearch

Reading file results/clustering/cdr/r3_comp_zikv/cdr3_clusters/44c332fe-a817-4d83-a39b-5905256d6981-IGH.fasta 100%
732 nt in 19 seqs, min 21, max 108, avg 39
Masking 100%
Sorting by length 100%
Counting k-mers 100%
Clustering 100%
Sorting clusters 100%
Writing clusters 100%
Clusters: 18 Size min 1, max 2, avg 1.1
Singletons: 17, 89.5% of seqs, 94.4% of clusters
Multiple alignments 100%
vsearch v2.30.0_linux_x86_64, 94.1GB RAM, 24 cores
https://github.com/torognes/vsearch

Reading file results/clustering/cdr/r3_comp_zikv/cdr3_clusters/4a0a7931-463f-4673-8a1f-53c5797fd007-IGH.fasta 100%
7607 nt in 153 seqs, min 30, max 78, avg 50
Masking 100%
Sorting by length 100%
Counting k-mers 100%
Clustering 100%
Sorting clusters 100%
Writing clusters 100%
Clusters: 140 Size min 1, max 3, avg 1.1
Singletons: 128, 83.7% of seqs, 91.4% of clusters
Multiple alignments 100%
vsearch v2.30.0_linux_x86_64, 94.1GB RAM, 24 cores
https://github.com/torognes/vsearch

Reading file results/clustering/cdr/r3_comp_zikv/cdr3_clusters/08272fc8-3efe-4094-a9d7-8da2765c297c-IGK.fasta 100%
0 nt in 0 seqs
Masking 100%
Sorting by length 100%
Counting k-mers 100%
Clustering 100%
Sorting clusters 100%
Writing clusters 100%
Clusters: 0
Singletons: 0
Multiple alignments 100%
vsearch v2.30.0_linux_x86_64, 94.1GB RAM, 24 cores
https://github.com/torognes/vsearch

Reading file results/clustering/cdr/r3_comp_zikv/cdr3_clusters/cd322c23-21b9-40f8-802a-4e38af835227-IGK.fasta 100%
0 nt in 0 seqs
Masking 100%
Sorting by length 100%
Counting k-mers 100%
Clustering 100%
Sorting clusters 100%
Writing clusters 100%
Clusters: 0
Singletons: 0
Multiple alignments 100%
vsearch v2.30.0_linux_x86_64, 94.1GB RAM, 24 cores
https://github.com/torognes/vsearch

Reading file results/clustering/cdr/r3_comp_zikv/cdr3_clusters/04951a59-fee7-45f3-91f1-eb7207392076-IGH.fasta 100%
0 nt in 0 seqs
minseqlength 6: 1 sequence discarded.
Masking 100%
Sorting by length 100%
Counting k-mers 100%
Clustering 100%
Sorting clusters 100%
Writing clusters 100%
Clusters: 0
Singletons: 0
Multiple alignments 100%
