vsearch v2.30.0_linux_x86_64, 94.1GB RAM, 24 cores
https://github.com/torognes/vsearch

Reading file results/clustering/cdr/Amostra1_illu_VH/cdr3_clusters/eb513b6c-e473-475c-834f-c3201e74abb1-IGH.fasta 100%
12457 nt in 317 seqs, min 24, max 57, avg 39
Masking 100%
Sorting by length 100%
Counting k-mers 100%
Clustering 100%
Sorting clusters 100%
Writing clusters 100%
Clusters: 109 Size min 1, max 195, avg 2.9
Singletons: 99, 31.2% of seqs, 90.8% of clusters
Multiple alignments 100%
vsearch v2.30.0_linux_x86_64, 94.1GB RAM, 24 cores
https://github.com/torognes/vsearch

Reading file results/clustering/cdr/Amostra1_illu_VH/cdr3_clusters/4ae5a463-2b01-4b74-aebb-49a45260b34b-IGH.fasta 100%
414 nt in 13 seqs, min 24, max 36, avg 32
Masking 100%
Sorting by length 100%
Counting k-mers 100%
Clustering 100%
Sorting clusters 100%
Writing clusters 100%
Clusters: 7 Size min 1, max 6, avg 1.9
Singletons: 5, 38.5% of seqs, 71.4% of clusters
Multiple alignments 100%
vsearch v2.30.0_linux_x86_64, 94.1GB RAM, 24 cores
https://github.com/torognes/vsearch

Reading file results/clustering/cdr/Amostra1_illu_VH/cdr3_clusters/4b4c4a2d-605b-4352-b5cf-c1a8f526f100-IGH.fasta 100%
5644 nt in 121 seqs, min 27, max 63, avg 47
Masking 100%
Sorting by length 100%
Counting k-mers 100%
Clustering 100%
Sorting clusters 100%
Writing clusters 100%
Clusters: 90 Size min 1, max 6, avg 1.3
Singletons: 73, 60.3% of seqs, 81.1% of clusters
Multiple alignments 100%
vsearch v2.30.0_linux_x86_64, 94.1GB RAM, 24 cores
https://github.com/torognes/vsearch

Reading file results/clustering/cdr/Amostra1_illu_VH/cdr3_clusters/f4fd3f34-a0a8-463a-9b5b-5f75770df07d-IGH.fasta 100%
4614 nt in 110 seqs, min 21, max 58, avg 42
Masking 100%
Sorting by length 100%
Counting k-mers 100%
Clustering 100%
Sorting clusters 100%
Writing clusters 100%
Clusters: 91 Size min 1, max 4, avg 1.2
Singletons: 76, 69.1% of seqs, 83.5% of clusters
Multiple alignments 100%
vsearch v2.30.0_linux_x86_64, 94.1GB RAM, 24 cores
https://github.com/torognes/vsearch

Reading file results/clustering/cdr/Amostra1_illu_VH/cdr3_clusters/0741bba2-4a53-4cde-8598-d92b6879d2c9-IGH.fasta 100%
333 nt in 8 seqs, min 39, max 54, avg 42
Masking 100%
Sorting by length 100%
Counting k-mers 100%
Clustering 100%
Sorting clusters 100%
Writing clusters 100%
Clusters: 6 Size min 1, max 3, avg 1.3
Singletons: 5, 62.5% of seqs, 83.3% of clusters
Multiple alignments 100%
vsearch v2.30.0_linux_x86_64, 94.1GB RAM, 24 cores
https://github.com/torognes/vsearch

Reading file results/clustering/cdr/Amostra1_illu_VH/cdr3_clusters/3588f7ea-b3bf-4018-9b7f-2a3f990a1540-IGH.fasta 100%
576 nt in 18 seqs, min 18, max 39, avg 32
Masking 100%
Sorting by length 100%
Counting k-mers 100%
Clustering 100%
Sorting clusters 100%
Writing clusters 100%
Clusters: 12 Size min 1, max 5, avg 1.5
Singletons: 9, 50.0% of seqs, 75.0% of clusters
Multiple alignments 100%
vsearch v2.30.0_linux_x86_64, 94.1GB RAM, 24 cores
https://github.com/torognes/vsearch

Reading file results/clustering/cdr/Amostra1_illu_VH/cdr3_clusters/784d1050-1909-40a1-be23-79054154fdfa-IGH.fasta 100%
162 nt in 6 seqs, min 15, max 30, avg 27
Masking 100%
Sorting by length 100%
Counting k-mers 100%
Clustering 100%
Sorting clusters 100%
Writing clusters 100%
Clusters: 5 Size min 1, max 2, avg 1.2
Singletons: 4, 66.7% of seqs, 80.0% of clusters
Multiple alignments 100%
vsearch v2.30.0_linux_x86_64, 94.1GB RAM, 24 cores
https://github.com/torognes/vsearch

Reading file results/clustering/cdr/Amostra1_illu_VH/cdr3_clusters/a2954a96-f60f-42c0-a428-89f9ba08137b-IGH.fasta 100%
444 nt in 11 seqs, min 30, max 51, avg 40
Masking 100%
Sorting by length 100%
Counting k-mers 100%
Clustering 100%
Sorting clusters 100%
Writing clusters 100%
Clusters: 11 Size min 1, max 1, avg 1.0
Singletons: 11, 100.0% of seqs, 100.0% of clusters
Multiple alignments 100%
vsearch v2.30.0_linux_x86_64, 94.1GB RAM, 24 cores
https://github.com/torognes/vsearch

Reading file results/clustering/cdr/Amostra1_illu_VH/cdr3_clusters/401ff624-2b6b-4196-8a10-f37696f60bd8-IGH.fasta 100%
843 nt in 17 seqs, min 24, max 60, avg 50
Masking 100%
Sorting by length 100%
Counting k-mers 100%
Clustering 100%
Sorting clusters 100%
Writing clusters 100%
Clusters: 16 Size min 1, max 2, avg 1.1
Singletons: 15, 88.2% of seqs, 93.8% of clusters
Multiple alignments 100%
vsearch v2.30.0_linux_x86_64, 94.1GB RAM, 24 cores
https://github.com/torognes/vsearch

Reading file results/clustering/cdr/Amostra1_illu_VH/cdr3_clusters/e21c9e2f-b45b-4da8-b35f-4e12b68133ae-IGH.fasta 100%
5710 nt in 219 seqs, min 15, max 34, avg 26
minseqlength 6: 9 sequences discarded.
Masking 100%
Sorting by length 100%
Counting k-mers 100%
Clustering 100%
Sorting clusters 100%
Writing clusters 100%
Clusters: 141 Size min 1, max 24, avg 1.6
Singletons: 116, 53.0% of seqs, 82.3% of clusters
Multiple alignments 100%
vsearch v2.30.0_linux_x86_64, 94.1GB RAM, 24 cores
https://github.com/torognes/vsearch

Reading file results/clustering/cdr/Amostra1_illu_VH/cdr3_clusters/db1bfb33-2e39-44e2-8628-e249511c1e9e-IGH.fasta 100%
2376 nt in 46 seqs, min 36, max 66, avg 52
Masking 100%
Sorting by length 100%
Counting k-mers 100%
Clustering 100%
Sorting clusters 100%
Writing clusters 100%
Clusters: 37 Size min 1, max 4, avg 1.2
Singletons: 31, 67.4% of seqs, 83.8% of clusters
Multiple alignments 100%
vsearch v2.30.0_linux_x86_64, 94.1GB RAM, 24 cores
https://github.com/torognes/vsearch

Reading file results/clustering/cdr/Amostra1_illu_VH/cdr3_clusters/2c24126b-00b7-41df-a966-aa016864cbac-IGH.fasta 100%
165 nt in 5 seqs, min 27, max 42, avg 33
Masking 100%
Sorting by length 100%
Counting k-mers 100%
Clustering 100%
Sorting clusters 100%
Writing clusters 100%
Clusters: 5 Size min 1, max 1, avg 1.0
Singletons: 5, 100.0% of seqs, 100.0% of clusters
Multiple alignments 100%
vsearch v2.30.0_linux_x86_64, 94.1GB RAM, 24 cores
https://github.com/torognes/vsearch

Reading file results/clustering/cdr/Amostra1_illu_VH/cdr3_clusters/d2de5f04-3004-4ff7-a05f-63cb248d97f0-IGH.fasta 100%
360 nt in 9 seqs, min 30, max 48, avg 40
Masking 100%
Sorting by length 100%
Counting k-mers 100%
Clustering 100%
Sorting clusters 100%
Writing clusters 100%
Clusters: 7 Size min 1, max 3, avg 1.3
Singletons: 6, 66.7% of seqs, 85.7% of clusters
Multiple alignments 100%
vsearch v2.30.0_linux_x86_64, 94.1GB RAM, 24 cores
https://github.com/torognes/vsearch

Reading file results/clustering/cdr/Amostra1_illu_VH/cdr3_clusters/19a6878d-66bd-4628-80eb-26c3ff7c0aa0-IGH.fasta 100%
1369 nt in 32 seqs, min 30, max 45, avg 43
minseqlength 6: 1 sequence discarded.
Masking 100%
Sorting by length 100%
Counting k-mers 100%
Clustering 100%
Sorting clusters 100%
Writing clusters 100%
Clusters: 7 Size min 1, max 25, avg 4.6
Singletons: 5, 15.6% of seqs, 71.4% of clusters
Multiple alignments 100%
vsearch v2.30.0_linux_x86_64, 94.1GB RAM, 24 cores
https://github.com/torognes/vsearch

Reading file results/clustering/cdr/Amostra1_illu_VH/cdr3_clusters/4bb721af-6c21-4ab6-b03d-5ab2fce10951-IGH.fasta 100%
378 nt in 14 seqs, min 27, max 27, avg 27
Masking 100%
Sorting by length 100%
Counting k-mers 100%
Clustering 100%
Sorting clusters 100%
Writing clusters 100%
Clusters: 5 Size min 1, max 9, avg 2.8
Singletons: 3, 21.4% of seqs, 60.0% of clusters
Multiple alignments 100%
vsearch v2.30.0_linux_x86_64, 94.1GB RAM, 24 cores
https://github.com/torognes/vsearch

Reading file results/clustering/cdr/Amostra1_illu_VH/cdr3_clusters/888f8c7f-a3cd-4e04-98b8-2b5afffce3da-IGH.fasta 100%
1173 nt in 36 seqs, min 24, max 33, avg 33
Masking 100%
Sorting by length 100%
Counting k-mers 100%
Clustering 100%
Sorting clusters 100%
Writing clusters 100%
Clusters: 6 Size min 1, max 31, avg 6.0
Singletons: 5, 13.9% of seqs, 83.3% of clusters
Multiple alignments 100%
vsearch v2.30.0_linux_x86_64, 94.1GB RAM, 24 cores
https://github.com/torognes/vsearch

Reading file results/clustering/cdr/Amostra1_illu_VH/cdr3_clusters/c90bc9ef-f050-481b-905b-0b07dedf05e7-IGH.fasta 100%
1747 nt in 41 seqs, min 24, max 69, avg 43
Masking 100%
Sorting by length 100%
Counting k-mers 100%
Clustering 100%
Sorting clusters 100%
Writing clusters 100%
Clusters: 39 Size min 1, max 3, avg 1.1
Singletons: 38, 92.7% of seqs, 97.4% of clusters
Multiple alignments 100%
vsearch v2.30.0_linux_x86_64, 94.1GB RAM, 24 cores
https://github.com/torognes/vsearch

Reading file results/clustering/cdr/Amostra1_illu_VH/cdr3_clusters/c1ece7ce-039a-4dda-8c65-f777a7d99735-IGH.fasta 100%
192 nt in 5 seqs, min 27, max 42, avg 38
Masking 100%
Sorting by length 100%
Counting k-mers 100%
Clustering 100%
Sorting clusters 100%
Writing clusters 100%
Clusters: 4 Size min 1, max 2, avg 1.2
Singletons: 3, 60.0% of seqs, 75.0% of clusters
Multiple alignments 100%
vsearch v2.30.0_linux_x86_64, 94.1GB RAM, 24 cores
https://github.com/torognes/vsearch

Reading file results/clustering/cdr/Amostra1_illu_VH/cdr3_clusters/32f928ab-af13-4bd0-be63-a90185aa6ab7-IGH.fasta 100%
2491 nt in 54 seqs, min 33, max 57, avg 46
Masking 100%
Sorting by length 100%
Counting k-mers 100%
Clustering 100%
Sorting clusters 100%
Writing clusters 100%
Clusters: 34 Size min 1, max 8, avg 1.6
Singletons: 28, 51.9% of seqs, 82.4% of clusters
Multiple alignments 100%
vsearch v2.30.0_linux_x86_64, 94.1GB RAM, 24 cores
https://github.com/torognes/vsearch

Reading file results/clustering/cdr/Amostra1_illu_VH/cdr3_clusters/7e2bde1a-637e-44af-a73b-9acbaf6696fc-IGH.fasta 100%
864 nt in 20 seqs, min 30, max 54, avg 43
Masking 100%
Sorting by length 100%
Counting k-mers 100%
Clustering 100%
Sorting clusters 100%
Writing clusters 100%
Clusters: 19 Size min 1, max 2, avg 1.1
Singletons: 18, 90.0% of seqs, 94.7% of clusters
Multiple alignments 100%
vsearch v2.30.0_linux_x86_64, 94.1GB RAM, 24 cores
https://github.com/torognes/vsearch

Reading file results/clustering/cdr/Amostra1_illu_VH/cdr3_clusters/037c26a2-9d8c-433f-b86a-db8ff476520a-IGH.fasta 100%
891 nt in 16 seqs, min 30, max 63, avg 56
Masking 100%
Sorting by length 100%
Counting k-mers 100%
Clustering 100%
Sorting clusters 100%
Writing clusters 100%
Clusters: 10 Size min 1, max 7, avg 1.6
Singletons: 9, 56.2% of seqs, 90.0% of clusters
Multiple alignments 100%
vsearch v2.30.0_linux_x86_64, 94.1GB RAM, 24 cores
https://github.com/torognes/vsearch

Reading file results/clustering/cdr/Amostra1_illu_VH/cdr3_clusters/f50687ee-a9d2-43c9-8223-39688fb7842e-IGH.fasta 100%
2959 nt in 80 seqs, min 18, max 48, avg 37
minseqlength 6: 2 sequences discarded.
Masking 100%
Sorting by length 100%
Counting k-mers 100%
Clustering 100%
Sorting clusters 100%
Writing clusters 100%
Clusters: 66 Size min 1, max 5, avg 1.2
Singletons: 57, 71.2% of seqs, 86.4% of clusters
Multiple alignments 100%
vsearch v2.30.0_linux_x86_64, 94.1GB RAM, 24 cores
https://github.com/torognes/vsearch

Reading file results/clustering/cdr/Amostra1_illu_VH/cdr3_clusters/c27a2fe1-1100-4e6b-a9d2-6c64f3e7b07f-IGH.fasta 100%
91084 nt in 1572 seqs, min 50, max 93, avg 58
minseqlength 6: 2 sequences discarded.
Masking 100%
Sorting by length 100%
Counting k-mers 100%
Clustering 100%
Sorting clusters 100%
Writing clusters 100%
Clusters: 1269 Size min 1, max 13, avg 1.2
Singletons: 1084, 69.0% of seqs, 85.4% of clusters
Multiple alignments 100%
vsearch v2.30.0_linux_x86_64, 94.1GB RAM, 24 cores
https://github.com/torognes/vsearch

Reading file results/clustering/cdr/Amostra1_illu_VH/cdr3_clusters/bbc53194-c348-481a-bd04-fb5a8460b9b0-IGH.fasta 100%
813 nt in 34 seqs, min 18, max 30, avg 24
minseqlength 6: 21 sequences discarded.
Masking 100%
Sorting by length 100%
Counting k-mers 100%
Clustering 100%
Sorting clusters 100%
Writing clusters 100%
Clusters: 16 Size min 1, max 10, avg 2.1
Singletons: 14, 41.2% of seqs, 87.5% of clusters
Multiple alignments 100%
vsearch v2.30.0_linux_x86_64, 94.1GB RAM, 24 cores
https://github.com/torognes/vsearch

Reading file results/clustering/cdr/Amostra1_illu_VH/cdr3_clusters/7f9b5188-a03d-4a3b-9b28-377f7f89714c-IGH.fasta 100%
7428 nt in 137 seqs, min 24, max 81, avg 54
Masking 100%
Sorting by length 100%
Counting k-mers 100%
Clustering 100%
Sorting clusters 100%
Writing clusters 100%
Clusters: 116 Size min 1, max 6, avg 1.2
Singletons: 107, 78.1% of seqs, 92.2% of clusters
Multiple alignments 100%
vsearch v2.30.0_linux_x86_64, 94.1GB RAM, 24 cores
https://github.com/torognes/vsearch

Reading file results/clustering/cdr/Amostra1_illu_VH/cdr3_clusters/71f6f2c3-5dd7-4e96-8384-757b15b8de2f-IGH.fasta 100%
279 nt in 6 seqs, min 33, max 63, avg 46
Masking 100%
Sorting by length 100%
Counting k-mers 100%
Clustering 100%
Sorting clusters 100%
Writing clusters 100%
Clusters: 6 Size min 1, max 1, avg 1.0
Singletons: 6, 100.0% of seqs, 100.0% of clusters
Multiple alignments 100%
vsearch v2.30.0_linux_x86_64, 94.1GB RAM, 24 cores
https://github.com/torognes/vsearch

Reading file results/clustering/cdr/Amostra1_illu_VH/cdr3_clusters/d885d45d-cce1-4a8c-bbe5-15103b63c931-IGH.fasta 100%
132 nt in 5 seqs, min 24, max 27, avg 26
Masking 100%
Sorting by length 100%
Counting k-mers 100%
Clustering 100%
Sorting clusters 100%
Writing clusters 100%
Clusters: 3 Size min 1, max 3, avg 1.7
Singletons: 2, 40.0% of seqs, 66.7% of clusters
Multiple alignments 100%
vsearch v2.30.0_linux_x86_64, 94.1GB RAM, 24 cores
https://github.com/torognes/vsearch

Reading file results/clustering/cdr/Amostra1_illu_VH/cdr3_clusters/2db660db-362e-4521-ac36-dd5977211854-IGH.fasta 100%
243 nt in 7 seqs, min 24, max 42, avg 35
Masking 100%
Sorting by length 100%
Counting k-mers 100%
Clustering 100%
Sorting clusters 100%
Writing clusters 100%
Clusters: 5 Size min 1, max 2, avg 1.4
Singletons: 3, 42.9% of seqs, 60.0% of clusters
Multiple alignments 100%
vsearch v2.30.0_linux_x86_64, 94.1GB RAM, 24 cores
https://github.com/torognes/vsearch

Reading file results/clustering/cdr/Amostra1_illu_VH/cdr3_clusters/6674431e-2a08-481d-bb05-163ca075314f-IGH.fasta 100%
6297 nt in 173 seqs, min 20, max 60, avg 36
minseqlength 6: 6 sequences discarded.
Masking 100%
Sorting by length 100%
Counting k-mers 100%
Clustering 100%
Sorting clusters 100%
Writing clusters 100%
Clusters: 131 Size min 1, max 5, avg 1.3
Singletons: 103, 59.5% of seqs, 78.6% of clusters
Multiple alignments 100%
vsearch v2.30.0_linux_x86_64, 94.1GB RAM, 24 cores
https://github.com/torognes/vsearch

Reading file results/clustering/cdr/Amostra1_illu_VH/cdr3_clusters/836b9708-4b41-4404-988f-7670b26a1853-IGK.fasta 100%
0 nt in 0 seqs
minseqlength 6: 8 sequences discarded.
Masking 100%
Sorting by length 100%
Counting k-mers 100%
Clustering 100%
Sorting clusters 100%
Writing clusters 100%
Clusters: 0
Singletons: 0
Multiple alignments 100%
vsearch v2.30.0_linux_x86_64, 94.1GB RAM, 24 cores
https://github.com/torognes/vsearch

Reading file results/clustering/cdr/Amostra1_illu_VH/cdr3_clusters/1aaab170-ece3-4fb3-86ac-94f203c0a99e-IGH.fasta 100%
1423 nt in 40 seqs, min 24, max 48, avg 36
Masking 100%
Sorting by length 100%
Counting k-mers 100%
Clustering 100%
Sorting clusters 100%
Writing clusters 100%
Clusters: 34 Size min 1, max 4, avg 1.2
Singletons: 31, 77.5% of seqs, 91.2% of clusters
Multiple alignments 100%
vsearch v2.30.0_linux_x86_64, 94.1GB RAM, 24 cores
https://github.com/torognes/vsearch

Reading file results/clustering/cdr/Amostra1_illu_VH/cdr3_clusters/ac382de7-4e8f-4b25-9182-18af158a7c85-IGH.fasta 100%
7213 nt in 127 seqs, min 50, max 93, avg 57
Masking 100%
Sorting by length 100%
Counting k-mers 100%
Clustering 100%
Sorting clusters 100%
Writing clusters 100%
Clusters: 102 Size min 1, max 9, avg 1.2
Singletons: 86, 67.7% of seqs, 84.3% of clusters
Multiple alignments 100%
vsearch v2.30.0_linux_x86_64, 94.1GB RAM, 24 cores
https://github.com/torognes/vsearch

Reading file results/clustering/cdr/Amostra1_illu_VH/cdr3_clusters/42178ef2-3d85-467c-a025-32f8a29db05e-IGH.fasta 100%
16850 nt in 629 seqs, min 17, max 28, avg 27
minseqlength 6: 3 sequences discarded.
Masking 100%
Sorting by length 100%
Counting k-mers 100%
Clustering 100%
Sorting clusters 100%
Writing clusters 100%
Clusters: 74 Size min 1, max 338, avg 8.5
Singletons: 55, 8.7% of seqs, 74.3% of clusters
Multiple alignments 100%
vsearch v2.30.0_linux_x86_64, 94.1GB RAM, 24 cores
https://github.com/torognes/vsearch

Reading file results/clustering/cdr/Amostra1_illu_VH/cdr3_clusters/93b703fd-6bf3-4545-8aa9-fd265b7061b4-IGH.fasta 100%
1407 nt in 42 seqs, min 21, max 45, avg 34
minseqlength 6: 2 sequences discarded.
Masking 100%
Sorting by length 100%
Counting k-mers 100%
Clustering 100%
Sorting clusters 100%
Writing clusters 100%
Clusters: 35 Size min 1, max 6, avg 1.2
Singletons: 33, 78.6% of seqs, 94.3% of clusters
Multiple alignments 100%
vsearch v2.30.0_linux_x86_64, 94.1GB RAM, 24 cores
https://github.com/torognes/vsearch

Reading file results/clustering/cdr/Amostra1_illu_VH/cdr3_clusters/1a8c998c-1fed-4b62-99f7-7daf636658bc-IGH.fasta 100%
144 nt in 4 seqs, min 24, max 42, avg 36
minseqlength 6: 1 sequence discarded.
Masking 100%
Sorting by length 100%
Counting k-mers 100%
Clustering 100%
Sorting clusters 100%
Writing clusters 100%
Clusters: 3 Size min 1, max 2, avg 1.3
Singletons: 2, 50.0% of seqs, 66.7% of clusters
Multiple alignments 100%
vsearch v2.30.0_linux_x86_64, 94.1GB RAM, 24 cores
https://github.com/torognes/vsearch

Reading file results/clustering/cdr/Amostra1_illu_VH/cdr3_clusters/5c3c649d-38e1-40b2-ab6e-6d623549f1b8-IGH.fasta 100%
534 nt in 14 seqs, min 15, max 72, avg 38
Masking 100%
Sorting by length 100%
Counting k-mers 100%
Clustering 100%
Sorting clusters 100%
Writing clusters 100%
Clusters: 12 Size min 1, max 3, avg 1.2
Singletons: 11, 78.6% of seqs, 91.7% of clusters
Multiple alignments 100%
vsearch v2.30.0_linux_x86_64, 94.1GB RAM, 24 cores
https://github.com/torognes/vsearch

Reading file results/clustering/cdr/Amostra1_illu_VH/cdr3_clusters/02b103e6-93ab-47b1-b4a7-4000c52e1c90-IGH.fasta 100%
0 nt in 0 seqs
minseqlength 6: 68 sequences discarded.
Masking 100%
Sorting by length 100%
Counting k-mers 100%
Clustering 100%
Sorting clusters 100%
Writing clusters 100%
Clusters: 0
Singletons: 0
Multiple alignments 100%
vsearch v2.30.0_linux_x86_64, 94.1GB RAM, 24 cores
https://github.com/torognes/vsearch

Reading file results/clustering/cdr/Amostra1_illu_VH/cdr3_clusters/f10617db-d0e7-40d0-a054-7a6f7a47160c-IGH.fasta 100%
131 nt in 5 seqs, min 9, max 33, avg 26
Masking 100%
Sorting by length 100%
Counting k-mers 100%
Clustering 100%
Sorting clusters 100%
Writing clusters 100%
Clusters: 5 Size min 1, max 1, avg 1.0
Singletons: 5, 100.0% of seqs, 100.0% of clusters
Multiple alignments 100%
vsearch v2.30.0_linux_x86_64, 94.1GB RAM, 24 cores
https://github.com/torognes/vsearch

Reading file results/clustering/cdr/Amostra1_illu_VH/cdr3_clusters/dd6500e9-bdec-4285-944c-a7e6764c31aa-IGH.fasta 100%
45 nt in 3 seqs, min 15, max 15, avg 15
minseqlength 6: 3 sequences discarded.
Masking 100%
Sorting by length 100%
Counting k-mers 100%
Clustering 100%
Sorting clusters 100%
Writing clusters 100%
Clusters: 2 Size min 1, max 2, avg 1.5
Singletons: 1, 33.3% of seqs, 50.0% of clusters
Multiple alignments 100%
vsearch v2.30.0_linux_x86_64, 94.1GB RAM, 24 cores
https://github.com/torognes/vsearch

Reading file results/clustering/cdr/Amostra1_illu_VH/cdr3_clusters/bb70fb86-dab2-49fa-ad3b-f3cbb83b7859-IGH.fasta 100%
249 nt in 9 seqs, min 18, max 33, avg 28
Masking 100%
Sorting by length 100%
Counting k-mers 100%
Clustering 100%
Sorting clusters 100%
Writing clusters 100%
Clusters: 9 Size min 1, max 1, avg 1.0
Singletons: 9, 100.0% of seqs, 100.0% of clusters
Multiple alignments 100%
vsearch v2.30.0_linux_x86_64, 94.1GB RAM, 24 cores
https://github.com/torognes/vsearch

Reading file results/clustering/cdr/Amostra1_illu_VH/cdr3_clusters/d2750c25-f919-4b8f-aa47-74948f62f4c5-IGH.fasta 100%
2192 nt in 53 seqs, min 27, max 57, avg 41
Masking 100%
Sorting by length 100%
Counting k-mers 100%
Clustering 100%
Sorting clusters 100%
Writing clusters 100%
Clusters: 26 Size min 1, max 23, avg 2.0
Singletons: 21, 39.6% of seqs, 80.8% of clusters
Multiple alignments 100%
vsearch v2.30.0_linux_x86_64, 94.1GB RAM, 24 cores
https://github.com/torognes/vsearch

Reading file results/clustering/cdr/Amostra1_illu_VH/cdr3_clusters/1083e871-8790-425e-8400-0fbc53f1fef6-IGH.fasta 100%
324 nt in 7 seqs, min 27, max 57, avg 46
Masking 100%
Sorting by length 100%
Counting k-mers 100%
Clustering 100%
Sorting clusters 100%
Writing clusters 100%
Clusters: 6 Size min 1, max 2, avg 1.2
Singletons: 5, 71.4% of seqs, 83.3% of clusters
Multiple alignments 100%
vsearch v2.30.0_linux_x86_64, 94.1GB RAM, 24 cores
https://github.com/torognes/vsearch

Reading file results/clustering/cdr/Amostra1_illu_VH/cdr3_clusters/8bbb06d9-a991-4a7b-9af1-163ae3e4e2b3-IGK.fasta 100%
0 nt in 0 seqs
minseqlength 6: 6 sequences discarded.
Masking 100%
Sorting by length 100%
Counting k-mers 100%
Clustering 100%
Sorting clusters 100%
Writing clusters 100%
Clusters: 0
Singletons: 0
Multiple alignments 100%
vsearch v2.30.0_linux_x86_64, 94.1GB RAM, 24 cores
https://github.com/torognes/vsearch

Reading file results/clustering/cdr/Amostra1_illu_VH/cdr3_clusters/f2e80853-6d33-4036-b694-b0d6b3bdd0bb-IGH.fasta 100%
243 nt in 9 seqs, min 15, max 36, avg 27
Masking 100%
Sorting by length 100%
Counting k-mers 100%
Clustering 100%
Sorting clusters 100%
Writing clusters 100%
Clusters: 9 Size min 1, max 1, avg 1.0
Singletons: 9, 100.0% of seqs, 100.0% of clusters
Multiple alignments 100%
vsearch v2.30.0_linux_x86_64, 94.1GB RAM, 24 cores
https://github.com/torognes/vsearch

Reading file results/clustering/cdr/Amostra1_illu_VH/cdr3_clusters/a657d2bf-3fab-438f-956b-93f900f50dcf-IGH.fasta 100%
279 nt in 7 seqs, min 33, max 42, avg 40
Masking 100%
Sorting by length 100%
Counting k-mers 100%
Clustering 100%
Sorting clusters 100%
Writing clusters 100%
Clusters: 4 Size min 1, max 4, avg 1.8
Singletons: 3, 42.9% of seqs, 75.0% of clusters
Multiple alignments 100%
vsearch v2.30.0_linux_x86_64, 94.1GB RAM, 24 cores
https://github.com/torognes/vsearch

Reading file results/clustering/cdr/Amostra1_illu_VH/cdr3_clusters/48308009-3adc-4477-a9e7-f81cc89b3689-IGH.fasta 100%
465 nt in 9 seqs, min 24, max 57, avg 52
Masking 100%
Sorting by length 100%
Counting k-mers 100%
Clustering 100%
Sorting clusters 100%
Writing clusters 100%
Clusters: 4 Size min 1, max 6, avg 2.2
Singletons: 3, 33.3% of seqs, 75.0% of clusters
Multiple alignments 100%
vsearch v2.30.0_linux_x86_64, 94.1GB RAM, 24 cores
https://github.com/torognes/vsearch

Reading file results/clustering/cdr/Amostra1_illu_VH/cdr3_clusters/bcf5615f-fc68-4f2c-b596-e6823b58fc97-IGH.fasta 100%
829 nt in 23 seqs, min 21, max 45, avg 36
Masking 100%
Sorting by length 100%
Counting k-mers 100%
Clustering 100%
Sorting clusters 100%
Writing clusters 100%
Clusters: 22 Size min 1, max 2, avg 1.0
Singletons: 21, 91.3% of seqs, 95.5% of clusters
Multiple alignments 100%
vsearch v2.30.0_linux_x86_64, 94.1GB RAM, 24 cores
https://github.com/torognes/vsearch

Reading file results/clustering/cdr/Amostra1_illu_VH/cdr3_clusters/12a422e2-77c2-4b21-9d76-c884fc0a8d2f-IGH.fasta 100%
1984 nt in 71 seqs, min 15, max 33, avg 28
minseqlength 6: 11 sequences discarded.
Masking 100%
Sorting by length 100%
Counting k-mers 100%
Clustering 100%
Sorting clusters 100%
Writing clusters 100%
Clusters: 55 Size min 1, max 6, avg 1.3
Singletons: 47, 66.2% of seqs, 85.5% of clusters
Multiple alignments 100%
vsearch v2.30.0_linux_x86_64, 94.1GB RAM, 24 cores
https://github.com/torognes/vsearch

Reading file results/clustering/cdr/Amostra1_illu_VH/cdr3_clusters/7926ad50-b334-46be-b1cd-e8bce74a6d56-IGH.fasta 100%
426 nt in 16 seqs, min 24, max 27, avg 27
Masking 100%
Sorting by length 100%
Counting k-mers 100%
Clustering 100%
Sorting clusters 100%
Writing clusters 100%
Clusters: 3 Size min 1, max 14, avg 5.3
Singletons: 2, 12.5% of seqs, 66.7% of clusters
Multiple alignments 100%
vsearch v2.30.0_linux_x86_64, 94.1GB RAM, 24 cores
https://github.com/torognes/vsearch

Reading file results/clustering/cdr/Amostra1_illu_VH/cdr3_clusters/275cd32b-b4da-4924-a7e2-d7767f493561-IGH.fasta 100%
489 nt in 12 seqs, min 24, max 60, avg 41
Masking 100%
Sorting by length 100%
Counting k-mers 100%
Clustering 100%
Sorting clusters 100%
Writing clusters 100%
Clusters: 11 Size min 1, max 2, avg 1.1
Singletons: 10, 83.3% of seqs, 90.9% of clusters
Multiple alignments 100%
vsearch v2.30.0_linux_x86_64, 94.1GB RAM, 24 cores
https://github.com/torognes/vsearch

Reading file results/clustering/cdr/Amostra1_illu_VH/cdr3_clusters/33fa8145-df4b-4637-b792-206a78aba050-IGH.fasta 100%
11329 nt in 475 seqs, min 15, max 33, avg 24
minseqlength 6: 57 sequences discarded.
Masking 100%
Sorting by length 100%
Counting k-mers 100%
Clustering 100%
Sorting clusters 100%
Writing clusters 100%
Clusters: 95 Size min 1, max 289, avg 5.0
Singletons: 65, 13.7% of seqs, 68.4% of clusters
Multiple alignments 100%
vsearch v2.30.0_linux_x86_64, 94.1GB RAM, 24 cores
https://github.com/torognes/vsearch

Reading file results/clustering/cdr/Amostra1_illu_VH/cdr3_clusters/28b83854-9cd5-40bd-a903-536fe5b1910e-IGH.fasta 100%
633 nt in 15 seqs, min 27, max 60, avg 42
Masking 100%
Sorting by length 100%
Counting k-mers 100%
Clustering 100%
Sorting clusters 100%
Writing clusters 100%
Clusters: 10 Size min 1, max 4, avg 1.5
Singletons: 8, 53.3% of seqs, 80.0% of clusters
Multiple alignments 100%
vsearch v2.30.0_linux_x86_64, 94.1GB RAM, 24 cores
https://github.com/torognes/vsearch

Reading file results/clustering/cdr/Amostra1_illu_VH/cdr3_clusters/fe3f3586-8241-4ff5-aceb-1595545107f1-IGH.fasta 100%
9138 nt in 220 seqs, min 24, max 63, avg 42
minseqlength 6: 1 sequence discarded.
Masking 100%
Sorting by length 100%
Counting k-mers 100%
Clustering 100%
Sorting clusters 100%
Writing clusters 100%
Clusters: 182 Size min 1, max 9, avg 1.2
Singletons: 162, 73.6% of seqs, 89.0% of clusters
Multiple alignments 100%
vsearch v2.30.0_linux_x86_64, 94.1GB RAM, 24 cores
https://github.com/torognes/vsearch

Reading file results/clustering/cdr/Amostra1_illu_VH/cdr3_clusters/14cf97d9-c936-4f21-8f02-f2d3b3f938a3-IGH.fasta 100%
1804 nt in 57 seqs, min 18, max 36, avg 32
Masking 100%
Sorting by length 100%
Counting k-mers 100%
Clustering 100%
Sorting clusters 100%
Writing clusters 100%
Clusters: 37 Size min 1, max 9, avg 1.5
Singletons: 27, 47.4% of seqs, 73.0% of clusters
Multiple alignments 100%
vsearch v2.30.0_linux_x86_64, 94.1GB RAM, 24 cores
https://github.com/torognes/vsearch

Reading file results/clustering/cdr/Amostra1_illu_VH/cdr3_clusters/536c2b54-ab8c-488e-b55e-6e85c7fe9e2f-IGK.fasta 100%
0 nt in 0 seqs
minseqlength 6: 72 sequences discarded.
Masking 100%
Sorting by length 100%
Counting k-mers 100%
Clustering 100%
Sorting clusters 100%
Writing clusters 100%
Clusters: 0
Singletons: 0
Multiple alignments 100%
vsearch v2.30.0_linux_x86_64, 94.1GB RAM, 24 cores
https://github.com/torognes/vsearch

Reading file results/clustering/cdr/Amostra1_illu_VH/cdr3_clusters/566d01db-ff39-4add-a06d-7f8830a6792c-IGH.fasta 100%
1031 nt in 19 seqs, min 47, max 75, avg 54
Masking 100%
Sorting by length 100%
Counting k-mers 100%
Clustering 100%
Sorting clusters 100%
Writing clusters 100%
Clusters: 8 Size min 1, max 11, avg 2.4
Singletons: 6, 31.6% of seqs, 75.0% of clusters
Multiple alignments 100%
vsearch v2.30.0_linux_x86_64, 94.1GB RAM, 24 cores
https://github.com/torognes/vsearch

Reading file results/clustering/cdr/Amostra1_illu_VH/cdr3_clusters/ebff6db4-ac45-4da0-8417-b922bd4b5055-IGH.fasta 100%
167 nt in 5 seqs, min 24, max 36, avg 33
Masking 100%
Sorting by length 100%
Counting k-mers 100%
Clustering 100%
Sorting clusters 100%
Writing clusters 100%
Clusters: 2 Size min 1, max 4, avg 2.5
Singletons: 1, 20.0% of seqs, 50.0% of clusters
Multiple alignments 100%
vsearch v2.30.0_linux_x86_64, 94.1GB RAM, 24 cores
https://github.com/torognes/vsearch

Reading file results/clustering/cdr/Amostra1_illu_VH/cdr3_clusters/2354361f-1725-4fcf-9b63-ae73c7a3cb62-IGH.fasta 100%
4342 nt in 171 seqs, min 15, max 33, avg 25
minseqlength 6: 24 sequences discarded.
Masking 100%
Sorting by length 100%
Counting k-mers 100%
Clustering 100%
Sorting clusters 100%
Writing clusters 100%
Clusters: 97 Size min 1, max 26, avg 1.8
Singletons: 79, 46.2% of seqs, 81.4% of clusters
Multiple alignments 100%
vsearch v2.30.0_linux_x86_64, 94.1GB RAM, 24 cores
https://github.com/torognes/vsearch

Reading file results/clustering/cdr/Amostra1_illu_VH/cdr3_clusters/2a1a6e3b-180d-4602-8ae0-6afea0181b81-IGH.fasta 100%
264 nt in 6 seqs, min 36, max 48, avg 44
Masking 100%
Sorting by length 100%
Counting k-mers 100%
Clustering 100%
Sorting clusters 100%
Writing clusters 100%
Clusters: 6 Size min 1, max 1, avg 1.0
Singletons: 6, 100.0% of seqs, 100.0% of clusters
Multiple alignments 100%
vsearch v2.30.0_linux_x86_64, 94.1GB RAM, 24 cores
https://github.com/torognes/vsearch

Reading file results/clustering/cdr/Amostra1_illu_VH/cdr3_clusters/61b0946d-8fdb-452b-ab8a-e54f9d6c289a-IGH.fasta 100%
204904 nt in 4656 seqs, min 32, max 72, avg 44
minseqlength 6: 10 sequences discarded.
Masking 100%
Sorting by length 100%
Counting k-mers 100%
Clustering 100%
Sorting clusters 100%
Writing clusters 100%
Clusters: 3444 Size min 1, max 22, avg 1.4
Singletons: 2788, 59.9% of seqs, 81.0% of clusters
Multiple alignments 100%
vsearch v2.30.0_linux_x86_64, 94.1GB RAM, 24 cores
https://github.com/torognes/vsearch

Reading file results/clustering/cdr/Amostra1_illu_VH/cdr3_clusters/d3a2b904-1ea3-405b-95aa-f91f3312bba1-IGH.fasta 100%
7766 nt in 202 seqs, min 15, max 54, avg 38
minseqlength 6: 3 sequences discarded.
Masking 100%
Sorting by length 100%
Counting k-mers 100%
Clustering 100%
Sorting clusters 100%
Writing clusters 100%
Clusters: 188 Size min 1, max 3, avg 1.1
Singletons: 175, 86.6% of seqs, 93.1% of clusters
Multiple alignments 100%
vsearch v2.30.0_linux_x86_64, 94.1GB RAM, 24 cores
https://github.com/torognes/vsearch

Reading file results/clustering/cdr/Amostra1_illu_VH/cdr3_clusters/97d3753e-161b-486c-ac4f-4a67500bc29f-IGH.fasta 100%
417 nt in 15 seqs, min 24, max 30, avg 28
Masking 100%
Sorting by length 100%
Counting k-mers 100%
Clustering 100%
Sorting clusters 100%
Writing clusters 100%
Clusters: 14 Size min 1, max 2, avg 1.1
Singletons: 13, 86.7% of seqs, 92.9% of clusters
Multiple alignments 100%
vsearch v2.30.0_linux_x86_64, 94.1GB RAM, 24 cores
https://github.com/torognes/vsearch

Reading file results/clustering/cdr/Amostra1_illu_VH/cdr3_clusters/6f3ea3e3-a85a-4857-b526-6a55bd076400-IGH.fasta 100%
831 nt in 25 seqs, min 24, max 42, avg 33
Masking 100%
Sorting by length 100%
Counting k-mers 100%
Clustering 100%
Sorting clusters 100%
Writing clusters 100%
Clusters: 24 Size min 1, max 2, avg 1.0
Singletons: 23, 92.0% of seqs, 95.8% of clusters
Multiple alignments 100%
vsearch v2.30.0_linux_x86_64, 94.1GB RAM, 24 cores
https://github.com/torognes/vsearch

Reading file results/clustering/cdr/Amostra1_illu_VH/cdr3_clusters/98774b3c-ddad-43a1-9bb1-2f3e543b913a-IGH.fasta 100%
159 nt in 6 seqs, min 18, max 30, avg 26
Masking 100%
Sorting by length 100%
Counting k-mers 100%
Clustering 100%
Sorting clusters 100%
Writing clusters 100%
Clusters: 4 Size min 1, max 2, avg 1.5
Singletons: 2, 33.3% of seqs, 50.0% of clusters
Multiple alignments 100%
vsearch v2.30.0_linux_x86_64, 94.1GB RAM, 24 cores
https://github.com/torognes/vsearch

Reading file results/clustering/cdr/Amostra1_illu_VH/cdr3_clusters/575a68ec-213a-4753-86fa-5475b54837b0-IGH.fasta 100%
282 nt in 7 seqs, min 33, max 51, avg 40
Masking 100%
Sorting by length 100%
Counting k-mers 100%
Clustering 100%
Sorting clusters 100%
Writing clusters 100%
Clusters: 5 Size min 1, max 2, avg 1.4
Singletons: 3, 42.9% of seqs, 60.0% of clusters
Multiple alignments 100%
vsearch v2.30.0_linux_x86_64, 94.1GB RAM, 24 cores
https://github.com/torognes/vsearch

Reading file results/clustering/cdr/Amostra1_illu_VH/cdr3_clusters/d59ff76a-1beb-4718-8af9-1d78e9b57585-IGH.fasta 100%
303 nt in 7 seqs, min 33, max 54, avg 43
Masking 100%
Sorting by length 100%
Counting k-mers 100%
Clustering 100%
Sorting clusters 100%
Writing clusters 100%
Clusters: 6 Size min 1, max 2, avg 1.2
Singletons: 5, 71.4% of seqs, 83.3% of clusters
Multiple alignments 100%
vsearch v2.30.0_linux_x86_64, 94.1GB RAM, 24 cores
https://github.com/torognes/vsearch

Reading file results/clustering/cdr/Amostra1_illu_VH/cdr3_clusters/2b2568e2-7148-405b-bf5a-4ae15fe1fa95-IGH.fasta 100%
78301 nt in 1898 seqs, min 21, max 60, avg 41
minseqlength 6: 4 sequences discarded.
Masking 100%
Sorting by length 100%
Counting k-mers 100%
Clustering 100%
Sorting clusters 100%
Writing clusters 100%
Clusters: 1450 Size min 1, max 25, avg 1.3
Singletons: 1220, 64.3% of seqs, 84.1% of clusters
Multiple alignments 100%
vsearch v2.30.0_linux_x86_64, 94.1GB RAM, 24 cores
https://github.com/torognes/vsearch

Reading file results/clustering/cdr/Amostra1_illu_VH/cdr3_clusters/9d0daefa-a92b-4bb9-8be9-1205cd3ee951-IGH.fasta 100%
11318 nt in 348 seqs, min 18, max 51, avg 33
minseqlength 6: 4 sequences discarded.
Masking 100%
Sorting by length 100%
Counting k-mers 100%
Clustering 100%
Sorting clusters 100%
Writing clusters 100%
Clusters: 225 Size min 1, max 33, avg 1.5
Singletons: 196, 56.3% of seqs, 87.1% of clusters
Multiple alignments 100%
vsearch v2.30.0_linux_x86_64, 94.1GB RAM, 24 cores
https://github.com/torognes/vsearch

Reading file results/clustering/cdr/Amostra1_illu_VH/cdr3_clusters/51037c22-9f35-4dbd-b895-34b6f90912fa-IGH.fasta 100%
4111 nt in 115 seqs, min 24, max 55, avg 36
minseqlength 6: 2 sequences discarded.
Masking 100%
Sorting by length 100%
Counting k-mers 100%
Clustering 100%
Sorting clusters 100%
Writing clusters 100%
Clusters: 53 Size min 1, max 21, avg 2.2
Singletons: 38, 33.0% of seqs, 71.7% of clusters
Multiple alignments 100%
vsearch v2.30.0_linux_x86_64, 94.1GB RAM, 24 cores
https://github.com/torognes/vsearch

Reading file results/clustering/cdr/Amostra1_illu_VH/cdr3_clusters/e8f9bba8-8a0e-452a-9a9e-6707bb09a457-IGH.fasta 100%
948 nt in 22 seqs, min 30, max 45, avg 43
Masking 100%
Sorting by length 100%
Counting k-mers 100%
Clustering 100%
Sorting clusters 100%
Writing clusters 100%
Clusters: 5 Size min 1, max 18, avg 4.4
Singletons: 4, 18.2% of seqs, 80.0% of clusters
Multiple alignments 100%
vsearch v2.30.0_linux_x86_64, 94.1GB RAM, 24 cores
https://github.com/torognes/vsearch

Reading file results/clustering/cdr/Amostra1_illu_VH/cdr3_clusters/e085bb11-9075-4435-aa26-e8efcb7d4264-IGH.fasta 100%
26887 nt in 986 seqs, min 8, max 42, avg 27
minseqlength 6: 84 sequences discarded.
Masking 100%
Sorting by length 100%
Counting k-mers 100%
Clustering 100%
Sorting clusters 100%
Writing clusters 100%
Clusters: 468 Size min 1, max 167, avg 2.1
Singletons: 386, 39.1% of seqs, 82.5% of clusters
Multiple alignments 100%
vsearch v2.30.0_linux_x86_64, 94.1GB RAM, 24 cores
https://github.com/torognes/vsearch

Reading file results/clustering/cdr/Amostra1_illu_VH/cdr3_clusters/0a43fadd-b73b-4ee1-96a2-196baf4eeff2-IGH.fasta 100%
699 nt in 26 seqs, min 14, max 39, avg 27
minseqlength 6: 1 sequence discarded.
Masking 100%
Sorting by length 100%
Counting k-mers 100%
Clustering 100%
Sorting clusters 100%
Writing clusters 100%
Clusters: 20 Size min 1, max 3, avg 1.3
Singletons: 15, 57.7% of seqs, 75.0% of clusters
Multiple alignments 100%
vsearch v2.30.0_linux_x86_64, 94.1GB RAM, 24 cores
https://github.com/torognes/vsearch

Reading file results/clustering/cdr/Amostra1_illu_VH/cdr3_clusters/ac7167e3-519b-4f23-9647-75725adca1c5-IGH.fasta 100%
122153 nt in 2891 seqs, min 30, max 72, avg 42
minseqlength 6: 6 sequences discarded.
Masking 100%
Sorting by length 100%
Counting k-mers 100%
Clustering 100%
Sorting clusters 100%
Writing clusters 100%
Clusters: 2165 Size min 1, max 106, avg 1.3
Singletons: 1836, 63.5% of seqs, 84.8% of clusters
Multiple alignments 100%
vsearch v2.30.0_linux_x86_64, 94.1GB RAM, 24 cores
https://github.com/torognes/vsearch

Reading file results/clustering/cdr/Amostra1_illu_VH/cdr3_clusters/d769f834-14be-45de-85f8-29db789a5bc9-IGH.fasta 100%
504 nt in 21 seqs, min 24, max 24, avg 24
minseqlength 6: 4 sequences discarded.
Masking 100%
Sorting by length 100%
Counting k-mers 100%
Clustering 100%
Sorting clusters 100%
Writing clusters 100%
Clusters: 5 Size min 1, max 17, avg 4.2
Singletons: 4, 19.0% of seqs, 80.0% of clusters
Multiple alignments 100%
vsearch v2.30.0_linux_x86_64, 94.1GB RAM, 24 cores
https://github.com/torognes/vsearch

Reading file results/clustering/cdr/Amostra1_illu_VH/cdr3_clusters/0eee95dd-a847-4364-b2ea-7341c9ab9bf9-IGH.fasta 100%
5498 nt in 207 seqs, min 18, max 27, avg 27
minseqlength 6: 1 sequence discarded.
Masking 100%
Sorting by length 100%
Counting k-mers 100%
Clustering 100%
Sorting clusters 100%
Writing clusters 100%
Clusters: 35 Size min 1, max 164, avg 5.9
Singletons: 28, 13.5% of seqs, 80.0% of clusters
Multiple alignments 100%
vsearch v2.30.0_linux_x86_64, 94.1GB RAM, 24 cores
https://github.com/torognes/vsearch

Reading file results/clustering/cdr/Amostra1_illu_VH/cdr3_clusters/11e56ab3-9c36-4f51-ab60-05b764282797-IGH.fasta 100%
167 nt in 7 seqs, min 23, max 24, avg 24
Masking 100%
Sorting by length 100%
Counting k-mers 100%
Clustering 100%
Sorting clusters 100%
Writing clusters 100%
Clusters: 4 Size min 1, max 3, avg 1.8
Singletons: 2, 28.6% of seqs, 50.0% of clusters
Multiple alignments 100%
vsearch v2.30.0_linux_x86_64, 94.1GB RAM, 24 cores
https://github.com/torognes/vsearch

Reading file results/clustering/cdr/Amostra1_illu_VH/cdr3_clusters/0ab54a1a-289f-4cc4-930e-fe6c19153fa8-IGH.fasta 100%
224 nt in 6 seqs, min 24, max 50, avg 37
Masking 100%
Sorting by length 100%
Counting k-mers 100%
Clustering 100%
Sorting clusters 100%
Writing clusters 100%
Clusters: 6 Size min 1, max 1, avg 1.0
Singletons: 6, 100.0% of seqs, 100.0% of clusters
Multiple alignments 100%
vsearch v2.30.0_linux_x86_64, 94.1GB RAM, 24 cores
https://github.com/torognes/vsearch

Reading file results/clustering/cdr/Amostra1_illu_VH/cdr3_clusters/c4b16fa7-a973-41cb-8c08-420e2c5c9a30-IGH.fasta 100%
798 nt in 18 seqs, min 39, max 45, avg 44
Masking 100%
Sorting by length 100%
Counting k-mers 100%
Clustering 100%
Sorting clusters 100%
Writing clusters 100%
Clusters: 4 Size min 1, max 14, avg 4.5
Singletons: 2, 11.1% of seqs, 50.0% of clusters
Multiple alignments 100%
vsearch v2.30.0_linux_x86_64, 94.1GB RAM, 24 cores
https://github.com/torognes/vsearch

Reading file results/clustering/cdr/Amostra1_illu_VH/cdr3_clusters/918b0514-4520-40cc-83ca-35ef46aa7771-IGH.fasta 100%
1206 nt in 29 seqs, min 27, max 57, avg 42
minseqlength 6: 1 sequence discarded.
Masking 100%
Sorting by length 100%
Counting k-mers 100%
Clustering 100%
Sorting clusters 100%
Writing clusters 100%
Clusters: 26 Size min 1, max 3, avg 1.1
Singletons: 24, 82.8% of seqs, 92.3% of clusters
Multiple alignments 100%
vsearch v2.30.0_linux_x86_64, 94.1GB RAM, 24 cores
https://github.com/torognes/vsearch

Reading file results/clustering/cdr/Amostra1_illu_VH/cdr3_clusters/691257e3-1adf-4b21-ab26-d0fe0e3c6f8d-IGH.fasta 100%
724 nt in 16 seqs, min 24, max 60, avg 45
Masking 100%
Sorting by length 100%
Counting k-mers 100%
Clustering 100%
Sorting clusters 100%
Writing clusters 100%
Clusters: 14 Size min 1, max 2, avg 1.1
Singletons: 12, 75.0% of seqs, 85.7% of clusters
Multiple alignments 100%
vsearch v2.30.0_linux_x86_64, 94.1GB RAM, 24 cores
https://github.com/torognes/vsearch

Reading file results/clustering/cdr/Amostra1_illu_VH/cdr3_clusters/5a227b68-d2ec-48db-aaa5-e03ca1474e56-IGH.fasta 100%
30247 nt in 603 seqs, min 39, max 78, avg 50
minseqlength 6: 1 sequence discarded.
Masking 100%
Sorting by length 100%
Counting k-mers 100%
Clustering 100%
Sorting clusters 100%
Writing clusters 100%
Clusters: 477 Size min 1, max 14, avg 1.3
Singletons: 405, 67.2% of seqs, 84.9% of clusters
Multiple alignments 100%
vsearch v2.30.0_linux_x86_64, 94.1GB RAM, 24 cores
https://github.com/torognes/vsearch

Reading file results/clustering/cdr/Amostra1_illu_VH/cdr3_clusters/1e5c2586-3fc4-4365-b5fa-0825b3265f02-IGH.fasta 100%
176 nt in 5 seqs, min 30, max 39, avg 35
Masking 100%
Sorting by length 100%
Counting k-mers 100%
Clustering 100%
Sorting clusters 100%
Writing clusters 100%
Clusters: 4 Size min 1, max 2, avg 1.2
Singletons: 3, 60.0% of seqs, 75.0% of clusters
Multiple alignments 100%
vsearch v2.30.0_linux_x86_64, 94.1GB RAM, 24 cores
https://github.com/torognes/vsearch

Reading file results/clustering/cdr/Amostra1_illu_VH/cdr3_clusters/478630bb-3af0-4808-8b2a-6ee162c75bfa-IGH.fasta 100%
279 nt in 9 seqs, min 24, max 33, avg 31
Masking 100%
Sorting by length 100%
Counting k-mers 100%
Clustering 100%
Sorting clusters 100%
Writing clusters 100%
Clusters: 5 Size min 1, max 4, avg 1.8
Singletons: 3, 33.3% of seqs, 60.0% of clusters
Multiple alignments 100%
vsearch v2.30.0_linux_x86_64, 94.1GB RAM, 24 cores
https://github.com/torognes/vsearch

Reading file results/clustering/cdr/Amostra1_illu_VH/cdr3_clusters/a81730bb-9a97-423d-9cfc-a2736b401eb5-IGH.fasta 100%
236 nt in 7 seqs, min 27, max 48, avg 34
Masking 100%
Sorting by length 100%
Counting k-mers 100%
Clustering 100%
Sorting clusters 100%
Writing clusters 100%
Clusters: 6 Size min 1, max 2, avg 1.2
Singletons: 5, 71.4% of seqs, 83.3% of clusters
Multiple alignments 100%
vsearch v2.30.0_linux_x86_64, 94.1GB RAM, 24 cores
https://github.com/torognes/vsearch

Reading file results/clustering/cdr/Amostra1_illu_VH/cdr3_clusters/99962b04-3198-438b-b104-99d71fc592ef-IGH.fasta 100%
261 nt in 8 seqs, min 15, max 42, avg 33
Masking 100%
Sorting by length 100%
Counting k-mers 100%
Clustering 100%
Sorting clusters 100%
Writing clusters 100%
Clusters: 7 Size min 1, max 2, avg 1.1
Singletons: 6, 75.0% of seqs, 85.7% of clusters
Multiple alignments 100%
vsearch v2.30.0_linux_x86_64, 94.1GB RAM, 24 cores
https://github.com/torognes/vsearch

Reading file results/clustering/cdr/Amostra1_illu_VH/cdr3_clusters/7ffe9e63-c681-4a1f-bf41-a3823bd0dbee-IGH.fasta 100%
11729 nt in 376 seqs, min 11, max 45, avg 31
minseqlength 6: 3 sequences discarded.
Masking 100%
Sorting by length 100%
Counting k-mers 100%
Clustering 100%
Sorting clusters 100%
Writing clusters 100%
Clusters: 249 Size min 1, max 77, avg 1.5
Singletons: 222, 59.0% of seqs, 89.2% of clusters
Multiple alignments 100%
vsearch v2.30.0_linux_x86_64, 94.1GB RAM, 24 cores
https://github.com/torognes/vsearch

Reading file results/clustering/cdr/Amostra1_illu_VH/cdr3_clusters/68dc9e91-82e3-4495-ab05-30135cce2c45-IGH.fasta 100%
3555 nt in 66 seqs, min 36, max 69, avg 54
Masking 100%
Sorting by length 100%
Counting k-mers 100%
Clustering 100%
Sorting clusters 100%
Writing clusters 100%
Clusters: 57 Size min 1, max 4, avg 1.2
Singletons: 51, 77.3% of seqs, 89.5% of clusters
Multiple alignments 100%
vsearch v2.30.0_linux_x86_64, 94.1GB RAM, 24 cores
https://github.com/torognes/vsearch

Reading file results/clustering/cdr/Amostra1_illu_VH/cdr3_clusters/efc69287-21a9-4a8b-84a7-8c824d07621c-IGH.fasta 100%
92 nt in 4 seqs, min 14, max 45, avg 23
minseqlength 6: 2 sequences discarded.
Masking 100%
Sorting by length 100%
Counting k-mers 100%
Clustering 100%
Sorting clusters 100%
Writing clusters 100%
Clusters: 4 Size min 1, max 1, avg 1.0
Singletons: 4, 100.0% of seqs, 100.0% of clusters
Multiple alignments 100%
vsearch v2.30.0_linux_x86_64, 94.1GB RAM, 24 cores
https://github.com/torognes/vsearch

Reading file results/clustering/cdr/Amostra1_illu_VH/cdr3_clusters/1548ec04-2738-4512-911b-7460b79ebee2-IGH.fasta 100%
4075 nt in 114 seqs, min 15, max 56, avg 36
minseqlength 6: 1 sequence discarded.
Masking 100%
Sorting by length 100%
Counting k-mers 100%
Clustering 100%
Sorting clusters 100%
Writing clusters 100%
Clusters: 93 Size min 1, max 8, avg 1.2
Singletons: 83, 72.8% of seqs, 89.2% of clusters
Multiple alignments 100%
vsearch v2.30.0_linux_x86_64, 94.1GB RAM, 24 cores
https://github.com/torognes/vsearch

Reading file results/clustering/cdr/Amostra1_illu_VH/cdr3_clusters/0e8b6c4f-f2b2-4283-a559-3b579b1a79b1-IGK.fasta 100%
1616 nt in 59 seqs, min 24, max 30, avg 27
Masking 100%
Sorting by length 100%
Counting k-mers 100%
Clustering 100%
Sorting clusters 100%
Writing clusters 100%
Clusters: 20 Size min 1, max 23, avg 3.0
Singletons: 14, 23.7% of seqs, 70.0% of clusters
Multiple alignments 100%
vsearch v2.30.0_linux_x86_64, 94.1GB RAM, 24 cores
https://github.com/torognes/vsearch

Reading file results/clustering/cdr/Amostra1_illu_VH/cdr3_clusters/6147cadf-0953-472f-9f22-00028c9c802a-IGH.fasta 100%
9648 nt in 325 seqs, min 21, max 48, avg 30
minseqlength 6: 2 sequences discarded.
Masking 100%
Sorting by length 100%
Counting k-mers 100%
Clustering 100%
Sorting clusters 100%
Writing clusters 100%
Clusters: 177 Size min 1, max 37, avg 1.8
Singletons: 140, 43.1% of seqs, 79.1% of clusters
Multiple alignments 100%
vsearch v2.30.0_linux_x86_64, 94.1GB RAM, 24 cores
https://github.com/torognes/vsearch

Reading file results/clustering/cdr/Amostra1_illu_VH/cdr3_clusters/72d0c647-33cc-4f9e-9a96-426bf34b20cf-IGH.fasta 100%
1202 nt in 48 seqs, min 18, max 39, avg 25
minseqlength 6: 4 sequences discarded.
Masking 100%
Sorting by length 100%
Counting k-mers 100%
Clustering 100%
Sorting clusters 100%
Writing clusters 100%
Clusters: 37 Size min 1, max 5, avg 1.3
Singletons: 30, 62.5% of seqs, 81.1% of clusters
Multiple alignments 100%
vsearch v2.30.0_linux_x86_64, 94.1GB RAM, 24 cores
https://github.com/torognes/vsearch

Reading file results/clustering/cdr/Amostra1_illu_VH/cdr3_clusters/01fd991b-ef8c-43c2-b7be-3e64eccecc16-IGH.fasta 100%
55057 nt in 1836 seqs, min 15, max 45, avg 30
minseqlength 6: 9 sequences discarded.
Masking 100%
Sorting by length 100%
Counting k-mers 100%
Clustering 100%
Sorting clusters 100%
Writing clusters 100%
Clusters: 147 Size min 1, max 1559, avg 12.5
Singletons: 111, 6.0% of seqs, 75.5% of clusters
Multiple alignments 100%
vsearch v2.30.0_linux_x86_64, 94.1GB RAM, 24 cores
https://github.com/torognes/vsearch

Reading file results/clustering/cdr/Amostra1_illu_VH/cdr3_clusters/0d9838e3-4bea-4eff-86c7-1cc245c9e59d-IGH.fasta 100%
851 nt in 19 seqs, min 30, max 69, avg 45
Masking 100%
Sorting by length 100%
Counting k-mers 100%
Clustering 100%
Sorting clusters 100%
Writing clusters 100%
Clusters: 17 Size min 1, max 2, avg 1.1
Singletons: 15, 78.9% of seqs, 88.2% of clusters
Multiple alignments 100%
vsearch v2.30.0_linux_x86_64, 94.1GB RAM, 24 cores
https://github.com/torognes/vsearch

Reading file results/clustering/cdr/Amostra1_illu_VH/cdr3_clusters/33730afd-7636-4f56-938f-a3a4910642fc-IGH.fasta 100%
2237 nt in 70 seqs, min 15, max 51, avg 32
minseqlength 6: 1 sequence discarded.
Masking 100%
Sorting by length 100%
Counting k-mers 100%
Clustering 100%
Sorting clusters 100%
Writing clusters 100%
Clusters: 59 Size min 1, max 4, avg 1.2
Singletons: 52, 74.3% of seqs, 88.1% of clusters
Multiple alignments 100%
vsearch v2.30.0_linux_x86_64, 94.1GB RAM, 24 cores
https://github.com/torognes/vsearch

Reading file results/clustering/cdr/Amostra1_illu_VH/cdr3_clusters/2e154e58-26c9-4fec-a2d1-ebaceca94ca6-IGH.fasta 100%
1395 nt in 36 seqs, min 27, max 48, avg 39
Masking 100%
Sorting by length 100%
Counting k-mers 100%
Clustering 100%
Sorting clusters 100%
Writing clusters 100%
Clusters: 17 Size min 1, max 19, avg 2.1
Singletons: 15, 41.7% of seqs, 88.2% of clusters
Multiple alignments 100%
vsearch v2.30.0_linux_x86_64, 94.1GB RAM, 24 cores
https://github.com/torognes/vsearch

Reading file results/clustering/cdr/Amostra1_illu_VH/cdr3_clusters/3d956103-561d-4573-8863-b81bee9210a8-IGH.fasta 100%
1061 nt in 31 seqs, min 27, max 36, avg 34
Masking 100%
Sorting by length 100%
Counting k-mers 100%
Clustering 100%
Sorting clusters 100%
Writing clusters 100%
Clusters: 5 Size min 1, max 23, avg 6.2
Singletons: 3, 9.7% of seqs, 60.0% of clusters
Multiple alignments 100%
vsearch v2.30.0_linux_x86_64, 94.1GB RAM, 24 cores
https://github.com/torognes/vsearch

Reading file results/clustering/cdr/Amostra1_illu_VH/cdr3_clusters/5ed84bcb-d144-4a9e-8576-b50530bcdb11-IGH.fasta 100%
5198 nt in 144 seqs, min 30, max 66, avg 36
Masking 100%
Sorting by length 100%
Counting k-mers 100%
Clustering 100%
Sorting clusters 100%
Writing clusters 100%
Clusters: 126 Size min 1, max 5, avg 1.1
Singletons: 113, 78.5% of seqs, 89.7% of clusters
Multiple alignments 100%
vsearch v2.30.0_linux_x86_64, 94.1GB RAM, 24 cores
https://github.com/torognes/vsearch

Reading file results/clustering/cdr/Amostra1_illu_VH/cdr3_clusters/21604a8a-9dea-45e9-af3c-be12fbbb9c51-IGH.fasta 100%
183 nt in 7 seqs, min 24, max 27, avg 26
Masking 100%
Sorting by length 100%
Counting k-mers 100%
Clustering 100%
Sorting clusters 100%
Writing clusters 100%
Clusters: 6 Size min 1, max 2, avg 1.2
Singletons: 5, 71.4% of seqs, 83.3% of clusters
Multiple alignments 100%
vsearch v2.30.0_linux_x86_64, 94.1GB RAM, 24 cores
https://github.com/torognes/vsearch

Reading file results/clustering/cdr/Amostra1_illu_VH/cdr3_clusters/6b7cc6da-f168-4a46-aefa-4785c8007302-IGK.fasta 100%
177 nt in 6 seqs, min 22, max 34, avg 30
Masking 100%
Sorting by length 100%
Counting k-mers 100%
Clustering 100%
Sorting clusters 100%
Writing clusters 100%
Clusters: 6 Size min 1, max 1, avg 1.0
Singletons: 6, 100.0% of seqs, 100.0% of clusters
Multiple alignments 100%
vsearch v2.30.0_linux_x86_64, 94.1GB RAM, 24 cores
https://github.com/torognes/vsearch

Reading file results/clustering/cdr/Amostra1_illu_VH/cdr3_clusters/5393fd49-a563-4dcb-97a4-8ba79e2fe542-IGH.fasta 100%
3075 nt in 94 seqs, min 18, max 54, avg 33
minseqlength 6: 23 sequences discarded.
Masking 100%
Sorting by length 100%
Counting k-mers 100%
Clustering 100%
Sorting clusters 100%
Writing clusters 100%
Clusters: 52 Size min 1, max 36, avg 1.8
Singletons: 47, 50.0% of seqs, 90.4% of clusters
Multiple alignments 100%
vsearch v2.30.0_linux_x86_64, 94.1GB RAM, 24 cores
https://github.com/torognes/vsearch

Reading file results/clustering/cdr/Amostra1_illu_VH/cdr3_clusters/d859de74-8762-4703-aa33-2f3af52eab54-IGH.fasta 100%
2379 nt in 55 seqs, min 18, max 57, avg 43
Masking 100%
Sorting by length 100%
Counting k-mers 100%
Clustering 100%
Sorting clusters 100%
Writing clusters 100%
Clusters: 50 Size min 1, max 3, avg 1.1
Singletons: 47, 85.5% of seqs, 94.0% of clusters
Multiple alignments 100%
vsearch v2.30.0_linux_x86_64, 94.1GB RAM, 24 cores
https://github.com/torognes/vsearch

Reading file results/clustering/cdr/Amostra1_illu_VH/cdr3_clusters/12de720c-b4ba-415f-aeac-068ad5875911-IGH.fasta 100%
180 nt in 6 seqs, min 24, max 42, avg 30
Masking 100%
Sorting by length 100%
Counting k-mers 100%
Clustering 100%
Sorting clusters 100%
Writing clusters 100%
Clusters: 6 Size min 1, max 1, avg 1.0
Singletons: 6, 100.0% of seqs, 100.0% of clusters
Multiple alignments 100%
vsearch v2.30.0_linux_x86_64, 94.1GB RAM, 24 cores
https://github.com/torognes/vsearch

Reading file results/clustering/cdr/Amostra1_illu_VH/cdr3_clusters/702c2e67-6574-48e6-8806-5a885b4eeef9-IGH.fasta 100%
1449 nt in 32 seqs, min 24, max 57, avg 45
Masking 100%
Sorting by length 100%
Counting k-mers 100%
Clustering 100%
Sorting clusters 100%
Writing clusters 100%
Clusters: 11 Size min 1, max 18, avg 2.9
Singletons: 7, 21.9% of seqs, 63.6% of clusters
Multiple alignments 100%
vsearch v2.30.0_linux_x86_64, 94.1GB RAM, 24 cores
https://github.com/torognes/vsearch

Reading file results/clustering/cdr/Amostra1_illu_VH/cdr3_clusters/e950e5ae-92a6-41a4-a927-6ed20810a18d-IGH.fasta 100%
1156 nt in 39 seqs, min 15, max 39, avg 30
minseqlength 6: 8 sequences discarded.
Masking 100%
Sorting by length 100%
Counting k-mers 100%
Clustering 100%
Sorting clusters 100%
Writing clusters 100%
Clusters: 34 Size min 1, max 3, avg 1.1
Singletons: 30, 76.9% of seqs, 88.2% of clusters
Multiple alignments 100%
vsearch v2.30.0_linux_x86_64, 94.1GB RAM, 24 cores
https://github.com/torognes/vsearch

Reading file results/clustering/cdr/Amostra1_illu_VH/cdr3_clusters/3ada99e0-c61f-4ddf-a87f-362e11d045b0-IGH.fasta 100%
219 nt in 8 seqs, min 24, max 33, avg 27
Masking 100%
Sorting by length 100%
Counting k-mers 100%
Clustering 100%
Sorting clusters 100%
Writing clusters 100%
Clusters: 8 Size min 1, max 1, avg 1.0
Singletons: 8, 100.0% of seqs, 100.0% of clusters
Multiple alignments 100%
vsearch v2.30.0_linux_x86_64, 94.1GB RAM, 24 cores
https://github.com/torognes/vsearch

Reading file results/clustering/cdr/Amostra1_illu_VH/cdr3_clusters/86e3221a-2603-454f-96e0-c5572447714c-IGK.fasta 100%
0 nt in 0 seqs
minseqlength 6: 7 sequences discarded.
Masking 100%
Sorting by length 100%
Counting k-mers 100%
Clustering 100%
Sorting clusters 100%
Writing clusters 100%
Clusters: 0
Singletons: 0
Multiple alignments 100%
vsearch v2.30.0_linux_x86_64, 94.1GB RAM, 24 cores
https://github.com/torognes/vsearch

Reading file results/clustering/cdr/Amostra1_illu_VH/cdr3_clusters/2717f7bb-6c18-41cb-b037-48b43efb807b-IGH.fasta 100%
2813 nt in 76 seqs, min 27, max 60, avg 37
Masking 100%
Sorting by length 100%
Counting k-mers 100%
Clustering 100%
Sorting clusters 100%
Writing clusters 100%
Clusters: 38 Size min 1, max 29, avg 2.0
Singletons: 33, 43.4% of seqs, 86.8% of clusters
Multiple alignments 100%
vsearch v2.30.0_linux_x86_64, 94.1GB RAM, 24 cores
https://github.com/torognes/vsearch

Reading file results/clustering/cdr/Amostra1_illu_VH/cdr3_clusters/65e9a062-b91b-4a74-a1af-7a3410a9cb29-IGH.fasta 100%
42844 nt in 870 seqs, min 36, max 78, avg 49
minseqlength 6: 1 sequence discarded.
Masking 100%
Sorting by length 100%
Counting k-mers 100%
Clustering 100%
Sorting clusters 100%
Writing clusters 100%
Clusters: 372 Size min 1, max 284, avg 2.3
Singletons: 303, 34.8% of seqs, 81.5% of clusters
Multiple alignments 100%
vsearch v2.30.0_linux_x86_64, 94.1GB RAM, 24 cores
https://github.com/torognes/vsearch

Reading file results/clustering/cdr/Amostra1_illu_VH/cdr3_clusters/09e99d90-a828-4fb6-997f-f9a27df27525-IGH.fasta 100%
11424 nt in 425 seqs, min 18, max 27, avg 27
minseqlength 6: 6 sequences discarded.
Masking 100%
Sorting by length 100%
Counting k-mers 100%
Clustering 100%
Sorting clusters 100%
Writing clusters 100%
Clusters: 55 Size min 1, max 252, avg 7.7
Singletons: 41, 9.6% of seqs, 74.5% of clusters
Multiple alignments 100%
vsearch v2.30.0_linux_x86_64, 94.1GB RAM, 24 cores
https://github.com/torognes/vsearch

Reading file results/clustering/cdr/Amostra1_illu_VH/cdr3_clusters/359473ff-bd02-47e5-b1e2-cd9ae8eefdad-IGH.fasta 100%
216 nt in 8 seqs, min 27, max 27, avg 27
minseqlength 6: 1 sequence discarded.
Masking 100%
Sorting by length 100%
Counting k-mers 100%
Clustering 100%
Sorting clusters 100%
Writing clusters 100%
Clusters: 2 Size min 1, max 7, avg 4.0
Singletons: 1, 12.5% of seqs, 50.0% of clusters
Multiple alignments 100%
vsearch v2.30.0_linux_x86_64, 94.1GB RAM, 24 cores
https://github.com/torognes/vsearch

Reading file results/clustering/cdr/Amostra1_illu_VH/cdr3_clusters/965f8c1e-bc12-46a5-af34-eea92f7a8527-IGH.fasta 100%
150 nt in 5 seqs, min 30, max 30, avg 30
minseqlength 6: 1 sequence discarded.
Masking 100%
Sorting by length 100%
Counting k-mers 100%
Clustering 100%
Sorting clusters 100%
Writing clusters 100%
Clusters: 1 Size min 5, max 5, avg 5.0
Singletons: 0, 0.0% of seqs, 0.0% of clusters
Multiple alignments 100%
vsearch v2.30.0_linux_x86_64, 94.1GB RAM, 24 cores
https://github.com/torognes/vsearch

Reading file results/clustering/cdr/Amostra1_illu_VH/cdr3_clusters/6a74c033-29fd-4055-97f0-4487c3bda951-IGH.fasta 100%
268 nt in 12 seqs, min 13, max 45, avg 22
minseqlength 6: 5 sequences discarded.
Masking 100%
Sorting by length 100%
Counting k-mers 100%
Clustering 100%
Sorting clusters 100%
Writing clusters 100%
Clusters: 10 Size min 1, max 2, avg 1.2
Singletons: 8, 66.7% of seqs, 80.0% of clusters
Multiple alignments 100%
vsearch v2.30.0_linux_x86_64, 94.1GB RAM, 24 cores
https://github.com/torognes/vsearch

Reading file results/clustering/cdr/Amostra1_illu_VH/cdr3_clusters/b199f8c2-8f6e-4f32-9868-b95f05c3f4b3-IGH.fasta 100%
110507 nt in 2410 seqs, min 33, max 78, avg 46
minseqlength 6: 5 sequences discarded.
Masking 100%
Sorting by length 100%
Counting k-mers 100%
Clustering 100%
Sorting clusters 100%
Writing clusters 100%
Clusters: 1668 Size min 1, max 45, avg 1.4
Singletons: 1339, 55.6% of seqs, 80.3% of clusters
Multiple alignments 100%
vsearch v2.30.0_linux_x86_64, 94.1GB RAM, 24 cores
https://github.com/torognes/vsearch

Reading file results/clustering/cdr/Amostra1_illu_VH/cdr3_clusters/247399e6-73c6-4b32-9aa1-508ca4fdfb65-IGH.fasta 100%
910 nt in 24 seqs, min 15, max 48, avg 38
Masking 100%
Sorting by length 100%
Counting k-mers 100%
Clustering 100%
Sorting clusters 100%
Writing clusters 100%
Clusters: 22 Size min 1, max 3, avg 1.1
Singletons: 21, 87.5% of seqs, 95.5% of clusters
Multiple alignments 100%
vsearch v2.30.0_linux_x86_64, 94.1GB RAM, 24 cores
https://github.com/torognes/vsearch

Reading file results/clustering/cdr/Amostra1_illu_VH/cdr3_clusters/cded9c64-3277-4437-bb62-c32a0ce6e56e-IGH.fasta 100%
7392 nt in 202 seqs, min 15, max 54, avg 37
minseqlength 6: 3 sequences discarded.
Masking 100%
Sorting by length 100%
Counting k-mers 100%
Clustering 100%
Sorting clusters 100%
Writing clusters 100%
Clusters: 173 Size min 1, max 7, avg 1.2
Singletons: 155, 76.7% of seqs, 89.6% of clusters
Multiple alignments 100%
vsearch v2.30.0_linux_x86_64, 94.1GB RAM, 24 cores
https://github.com/torognes/vsearch

Reading file results/clustering/cdr/Amostra1_illu_VH/cdr3_clusters/4d8e7831-5579-4bc0-b55e-029bce2cbe68-IGH.fasta 100%
582 nt in 13 seqs, min 33, max 60, avg 45
Masking 100%
Sorting by length 100%
Counting k-mers 100%
Clustering 100%
Sorting clusters 100%
Writing clusters 100%
Clusters: 8 Size min 1, max 6, avg 1.6
Singletons: 7, 53.8% of seqs, 87.5% of clusters
Multiple alignments 100%
vsearch v2.30.0_linux_x86_64, 94.1GB RAM, 24 cores
https://github.com/torognes/vsearch

Reading file results/clustering/cdr/Amostra1_illu_VH/cdr3_clusters/8b577c51-28c9-4bc5-b564-33d23aa6b69c-IGH.fasta 100%
12025 nt in 298 seqs, min 24, max 60, avg 40
minseqlength 6: 1 sequence discarded.
Masking 100%
Sorting by length 100%
Counting k-mers 100%
Clustering 100%
Sorting clusters 100%
Writing clusters 100%
Clusters: 248 Size min 1, max 7, avg 1.2
Singletons: 217, 72.8% of seqs, 87.5% of clusters
Multiple alignments 100%
vsearch v2.30.0_linux_x86_64, 94.1GB RAM, 24 cores
https://github.com/torognes/vsearch

Reading file results/clustering/cdr/Amostra1_illu_VH/cdr3_clusters/5771aa9a-419d-47cc-b953-50b2c5775d5d-IGH.fasta 100%
255 nt in 6 seqs, min 27, max 48, avg 42
Masking 100%
Sorting by length 100%
Counting k-mers 100%
Clustering 100%
Sorting clusters 100%
Writing clusters 100%
Clusters: 5 Size min 1, max 2, avg 1.2
Singletons: 4, 66.7% of seqs, 80.0% of clusters
Multiple alignments 100%
vsearch v2.30.0_linux_x86_64, 94.1GB RAM, 24 cores
https://github.com/torognes/vsearch

Reading file results/clustering/cdr/Amostra1_illu_VH/cdr3_clusters/5bc5c23b-a2cf-4446-be4d-cd52d8bd98fa-IGH.fasta 100%
11581 nt in 279 seqs, min 15, max 51, avg 42
minseqlength 6: 2 sequences discarded.
Masking 100%
Sorting by length 100%
Counting k-mers 100%
Clustering 100%
Sorting clusters 100%
Writing clusters 100%
Clusters: 164 Size min 1, max 41, avg 1.7
Singletons: 132, 47.3% of seqs, 80.5% of clusters
Multiple alignments 100%
vsearch v2.30.0_linux_x86_64, 94.1GB RAM, 24 cores
https://github.com/torognes/vsearch

Reading file results/clustering/cdr/Amostra1_illu_VH/cdr3_clusters/558bb733-adc9-4481-8c14-1f910b8a32e8-IGH.fasta 100%
312 nt in 11 seqs, min 18, max 36, avg 28
Masking 100%
Sorting by length 100%
Counting k-mers 100%
Clustering 100%
Sorting clusters 100%
Writing clusters 100%
Clusters: 10 Size min 1, max 2, avg 1.1
Singletons: 9, 81.8% of seqs, 90.0% of clusters
Multiple alignments 100%
vsearch v2.30.0_linux_x86_64, 94.1GB RAM, 24 cores
https://github.com/torognes/vsearch

Reading file results/clustering/cdr/Amostra1_illu_VH/cdr3_clusters/1c4486ef-a157-4849-95ec-402020dbddc9-IGH.fasta 100%
1113 nt in 31 seqs, min 33, max 36, avg 36
Masking 100%
Sorting by length 100%
Counting k-mers 100%
Clustering 100%
Sorting clusters 100%
Writing clusters 100%
Clusters: 2 Size min 1, max 30, avg 15.5
Singletons: 1, 3.2% of seqs, 50.0% of clusters
Multiple alignments 100%
vsearch v2.30.0_linux_x86_64, 94.1GB RAM, 24 cores
https://github.com/torognes/vsearch

Reading file results/clustering/cdr/Amostra1_illu_VH/cdr3_clusters/766e5dab-8546-4bd5-8e5a-7a1ec8731fe1-IGH.fasta 100%
1338 nt in 28 seqs, min 36, max 69, avg 48
Masking 100%
Sorting by length 100%
Counting k-mers 100%
Clustering 100%
Sorting clusters 100%
Writing clusters 100%
Clusters: 23 Size min 1, max 4, avg 1.2
Singletons: 20, 71.4% of seqs, 87.0% of clusters
Multiple alignments 100%
vsearch v2.30.0_linux_x86_64, 94.1GB RAM, 24 cores
https://github.com/torognes/vsearch

Reading file results/clustering/cdr/Amostra1_illu_VH/cdr3_clusters/f04fd289-af87-4624-a73d-fac5992866b9-IGH.fasta 100%
228 nt in 8 seqs, min 24, max 48, avg 28
Masking 100%
Sorting by length 100%
Counting k-mers 100%
Clustering 100%
Sorting clusters 100%
Writing clusters 100%
Clusters: 7 Size min 1, max 2, avg 1.1
Singletons: 6, 75.0% of seqs, 85.7% of clusters
Multiple alignments 100%
vsearch v2.30.0_linux_x86_64, 94.1GB RAM, 24 cores
https://github.com/torognes/vsearch

Reading file results/clustering/cdr/Amostra1_illu_VH/cdr3_clusters/a4eeea2b-024d-4f65-820d-7b5c2e8707dd-IGH.fasta 100%
910 nt in 22 seqs, min 27, max 60, avg 41
minseqlength 6: 1 sequence discarded.
Masking 100%
Sorting by length 100%
Counting k-mers 100%
Clustering 100%
Sorting clusters 100%
Writing clusters 100%
Clusters: 20 Size min 1, max 2, avg 1.1
Singletons: 18, 81.8% of seqs, 90.0% of clusters
Multiple alignments 100%
vsearch v2.30.0_linux_x86_64, 94.1GB RAM, 24 cores
https://github.com/torognes/vsearch

Reading file results/clustering/cdr/Amostra1_illu_VH/cdr3_clusters/a9ff3264-9d08-4baf-99dd-7bbdd43a15e8-IGH.fasta 100%
366 nt in 9 seqs, min 24, max 63, avg 41
Masking 100%
Sorting by length 100%
Counting k-mers 100%
Clustering 100%
Sorting clusters 100%
Writing clusters 100%
Clusters: 8 Size min 1, max 2, avg 1.1
Singletons: 7, 77.8% of seqs, 87.5% of clusters
Multiple alignments 100%
vsearch v2.30.0_linux_x86_64, 94.1GB RAM, 24 cores
https://github.com/torognes/vsearch

Reading file results/clustering/cdr/Amostra1_illu_VH/cdr3_clusters/5739ea34-075d-4595-b0bf-f8ff8d657587-IGH.fasta 100%
497 nt in 18 seqs, min 18, max 32, avg 28
Masking 100%
Sorting by length 100%
Counting k-mers 100%
Clustering 100%
Sorting clusters 100%
Writing clusters 100%
Clusters: 17 Size min 1, max 2, avg 1.1
Singletons: 16, 88.9% of seqs, 94.1% of clusters
Multiple alignments 100%
vsearch v2.30.0_linux_x86_64, 94.1GB RAM, 24 cores
https://github.com/torognes/vsearch

Reading file results/clustering/cdr/Amostra1_illu_VH/cdr3_clusters/55428c62-c67a-4a8a-b6eb-ecc47edc24fe-IGH.fasta 100%
813 nt in 20 seqs, min 27, max 58, avg 41
Masking 100%
Sorting by length 100%
Counting k-mers 100%
Clustering 100%
Sorting clusters 100%
Writing clusters 100%
Clusters: 17 Size min 1, max 2, avg 1.2
Singletons: 14, 70.0% of seqs, 82.4% of clusters
Multiple alignments 100%
vsearch v2.30.0_linux_x86_64, 94.1GB RAM, 24 cores
https://github.com/torognes/vsearch

Reading file results/clustering/cdr/Amostra1_illu_VH/cdr3_clusters/01c014db-b321-4d46-a051-5b71413de907-IGH.fasta 100%
12672 nt in 238 seqs, min 39, max 78, avg 53
Masking 100%
Sorting by length 100%
Counting k-mers 100%
Clustering 100%
Sorting clusters 100%
Writing clusters 100%
Clusters: 221 Size min 1, max 6, avg 1.1
Singletons: 208, 87.4% of seqs, 94.1% of clusters
Multiple alignments 100%
vsearch v2.30.0_linux_x86_64, 94.1GB RAM, 24 cores
https://github.com/torognes/vsearch

Reading file results/clustering/cdr/Amostra1_illu_VH/cdr3_clusters/ca7b2df9-f9d1-4db6-a24e-3263cec198ea-IGH.fasta 100%
12438 nt in 271 seqs, min 21, max 60, avg 46
minseqlength 6: 1 sequence discarded.
Masking 100%
Sorting by length 100%
Counting k-mers 100%
Clustering 100%
Sorting clusters 100%
Writing clusters 100%
Clusters: 230 Size min 1, max 6, avg 1.2
Singletons: 203, 74.9% of seqs, 88.3% of clusters
Multiple alignments 100%
vsearch v2.30.0_linux_x86_64, 94.1GB RAM, 24 cores
https://github.com/torognes/vsearch

Reading file results/clustering/cdr/Amostra1_illu_VH/cdr3_clusters/20868026-fe18-45c5-a5fb-a3e977a8bddd-IGK.fasta 100%
82 nt in 6 seqs, min 10, max 32, avg 14
minseqlength 6: 137 sequences discarded.
Masking 100%
Sorting by length 100%
Counting k-mers 100%
Clustering 100%
Sorting clusters 100%
Writing clusters 100%
Clusters: 2 Size min 1, max 5, avg 3.0
Singletons: 1, 16.7% of seqs, 50.0% of clusters
Multiple alignments 100%
vsearch v2.30.0_linux_x86_64, 94.1GB RAM, 24 cores
https://github.com/torognes/vsearch

Reading file results/clustering/cdr/Amostra1_illu_VH/cdr3_clusters/195a09c8-4514-4816-8288-c168cc5b51cf-IGH.fasta 100%
2337 nt in 47 seqs, min 36, max 75, avg 50
Masking 100%
Sorting by length 100%
Counting k-mers 100%
Clustering 100%
Sorting clusters 100%
Writing clusters 100%
Clusters: 40 Size min 1, max 2, avg 1.2
Singletons: 33, 70.2% of seqs, 82.5% of clusters
Multiple alignments 100%
vsearch v2.30.0_linux_x86_64, 94.1GB RAM, 24 cores
https://github.com/torognes/vsearch

Reading file results/clustering/cdr/Amostra1_illu_VH/cdr3_clusters/bfb5e20e-68d3-4a06-9d33-11191192b2be-IGH.fasta 100%
11465 nt in 231 seqs, min 38, max 78, avg 50
Masking 100%
Sorting by length 100%
Counting k-mers 100%
Clustering 100%
Sorting clusters 100%
Writing clusters 100%
Clusters: 201 Size min 1, max 6, avg 1.1
Singletons: 176, 76.2% of seqs, 87.6% of clusters
Multiple alignments 100%
vsearch v2.30.0_linux_x86_64, 94.1GB RAM, 24 cores
https://github.com/torognes/vsearch

Reading file results/clustering/cdr/Amostra1_illu_VH/cdr3_clusters/4bf1cd25-34b2-435c-915f-b7206ee18fe3-IGH.fasta 100%
1313 nt in 34 seqs, min 18, max 42, avg 39
Masking 100%
Sorting by length 100%
Counting k-mers 100%
Clustering 100%
Sorting clusters 100%
Writing clusters 100%
Clusters: 17 Size min 1, max 18, avg 2.0
Singletons: 16, 47.1% of seqs, 94.1% of clusters
Multiple alignments 100%
vsearch v2.30.0_linux_x86_64, 94.1GB RAM, 24 cores
https://github.com/torognes/vsearch

Reading file results/clustering/cdr/Amostra1_illu_VH/cdr3_clusters/0bc58374-f0cf-46c6-bb9c-3a51fb8ed465-IGH.fasta 100%
3723 nt in 104 seqs, min 18, max 45, avg 36
minseqlength 6: 1 sequence discarded.
Masking 100%
Sorting by length 100%
Counting k-mers 100%
Clustering 100%
Sorting clusters 100%
Writing clusters 100%
Clusters: 90 Size min 1, max 4, avg 1.2
Singletons: 80, 76.9% of seqs, 88.9% of clusters
Multiple alignments 100%
vsearch v2.30.0_linux_x86_64, 94.1GB RAM, 24 cores
https://github.com/torognes/vsearch

Reading file results/clustering/cdr/Amostra1_illu_VH/cdr3_clusters/e1b56e7c-020e-4cc3-bfe7-5739b435bdfe-IGH.fasta 100%
282 nt in 5 seqs, min 45, max 69, avg 56
Masking 100%
Sorting by length 100%
Counting k-mers 100%
Clustering 100%
Sorting clusters 100%
Writing clusters 100%
Clusters: 5 Size min 1, max 1, avg 1.0
Singletons: 5, 100.0% of seqs, 100.0% of clusters
Multiple alignments 100%
vsearch v2.30.0_linux_x86_64, 94.1GB RAM, 24 cores
https://github.com/torognes/vsearch

Reading file results/clustering/cdr/Amostra1_illu_VH/cdr3_clusters/66cd6105-cb32-400e-8c1b-9cca205a639e-IGH.fasta 100%
5100 nt in 150 seqs, min 21, max 57, avg 34
minseqlength 6: 1 sequence discarded.
Masking 100%
Sorting by length 100%
Counting k-mers 100%
Clustering 100%
Sorting clusters 100%
Writing clusters 100%
Clusters: 82 Size min 1, max 49, avg 1.8
Singletons: 68, 45.3% of seqs, 82.9% of clusters
Multiple alignments 100%
vsearch v2.30.0_linux_x86_64, 94.1GB RAM, 24 cores
https://github.com/torognes/vsearch

Reading file results/clustering/cdr/Amostra1_illu_VH/cdr3_clusters/bd31f751-6b48-4523-8467-161f274a1a14-IGH.fasta 100%
1245 nt in 28 seqs, min 24, max 51, avg 44
minseqlength 6: 1 sequence discarded.
Masking 100%
Sorting by length 100%
Counting k-mers 100%
Clustering 100%
Sorting clusters 100%
Writing clusters 100%
Clusters: 20 Size min 1, max 8, avg 1.4
Singletons: 18, 64.3% of seqs, 90.0% of clusters
Multiple alignments 100%
vsearch v2.30.0_linux_x86_64, 94.1GB RAM, 24 cores
https://github.com/torognes/vsearch

Reading file results/clustering/cdr/Amostra1_illu_VH/cdr3_clusters/dfab6db5-7d28-400a-998a-a8ed2c9d10fd-IGH.fasta 100%
773 nt in 19 seqs, min 26, max 57, avg 41
Masking 100%
Sorting by length 100%
Counting k-mers 100%
Clustering 100%
Sorting clusters 100%
Writing clusters 100%
Clusters: 16 Size min 1, max 2, avg 1.2
Singletons: 13, 68.4% of seqs, 81.2% of clusters
Multiple alignments 100%
vsearch v2.30.0_linux_x86_64, 94.1GB RAM, 24 cores
https://github.com/torognes/vsearch

Reading file results/clustering/cdr/Amostra1_illu_VH/cdr3_clusters/0a96781a-5f0b-4d37-a5e8-64181cf866f4-IGH.fasta 100%
521 nt in 29 seqs, min 15, max 36, avg 18
minseqlength 6: 10 sequences discarded.
Masking 100%
Sorting by length 100%
Counting k-mers 100%
Clustering 100%
Sorting clusters 100%
Writing clusters 100%
Clusters: 22 Size min 1, max 6, avg 1.3
Singletons: 19, 65.5% of seqs, 86.4% of clusters
Multiple alignments 100%
vsearch v2.30.0_linux_x86_64, 94.1GB RAM, 24 cores
https://github.com/torognes/vsearch

Reading file results/clustering/cdr/Amostra1_illu_VH/cdr3_clusters/2864ab13-48f8-4735-a7b1-58d4e3e7b58e-IGH.fasta 100%
24263 nt in 1011 seqs, min 21, max 27, avg 24
minseqlength 6: 52 sequences discarded.
Masking 100%
Sorting by length 100%
Counting k-mers 100%
Clustering 100%
Sorting clusters 100%
Writing clusters 100%
Clusters: 81 Size min 1, max 815, avg 12.5
Singletons: 51, 5.0% of seqs, 63.0% of clusters
Multiple alignments 100%
vsearch v2.30.0_linux_x86_64, 94.1GB RAM, 24 cores
https://github.com/torognes/vsearch

Reading file results/clustering/cdr/Amostra1_illu_VH/cdr3_clusters/eef1e054-a4bd-43b6-82c7-3e960195c050-IGK.fasta 100%
23 nt in 1 seqs, min 23, max 23, avg 23
minseqlength 6: 12 sequences discarded.
Masking 100%
Sorting by length 100%
Counting k-mers 100%
Clustering 100%
Sorting clusters 100%
Writing clusters 100%
Clusters: 1 Size min 1, max 1, avg 1.0
Singletons: 1, 100.0% of seqs, 100.0% of clusters
Multiple alignments 100%
vsearch v2.30.0_linux_x86_64, 94.1GB RAM, 24 cores
https://github.com/torognes/vsearch

Reading file results/clustering/cdr/Amostra1_illu_VH/cdr3_clusters/4d777403-83a7-4860-bd9b-273626b339dd-IGH.fasta 100%
2136 nt in 63 seqs, min 18, max 48, avg 34
minseqlength 6: 3 sequences discarded.
Masking 100%
Sorting by length 100%
Counting k-mers 100%
Clustering 100%
Sorting clusters 100%
Writing clusters 100%
Clusters: 57 Size min 1, max 3, avg 1.1
Singletons: 52, 82.5% of seqs, 91.2% of clusters
Multiple alignments 100%
vsearch v2.30.0_linux_x86_64, 94.1GB RAM, 24 cores
https://github.com/torognes/vsearch

Reading file results/clustering/cdr/Amostra1_illu_VH/cdr3_clusters/ea97f474-73f6-44d3-85ae-3b3cba007c3b-IGH.fasta 100%
153 nt in 5 seqs, min 27, max 39, avg 31
Masking 100%
Sorting by length 100%
Counting k-mers 100%
Clustering 100%
Sorting clusters 100%
Writing clusters 100%
Clusters: 4 Size min 1, max 2, avg 1.2
Singletons: 3, 60.0% of seqs, 75.0% of clusters
Multiple alignments 100%
vsearch v2.30.0_linux_x86_64, 94.1GB RAM, 24 cores
https://github.com/torognes/vsearch

Reading file results/clustering/cdr/Amostra1_illu_VH/cdr3_clusters/586f3d32-41bb-49d5-9679-88ced31389ea-IGH.fasta 100%
581 nt in 16 seqs, min 27, max 42, avg 36
Masking 100%
Sorting by length 100%
Counting k-mers 100%
Clustering 100%
Sorting clusters 100%
Writing clusters 100%
Clusters: 13 Size min 1, max 3, avg 1.2
Singletons: 11, 68.8% of seqs, 84.6% of clusters
Multiple alignments 100%
vsearch v2.30.0_linux_x86_64, 94.1GB RAM, 24 cores
https://github.com/torognes/vsearch

Reading file results/clustering/cdr/Amostra1_illu_VH/cdr3_clusters/cf170948-3d58-469a-bd80-3831fdaf661d-IGH.fasta 100%
1225 nt in 50 seqs, min 16, max 30, avg 24
minseqlength 6: 29 sequences discarded.
Masking 100%
Sorting by length 100%
Counting k-mers 100%
Clustering 100%
Sorting clusters 100%
Writing clusters 100%
Clusters: 30 Size min 1, max 14, avg 1.7
Singletons: 24, 48.0% of seqs, 80.0% of clusters
Multiple alignments 100%
vsearch v2.30.0_linux_x86_64, 94.1GB RAM, 24 cores
https://github.com/torognes/vsearch

Reading file results/clustering/cdr/Amostra1_illu_VH/cdr3_clusters/43c2900c-11e2-4470-a55a-fadd09fb8202-IGH.fasta 100%
447 nt in 12 seqs, min 27, max 45, avg 37
Masking 100%
Sorting by length 100%
Counting k-mers 100%
Clustering 100%
Sorting clusters 100%
Writing clusters 100%
Clusters: 12 Size min 1, max 1, avg 1.0
Singletons: 12, 100.0% of seqs, 100.0% of clusters
Multiple alignments 100%
vsearch v2.30.0_linux_x86_64, 94.1GB RAM, 24 cores
https://github.com/torognes/vsearch

Reading file results/clustering/cdr/Amostra1_illu_VH/cdr3_clusters/2b2f7ac8-d201-4176-80cc-1f0f7f3f0ccf-IGH.fasta 100%
16883 nt in 409 seqs, min 27, max 63, avg 41
Masking 100%
Sorting by length 100%
Counting k-mers 100%
Clustering 100%
Sorting clusters 100%
Writing clusters 100%
Clusters: 349 Size min 1, max 8, avg 1.2
Singletons: 311, 76.0% of seqs, 89.1% of clusters
Multiple alignments 100%
vsearch v2.30.0_linux_x86_64, 94.1GB RAM, 24 cores
https://github.com/torognes/vsearch

Reading file results/clustering/cdr/Amostra1_illu_VH/cdr3_clusters/0a2a4d70-1228-4de5-a5ef-a84afc614307-IGH.fasta 100%
423 nt in 9 seqs, min 27, max 57, avg 47
Masking 100%
Sorting by length 100%
Counting k-mers 100%
Clustering 100%
Sorting clusters 100%
Writing clusters 100%
Clusters: 7 Size min 1, max 2, avg 1.3
Singletons: 5, 55.6% of seqs, 71.4% of clusters
Multiple alignments 100%
vsearch v2.30.0_linux_x86_64, 94.1GB RAM, 24 cores
https://github.com/torognes/vsearch

Reading file results/clustering/cdr/Amostra1_illu_VH/cdr3_clusters/52429608-76cf-4720-9079-07e44b9ea874-IGH.fasta 100%
3282 nt in 137 seqs, min 18, max 24, avg 24
minseqlength 6: 16 sequences discarded.
Masking 100%
Sorting by length 100%
Counting k-mers 100%
Clustering 100%
Sorting clusters 100%
Writing clusters 100%
Clusters: 43 Size min 1, max 63, avg 3.2
Singletons: 36, 26.3% of seqs, 83.7% of clusters
Multiple alignments 100%
vsearch v2.30.0_linux_x86_64, 94.1GB RAM, 24 cores
https://github.com/torognes/vsearch

Reading file results/clustering/cdr/Amostra1_illu_VH/cdr3_clusters/03338304-c45d-433f-be85-f78966df2fe3-IGH.fasta 100%
1804 nt in 52 seqs, min 24, max 45, avg 35
minseqlength 6: 1 sequence discarded.
Masking 100%
Sorting by length 100%
Counting k-mers 100%
Clustering 100%
Sorting clusters 100%
Writing clusters 100%
Clusters: 46 Size min 1, max 3, avg 1.1
Singletons: 41, 78.8% of seqs, 89.1% of clusters
Multiple alignments 100%
vsearch v2.30.0_linux_x86_64, 94.1GB RAM, 24 cores
https://github.com/torognes/vsearch

Reading file results/clustering/cdr/Amostra1_illu_VH/cdr3_clusters/9cf90ece-d8cc-4438-afde-7350893e0bbd-IGH.fasta 100%
1389 nt in 44 seqs, min 18, max 42, avg 32
minseqlength 6: 3 sequences discarded.
Masking 100%
Sorting by length 100%
Counting k-mers 100%
Clustering 100%
Sorting clusters 100%
Writing clusters 100%
Clusters: 34 Size min 1, max 5, avg 1.3
Singletons: 29, 65.9% of seqs, 85.3% of clusters
Multiple alignments 100%
vsearch v2.30.0_linux_x86_64, 94.1GB RAM, 24 cores
https://github.com/torognes/vsearch

Reading file results/clustering/cdr/Amostra1_illu_VH/cdr3_clusters/bb560e9d-a8b1-4bef-8a8e-8eb6d61898d4-IGH.fasta 100%
2147 nt in 50 seqs, min 27, max 57, avg 43
Masking 100%
Sorting by length 100%
Counting k-mers 100%
Clustering 100%
Sorting clusters 100%
Writing clusters 100%
Clusters: 41 Size min 1, max 4, avg 1.2
Singletons: 36, 72.0% of seqs, 87.8% of clusters
Multiple alignments 100%
vsearch v2.30.0_linux_x86_64, 94.1GB RAM, 24 cores
https://github.com/torognes/vsearch

Reading file results/clustering/cdr/Amostra1_illu_VH/cdr3_clusters/431094e5-ca82-4aeb-9a31-ef94e5047935-IGH.fasta 100%
28020 nt in 890 seqs, min 12, max 51, avg 31
minseqlength 6: 34 sequences discarded.
Masking 100%
Sorting by length 100%
Counting k-mers 100%
Clustering 100%
Sorting clusters 100%
Writing clusters 100%
Clusters: 631 Size min 1, max 48, avg 1.4
Singletons: 530, 59.6% of seqs, 84.0% of clusters
Multiple alignments 100%
vsearch v2.30.0_linux_x86_64, 94.1GB RAM, 24 cores
https://github.com/torognes/vsearch

Reading file results/clustering/cdr/Amostra1_illu_VH/cdr3_clusters/70165b4c-ed20-4119-891b-4cd9193418de-IGH.fasta 100%
11962 nt in 297 seqs, min 24, max 51, avg 40
minseqlength 6: 1 sequence discarded.
Masking 100%
Sorting by length 100%
Counting k-mers 100%
Clustering 100%
Sorting clusters 100%
Writing clusters 100%
Clusters: 223 Size min 1, max 16, avg 1.3
Singletons: 189, 63.6% of seqs, 84.8% of clusters
Multiple alignments 100%
vsearch v2.30.0_linux_x86_64, 94.1GB RAM, 24 cores
https://github.com/torognes/vsearch

Reading file results/clustering/cdr/Amostra1_illu_VH/cdr3_clusters/0aff93ca-822a-4bf3-9c07-47c5b038d15e-IGH.fasta 100%
375 nt in 9 seqs, min 39, max 42, avg 42
Masking 100%
Sorting by length 100%
Counting k-mers 100%
Clustering 100%
Sorting clusters 100%
Writing clusters 100%
Clusters: 2 Size min 1, max 8, avg 4.5
Singletons: 1, 11.1% of seqs, 50.0% of clusters
Multiple alignments 100%
vsearch v2.30.0_linux_x86_64, 94.1GB RAM, 24 cores
https://github.com/torognes/vsearch

Reading file results/clustering/cdr/Amostra1_illu_VH/cdr3_clusters/614b61e7-ecf1-4257-a0b2-68afa84134b0-IGH.fasta 100%
19551 nt in 493 seqs, min 18, max 60, avg 40
minseqlength 6: 3 sequences discarded.
Masking 100%
Sorting by length 100%
Counting k-mers 100%
Clustering 100%
Sorting clusters 100%
Writing clusters 100%
Clusters: 372 Size min 1, max 45, avg 1.3
Singletons: 329, 66.7% of seqs, 88.4% of clusters
Multiple alignments 100%
vsearch v2.30.0_linux_x86_64, 94.1GB RAM, 24 cores
https://github.com/torognes/vsearch

Reading file results/clustering/cdr/Amostra1_illu_VH/cdr3_clusters/225c1638-a826-44ad-9bc6-3b4e654c5f62-IGH.fasta 100%
2043 nt in 47 seqs, min 24, max 54, avg 43
Masking 100%
Sorting by length 100%
Counting k-mers 100%
Clustering 100%
Sorting clusters 100%
Writing clusters 100%
Clusters: 45 Size min 1, max 2, avg 1.0
Singletons: 43, 91.5% of seqs, 95.6% of clusters
Multiple alignments 100%
vsearch v2.30.0_linux_x86_64, 94.1GB RAM, 24 cores
https://github.com/torognes/vsearch

Reading file results/clustering/cdr/Amostra1_illu_VH/cdr3_clusters/b4d34156-12b8-4cac-9f8b-9c574d9f5d3e-IGH.fasta 100%
123 nt in 5 seqs, min 15, max 27, avg 25
Masking 100%
Sorting by length 100%
Counting k-mers 100%
Clustering 100%
Sorting clusters 100%
Writing clusters 100%
Clusters: 4 Size min 1, max 2, avg 1.2
Singletons: 3, 60.0% of seqs, 75.0% of clusters
Multiple alignments 100%
vsearch v2.30.0_linux_x86_64, 94.1GB RAM, 24 cores
https://github.com/torognes/vsearch

Reading file results/clustering/cdr/Amostra1_illu_VH/cdr3_clusters/97b82601-bb7f-4992-a871-2cc4032eb624-IGH.fasta 100%
10340 nt in 369 seqs, min 15, max 42, avg 28
minseqlength 6: 7 sequences discarded.
Masking 100%
Sorting by length 100%
Counting k-mers 100%
Clustering 100%
Sorting clusters 100%
Writing clusters 100%
Clusters: 218 Size min 1, max 86, avg 1.7
Singletons: 189, 51.2% of seqs, 86.7% of clusters
Multiple alignments 100%
vsearch v2.30.0_linux_x86_64, 94.1GB RAM, 24 cores
https://github.com/torognes/vsearch

Reading file results/clustering/cdr/Amostra1_illu_VH/cdr3_clusters/2eaa718f-ad02-40ff-82e3-e68cc2857f5e-IGH.fasta 100%
1079 nt in 29 seqs, min 30, max 54, avg 37
Masking 100%
Sorting by length 100%
Counting k-mers 100%
Clustering 100%
Sorting clusters 100%
Writing clusters 100%
Clusters: 27 Size min 1, max 2, avg 1.1
Singletons: 25, 86.2% of seqs, 92.6% of clusters
Multiple alignments 100%
vsearch v2.30.0_linux_x86_64, 94.1GB RAM, 24 cores
https://github.com/torognes/vsearch

Reading file results/clustering/cdr/Amostra1_illu_VH/cdr3_clusters/a279008c-950f-46c8-b627-27940fca4d69-IGH.fasta 100%
16190 nt in 361 seqs, min 27, max 66, avg 45
Masking 100%
Sorting by length 100%
Counting k-mers 100%
Clustering 100%
Sorting clusters 100%
Writing clusters 100%
Clusters: 294 Size min 1, max 11, avg 1.2
Singletons: 251, 69.5% of seqs, 85.4% of clusters
Multiple alignments 100%
vsearch v2.30.0_linux_x86_64, 94.1GB RAM, 24 cores
https://github.com/torognes/vsearch

Reading file results/clustering/cdr/Amostra1_illu_VH/cdr3_clusters/d50d2a2c-91b2-45f4-960a-c29b9f2bfc7b-IGH.fasta 100%
547 nt in 13 seqs, min 27, max 57, avg 42
Masking 100%
Sorting by length 100%
Counting k-mers 100%
Clustering 100%
Sorting clusters 100%
Writing clusters 100%
Clusters: 12 Size min 1, max 2, avg 1.1
Singletons: 11, 84.6% of seqs, 91.7% of clusters
Multiple alignments 100%
vsearch v2.30.0_linux_x86_64, 94.1GB RAM, 24 cores
https://github.com/torognes/vsearch

Reading file results/clustering/cdr/Amostra1_illu_VH/cdr3_clusters/5b5a614c-3921-440a-9dcf-b2328bfaea59-IGH.fasta 100%
3363 nt in 122 seqs, min 18, max 45, avg 28
Masking 100%
Sorting by length 100%
Counting k-mers 100%
Clustering 100%
Sorting clusters 100%
Writing clusters 100%
Clusters: 58 Size min 1, max 40, avg 2.1
Singletons: 45, 36.9% of seqs, 77.6% of clusters
Multiple alignments 100%
vsearch v2.30.0_linux_x86_64, 94.1GB RAM, 24 cores
https://github.com/torognes/vsearch

Reading file results/clustering/cdr/Amostra1_illu_VH/cdr3_clusters/7dfdbaf4-ac3d-4135-9844-a69b72ceeae3-IGH.fasta 100%
2926 nt in 98 seqs, min 18, max 42, avg 30
minseqlength 6: 3 sequences discarded.
Masking 100%
Sorting by length 100%
Counting k-mers 100%
Clustering 100%
Sorting clusters 100%
Writing clusters 100%
Clusters: 83 Size min 1, max 8, avg 1.2
Singletons: 75, 76.5% of seqs, 90.4% of clusters
Multiple alignments 100%
vsearch v2.30.0_linux_x86_64, 94.1GB RAM, 24 cores
https://github.com/torognes/vsearch

Reading file results/clustering/cdr/Amostra1_illu_VH/cdr3_clusters/164ceb38-5eb6-4869-bd51-2f9e474c0fc7-IGH.fasta 100%
15539 nt in 464 seqs, min 15, max 51, avg 33
minseqlength 6: 23 sequences discarded.
Masking 100%
Sorting by length 100%
Counting k-mers 100%
Clustering 100%
Sorting clusters 100%
Writing clusters 100%
Clusters: 267 Size min 1, max 39, avg 1.7
Singletons: 218, 47.0% of seqs, 81.6% of clusters
Multiple alignments 100%
vsearch v2.30.0_linux_x86_64, 94.1GB RAM, 24 cores
https://github.com/torognes/vsearch

Reading file results/clustering/cdr/Amostra1_illu_VH/cdr3_clusters/14629a4a-acb1-441e-b12a-1b5490132072-IGH.fasta 100%
134618 nt in 5609 seqs, min 18, max 33, avg 24
minseqlength 6: 322 sequences discarded.
Masking 100%
Sorting by length 100%
Counting k-mers 100%
Clustering 100%
Sorting clusters 100%
Writing clusters 100%
Clusters: 285 Size min 1, max 3141, avg 19.7
Singletons: 175, 3.1% of seqs, 61.4% of clusters
Multiple alignments 100%
vsearch v2.30.0_linux_x86_64, 94.1GB RAM, 24 cores
https://github.com/torognes/vsearch

Reading file results/clustering/cdr/Amostra1_illu_VH/cdr3_clusters/fc0432b6-765f-43a0-8da1-cdd554910563-IGH.fasta 100%
378 nt in 9 seqs, min 30, max 45, avg 42
Masking 100%
Sorting by length 100%
Counting k-mers 100%
Clustering 100%
Sorting clusters 100%
Writing clusters 100%
Clusters: 5 Size min 1, max 4, avg 1.8
Singletons: 3, 33.3% of seqs, 60.0% of clusters
Multiple alignments 100%
vsearch v2.30.0_linux_x86_64, 94.1GB RAM, 24 cores
https://github.com/torognes/vsearch

Reading file results/clustering/cdr/Amostra1_illu_VH/cdr3_clusters/7734c3a7-c66d-4cfb-b92c-cacc3e91891d-IGH.fasta 100%
237 nt in 5 seqs, min 39, max 72, avg 47
Masking 100%
Sorting by length 100%
Counting k-mers 100%
Clustering 100%
Sorting clusters 100%
Writing clusters 100%
Clusters: 5 Size min 1, max 1, avg 1.0
Singletons: 5, 100.0% of seqs, 100.0% of clusters
Multiple alignments 100%
vsearch v2.30.0_linux_x86_64, 94.1GB RAM, 24 cores
https://github.com/torognes/vsearch

Reading file results/clustering/cdr/Amostra1_illu_VH/cdr3_clusters/628ba2c7-163c-4ff4-8a5e-a20a3c2fe9e6-IGH.fasta 100%
420 nt in 14 seqs, min 30, max 30, avg 30
Masking 100%
Sorting by length 100%
Counting k-mers 100%
Clustering 100%
Sorting clusters 100%
Writing clusters 100%
Clusters: 5 Size min 1, max 10, avg 2.8
Singletons: 4, 28.6% of seqs, 80.0% of clusters
Multiple alignments 100%
vsearch v2.30.0_linux_x86_64, 94.1GB RAM, 24 cores
https://github.com/torognes/vsearch

Reading file results/clustering/cdr/Amostra1_illu_VH/cdr3_clusters/ad062945-06ec-43a3-8335-d2e783517c42-IGH.fasta 100%
372 nt in 8 seqs, min 39, max 51, avg 46
Masking 100%
Sorting by length 100%
Counting k-mers 100%
Clustering 100%
Sorting clusters 100%
Writing clusters 100%
Clusters: 3 Size min 1, max 4, avg 2.7
Singletons: 1, 12.5% of seqs, 33.3% of clusters
Multiple alignments 100%
vsearch v2.30.0_linux_x86_64, 94.1GB RAM, 24 cores
https://github.com/torognes/vsearch

Reading file results/clustering/cdr/Amostra1_illu_VH/cdr3_clusters/73a1984b-f423-4267-aa03-7a844719c423-IGH.fasta 100%
387 nt in 16 seqs, min 21, max 27, avg 24
minseqlength 6: 5 sequences discarded.
Masking 100%
Sorting by length 100%
Counting k-mers 100%
Clustering 100%
Sorting clusters 100%
Writing clusters 100%
Clusters: 7 Size min 1, max 10, avg 2.3
Singletons: 6, 37.5% of seqs, 85.7% of clusters
Multiple alignments 100%
vsearch v2.30.0_linux_x86_64, 94.1GB RAM, 24 cores
https://github.com/torognes/vsearch

Reading file results/clustering/cdr/Amostra1_illu_VH/cdr3_clusters/01aa6c64-0a27-4013-b1a6-147be6261aed-IGH.fasta 100%
30115 nt in 915 seqs, min 12, max 54, avg 33
minseqlength 6: 42 sequences discarded.
Masking 100%
Sorting by length 100%
Counting k-mers 100%
Clustering 100%
Sorting clusters 100%
Writing clusters 100%
Clusters: 656 Size min 1, max 11, avg 1.4
Singletons: 515, 56.3% of seqs, 78.5% of clusters
Multiple alignments 100%
vsearch v2.30.0_linux_x86_64, 94.1GB RAM, 24 cores
https://github.com/torognes/vsearch

Reading file results/clustering/cdr/Amostra1_illu_VH/cdr3_clusters/af6a2f2a-36a5-47e8-bfb0-d95cac54e038-IGH.fasta 100%
264 nt in 9 seqs, min 27, max 30, avg 29
Masking 100%
Sorting by length 100%
Counting k-mers 100%
Clustering 100%
Sorting clusters 100%
Writing clusters 100%
Clusters: 6 Size min 1, max 3, avg 1.5
Singletons: 4, 44.4% of seqs, 66.7% of clusters
Multiple alignments 100%
vsearch v2.30.0_linux_x86_64, 94.1GB RAM, 24 cores
https://github.com/torognes/vsearch

Reading file results/clustering/cdr/Amostra1_illu_VH/cdr3_clusters/f4a8d08c-b2e4-4508-81b0-b84fab3671bf-IGH.fasta 100%
258 nt in 7 seqs, min 24, max 54, avg 37
Masking 100%
Sorting by length 100%
Counting k-mers 100%
Clustering 100%
Sorting clusters 100%
Writing clusters 100%
Clusters: 7 Size min 1, max 1, avg 1.0
Singletons: 7, 100.0% of seqs, 100.0% of clusters
Multiple alignments 100%
vsearch v2.30.0_linux_x86_64, 94.1GB RAM, 24 cores
https://github.com/torognes/vsearch

Reading file results/clustering/cdr/Amostra1_illu_VH/cdr3_clusters/91dd8131-9cd5-4300-a23a-fded23501bd6-IGH.fasta 100%
20244 nt in 489 seqs, min 18, max 60, avg 41
Masking 100%
Sorting by length 100%
Counting k-mers 100%
Clustering 100%
Sorting clusters 100%
Writing clusters 100%
Clusters: 398 Size min 1, max 7, avg 1.2
Singletons: 348, 71.2% of seqs, 87.4% of clusters
Multiple alignments 100%
vsearch v2.30.0_linux_x86_64, 94.1GB RAM, 24 cores
https://github.com/torognes/vsearch

Reading file results/clustering/cdr/Amostra1_illu_VH/cdr3_clusters/9d678d0c-d305-49a3-a7ef-de307273998b-IGH.fasta 100%
135 nt in 5 seqs, min 27, max 27, avg 27
Masking 100%
Sorting by length 100%
Counting k-mers 100%
Clustering 100%
Sorting clusters 100%
Writing clusters 100%
Clusters: 1 Size min 5, max 5, avg 5.0
Singletons: 0, 0.0% of seqs, 0.0% of clusters
Multiple alignments 100%
vsearch v2.30.0_linux_x86_64, 94.1GB RAM, 24 cores
https://github.com/torognes/vsearch

Reading file results/clustering/cdr/Amostra1_illu_VH/cdr3_clusters/6cd51d9f-cc8d-458d-b6b2-cf2ecc89b24f-IGH.fasta 100%
4850 nt in 106 seqs, min 30, max 69, avg 46
Masking 100%
Sorting by length 100%
Counting k-mers 100%
Clustering 100%
Sorting clusters 100%
Writing clusters 100%
Clusters: 80 Size min 1, max 19, avg 1.3
Singletons: 71, 67.0% of seqs, 88.8% of clusters
Multiple alignments 100%
vsearch v2.30.0_linux_x86_64, 94.1GB RAM, 24 cores
https://github.com/torognes/vsearch

Reading file results/clustering/cdr/Amostra1_illu_VH/cdr3_clusters/17abe642-ca27-4634-a92f-46faa8bbc3ff-IGH.fasta 100%
3150 nt in 90 seqs, min 18, max 48, avg 35
Masking 100%
Sorting by length 100%
Counting k-mers 100%
Clustering 100%
Sorting clusters 100%
Writing clusters 100%
Clusters: 61 Size min 1, max 8, avg 1.5
Singletons: 50, 55.6% of seqs, 82.0% of clusters
Multiple alignments 100%
vsearch v2.30.0_linux_x86_64, 94.1GB RAM, 24 cores
https://github.com/torognes/vsearch

Reading file results/clustering/cdr/Amostra1_illu_VH/cdr3_clusters/b8e6b254-d526-4436-8509-260556805ac3-IGH.fasta 100%
287 nt in 13 seqs, min 14, max 24, avg 22
minseqlength 6: 2 sequences discarded.
Masking 100%
Sorting by length 100%
Counting k-mers 100%
Clustering 100%
Sorting clusters 100%
Writing clusters 100%
Clusters: 9 Size min 1, max 4, avg 1.4
Singletons: 7, 53.8% of seqs, 77.8% of clusters
Multiple alignments 100%
vsearch v2.30.0_linux_x86_64, 94.1GB RAM, 24 cores
https://github.com/torognes/vsearch

Reading file results/clustering/cdr/Amostra1_illu_VH/cdr3_clusters/81707473-ef09-4dc2-bbbb-e071b96389d1-IGH.fasta 100%
465 nt in 11 seqs, min 33, max 45, avg 42
Masking 100%
Sorting by length 100%
Counting k-mers 100%
Clustering 100%
Sorting clusters 100%
Writing clusters 100%
Clusters: 6 Size min 1, max 6, avg 1.8
Singletons: 5, 45.5% of seqs, 83.3% of clusters
Multiple alignments 100%
vsearch v2.30.0_linux_x86_64, 94.1GB RAM, 24 cores
https://github.com/torognes/vsearch

Reading file results/clustering/cdr/Amostra1_illu_VH/cdr3_clusters/6acd81da-6469-475b-9071-a9c86ebe7993-IGH.fasta 100%
2035 nt in 87 seqs, min 15, max 30, avg 23
minseqlength 6: 2 sequences discarded.
Masking 100%
Sorting by length 100%
Counting k-mers 100%
Clustering 100%
Sorting clusters 100%
Writing clusters 100%
Clusters: 66 Size min 1, max 8, avg 1.3
Singletons: 59, 67.8% of seqs, 89.4% of clusters
Multiple alignments 100%
vsearch v2.30.0_linux_x86_64, 94.1GB RAM, 24 cores
https://github.com/torognes/vsearch

Reading file results/clustering/cdr/Amostra1_illu_VH/cdr3_clusters/c0a8667b-fbc7-46b8-8a33-3e71d5f63ad3-IGH.fasta 100%
14904 nt in 478 seqs, min 15, max 54, avg 31
minseqlength 6: 6 sequences discarded.
Masking 100%
Sorting by length 100%
Counting k-mers 100%
Clustering 100%
Sorting clusters 100%
Writing clusters 100%
Clusters: 339 Size min 1, max 49, avg 1.4
Singletons: 285, 59.6% of seqs, 84.1% of clusters
Multiple alignments 100%
vsearch v2.30.0_linux_x86_64, 94.1GB RAM, 24 cores
https://github.com/torognes/vsearch

Reading file results/clustering/cdr/Amostra1_illu_VH/cdr3_clusters/0516c7c6-cc93-460f-8147-1b485b100f30-IGH.fasta 100%
422 nt in 9 seqs, min 30, max 54, avg 47
Masking 100%
Sorting by length 100%
Counting k-mers 100%
Clustering 100%
Sorting clusters 100%
Writing clusters 100%
Clusters: 6 Size min 1, max 4, avg 1.5
Singletons: 5, 55.6% of seqs, 83.3% of clusters
Multiple alignments 100%
vsearch v2.30.0_linux_x86_64, 94.1GB RAM, 24 cores
https://github.com/torognes/vsearch

Reading file results/clustering/cdr/Amostra1_illu_VH/cdr3_clusters/8a7d546b-ff9b-469d-980e-774da1227112-IGH.fasta 100%
28757 nt in 654 seqs, min 30, max 69, avg 44
minseqlength 6: 5 sequences discarded.
Masking 100%
Sorting by length 100%
Counting k-mers 100%
Clustering 100%
Sorting clusters 100%
Writing clusters 100%
Clusters: 504 Size min 1, max 11, avg 1.3
Singletons: 424, 64.8% of seqs, 84.1% of clusters
Multiple alignments 100%
vsearch v2.30.0_linux_x86_64, 94.1GB RAM, 24 cores
https://github.com/torognes/vsearch

Reading file results/clustering/cdr/Amostra1_illu_VH/cdr3_clusters/9ed7e1c2-fbe1-4905-a586-3845d6366bc5-IGK.fasta 100%
20 nt in 1 seqs, min 20, max 20, avg 20
minseqlength 6: 8 sequences discarded.
Masking 100%
Sorting by length 100%
Counting k-mers 100%
Clustering 100%
Sorting clusters 100%
Writing clusters 100%
Clusters: 1 Size min 1, max 1, avg 1.0
Singletons: 1, 100.0% of seqs, 100.0% of clusters
Multiple alignments 100%
vsearch v2.30.0_linux_x86_64, 94.1GB RAM, 24 cores
https://github.com/torognes/vsearch

Reading file results/clustering/cdr/Amostra1_illu_VH/cdr3_clusters/96d85ed1-9e04-4682-8341-d014981e28d6-IGH.fasta 100%
618 nt in 23 seqs, min 18, max 33, avg 27
Masking 100%
Sorting by length 100%
Counting k-mers 100%
Clustering 100%
Sorting clusters 100%
Writing clusters 100%
Clusters: 18 Size min 1, max 3, avg 1.3
Singletons: 14, 60.9% of seqs, 77.8% of clusters
Multiple alignments 100%
vsearch v2.30.0_linux_x86_64, 94.1GB RAM, 24 cores
https://github.com/torognes/vsearch

Reading file results/clustering/cdr/Amostra1_illu_VH/cdr3_clusters/6830658a-fdd1-4f63-a5e0-f8a09bbe41f5-IGH.fasta 100%
804 nt in 19 seqs, min 27, max 54, avg 42
Masking 100%
Sorting by length 100%
Counting k-mers 100%
Clustering 100%
Sorting clusters 100%
Writing clusters 100%
Clusters: 17 Size min 1, max 2, avg 1.1
Singletons: 15, 78.9% of seqs, 88.2% of clusters
Multiple alignments 100%
vsearch v2.30.0_linux_x86_64, 94.1GB RAM, 24 cores
https://github.com/torognes/vsearch

Reading file results/clustering/cdr/Amostra1_illu_VH/cdr3_clusters/3640ac34-0d1a-4ff8-9c08-baf6298602b6-IGH.fasta 100%
1288 nt in 40 seqs, min 24, max 42, avg 32
Masking 100%
Sorting by length 100%
Counting k-mers 100%
Clustering 100%
Sorting clusters 100%
Writing clusters 100%
Clusters: 33 Size min 1, max 3, avg 1.2
Singletons: 28, 70.0% of seqs, 84.8% of clusters
Multiple alignments 100%
vsearch v2.30.0_linux_x86_64, 94.1GB RAM, 24 cores
https://github.com/torognes/vsearch

Reading file results/clustering/cdr/Amostra1_illu_VH/cdr3_clusters/13c3a3fa-7728-4abf-b040-0899e56d43c0-IGH.fasta 100%
2031 nt in 50 seqs, min 20, max 57, avg 41
minseqlength 6: 1 sequence discarded.
Masking 100%
Sorting by length 100%
Counting k-mers 100%
Clustering 100%
Sorting clusters 100%
Writing clusters 100%
Clusters: 45 Size min 1, max 3, avg 1.1
Singletons: 41, 82.0% of seqs, 91.1% of clusters
Multiple alignments 100%
vsearch v2.30.0_linux_x86_64, 94.1GB RAM, 24 cores
https://github.com/torognes/vsearch

Reading file results/clustering/cdr/Amostra1_illu_VH/cdr3_clusters/213de7f8-d9e4-4088-a7fd-0561dc0564d7-IGH.fasta 100%
201 nt in 6 seqs, min 30, max 36, avg 34
Masking 100%
Sorting by length 100%
Counting k-mers 100%
Clustering 100%
Sorting clusters 100%
Writing clusters 100%
Clusters: 3 Size min 1, max 3, avg 2.0
Singletons: 1, 16.7% of seqs, 33.3% of clusters
Multiple alignments 100%
vsearch v2.30.0_linux_x86_64, 94.1GB RAM, 24 cores
https://github.com/torognes/vsearch

Reading file results/clustering/cdr/Amostra1_illu_VH/cdr3_clusters/c4cf97ed-0bdc-4cac-a1b2-95eda63d7644-IGH.fasta 100%
462 nt in 12 seqs, min 26, max 51, avg 38
Masking 100%
Sorting by length 100%
Counting k-mers 100%
Clustering 100%
Sorting clusters 100%
Writing clusters 100%
Clusters: 11 Size min 1, max 2, avg 1.1
Singletons: 10, 83.3% of seqs, 90.9% of clusters
Multiple alignments 100%
vsearch v2.30.0_linux_x86_64, 94.1GB RAM, 24 cores
https://github.com/torognes/vsearch

Reading file results/clustering/cdr/Amostra1_illu_VH/cdr3_clusters/a0a60476-b752-4252-a18c-fd3d1a13c204-IGH.fasta 100%
8451 nt in 319 seqs, min 15, max 33, avg 26
minseqlength 6: 3 sequences discarded.
Masking 100%
Sorting by length 100%
Counting k-mers 100%
Clustering 100%
Sorting clusters 100%
Writing clusters 100%
Clusters: 73 Size min 1, max 201, avg 4.4
Singletons: 57, 17.9% of seqs, 78.1% of clusters
Multiple alignments 100%
vsearch v2.30.0_linux_x86_64, 94.1GB RAM, 24 cores
https://github.com/torognes/vsearch

Reading file results/clustering/cdr/Amostra1_illu_VH/cdr3_clusters/5beed64d-a8e8-4a6d-8fb1-8e5ef755d02a-IGH.fasta 100%
207 nt in 11 seqs, min 18, max 24, avg 19
Masking 100%
Sorting by length 100%
Counting k-mers 100%
Clustering 100%
Sorting clusters 100%
Writing clusters 100%
Clusters: 5 Size min 1, max 7, avg 2.2
Singletons: 4, 36.4% of seqs, 80.0% of clusters
Multiple alignments 100%
vsearch v2.30.0_linux_x86_64, 94.1GB RAM, 24 cores
https://github.com/torognes/vsearch

Reading file results/clustering/cdr/Amostra1_illu_VH/cdr3_clusters/3e99a8c3-9ac1-4cdf-af68-7cc65aab5d9b-IGH.fasta 100%
174 nt in 6 seqs, min 24, max 30, avg 29
Masking 100%
Sorting by length 100%
Counting k-mers 100%
Clustering 100%
Sorting clusters 100%
Writing clusters 100%
Clusters: 2 Size min 1, max 5, avg 3.0
Singletons: 1, 16.7% of seqs, 50.0% of clusters
Multiple alignments 100%
vsearch v2.30.0_linux_x86_64, 94.1GB RAM, 24 cores
https://github.com/torognes/vsearch

Reading file results/clustering/cdr/Amostra1_illu_VH/cdr3_clusters/4d90314a-d22f-46b9-8266-f7e4f5675f10-IGH.fasta 100%
261 nt in 8 seqs, min 15, max 42, avg 33
Masking 100%
Sorting by length 100%
Counting k-mers 100%
Clustering 100%
Sorting clusters 100%
Writing clusters 100%
Clusters: 6 Size min 1, max 2, avg 1.3
Singletons: 4, 50.0% of seqs, 66.7% of clusters
Multiple alignments 100%
vsearch v2.30.0_linux_x86_64, 94.1GB RAM, 24 cores
https://github.com/torognes/vsearch

Reading file results/clustering/cdr/Amostra1_illu_VH/cdr3_clusters/78f27b1c-018d-4e55-82b9-c6b772546a6c-IGH.fasta 100%
6085 nt in 118 seqs, min 42, max 78, avg 52
Masking 100%
Sorting by length 100%
Counting k-mers 100%
Clustering 100%
Sorting clusters 100%
Writing clusters 100%
Clusters: 96 Size min 1, max 4, avg 1.2
Singletons: 81, 68.6% of seqs, 84.4% of clusters
Multiple alignments 100%
vsearch v2.30.0_linux_x86_64, 94.1GB RAM, 24 cores
https://github.com/torognes/vsearch

Reading file results/clustering/cdr/Amostra1_illu_VH/cdr3_clusters/ea3dc239-a96e-4e2b-9215-a367a2392f0f-IGH.fasta 100%
381 nt in 13 seqs, min 24, max 36, avg 29
Masking 100%
Sorting by length 100%
Counting k-mers 100%
Clustering 100%
Sorting clusters 100%
Writing clusters 100%
Clusters: 9 Size min 1, max 5, avg 1.4
Singletons: 8, 61.5% of seqs, 88.9% of clusters
Multiple alignments 100%
vsearch v2.30.0_linux_x86_64, 94.1GB RAM, 24 cores
https://github.com/torognes/vsearch

Reading file results/clustering/cdr/Amostra1_illu_VH/cdr3_clusters/2c23bdff-27e0-4b8e-b432-5af3ba8757ac-IGH.fasta 100%
403 nt in 17 seqs, min 16, max 27, avg 24
minseqlength 6: 19 sequences discarded.
Masking 100%
Sorting by length 100%
Counting k-mers 100%
Clustering 100%
Sorting clusters 100%
Writing clusters 100%
Clusters: 12 Size min 1, max 5, avg 1.4
Singletons: 10, 58.8% of seqs, 83.3% of clusters
Multiple alignments 100%
vsearch v2.30.0_linux_x86_64, 94.1GB RAM, 24 cores
https://github.com/torognes/vsearch

Reading file results/clustering/cdr/Amostra1_illu_VH/cdr3_clusters/836ee867-7be3-49fe-b35f-d34c3da6afdd-IGH.fasta 100%
1263 nt in 53 seqs, min 18, max 24, avg 24
minseqlength 6: 8 sequences discarded.
Masking 100%
Sorting by length 100%
Counting k-mers 100%
Clustering 100%
Sorting clusters 100%
Writing clusters 100%
Clusters: 9 Size min 1, max 44, avg 5.9
Singletons: 7, 13.2% of seqs, 77.8% of clusters
Multiple alignments 100%
vsearch v2.30.0_linux_x86_64, 94.1GB RAM, 24 cores
https://github.com/torognes/vsearch

Reading file results/clustering/cdr/Amostra1_illu_VH/cdr3_clusters/ff30d8d8-d134-4d40-8ba4-202d30269b28-IGH.fasta 100%
129 nt in 4 seqs, min 24, max 42, avg 32
minseqlength 6: 1 sequence discarded.
Masking 100%
Sorting by length 100%
Counting k-mers 100%
Clustering 100%
Sorting clusters 100%
Writing clusters 100%
Clusters: 4 Size min 1, max 1, avg 1.0
Singletons: 4, 100.0% of seqs, 100.0% of clusters
Multiple alignments 100%
vsearch v2.30.0_linux_x86_64, 94.1GB RAM, 24 cores
https://github.com/torognes/vsearch

Reading file results/clustering/cdr/Amostra1_illu_VH/cdr3_clusters/41169ede-6c72-4313-bdf5-1f532157bb46-IGH.fasta 100%
498 nt in 14 seqs, min 30, max 45, avg 36
Masking 100%
Sorting by length 100%
Counting k-mers 100%
Clustering 100%
Sorting clusters 100%
Writing clusters 100%
Clusters: 12 Size min 1, max 3, avg 1.2
Singletons: 11, 78.6% of seqs, 91.7% of clusters
Multiple alignments 100%
vsearch v2.30.0_linux_x86_64, 94.1GB RAM, 24 cores
https://github.com/torognes/vsearch

Reading file results/clustering/cdr/Amostra1_illu_VH/cdr3_clusters/cb7c41a8-63d7-478e-8cc9-562e2bcab81c-IGH.fasta 100%
18491 nt in 517 seqs, min 15, max 51, avg 36
minseqlength 6: 3 sequences discarded.
Masking 100%
Sorting by length 100%
Counting k-mers 100%
Clustering 100%
Sorting clusters 100%
Writing clusters 100%
Clusters: 403 Size min 1, max 15, avg 1.3
Singletons: 346, 66.9% of seqs, 85.9% of clusters
Multiple alignments 100%
vsearch v2.30.0_linux_x86_64, 94.1GB RAM, 24 cores
https://github.com/torognes/vsearch

Reading file results/clustering/cdr/Amostra1_illu_VH/cdr3_clusters/84347888-7280-4caf-9c84-283d433f119f-IGH.fasta 100%
378 nt in 10 seqs, min 25, max 42, avg 38
minseqlength 6: 1 sequence discarded.
Masking 100%
Sorting by length 100%
Counting k-mers 100%
Clustering 100%
Sorting clusters 100%
Writing clusters 100%
Clusters: 8 Size min 1, max 2, avg 1.2
Singletons: 6, 60.0% of seqs, 75.0% of clusters
Multiple alignments 100%
vsearch v2.30.0_linux_x86_64, 94.1GB RAM, 24 cores
https://github.com/torognes/vsearch

Reading file results/clustering/cdr/Amostra1_illu_VH/cdr3_clusters/6046995f-de9a-42ae-95a2-b6739146de6e-IGH.fasta 100%
108626 nt in 1904 seqs, min 33, max 92, avg 57
minseqlength 6: 5 sequences discarded.
Masking 100%
Sorting by length 100%
Counting k-mers 100%
Clustering 100%
Sorting clusters 100%
Writing clusters 100%
Clusters: 1513 Size min 1, max 21, avg 1.3
Singletons: 1271, 66.8% of seqs, 84.0% of clusters
Multiple alignments 100%
vsearch v2.30.0_linux_x86_64, 94.1GB RAM, 24 cores
https://github.com/torognes/vsearch

Reading file results/clustering/cdr/Amostra1_illu_VH/cdr3_clusters/0704b825-abe3-40f9-85c2-9f95efa3a910-IGH.fasta 100%
834 nt in 12 seqs, min 42, max 72, avg 70
Masking 100%
Sorting by length 100%
Counting k-mers 100%
Clustering 100%
Sorting clusters 100%
Writing clusters 100%
Clusters: 3 Size min 1, max 10, avg 4.0
Singletons: 2, 16.7% of seqs, 66.7% of clusters
Multiple alignments 100%
vsearch v2.30.0_linux_x86_64, 94.1GB RAM, 24 cores
https://github.com/torognes/vsearch

Reading file results/clustering/cdr/Amostra1_illu_VH/cdr3_clusters/cc874562-102a-426e-a99b-0fc75c0af134-IGH.fasta 100%
111 nt in 4 seqs, min 27, max 30, avg 28
minseqlength 6: 1 sequence discarded.
Masking 100%
Sorting by length 100%
Counting k-mers 100%
Clustering 100%
Sorting clusters 100%
Writing clusters 100%
Clusters: 4 Size min 1, max 1, avg 1.0
Singletons: 4, 100.0% of seqs, 100.0% of clusters
Multiple alignments 100%
vsearch v2.30.0_linux_x86_64, 94.1GB RAM, 24 cores
https://github.com/torognes/vsearch

Reading file results/clustering/cdr/Amostra1_illu_VH/cdr3_clusters/668adc22-865e-481f-9f51-cb972215557a-IGH.fasta 100%
243 nt in 9 seqs, min 15, max 30, avg 27
Masking 100%
Sorting by length 100%
Counting k-mers 100%
Clustering 100%
Sorting clusters 100%
Writing clusters 100%
Clusters: 6 Size min 1, max 3, avg 1.5
Singletons: 4, 44.4% of seqs, 66.7% of clusters
Multiple alignments 100%
vsearch v2.30.0_linux_x86_64, 94.1GB RAM, 24 cores
https://github.com/torognes/vsearch

Reading file results/clustering/cdr/Amostra1_illu_VH/cdr3_clusters/2d5e54db-536c-4f4c-a933-1d20be1ec839-IGK.fasta 100%
0 nt in 0 seqs
minseqlength 6: 6 sequences discarded.
Masking 100%
Sorting by length 100%
Counting k-mers 100%
Clustering 100%
Sorting clusters 100%
Writing clusters 100%
Clusters: 0
Singletons: 0
Multiple alignments 100%
vsearch v2.30.0_linux_x86_64, 94.1GB RAM, 24 cores
https://github.com/torognes/vsearch

Reading file results/clustering/cdr/Amostra1_illu_VH/cdr3_clusters/d0aa8f47-7937-4d0e-b7ad-111a18655d6d-IGH.fasta 100%
588 nt in 11 seqs, min 33, max 66, avg 53
Masking 100%
Sorting by length 100%
Counting k-mers 100%
Clustering 100%
Sorting clusters 100%
Writing clusters 100%
Clusters: 11 Size min 1, max 1, avg 1.0
Singletons: 11, 100.0% of seqs, 100.0% of clusters
Multiple alignments 100%
vsearch v2.30.0_linux_x86_64, 94.1GB RAM, 24 cores
https://github.com/torognes/vsearch

Reading file results/clustering/cdr/Amostra1_illu_VH/cdr3_clusters/97013d2c-ee5f-407e-a1be-234755ad3949-IGH.fasta 100%
3811 nt in 82 seqs, min 30, max 69, avg 46
Masking 100%
Sorting by length 100%
Counting k-mers 100%
Clustering 100%
Sorting clusters 100%
Writing clusters 100%
Clusters: 69 Size min 1, max 4, avg 1.2
Singletons: 60, 73.2% of seqs, 87.0% of clusters
Multiple alignments 100%
vsearch v2.30.0_linux_x86_64, 94.1GB RAM, 24 cores
https://github.com/torognes/vsearch

Reading file results/clustering/cdr/Amostra1_illu_VH/cdr3_clusters/22bb92b1-038c-404f-a1b0-a6b34e3dca77-IGK.fasta 100%
0 nt in 0 seqs
minseqlength 6: 12 sequences discarded.
Masking 100%
Sorting by length 100%
Counting k-mers 100%
Clustering 100%
Sorting clusters 100%
Writing clusters 100%
Clusters: 0
Singletons: 0
Multiple alignments 100%
vsearch v2.30.0_linux_x86_64, 94.1GB RAM, 24 cores
https://github.com/torognes/vsearch

Reading file results/clustering/cdr/Amostra1_illu_VH/cdr3_clusters/9311d80f-dd74-4d02-83da-038b0a08f8dd-IGH.fasta 100%
2904 nt in 103 seqs, min 21, max 33, avg 28
minseqlength 6: 1 sequence discarded.
Masking 100%
Sorting by length 100%
Counting k-mers 100%
Clustering 100%
Sorting clusters 100%
Writing clusters 100%
Clusters: 70 Size min 1, max 16, avg 1.5
Singletons: 59, 57.3% of seqs, 84.3% of clusters
Multiple alignments 100%
vsearch v2.30.0_linux_x86_64, 94.1GB RAM, 24 cores
https://github.com/torognes/vsearch

Reading file results/clustering/cdr/Amostra1_illu_VH/cdr3_clusters/18ea6995-311c-44d3-a754-65bb140c4572-IGH.fasta 100%
300 nt in 9 seqs, min 27, max 42, avg 33
Masking 100%
Sorting by length 100%
Counting k-mers 100%
Clustering 100%
Sorting clusters 100%
Writing clusters 100%
Clusters: 8 Size min 1, max 2, avg 1.1
Singletons: 7, 77.8% of seqs, 87.5% of clusters
Multiple alignments 100%
vsearch v2.30.0_linux_x86_64, 94.1GB RAM, 24 cores
https://github.com/torognes/vsearch

Reading file results/clustering/cdr/Amostra1_illu_VH/cdr3_clusters/297a1c7b-d640-4877-9587-fd81ca24f6ac-IGH.fasta 100%
4773 nt in 117 seqs, min 24, max 63, avg 41
minseqlength 6: 1 sequence discarded.
Masking 100%
Sorting by length 100%
Counting k-mers 100%
Clustering 100%
Sorting clusters 100%
Writing clusters 100%
Clusters: 95 Size min 1, max 5, avg 1.2
Singletons: 81, 69.2% of seqs, 85.3% of clusters
Multiple alignments 100%
vsearch v2.30.0_linux_x86_64, 94.1GB RAM, 24 cores
https://github.com/torognes/vsearch

Reading file results/clustering/cdr/Amostra1_illu_VH/cdr3_clusters/08a7cb1f-25cc-4004-92dd-6b95349157c5-IGH.fasta 100%
162 nt in 5 seqs, min 24, max 36, avg 32
Masking 100%
Sorting by length 100%
Counting k-mers 100%
Clustering 100%
Sorting clusters 100%
Writing clusters 100%
Clusters: 4 Size min 1, max 2, avg 1.2
Singletons: 3, 60.0% of seqs, 75.0% of clusters
Multiple alignments 100%
vsearch v2.30.0_linux_x86_64, 94.1GB RAM, 24 cores
https://github.com/torognes/vsearch

Reading file results/clustering/cdr/Amostra1_illu_VH/cdr3_clusters/8fd697e8-8f41-4244-b63c-51197f12a4d4-IGH.fasta 100%
2065 nt in 52 seqs, min 18, max 60, avg 40
Masking 100%
Sorting by length 100%
Counting k-mers 100%
Clustering 100%
Sorting clusters 100%
Writing clusters 100%
Clusters: 47 Size min 1, max 2, avg 1.1
Singletons: 42, 80.8% of seqs, 89.4% of clusters
Multiple alignments 100%
vsearch v2.30.0_linux_x86_64, 94.1GB RAM, 24 cores
https://github.com/torognes/vsearch

Reading file results/clustering/cdr/Amostra1_illu_VH/cdr3_clusters/455c27f6-dae9-4cad-a7d1-e5ebe6248023-IGH.fasta 100%
528 nt in 22 seqs, min 24, max 24, avg 24
minseqlength 6: 7 sequences discarded.
Masking 100%
Sorting by length 100%
Counting k-mers 100%
Clustering 100%
Sorting clusters 100%
Writing clusters 100%
Clusters: 16 Size min 1, max 7, avg 1.4
Singletons: 15, 68.2% of seqs, 93.8% of clusters
Multiple alignments 100%
vsearch v2.30.0_linux_x86_64, 94.1GB RAM, 24 cores
https://github.com/torognes/vsearch

Reading file results/clustering/cdr/Amostra1_illu_VH/cdr3_clusters/d4d149f1-b5bd-4585-800e-ca19e8466535-IGH.fasta 100%
2074 nt in 94 seqs, min 15, max 25, avg 22
minseqlength 6: 83 sequences discarded.
Masking 100%
Sorting by length 100%
Counting k-mers 100%
Clustering 100%
Sorting clusters 100%
Writing clusters 100%
Clusters: 59 Size min 1, max 22, avg 1.6
Singletons: 47, 50.0% of seqs, 79.7% of clusters
Multiple alignments 100%
vsearch v2.30.0_linux_x86_64, 94.1GB RAM, 24 cores
https://github.com/torognes/vsearch

Reading file results/clustering/cdr/Amostra1_illu_VH/cdr3_clusters/477a0db9-696f-4bb8-b334-ec3eb3e98f65-IGK.fasta 100%
0 nt in 0 seqs
minseqlength 6: 5 sequences discarded.
Masking 100%
Sorting by length 100%
Counting k-mers 100%
Clustering 100%
Sorting clusters 100%
Writing clusters 100%
Clusters: 0
Singletons: 0
Multiple alignments 100%
vsearch v2.30.0_linux_x86_64, 94.1GB RAM, 24 cores
https://github.com/torognes/vsearch

Reading file results/clustering/cdr/Amostra1_illu_VH/cdr3_clusters/86f9238d-5e31-4cf3-b4ea-65eacc507b44-IGH.fasta 100%
58226 nt in 1485 seqs, min 21, max 66, avg 39
minseqlength 6: 11 sequences discarded.
Masking 100%
Sorting by length 100%
Counting k-mers 100%
Clustering 100%
Sorting clusters 100%
Writing clusters 100%
Clusters: 1253 Size min 1, max 15, avg 1.2
Singletons: 1096, 73.8% of seqs, 87.5% of clusters
Multiple alignments 100%
vsearch v2.30.0_linux_x86_64, 94.1GB RAM, 24 cores
https://github.com/torognes/vsearch

Reading file results/clustering/cdr/Amostra1_illu_VH/cdr3_clusters/77f51104-d4d8-4d4a-82ef-0d3b3631a777-IGH.fasta 100%
9025 nt in 282 seqs, min 16, max 48, avg 32
minseqlength 6: 42 sequences discarded.
Masking 100%
Sorting by length 100%
Counting k-mers 100%
Clustering 100%
Sorting clusters 100%
Writing clusters 100%
Clusters: 162 Size min 1, max 53, avg 1.7
Singletons: 132, 46.8% of seqs, 81.5% of clusters
Multiple alignments 100%
vsearch v2.30.0_linux_x86_64, 94.1GB RAM, 24 cores
https://github.com/torognes/vsearch

Reading file results/clustering/cdr/Amostra1_illu_VH/cdr3_clusters/8e302671-666b-43b9-8727-e4abd3786291-IGH.fasta 100%
52406 nt in 1615 seqs, min 11, max 50, avg 32
minseqlength 6: 53 sequences discarded.
Masking 100%
Sorting by length 100%
Counting k-mers 100%
Clustering 100%
Sorting clusters 100%
Writing clusters 100%
Clusters: 1142 Size min 1, max 41, avg 1.4
Singletons: 956, 59.2% of seqs, 83.7% of clusters
Multiple alignments 100%
vsearch v2.30.0_linux_x86_64, 94.1GB RAM, 24 cores
https://github.com/torognes/vsearch

Reading file results/clustering/cdr/Amostra1_illu_VH/cdr3_clusters/3fc83484-695d-429b-bb72-6a0ae3827c82-IGH.fasta 100%
567 nt in 13 seqs, min 42, max 48, avg 44
Masking 100%
Sorting by length 100%
Counting k-mers 100%
Clustering 100%
Sorting clusters 100%
Writing clusters 100%
Clusters: 10 Size min 1, max 3, avg 1.3
Singletons: 8, 61.5% of seqs, 80.0% of clusters
Multiple alignments 100%
vsearch v2.30.0_linux_x86_64, 94.1GB RAM, 24 cores
https://github.com/torognes/vsearch

Reading file results/clustering/cdr/Amostra1_illu_VH/cdr3_clusters/850b2198-030e-4638-ae25-aff6552e438a-IGH.fasta 100%
957 nt in 20 seqs, min 24, max 63, avg 48
Masking 100%
Sorting by length 100%
Counting k-mers 100%
Clustering 100%
Sorting clusters 100%
Writing clusters 100%
Clusters: 17 Size min 1, max 4, avg 1.2
Singletons: 16, 80.0% of seqs, 94.1% of clusters
Multiple alignments 100%
vsearch v2.30.0_linux_x86_64, 94.1GB RAM, 24 cores
https://github.com/torognes/vsearch

Reading file results/clustering/cdr/Amostra1_illu_VH/cdr3_clusters/25eb5657-05c1-46ed-aba1-9a6976fdc83e-IGH.fasta 100%
100448 nt in 2016 seqs, min 24, max 78, avg 50
minseqlength 6: 1 sequence discarded.
Masking 100%
Sorting by length 100%
Counting k-mers 100%
Clustering 100%
Sorting clusters 100%
Writing clusters 100%
Clusters: 1570 Size min 1, max 63, avg 1.3
Singletons: 1346, 66.8% of seqs, 85.7% of clusters
Multiple alignments 100%
vsearch v2.30.0_linux_x86_64, 94.1GB RAM, 24 cores
https://github.com/torognes/vsearch

Reading file results/clustering/cdr/Amostra1_illu_VH/cdr3_clusters/60c56da6-0dd1-4c86-90c5-1cd07a0bf748-IGH.fasta 100%
243 nt in 9 seqs, min 18, max 30, avg 27
Masking 100%
Sorting by length 100%
Counting k-mers 100%
Clustering 100%
Sorting clusters 100%
Writing clusters 100%
Clusters: 8 Size min 1, max 2, avg 1.1
Singletons: 7, 77.8% of seqs, 87.5% of clusters
Multiple alignments 100%
vsearch v2.30.0_linux_x86_64, 94.1GB RAM, 24 cores
https://github.com/torognes/vsearch

Reading file results/clustering/cdr/Amostra1_illu_VH/cdr3_clusters/dd530e3a-4c23-478a-ab6d-b97f20eb017c-IGH.fasta 100%
435 nt in 8 seqs, min 45, max 60, avg 54
Masking 100%
Sorting by length 100%
Counting k-mers 100%
Clustering 100%
Sorting clusters 100%
Writing clusters 100%
Clusters: 7 Size min 1, max 2, avg 1.1
Singletons: 6, 75.0% of seqs, 85.7% of clusters
Multiple alignments 100%
vsearch v2.30.0_linux_x86_64, 94.1GB RAM, 24 cores
https://github.com/torognes/vsearch

Reading file results/clustering/cdr/Amostra1_illu_VH/cdr3_clusters/ea44bdcf-64a4-4d8b-a828-7c58a1f50fc8-IGH.fasta 100%
255 nt in 5 seqs, min 45, max 54, avg 51
Masking 100%
Sorting by length 100%
Counting k-mers 100%
Clustering 100%
Sorting clusters 100%
Writing clusters 100%
Clusters: 4 Size min 1, max 2, avg 1.2
Singletons: 3, 60.0% of seqs, 75.0% of clusters
Multiple alignments 100%
vsearch v2.30.0_linux_x86_64, 94.1GB RAM, 24 cores
https://github.com/torognes/vsearch

Reading file results/clustering/cdr/Amostra1_illu_VH/cdr3_clusters/b317eea2-a966-4579-84a3-ff3758e11d62-IGH.fasta 100%
4528 nt in 145 seqs, min 15, max 39, avg 31
minseqlength 6: 3 sequences discarded.
Masking 100%
Sorting by length 100%
Counting k-mers 100%
Clustering 100%
Sorting clusters 100%
Writing clusters 100%
Clusters: 113 Size min 1, max 5, avg 1.3
Singletons: 90, 62.1% of seqs, 79.6% of clusters
Multiple alignments 100%
vsearch v2.30.0_linux_x86_64, 94.1GB RAM, 24 cores
https://github.com/torognes/vsearch

Reading file results/clustering/cdr/Amostra1_illu_VH/cdr3_clusters/869572d2-e15a-44b4-bdef-060f829d8ae8-IGH.fasta 100%
249 nt in 7 seqs, min 27, max 39, avg 36
Masking 100%
Sorting by length 100%
Counting k-mers 100%
Clustering 100%
Sorting clusters 100%
Writing clusters 100%
Clusters: 6 Size min 1, max 2, avg 1.2
Singletons: 5, 71.4% of seqs, 83.3% of clusters
Multiple alignments 100%
vsearch v2.30.0_linux_x86_64, 94.1GB RAM, 24 cores
https://github.com/torognes/vsearch

Reading file results/clustering/cdr/Amostra1_illu_VH/cdr3_clusters/dcf211ab-13d0-4a9f-9e8a-5c4c61b782fd-IGH.fasta 100%
1447 nt in 46 seqs, min 18, max 45, avg 31
minseqlength 6: 4 sequences discarded.
Masking 100%
Sorting by length 100%
Counting k-mers 100%
Clustering 100%
Sorting clusters 100%
Writing clusters 100%
Clusters: 40 Size min 1, max 2, avg 1.1
Singletons: 34, 73.9% of seqs, 85.0% of clusters
Multiple alignments 100%
vsearch v2.30.0_linux_x86_64, 94.1GB RAM, 24 cores
https://github.com/torognes/vsearch

Reading file results/clustering/cdr/Amostra1_illu_VH/cdr3_clusters/5e18fd7c-1723-418a-9735-0befadaed6e3-IGH.fasta 100%
803 nt in 30 seqs, min 15, max 30, avg 27
minseqlength 6: 2 sequences discarded.
Masking 100%
Sorting by length 100%
Counting k-mers 100%
Clustering 100%
Sorting clusters 100%
Writing clusters 100%
Clusters: 22 Size min 1, max 7, avg 1.4
Singletons: 19, 63.3% of seqs, 86.4% of clusters
Multiple alignments 100%
vsearch v2.30.0_linux_x86_64, 94.1GB RAM, 24 cores
https://github.com/torognes/vsearch

Reading file results/clustering/cdr/Amostra1_illu_VH/cdr3_clusters/257269ed-355d-4ff0-b677-d6ff26aaa16c-IGH.fasta 100%
150 nt in 5 seqs, min 24, max 36, avg 30
Masking 100%
Sorting by length 100%
Counting k-mers 100%
Clustering 100%
Sorting clusters 100%
Writing clusters 100%
Clusters: 4 Size min 1, max 2, avg 1.2
Singletons: 3, 60.0% of seqs, 75.0% of clusters
Multiple alignments 100%
vsearch v2.30.0_linux_x86_64, 94.1GB RAM, 24 cores
https://github.com/torognes/vsearch

Reading file results/clustering/cdr/Amostra1_illu_VH/cdr3_clusters/64229fff-6c98-4f00-a9b7-72290e6e1aa5-IGH.fasta 100%
1213 nt in 26 seqs, min 30, max 60, avg 47
Masking 100%
Sorting by length 100%
Counting k-mers 100%
Clustering 100%
Sorting clusters 100%
Writing clusters 100%
Clusters: 20 Size min 1, max 5, avg 1.3
Singletons: 18, 69.2% of seqs, 90.0% of clusters
Multiple alignments 100%
vsearch v2.30.0_linux_x86_64, 94.1GB RAM, 24 cores
https://github.com/torognes/vsearch

Reading file results/clustering/cdr/Amostra1_illu_VH/cdr3_clusters/646e7472-7541-40a8-b11b-5523f4e10e7e-IGH.fasta 100%
204 nt in 6 seqs, min 27, max 60, avg 34
Masking 100%
Sorting by length 100%
Counting k-mers 100%
Clustering 100%
Sorting clusters 100%
Writing clusters 100%
Clusters: 4 Size min 1, max 2, avg 1.5
Singletons: 2, 33.3% of seqs, 50.0% of clusters
Multiple alignments 100%
vsearch v2.30.0_linux_x86_64, 94.1GB RAM, 24 cores
https://github.com/torognes/vsearch

Reading file results/clustering/cdr/Amostra1_illu_VH/cdr3_clusters/f7daab20-84c8-47bb-af21-5e9f34c0257b-IGH.fasta 100%
438 nt in 8 seqs, min 30, max 60, avg 55
minseqlength 6: 1 sequence discarded.
Masking 100%
Sorting by length 100%
Counting k-mers 100%
Clustering 100%
Sorting clusters 100%
Writing clusters 100%
Clusters: 4 Size min 1, max 5, avg 2.0
Singletons: 3, 37.5% of seqs, 75.0% of clusters
Multiple alignments 100%
vsearch v2.30.0_linux_x86_64, 94.1GB RAM, 24 cores
https://github.com/torognes/vsearch

Reading file results/clustering/cdr/Amostra1_illu_VH/cdr3_clusters/3ec9b3fc-a37f-4ddc-a127-4de9b1106d38-IGH.fasta 100%
4832 nt in 104 seqs, min 21, max 62, avg 46
minseqlength 6: 1 sequence discarded.
Masking 100%
Sorting by length 100%
Counting k-mers 100%
Clustering 100%
Sorting clusters 100%
Writing clusters 100%
Clusters: 88 Size min 1, max 9, avg 1.2
Singletons: 82, 78.8% of seqs, 93.2% of clusters
Multiple alignments 100%
vsearch v2.30.0_linux_x86_64, 94.1GB RAM, 24 cores
https://github.com/torognes/vsearch

Reading file results/clustering/cdr/Amostra1_illu_VH/cdr3_clusters/0fc6a98b-eb50-4c9d-bb93-f8930ddb2954-IGH.fasta 100%
1468 nt in 38 seqs, min 18, max 51, avg 39
minseqlength 6: 1 sequence discarded.
Masking 100%
Sorting by length 100%
Counting k-mers 100%
Clustering 100%
Sorting clusters 100%
Writing clusters 100%
Clusters: 30 Size min 1, max 3, avg 1.3
Singletons: 24, 63.2% of seqs, 80.0% of clusters
Multiple alignments 100%
vsearch v2.30.0_linux_x86_64, 94.1GB RAM, 24 cores
https://github.com/torognes/vsearch

Reading file results/clustering/cdr/Amostra1_illu_VH/cdr3_clusters/80a942ab-e46a-43b8-a341-e7a1833d3d69-IGH.fasta 100%
952 nt in 23 seqs, min 30, max 51, avg 41
Masking 100%
Sorting by length 100%
Counting k-mers 100%
Clustering 100%
Sorting clusters 100%
Writing clusters 100%
Clusters: 20 Size min 1, max 4, avg 1.1
Singletons: 19, 82.6% of seqs, 95.0% of clusters
Multiple alignments 100%
vsearch v2.30.0_linux_x86_64, 94.1GB RAM, 24 cores
https://github.com/torognes/vsearch

Reading file results/clustering/cdr/Amostra1_illu_VH/cdr3_clusters/72a32ea0-8782-497a-a31d-67b85b8fa6ab-IGH.fasta 100%
253 nt in 6 seqs, min 30, max 48, avg 42
Masking 100%
Sorting by length 100%
Counting k-mers 100%
Clustering 100%
Sorting clusters 100%
Writing clusters 100%
Clusters: 6 Size min 1, max 1, avg 1.0
Singletons: 6, 100.0% of seqs, 100.0% of clusters
Multiple alignments 100%
vsearch v2.30.0_linux_x86_64, 94.1GB RAM, 24 cores
https://github.com/torognes/vsearch

Reading file results/clustering/cdr/Amostra1_illu_VH/cdr3_clusters/f0c6a4ec-3543-48b1-95d5-ff7772487b13-IGH.fasta 100%
1914 nt in 52 seqs, min 24, max 51, avg 37
Masking 100%
Sorting by length 100%
Counting k-mers 100%
Clustering 100%
Sorting clusters 100%
Writing clusters 100%
Clusters: 42 Size min 1, max 6, avg 1.2
Singletons: 37, 71.2% of seqs, 88.1% of clusters
Multiple alignments 100%
vsearch v2.30.0_linux_x86_64, 94.1GB RAM, 24 cores
https://github.com/torognes/vsearch

Reading file results/clustering/cdr/Amostra1_illu_VH/cdr3_clusters/87fc5ba7-8189-4544-944d-775e6acc24c0-IGH.fasta 100%
819 nt in 21 seqs, min 36, max 60, avg 39
Masking 100%
Sorting by length 100%
Counting k-mers 100%
Clustering 100%
Sorting clusters 100%
Writing clusters 100%
Clusters: 10 Size min 1, max 12, avg 2.1
Singletons: 9, 42.9% of seqs, 90.0% of clusters
Multiple alignments 100%
vsearch v2.30.0_linux_x86_64, 94.1GB RAM, 24 cores
https://github.com/torognes/vsearch

Reading file results/clustering/cdr/Amostra1_illu_VH/cdr3_clusters/46ce664f-30a3-4272-8a35-bb6a8c48ee90-IGK.fasta 100%
0 nt in 0 seqs
minseqlength 6: 18 sequences discarded.
Masking 100%
Sorting by length 100%
Counting k-mers 100%
Clustering 100%
Sorting clusters 100%
Writing clusters 100%
Clusters: 0
Singletons: 0
Multiple alignments 100%
vsearch v2.30.0_linux_x86_64, 94.1GB RAM, 24 cores
https://github.com/torognes/vsearch

Reading file results/clustering/cdr/Amostra1_illu_VH/cdr3_clusters/2132fd67-df37-4052-8eac-dbc14c96ab47-IGH.fasta 100%
4056 nt in 135 seqs, min 27, max 36, avg 30
Masking 100%
Sorting by length 100%
Counting k-mers 100%
Clustering 100%
Sorting clusters 100%
Writing clusters 100%
Clusters: 21 Size min 1, max 83, avg 6.4
Singletons: 16, 11.9% of seqs, 76.2% of clusters
Multiple alignments 100%
vsearch v2.30.0_linux_x86_64, 94.1GB RAM, 24 cores
https://github.com/torognes/vsearch

Reading file results/clustering/cdr/Amostra1_illu_VH/cdr3_clusters/fd06c195-9165-42ce-a4b5-898dc441662a-IGH.fasta 100%
38062 nt in 1158 seqs, min 15, max 51, avg 33
minseqlength 6: 16 sequences discarded.
Masking 100%
Sorting by length 100%
Counting k-mers 100%
Clustering 100%
Sorting clusters 100%
Writing clusters 100%
Clusters: 889 Size min 1, max 27, avg 1.3
Singletons: 755, 65.2% of seqs, 84.9% of clusters
Multiple alignments 100%
vsearch v2.30.0_linux_x86_64, 94.1GB RAM, 24 cores
https://github.com/torognes/vsearch

Reading file results/clustering/cdr/Amostra1_illu_VH/cdr3_clusters/0f82473c-94c4-4a8a-9551-4738786f92cf-IGH.fasta 100%
306 nt in 18 seqs, min 17, max 17, avg 17
minseqlength 6: 1 sequence discarded.
Masking 100%
Sorting by length 100%
Counting k-mers 100%
Clustering 100%
Sorting clusters 100%
Writing clusters 100%
Clusters: 4 Size min 1, max 15, avg 4.5
Singletons: 3, 16.7% of seqs, 75.0% of clusters
Multiple alignments 100%
vsearch v2.30.0_linux_x86_64, 94.1GB RAM, 24 cores
https://github.com/torognes/vsearch

Reading file results/clustering/cdr/Amostra1_illu_VH/cdr3_clusters/1e4eb901-4e07-4cde-bd1e-214012ef8586-IGH.fasta 100%
861 nt in 17 seqs, min 33, max 66, avg 51
Masking 100%
Sorting by length 100%
Counting k-mers 100%
Clustering 100%
Sorting clusters 100%
Writing clusters 100%
Clusters: 14 Size min 1, max 3, avg 1.2
Singletons: 12, 70.6% of seqs, 85.7% of clusters
Multiple alignments 100%
vsearch v2.30.0_linux_x86_64, 94.1GB RAM, 24 cores
https://github.com/torognes/vsearch

Reading file results/clustering/cdr/Amostra1_illu_VH/cdr3_clusters/ed15c7ac-97cd-44b9-920c-36d6b40281db-IGH.fasta 100%
249 nt in 13 seqs, min 18, max 27, avg 19
minseqlength 6: 2 sequences discarded.
Masking 100%
Sorting by length 100%
Counting k-mers 100%
Clustering 100%
Sorting clusters 100%
Writing clusters 100%
Clusters: 11 Size min 1, max 2, avg 1.2
Singletons: 9, 69.2% of seqs, 81.8% of clusters
Multiple alignments 100%
vsearch v2.30.0_linux_x86_64, 94.1GB RAM, 24 cores
https://github.com/torognes/vsearch

Reading file results/clustering/cdr/Amostra1_illu_VH/cdr3_clusters/b424cd12-7321-42e4-8820-93747d11af04-IGH.fasta 100%
2132 nt in 55 seqs, min 18, max 58, avg 39
minseqlength 6: 1 sequence discarded.
Masking 100%
Sorting by length 100%
Counting k-mers 100%
Clustering 100%
Sorting clusters 100%
Writing clusters 100%
Clusters: 49 Size min 1, max 3, avg 1.1
Singletons: 44, 80.0% of seqs, 89.8% of clusters
Multiple alignments 100%
vsearch v2.30.0_linux_x86_64, 94.1GB RAM, 24 cores
https://github.com/torognes/vsearch

Reading file results/clustering/cdr/Amostra1_illu_VH/cdr3_clusters/87a071b8-7fd9-4a51-bdea-7cd9a76181a1-IGH.fasta 100%
6917 nt in 226 seqs, min 15, max 48, avg 31
minseqlength 6: 6 sequences discarded.
Masking 100%
Sorting by length 100%
Counting k-mers 100%
Clustering 100%
Sorting clusters 100%
Writing clusters 100%
Clusters: 163 Size min 1, max 46, avg 1.4
Singletons: 152, 67.3% of seqs, 93.3% of clusters
Multiple alignments 100%
vsearch v2.30.0_linux_x86_64, 94.1GB RAM, 24 cores
https://github.com/torognes/vsearch

Reading file results/clustering/cdr/Amostra1_illu_VH/cdr3_clusters/699c7fdf-af4a-4dcd-867e-4051cd3c9047-IGH.fasta 100%
393 nt in 11 seqs, min 27, max 45, avg 36
Masking 100%
Sorting by length 100%
Counting k-mers 100%
Clustering 100%
Sorting clusters 100%
Writing clusters 100%
Clusters: 10 Size min 1, max 2, avg 1.1
Singletons: 9, 81.8% of seqs, 90.0% of clusters
Multiple alignments 100%
vsearch v2.30.0_linux_x86_64, 94.1GB RAM, 24 cores
https://github.com/torognes/vsearch

Reading file results/clustering/cdr/Amostra1_illu_VH/cdr3_clusters/5d872d15-a6ea-4858-a037-aa9cb743489e-IGH.fasta 100%
515 nt in 12 seqs, min 27, max 57, avg 43
Masking 100%
Sorting by length 100%
Counting k-mers 100%
Clustering 100%
Sorting clusters 100%
Writing clusters 100%
Clusters: 10 Size min 1, max 3, avg 1.2
Singletons: 9, 75.0% of seqs, 90.0% of clusters
Multiple alignments 100%
vsearch v2.30.0_linux_x86_64, 94.1GB RAM, 24 cores
https://github.com/torognes/vsearch

Reading file results/clustering/cdr/Amostra1_illu_VH/cdr3_clusters/09615ffb-aa18-4849-b3d5-1e04180ef812-IGH.fasta 100%
189 nt in 6 seqs, min 27, max 33, avg 32
Masking 100%
Sorting by length 100%
Counting k-mers 100%
Clustering 100%
Sorting clusters 100%
Writing clusters 100%
Clusters: 3 Size min 1, max 4, avg 2.0
Singletons: 2, 33.3% of seqs, 66.7% of clusters
Multiple alignments 100%
vsearch v2.30.0_linux_x86_64, 94.1GB RAM, 24 cores
https://github.com/torognes/vsearch

Reading file results/clustering/cdr/Amostra1_illu_VH/cdr3_clusters/ee098764-e9bd-4c01-b02b-64e9f8c9c7e4-IGK.fasta 100%
0 nt in 0 seqs
minseqlength 6: 5 sequences discarded.
Masking 100%
Sorting by length 100%
Counting k-mers 100%
Clustering 100%
Sorting clusters 100%
Writing clusters 100%
Clusters: 0
Singletons: 0
Multiple alignments 100%
vsearch v2.30.0_linux_x86_64, 94.1GB RAM, 24 cores
https://github.com/torognes/vsearch

Reading file results/clustering/cdr/Amostra1_illu_VH/cdr3_clusters/1d86c5bc-6450-4989-8a97-4b2a1983f5dd-IGH.fasta 100%
162 nt in 9 seqs, min 18, max 18, avg 18
Masking 100%
Sorting by length 100%
Counting k-mers 100%
Clustering 100%
Sorting clusters 100%
Writing clusters 100%
Clusters: 2 Size min 1, max 8, avg 4.5
Singletons: 1, 11.1% of seqs, 50.0% of clusters
Multiple alignments 100%
vsearch v2.30.0_linux_x86_64, 94.1GB RAM, 24 cores
https://github.com/torognes/vsearch

Reading file results/clustering/cdr/Amostra1_illu_VH/cdr3_clusters/0b860b8c-ac41-470c-b548-8c9f6c7ae65f-IGH.fasta 100%
276 nt in 6 seqs, min 33, max 57, avg 46
Masking 100%
Sorting by length 100%
Counting k-mers 100%
Clustering 100%
Sorting clusters 100%
Writing clusters 100%
Clusters: 6 Size min 1, max 1, avg 1.0
Singletons: 6, 100.0% of seqs, 100.0% of clusters
Multiple alignments 100%
vsearch v2.30.0_linux_x86_64, 94.1GB RAM, 24 cores
https://github.com/torognes/vsearch

Reading file results/clustering/cdr/Amostra1_illu_VH/cdr3_clusters/387b6326-eb92-4764-a847-f408fa9a4099-IGH.fasta 100%
1862 nt in 58 seqs, min 21, max 45, avg 32
minseqlength 6: 1 sequence discarded.
Masking 100%
Sorting by length 100%
Counting k-mers 100%
Clustering 100%
Sorting clusters 100%
Writing clusters 100%
Clusters: 41 Size min 1, max 14, avg 1.4
Singletons: 39, 67.2% of seqs, 95.1% of clusters
Multiple alignments 100%
vsearch v2.30.0_linux_x86_64, 94.1GB RAM, 24 cores
https://github.com/torognes/vsearch

Reading file results/clustering/cdr/Amostra1_illu_VH/cdr3_clusters/9f6440cd-c3b9-45e2-b732-81000679f5a1-IGH.fasta 100%
121 nt in 7 seqs, min 10, max 30, avg 17
minseqlength 6: 13 sequences discarded.
Masking 100%
Sorting by length 100%
Counting k-mers 100%
Clustering 100%
Sorting clusters 100%
Writing clusters 100%
Clusters: 7 Size min 1, max 1, avg 1.0
Singletons: 7, 100.0% of seqs, 100.0% of clusters
Multiple alignments 100%
vsearch v2.30.0_linux_x86_64, 94.1GB RAM, 24 cores
https://github.com/torognes/vsearch

Reading file results/clustering/cdr/Amostra1_illu_VH/cdr3_clusters/a01b22bb-738c-49f2-8941-29a3c3d8d5e7-IGH.fasta 100%
1883 nt in 36 seqs, min 33, max 57, avg 52
Masking 100%
Sorting by length 100%
Counting k-mers 100%
Clustering 100%
Sorting clusters 100%
Writing clusters 100%
Clusters: 14 Size min 1, max 22, avg 2.6
Singletons: 12, 33.3% of seqs, 85.7% of clusters
Multiple alignments 100%
vsearch v2.30.0_linux_x86_64, 94.1GB RAM, 24 cores
https://github.com/torognes/vsearch

Reading file results/clustering/cdr/Amostra1_illu_VH/cdr3_clusters/225a8e7e-6c0a-4201-b6a0-adf2924045f4-IGH.fasta 100%
148 nt in 5 seqs, min 29, max 30, avg 30
Masking 100%
Sorting by length 100%
Counting k-mers 100%
Clustering 100%
Sorting clusters 100%
Writing clusters 100%
Clusters: 2 Size min 1, max 4, avg 2.5
Singletons: 1, 20.0% of seqs, 50.0% of clusters
Multiple alignments 100%
vsearch v2.30.0_linux_x86_64, 94.1GB RAM, 24 cores
https://github.com/torognes/vsearch

Reading file results/clustering/cdr/Amostra1_illu_VH/cdr3_clusters/9868fdc5-8885-44d9-bf19-cd3c88cec1df-IGH.fasta 100%
18174 nt in 483 seqs, min 18, max 58, avg 38
minseqlength 6: 2 sequences discarded.
Masking 100%
Sorting by length 100%
Counting k-mers 100%
Clustering 100%
Sorting clusters 100%
Writing clusters 100%
Clusters: 401 Size min 1, max 14, avg 1.2
Singletons: 346, 71.6% of seqs, 86.3% of clusters
Multiple alignments 100%
vsearch v2.30.0_linux_x86_64, 94.1GB RAM, 24 cores
https://github.com/torognes/vsearch

Reading file results/clustering/cdr/Amostra1_illu_VH/cdr3_clusters/d5018f7d-8948-432f-921b-19f34c1cd12d-IGH.fasta 100%
1443 nt in 34 seqs, min 24, max 54, avg 42
Masking 100%
Sorting by length 100%
Counting k-mers 100%
Clustering 100%
Sorting clusters 100%
Writing clusters 100%
Clusters: 31 Size min 1, max 2, avg 1.1
Singletons: 28, 82.4% of seqs, 90.3% of clusters
Multiple alignments 100%
vsearch v2.30.0_linux_x86_64, 94.1GB RAM, 24 cores
https://github.com/torognes/vsearch

Reading file results/clustering/cdr/Amostra1_illu_VH/cdr3_clusters/21c76b1a-9d16-459c-838a-8416d69c0775-IGH.fasta 100%
378 nt in 7 seqs, min 54, max 54, avg 54
Masking 100%
Sorting by length 100%
Counting k-mers 100%
Clustering 100%
Sorting clusters 100%
Writing clusters 100%
Clusters: 1 Size min 7, max 7, avg 7.0
Singletons: 0, 0.0% of seqs, 0.0% of clusters
Multiple alignments 100%
vsearch v2.30.0_linux_x86_64, 94.1GB RAM, 24 cores
https://github.com/torognes/vsearch

Reading file results/clustering/cdr/Amostra1_illu_VH/cdr3_clusters/5a55e8eb-bf54-4cf1-818c-da17734f2094-IGH.fasta 100%
2538 nt in 75 seqs, min 18, max 45, avg 34
minseqlength 6: 2 sequences discarded.
Masking 100%
Sorting by length 100%
Counting k-mers 100%
Clustering 100%
Sorting clusters 100%
Writing clusters 100%
Clusters: 59 Size min 1, max 4, avg 1.3
Singletons: 47, 62.7% of seqs, 79.7% of clusters
Multiple alignments 100%
vsearch v2.30.0_linux_x86_64, 94.1GB RAM, 24 cores
https://github.com/torognes/vsearch

Reading file results/clustering/cdr/Amostra1_illu_VH/cdr3_clusters/2110263a-459b-4253-9e0c-425e3e69b92c-IGH.fasta 100%
303 nt in 8 seqs, min 30, max 45, avg 38
Masking 100%
Sorting by length 100%
Counting k-mers 100%
Clustering 100%
Sorting clusters 100%
Writing clusters 100%
Clusters: 7 Size min 1, max 2, avg 1.1
Singletons: 6, 75.0% of seqs, 85.7% of clusters
Multiple alignments 100%
vsearch v2.30.0_linux_x86_64, 94.1GB RAM, 24 cores
https://github.com/torognes/vsearch

Reading file results/clustering/cdr/Amostra1_illu_VH/cdr3_clusters/04c057fe-6346-44ec-a1f7-a3d0815b5d6e-IGH.fasta 100%
23112 nt in 670 seqs, min 15, max 51, avg 34
minseqlength 6: 3 sequences discarded.
Masking 100%
Sorting by length 100%
Counting k-mers 100%
Clustering 100%
Sorting clusters 100%
Writing clusters 100%
Clusters: 528 Size min 1, max 11, avg 1.3
Singletons: 458, 68.4% of seqs, 86.7% of clusters
Multiple alignments 100%
vsearch v2.30.0_linux_x86_64, 94.1GB RAM, 24 cores
https://github.com/torognes/vsearch

Reading file results/clustering/cdr/Amostra1_illu_VH/cdr3_clusters/b4d319cb-4887-4a2d-aa13-1122e0ce19d3-IGH.fasta 100%
243 nt in 7 seqs, min 27, max 36, avg 35
minseqlength 6: 1 sequence discarded.
Masking 100%
Sorting by length 100%
Counting k-mers 100%
Clustering 100%
Sorting clusters 100%
Writing clusters 100%
Clusters: 5 Size min 1, max 2, avg 1.4
Singletons: 3, 42.9% of seqs, 60.0% of clusters
Multiple alignments 100%
vsearch v2.30.0_linux_x86_64, 94.1GB RAM, 24 cores
https://github.com/torognes/vsearch

Reading file results/clustering/cdr/Amostra1_illu_VH/cdr3_clusters/7d0054ce-c6a3-4e74-a959-82e480263c5c-IGH.fasta 100%
1114 nt in 16 seqs, min 54, max 87, avg 70
Masking 100%
Sorting by length 100%
Counting k-mers 100%
Clustering 100%
Sorting clusters 100%
Writing clusters 100%
Clusters: 16 Size min 1, max 1, avg 1.0
Singletons: 16, 100.0% of seqs, 100.0% of clusters
Multiple alignments 100%
vsearch v2.30.0_linux_x86_64, 94.1GB RAM, 24 cores
https://github.com/torognes/vsearch

Reading file results/clustering/cdr/Amostra1_illu_VH/cdr3_clusters/ab2e5ee5-8e7b-4e69-981b-839fa0b28347-IGH.fasta 100%
2183 nt in 63 seqs, min 18, max 51, avg 35
Masking 100%
Sorting by length 100%
Counting k-mers 100%
Clustering 100%
Sorting clusters 100%
Writing clusters 100%
Clusters: 59 Size min 1, max 2, avg 1.1
Singletons: 55, 87.3% of seqs, 93.2% of clusters
Multiple alignments 100%
vsearch v2.30.0_linux_x86_64, 94.1GB RAM, 24 cores
https://github.com/torognes/vsearch

Reading file results/clustering/cdr/Amostra1_illu_VH/cdr3_clusters/18b3d8f3-405f-4c0f-968e-0a3cd8826baf-IGH.fasta 100%
279 nt in 7 seqs, min 30, max 42, avg 40
Masking 100%
Sorting by length 100%
Counting k-mers 100%
Clustering 100%
Sorting clusters 100%
Writing clusters 100%
Clusters: 4 Size min 1, max 4, avg 1.8
Singletons: 3, 42.9% of seqs, 75.0% of clusters
Multiple alignments 100%
vsearch v2.30.0_linux_x86_64, 94.1GB RAM, 24 cores
https://github.com/torognes/vsearch

Reading file results/clustering/cdr/Amostra1_illu_VH/cdr3_clusters/2fb46222-961b-450c-9698-fc373d5fd0a7-IGK.fasta 100%
618 nt in 21 seqs, min 24, max 30, avg 29
Masking 100%
Sorting by length 100%
Counting k-mers 100%
Clustering 100%
Sorting clusters 100%
Writing clusters 100%
Clusters: 6 Size min 1, max 16, avg 3.5
Singletons: 5, 23.8% of seqs, 83.3% of clusters
Multiple alignments 100%
vsearch v2.30.0_linux_x86_64, 94.1GB RAM, 24 cores
https://github.com/torognes/vsearch

Reading file results/clustering/cdr/Amostra1_illu_VH/cdr3_clusters/137ac11a-292c-4c02-b161-1b8963417335-IGH.fasta 100%
2300 nt in 64 seqs, min 21, max 54, avg 36
minseqlength 6: 1 sequence discarded.
Masking 100%
Sorting by length 100%
Counting k-mers 100%
Clustering 100%
Sorting clusters 100%
Writing clusters 100%
Clusters: 45 Size min 1, max 10, avg 1.4
Singletons: 39, 60.9% of seqs, 86.7% of clusters
Multiple alignments 100%
vsearch v2.30.0_linux_x86_64, 94.1GB RAM, 24 cores
https://github.com/torognes/vsearch

Reading file results/clustering/cdr/Amostra1_illu_VH/cdr3_clusters/a48c18c4-1f6d-4bfb-a457-fe7e0b8b85db-IGH.fasta 100%
3423 nt in 85 seqs, min 21, max 51, avg 40
minseqlength 6: 4 sequences discarded.
Masking 100%
Sorting by length 100%
Counting k-mers 100%
Clustering 100%
Sorting clusters 100%
Writing clusters 100%
Clusters: 44 Size min 1, max 25, avg 1.9
Singletons: 37, 43.5% of seqs, 84.1% of clusters
Multiple alignments 100%
vsearch v2.30.0_linux_x86_64, 94.1GB RAM, 24 cores
https://github.com/torognes/vsearch

Reading file results/clustering/cdr/Amostra1_illu_VH/cdr3_clusters/01fbca37-3bb4-4149-9143-36305425b0a0-IGH.fasta 100%
6101 nt in 238 seqs, min 15, max 33, avg 26
minseqlength 6: 14 sequences discarded.
Masking 100%
Sorting by length 100%
Counting k-mers 100%
Clustering 100%
Sorting clusters 100%
Writing clusters 100%
Clusters: 168 Size min 1, max 24, avg 1.4
Singletons: 148, 62.2% of seqs, 88.1% of clusters
Multiple alignments 100%
vsearch v2.30.0_linux_x86_64, 94.1GB RAM, 24 cores
https://github.com/torognes/vsearch

Reading file results/clustering/cdr/Amostra1_illu_VH/cdr3_clusters/11dafbb6-53d0-4c1a-8a62-bf693230a494-IGH.fasta 100%
20416 nt in 688 seqs, min 21, max 60, avg 30
minseqlength 6: 4 sequences discarded.
Masking 100%
Sorting by length 100%
Counting k-mers 100%
Clustering 100%
Sorting clusters 100%
Writing clusters 100%
Clusters: 161 Size min 1, max 503, avg 4.3
Singletons: 145, 21.1% of seqs, 90.1% of clusters
Multiple alignments 100%
vsearch v2.30.0_linux_x86_64, 94.1GB RAM, 24 cores
https://github.com/torognes/vsearch

Reading file results/clustering/cdr/Amostra1_illu_VH/cdr3_clusters/7228e225-52ef-4af7-bc87-12f6833f2567-IGH.fasta 100%
1089 nt in 37 seqs, min 18, max 42, avg 29
Masking 100%
Sorting by length 100%
Counting k-mers 100%
Clustering 100%
Sorting clusters 100%
Writing clusters 100%
Clusters: 34 Size min 1, max 2, avg 1.1
Singletons: 31, 83.8% of seqs, 91.2% of clusters
Multiple alignments 100%
vsearch v2.30.0_linux_x86_64, 94.1GB RAM, 24 cores
https://github.com/torognes/vsearch

Reading file results/clustering/cdr/Amostra1_illu_VH/cdr3_clusters/91da4d0d-7dc4-43b6-a4cd-535fbaee8e93-IGH.fasta 100%
234 nt in 5 seqs, min 33, max 51, avg 47
Masking 100%
Sorting by length 100%
Counting k-mers 100%
Clustering 100%
Sorting clusters 100%
Writing clusters 100%
Clusters: 5 Size min 1, max 1, avg 1.0
Singletons: 5, 100.0% of seqs, 100.0% of clusters
Multiple alignments 100%
vsearch v2.30.0_linux_x86_64, 94.1GB RAM, 24 cores
https://github.com/torognes/vsearch

Reading file results/clustering/cdr/Amostra1_illu_VH/cdr3_clusters/388ad825-2a3e-4723-b0f5-d3287b3cc933-IGH.fasta 100%
5842 nt in 158 seqs, min 15, max 54, avg 37
Masking 100%
Sorting by length 100%
Counting k-mers 100%
Clustering 100%
Sorting clusters 100%
Writing clusters 100%
Clusters: 130 Size min 1, max 4, avg 1.2
Singletons: 110, 69.6% of seqs, 84.6% of clusters
Multiple alignments 100%
vsearch v2.30.0_linux_x86_64, 94.1GB RAM, 24 cores
https://github.com/torognes/vsearch

Reading file results/clustering/cdr/Amostra1_illu_VH/cdr3_clusters/e214e7d3-1c13-4ddc-b669-8f200beb96dd-IGH.fasta 100%
183 nt in 8 seqs, min 15, max 27, avg 23
minseqlength 6: 1 sequence discarded.
Masking 100%
Sorting by length 100%
Counting k-mers 100%
Clustering 100%
Sorting clusters 100%
Writing clusters 100%
Clusters: 8 Size min 1, max 1, avg 1.0
Singletons: 8, 100.0% of seqs, 100.0% of clusters
Multiple alignments 100%
vsearch v2.30.0_linux_x86_64, 94.1GB RAM, 24 cores
https://github.com/torognes/vsearch

Reading file results/clustering/cdr/Amostra1_illu_VH/cdr3_clusters/cc7f6927-a93b-4f9a-961c-41abe720b8d6-IGH.fasta 100%
1434 nt in 43 seqs, min 18, max 51, avg 33
minseqlength 6: 3 sequences discarded.
Masking 100%
Sorting by length 100%
Counting k-mers 100%
Clustering 100%
Sorting clusters 100%
Writing clusters 100%
Clusters: 34 Size min 1, max 4, avg 1.3
Singletons: 28, 65.1% of seqs, 82.4% of clusters
Multiple alignments 100%
vsearch v2.30.0_linux_x86_64, 94.1GB RAM, 24 cores
https://github.com/torognes/vsearch

Reading file results/clustering/cdr/Amostra1_illu_VH/cdr3_clusters/7fcb8555-9b1f-4821-8cfe-7e9de54f5050-IGH.fasta 100%
471 nt in 12 seqs, min 36, max 51, avg 39
Masking 100%
Sorting by length 100%
Counting k-mers 100%
Clustering 100%
Sorting clusters 100%
Writing clusters 100%
Clusters: 7 Size min 1, max 6, avg 1.7
Singletons: 6, 50.0% of seqs, 85.7% of clusters
Multiple alignments 100%
vsearch v2.30.0_linux_x86_64, 94.1GB RAM, 24 cores
https://github.com/torognes/vsearch

Reading file results/clustering/cdr/Amostra1_illu_VH/cdr3_clusters/e8110fba-73a9-4dff-b532-a5ad1c6b0a8f-IGH.fasta 100%
2256 nt in 61 seqs, min 24, max 54, avg 37
Masking 100%
Sorting by length 100%
Counting k-mers 100%
Clustering 100%
Sorting clusters 100%
Writing clusters 100%
Clusters: 46 Size min 1, max 8, avg 1.3
Singletons: 40, 65.6% of seqs, 87.0% of clusters
Multiple alignments 100%
vsearch v2.30.0_linux_x86_64, 94.1GB RAM, 24 cores
https://github.com/torognes/vsearch

Reading file results/clustering/cdr/Amostra1_illu_VH/cdr3_clusters/1b683f64-cbee-4299-9fab-699836f6caf6-IGH.fasta 100%
678 nt in 19 seqs, min 27, max 39, avg 36
Masking 100%
Sorting by length 100%
Counting k-mers 100%
Clustering 100%
Sorting clusters 100%
Writing clusters 100%
Clusters: 18 Size min 1, max 2, avg 1.1
Singletons: 17, 89.5% of seqs, 94.4% of clusters
Multiple alignments 100%
vsearch v2.30.0_linux_x86_64, 94.1GB RAM, 24 cores
https://github.com/torognes/vsearch

Reading file results/clustering/cdr/Amostra1_illu_VH/cdr3_clusters/68490e60-483a-4a72-9bbd-c9048282fc89-IGH.fasta 100%
12780 nt in 355 seqs, min 15, max 51, avg 36
minseqlength 6: 16 sequences discarded.
Masking 100%
Sorting by length 100%
Counting k-mers 100%
Clustering 100%
Sorting clusters 100%
Writing clusters 100%
Clusters: 285 Size min 1, max 15, avg 1.2
Singletons: 250, 70.4% of seqs, 87.7% of clusters
Multiple alignments 100%
vsearch v2.30.0_linux_x86_64, 94.1GB RAM, 24 cores
https://github.com/torognes/vsearch

Reading file results/clustering/cdr/Amostra1_illu_VH/cdr3_clusters/5bdb228b-7605-418b-b4d4-8d0db85fb8cc-IGH.fasta 100%
1031 nt in 29 seqs, min 27, max 51, avg 36
Masking 100%
Sorting by length 100%
Counting k-mers 100%
Clustering 100%
Sorting clusters 100%
Writing clusters 100%
Clusters: 21 Size min 1, max 5, avg 1.4
Singletons: 17, 58.6% of seqs, 81.0% of clusters
Multiple alignments 100%
vsearch v2.30.0_linux_x86_64, 94.1GB RAM, 24 cores
https://github.com/torognes/vsearch

Reading file results/clustering/cdr/Amostra1_illu_VH/cdr3_clusters/255d347e-1913-4431-b40e-91908c8c3d56-IGH.fasta 100%
1532 nt in 40 seqs, min 24, max 48, avg 38
Masking 100%
Sorting by length 100%
Counting k-mers 100%
Clustering 100%
Sorting clusters 100%
Writing clusters 100%
Clusters: 31 Size min 1, max 5, avg 1.3
Singletons: 26, 65.0% of seqs, 83.9% of clusters
Multiple alignments 100%
vsearch v2.30.0_linux_x86_64, 94.1GB RAM, 24 cores
https://github.com/torognes/vsearch

Reading file results/clustering/cdr/Amostra1_illu_VH/cdr3_clusters/02f67aaa-d12e-4ae2-8893-995cfd731e84-IGH.fasta 100%
6566 nt in 200 seqs, min 18, max 45, avg 33
minseqlength 6: 4 sequences discarded.
Masking 100%
Sorting by length 100%
Counting k-mers 100%
Clustering 100%
Sorting clusters 100%
Writing clusters 100%
Clusters: 95 Size min 1, max 83, avg 2.1
Singletons: 82, 41.0% of seqs, 86.3% of clusters
Multiple alignments 100%
vsearch v2.30.0_linux_x86_64, 94.1GB RAM, 24 cores
https://github.com/torognes/vsearch

Reading file results/clustering/cdr/Amostra1_illu_VH/cdr3_clusters/e54df2a1-2a66-4e78-814d-57e3665ee50d-IGH.fasta 100%
38751 nt in 1077 seqs, min 15, max 51, avg 36
minseqlength 6: 1 sequence discarded.
Masking 100%
Sorting by length 100%
Counting k-mers 100%
Clustering 100%
Sorting clusters 100%
Writing clusters 100%
Clusters: 791 Size min 1, max 19, avg 1.4
Singletons: 654, 60.7% of seqs, 82.7% of clusters
Multiple alignments 100%
vsearch v2.30.0_linux_x86_64, 94.1GB RAM, 24 cores
https://github.com/torognes/vsearch

Reading file results/clustering/cdr/Amostra1_illu_VH/cdr3_clusters/12a97155-b725-4888-9b52-3bb70a4dc05a-IGH.fasta 100%
15 nt in 1 seqs, min 15, max 15, avg 15
minseqlength 6: 15 sequences discarded.
Masking 100%
Sorting by length 100%
Counting k-mers 100%
Clustering 100%
Sorting clusters 100%
Writing clusters 100%
Clusters: 1 Size min 1, max 1, avg 1.0
Singletons: 1, 100.0% of seqs, 100.0% of clusters
Multiple alignments 100%
vsearch v2.30.0_linux_x86_64, 94.1GB RAM, 24 cores
https://github.com/torognes/vsearch

Reading file results/clustering/cdr/Amostra1_illu_VH/cdr3_clusters/3fe3964a-1aa7-44b2-8e64-a0763f653947-IGH.fasta 100%
564 nt in 15 seqs, min 24, max 54, avg 38
Masking 100%
Sorting by length 100%
Counting k-mers 100%
Clustering 100%
Sorting clusters 100%
Writing clusters 100%
Clusters: 14 Size min 1, max 2, avg 1.1
Singletons: 13, 86.7% of seqs, 92.9% of clusters
Multiple alignments 100%
vsearch v2.30.0_linux_x86_64, 94.1GB RAM, 24 cores
https://github.com/torognes/vsearch

Reading file results/clustering/cdr/Amostra1_illu_VH/cdr3_clusters/1d066223-0d14-495e-818f-c296f1d2a0d1-IGH.fasta 100%
1701 nt in 29 seqs, min 33, max 69, avg 59
Masking 100%
Sorting by length 100%
Counting k-mers 100%
Clustering 100%
Sorting clusters 100%
Writing clusters 100%
Clusters: 22 Size min 1, max 5, avg 1.3
Singletons: 18, 62.1% of seqs, 81.8% of clusters
Multiple alignments 100%
vsearch v2.30.0_linux_x86_64, 94.1GB RAM, 24 cores
https://github.com/torognes/vsearch

Reading file results/clustering/cdr/Amostra1_illu_VH/cdr3_clusters/ec46cb0b-0cf8-482d-809d-3072226c1f11-IGH.fasta 100%
1269 nt in 41 seqs, min 15, max 39, avg 31
minseqlength 6: 1 sequence discarded.
Masking 100%
Sorting by length 100%
Counting k-mers 100%
Clustering 100%
Sorting clusters 100%
Writing clusters 100%
Clusters: 36 Size min 1, max 3, avg 1.1
Singletons: 32, 78.0% of seqs, 88.9% of clusters
Multiple alignments 100%
vsearch v2.30.0_linux_x86_64, 94.1GB RAM, 24 cores
https://github.com/torognes/vsearch

Reading file results/clustering/cdr/Amostra1_illu_VH/cdr3_clusters/a8b8233b-da42-454c-a48b-20ee93ec54ca-IGH.fasta 100%
4260 nt in 100 seqs, min 24, max 63, avg 43
Masking 100%
Sorting by length 100%
Counting k-mers 100%
Clustering 100%
Sorting clusters 100%
Writing clusters 100%
Clusters: 87 Size min 1, max 3, avg 1.1
Singletons: 76, 76.0% of seqs, 87.4% of clusters
Multiple alignments 100%
vsearch v2.30.0_linux_x86_64, 94.1GB RAM, 24 cores
https://github.com/torognes/vsearch

Reading file results/clustering/cdr/Amostra1_illu_VH/cdr3_clusters/27092af0-56b8-4f47-89a5-3f0721eb5436-IGH.fasta 100%
444 nt in 9 seqs, min 39, max 54, avg 49
Masking 100%
Sorting by length 100%
Counting k-mers 100%
Clustering 100%
Sorting clusters 100%
Writing clusters 100%
Clusters: 7 Size min 1, max 2, avg 1.3
Singletons: 5, 55.6% of seqs, 71.4% of clusters
Multiple alignments 100%
vsearch v2.30.0_linux_x86_64, 94.1GB RAM, 24 cores
https://github.com/torognes/vsearch

Reading file results/clustering/cdr/Amostra1_illu_VH/cdr3_clusters/027183ed-c5af-4a4f-85bf-3a58ec9ea160-IGH.fasta 100%
192 nt in 4 seqs, min 33, max 54, avg 48
minseqlength 6: 1 sequence discarded.
Masking 100%
Sorting by length 100%
Counting k-mers 100%
Clustering 100%
Sorting clusters 100%
Writing clusters 100%
Clusters: 4 Size min 1, max 1, avg 1.0
Singletons: 4, 100.0% of seqs, 100.0% of clusters
Multiple alignments 100%
vsearch v2.30.0_linux_x86_64, 94.1GB RAM, 24 cores
https://github.com/torognes/vsearch

Reading file results/clustering/cdr/Amostra1_illu_VH/cdr3_clusters/aa49d08f-bed6-45a5-a561-5a76ce8c0341-IGH.fasta 100%
9013 nt in 180 seqs, min 41, max 84, avg 50
Masking 100%
Sorting by length 100%
Counting k-mers 100%
Clustering 100%
Sorting clusters 100%
Writing clusters 100%
Clusters: 103 Size min 1, max 25, avg 1.7
Singletons: 86, 47.8% of seqs, 83.5% of clusters
Multiple alignments 100%
vsearch v2.30.0_linux_x86_64, 94.1GB RAM, 24 cores
https://github.com/torognes/vsearch

Reading file results/clustering/cdr/Amostra1_illu_VH/cdr3_clusters/7f6ba4dc-3ca7-4a6a-bf29-153bf9f39153-IGH.fasta 100%
135 nt in 5 seqs, min 24, max 33, avg 27
Masking 100%
Sorting by length 100%
Counting k-mers 100%
Clustering 100%
Sorting clusters 100%
Writing clusters 100%
Clusters: 3 Size min 1, max 2, avg 1.7
Singletons: 1, 20.0% of seqs, 33.3% of clusters
Multiple alignments 100%
vsearch v2.30.0_linux_x86_64, 94.1GB RAM, 24 cores
https://github.com/torognes/vsearch

Reading file results/clustering/cdr/Amostra1_illu_VH/cdr3_clusters/e9c2f6b2-dfaf-4b01-84c6-ccb2eb17b9fa-IGH.fasta 100%
414 nt in 15 seqs, min 18, max 30, avg 28
minseqlength 6: 2 sequences discarded.
Masking 100%
Sorting by length 100%
Counting k-mers 100%
Clustering 100%
Sorting clusters 100%
Writing clusters 100%
Clusters: 13 Size min 1, max 2, avg 1.2
Singletons: 11, 73.3% of seqs, 84.6% of clusters
Multiple alignments 100%
vsearch v2.30.0_linux_x86_64, 94.1GB RAM, 24 cores
https://github.com/torognes/vsearch

Reading file results/clustering/cdr/Amostra1_illu_VH/cdr3_clusters/81248ab7-9e0f-4dd5-9ebd-302a001d5ff4-IGH.fasta 100%
213 nt in 4 seqs, min 42, max 63, avg 53
minseqlength 6: 1 sequence discarded.
Masking 100%
Sorting by length 100%
Counting k-mers 100%
Clustering 100%
Sorting clusters 100%
Writing clusters 100%
Clusters: 4 Size min 1, max 1, avg 1.0
Singletons: 4, 100.0% of seqs, 100.0% of clusters
Multiple alignments 100%
vsearch v2.30.0_linux_x86_64, 94.1GB RAM, 24 cores
https://github.com/torognes/vsearch

Reading file results/clustering/cdr/Amostra1_illu_VH/cdr3_clusters/3e7b3d29-379d-48e0-a931-5ac8f5355d22-IGH.fasta 100%
165 nt in 5 seqs, min 33, max 33, avg 33
Masking 100%
Sorting by length 100%
Counting k-mers 100%
Clustering 100%
Sorting clusters 100%
Writing clusters 100%
Clusters: 2 Size min 1, max 4, avg 2.5
Singletons: 1, 20.0% of seqs, 50.0% of clusters
Multiple alignments 100%
vsearch v2.30.0_linux_x86_64, 94.1GB RAM, 24 cores
https://github.com/torognes/vsearch

Reading file results/clustering/cdr/Amostra1_illu_VH/cdr3_clusters/dbcb76f9-ec1b-4260-93b4-fa06e6f5512e-IGH.fasta 100%
1346 nt in 56 seqs, min 15, max 27, avg 24
minseqlength 6: 19 sequences discarded.
Masking 100%
Sorting by length 100%
Counting k-mers 100%
Clustering 100%
Sorting clusters 100%
Writing clusters 100%
Clusters: 38 Size min 1, max 9, avg 1.5
Singletons: 29, 51.8% of seqs, 76.3% of clusters
Multiple alignments 100%
vsearch v2.30.0_linux_x86_64, 94.1GB RAM, 24 cores
https://github.com/torognes/vsearch

Reading file results/clustering/cdr/Amostra1_illu_VH/cdr3_clusters/3b2e63bb-0fa8-459e-8812-623103875b27-IGK.fasta 100%
135 nt in 5 seqs, min 27, max 27, avg 27
Masking 100%
Sorting by length 100%
Counting k-mers 100%
Clustering 100%
Sorting clusters 100%
Writing clusters 100%
Clusters: 2 Size min 1, max 4, avg 2.5
Singletons: 1, 20.0% of seqs, 50.0% of clusters
Multiple alignments 100%
vsearch v2.30.0_linux_x86_64, 94.1GB RAM, 24 cores
https://github.com/torognes/vsearch

Reading file results/clustering/cdr/Amostra1_illu_VH/cdr3_clusters/23a5e32d-574c-48fc-90a0-5274bfc7db9d-IGH.fasta 100%
1476 nt in 48 seqs, min 30, max 48, avg 31
minseqlength 6: 1 sequence discarded.
Masking 100%
Sorting by length 100%
Counting k-mers 100%
Clustering 100%
Sorting clusters 100%
Writing clusters 100%
Clusters: 14 Size min 1, max 34, avg 3.4
Singletons: 12, 25.0% of seqs, 85.7% of clusters
Multiple alignments 100%
vsearch v2.30.0_linux_x86_64, 94.1GB RAM, 24 cores
https://github.com/torognes/vsearch

Reading file results/clustering/cdr/Amostra1_illu_VH/cdr3_clusters/c6cc373e-7005-4a0f-9328-151c1b466de7-IGH.fasta 100%
9685 nt in 391 seqs, min 12, max 48, avg 25
minseqlength 6: 28 sequences discarded.
Masking 100%
Sorting by length 100%
Counting k-mers 100%
Clustering 100%
Sorting clusters 100%
Writing clusters 100%
Clusters: 119 Size min 1, max 203, avg 3.3
Singletons: 95, 24.3% of seqs, 79.8% of clusters
Multiple alignments 100%
vsearch v2.30.0_linux_x86_64, 94.1GB RAM, 24 cores
https://github.com/torognes/vsearch

Reading file results/clustering/cdr/Amostra1_illu_VH/cdr3_clusters/079217a7-348d-421f-971c-6cc873fb87ec-IGH.fasta 100%
11611 nt in 272 seqs, min 27, max 66, avg 43
minseqlength 6: 2 sequences discarded.
Masking 100%
Sorting by length 100%
Counting k-mers 100%
Clustering 100%
Sorting clusters 100%
Writing clusters 100%
Clusters: 222 Size min 1, max 11, avg 1.2
Singletons: 201, 73.9% of seqs, 90.5% of clusters
Multiple alignments 100%
vsearch v2.30.0_linux_x86_64, 94.1GB RAM, 24 cores
https://github.com/torognes/vsearch

Reading file results/clustering/cdr/Amostra1_illu_VH/cdr3_clusters/b5e0d860-f53f-4ca9-a960-a9d8a46a2375-IGH.fasta 100%
1725 nt in 33 seqs, min 36, max 54, avg 52
Masking 100%
Sorting by length 100%
Counting k-mers 100%
Clustering 100%
Sorting clusters 100%
Writing clusters 100%
Clusters: 6 Size min 1, max 26, avg 5.5
Singletons: 4, 12.1% of seqs, 66.7% of clusters
Multiple alignments 100%
vsearch v2.30.0_linux_x86_64, 94.1GB RAM, 24 cores
https://github.com/torognes/vsearch

Reading file results/clustering/cdr/Amostra1_illu_VH/cdr3_clusters/3aac443f-452b-4f4a-8099-c04f0991891e-IGH.fasta 100%
259 nt in 5 seqs, min 48, max 57, avg 52
Masking 100%
Sorting by length 100%
Counting k-mers 100%
Clustering 100%
Sorting clusters 100%
Writing clusters 100%
Clusters: 5 Size min 1, max 1, avg 1.0
Singletons: 5, 100.0% of seqs, 100.0% of clusters
Multiple alignments 100%
vsearch v2.30.0_linux_x86_64, 94.1GB RAM, 24 cores
https://github.com/torognes/vsearch

Reading file results/clustering/cdr/Amostra1_illu_VH/cdr3_clusters/e2cdb2c9-7e9d-421f-97ad-2ca16df8c76c-IGH.fasta 100%
285 nt in 6 seqs, min 39, max 57, avg 48
Masking 100%
Sorting by length 100%
Counting k-mers 100%
Clustering 100%
Sorting clusters 100%
Writing clusters 100%
Clusters: 6 Size min 1, max 1, avg 1.0
Singletons: 6, 100.0% of seqs, 100.0% of clusters
Multiple alignments 100%
vsearch v2.30.0_linux_x86_64, 94.1GB RAM, 24 cores
https://github.com/torognes/vsearch

Reading file results/clustering/cdr/Amostra1_illu_VH/cdr3_clusters/2b9dabce-facb-4d6c-93a4-335abee93bde-IGK.fasta 100%
0 nt in 0 seqs
minseqlength 6: 5 sequences discarded.
Masking 100%
Sorting by length 100%
Counting k-mers 100%
Clustering 100%
Sorting clusters 100%
Writing clusters 100%
Clusters: 0
Singletons: 0
Multiple alignments 100%
vsearch v2.30.0_linux_x86_64, 94.1GB RAM, 24 cores
https://github.com/torognes/vsearch

Reading file results/clustering/cdr/Amostra1_illu_VH/cdr3_clusters/87bcd977-3559-4ad1-8bb6-2efec0617591-IGH.fasta 100%
648 nt in 17 seqs, min 27, max 39, avg 38
Masking 100%
Sorting by length 100%
Counting k-mers 100%
Clustering 100%
Sorting clusters 100%
Writing clusters 100%
Clusters: 4 Size min 1, max 14, avg 4.2
Singletons: 3, 17.6% of seqs, 75.0% of clusters
Multiple alignments 100%
vsearch v2.30.0_linux_x86_64, 94.1GB RAM, 24 cores
https://github.com/torognes/vsearch

Reading file results/clustering/cdr/Amostra1_illu_VH/cdr3_clusters/1d4afa58-eeae-4ea7-a2d6-7d194f0ef803-IGH.fasta 100%
417 nt in 7 seqs, min 57, max 60, avg 60
Masking 100%
Sorting by length 100%
Counting k-mers 100%
Clustering 100%
Sorting clusters 100%
Writing clusters 100%
Clusters: 2 Size min 1, max 6, avg 3.5
Singletons: 1, 14.3% of seqs, 50.0% of clusters
Multiple alignments 100%
vsearch v2.30.0_linux_x86_64, 94.1GB RAM, 24 cores
https://github.com/torognes/vsearch

Reading file results/clustering/cdr/Amostra1_illu_VH/cdr3_clusters/982844fe-9129-42f4-b1f4-0f8da077308f-IGH.fasta 100%
222 nt in 6 seqs, min 27, max 42, avg 37
Masking 100%
Sorting by length 100%
Counting k-mers 100%
Clustering 100%
Sorting clusters 100%
Writing clusters 100%
Clusters: 4 Size min 1, max 3, avg 1.5
Singletons: 3, 50.0% of seqs, 75.0% of clusters
Multiple alignments 100%
vsearch v2.30.0_linux_x86_64, 94.1GB RAM, 24 cores
https://github.com/torognes/vsearch

Reading file results/clustering/cdr/Amostra1_illu_VH/cdr3_clusters/0fc00533-5031-4721-bf9e-012cc6623bf6-IGH.fasta 100%
1554 nt in 35 seqs, min 30, max 54, avg 44
Masking 100%
Sorting by length 100%
Counting k-mers 100%
Clustering 100%
Sorting clusters 100%
Writing clusters 100%
Clusters: 27 Size min 1, max 4, avg 1.3
Singletons: 23, 65.7% of seqs, 85.2% of clusters
Multiple alignments 100%
vsearch v2.30.0_linux_x86_64, 94.1GB RAM, 24 cores
https://github.com/torognes/vsearch

Reading file results/clustering/cdr/Amostra1_illu_VH/cdr3_clusters/c34a79c6-9715-43fc-a67a-203b79471e74-IGH.fasta 100%
116503 nt in 3430 seqs, min 15, max 54, avg 34
minseqlength 6: 92 sequences discarded.
Masking 100%
Sorting by length 100%
Counting k-mers 100%
Clustering 100%
Sorting clusters 100%
Writing clusters 100%
Clusters: 2236 Size min 1, max 97, avg 1.5
Singletons: 1800, 52.5% of seqs, 80.5% of clusters
Multiple alignments 100%
vsearch v2.30.0_linux_x86_64, 94.1GB RAM, 24 cores
https://github.com/torognes/vsearch

Reading file results/clustering/cdr/Amostra1_illu_VH/cdr3_clusters/b1ead64a-b6f8-49e7-a9cf-9eb6db4eb77d-IGH.fasta 100%
177 nt in 6 seqs, min 24, max 45, avg 30
Masking 100%
Sorting by length 100%
Counting k-mers 100%
Clustering 100%
Sorting clusters 100%
Writing clusters 100%
Clusters: 6 Size min 1, max 1, avg 1.0
Singletons: 6, 100.0% of seqs, 100.0% of clusters
Multiple alignments 100%
vsearch v2.30.0_linux_x86_64, 94.1GB RAM, 24 cores
https://github.com/torognes/vsearch

Reading file results/clustering/cdr/Amostra1_illu_VH/cdr3_clusters/4008ca66-3c59-4470-9f09-cea4c302f5f7-IGH.fasta 100%
1420 nt in 63 seqs, min 15, max 27, avg 23
minseqlength 6: 9 sequences discarded.
Masking 100%
Sorting by length 100%
Counting k-mers 100%
Clustering 100%
Sorting clusters 100%
Writing clusters 100%
Clusters: 41 Size min 1, max 7, avg 1.5
Singletons: 33, 52.4% of seqs, 80.5% of clusters
Multiple alignments 100%
vsearch v2.30.0_linux_x86_64, 94.1GB RAM, 24 cores
https://github.com/torognes/vsearch

Reading file results/clustering/cdr/Amostra1_illu_VH/cdr3_clusters/16c13e2d-0e85-4c6e-9621-663fd9b0be49-IGK.fasta 100%
0 nt in 0 seqs
minseqlength 6: 5 sequences discarded.
Masking 100%
Sorting by length 100%
Counting k-mers 100%
Clustering 100%
Sorting clusters 100%
Writing clusters 100%
Clusters: 0
Singletons: 0
Multiple alignments 100%
vsearch v2.30.0_linux_x86_64, 94.1GB RAM, 24 cores
https://github.com/torognes/vsearch

Reading file results/clustering/cdr/Amostra1_illu_VH/cdr3_clusters/18a11edb-6b97-4e80-a194-e1e5058a17bd-IGH.fasta 100%
8497 nt in 204 seqs, min 24, max 66, avg 42
Masking 100%
Sorting by length 100%
Counting k-mers 100%
Clustering 100%
Sorting clusters 100%
Writing clusters 100%
Clusters: 147 Size min 1, max 27, avg 1.4
Singletons: 124, 60.8% of seqs, 84.4% of clusters
Multiple alignments 100%
vsearch v2.30.0_linux_x86_64, 94.1GB RAM, 24 cores
https://github.com/torognes/vsearch

Reading file results/clustering/cdr/Amostra1_illu_VH/cdr3_clusters/e126701c-6de3-4fa1-bc3c-f6d200c10871-IGH.fasta 100%
9489 nt in 271 seqs, min 12, max 48, avg 35
minseqlength 6: 3 sequences discarded.
Masking 100%
Sorting by length 100%
Counting k-mers 100%
Clustering 100%
Sorting clusters 100%
Writing clusters 100%
Clusters: 227 Size min 1, max 6, avg 1.2
Singletons: 199, 73.4% of seqs, 87.7% of clusters
Multiple alignments 100%
vsearch v2.30.0_linux_x86_64, 94.1GB RAM, 24 cores
https://github.com/torognes/vsearch

Reading file results/clustering/cdr/Amostra1_illu_VH/cdr3_clusters/5074e609-01af-4fe7-800d-dca7ed772de2-IGH.fasta 100%
930 nt in 20 seqs, min 27, max 60, avg 46
Masking 100%
Sorting by length 100%
Counting k-mers 100%
Clustering 100%
Sorting clusters 100%
Writing clusters 100%
Clusters: 19 Size min 1, max 2, avg 1.1
Singletons: 18, 90.0% of seqs, 94.7% of clusters
Multiple alignments 100%
vsearch v2.30.0_linux_x86_64, 94.1GB RAM, 24 cores
https://github.com/torognes/vsearch

Reading file results/clustering/cdr/Amostra1_illu_VH/cdr3_clusters/02ed6695-008c-4717-b18f-725c8d5ea93e-IGH.fasta 100%
2370 nt in 79 seqs, min 15, max 39, avg 30
minseqlength 6: 2 sequences discarded.
Masking 100%
Sorting by length 100%
Counting k-mers 100%
Clustering 100%
Sorting clusters 100%
Writing clusters 100%
Clusters: 55 Size min 1, max 19, avg 1.4
Singletons: 48, 60.8% of seqs, 87.3% of clusters
Multiple alignments 100%
vsearch v2.30.0_linux_x86_64, 94.1GB RAM, 24 cores
https://github.com/torognes/vsearch

Reading file results/clustering/cdr/Amostra1_illu_VH/cdr3_clusters/ccff6d57-788d-409e-8537-705ef381e3e3-IGH.fasta 100%
132 nt in 5 seqs, min 24, max 30, avg 26
Masking 100%
Sorting by length 100%
Counting k-mers 100%
Clustering 100%
Sorting clusters 100%
Writing clusters 100%
Clusters: 5 Size min 1, max 1, avg 1.0
Singletons: 5, 100.0% of seqs, 100.0% of clusters
Multiple alignments 100%
vsearch v2.30.0_linux_x86_64, 94.1GB RAM, 24 cores
https://github.com/torognes/vsearch

Reading file results/clustering/cdr/Amostra1_illu_VH/cdr3_clusters/7132d61d-9018-437c-ab65-ec8558c98ec5-IGH.fasta 100%
1092 nt in 30 seqs, min 24, max 48, avg 36
Masking 100%
Sorting by length 100%
Counting k-mers 100%
Clustering 100%
Sorting clusters 100%
Writing clusters 100%
Clusters: 27 Size min 1, max 3, avg 1.1
Singletons: 25, 83.3% of seqs, 92.6% of clusters
Multiple alignments 100%
vsearch v2.30.0_linux_x86_64, 94.1GB RAM, 24 cores
https://github.com/torognes/vsearch

Reading file results/clustering/cdr/Amostra1_illu_VH/cdr3_clusters/704327f3-4c5d-4595-a97f-638453bc8281-IGH.fasta 100%
970 nt in 23 seqs, min 24, max 54, avg 42
Masking 100%
Sorting by length 100%
Counting k-mers 100%
Clustering 100%
Sorting clusters 100%
Writing clusters 100%
Clusters: 17 Size min 1, max 4, avg 1.4
Singletons: 15, 65.2% of seqs, 88.2% of clusters
Multiple alignments 100%
vsearch v2.30.0_linux_x86_64, 94.1GB RAM, 24 cores
https://github.com/torognes/vsearch

Reading file results/clustering/cdr/Amostra1_illu_VH/cdr3_clusters/b41b6c01-a244-4e15-b8d8-b66c0a1240b4-IGH.fasta 100%
222 nt in 9 seqs, min 21, max 27, avg 25
Masking 100%
Sorting by length 100%
Counting k-mers 100%
Clustering 100%
Sorting clusters 100%
Writing clusters 100%
Clusters: 6 Size min 1, max 3, avg 1.5
Singletons: 4, 44.4% of seqs, 66.7% of clusters
Multiple alignments 100%
vsearch v2.30.0_linux_x86_64, 94.1GB RAM, 24 cores
https://github.com/torognes/vsearch

Reading file results/clustering/cdr/Amostra1_illu_VH/cdr3_clusters/ed51099f-d145-452b-b928-672ddc15e4c6-IGH.fasta 100%
381 nt in 14 seqs, min 24, max 39, avg 27
minseqlength 6: 1 sequence discarded.
Masking 100%
Sorting by length 100%
Counting k-mers 100%
Clustering 100%
Sorting clusters 100%
Writing clusters 100%
Clusters: 13 Size min 1, max 2, avg 1.1
Singletons: 12, 85.7% of seqs, 92.3% of clusters
Multiple alignments 100%
vsearch v2.30.0_linux_x86_64, 94.1GB RAM, 24 cores
https://github.com/torognes/vsearch

Reading file results/clustering/cdr/Amostra1_illu_VH/cdr3_clusters/b81babae-ff9a-42f9-81a9-d51cc7aec1e2-IGH.fasta 100%
540 nt in 19 seqs, min 18, max 39, avg 28
Masking 100%
Sorting by length 100%
Counting k-mers 100%
Clustering 100%
Sorting clusters 100%
Writing clusters 100%
Clusters: 17 Size min 1, max 2, avg 1.1
Singletons: 15, 78.9% of seqs, 88.2% of clusters
Multiple alignments 100%
vsearch v2.30.0_linux_x86_64, 94.1GB RAM, 24 cores
https://github.com/torognes/vsearch

Reading file results/clustering/cdr/Amostra1_illu_VH/cdr3_clusters/899b253b-1e12-4cd9-a97b-9fcd1a4e6de6-IGH.fasta 100%
15836 nt in 333 seqs, min 35, max 75, avg 48
minseqlength 6: 1 sequence discarded.
Masking 100%
Sorting by length 100%
Counting k-mers 100%
Clustering 100%
Sorting clusters 100%
Writing clusters 100%
Clusters: 307 Size min 1, max 5, avg 1.1
Singletons: 288, 86.5% of seqs, 93.8% of clusters
Multiple alignments 100%
vsearch v2.30.0_linux_x86_64, 94.1GB RAM, 24 cores
https://github.com/torognes/vsearch

Reading file results/clustering/cdr/Amostra1_illu_VH/cdr3_clusters/06c07b1c-5b07-4788-aaa6-aa512f95f8e9-IGH.fasta 100%
393 nt in 8 seqs, min 30, max 66, avg 49
Masking 100%
Sorting by length 100%
Counting k-mers 100%
Clustering 100%
Sorting clusters 100%
Writing clusters 100%
Clusters: 7 Size min 1, max 2, avg 1.1
Singletons: 6, 75.0% of seqs, 85.7% of clusters
Multiple alignments 100%
vsearch v2.30.0_linux_x86_64, 94.1GB RAM, 24 cores
https://github.com/torognes/vsearch

Reading file results/clustering/cdr/Amostra1_illu_VH/cdr3_clusters/eaa3c53a-efe6-432b-b9d9-b7ef2fbd23dc-IGH.fasta 100%
5617 nt in 156 seqs, min 18, max 45, avg 36
minseqlength 6: 2 sequences discarded.
Masking 100%
Sorting by length 100%
Counting k-mers 100%
Clustering 100%
Sorting clusters 100%
Writing clusters 100%
Clusters: 111 Size min 1, max 27, avg 1.4
Singletons: 94, 60.3% of seqs, 84.7% of clusters
Multiple alignments 100%
vsearch v2.30.0_linux_x86_64, 94.1GB RAM, 24 cores
https://github.com/torognes/vsearch

Reading file results/clustering/cdr/Amostra1_illu_VH/cdr3_clusters/17b2ea35-702e-48c2-879a-632f963da679-IGH.fasta 100%
3846 nt in 86 seqs, min 30, max 63, avg 45
Masking 100%
Sorting by length 100%
Counting k-mers 100%
Clustering 100%
Sorting clusters 100%
Writing clusters 100%
Clusters: 73 Size min 1, max 3, avg 1.2
Singletons: 62, 72.1% of seqs, 84.9% of clusters
Multiple alignments 100%
vsearch v2.30.0_linux_x86_64, 94.1GB RAM, 24 cores
https://github.com/torognes/vsearch

Reading file results/clustering/cdr/Amostra1_illu_VH/cdr3_clusters/da04ce02-01be-48cc-8ad6-e7929e2e5e1a-IGH.fasta 100%
189 nt in 6 seqs, min 24, max 33, avg 32
Masking 100%
Sorting by length 100%
Counting k-mers 100%
Clustering 100%
Sorting clusters 100%
Writing clusters 100%
Clusters: 3 Size min 1, max 4, avg 2.0
Singletons: 2, 33.3% of seqs, 66.7% of clusters
Multiple alignments 100%
vsearch v2.30.0_linux_x86_64, 94.1GB RAM, 24 cores
https://github.com/torognes/vsearch

Reading file results/clustering/cdr/Amostra1_illu_VH/cdr3_clusters/2d786ec5-5c4e-43a2-863f-0c01144fdf0d-IGH.fasta 100%
267 nt in 9 seqs, min 24, max 36, avg 30
minseqlength 6: 1 sequence discarded.
Masking 100%
Sorting by length 100%
Counting k-mers 100%
Clustering 100%
Sorting clusters 100%
Writing clusters 100%
Clusters: 9 Size min 1, max 1, avg 1.0
Singletons: 9, 100.0% of seqs, 100.0% of clusters
Multiple alignments 100%
vsearch v2.30.0_linux_x86_64, 94.1GB RAM, 24 cores
https://github.com/torognes/vsearch

Reading file results/clustering/cdr/Amostra1_illu_VH/cdr3_clusters/44ecb8d3-181b-4cc2-8bcc-af2c5d828588-IGH.fasta 100%
2775 nt in 86 seqs, min 14, max 57, avg 32
minseqlength 6: 1 sequence discarded.
Masking 100%
Sorting by length 100%
Counting k-mers 100%
Clustering 100%
Sorting clusters 100%
Writing clusters 100%
Clusters: 74 Size min 1, max 3, avg 1.2
Singletons: 64, 74.4% of seqs, 86.5% of clusters
Multiple alignments 100%
vsearch v2.30.0_linux_x86_64, 94.1GB RAM, 24 cores
https://github.com/torognes/vsearch

Reading file results/clustering/cdr/Amostra1_illu_VH/cdr3_clusters/51016420-e401-4ca6-a516-d107d3914823-IGH.fasta 100%
921 nt in 18 seqs, min 30, max 63, avg 51
Masking 100%
Sorting by length 100%
Counting k-mers 100%
Clustering 100%
Sorting clusters 100%
Writing clusters 100%
Clusters: 16 Size min 1, max 3, avg 1.1
Singletons: 15, 83.3% of seqs, 93.8% of clusters
Multiple alignments 100%
vsearch v2.30.0_linux_x86_64, 94.1GB RAM, 24 cores
https://github.com/torognes/vsearch

Reading file results/clustering/cdr/Amostra1_illu_VH/cdr3_clusters/c903f9a1-beec-4348-9c65-e50914596945-IGH.fasta 100%
3108 nt in 110 seqs, min 18, max 45, avg 28
minseqlength 6: 1 sequence discarded.
Masking 100%
Sorting by length 100%
Counting k-mers 100%
Clustering 100%
Sorting clusters 100%
Writing clusters 100%
Clusters: 34 Size min 1, max 58, avg 3.2
Singletons: 28, 25.5% of seqs, 82.4% of clusters
Multiple alignments 100%
vsearch v2.30.0_linux_x86_64, 94.1GB RAM, 24 cores
https://github.com/torognes/vsearch

Reading file results/clustering/cdr/Amostra1_illu_VH/cdr3_clusters/b2045e0c-5bd0-4e21-b098-c4d820b7a0c0-IGH.fasta 100%
270 nt in 5 seqs, min 39, max 66, avg 54
Masking 100%
Sorting by length 100%
Counting k-mers 100%
Clustering 100%
Sorting clusters 100%
Writing clusters 100%
Clusters: 5 Size min 1, max 1, avg 1.0
Singletons: 5, 100.0% of seqs, 100.0% of clusters
Multiple alignments 100%
vsearch v2.30.0_linux_x86_64, 94.1GB RAM, 24 cores
https://github.com/torognes/vsearch

Reading file results/clustering/cdr/Amostra1_illu_VH/cdr3_clusters/cfed085c-527d-41ea-a5a9-28026c5435ae-IGH.fasta 100%
804 nt in 18 seqs, min 33, max 51, avg 45
Masking 100%
Sorting by length 100%
Counting k-mers 100%
Clustering 100%
Sorting clusters 100%
Writing clusters 100%
Clusters: 12 Size min 1, max 5, avg 1.5
Singletons: 9, 50.0% of seqs, 75.0% of clusters
Multiple alignments 100%
vsearch v2.30.0_linux_x86_64, 94.1GB RAM, 24 cores
https://github.com/torognes/vsearch

Reading file results/clustering/cdr/Amostra1_illu_VH/cdr3_clusters/9ed0dd65-a045-40d7-ac9b-a2bcc32d1642-IGH.fasta 100%
713 nt in 28 seqs, min 18, max 32, avg 25
Masking 100%
Sorting by length 100%
Counting k-mers 100%
Clustering 100%
Sorting clusters 100%
Writing clusters 100%
Clusters: 22 Size min 1, max 5, avg 1.3
Singletons: 20, 71.4% of seqs, 90.9% of clusters
Multiple alignments 100%
vsearch v2.30.0_linux_x86_64, 94.1GB RAM, 24 cores
https://github.com/torognes/vsearch

Reading file results/clustering/cdr/Amostra1_illu_VH/cdr3_clusters/0fbc4946-93b7-4fd3-9a3b-3114dbd32b5c-IGH.fasta 100%
435 nt in 18 seqs, min 24, max 27, avg 24
Masking 100%
Sorting by length 100%
Counting k-mers 100%
Clustering 100%
Sorting clusters 100%
Writing clusters 100%
Clusters: 7 Size min 1, max 12, avg 2.6
Singletons: 6, 33.3% of seqs, 85.7% of clusters
Multiple alignments 100%
vsearch v2.30.0_linux_x86_64, 94.1GB RAM, 24 cores
https://github.com/torognes/vsearch

Reading file results/clustering/cdr/Amostra1_illu_VH/cdr3_clusters/4d42fa9e-e10a-46ac-895d-d17c258c6ee2-IGH.fasta 100%
3934 nt in 77 seqs, min 37, max 75, avg 51
Masking 100%
Sorting by length 100%
Counting k-mers 100%
Clustering 100%
Sorting clusters 100%
Writing clusters 100%
Clusters: 67 Size min 1, max 4, avg 1.1
Singletons: 61, 79.2% of seqs, 91.0% of clusters
Multiple alignments 100%
vsearch v2.30.0_linux_x86_64, 94.1GB RAM, 24 cores
https://github.com/torognes/vsearch

Reading file results/clustering/cdr/Amostra1_illu_VH/cdr3_clusters/7ea0b2d1-ba75-4415-b065-133dcb8c01d8-IGH.fasta 100%
1056 nt in 23 seqs, min 27, max 66, avg 46
minseqlength 6: 1 sequence discarded.
Masking 100%
Sorting by length 100%
Counting k-mers 100%
Clustering 100%
Sorting clusters 100%
Writing clusters 100%
Clusters: 22 Size min 1, max 2, avg 1.0
Singletons: 21, 91.3% of seqs, 95.5% of clusters
Multiple alignments 100%
vsearch v2.30.0_linux_x86_64, 94.1GB RAM, 24 cores
https://github.com/torognes/vsearch

Reading file results/clustering/cdr/Amostra1_illu_VH/cdr3_clusters/0ccd9d2d-d7ce-4a29-9486-8d02303ee01a-IGH.fasta 100%
795 nt in 16 seqs, min 30, max 63, avg 50
Masking 100%
Sorting by length 100%
Counting k-mers 100%
Clustering 100%
Sorting clusters 100%
Writing clusters 100%
Clusters: 13 Size min 1, max 2, avg 1.2
Singletons: 10, 62.5% of seqs, 76.9% of clusters
Multiple alignments 100%
vsearch v2.30.0_linux_x86_64, 94.1GB RAM, 24 cores
https://github.com/torognes/vsearch

Reading file results/clustering/cdr/Amostra1_illu_VH/cdr3_clusters/d5bebb12-7cb3-4f1b-99a2-a630da7dcb0f-IGH.fasta 100%
8026 nt in 241 seqs, min 18, max 45, avg 33
minseqlength 6: 3 sequences discarded.
Masking 100%
Sorting by length 100%
Counting k-mers 100%
Clustering 100%
Sorting clusters 100%
Writing clusters 100%
Clusters: 127 Size min 1, max 51, avg 1.9
Singletons: 109, 45.2% of seqs, 85.8% of clusters
Multiple alignments 100%
vsearch v2.30.0_linux_x86_64, 94.1GB RAM, 24 cores
https://github.com/torognes/vsearch

Reading file results/clustering/cdr/Amostra1_illu_VH/cdr3_clusters/7e190bb1-653a-4c67-92c0-8ef522e6f86c-IGH.fasta 100%
537 nt in 22 seqs, min 21, max 33, avg 24
minseqlength 6: 9 sequences discarded.
Masking 100%
Sorting by length 100%
Counting k-mers 100%
Clustering 100%
Sorting clusters 100%
Writing clusters 100%
Clusters: 14 Size min 1, max 4, avg 1.6
Singletons: 10, 45.5% of seqs, 71.4% of clusters
Multiple alignments 100%
vsearch v2.30.0_linux_x86_64, 94.1GB RAM, 24 cores
https://github.com/torognes/vsearch

Reading file results/clustering/cdr/Amostra1_illu_VH/cdr3_clusters/293c5692-0be2-425c-a3cf-0537b5384579-IGH.fasta 100%
204 nt in 5 seqs, min 27, max 54, avg 41
Masking 100%
Sorting by length 100%
Counting k-mers 100%
Clustering 100%
Sorting clusters 100%
Writing clusters 100%
Clusters: 5 Size min 1, max 1, avg 1.0
Singletons: 5, 100.0% of seqs, 100.0% of clusters
Multiple alignments 100%
vsearch v2.30.0_linux_x86_64, 94.1GB RAM, 24 cores
https://github.com/torognes/vsearch

Reading file results/clustering/cdr/Amostra1_illu_VH/cdr3_clusters/d6e804b3-cfe3-497c-9a77-c1f71327a099-IGH.fasta 100%
6231 nt in 130 seqs, min 45, max 48, avg 48
Masking 100%
Sorting by length 100%
Counting k-mers 100%
Clustering 100%
Sorting clusters 100%
Writing clusters 100%
Clusters: 10 Size min 1, max 47, avg 13.0
Singletons: 5, 3.8% of seqs, 50.0% of clusters
Multiple alignments 100%
vsearch v2.30.0_linux_x86_64, 94.1GB RAM, 24 cores
https://github.com/torognes/vsearch

Reading file results/clustering/cdr/Amostra1_illu_VH/cdr3_clusters/7aae2b29-e819-4f89-a95f-09ede743ad5a-IGH.fasta 100%
210 nt in 6 seqs, min 30, max 39, avg 35
Masking 100%
Sorting by length 100%
Counting k-mers 100%
Clustering 100%
Sorting clusters 100%
Writing clusters 100%
Clusters: 6 Size min 1, max 1, avg 1.0
Singletons: 6, 100.0% of seqs, 100.0% of clusters
Multiple alignments 100%
vsearch v2.30.0_linux_x86_64, 94.1GB RAM, 24 cores
https://github.com/torognes/vsearch

Reading file results/clustering/cdr/Amostra1_illu_VH/cdr3_clusters/a12d6b02-a463-4d38-9836-58641521b2aa-IGH.fasta 100%
197 nt in 5 seqs, min 30, max 50, avg 39
minseqlength 6: 1 sequence discarded.
Masking 100%
Sorting by length 100%
Counting k-mers 100%
Clustering 100%
Sorting clusters 100%
Writing clusters 100%
Clusters: 5 Size min 1, max 1, avg 1.0
Singletons: 5, 100.0% of seqs, 100.0% of clusters
Multiple alignments 100%
vsearch v2.30.0_linux_x86_64, 94.1GB RAM, 24 cores
https://github.com/torognes/vsearch

Reading file results/clustering/cdr/Amostra1_illu_VH/cdr3_clusters/6885fbec-fee5-498b-bf49-c9e05b9b3f43-IGH.fasta 100%
856 nt in 19 seqs, min 33, max 57, avg 45
Masking 100%
Sorting by length 100%
Counting k-mers 100%
Clustering 100%
Sorting clusters 100%
Writing clusters 100%
Clusters: 19 Size min 1, max 1, avg 1.0
Singletons: 19, 100.0% of seqs, 100.0% of clusters
Multiple alignments 100%
vsearch v2.30.0_linux_x86_64, 94.1GB RAM, 24 cores
https://github.com/torognes/vsearch

Reading file results/clustering/cdr/Amostra1_illu_VH/cdr3_clusters/d5a162f9-5af1-4166-98ed-a64b88ca9b20-IGH.fasta 100%
17551 nt in 561 seqs, min 18, max 60, avg 31
minseqlength 6: 2 sequences discarded.
Masking 100%
Sorting by length 100%
Counting k-mers 100%
Clustering 100%
Sorting clusters 100%
Writing clusters 100%
Clusters: 437 Size min 1, max 22, avg 1.3
Singletons: 368, 65.6% of seqs, 84.2% of clusters
Multiple alignments 100%
vsearch v2.30.0_linux_x86_64, 94.1GB RAM, 24 cores
https://github.com/torognes/vsearch

Reading file results/clustering/cdr/Amostra1_illu_VH/cdr3_clusters/9e9159ee-224d-4ad3-87ff-e9fbc0772c0a-IGH.fasta 100%
258 nt in 6 seqs, min 27, max 54, avg 43
Masking 100%
Sorting by length 100%
Counting k-mers 100%
Clustering 100%
Sorting clusters 100%
Writing clusters 100%
Clusters: 5 Size min 1, max 2, avg 1.2
Singletons: 4, 66.7% of seqs, 80.0% of clusters
Multiple alignments 100%
vsearch v2.30.0_linux_x86_64, 94.1GB RAM, 24 cores
https://github.com/torognes/vsearch

Reading file results/clustering/cdr/Amostra1_illu_VH/cdr3_clusters/6317be6a-049a-4fae-8ec5-e64e3a831f05-IGH.fasta 100%
372 nt in 8 seqs, min 33, max 69, avg 46
Masking 100%
Sorting by length 100%
Counting k-mers 100%
Clustering 100%
Sorting clusters 100%
Writing clusters 100%
Clusters: 7 Size min 1, max 2, avg 1.1
Singletons: 6, 75.0% of seqs, 85.7% of clusters
Multiple alignments 100%
vsearch v2.30.0_linux_x86_64, 94.1GB RAM, 24 cores
https://github.com/torognes/vsearch

Reading file results/clustering/cdr/Amostra1_illu_VH/cdr3_clusters/25af92bc-0dfb-493e-ab3c-832cea430c6c-IGH.fasta 100%
641 nt in 16 seqs, min 24, max 42, avg 40
Masking 100%
Sorting by length 100%
Counting k-mers 100%
Clustering 100%
Sorting clusters 100%
Writing clusters 100%
Clusters: 6 Size min 1, max 9, avg 2.7
Singletons: 4, 25.0% of seqs, 66.7% of clusters
Multiple alignments 100%
vsearch v2.30.0_linux_x86_64, 94.1GB RAM, 24 cores
https://github.com/torognes/vsearch

Reading file results/clustering/cdr/Amostra1_illu_VH/cdr3_clusters/579ef909-1423-4170-9c84-41b7d1ce2814-IGH.fasta 100%
766 nt in 14 seqs, min 44, max 83, avg 55
Masking 100%
Sorting by length 100%
Counting k-mers 100%
Clustering 100%
Sorting clusters 100%
Writing clusters 100%
Clusters: 13 Size min 1, max 2, avg 1.1
Singletons: 12, 85.7% of seqs, 92.3% of clusters
Multiple alignments 100%
vsearch v2.30.0_linux_x86_64, 94.1GB RAM, 24 cores
https://github.com/torognes/vsearch

Reading file results/clustering/cdr/Amostra1_illu_VH/cdr3_clusters/ded32e8f-1d5f-4b00-a506-e26e5fd4f943-IGH.fasta 100%
5682 nt in 157 seqs, min 21, max 57, avg 36
minseqlength 6: 1 sequence discarded.
Masking 100%
Sorting by length 100%
Counting k-mers 100%
Clustering 100%
Sorting clusters 100%
Writing clusters 100%
Clusters: 128 Size min 1, max 19, avg 1.2
Singletons: 116, 73.9% of seqs, 90.6% of clusters
Multiple alignments 100%
vsearch v2.30.0_linux_x86_64, 94.1GB RAM, 24 cores
https://github.com/torognes/vsearch

Reading file results/clustering/cdr/Amostra1_illu_VH/cdr3_clusters/18d235ff-be81-4a62-b451-cc9df28e543c-IGH.fasta 100%
1154 nt in 24 seqs, min 46, max 51, avg 48
Masking 100%
Sorting by length 100%
Counting k-mers 100%
Clustering 100%
Sorting clusters 100%
Writing clusters 100%
Clusters: 8 Size min 1, max 8, avg 3.0
Singletons: 4, 16.7% of seqs, 50.0% of clusters
Multiple alignments 100%
vsearch v2.30.0_linux_x86_64, 94.1GB RAM, 24 cores
https://github.com/torognes/vsearch

Reading file results/clustering/cdr/Amostra1_illu_VH/cdr3_clusters/e5c736fa-e044-4827-a8c7-00926d546c5c-IGH.fasta 100%
10106 nt in 190 seqs, min 39, max 81, avg 53
minseqlength 6: 1 sequence discarded.
Masking 100%
Sorting by length 100%
Counting k-mers 100%
Clustering 100%
Sorting clusters 100%
Writing clusters 100%
Clusters: 172 Size min 1, max 3, avg 1.1
Singletons: 158, 83.2% of seqs, 91.9% of clusters
Multiple alignments 100%
vsearch v2.30.0_linux_x86_64, 94.1GB RAM, 24 cores
https://github.com/torognes/vsearch

Reading file results/clustering/cdr/Amostra1_illu_VH/cdr3_clusters/855b7616-d4f8-4f48-89f8-7571205ab4ed-IGH.fasta 100%
121256 nt in 3363 seqs, min 12, max 54, avg 36
minseqlength 6: 68 sequences discarded.
Masking 100%
Sorting by length 100%
Counting k-mers 100%
Clustering 100%
Sorting clusters 100%
Writing clusters 100%
Clusters: 2497 Size min 1, max 66, avg 1.3
Singletons: 2115, 62.9% of seqs, 84.7% of clusters
Multiple alignments 100%
vsearch v2.30.0_linux_x86_64, 94.1GB RAM, 24 cores
https://github.com/torognes/vsearch

Reading file results/clustering/cdr/Amostra1_illu_VH/cdr3_clusters/2bcfffad-462c-4dc5-808b-da092f51b964-IGH.fasta 100%
181 nt in 6 seqs, min 30, max 31, avg 30
Masking 100%
Sorting by length 100%
Counting k-mers 100%
Clustering 100%
Sorting clusters 100%
Writing clusters 100%
Clusters: 4 Size min 1, max 3, avg 1.5
Singletons: 3, 50.0% of seqs, 75.0% of clusters
Multiple alignments 100%
vsearch v2.30.0_linux_x86_64, 94.1GB RAM, 24 cores
https://github.com/torognes/vsearch

Reading file results/clustering/cdr/Amostra1_illu_VH/cdr3_clusters/013e69d7-cccd-4d70-a2c3-d1f3a4a72609-IGH.fasta 100%
13476 nt in 320 seqs, min 26, max 67, avg 42
Masking 100%
Sorting by length 100%
Counting k-mers 100%
Clustering 100%
Sorting clusters 100%
Writing clusters 100%
Clusters: 258 Size min 1, max 6, avg 1.2
Singletons: 225, 70.3% of seqs, 87.2% of clusters
Multiple alignments 100%
vsearch v2.30.0_linux_x86_64, 94.1GB RAM, 24 cores
https://github.com/torognes/vsearch

Reading file results/clustering/cdr/Amostra1_illu_VH/cdr3_clusters/eced7757-33b1-4f5b-8af4-12c5cfaebbdf-IGH.fasta 100%
526 nt in 25 seqs, min 12, max 27, avg 21
minseqlength 6: 200 sequences discarded.
Masking 100%
Sorting by length 100%
Counting k-mers 100%
Clustering 100%
Sorting clusters 100%
Writing clusters 100%
Clusters: 14 Size min 1, max 11, avg 1.8
Singletons: 12, 48.0% of seqs, 85.7% of clusters
Multiple alignments 100%
vsearch v2.30.0_linux_x86_64, 94.1GB RAM, 24 cores
https://github.com/torognes/vsearch

Reading file results/clustering/cdr/Amostra1_illu_VH/cdr3_clusters/00616dac-5813-4b72-b3b7-076cf9634a48-IGH.fasta 100%
1458 nt in 35 seqs, min 27, max 57, avg 42
Masking 100%
Sorting by length 100%
Counting k-mers 100%
Clustering 100%
Sorting clusters 100%
Writing clusters 100%
Clusters: 28 Size min 1, max 3, avg 1.2
Singletons: 24, 68.6% of seqs, 85.7% of clusters
Multiple alignments 100%
vsearch v2.30.0_linux_x86_64, 94.1GB RAM, 24 cores
https://github.com/torognes/vsearch

Reading file results/clustering/cdr/Amostra1_illu_VH/cdr3_clusters/bf404bc2-14c6-4f44-b5f2-9fe1a7aa831e-IGK.fasta 100%
0 nt in 0 seqs
minseqlength 6: 5 sequences discarded.
Masking 100%
Sorting by length 100%
Counting k-mers 100%
Clustering 100%
Sorting clusters 100%
Writing clusters 100%
Clusters: 0
Singletons: 0
Multiple alignments 100%
vsearch v2.30.0_linux_x86_64, 94.1GB RAM, 24 cores
https://github.com/torognes/vsearch

Reading file results/clustering/cdr/Amostra1_illu_VH/cdr3_clusters/a94e55f2-8bfc-4aaf-be75-2b8d715f2fae-IGH.fasta 100%
5623 nt in 143 seqs, min 24, max 60, avg 39
minseqlength 6: 2 sequences discarded.
Masking 100%
Sorting by length 100%
Counting k-mers 100%
Clustering 100%
Sorting clusters 100%
Writing clusters 100%
Clusters: 100 Size min 1, max 7, avg 1.4
Singletons: 83, 58.0% of seqs, 83.0% of clusters
Multiple alignments 100%
vsearch v2.30.0_linux_x86_64, 94.1GB RAM, 24 cores
https://github.com/torognes/vsearch

Reading file results/clustering/cdr/Amostra1_illu_VH/cdr3_clusters/961bdb88-02ca-48ef-9cc3-9265b3161f63-IGH.fasta 100%
29599 nt in 612 seqs, min 39, max 81, avg 48
Masking 100%
Sorting by length 100%
Counting k-mers 100%
Clustering 100%
Sorting clusters 100%
Writing clusters 100%
Clusters: 488 Size min 1, max 7, avg 1.3
Singletons: 408, 66.7% of seqs, 83.6% of clusters
Multiple alignments 100%
vsearch v2.30.0_linux_x86_64, 94.1GB RAM, 24 cores
https://github.com/torognes/vsearch

Reading file results/clustering/cdr/Amostra1_illu_VH/cdr3_clusters/7e885a9a-3b52-49a6-a0eb-dfcab06a268d-IGH.fasta 100%
789 nt in 18 seqs, min 27, max 60, avg 44
Masking 100%
Sorting by length 100%
Counting k-mers 100%
Clustering 100%
Sorting clusters 100%
Writing clusters 100%
Clusters: 15 Size min 1, max 2, avg 1.2
Singletons: 12, 66.7% of seqs, 80.0% of clusters
Multiple alignments 100%
vsearch v2.30.0_linux_x86_64, 94.1GB RAM, 24 cores
https://github.com/torognes/vsearch

Reading file results/clustering/cdr/Amostra1_illu_VH/cdr3_clusters/a29e367c-062c-42e1-ba82-79f941b7ffe0-IGH.fasta 100%
519 nt in 13 seqs, min 30, max 45, avg 40
Masking 100%
Sorting by length 100%
Counting k-mers 100%
Clustering 100%
Sorting clusters 100%
Writing clusters 100%
Clusters: 13 Size min 1, max 1, avg 1.0
Singletons: 13, 100.0% of seqs, 100.0% of clusters
Multiple alignments 100%
vsearch v2.30.0_linux_x86_64, 94.1GB RAM, 24 cores
https://github.com/torognes/vsearch

Reading file results/clustering/cdr/Amostra1_illu_VH/cdr3_clusters/5858c498-9961-40fe-9660-ae7b328254fe-IGH.fasta 100%
3952 nt in 131 seqs, min 15, max 48, avg 30
minseqlength 6: 10 sequences discarded.
Masking 100%
Sorting by length 100%
Counting k-mers 100%
Clustering 100%
Sorting clusters 100%
Writing clusters 100%
Clusters: 106 Size min 1, max 9, avg 1.2
Singletons: 90, 68.7% of seqs, 84.9% of clusters
Multiple alignments 100%
vsearch v2.30.0_linux_x86_64, 94.1GB RAM, 24 cores
https://github.com/torognes/vsearch

Reading file results/clustering/cdr/Amostra1_illu_VH/cdr3_clusters/6d72e071-135a-4d09-9bb6-15bac9eb84a9-IGH.fasta 100%
34880 nt in 685 seqs, min 39, max 81, avg 51
Masking 100%
Sorting by length 100%
Counting k-mers 100%
Clustering 100%
Sorting clusters 100%
Writing clusters 100%
Clusters: 576 Size min 1, max 10, avg 1.2
Singletons: 499, 72.8% of seqs, 86.6% of clusters
Multiple alignments 100%
vsearch v2.30.0_linux_x86_64, 94.1GB RAM, 24 cores
https://github.com/torognes/vsearch

Reading file results/clustering/cdr/Amostra1_illu_VH/cdr3_clusters/417eda66-0af6-457b-888e-71a2ed78955c-IGH.fasta 100%
765 nt in 32 seqs, min 15, max 30, avg 24
minseqlength 6: 1 sequence discarded.
Masking 100%
Sorting by length 100%
Counting k-mers 100%
Clustering 100%
Sorting clusters 100%
Writing clusters 100%
Clusters: 22 Size min 1, max 5, avg 1.5
Singletons: 18, 56.2% of seqs, 81.8% of clusters
Multiple alignments 100%
vsearch v2.30.0_linux_x86_64, 94.1GB RAM, 24 cores
https://github.com/torognes/vsearch

Reading file results/clustering/cdr/Amostra1_illu_VH/cdr3_clusters/09c7b277-ac8d-464f-97e8-231ff012c9ca-IGH.fasta 100%
525 nt in 12 seqs, min 33, max 51, avg 44
Masking 100%
Sorting by length 100%
Counting k-mers 100%
Clustering 100%
Sorting clusters 100%
Writing clusters 100%
Clusters: 9 Size min 1, max 3, avg 1.3
Singletons: 7, 58.3% of seqs, 77.8% of clusters
Multiple alignments 100%
vsearch v2.30.0_linux_x86_64, 94.1GB RAM, 24 cores
https://github.com/torognes/vsearch

Reading file results/clustering/cdr/Amostra1_illu_VH/cdr3_clusters/1057024f-4fc4-4015-93ca-40031cc131c0-IGH.fasta 100%
524 nt in 18 seqs, min 15, max 33, avg 29
Masking 100%
Sorting by length 100%
Counting k-mers 100%
Clustering 100%
Sorting clusters 100%
Writing clusters 100%
Clusters: 15 Size min 1, max 2, avg 1.2
Singletons: 12, 66.7% of seqs, 80.0% of clusters
Multiple alignments 100%
vsearch v2.30.0_linux_x86_64, 94.1GB RAM, 24 cores
https://github.com/torognes/vsearch

Reading file results/clustering/cdr/Amostra1_illu_VH/cdr3_clusters/7c4f0cb7-7514-47b3-a249-2976491c7b76-IGH.fasta 100%
18120 nt in 469 seqs, min 21, max 60, avg 39
minseqlength 6: 1 sequence discarded.
Masking 100%
Sorting by length 100%
Counting k-mers 100%
Clustering 100%
Sorting clusters 100%
Writing clusters 100%
Clusters: 358 Size min 1, max 9, avg 1.3
Singletons: 297, 63.3% of seqs, 83.0% of clusters
Multiple alignments 100%
vsearch v2.30.0_linux_x86_64, 94.1GB RAM, 24 cores
https://github.com/torognes/vsearch

Reading file results/clustering/cdr/Amostra1_illu_VH/cdr3_clusters/1f692d66-70c6-4329-9217-bd2ae299e410-IGH.fasta 100%
399 nt in 9 seqs, min 30, max 63, avg 44
Masking 100%
Sorting by length 100%
Counting k-mers 100%
Clustering 100%
Sorting clusters 100%
Writing clusters 100%
Clusters: 9 Size min 1, max 1, avg 1.0
Singletons: 9, 100.0% of seqs, 100.0% of clusters
Multiple alignments 100%
vsearch v2.30.0_linux_x86_64, 94.1GB RAM, 24 cores
https://github.com/torognes/vsearch

Reading file results/clustering/cdr/Amostra1_illu_VH/cdr3_clusters/7046d82b-9313-46ca-9681-4e8a151b830e-IGH.fasta 100%
1521 nt in 42 seqs, min 27, max 54, avg 36
minseqlength 6: 2 sequences discarded.
Masking 100%
Sorting by length 100%
Counting k-mers 100%
Clustering 100%
Sorting clusters 100%
Writing clusters 100%
Clusters: 40 Size min 1, max 2, avg 1.1
Singletons: 38, 90.5% of seqs, 95.0% of clusters
Multiple alignments 100%
vsearch v2.30.0_linux_x86_64, 94.1GB RAM, 24 cores
https://github.com/torognes/vsearch

Reading file results/clustering/cdr/Amostra1_illu_VH/cdr3_clusters/751f8eb2-9d10-469d-a8a9-cfad652ea115-IGH.fasta 100%
3111 nt in 89 seqs, min 24, max 52, avg 35
minseqlength 6: 3 sequences discarded.
Masking 100%
Sorting by length 100%
Counting k-mers 100%
Clustering 100%
Sorting clusters 100%
Writing clusters 100%
Clusters: 62 Size min 1, max 8, avg 1.4
Singletons: 53, 59.6% of seqs, 85.5% of clusters
Multiple alignments 100%
vsearch v2.30.0_linux_x86_64, 94.1GB RAM, 24 cores
https://github.com/torognes/vsearch

Reading file results/clustering/cdr/Amostra1_illu_VH/cdr3_clusters/a4f84adc-b3b6-4d70-85d9-c9097f208ab9-IGK.fasta 100%
1655 nt in 67 seqs, min 17, max 30, avg 25
Masking 100%
Sorting by length 100%
Counting k-mers 100%
Clustering 100%
Sorting clusters 100%
Writing clusters 100%
Clusters: 18 Size min 1, max 42, avg 3.7
Singletons: 15, 22.4% of seqs, 83.3% of clusters
Multiple alignments 100%
vsearch v2.30.0_linux_x86_64, 94.1GB RAM, 24 cores
https://github.com/torognes/vsearch

Reading file results/clustering/cdr/Amostra1_illu_VH/cdr3_clusters/0730c4c6-0d41-44ea-b6e4-8358d15512f7-IGH.fasta 100%
192 nt in 7 seqs, min 24, max 33, avg 27
Masking 100%
Sorting by length 100%
Counting k-mers 100%
Clustering 100%
Sorting clusters 100%
Writing clusters 100%
Clusters: 7 Size min 1, max 1, avg 1.0
Singletons: 7, 100.0% of seqs, 100.0% of clusters
Multiple alignments 100%
vsearch v2.30.0_linux_x86_64, 94.1GB RAM, 24 cores
https://github.com/torognes/vsearch

Reading file results/clustering/cdr/Amostra1_illu_VH/cdr3_clusters/526c248a-6faf-4ad1-96b2-62054d2f0a27-IGH.fasta 100%
1052 nt in 33 seqs, min 24, max 42, avg 32
Masking 100%
Sorting by length 100%
Counting k-mers 100%
Clustering 100%
Sorting clusters 100%
Writing clusters 100%
Clusters: 31 Size min 1, max 2, avg 1.1
Singletons: 29, 87.9% of seqs, 93.5% of clusters
Multiple alignments 100%
vsearch v2.30.0_linux_x86_64, 94.1GB RAM, 24 cores
https://github.com/torognes/vsearch

Reading file results/clustering/cdr/Amostra1_illu_VH/cdr3_clusters/9e07778c-664a-43f8-9551-42a2dc5cc5da-IGH.fasta 100%
522 nt in 12 seqs, min 21, max 57, avg 44
Masking 100%
Sorting by length 100%
Counting k-mers 100%
Clustering 100%
Sorting clusters 100%
Writing clusters 100%
Clusters: 10 Size min 1, max 2, avg 1.2
Singletons: 8, 66.7% of seqs, 80.0% of clusters
Multiple alignments 100%
vsearch v2.30.0_linux_x86_64, 94.1GB RAM, 24 cores
https://github.com/torognes/vsearch

Reading file results/clustering/cdr/Amostra1_illu_VH/cdr3_clusters/aa77652f-9580-4b15-8a8d-0574dfc87cff-IGH.fasta 100%
53623 nt in 1286 seqs, min 18, max 57, avg 42
minseqlength 6: 2 sequences discarded.
Masking 100%
Sorting by length 100%
Counting k-mers 100%
Clustering 100%
Sorting clusters 100%
Writing clusters 100%
Clusters: 954 Size min 1, max 15, avg 1.3
Singletons: 784, 61.0% of seqs, 82.2% of clusters
Multiple alignments 100%
vsearch v2.30.0_linux_x86_64, 94.1GB RAM, 24 cores
https://github.com/torognes/vsearch

Reading file results/clustering/cdr/Amostra1_illu_VH/cdr3_clusters/ca463af0-3dcf-4e2c-9d55-e2d485659524-IGH.fasta 100%
606 nt in 14 seqs, min 27, max 48, avg 43
Masking 100%
Sorting by length 100%
Counting k-mers 100%
Clustering 100%
Sorting clusters 100%
Writing clusters 100%
Clusters: 11 Size min 1, max 4, avg 1.3
Singletons: 10, 71.4% of seqs, 90.9% of clusters
Multiple alignments 100%
vsearch v2.30.0_linux_x86_64, 94.1GB RAM, 24 cores
https://github.com/torognes/vsearch

Reading file results/clustering/cdr/Amostra1_illu_VH/cdr3_clusters/a009041d-1299-4fa1-b789-cf19bc78a0a6-IGH.fasta 100%
9003 nt in 236 seqs, min 18, max 60, avg 38
minseqlength 6: 3 sequences discarded.
Masking 100%
Sorting by length 100%
Counting k-mers 100%
Clustering 100%
Sorting clusters 100%
Writing clusters 100%
Clusters: 188 Size min 1, max 11, avg 1.3
Singletons: 163, 69.1% of seqs, 86.7% of clusters
Multiple alignments 100%
vsearch v2.30.0_linux_x86_64, 94.1GB RAM, 24 cores
https://github.com/torognes/vsearch

Reading file results/clustering/cdr/Amostra1_illu_VH/cdr3_clusters/448d8350-7b20-43b7-8fd6-8b570e684af4-IGH.fasta 100%
1557 nt in 57 seqs, min 21, max 36, avg 27
minseqlength 6: 1 sequence discarded.
Masking 100%
Sorting by length 100%
Counting k-mers 100%
Clustering 100%
Sorting clusters 100%
Writing clusters 100%
Clusters: 24 Size min 1, max 31, avg 2.4
Singletons: 20, 35.1% of seqs, 83.3% of clusters
Multiple alignments 100%
vsearch v2.30.0_linux_x86_64, 94.1GB RAM, 24 cores
https://github.com/torognes/vsearch

Reading file results/clustering/cdr/Amostra1_illu_VH/cdr3_clusters/77ad03c8-0b72-4945-914c-fc493421c98c-IGH.fasta 100%
144 nt in 6 seqs, min 21, max 39, avg 24
Masking 100%
Sorting by length 100%
Counting k-mers 100%
Clustering 100%
Sorting clusters 100%
Writing clusters 100%
Clusters: 5 Size min 1, max 2, avg 1.2
Singletons: 4, 66.7% of seqs, 80.0% of clusters
Multiple alignments 100%
vsearch v2.30.0_linux_x86_64, 94.1GB RAM, 24 cores
https://github.com/torognes/vsearch

Reading file results/clustering/cdr/Amostra1_illu_VH/cdr3_clusters/fde6e395-c178-47ea-b501-c786cd6aaaa8-IGH.fasta 100%
288 nt in 7 seqs, min 27, max 48, avg 41
Masking 100%
Sorting by length 100%
Counting k-mers 100%
Clustering 100%
Sorting clusters 100%
Writing clusters 100%
Clusters: 7 Size min 1, max 1, avg 1.0
Singletons: 7, 100.0% of seqs, 100.0% of clusters
Multiple alignments 100%
vsearch v2.30.0_linux_x86_64, 94.1GB RAM, 24 cores
https://github.com/torognes/vsearch

Reading file results/clustering/cdr/Amostra1_illu_VH/cdr3_clusters/5ef4e31d-7218-4470-a660-6dac7abf8a29-IGH.fasta 100%
0 nt in 0 seqs
minseqlength 6: 5 sequences discarded.
Masking 100%
Sorting by length 100%
Counting k-mers 100%
Clustering 100%
Sorting clusters 100%
Writing clusters 100%
Clusters: 0
Singletons: 0
Multiple alignments 100%
vsearch v2.30.0_linux_x86_64, 94.1GB RAM, 24 cores
https://github.com/torognes/vsearch

Reading file results/clustering/cdr/Amostra1_illu_VH/cdr3_clusters/6f167fb3-ab8b-46d8-83ca-d0ca28429d92-IGH.fasta 100%
426 nt in 15 seqs, min 24, max 48, avg 28
Masking 100%
Sorting by length 100%
Counting k-mers 100%
Clustering 100%
Sorting clusters 100%
Writing clusters 100%
Clusters: 7 Size min 1, max 5, avg 2.1
Singletons: 5, 33.3% of seqs, 71.4% of clusters
Multiple alignments 100%
vsearch v2.30.0_linux_x86_64, 94.1GB RAM, 24 cores
https://github.com/torognes/vsearch

Reading file results/clustering/cdr/Amostra1_illu_VH/cdr3_clusters/fd099119-ddb2-460a-8fb1-5005f6cbff8e-IGH.fasta 100%
674 nt in 27 seqs, min 17, max 27, avg 25
Masking 100%
Sorting by length 100%
Counting k-mers 100%
Clustering 100%
Sorting clusters 100%
Writing clusters 100%
Clusters: 13 Size min 1, max 9, avg 2.1
Singletons: 9, 33.3% of seqs, 69.2% of clusters
Multiple alignments 100%
vsearch v2.30.0_linux_x86_64, 94.1GB RAM, 24 cores
https://github.com/torognes/vsearch

Reading file results/clustering/cdr/Amostra1_illu_VH/cdr3_clusters/006c63b6-0b2d-4c73-8765-b15a96d17d79-IGH.fasta 100%
4346 nt in 100 seqs, min 33, max 72, avg 43
minseqlength 6: 1 sequence discarded.
Masking 100%
Sorting by length 100%
Counting k-mers 100%
Clustering 100%
Sorting clusters 100%
Writing clusters 100%
Clusters: 80 Size min 1, max 11, avg 1.2
Singletons: 73, 73.0% of seqs, 91.2% of clusters
Multiple alignments 100%
vsearch v2.30.0_linux_x86_64, 94.1GB RAM, 24 cores
https://github.com/torognes/vsearch

Reading file results/clustering/cdr/Amostra1_illu_VH/cdr3_clusters/71fe59d7-8141-471b-95ec-b5d3a6a6e71a-IGH.fasta 100%
579 nt in 14 seqs, min 27, max 48, avg 41
Masking 100%
Sorting by length 100%
Counting k-mers 100%
Clustering 100%
Sorting clusters 100%
Writing clusters 100%
Clusters: 10 Size min 1, max 3, avg 1.4
Singletons: 8, 57.1% of seqs, 80.0% of clusters
Multiple alignments 100%
vsearch v2.30.0_linux_x86_64, 94.1GB RAM, 24 cores
https://github.com/torognes/vsearch

Reading file results/clustering/cdr/Amostra1_illu_VH/cdr3_clusters/475bea7b-3fd1-4e3b-919f-bbb981bc9d20-IGH.fasta 100%
786 nt in 27 seqs, min 27, max 30, avg 29
Masking 100%
Sorting by length 100%
Counting k-mers 100%
Clustering 100%
Sorting clusters 100%
Writing clusters 100%
Clusters: 11 Size min 1, max 10, avg 2.5
Singletons: 6, 22.2% of seqs, 54.5% of clusters
Multiple alignments 100%
vsearch v2.30.0_linux_x86_64, 94.1GB RAM, 24 cores
https://github.com/torognes/vsearch

Reading file results/clustering/cdr/Amostra1_illu_VH/cdr3_clusters/e73c5754-c064-4864-8367-92c1ce67b993-IGH.fasta 100%
9165 nt in 347 seqs, min 15, max 36, avg 26
minseqlength 6: 20 sequences discarded.
Masking 100%
Sorting by length 100%
Counting k-mers 100%
Clustering 100%
Sorting clusters 100%
Writing clusters 100%
Clusters: 205 Size min 1, max 75, avg 1.7
Singletons: 176, 50.7% of seqs, 85.9% of clusters
Multiple alignments 100%
vsearch v2.30.0_linux_x86_64, 94.1GB RAM, 24 cores
https://github.com/torognes/vsearch

Reading file results/clustering/cdr/Amostra1_illu_VH/cdr3_clusters/fef6c4ad-5c03-445e-8d98-4e554a65c3fe-IGH.fasta 100%
247 nt in 7 seqs, min 27, max 39, avg 35
Masking 100%
Sorting by length 100%
Counting k-mers 100%
Clustering 100%
Sorting clusters 100%
Writing clusters 100%
Clusters: 5 Size min 1, max 3, avg 1.4
Singletons: 4, 57.1% of seqs, 80.0% of clusters
Multiple alignments 100%
vsearch v2.30.0_linux_x86_64, 94.1GB RAM, 24 cores
https://github.com/torognes/vsearch

Reading file results/clustering/cdr/Amostra1_illu_VH/cdr3_clusters/9cd11a70-5b6b-4570-a22f-f4cfe8cf5725-IGH.fasta 100%
1972 nt in 47 seqs, min 15, max 48, avg 42
Masking 100%
Sorting by length 100%
Counting k-mers 100%
Clustering 100%
Sorting clusters 100%
Writing clusters 100%
Clusters: 30 Size min 1, max 10, avg 1.6
Singletons: 23, 48.9% of seqs, 76.7% of clusters
Multiple alignments 100%
vsearch v2.30.0_linux_x86_64, 94.1GB RAM, 24 cores
https://github.com/torognes/vsearch

Reading file results/clustering/cdr/Amostra1_illu_VH/cdr3_clusters/c3b1a9a3-a3bb-413d-91a2-1e150b6ba035-IGH.fasta 100%
7545 nt in 221 seqs, min 15, max 45, avg 34
minseqlength 6: 9 sequences discarded.
Masking 100%
Sorting by length 100%
Counting k-mers 100%
Clustering 100%
Sorting clusters 100%
Writing clusters 100%
Clusters: 185 Size min 1, max 5, avg 1.2
Singletons: 161, 72.9% of seqs, 87.0% of clusters
Multiple alignments 100%
vsearch v2.30.0_linux_x86_64, 94.1GB RAM, 24 cores
https://github.com/torognes/vsearch

Reading file results/clustering/cdr/Amostra1_illu_VH/cdr3_clusters/463f98e5-889e-4232-93f9-586566181467-IGH.fasta 100%
243 nt in 6 seqs, min 33, max 45, avg 40
Masking 100%
Sorting by length 100%
Counting k-mers 100%
Clustering 100%
Sorting clusters 100%
Writing clusters 100%
Clusters: 6 Size min 1, max 1, avg 1.0
Singletons: 6, 100.0% of seqs, 100.0% of clusters
Multiple alignments 100%
vsearch v2.30.0_linux_x86_64, 94.1GB RAM, 24 cores
https://github.com/torognes/vsearch

Reading file results/clustering/cdr/Amostra1_illu_VH/cdr3_clusters/603a6391-3fa7-4206-bf78-13587fe7ab44-IGH.fasta 100%
402 nt in 9 seqs, min 27, max 63, avg 45
Masking 100%
Sorting by length 100%
Counting k-mers 100%
Clustering 100%
Sorting clusters 100%
Writing clusters 100%
Clusters: 4 Size min 1, max 5, avg 2.2
Singletons: 2, 22.2% of seqs, 50.0% of clusters
Multiple alignments 100%
vsearch v2.30.0_linux_x86_64, 94.1GB RAM, 24 cores
https://github.com/torognes/vsearch

Reading file results/clustering/cdr/Amostra1_illu_VH/cdr3_clusters/a4e613d1-5f51-42fe-9ba0-a4b3eba5bfd9-IGH.fasta 100%
2516 nt in 87 seqs, min 18, max 42, avg 29
minseqlength 6: 3 sequences discarded.
Masking 100%
Sorting by length 100%
Counting k-mers 100%
Clustering 100%
Sorting clusters 100%
Writing clusters 100%
Clusters: 71 Size min 1, max 4, avg 1.2
Singletons: 60, 69.0% of seqs, 84.5% of clusters
Multiple alignments 100%
vsearch v2.30.0_linux_x86_64, 94.1GB RAM, 24 cores
https://github.com/torognes/vsearch

Reading file results/clustering/cdr/Amostra1_illu_VH/cdr3_clusters/d69fad91-52fc-4c4e-8cac-0a08fc4a953f-IGH.fasta 100%
3635 nt in 112 seqs, min 20, max 42, avg 32
minseqlength 6: 4 sequences discarded.
Masking 100%
Sorting by length 100%
Counting k-mers 100%
Clustering 100%
Sorting clusters 100%
Writing clusters 100%
Clusters: 38 Size min 1, max 58, avg 2.9
Singletons: 32, 28.6% of seqs, 84.2% of clusters
Multiple alignments 100%
vsearch v2.30.0_linux_x86_64, 94.1GB RAM, 24 cores
https://github.com/torognes/vsearch

Reading file results/clustering/cdr/Amostra1_illu_VH/cdr3_clusters/6899ab2c-a9e2-44b3-9024-17406c1fa641-IGH.fasta 100%
873 nt in 27 seqs, min 24, max 36, avg 32
Masking 100%
Sorting by length 100%
Counting k-mers 100%
Clustering 100%
Sorting clusters 100%
Writing clusters 100%
Clusters: 8 Size min 1, max 11, avg 3.4
Singletons: 6, 22.2% of seqs, 75.0% of clusters
Multiple alignments 100%
vsearch v2.30.0_linux_x86_64, 94.1GB RAM, 24 cores
https://github.com/torognes/vsearch

Reading file results/clustering/cdr/Amostra1_illu_VH/cdr3_clusters/287a6ecb-5b56-4f84-a21d-6f11ca14e98f-IGH.fasta 100%
37069 nt in 1168 seqs, min 15, max 49, avg 32
minseqlength 6: 12 sequences discarded.
Masking 100%
Sorting by length 100%
Counting k-mers 100%
Clustering 100%
Sorting clusters 100%
Writing clusters 100%
Clusters: 760 Size min 1, max 69, avg 1.5
Singletons: 624, 53.4% of seqs, 82.1% of clusters
Multiple alignments 100%
vsearch v2.30.0_linux_x86_64, 94.1GB RAM, 24 cores
https://github.com/torognes/vsearch

Reading file results/clustering/cdr/Amostra1_illu_VH/cdr3_clusters/6f620d84-dec6-4fda-bec5-0414e17882a0-IGH.fasta 100%
1030 nt in 30 seqs, min 15, max 45, avg 34
Masking 100%
Sorting by length 100%
Counting k-mers 100%
Clustering 100%
Sorting clusters 100%
Writing clusters 100%
Clusters: 29 Size min 1, max 2, avg 1.0
Singletons: 28, 93.3% of seqs, 96.6% of clusters
Multiple alignments 100%
vsearch v2.30.0_linux_x86_64, 94.1GB RAM, 24 cores
https://github.com/torognes/vsearch

Reading file results/clustering/cdr/Amostra1_illu_VH/cdr3_clusters/38b881c1-94b7-4526-baeb-a62c90e64e00-IGH.fasta 100%
1129 nt in 30 seqs, min 29, max 57, avg 38
Masking 100%
Sorting by length 100%
Counting k-mers 100%
Clustering 100%
Sorting clusters 100%
Writing clusters 100%
Clusters: 21 Size min 1, max 5, avg 1.4
Singletons: 18, 60.0% of seqs, 85.7% of clusters
Multiple alignments 100%
vsearch v2.30.0_linux_x86_64, 94.1GB RAM, 24 cores
https://github.com/torognes/vsearch

Reading file results/clustering/cdr/Amostra1_illu_VH/cdr3_clusters/941246e8-9c42-4dca-b53e-f4cff6b10169-IGH.fasta 100%
39787 nt in 1655 seqs, min 16, max 36, avg 24
minseqlength 6: 110 sequences discarded.
Masking 100%
Sorting by length 100%
Counting k-mers 100%
Clustering 100%
Sorting clusters 100%
Writing clusters 100%
Clusters: 233 Size min 1, max 994, avg 7.1
Singletons: 187, 11.3% of seqs, 80.3% of clusters
Multiple alignments 100%
vsearch v2.30.0_linux_x86_64, 94.1GB RAM, 24 cores
https://github.com/torognes/vsearch

Reading file results/clustering/cdr/Amostra1_illu_VH/cdr3_clusters/a029158e-ff3c-4f45-b7f1-e35ed362c24f-IGH.fasta 100%
430 nt in 12 seqs, min 30, max 49, avg 36
Masking 100%
Sorting by length 100%
Counting k-mers 100%
Clustering 100%
Sorting clusters 100%
Writing clusters 100%
Clusters: 9 Size min 1, max 4, avg 1.3
Singletons: 8, 66.7% of seqs, 88.9% of clusters
Multiple alignments 100%
vsearch v2.30.0_linux_x86_64, 94.1GB RAM, 24 cores
https://github.com/torognes/vsearch

Reading file results/clustering/cdr/Amostra1_illu_VH/cdr3_clusters/39b8a49a-4124-4b8d-b195-191517794926-IGH.fasta 100%
0 nt in 0 seqs
minseqlength 6: 68 sequences discarded.
Masking 100%
Sorting by length 100%
Counting k-mers 100%
Clustering 100%
Sorting clusters 100%
Writing clusters 100%
Clusters: 0
Singletons: 0
Multiple alignments 100%
vsearch v2.30.0_linux_x86_64, 94.1GB RAM, 24 cores
https://github.com/torognes/vsearch

Reading file results/clustering/cdr/Amostra1_illu_VH/cdr3_clusters/a2ba35d2-2031-44c8-92e6-79351b9d15e2-IGH.fasta 100%
102 nt in 5 seqs, min 18, max 24, avg 20
minseqlength 6: 1 sequence discarded.
Masking 100%
Sorting by length 100%
Counting k-mers 100%
Clustering 100%
Sorting clusters 100%
Writing clusters 100%
Clusters: 4 Size min 1, max 2, avg 1.2
Singletons: 3, 60.0% of seqs, 75.0% of clusters
Multiple alignments 100%
vsearch v2.30.0_linux_x86_64, 94.1GB RAM, 24 cores
https://github.com/torognes/vsearch

Reading file results/clustering/cdr/Amostra1_illu_VH/cdr3_clusters/9abc55ad-71e7-4ffe-a435-527973702e71-IGH.fasta 100%
61445 nt in 1351 seqs, min 33, max 72, avg 45
minseqlength 6: 4 sequences discarded.
Masking 100%
Sorting by length 100%
Counting k-mers 100%
Clustering 100%
Sorting clusters 100%
Writing clusters 100%
Clusters: 1093 Size min 1, max 39, avg 1.2
Singletons: 968, 71.7% of seqs, 88.6% of clusters
Multiple alignments 100%
vsearch v2.30.0_linux_x86_64, 94.1GB RAM, 24 cores
https://github.com/torognes/vsearch

Reading file results/clustering/cdr/Amostra1_illu_VH/cdr3_clusters/addc1840-59f7-4b20-80e8-22b41c62c766-IGK.fasta 100%
0 nt in 0 seqs
minseqlength 6: 6 sequences discarded.
Masking 100%
Sorting by length 100%
Counting k-mers 100%
Clustering 100%
Sorting clusters 100%
Writing clusters 100%
Clusters: 0
Singletons: 0
Multiple alignments 100%
vsearch v2.30.0_linux_x86_64, 94.1GB RAM, 24 cores
https://github.com/torognes/vsearch

Reading file results/clustering/cdr/Amostra1_illu_VH/cdr3_clusters/8571083f-48e1-4c0f-b013-f6c610cddef6-IGH.fasta 100%
165 nt in 5 seqs, min 33, max 33, avg 33
minseqlength 6: 1 sequence discarded.
Masking 100%
Sorting by length 100%
Counting k-mers 100%
Clustering 100%
Sorting clusters 100%
Writing clusters 100%
Clusters: 2 Size min 2, max 3, avg 2.5
Singletons: 0, 0.0% of seqs, 0.0% of clusters
Multiple alignments 100%
vsearch v2.30.0_linux_x86_64, 94.1GB RAM, 24 cores
https://github.com/torognes/vsearch

Reading file results/clustering/cdr/Amostra1_illu_VH/cdr3_clusters/d3e46dba-7da2-4030-a288-db2178d85535-IGH.fasta 100%
10662 nt in 355 seqs, min 30, max 33, avg 30
Masking 100%
Sorting by length 100%
Counting k-mers 100%
Clustering 100%
Sorting clusters 100%
Writing clusters 100%
Clusters: 8 Size min 1, max 347, avg 44.4
Singletons: 6, 1.7% of seqs, 75.0% of clusters
Multiple alignments 100%
vsearch v2.30.0_linux_x86_64, 94.1GB RAM, 24 cores
https://github.com/torognes/vsearch

Reading file results/clustering/cdr/Amostra1_illu_VH/cdr3_clusters/5a74b458-4aa5-4ec8-8065-31efded175a4-IGH.fasta 100%
309 nt in 7 seqs, min 42, max 45, avg 44
Masking 100%
Sorting by length 100%
Counting k-mers 100%
Clustering 100%
Sorting clusters 100%
Writing clusters 100%
Clusters: 5 Size min 1, max 3, avg 1.4
Singletons: 4, 57.1% of seqs, 80.0% of clusters
Multiple alignments 100%
vsearch v2.30.0_linux_x86_64, 94.1GB RAM, 24 cores
https://github.com/torognes/vsearch

Reading file results/clustering/cdr/Amostra1_illu_VH/cdr3_clusters/94bf7c8e-d6a5-4eae-8a1e-ecf80b290478-IGH.fasta 100%
1158 nt in 31 seqs, min 21, max 57, avg 37
Masking 100%
Sorting by length 100%
Counting k-mers 100%
Clustering 100%
Sorting clusters 100%
Writing clusters 100%
Clusters: 30 Size min 1, max 2, avg 1.0
Singletons: 29, 93.5% of seqs, 96.7% of clusters
Multiple alignments 100%
vsearch v2.30.0_linux_x86_64, 94.1GB RAM, 24 cores
https://github.com/torognes/vsearch

Reading file results/clustering/cdr/Amostra1_illu_VH/cdr3_clusters/7c1819c7-1cd8-4ed9-8792-0a91f75595ba-IGH.fasta 100%
368 nt in 16 seqs, min 15, max 24, avg 23
minseqlength 6: 3 sequences discarded.
Masking 100%
Sorting by length 100%
Counting k-mers 100%
Clustering 100%
Sorting clusters 100%
Writing clusters 100%
Clusters: 7 Size min 1, max 10, avg 2.3
Singletons: 6, 37.5% of seqs, 85.7% of clusters
Multiple alignments 100%
vsearch v2.30.0_linux_x86_64, 94.1GB RAM, 24 cores
https://github.com/torognes/vsearch

Reading file results/clustering/cdr/Amostra1_illu_VH/cdr3_clusters/1e18b6e6-8965-44b7-bf7d-4bd204e20087-IGH.fasta 100%
5813 nt in 179 seqs, min 18, max 48, avg 32
Masking 100%
Sorting by length 100%
Counting k-mers 100%
Clustering 100%
Sorting clusters 100%
Writing clusters 100%
Clusters: 127 Size min 1, max 14, avg 1.4
Singletons: 104, 58.1% of seqs, 81.9% of clusters
Multiple alignments 100%
vsearch v2.30.0_linux_x86_64, 94.1GB RAM, 24 cores
https://github.com/torognes/vsearch

Reading file results/clustering/cdr/Amostra1_illu_VH/cdr3_clusters/3dcd0b2c-fc56-495e-b68b-29d384b8038c-IGH.fasta 100%
240 nt in 8 seqs, min 18, max 45, avg 30
Masking 100%
Sorting by length 100%
Counting k-mers 100%
Clustering 100%
Sorting clusters 100%
Writing clusters 100%
Clusters: 8 Size min 1, max 1, avg 1.0
Singletons: 8, 100.0% of seqs, 100.0% of clusters
Multiple alignments 100%
vsearch v2.30.0_linux_x86_64, 94.1GB RAM, 24 cores
https://github.com/torognes/vsearch

Reading file results/clustering/cdr/Amostra1_illu_VH/cdr3_clusters/e3b767ff-1e10-476a-991a-04e88687e202-IGH.fasta 100%
173 nt in 7 seqs, min 15, max 27, avg 25
minseqlength 6: 1 sequence discarded.
Masking 100%
Sorting by length 100%
Counting k-mers 100%
Clustering 100%
Sorting clusters 100%
Writing clusters 100%
Clusters: 6 Size min 1, max 2, avg 1.2
Singletons: 5, 71.4% of seqs, 83.3% of clusters
Multiple alignments 100%
vsearch v2.30.0_linux_x86_64, 94.1GB RAM, 24 cores
https://github.com/torognes/vsearch

Reading file results/clustering/cdr/Amostra1_illu_VH/cdr3_clusters/d15b35ee-42fd-4226-873e-ca04ef4c19dc-IGH.fasta 100%
5226 nt in 129 seqs, min 18, max 57, avg 41
Masking 100%
Sorting by length 100%
Counting k-mers 100%
Clustering 100%
Sorting clusters 100%
Writing clusters 100%
Clusters: 107 Size min 1, max 5, avg 1.2
Singletons: 90, 69.8% of seqs, 84.1% of clusters
Multiple alignments 100%
vsearch v2.30.0_linux_x86_64, 94.1GB RAM, 24 cores
https://github.com/torognes/vsearch

Reading file results/clustering/cdr/Amostra1_illu_VH/cdr3_clusters/aa921781-1673-4750-b384-bc9121a7b28c-IGH.fasta 100%
35163 nt in 556 seqs, min 55, max 99, avg 63
Masking 100%
Sorting by length 100%
Counting k-mers 100%
Clustering 100%
Sorting clusters 100%
Writing clusters 100%
Clusters: 453 Size min 1, max 17, avg 1.2
Singletons: 391, 70.3% of seqs, 86.3% of clusters
Multiple alignments 100%
vsearch v2.30.0_linux_x86_64, 94.1GB RAM, 24 cores
https://github.com/torognes/vsearch

Reading file results/clustering/cdr/Amostra1_illu_VH/cdr3_clusters/92f6bb21-1965-4c2c-bb27-518734dddfd1-IGK.fasta 100%
0 nt in 0 seqs
minseqlength 6: 10 sequences discarded.
Masking 100%
Sorting by length 100%
Counting k-mers 100%
Clustering 100%
Sorting clusters 100%
Writing clusters 100%
Clusters: 0
Singletons: 0
Multiple alignments 100%
vsearch v2.30.0_linux_x86_64, 94.1GB RAM, 24 cores
https://github.com/torognes/vsearch

Reading file results/clustering/cdr/Amostra1_illu_VH/cdr3_clusters/e9141a6a-14f3-4133-8172-9f04e3d19dd6-IGH.fasta 100%
4683 nt in 110 seqs, min 24, max 63, avg 43
Masking 100%
Sorting by length 100%
Counting k-mers 100%
Clustering 100%
Sorting clusters 100%
Writing clusters 100%
Clusters: 99 Size min 1, max 3, avg 1.1
Singletons: 90, 81.8% of seqs, 90.9% of clusters
Multiple alignments 100%
vsearch v2.30.0_linux_x86_64, 94.1GB RAM, 24 cores
https://github.com/torognes/vsearch

Reading file results/clustering/cdr/Amostra1_illu_VH/cdr3_clusters/b37fa6a9-4b78-416a-ac9f-f6719d3d16e5-IGH.fasta 100%
33030 nt in 686 seqs, min 27, max 69, avg 48
minseqlength 6: 1 sequence discarded.
Masking 100%
Sorting by length 100%
Counting k-mers 100%
Clustering 100%
Sorting clusters 100%
Writing clusters 100%
Clusters: 505 Size min 1, max 84, avg 1.4
Singletons: 442, 64.4% of seqs, 87.5% of clusters
Multiple alignments 100%
vsearch v2.30.0_linux_x86_64, 94.1GB RAM, 24 cores
https://github.com/torognes/vsearch

Reading file results/clustering/cdr/Amostra1_illu_VH/cdr3_clusters/83382d73-0f3f-45d9-93e3-1580f661a999-IGH.fasta 100%
1365 nt in 34 seqs, min 18, max 57, avg 40
Masking 100%
Sorting by length 100%
Counting k-mers 100%
Clustering 100%
Sorting clusters 100%
Writing clusters 100%
Clusters: 28 Size min 1, max 4, avg 1.2
Singletons: 24, 70.6% of seqs, 85.7% of clusters
Multiple alignments 100%
vsearch v2.30.0_linux_x86_64, 94.1GB RAM, 24 cores
https://github.com/torognes/vsearch

Reading file results/clustering/cdr/Amostra1_illu_VH/cdr3_clusters/58f7b5f5-d444-4a48-9b10-2d4334808bfd-IGH.fasta 100%
492 nt in 16 seqs, min 27, max 42, avg 31
Masking 100%
Sorting by length 100%
Counting k-mers 100%
Clustering 100%
Sorting clusters 100%
Writing clusters 100%
Clusters: 11 Size min 1, max 5, avg 1.5
Singletons: 9, 56.2% of seqs, 81.8% of clusters
Multiple alignments 100%
vsearch v2.30.0_linux_x86_64, 94.1GB RAM, 24 cores
https://github.com/torognes/vsearch

Reading file results/clustering/cdr/Amostra1_illu_VH/cdr3_clusters/ae45e057-8e23-4519-9ad4-04f907ac22ac-IGH.fasta 100%
5066 nt in 159 seqs, min 17, max 33, avg 32
minseqlength 6: 3 sequences discarded.
Masking 100%
Sorting by length 100%
Counting k-mers 100%
Clustering 100%
Sorting clusters 100%
Writing clusters 100%
Clusters: 31 Size min 1, max 126, avg 5.1
Singletons: 27, 17.0% of seqs, 87.1% of clusters
Multiple alignments 100%
vsearch v2.30.0_linux_x86_64, 94.1GB RAM, 24 cores
https://github.com/torognes/vsearch

Reading file results/clustering/cdr/Amostra1_illu_VH/cdr3_clusters/4c202e99-e2cb-4fe1-b4e2-4c4c6ae8c890-IGK.fasta 100%
0 nt in 0 seqs
minseqlength 6: 9 sequences discarded.
Masking 100%
Sorting by length 100%
Counting k-mers 100%
Clustering 100%
Sorting clusters 100%
Writing clusters 100%
Clusters: 0
Singletons: 0
Multiple alignments 100%
vsearch v2.30.0_linux_x86_64, 94.1GB RAM, 24 cores
https://github.com/torognes/vsearch

Reading file results/clustering/cdr/Amostra1_illu_VH/cdr3_clusters/7f347b22-5ff1-42d3-9e61-9b8578c26576-IGH.fasta 100%
243 nt in 9 seqs, min 27, max 27, avg 27
Masking 100%
Sorting by length 100%
Counting k-mers 100%
Clustering 100%
Sorting clusters 100%
Writing clusters 100%
Clusters: 2 Size min 1, max 8, avg 4.5
Singletons: 1, 11.1% of seqs, 50.0% of clusters
Multiple alignments 100%
vsearch v2.30.0_linux_x86_64, 94.1GB RAM, 24 cores
https://github.com/torognes/vsearch

Reading file results/clustering/cdr/Amostra1_illu_VH/cdr3_clusters/2200fcb7-1bd5-4670-8246-2fce23e04f7a-IGH.fasta 100%
1516 nt in 40 seqs, min 18, max 54, avg 38
Masking 100%
Sorting by length 100%
Counting k-mers 100%
Clustering 100%
Sorting clusters 100%
Writing clusters 100%
Clusters: 32 Size min 1, max 5, avg 1.2
Singletons: 29, 72.5% of seqs, 90.6% of clusters
Multiple alignments 100%
vsearch v2.30.0_linux_x86_64, 94.1GB RAM, 24 cores
https://github.com/torognes/vsearch

Reading file results/clustering/cdr/Amostra1_illu_VH/cdr3_clusters/083537a4-1831-4d1d-9b33-07612b0caff1-IGH.fasta 100%
7410 nt in 196 seqs, min 15, max 48, avg 38
minseqlength 6: 6 sequences discarded.
Masking 100%
Sorting by length 100%
Counting k-mers 100%
Clustering 100%
Sorting clusters 100%
Writing clusters 100%
Clusters: 178 Size min 1, max 4, avg 1.1
Singletons: 163, 83.2% of seqs, 91.6% of clusters
Multiple alignments 100%
vsearch v2.30.0_linux_x86_64, 94.1GB RAM, 24 cores
https://github.com/torognes/vsearch

Reading file results/clustering/cdr/Amostra1_illu_VH/cdr3_clusters/5254961e-1e17-4047-aeb0-ba0bfc116e92-IGH.fasta 100%
270 nt in 6 seqs, min 45, max 45, avg 45
Masking 100%
Sorting by length 100%
Counting k-mers 100%
Clustering 100%
Sorting clusters 100%
Writing clusters 100%
Clusters: 1 Size min 6, max 6, avg 6.0
Singletons: 0, 0.0% of seqs, 0.0% of clusters
Multiple alignments 100%
vsearch v2.30.0_linux_x86_64, 94.1GB RAM, 24 cores
https://github.com/torognes/vsearch

Reading file results/clustering/cdr/Amostra1_illu_VH/cdr3_clusters/03f34935-5d8f-4acc-9db5-b426a139b091-IGH.fasta 100%
165 nt in 5 seqs, min 33, max 33, avg 33
Masking 100%
Sorting by length 100%
Counting k-mers 100%
Clustering 100%
Sorting clusters 100%
Writing clusters 100%
Clusters: 3 Size min 1, max 3, avg 1.7
Singletons: 2, 40.0% of seqs, 66.7% of clusters
Multiple alignments 100%
vsearch v2.30.0_linux_x86_64, 94.1GB RAM, 24 cores
https://github.com/torognes/vsearch

Reading file results/clustering/cdr/Amostra1_illu_VH/cdr3_clusters/5165bed8-ff1d-4ccd-90bb-039c3ff89c0b-IGH.fasta 100%
4246 nt in 127 seqs, min 18, max 48, avg 33
Masking 100%
Sorting by length 100%
Counting k-mers 100%
Clustering 100%
Sorting clusters 100%
Writing clusters 100%
Clusters: 74 Size min 1, max 51, avg 1.7
Singletons: 70, 55.1% of seqs, 94.6% of clusters
Multiple alignments 100%
vsearch v2.30.0_linux_x86_64, 94.1GB RAM, 24 cores
https://github.com/torognes/vsearch

Reading file results/clustering/cdr/Amostra1_illu_VH/cdr3_clusters/e1549ed1-0dec-4110-a1e5-fbf6d81265af-IGH.fasta 100%
825 nt in 19 seqs, min 33, max 54, avg 43
Masking 100%
Sorting by length 100%
Counting k-mers 100%
Clustering 100%
Sorting clusters 100%
Writing clusters 100%
Clusters: 19 Size min 1, max 1, avg 1.0
Singletons: 19, 100.0% of seqs, 100.0% of clusters
Multiple alignments 100%
vsearch v2.30.0_linux_x86_64, 94.1GB RAM, 24 cores
https://github.com/torognes/vsearch

Reading file results/clustering/cdr/Amostra1_illu_VH/cdr3_clusters/70898a26-319a-4f08-aca3-b3aaca7e888e-IGH.fasta 100%
3636 nt in 116 seqs, min 18, max 42, avg 31
minseqlength 6: 1 sequence discarded.
Masking 100%
Sorting by length 100%
Counting k-mers 100%
Clustering 100%
Sorting clusters 100%
Writing clusters 100%
Clusters: 79 Size min 1, max 26, avg 1.5
Singletons: 68, 58.6% of seqs, 86.1% of clusters
Multiple alignments 100%
vsearch v2.30.0_linux_x86_64, 94.1GB RAM, 24 cores
https://github.com/torognes/vsearch

Reading file results/clustering/cdr/Amostra1_illu_VH/cdr3_clusters/89e0e77e-9429-4433-9443-f4a66c366c90-IGH.fasta 100%
450 nt in 10 seqs, min 39, max 51, avg 45
Masking 100%
Sorting by length 100%
Counting k-mers 100%
Clustering 100%
Sorting clusters 100%
Writing clusters 100%
Clusters: 4 Size min 1, max 7, avg 2.5
Singletons: 3, 30.0% of seqs, 75.0% of clusters
Multiple alignments 100%
vsearch v2.30.0_linux_x86_64, 94.1GB RAM, 24 cores
https://github.com/torognes/vsearch

Reading file results/clustering/cdr/Amostra1_illu_VH/cdr3_clusters/9e362308-b441-4dd4-b1a1-05be6ddab9f4-IGH.fasta 100%
8461 nt in 235 seqs, min 17, max 51, avg 36
minseqlength 6: 4 sequences discarded.
Masking 100%
Sorting by length 100%
Counting k-mers 100%
Clustering 100%
Sorting clusters 100%
Writing clusters 100%
Clusters: 176 Size min 1, max 8, avg 1.3
Singletons: 152, 64.7% of seqs, 86.4% of clusters
Multiple alignments 100%
vsearch v2.30.0_linux_x86_64, 94.1GB RAM, 24 cores
https://github.com/torognes/vsearch

Reading file results/clustering/cdr/Amostra1_illu_VH/cdr3_clusters/1a05bca3-5980-4344-87b6-96b6af38d1a0-IGH.fasta 100%
12183 nt in 494 seqs, min 8, max 42, avg 25
minseqlength 6: 183 sequences discarded.
Masking 100%
Sorting by length 100%
Counting k-mers 100%
Clustering 100%
Sorting clusters 100%
Writing clusters 100%
Clusters: 216 Size min 1, max 76, avg 2.3
Singletons: 161, 32.6% of seqs, 74.5% of clusters
Multiple alignments 100%
vsearch v2.30.0_linux_x86_64, 94.1GB RAM, 24 cores
https://github.com/torognes/vsearch

Reading file results/clustering/cdr/Amostra1_illu_VH/cdr3_clusters/37ced828-c394-47ad-8399-167881afc50c-IGH.fasta 100%
273 nt in 5 seqs, min 45, max 63, avg 55
Masking 100%
Sorting by length 100%
Counting k-mers 100%
Clustering 100%
Sorting clusters 100%
Writing clusters 100%
Clusters: 5 Size min 1, max 1, avg 1.0
Singletons: 5, 100.0% of seqs, 100.0% of clusters
Multiple alignments 100%
vsearch v2.30.0_linux_x86_64, 94.1GB RAM, 24 cores
https://github.com/torognes/vsearch

Reading file results/clustering/cdr/Amostra1_illu_VH/cdr3_clusters/aa18f2d0-3a69-4f65-bc18-c650dcb618e5-IGH.fasta 100%
1632 nt in 51 seqs, min 15, max 57, avg 32
Masking 100%
Sorting by length 100%
Counting k-mers 100%
Clustering 100%
Sorting clusters 100%
Writing clusters 100%
Clusters: 42 Size min 1, max 4, avg 1.2
Singletons: 36, 70.6% of seqs, 85.7% of clusters
Multiple alignments 100%
vsearch v2.30.0_linux_x86_64, 94.1GB RAM, 24 cores
https://github.com/torognes/vsearch

Reading file results/clustering/cdr/Amostra1_illu_VH/cdr3_clusters/35869d3d-6ac5-4956-8857-514c6e977dbd-IGH.fasta 100%
12376 nt in 433 seqs, min 15, max 51, avg 29
minseqlength 6: 16 sequences discarded.
Masking 100%
Sorting by length 100%
Counting k-mers 100%
Clustering 100%
Sorting clusters 100%
Writing clusters 100%
Clusters: 264 Size min 1, max 54, avg 1.6
Singletons: 220, 50.8% of seqs, 83.3% of clusters
Multiple alignments 100%
vsearch v2.30.0_linux_x86_64, 94.1GB RAM, 24 cores
https://github.com/torognes/vsearch

Reading file results/clustering/cdr/Amostra1_illu_VH/cdr3_clusters/e485aeea-9c91-4aa5-9f99-5f86b4267704-IGH.fasta 100%
20871 nt in 401 seqs, min 36, max 78, avg 52
Masking 100%
Sorting by length 100%
Counting k-mers 100%
Clustering 100%
Sorting clusters 100%
Writing clusters 100%
Clusters: 365 Size min 1, max 3, avg 1.1
Singletons: 333, 83.0% of seqs, 91.2% of clusters
Multiple alignments 100%
vsearch v2.30.0_linux_x86_64, 94.1GB RAM, 24 cores
https://github.com/torognes/vsearch

Reading file results/clustering/cdr/Amostra1_illu_VH/cdr3_clusters/6ce8a9be-f809-447f-a808-61e528677c0c-IGH.fasta 100%
6282 nt in 258 seqs, min 18, max 30, avg 24
minseqlength 6: 17 sequences discarded.
Masking 100%
Sorting by length 100%
Counting k-mers 100%
Clustering 100%
Sorting clusters 100%
Writing clusters 100%
Clusters: 101 Size min 1, max 53, avg 2.6
Singletons: 79, 30.6% of seqs, 78.2% of clusters
Multiple alignments 100%
vsearch v2.30.0_linux_x86_64, 94.1GB RAM, 24 cores
https://github.com/torognes/vsearch

Reading file results/clustering/cdr/Amostra1_illu_VH/cdr3_clusters/be9c0893-8aa9-4056-b7aa-eb7cc3faec65-IGH.fasta 100%
1661 nt in 36 seqs, min 27, max 66, avg 46
Masking 100%
Sorting by length 100%
Counting k-mers 100%
Clustering 100%
Sorting clusters 100%
Writing clusters 100%
Clusters: 19 Size min 1, max 11, avg 1.9
Singletons: 15, 41.7% of seqs, 78.9% of clusters
Multiple alignments 100%
vsearch v2.30.0_linux_x86_64, 94.1GB RAM, 24 cores
https://github.com/torognes/vsearch

Reading file results/clustering/cdr/Amostra1_illu_VH/cdr3_clusters/cd4fb9d6-8407-4a51-aea0-26bf4f5dfbb7-IGH.fasta 100%
5386 nt in 130 seqs, min 21, max 48, avg 41
Masking 100%
Sorting by length 100%
Counting k-mers 100%
Clustering 100%
Sorting clusters 100%
Writing clusters 100%
Clusters: 87 Size min 1, max 29, avg 1.5
Singletons: 74, 56.9% of seqs, 85.1% of clusters
Multiple alignments 100%
vsearch v2.30.0_linux_x86_64, 94.1GB RAM, 24 cores
https://github.com/torognes/vsearch

Reading file results/clustering/cdr/Amostra1_illu_VH/cdr3_clusters/b443d9bb-4e78-4858-a19b-56f30e3c52cf-IGH.fasta 100%
100381 nt in 2667 seqs, min 18, max 63, avg 38
minseqlength 6: 15 sequences discarded.
Masking 100%
Sorting by length 100%
Counting k-mers 100%
Clustering 100%
Sorting clusters 100%
Writing clusters 100%
Clusters: 1761 Size min 1, max 334, avg 1.5
Singletons: 1495, 56.1% of seqs, 84.9% of clusters
Multiple alignments 100%
vsearch v2.30.0_linux_x86_64, 94.1GB RAM, 24 cores
https://github.com/torognes/vsearch

Reading file results/clustering/cdr/Amostra1_illu_VH/cdr3_clusters/1d20c55a-541f-49d5-a29b-96c3f1571203-IGH.fasta 100%
5133 nt in 151 seqs, min 21, max 48, avg 34
minseqlength 6: 1 sequence discarded.
Masking 100%
Sorting by length 100%
Counting k-mers 100%
Clustering 100%
Sorting clusters 100%
Writing clusters 100%
Clusters: 74 Size min 1, max 38, avg 2.0
Singletons: 62, 41.1% of seqs, 83.8% of clusters
Multiple alignments 100%
