vsearch v2.30.0_linux_x86_64, 94.1GB RAM, 24 cores
https://github.com/torognes/vsearch

Reading file results/clustering/cdr/pellet_VH_R3/cdr3_clusters/c61ed1c4-97c8-4c5d-8a9c-9749eac08138-IGH.fasta 100%
897 nt in 24 seqs, min 24, max 51, avg 37
Masking 100%
Sorting by length 100%
Counting k-mers 100%
Clustering 100%
Sorting clusters 100%
Writing clusters 100%
Clusters: 24 Size min 1, max 1, avg 1.0
Singletons: 24, 100.0% of seqs, 100.0% of clusters
Multiple alignments 100%
vsearch v2.30.0_linux_x86_64, 94.1GB RAM, 24 cores
https://github.com/torognes/vsearch

Reading file results/clustering/cdr/pellet_VH_R3/cdr3_clusters/7c0cb60d-a31a-462f-8e41-7290cf1fb365-IGH.fasta 100%
276 nt in 7 seqs, min 33, max 45, avg 39
Masking 100%
Sorting by length 100%
Counting k-mers 100%
Clustering 100%
Sorting clusters 100%
Writing clusters 100%
Clusters: 7 Size min 1, max 1, avg 1.0
Singletons: 7, 100.0% of seqs, 100.0% of clusters
Multiple alignments 100%
vsearch v2.30.0_linux_x86_64, 94.1GB RAM, 24 cores
https://github.com/torognes/vsearch

Reading file results/clustering/cdr/pellet_VH_R3/cdr3_clusters/b053d873-4ab2-41e9-ad30-6cbf47c7816f-IGH.fasta 100%
3735 nt in 108 seqs, min 18, max 45, avg 35
Masking 100%
Sorting by length 100%
Counting k-mers 100%
Clustering 100%
Sorting clusters 100%
Writing clusters 100%
Clusters: 91 Size min 1, max 6, avg 1.2
Singletons: 81, 75.0% of seqs, 89.0% of clusters
Multiple alignments 100%
vsearch v2.30.0_linux_x86_64, 94.1GB RAM, 24 cores
https://github.com/torognes/vsearch

Reading file results/clustering/cdr/pellet_VH_R3/cdr3_clusters/e925e72e-22e7-48fb-8ab4-4542bd9d048a-IGH.fasta 100%
1743 nt in 42 seqs, min 33, max 42, avg 42
Masking 100%
Sorting by length 100%
Counting k-mers 100%
Clustering 100%
Sorting clusters 100%
Writing clusters 100%
Clusters: 6 Size min 1, max 37, avg 7.0
Singletons: 5, 11.9% of seqs, 83.3% of clusters
Multiple alignments 100%
vsearch v2.30.0_linux_x86_64, 94.1GB RAM, 24 cores
https://github.com/torognes/vsearch

Reading file results/clustering/cdr/pellet_VH_R3/cdr3_clusters/28a86407-5caf-4b26-8656-0e1a7c8fdfae-IGH.fasta 100%
180 nt in 5 seqs, min 36, max 36, avg 36
Masking 100%
Sorting by length 100%
Counting k-mers 100%
Clustering 100%
Sorting clusters 100%
Writing clusters 100%
Clusters: 2 Size min 1, max 4, avg 2.5
Singletons: 1, 20.0% of seqs, 50.0% of clusters
Multiple alignments 100%
vsearch v2.30.0_linux_x86_64, 94.1GB RAM, 24 cores
https://github.com/torognes/vsearch

Reading file results/clustering/cdr/pellet_VH_R3/cdr3_clusters/7823145b-e84f-4bfa-b18f-92f4451bf460-IGH.fasta 100%
347 nt in 10 seqs, min 33, max 39, avg 35
Masking 100%
Sorting by length 100%
Counting k-mers 100%
Clustering 100%
Sorting clusters 100%
Writing clusters 100%
Clusters: 6 Size min 1, max 4, avg 1.7
Singletons: 4, 40.0% of seqs, 66.7% of clusters
Multiple alignments 100%
vsearch v2.30.0_linux_x86_64, 94.1GB RAM, 24 cores
https://github.com/torognes/vsearch

Reading file results/clustering/cdr/pellet_VH_R3/cdr3_clusters/ac30c67b-f257-478d-93da-14386e601270-IGH.fasta 100%
426 nt in 12 seqs, min 33, max 42, avg 36
Masking 100%
Sorting by length 100%
Counting k-mers 100%
Clustering 100%
Sorting clusters 100%
Writing clusters 100%
Clusters: 9 Size min 1, max 2, avg 1.3
Singletons: 6, 50.0% of seqs, 66.7% of clusters
Multiple alignments 100%
vsearch v2.30.0_linux_x86_64, 94.1GB RAM, 24 cores
https://github.com/torognes/vsearch

Reading file results/clustering/cdr/pellet_VH_R3/cdr3_clusters/99b678c0-2816-491d-82cb-5fc79f7b0f73-IGH.fasta 100%
408 nt in 17 seqs, min 24, max 24, avg 24
Masking 100%
Sorting by length 100%
Counting k-mers 100%
Clustering 100%
Sorting clusters 100%
Writing clusters 100%
Clusters: 4 Size min 1, max 14, avg 4.2
Singletons: 3, 17.6% of seqs, 75.0% of clusters
Multiple alignments 100%
vsearch v2.30.0_linux_x86_64, 94.1GB RAM, 24 cores
https://github.com/torognes/vsearch

Reading file results/clustering/cdr/pellet_VH_R3/cdr3_clusters/55e32bb2-2bb6-44a5-9def-37ad4f26885e-IGH.fasta 100%
216 nt in 6 seqs, min 36, max 36, avg 36
Masking 100%
Sorting by length 100%
Counting k-mers 100%
Clustering 100%
Sorting clusters 100%
Writing clusters 100%
Clusters: 2 Size min 1, max 5, avg 3.0
Singletons: 1, 16.7% of seqs, 50.0% of clusters
Multiple alignments 100%
vsearch v2.30.0_linux_x86_64, 94.1GB RAM, 24 cores
https://github.com/torognes/vsearch

Reading file results/clustering/cdr/pellet_VH_R3/cdr3_clusters/170c5d8c-d2b1-4e28-be1a-3ef6381c1f96-IGH.fasta 100%
909 nt in 25 seqs, min 18, max 45, avg 36
Masking 100%
Sorting by length 100%
Counting k-mers 100%
Clustering 100%
Sorting clusters 100%
Writing clusters 100%
Clusters: 24 Size min 1, max 2, avg 1.0
Singletons: 23, 92.0% of seqs, 95.8% of clusters
Multiple alignments 100%
vsearch v2.30.0_linux_x86_64, 94.1GB RAM, 24 cores
https://github.com/torognes/vsearch

Reading file results/clustering/cdr/pellet_VH_R3/cdr3_clusters/084fb0c3-1f34-4a8d-9e7d-6a4ee61ec8c7-IGH.fasta 100%
270 nt in 6 seqs, min 45, max 45, avg 45
Masking 100%
Sorting by length 100%
Counting k-mers 100%
Clustering 100%
Sorting clusters 100%
Writing clusters 100%
Clusters: 3 Size min 1, max 4, avg 2.0
Singletons: 2, 33.3% of seqs, 66.7% of clusters
Multiple alignments 100%
vsearch v2.30.0_linux_x86_64, 94.1GB RAM, 24 cores
https://github.com/torognes/vsearch

Reading file results/clustering/cdr/pellet_VH_R3/cdr3_clusters/9365bf95-0ae8-47c1-8cd8-f64bd297f788-IGH.fasta 100%
216 nt in 6 seqs, min 36, max 36, avg 36
Masking 100%
Sorting by length 100%
Counting k-mers 100%
Clustering 100%
Sorting clusters 100%
Writing clusters 100%
Clusters: 1 Size min 6, max 6, avg 6.0
Singletons: 0, 0.0% of seqs, 0.0% of clusters
Multiple alignments 100%
vsearch v2.30.0_linux_x86_64, 94.1GB RAM, 24 cores
https://github.com/torognes/vsearch

Reading file results/clustering/cdr/pellet_VH_R3/cdr3_clusters/979848e9-5704-40cf-9c02-07b76ab93618-IGH.fasta 100%
885 nt in 26 seqs, min 27, max 54, avg 34
Masking 100%
Sorting by length 100%
Counting k-mers 100%
Clustering 100%
Sorting clusters 100%
Writing clusters 100%
Clusters: 24 Size min 1, max 3, avg 1.1
Singletons: 23, 88.5% of seqs, 95.8% of clusters
Multiple alignments 100%
vsearch v2.30.0_linux_x86_64, 94.1GB RAM, 24 cores
https://github.com/torognes/vsearch

Reading file results/clustering/cdr/pellet_VH_R3/cdr3_clusters/0fd55793-f674-4310-af0a-2119f331bd4b-IGH.fasta 100%
1167 nt in 26 seqs, min 36, max 51, avg 45
Masking 100%
Sorting by length 100%
Counting k-mers 100%
Clustering 100%
Sorting clusters 100%
Writing clusters 100%
Clusters: 25 Size min 1, max 2, avg 1.0
Singletons: 24, 92.3% of seqs, 96.0% of clusters
Multiple alignments 100%
vsearch v2.30.0_linux_x86_64, 94.1GB RAM, 24 cores
https://github.com/torognes/vsearch

Reading file results/clustering/cdr/pellet_VH_R3/cdr3_clusters/9ba7bc55-c9ab-4bd7-9f8f-e47703c040f5-IGH.fasta 100%
333 nt in 8 seqs, min 33, max 45, avg 42
Masking 100%
Sorting by length 100%
Counting k-mers 100%
Clustering 100%
Sorting clusters 100%
Writing clusters 100%
Clusters: 6 Size min 1, max 3, avg 1.3
Singletons: 5, 62.5% of seqs, 83.3% of clusters
Multiple alignments 100%
vsearch v2.30.0_linux_x86_64, 94.1GB RAM, 24 cores
https://github.com/torognes/vsearch

Reading file results/clustering/cdr/pellet_VH_R3/cdr3_clusters/2a4e8e16-27ca-4f8d-b53d-b08019990749-IGH.fasta 100%
696 nt in 12 seqs, min 39, max 63, avg 58
minseqlength 6: 2 sequences discarded.
Masking 100%
Sorting by length 100%
Counting k-mers 100%
Clustering 100%
Sorting clusters 100%
Writing clusters 100%
Clusters: 4 Size min 1, max 9, avg 3.0
Singletons: 3, 25.0% of seqs, 75.0% of clusters
Multiple alignments 100%
vsearch v2.30.0_linux_x86_64, 94.1GB RAM, 24 cores
https://github.com/torognes/vsearch

Reading file results/clustering/cdr/pellet_VH_R3/cdr3_clusters/a1fef679-0d4f-4644-b406-7c641e498f2a-IGH.fasta 100%
930 nt in 27 seqs, min 24, max 45, avg 34
Masking 100%
Sorting by length 100%
Counting k-mers 100%
Clustering 100%
Sorting clusters 100%
Writing clusters 100%
Clusters: 24 Size min 1, max 3, avg 1.1
Singletons: 22, 81.5% of seqs, 91.7% of clusters
Multiple alignments 100%
vsearch v2.30.0_linux_x86_64, 94.1GB RAM, 24 cores
https://github.com/torognes/vsearch

Reading file results/clustering/cdr/pellet_VH_R3/cdr3_clusters/6f000579-d50a-4540-95d9-6d67bffb9c52-IGH.fasta 100%
306 nt in 7 seqs, min 39, max 45, avg 44
Masking 100%
Sorting by length 100%
Counting k-mers 100%
Clustering 100%
Sorting clusters 100%
Writing clusters 100%
Clusters: 3 Size min 1, max 5, avg 2.3
Singletons: 2, 28.6% of seqs, 66.7% of clusters
Multiple alignments 100%
vsearch v2.30.0_linux_x86_64, 94.1GB RAM, 24 cores
https://github.com/torognes/vsearch

Reading file results/clustering/cdr/pellet_VH_R3/cdr3_clusters/1f1e9826-30d2-4f52-bb85-0fa3fd5efbc3-IGH.fasta 100%
3973 nt in 107 seqs, min 21, max 45, avg 37
Masking 100%
Sorting by length 100%
Counting k-mers 100%
Clustering 100%
Sorting clusters 100%
Writing clusters 100%
Clusters: 48 Size min 1, max 37, avg 2.2
Singletons: 37, 34.6% of seqs, 77.1% of clusters
Multiple alignments 100%
vsearch v2.30.0_linux_x86_64, 94.1GB RAM, 24 cores
https://github.com/torognes/vsearch

Reading file results/clustering/cdr/pellet_VH_R3/cdr3_clusters/87d2a654-f699-412c-93f7-119086db0ad0-IGH.fasta 100%
1943 nt in 52 seqs, min 18, max 51, avg 37
Masking 100%
Sorting by length 100%
Counting k-mers 100%
Clustering 100%
Sorting clusters 100%
Writing clusters 100%
Clusters: 41 Size min 1, max 7, avg 1.3
Singletons: 36, 69.2% of seqs, 87.8% of clusters
Multiple alignments 100%
vsearch v2.30.0_linux_x86_64, 94.1GB RAM, 24 cores
https://github.com/torognes/vsearch

Reading file results/clustering/cdr/pellet_VH_R3/cdr3_clusters/200dc260-57ce-40fc-83dc-4ba67291d487-IGH.fasta 100%
216 nt in 7 seqs, min 18, max 36, avg 31
Masking 100%
Sorting by length 100%
Counting k-mers 100%
Clustering 100%
Sorting clusters 100%
Writing clusters 100%
Clusters: 7 Size min 1, max 1, avg 1.0
Singletons: 7, 100.0% of seqs, 100.0% of clusters
Multiple alignments 100%
vsearch v2.30.0_linux_x86_64, 94.1GB RAM, 24 cores
https://github.com/torognes/vsearch

Reading file results/clustering/cdr/pellet_VH_R3/cdr3_clusters/0de90503-b640-4015-aba4-c010914858dd-IGH.fasta 100%
651 nt in 20 seqs, min 24, max 39, avg 33
Masking 100%
Sorting by length 100%
Counting k-mers 100%
Clustering 100%
Sorting clusters 100%
Writing clusters 100%
Clusters: 20 Size min 1, max 1, avg 1.0
Singletons: 20, 100.0% of seqs, 100.0% of clusters
Multiple alignments 100%
vsearch v2.30.0_linux_x86_64, 94.1GB RAM, 24 cores
https://github.com/torognes/vsearch

Reading file results/clustering/cdr/pellet_VH_R3/cdr3_clusters/0ad42f1d-edba-468f-9378-460b2954dfef-IGH.fasta 100%
1530 nt in 39 seqs, min 27, max 48, avg 39
Masking 100%
Sorting by length 100%
Counting k-mers 100%
Clustering 100%
Sorting clusters 100%
Writing clusters 100%
Clusters: 38 Size min 1, max 2, avg 1.0
Singletons: 37, 94.9% of seqs, 97.4% of clusters
Multiple alignments 100%
vsearch v2.30.0_linux_x86_64, 94.1GB RAM, 24 cores
https://github.com/torognes/vsearch

Reading file results/clustering/cdr/pellet_VH_R3/cdr3_clusters/12506b69-f3c2-47c1-9527-55677106ca11-IGH.fasta 100%
135 nt in 5 seqs, min 27, max 27, avg 27
Masking 100%
Sorting by length 100%
Counting k-mers 100%
Clustering 100%
Sorting clusters 100%
Writing clusters 100%
Clusters: 3 Size min 1, max 2, avg 1.7
Singletons: 1, 20.0% of seqs, 33.3% of clusters
Multiple alignments 100%
vsearch v2.30.0_linux_x86_64, 94.1GB RAM, 24 cores
https://github.com/torognes/vsearch

Reading file results/clustering/cdr/pellet_VH_R3/cdr3_clusters/4d6e07e8-044c-4113-864e-a5d3b67b1b28-IGH.fasta 100%
1111 nt in 26 seqs, min 30, max 51, avg 43
Masking 100%
Sorting by length 100%
Counting k-mers 100%
Clustering 100%
Sorting clusters 100%
Writing clusters 100%
Clusters: 21 Size min 1, max 4, avg 1.2
Singletons: 19, 73.1% of seqs, 90.5% of clusters
Multiple alignments 100%
vsearch v2.30.0_linux_x86_64, 94.1GB RAM, 24 cores
https://github.com/torognes/vsearch

Reading file results/clustering/cdr/pellet_VH_R3/cdr3_clusters/04d747f9-f754-487f-8af6-af640079c3b8-IGH.fasta 100%
0 nt in 0 seqs
minseqlength 6: 5 sequences discarded.
Masking 100%
Sorting by length 100%
Counting k-mers 100%
Clustering 100%
Sorting clusters 100%
Writing clusters 100%
Clusters: 0
Singletons: 0
Multiple alignments 100%
vsearch v2.30.0_linux_x86_64, 94.1GB RAM, 24 cores
https://github.com/torognes/vsearch

Reading file results/clustering/cdr/pellet_VH_R3/cdr3_clusters/69b843bd-7cb5-465d-90c8-3d8d86d38f2e-IGH.fasta 100%
312 nt in 14 seqs, min 21, max 39, avg 22
Masking 100%
Sorting by length 100%
Counting k-mers 100%
Clustering 100%
Sorting clusters 100%
Writing clusters 100%
Clusters: 9 Size min 1, max 5, avg 1.6
Singletons: 7, 50.0% of seqs, 77.8% of clusters
Multiple alignments 100%
vsearch v2.30.0_linux_x86_64, 94.1GB RAM, 24 cores
https://github.com/torognes/vsearch

Reading file results/clustering/cdr/pellet_VH_R3/cdr3_clusters/56ccf5fc-e865-43da-88f4-4cc59bbc33d2-IGH.fasta 100%
420 nt in 11 seqs, min 33, max 45, avg 38
Masking 100%
Sorting by length 100%
Counting k-mers 100%
Clustering 100%
Sorting clusters 100%
Writing clusters 100%
Clusters: 8 Size min 1, max 4, avg 1.4
Singletons: 7, 63.6% of seqs, 87.5% of clusters
Multiple alignments 100%
vsearch v2.30.0_linux_x86_64, 94.1GB RAM, 24 cores
https://github.com/torognes/vsearch

Reading file results/clustering/cdr/pellet_VH_R3/cdr3_clusters/d1da762d-ae27-4a3a-988f-551a558f80c6-IGH.fasta 100%
231 nt in 7 seqs, min 27, max 36, avg 33
Masking 100%
Sorting by length 100%
Counting k-mers 100%
Clustering 100%
Sorting clusters 100%
Writing clusters 100%
Clusters: 3 Size min 1, max 4, avg 2.3
Singletons: 1, 14.3% of seqs, 33.3% of clusters
Multiple alignments 100%
vsearch v2.30.0_linux_x86_64, 94.1GB RAM, 24 cores
https://github.com/torognes/vsearch

Reading file results/clustering/cdr/pellet_VH_R3/cdr3_clusters/5aa5dd69-70dd-4db9-a726-da643f41fd8f-IGH.fasta 100%
237 nt in 9 seqs, min 18, max 30, avg 26
Masking 100%
Sorting by length 100%
Counting k-mers 100%
Clustering 100%
Sorting clusters 100%
Writing clusters 100%
Clusters: 9 Size min 1, max 1, avg 1.0
Singletons: 9, 100.0% of seqs, 100.0% of clusters
Multiple alignments 100%
vsearch v2.30.0_linux_x86_64, 94.1GB RAM, 24 cores
https://github.com/torognes/vsearch

Reading file results/clustering/cdr/pellet_VH_R3/cdr3_clusters/1e5c853a-9218-4310-bc51-ae451abeff95-IGH.fasta 100%
3786 nt in 87 seqs, min 30, max 51, avg 44
Masking 100%
Sorting by length 100%
Counting k-mers 100%
Clustering 100%
Sorting clusters 100%
Writing clusters 100%
Clusters: 68 Size min 1, max 7, avg 1.3
Singletons: 58, 66.7% of seqs, 85.3% of clusters
Multiple alignments 100%
vsearch v2.30.0_linux_x86_64, 94.1GB RAM, 24 cores
https://github.com/torognes/vsearch

Reading file results/clustering/cdr/pellet_VH_R3/cdr3_clusters/ba607d23-a9d6-4781-bfa0-32fddcd9f335-IGH.fasta 100%
468 nt in 14 seqs, min 30, max 39, avg 33
Masking 100%
Sorting by length 100%
Counting k-mers 100%
Clustering 100%
Sorting clusters 100%
Writing clusters 100%
Clusters: 13 Size min 1, max 2, avg 1.1
Singletons: 12, 85.7% of seqs, 92.3% of clusters
Multiple alignments 100%
vsearch v2.30.0_linux_x86_64, 94.1GB RAM, 24 cores
https://github.com/torognes/vsearch

Reading file results/clustering/cdr/pellet_VH_R3/cdr3_clusters/2ab3bb17-5eb1-45e2-a4c1-1d85d15c78b7-IGH.fasta 100%
2948 nt in 87 seqs, min 15, max 45, avg 34
minseqlength 6: 2 sequences discarded.
Masking 100%
Sorting by length 100%
Counting k-mers 100%
Clustering 100%
Sorting clusters 100%
Writing clusters 100%
Clusters: 61 Size min 1, max 18, avg 1.4
Singletons: 55, 63.2% of seqs, 90.2% of clusters
Multiple alignments 100%
vsearch v2.30.0_linux_x86_64, 94.1GB RAM, 24 cores
https://github.com/torognes/vsearch

Reading file results/clustering/cdr/pellet_VH_R3/cdr3_clusters/ba1d1fc3-4e75-4f52-8b91-94e115d1d09d-IGH.fasta 100%
288 nt in 7 seqs, min 30, max 48, avg 41
Masking 100%
Sorting by length 100%
Counting k-mers 100%
Clustering 100%
Sorting clusters 100%
Writing clusters 100%
Clusters: 7 Size min 1, max 1, avg 1.0
Singletons: 7, 100.0% of seqs, 100.0% of clusters
Multiple alignments 100%
vsearch v2.30.0_linux_x86_64, 94.1GB RAM, 24 cores
https://github.com/torognes/vsearch

Reading file results/clustering/cdr/pellet_VH_R3/cdr3_clusters/6e7a4cb6-5373-4676-950d-f3a5443345fd-IGH.fasta 100%
357 nt in 8 seqs, min 39, max 51, avg 45
Masking 100%
Sorting by length 100%
Counting k-mers 100%
Clustering 100%
Sorting clusters 100%
Writing clusters 100%
Clusters: 7 Size min 1, max 2, avg 1.1
Singletons: 6, 75.0% of seqs, 85.7% of clusters
Multiple alignments 100%
vsearch v2.30.0_linux_x86_64, 94.1GB RAM, 24 cores
https://github.com/torognes/vsearch

Reading file results/clustering/cdr/pellet_VH_R3/cdr3_clusters/6f784a5f-d340-488c-849c-41cd50f5e658-IGH.fasta 100%
156 nt in 4 seqs, min 30, max 51, avg 39
minseqlength 6: 2 sequences discarded.
Masking 100%
Sorting by length 100%
Counting k-mers 100%
Clustering 100%
Sorting clusters 100%
Writing clusters 100%
Clusters: 4 Size min 1, max 1, avg 1.0
Singletons: 4, 100.0% of seqs, 100.0% of clusters
Multiple alignments 100%
vsearch v2.30.0_linux_x86_64, 94.1GB RAM, 24 cores
https://github.com/torognes/vsearch

Reading file results/clustering/cdr/pellet_VH_R3/cdr3_clusters/586353f9-2115-4cdf-b2a5-57bf01a1849c-IGH.fasta 100%
11187 nt in 275 seqs, min 18, max 54, avg 41
Masking 100%
Sorting by length 100%
Counting k-mers 100%
Clustering 100%
Sorting clusters 100%
Writing clusters 100%
Clusters: 250 Size min 1, max 6, avg 1.1
Singletons: 233, 84.7% of seqs, 93.2% of clusters
Multiple alignments 100%
vsearch v2.30.0_linux_x86_64, 94.1GB RAM, 24 cores
https://github.com/torognes/vsearch

Reading file results/clustering/cdr/pellet_VH_R3/cdr3_clusters/9622d3fc-bc46-4ca6-b0a4-fd93895fbe34-IGH.fasta 100%
1212 nt in 26 seqs, min 24, max 60, avg 47
minseqlength 6: 1 sequence discarded.
Masking 100%
Sorting by length 100%
Counting k-mers 100%
Clustering 100%
Sorting clusters 100%
Writing clusters 100%
Clusters: 24 Size min 1, max 2, avg 1.1
Singletons: 22, 84.6% of seqs, 91.7% of clusters
Multiple alignments 100%
vsearch v2.30.0_linux_x86_64, 94.1GB RAM, 24 cores
https://github.com/torognes/vsearch

Reading file results/clustering/cdr/pellet_VH_R3/cdr3_clusters/80a2ce46-f5cf-489a-8fae-173adbb530b2-IGH.fasta 100%
373 nt in 10 seqs, min 27, max 42, avg 37
Masking 100%
Sorting by length 100%
Counting k-mers 100%
Clustering 100%
Sorting clusters 100%
Writing clusters 100%
Clusters: 10 Size min 1, max 1, avg 1.0
Singletons: 10, 100.0% of seqs, 100.0% of clusters
Multiple alignments 100%
vsearch v2.30.0_linux_x86_64, 94.1GB RAM, 24 cores
https://github.com/torognes/vsearch

Reading file results/clustering/cdr/pellet_VH_R3/cdr3_clusters/9c31780a-bdf0-4d9d-a727-569b899376b1-IGH.fasta 100%
438 nt in 15 seqs, min 21, max 36, avg 29
Masking 100%
Sorting by length 100%
Counting k-mers 100%
Clustering 100%
Sorting clusters 100%
Writing clusters 100%
Clusters: 13 Size min 1, max 2, avg 1.2
Singletons: 11, 73.3% of seqs, 84.6% of clusters
Multiple alignments 100%
vsearch v2.30.0_linux_x86_64, 94.1GB RAM, 24 cores
https://github.com/torognes/vsearch

Reading file results/clustering/cdr/pellet_VH_R3/cdr3_clusters/0d438edd-5734-4747-87e7-af9a702b207d-IGH.fasta 100%
12312 nt in 287 seqs, min 18, max 57, avg 43
minseqlength 6: 2 sequences discarded.
Masking 100%
Sorting by length 100%
Counting k-mers 100%
Clustering 100%
Sorting clusters 100%
Writing clusters 100%
Clusters: 252 Size min 1, max 9, avg 1.1
Singletons: 229, 79.8% of seqs, 90.9% of clusters
Multiple alignments 100%
vsearch v2.30.0_linux_x86_64, 94.1GB RAM, 24 cores
https://github.com/torognes/vsearch

Reading file results/clustering/cdr/pellet_VH_R3/cdr3_clusters/90176198-8551-46ba-b550-9dff7b0e79af-IGH.fasta 100%
279 nt in 6 seqs, min 30, max 57, avg 46
Masking 100%
Sorting by length 100%
Counting k-mers 100%
Clustering 100%
Sorting clusters 100%
Writing clusters 100%
Clusters: 5 Size min 1, max 2, avg 1.2
Singletons: 4, 66.7% of seqs, 80.0% of clusters
Multiple alignments 100%
vsearch v2.30.0_linux_x86_64, 94.1GB RAM, 24 cores
https://github.com/torognes/vsearch

Reading file results/clustering/cdr/pellet_VH_R3/cdr3_clusters/1d7b1529-6798-47d6-bb36-72da17f15b17-IGH.fasta 100%
228 nt in 5 seqs, min 36, max 51, avg 46
Masking 100%
Sorting by length 100%
Counting k-mers 100%
Clustering 100%
Sorting clusters 100%
Writing clusters 100%
Clusters: 5 Size min 1, max 1, avg 1.0
Singletons: 5, 100.0% of seqs, 100.0% of clusters
Multiple alignments 100%
vsearch v2.30.0_linux_x86_64, 94.1GB RAM, 24 cores
https://github.com/torognes/vsearch

Reading file results/clustering/cdr/pellet_VH_R3/cdr3_clusters/a8ae10c7-1711-457d-9ec2-bbddc1aba2f7-IGH.fasta 100%
375 nt in 14 seqs, min 18, max 33, avg 27
Masking 100%
Sorting by length 100%
Counting k-mers 100%
Clustering 100%
Sorting clusters 100%
Writing clusters 100%
Clusters: 14 Size min 1, max 1, avg 1.0
Singletons: 14, 100.0% of seqs, 100.0% of clusters
Multiple alignments 100%
vsearch v2.30.0_linux_x86_64, 94.1GB RAM, 24 cores
https://github.com/torognes/vsearch

Reading file results/clustering/cdr/pellet_VH_R3/cdr3_clusters/a7d276a1-68f2-4b0d-9eb1-3c95807fc4fc-IGH.fasta 100%
966 nt in 31 seqs, min 21, max 36, avg 31
Masking 100%
Sorting by length 100%
Counting k-mers 100%
Clustering 100%
Sorting clusters 100%
Writing clusters 100%
Clusters: 30 Size min 1, max 2, avg 1.0
Singletons: 29, 93.5% of seqs, 96.7% of clusters
Multiple alignments 100%
vsearch v2.30.0_linux_x86_64, 94.1GB RAM, 24 cores
https://github.com/torognes/vsearch

Reading file results/clustering/cdr/pellet_VH_R3/cdr3_clusters/5d91242e-45d4-4912-b30e-6a7ed2bedc3c-IGH.fasta 100%
744 nt in 17 seqs, min 30, max 72, avg 44
Masking 100%
Sorting by length 100%
Counting k-mers 100%
Clustering 100%
Sorting clusters 100%
Writing clusters 100%
Clusters: 15 Size min 1, max 2, avg 1.1
Singletons: 13, 76.5% of seqs, 86.7% of clusters
Multiple alignments 100%
vsearch v2.30.0_linux_x86_64, 94.1GB RAM, 24 cores
https://github.com/torognes/vsearch

Reading file results/clustering/cdr/pellet_VH_R3/cdr3_clusters/3d8a9c1b-9862-4993-88fe-319821dcd74b-IGH.fasta 100%
387 nt in 11 seqs, min 27, max 36, avg 35
Masking 100%
Sorting by length 100%
Counting k-mers 100%
Clustering 100%
Sorting clusters 100%
Writing clusters 100%
Clusters: 2 Size min 1, max 10, avg 5.5
Singletons: 1, 9.1% of seqs, 50.0% of clusters
Multiple alignments 100%
vsearch v2.30.0_linux_x86_64, 94.1GB RAM, 24 cores
https://github.com/torognes/vsearch

Reading file results/clustering/cdr/pellet_VH_R3/cdr3_clusters/1570750c-a68a-4c81-ac1d-274c5157c7b8-IGH.fasta 100%
330 nt in 9 seqs, min 30, max 39, avg 37
Masking 100%
Sorting by length 100%
Counting k-mers 100%
Clustering 100%
Sorting clusters 100%
Writing clusters 100%
Clusters: 7 Size min 1, max 2, avg 1.3
Singletons: 5, 55.6% of seqs, 71.4% of clusters
Multiple alignments 100%
vsearch v2.30.0_linux_x86_64, 94.1GB RAM, 24 cores
https://github.com/torognes/vsearch

Reading file results/clustering/cdr/pellet_VH_R3/cdr3_clusters/896f17c0-a976-4570-8050-b76fa01ba8f3-IGH.fasta 100%
90 nt in 6 seqs, min 12, max 18, avg 15
Masking 100%
Sorting by length 100%
Counting k-mers 100%
Clustering 100%
Sorting clusters 100%
Writing clusters 100%
Clusters: 5 Size min 1, max 2, avg 1.2
Singletons: 4, 66.7% of seqs, 80.0% of clusters
Multiple alignments 100%
vsearch v2.30.0_linux_x86_64, 94.1GB RAM, 24 cores
https://github.com/torognes/vsearch

Reading file results/clustering/cdr/pellet_VH_R3/cdr3_clusters/36776a98-1bb0-405b-b890-f1ead2353d8d-IGH.fasta 100%
336 nt in 8 seqs, min 36, max 45, avg 42
Masking 100%
Sorting by length 100%
Counting k-mers 100%
Clustering 100%
Sorting clusters 100%
Writing clusters 100%
Clusters: 8 Size min 1, max 1, avg 1.0
Singletons: 8, 100.0% of seqs, 100.0% of clusters
Multiple alignments 100%
vsearch v2.30.0_linux_x86_64, 94.1GB RAM, 24 cores
https://github.com/torognes/vsearch

Reading file results/clustering/cdr/pellet_VH_R3/cdr3_clusters/bcafd53d-59c9-49f3-bd09-847a65732a8d-IGH.fasta 100%
516 nt in 16 seqs, min 19, max 42, avg 32
Masking 100%
Sorting by length 100%
Counting k-mers 100%
Clustering 100%
Sorting clusters 100%
Writing clusters 100%
Clusters: 16 Size min 1, max 1, avg 1.0
Singletons: 16, 100.0% of seqs, 100.0% of clusters
Multiple alignments 100%
vsearch v2.30.0_linux_x86_64, 94.1GB RAM, 24 cores
https://github.com/torognes/vsearch

Reading file results/clustering/cdr/pellet_VH_R3/cdr3_clusters/c8c6974b-af4a-426b-93a8-b2a620199019-IGH.fasta 100%
1678 nt in 48 seqs, min 21, max 43, avg 35
Masking 100%
Sorting by length 100%
Counting k-mers 100%
Clustering 100%
Sorting clusters 100%
Writing clusters 100%
Clusters: 43 Size min 1, max 3, avg 1.1
Singletons: 39, 81.2% of seqs, 90.7% of clusters
Multiple alignments 100%
vsearch v2.30.0_linux_x86_64, 94.1GB RAM, 24 cores
https://github.com/torognes/vsearch

Reading file results/clustering/cdr/pellet_VH_R3/cdr3_clusters/4d42ea55-be15-4515-b0c0-d7c02a761c2c-IGH.fasta 100%
5898 nt in 151 seqs, min 18, max 129, avg 39
Masking 100%
Sorting by length 100%
Counting k-mers 100%
Clustering 100%
Sorting clusters 100%
Writing clusters 100%
Clusters: 111 Size min 1, max 8, avg 1.4
Singletons: 93, 61.6% of seqs, 83.8% of clusters
Multiple alignments 100%
vsearch v2.30.0_linux_x86_64, 94.1GB RAM, 24 cores
https://github.com/torognes/vsearch

Reading file results/clustering/cdr/pellet_VH_R3/cdr3_clusters/29b431a3-85fd-448f-8bfa-0a229e59fc8f-IGH.fasta 100%
1362 nt in 32 seqs, min 21, max 51, avg 43
Masking 100%
Sorting by length 100%
Counting k-mers 100%
Clustering 100%
Sorting clusters 100%
Writing clusters 100%
Clusters: 20 Size min 1, max 13, avg 1.6
Singletons: 19, 59.4% of seqs, 95.0% of clusters
Multiple alignments 100%
vsearch v2.30.0_linux_x86_64, 94.1GB RAM, 24 cores
https://github.com/torognes/vsearch

Reading file results/clustering/cdr/pellet_VH_R3/cdr3_clusters/6d83d30e-8684-4afa-83cf-e43274d109e8-IGH.fasta 100%
1126 nt in 26 seqs, min 27, max 45, avg 43
Masking 100%
Sorting by length 100%
Counting k-mers 100%
Clustering 100%
Sorting clusters 100%
Writing clusters 100%
Clusters: 7 Size min 1, max 20, avg 3.7
Singletons: 6, 23.1% of seqs, 85.7% of clusters
Multiple alignments 100%
vsearch v2.30.0_linux_x86_64, 94.1GB RAM, 24 cores
https://github.com/torognes/vsearch

Reading file results/clustering/cdr/pellet_VH_R3/cdr3_clusters/9f6d97f5-0af3-415e-9b9a-56da077a3e5a-IGH.fasta 100%
1222 nt in 33 seqs, min 27, max 51, avg 37
Masking 100%
Sorting by length 100%
Counting k-mers 100%
Clustering 100%
Sorting clusters 100%
Writing clusters 100%
Clusters: 32 Size min 1, max 2, avg 1.0
Singletons: 31, 93.9% of seqs, 96.9% of clusters
Multiple alignments 100%
vsearch v2.30.0_linux_x86_64, 94.1GB RAM, 24 cores
https://github.com/torognes/vsearch

Reading file results/clustering/cdr/pellet_VH_R3/cdr3_clusters/fe54600b-9fa6-47b5-b0e3-ebb58ba361dc-IGH.fasta 100%
216 nt in 6 seqs, min 36, max 36, avg 36
Masking 100%
Sorting by length 100%
Counting k-mers 100%
Clustering 100%
Sorting clusters 100%
Writing clusters 100%
Clusters: 3 Size min 1, max 4, avg 2.0
Singletons: 2, 33.3% of seqs, 66.7% of clusters
Multiple alignments 100%
vsearch v2.30.0_linux_x86_64, 94.1GB RAM, 24 cores
https://github.com/torognes/vsearch

Reading file results/clustering/cdr/pellet_VH_R3/cdr3_clusters/ca451c83-fd34-4ae2-a43a-75a03932a698-IGH.fasta 100%
444 nt in 17 seqs, min 15, max 42, avg 26
Masking 100%
Sorting by length 100%
Counting k-mers 100%
Clustering 100%
Sorting clusters 100%
Writing clusters 100%
Clusters: 16 Size min 1, max 2, avg 1.1
Singletons: 15, 88.2% of seqs, 93.8% of clusters
Multiple alignments 100%
vsearch v2.30.0_linux_x86_64, 94.1GB RAM, 24 cores
https://github.com/torognes/vsearch

Reading file results/clustering/cdr/pellet_VH_R3/cdr3_clusters/84715f7a-2524-49b0-a6a9-5a489021f52b-IGH.fasta 100%
264 nt in 8 seqs, min 21, max 42, avg 33
Masking 100%
Sorting by length 100%
Counting k-mers 100%
Clustering 100%
Sorting clusters 100%
Writing clusters 100%
Clusters: 7 Size min 1, max 2, avg 1.1
Singletons: 6, 75.0% of seqs, 85.7% of clusters
Multiple alignments 100%
vsearch v2.30.0_linux_x86_64, 94.1GB RAM, 24 cores
https://github.com/torognes/vsearch

Reading file results/clustering/cdr/pellet_VH_R3/cdr3_clusters/f150614a-dba7-4370-ac7b-aa8a567d5da0-IGH.fasta 100%
201 nt in 9 seqs, min 21, max 33, avg 22
Masking 100%
Sorting by length 100%
Counting k-mers 100%
Clustering 100%
Sorting clusters 100%
Writing clusters 100%
Clusters: 3 Size min 1, max 7, avg 3.0
Singletons: 2, 22.2% of seqs, 66.7% of clusters
Multiple alignments 100%
vsearch v2.30.0_linux_x86_64, 94.1GB RAM, 24 cores
https://github.com/torognes/vsearch

Reading file results/clustering/cdr/pellet_VH_R3/cdr3_clusters/5a8a522f-3f3e-41c9-973e-4412dfbae8e4-IGH.fasta 100%
552 nt in 12 seqs, min 33, max 54, avg 46
Masking 100%
Sorting by length 100%
Counting k-mers 100%
Clustering 100%
Sorting clusters 100%
Writing clusters 100%
Clusters: 11 Size min 1, max 2, avg 1.1
Singletons: 10, 83.3% of seqs, 90.9% of clusters
Multiple alignments 100%
vsearch v2.30.0_linux_x86_64, 94.1GB RAM, 24 cores
https://github.com/torognes/vsearch

Reading file results/clustering/cdr/pellet_VH_R3/cdr3_clusters/c08b950b-a92e-44fa-97bb-b20a15077c4e-IGH.fasta 100%
156 nt in 6 seqs, min 18, max 33, avg 26
Masking 100%
Sorting by length 100%
Counting k-mers 100%
Clustering 100%
Sorting clusters 100%
Writing clusters 100%
Clusters: 5 Size min 1, max 2, avg 1.2
Singletons: 4, 66.7% of seqs, 80.0% of clusters
Multiple alignments 100%
vsearch v2.30.0_linux_x86_64, 94.1GB RAM, 24 cores
https://github.com/torognes/vsearch

Reading file results/clustering/cdr/pellet_VH_R3/cdr3_clusters/3a717534-21d3-41b1-b348-83d2d3953904-IGH.fasta 100%
393 nt in 12 seqs, min 18, max 42, avg 33
Masking 100%
Sorting by length 100%
Counting k-mers 100%
Clustering 100%
Sorting clusters 100%
Writing clusters 100%
Clusters: 12 Size min 1, max 1, avg 1.0
Singletons: 12, 100.0% of seqs, 100.0% of clusters
Multiple alignments 100%
vsearch v2.30.0_linux_x86_64, 94.1GB RAM, 24 cores
https://github.com/torognes/vsearch

Reading file results/clustering/cdr/pellet_VH_R3/cdr3_clusters/049d5cd4-5fa0-4892-a738-35e16ca56567-IGH.fasta 100%
459 nt in 10 seqs, min 33, max 54, avg 46
Masking 100%
Sorting by length 100%
Counting k-mers 100%
Clustering 100%
Sorting clusters 100%
Writing clusters 100%
Clusters: 9 Size min 1, max 2, avg 1.1
Singletons: 8, 80.0% of seqs, 88.9% of clusters
Multiple alignments 100%
vsearch v2.30.0_linux_x86_64, 94.1GB RAM, 24 cores
https://github.com/torognes/vsearch

Reading file results/clustering/cdr/pellet_VH_R3/cdr3_clusters/755a8f7b-d273-4044-9d81-44b88bf49e5a-IGH.fasta 100%
579 nt in 15 seqs, min 21, max 42, avg 39
Masking 100%
Sorting by length 100%
Counting k-mers 100%
Clustering 100%
Sorting clusters 100%
Writing clusters 100%
Clusters: 7 Size min 1, max 9, avg 2.1
Singletons: 6, 40.0% of seqs, 85.7% of clusters
Multiple alignments 100%
vsearch v2.30.0_linux_x86_64, 94.1GB RAM, 24 cores
https://github.com/torognes/vsearch

Reading file results/clustering/cdr/pellet_VH_R3/cdr3_clusters/24a42e9b-5c3e-4886-9043-6dd5904d491f-IGH.fasta 100%
2604 nt in 68 seqs, min 15, max 48, avg 38
Masking 100%
Sorting by length 100%
Counting k-mers 100%
Clustering 100%
Sorting clusters 100%
Writing clusters 100%
Clusters: 62 Size min 1, max 3, avg 1.1
Singletons: 58, 85.3% of seqs, 93.5% of clusters
Multiple alignments 100%
vsearch v2.30.0_linux_x86_64, 94.1GB RAM, 24 cores
https://github.com/torognes/vsearch

Reading file results/clustering/cdr/pellet_VH_R3/cdr3_clusters/e8f4cb09-919c-4ca4-baf9-b8bb85dab860-IGH.fasta 100%
270 nt in 7 seqs, min 27, max 51, avg 39
Masking 100%
Sorting by length 100%
Counting k-mers 100%
Clustering 100%
Sorting clusters 100%
Writing clusters 100%
Clusters: 7 Size min 1, max 1, avg 1.0
Singletons: 7, 100.0% of seqs, 100.0% of clusters
Multiple alignments 100%
vsearch v2.30.0_linux_x86_64, 94.1GB RAM, 24 cores
https://github.com/torognes/vsearch

Reading file results/clustering/cdr/pellet_VH_R3/cdr3_clusters/96061f36-a7b7-43fc-8c33-ae420ad35ecc-IGH.fasta 100%
3233 nt in 80 seqs, min 24, max 57, avg 40
minseqlength 6: 1 sequence discarded.
Masking 100%
Sorting by length 100%
Counting k-mers 100%
Clustering 100%
Sorting clusters 100%
Writing clusters 100%
Clusters: 78 Size min 1, max 2, avg 1.0
Singletons: 76, 95.0% of seqs, 97.4% of clusters
Multiple alignments 100%
vsearch v2.30.0_linux_x86_64, 94.1GB RAM, 24 cores
https://github.com/torognes/vsearch

Reading file results/clustering/cdr/pellet_VH_R3/cdr3_clusters/a6336afb-00ff-4a5a-b5cc-b84175e4ff9d-IGH.fasta 100%
498 nt in 14 seqs, min 30, max 36, avg 36
Masking 100%
Sorting by length 100%
Counting k-mers 100%
Clustering 100%
Sorting clusters 100%
Writing clusters 100%
Clusters: 7 Size min 1, max 4, avg 2.0
Singletons: 4, 28.6% of seqs, 57.1% of clusters
Multiple alignments 100%
vsearch v2.30.0_linux_x86_64, 94.1GB RAM, 24 cores
https://github.com/torognes/vsearch

Reading file results/clustering/cdr/pellet_VH_R3/cdr3_clusters/f0925ab1-a5d1-4e4e-90d7-06f6d53da14f-IGH.fasta 100%
258 nt in 6 seqs, min 27, max 48, avg 43
Masking 100%
Sorting by length 100%
Counting k-mers 100%
Clustering 100%
Sorting clusters 100%
Writing clusters 100%
Clusters: 5 Size min 1, max 2, avg 1.2
Singletons: 4, 66.7% of seqs, 80.0% of clusters
Multiple alignments 100%
vsearch v2.30.0_linux_x86_64, 94.1GB RAM, 24 cores
https://github.com/torognes/vsearch

Reading file results/clustering/cdr/pellet_VH_R3/cdr3_clusters/f04b0a1f-b801-4be4-bfa4-60688c758145-IGH.fasta 100%
40577 nt in 956 seqs, min 15, max 60, avg 42
minseqlength 6: 3 sequences discarded.
Masking 100%
Sorting by length 100%
Counting k-mers 100%
Clustering 100%
Sorting clusters 100%
Writing clusters 100%
Clusters: 834 Size min 1, max 7, avg 1.1
Singletons: 759, 79.4% of seqs, 91.0% of clusters
Multiple alignments 100%
vsearch v2.30.0_linux_x86_64, 94.1GB RAM, 24 cores
https://github.com/torognes/vsearch

Reading file results/clustering/cdr/pellet_VH_R3/cdr3_clusters/49bb90ca-df87-4936-93ac-2761da6b3802-IGH.fasta 100%
90 nt in 5 seqs, min 18, max 18, avg 18
minseqlength 6: 2 sequences discarded.
Masking 100%
Sorting by length 100%
Counting k-mers 100%
Clustering 100%
Sorting clusters 100%
Writing clusters 100%
Clusters: 5 Size min 1, max 1, avg 1.0
Singletons: 5, 100.0% of seqs, 100.0% of clusters
Multiple alignments 100%
vsearch v2.30.0_linux_x86_64, 94.1GB RAM, 24 cores
https://github.com/torognes/vsearch

Reading file results/clustering/cdr/pellet_VH_R3/cdr3_clusters/97d23e6c-087c-432f-8ec8-8b080cd0f027-IGH.fasta 100%
167 nt in 6 seqs, min 27, max 32, avg 28
Masking 100%
Sorting by length 100%
Counting k-mers 100%
Clustering 100%
Sorting clusters 100%
Writing clusters 100%
Clusters: 2 Size min 1, max 5, avg 3.0
Singletons: 1, 16.7% of seqs, 50.0% of clusters
Multiple alignments 100%
vsearch v2.30.0_linux_x86_64, 94.1GB RAM, 24 cores
https://github.com/torognes/vsearch

Reading file results/clustering/cdr/pellet_VH_R3/cdr3_clusters/d9bdf81a-ef11-40c5-aab8-554ffece66fe-IGH.fasta 100%
288 nt in 7 seqs, min 33, max 51, avg 41
Masking 100%
Sorting by length 100%
Counting k-mers 100%
Clustering 100%
Sorting clusters 100%
Writing clusters 100%
Clusters: 6 Size min 1, max 2, avg 1.2
Singletons: 5, 71.4% of seqs, 83.3% of clusters
Multiple alignments 100%
vsearch v2.30.0_linux_x86_64, 94.1GB RAM, 24 cores
https://github.com/torognes/vsearch

Reading file results/clustering/cdr/pellet_VH_R3/cdr3_clusters/54dfc3c3-04a8-4ddf-8292-bfca77be0dd0-IGH.fasta 100%
279 nt in 6 seqs, min 33, max 57, avg 46
Masking 100%
Sorting by length 100%
Counting k-mers 100%
Clustering 100%
Sorting clusters 100%
Writing clusters 100%
Clusters: 6 Size min 1, max 1, avg 1.0
Singletons: 6, 100.0% of seqs, 100.0% of clusters
Multiple alignments 100%
vsearch v2.30.0_linux_x86_64, 94.1GB RAM, 24 cores
https://github.com/torognes/vsearch

Reading file results/clustering/cdr/pellet_VH_R3/cdr3_clusters/22a73750-e7b4-42f0-bbab-7bc3c340a69b-IGH.fasta 100%
786 nt in 18 seqs, min 27, max 48, avg 44
Masking 100%
Sorting by length 100%
Counting k-mers 100%
Clustering 100%
Sorting clusters 100%
Writing clusters 100%
Clusters: 11 Size min 1, max 8, avg 1.6
Singletons: 10, 55.6% of seqs, 90.9% of clusters
Multiple alignments 100%
vsearch v2.30.0_linux_x86_64, 94.1GB RAM, 24 cores
https://github.com/torognes/vsearch

Reading file results/clustering/cdr/pellet_VH_R3/cdr3_clusters/50f5ea2f-adc4-4d8d-bbea-a4083e764e5c-IGH.fasta 100%
0 nt in 0 seqs
minseqlength 6: 13 sequences discarded.
Masking 100%
Sorting by length 100%
Counting k-mers 100%
Clustering 100%
Sorting clusters 100%
Writing clusters 100%
Clusters: 0
Singletons: 0
Multiple alignments 100%
vsearch v2.30.0_linux_x86_64, 94.1GB RAM, 24 cores
https://github.com/torognes/vsearch

Reading file results/clustering/cdr/pellet_VH_R3/cdr3_clusters/7bfd93d9-34a4-4171-a1b3-b96a820d5f1f-IGH.fasta 100%
255 nt in 9 seqs, min 21, max 36, avg 28
minseqlength 6: 1 sequence discarded.
Masking 100%
Sorting by length 100%
Counting k-mers 100%
Clustering 100%
Sorting clusters 100%
Writing clusters 100%
Clusters: 9 Size min 1, max 1, avg 1.0
Singletons: 9, 100.0% of seqs, 100.0% of clusters
Multiple alignments 100%
vsearch v2.30.0_linux_x86_64, 94.1GB RAM, 24 cores
https://github.com/torognes/vsearch

Reading file results/clustering/cdr/pellet_VH_R3/cdr3_clusters/0ada393c-c90f-46a7-8ad3-93b955212e88-IGH.fasta 100%
0 nt in 0 seqs
minseqlength 6: 204 sequences discarded.
Masking 100%
Sorting by length 100%
Counting k-mers 100%
Clustering 100%
Sorting clusters 100%
Writing clusters 100%
Clusters: 0
Singletons: 0
Multiple alignments 100%
vsearch v2.30.0_linux_x86_64, 94.1GB RAM, 24 cores
https://github.com/torognes/vsearch

Reading file results/clustering/cdr/pellet_VH_R3/cdr3_clusters/48edf923-7a79-4978-ab4e-d3be62984fbd-IGH.fasta 100%
1047 nt in 31 seqs, min 18, max 42, avg 34
minseqlength 6: 1 sequence discarded.
Masking 100%
Sorting by length 100%
Counting k-mers 100%
Clustering 100%
Sorting clusters 100%
Writing clusters 100%
Clusters: 30 Size min 1, max 2, avg 1.0
Singletons: 29, 93.5% of seqs, 96.7% of clusters
Multiple alignments 100%
vsearch v2.30.0_linux_x86_64, 94.1GB RAM, 24 cores
https://github.com/torognes/vsearch

Reading file results/clustering/cdr/pellet_VH_R3/cdr3_clusters/946e09be-a54d-43dc-a4bf-6081d72e44a2-IGH.fasta 100%
219 nt in 7 seqs, min 18, max 45, avg 31
Masking 100%
Sorting by length 100%
Counting k-mers 100%
Clustering 100%
Sorting clusters 100%
Writing clusters 100%
Clusters: 7 Size min 1, max 1, avg 1.0
Singletons: 7, 100.0% of seqs, 100.0% of clusters
Multiple alignments 100%
vsearch v2.30.0_linux_x86_64, 94.1GB RAM, 24 cores
https://github.com/torognes/vsearch

Reading file results/clustering/cdr/pellet_VH_R3/cdr3_clusters/35699d6b-436f-46cd-b2ba-a5ec979f5487-IGH.fasta 100%
3883 nt in 108 seqs, min 30, max 42, avg 36
Masking 100%
Sorting by length 100%
Counting k-mers 100%
Clustering 100%
Sorting clusters 100%
Writing clusters 100%
Clusters: 13 Size min 1, max 77, avg 8.3
Singletons: 9, 8.3% of seqs, 69.2% of clusters
Multiple alignments 100%
vsearch v2.30.0_linux_x86_64, 94.1GB RAM, 24 cores
https://github.com/torognes/vsearch

Reading file results/clustering/cdr/pellet_VH_R3/cdr3_clusters/51c8cac9-4ff5-4cd6-aab9-d31f2a3cecee-IGH.fasta 100%
23778 nt in 598 seqs, min 18, max 60, avg 40
Masking 100%
Sorting by length 100%
Counting k-mers 100%
Clustering 100%
Sorting clusters 100%
Writing clusters 100%
Clusters: 255 Size min 1, max 263, avg 2.3
Singletons: 216, 36.1% of seqs, 84.7% of clusters
Multiple alignments 100%
vsearch v2.30.0_linux_x86_64, 94.1GB RAM, 24 cores
https://github.com/torognes/vsearch

Reading file results/clustering/cdr/pellet_VH_R3/cdr3_clusters/7b64ae56-adb5-4275-ac3d-22644a3d2610-IGH.fasta 100%
2610 nt in 59 seqs, min 18, max 48, avg 44
Masking 100%
Sorting by length 100%
Counting k-mers 100%
Clustering 100%
Sorting clusters 100%
Writing clusters 100%
Clusters: 22 Size min 1, max 19, avg 2.7
Singletons: 14, 23.7% of seqs, 63.6% of clusters
Multiple alignments 100%
vsearch v2.30.0_linux_x86_64, 94.1GB RAM, 24 cores
https://github.com/torognes/vsearch

Reading file results/clustering/cdr/pellet_VH_R3/cdr3_clusters/50ed0c4f-b7d5-4d67-8548-ee86c1bebd26-IGH.fasta 100%
381 nt in 8 seqs, min 33, max 51, avg 48
Masking 100%
Sorting by length 100%
Counting k-mers 100%
Clustering 100%
Sorting clusters 100%
Writing clusters 100%
Clusters: 4 Size min 1, max 3, avg 2.0
Singletons: 2, 25.0% of seqs, 50.0% of clusters
Multiple alignments 100%
vsearch v2.30.0_linux_x86_64, 94.1GB RAM, 24 cores
https://github.com/torognes/vsearch

Reading file results/clustering/cdr/pellet_VH_R3/cdr3_clusters/4ca24026-85f9-4871-bf1f-faa379ad6efd-IGH.fasta 100%
4347 nt in 108 seqs, min 18, max 73, avg 40
minseqlength 6: 12 sequences discarded.
Masking 100%
Sorting by length 100%
Counting k-mers 100%
Clustering 100%
Sorting clusters 100%
Writing clusters 100%
Clusters: 98 Size min 1, max 3, avg 1.1
Singletons: 89, 82.4% of seqs, 90.8% of clusters
Multiple alignments 100%
vsearch v2.30.0_linux_x86_64, 94.1GB RAM, 24 cores
https://github.com/torognes/vsearch

Reading file results/clustering/cdr/pellet_VH_R3/cdr3_clusters/66c16a9f-a907-47ae-b1c2-ab4f834c8988-IGH.fasta 100%
441 nt in 12 seqs, min 15, max 42, avg 37
minseqlength 6: 1 sequence discarded.
Masking 100%
Sorting by length 100%
Counting k-mers 100%
Clustering 100%
Sorting clusters 100%
Writing clusters 100%
Clusters: 6 Size min 1, max 7, avg 2.0
Singletons: 5, 41.7% of seqs, 83.3% of clusters
Multiple alignments 100%
vsearch v2.30.0_linux_x86_64, 94.1GB RAM, 24 cores
https://github.com/torognes/vsearch

Reading file results/clustering/cdr/pellet_VH_R3/cdr3_clusters/ad263ce5-ef48-4a05-8ab0-41cbc9c1cec4-IGH.fasta 100%
432 nt in 10 seqs, min 33, max 48, avg 43
Masking 100%
Sorting by length 100%
Counting k-mers 100%
Clustering 100%
Sorting clusters 100%
Writing clusters 100%
Clusters: 8 Size min 1, max 3, avg 1.2
Singletons: 7, 70.0% of seqs, 87.5% of clusters
Multiple alignments 100%
vsearch v2.30.0_linux_x86_64, 94.1GB RAM, 24 cores
https://github.com/torognes/vsearch

Reading file results/clustering/cdr/pellet_VH_R3/cdr3_clusters/5c1fdfcc-2751-468c-8d69-7925933ad48d-IGH.fasta 100%
0 nt in 0 seqs
minseqlength 6: 9 sequences discarded.
Masking 100%
Sorting by length 100%
Counting k-mers 100%
Clustering 100%
Sorting clusters 100%
Writing clusters 100%
Clusters: 0
Singletons: 0
Multiple alignments 100%
vsearch v2.30.0_linux_x86_64, 94.1GB RAM, 24 cores
https://github.com/torognes/vsearch

Reading file results/clustering/cdr/pellet_VH_R3/cdr3_clusters/a4c4bfe5-8550-4704-a669-eb45511229c7-IGH.fasta 100%
782 nt in 20 seqs, min 21, max 45, avg 39
Masking 100%
Sorting by length 100%
Counting k-mers 100%
Clustering 100%
Sorting clusters 100%
Writing clusters 100%
Clusters: 18 Size min 1, max 2, avg 1.1
Singletons: 16, 80.0% of seqs, 88.9% of clusters
Multiple alignments 100%
vsearch v2.30.0_linux_x86_64, 94.1GB RAM, 24 cores
https://github.com/torognes/vsearch

Reading file results/clustering/cdr/pellet_VH_R3/cdr3_clusters/82c2ecb0-f74a-42fa-89b4-a819aa397ba3-IGH.fasta 100%
393 nt in 9 seqs, min 36, max 51, avg 44
Masking 100%
Sorting by length 100%
Counting k-mers 100%
Clustering 100%
Sorting clusters 100%
Writing clusters 100%
Clusters: 9 Size min 1, max 1, avg 1.0
Singletons: 9, 100.0% of seqs, 100.0% of clusters
Multiple alignments 100%
vsearch v2.30.0_linux_x86_64, 94.1GB RAM, 24 cores
https://github.com/torognes/vsearch

Reading file results/clustering/cdr/pellet_VH_R3/cdr3_clusters/6ba9f0c7-ca20-43b9-bd52-456466218f95-IGH.fasta 100%
315 nt in 5 seqs, min 54, max 86, avg 63
Masking 100%
Sorting by length 100%
Counting k-mers 100%
Clustering 100%
Sorting clusters 100%
Writing clusters 100%
Clusters: 3 Size min 1, max 3, avg 1.7
Singletons: 2, 40.0% of seqs, 66.7% of clusters
Multiple alignments 100%
vsearch v2.30.0_linux_x86_64, 94.1GB RAM, 24 cores
https://github.com/torognes/vsearch

Reading file results/clustering/cdr/pellet_VH_R3/cdr3_clusters/8032cf9c-a0c5-4f21-b147-f77165f79a09-IGK.fasta 100%
0 nt in 0 seqs
minseqlength 6: 35 sequences discarded.
Masking 100%
Sorting by length 100%
Counting k-mers 100%
Clustering 100%
Sorting clusters 100%
Writing clusters 100%
Clusters: 0
Singletons: 0
Multiple alignments 100%
vsearch v2.30.0_linux_x86_64, 94.1GB RAM, 24 cores
https://github.com/torognes/vsearch

Reading file results/clustering/cdr/pellet_VH_R3/cdr3_clusters/62cee963-0b9d-41a2-ac9d-0ea03924c2ac-IGH.fasta 100%
677 nt in 18 seqs, min 18, max 54, avg 38
Masking 100%
Sorting by length 100%
Counting k-mers 100%
Clustering 100%
Sorting clusters 100%
Writing clusters 100%
Clusters: 9 Size min 1, max 5, avg 2.0
Singletons: 6, 33.3% of seqs, 66.7% of clusters
Multiple alignments 100%
vsearch v2.30.0_linux_x86_64, 94.1GB RAM, 24 cores
https://github.com/torognes/vsearch

Reading file results/clustering/cdr/pellet_VH_R3/cdr3_clusters/417d8d28-8b67-4d36-850b-395e11968fdd-IGH.fasta 100%
11004 nt in 247 seqs, min 18, max 57, avg 45
minseqlength 6: 1 sequence discarded.
Masking 100%
Sorting by length 100%
Counting k-mers 100%
Clustering 100%
Sorting clusters 100%
Writing clusters 100%
Clusters: 179 Size min 1, max 14, avg 1.4
Singletons: 146, 59.1% of seqs, 81.6% of clusters
Multiple alignments 100%
vsearch v2.30.0_linux_x86_64, 94.1GB RAM, 24 cores
https://github.com/torognes/vsearch

Reading file results/clustering/cdr/pellet_VH_R3/cdr3_clusters/1ff7e39d-627e-4cb2-a8c5-a17b3950dc1a-IGH.fasta 100%
4032 nt in 100 seqs, min 27, max 51, avg 40
Masking 100%
Sorting by length 100%
Counting k-mers 100%
Clustering 100%
Sorting clusters 100%
Writing clusters 100%
Clusters: 93 Size min 1, max 4, avg 1.1
Singletons: 88, 88.0% of seqs, 94.6% of clusters
Multiple alignments 100%
vsearch v2.30.0_linux_x86_64, 94.1GB RAM, 24 cores
https://github.com/torognes/vsearch

Reading file results/clustering/cdr/pellet_VH_R3/cdr3_clusters/df3829fd-cef4-4cf9-bb6f-bba818e419bd-IGH.fasta 100%
192 nt in 5 seqs, min 30, max 45, avg 38
Masking 100%
Sorting by length 100%
Counting k-mers 100%
Clustering 100%
Sorting clusters 100%
Writing clusters 100%
Clusters: 5 Size min 1, max 1, avg 1.0
Singletons: 5, 100.0% of seqs, 100.0% of clusters
Multiple alignments 100%
vsearch v2.30.0_linux_x86_64, 94.1GB RAM, 24 cores
https://github.com/torognes/vsearch

Reading file results/clustering/cdr/pellet_VH_R3/cdr3_clusters/503b3b7d-36f9-4327-a1fd-dd96225eb1b3-IGH.fasta 100%
1029 nt in 25 seqs, min 24, max 51, avg 41
Masking 100%
Sorting by length 100%
Counting k-mers 100%
Clustering 100%
Sorting clusters 100%
Writing clusters 100%
Clusters: 25 Size min 1, max 1, avg 1.0
Singletons: 25, 100.0% of seqs, 100.0% of clusters
Multiple alignments 100%
vsearch v2.30.0_linux_x86_64, 94.1GB RAM, 24 cores
https://github.com/torognes/vsearch

Reading file results/clustering/cdr/pellet_VH_R3/cdr3_clusters/da61fb17-6be6-48d5-83f1-880c9c144930-IGH.fasta 100%
1059 nt in 29 seqs, min 18, max 48, avg 37
Masking 100%
Sorting by length 100%
Counting k-mers 100%
Clustering 100%
Sorting clusters 100%
Writing clusters 100%
Clusters: 26 Size min 1, max 4, avg 1.1
Singletons: 25, 86.2% of seqs, 96.2% of clusters
Multiple alignments 100%
vsearch v2.30.0_linux_x86_64, 94.1GB RAM, 24 cores
https://github.com/torognes/vsearch

Reading file results/clustering/cdr/pellet_VH_R3/cdr3_clusters/27c65f43-08d7-4b43-b535-deb716723894-IGH.fasta 100%
213 nt in 6 seqs, min 27, max 48, avg 36
Masking 100%
Sorting by length 100%
Counting k-mers 100%
Clustering 100%
Sorting clusters 100%
Writing clusters 100%
Clusters: 6 Size min 1, max 1, avg 1.0
Singletons: 6, 100.0% of seqs, 100.0% of clusters
Multiple alignments 100%
vsearch v2.30.0_linux_x86_64, 94.1GB RAM, 24 cores
https://github.com/torognes/vsearch

Reading file results/clustering/cdr/pellet_VH_R3/cdr3_clusters/eb941e6b-b0da-4bde-860a-9cd33fe90e9b-IGH.fasta 100%
1890 nt in 45 seqs, min 21, max 51, avg 42
Masking 100%
Sorting by length 100%
Counting k-mers 100%
Clustering 100%
Sorting clusters 100%
Writing clusters 100%
Clusters: 43 Size min 1, max 3, avg 1.0
Singletons: 42, 93.3% of seqs, 97.7% of clusters
Multiple alignments 100%
vsearch v2.30.0_linux_x86_64, 94.1GB RAM, 24 cores
https://github.com/torognes/vsearch

Reading file results/clustering/cdr/pellet_VH_R3/cdr3_clusters/72cc2f2d-9d59-4037-9c28-0e29715963c2-IGH.fasta 100%
1353 nt in 29 seqs, min 27, max 54, avg 47
Masking 100%
Sorting by length 100%
Counting k-mers 100%
Clustering 100%
Sorting clusters 100%
Writing clusters 100%
Clusters: 6 Size min 1, max 24, avg 4.8
Singletons: 5, 17.2% of seqs, 83.3% of clusters
Multiple alignments 100%
vsearch v2.30.0_linux_x86_64, 94.1GB RAM, 24 cores
https://github.com/torognes/vsearch

Reading file results/clustering/cdr/pellet_VH_R3/cdr3_clusters/20560e7c-e7b2-443d-b9f3-e0e361c13d3a-IGH.fasta 100%
387 nt in 11 seqs, min 27, max 39, avg 35
Masking 100%
Sorting by length 100%
Counting k-mers 100%
Clustering 100%
Sorting clusters 100%
Writing clusters 100%
Clusters: 6 Size min 1, max 5, avg 1.8
Singletons: 4, 36.4% of seqs, 66.7% of clusters
Multiple alignments 100%
vsearch v2.30.0_linux_x86_64, 94.1GB RAM, 24 cores
https://github.com/torognes/vsearch

Reading file results/clustering/cdr/pellet_VH_R3/cdr3_clusters/c7b0b053-1a24-4423-91b2-2104e8cd9ad4-IGH.fasta 100%
0 nt in 0 seqs
minseqlength 6: 63 sequences discarded.
Masking 100%
Sorting by length 100%
Counting k-mers 100%
Clustering 100%
Sorting clusters 100%
Writing clusters 100%
Clusters: 0
Singletons: 0
Multiple alignments 100%
vsearch v2.30.0_linux_x86_64, 94.1GB RAM, 24 cores
https://github.com/torognes/vsearch

Reading file results/clustering/cdr/pellet_VH_R3/cdr3_clusters/42d14586-c7a8-4ac0-9b57-8a0305f91dd1-IGH.fasta 100%
1596 nt in 35 seqs, min 27, max 48, avg 46
Masking 100%
Sorting by length 100%
Counting k-mers 100%
Clustering 100%
Sorting clusters 100%
Writing clusters 100%
Clusters: 16 Size min 1, max 20, avg 2.2
Singletons: 15, 42.9% of seqs, 93.8% of clusters
Multiple alignments 100%
vsearch v2.30.0_linux_x86_64, 94.1GB RAM, 24 cores
https://github.com/torognes/vsearch

Reading file results/clustering/cdr/pellet_VH_R3/cdr3_clusters/05065267-eee0-4f08-8aed-099987aadb3c-IGH.fasta 100%
402 nt in 9 seqs, min 42, max 45, avg 45
Masking 100%
Sorting by length 100%
Counting k-mers 100%
Clustering 100%
Sorting clusters 100%
Writing clusters 100%
Clusters: 5 Size min 1, max 3, avg 1.8
Singletons: 3, 33.3% of seqs, 60.0% of clusters
Multiple alignments 100%
vsearch v2.30.0_linux_x86_64, 94.1GB RAM, 24 cores
https://github.com/torognes/vsearch

Reading file results/clustering/cdr/pellet_VH_R3/cdr3_clusters/828ddf5f-21dc-4207-bb49-4093ae864af3-IGH.fasta 100%
1840 nt in 46 seqs, min 18, max 51, avg 40
Masking 100%
Sorting by length 100%
Counting k-mers 100%
Clustering 100%
Sorting clusters 100%
Writing clusters 100%
Clusters: 46 Size min 1, max 1, avg 1.0
Singletons: 46, 100.0% of seqs, 100.0% of clusters
Multiple alignments 100%
vsearch v2.30.0_linux_x86_64, 94.1GB RAM, 24 cores
https://github.com/torognes/vsearch

Reading file results/clustering/cdr/pellet_VH_R3/cdr3_clusters/ac8e8914-bf29-43c6-b184-378d4a90822a-IGH.fasta 100%
234 nt in 6 seqs, min 33, max 45, avg 39
Masking 100%
Sorting by length 100%
Counting k-mers 100%
Clustering 100%
Sorting clusters 100%
Writing clusters 100%
Clusters: 3 Size min 1, max 4, avg 2.0
Singletons: 2, 33.3% of seqs, 66.7% of clusters
Multiple alignments 100%
vsearch v2.30.0_linux_x86_64, 94.1GB RAM, 24 cores
https://github.com/torognes/vsearch

Reading file results/clustering/cdr/pellet_VH_R3/cdr3_clusters/96a0ff11-f3ea-4674-b5be-4ae8c47d478d-IGH.fasta 100%
336 nt in 8 seqs, min 30, max 48, avg 42
Masking 100%
Sorting by length 100%
Counting k-mers 100%
Clustering 100%
Sorting clusters 100%
Writing clusters 100%
Clusters: 8 Size min 1, max 1, avg 1.0
Singletons: 8, 100.0% of seqs, 100.0% of clusters
Multiple alignments 100%
vsearch v2.30.0_linux_x86_64, 94.1GB RAM, 24 cores
https://github.com/torognes/vsearch

Reading file results/clustering/cdr/pellet_VH_R3/cdr3_clusters/3c9c4ee0-5c11-48d2-b81a-d1fba337c8cb-IGH.fasta 100%
249 nt in 8 seqs, min 24, max 33, avg 31
minseqlength 6: 1 sequence discarded.
Masking 100%
Sorting by length 100%
Counting k-mers 100%
Clustering 100%
Sorting clusters 100%
Writing clusters 100%
Clusters: 7 Size min 1, max 2, avg 1.1
Singletons: 6, 75.0% of seqs, 85.7% of clusters
Multiple alignments 100%
vsearch v2.30.0_linux_x86_64, 94.1GB RAM, 24 cores
https://github.com/torognes/vsearch

Reading file results/clustering/cdr/pellet_VH_R3/cdr3_clusters/05fec435-d535-4a8c-95ac-fa9dd03c32d9-IGH.fasta 100%
2963 nt in 98 seqs, min 18, max 48, avg 30
Masking 100%
Sorting by length 100%
Counting k-mers 100%
Clustering 100%
Sorting clusters 100%
Writing clusters 100%
Clusters: 91 Size min 1, max 5, avg 1.1
Singletons: 87, 88.8% of seqs, 95.6% of clusters
Multiple alignments 100%
vsearch v2.30.0_linux_x86_64, 94.1GB RAM, 24 cores
https://github.com/torognes/vsearch

Reading file results/clustering/cdr/pellet_VH_R3/cdr3_clusters/153c665e-aad0-442e-b236-bfee5c8e36a3-IGH.fasta 100%
282 nt in 6 seqs, min 45, max 51, avg 47
Masking 100%
Sorting by length 100%
Counting k-mers 100%
Clustering 100%
Sorting clusters 100%
Writing clusters 100%
Clusters: 6 Size min 1, max 1, avg 1.0
Singletons: 6, 100.0% of seqs, 100.0% of clusters
Multiple alignments 100%
vsearch v2.30.0_linux_x86_64, 94.1GB RAM, 24 cores
https://github.com/torognes/vsearch

Reading file results/clustering/cdr/pellet_VH_R3/cdr3_clusters/3dbcdf73-7024-487f-b8d6-78ee585148b2-IGH.fasta 100%
5205 nt in 122 seqs, min 21, max 57, avg 43
Masking 100%
Sorting by length 100%
Counting k-mers 100%
Clustering 100%
Sorting clusters 100%
Writing clusters 100%
Clusters: 112 Size min 1, max 5, avg 1.1
Singletons: 106, 86.9% of seqs, 94.6% of clusters
Multiple alignments 100%
vsearch v2.30.0_linux_x86_64, 94.1GB RAM, 24 cores
https://github.com/torognes/vsearch

Reading file results/clustering/cdr/pellet_VH_R3/cdr3_clusters/83f734b0-6094-460c-a853-30eefbbd6bf3-IGH.fasta 100%
179 nt in 5 seqs, min 30, max 44, avg 36
minseqlength 6: 1 sequence discarded.
Masking 100%
Sorting by length 100%
Counting k-mers 100%
Clustering 100%
Sorting clusters 100%
Writing clusters 100%
Clusters: 5 Size min 1, max 1, avg 1.0
Singletons: 5, 100.0% of seqs, 100.0% of clusters
Multiple alignments 100%
vsearch v2.30.0_linux_x86_64, 94.1GB RAM, 24 cores
https://github.com/torognes/vsearch

Reading file results/clustering/cdr/pellet_VH_R3/cdr3_clusters/260ade76-45b5-4d99-86dc-fd7c75d7c093-IGH.fasta 100%
366 nt in 8 seqs, min 36, max 54, avg 46
Masking 100%
Sorting by length 100%
Counting k-mers 100%
Clustering 100%
Sorting clusters 100%
Writing clusters 100%
Clusters: 8 Size min 1, max 1, avg 1.0
Singletons: 8, 100.0% of seqs, 100.0% of clusters
Multiple alignments 100%
vsearch v2.30.0_linux_x86_64, 94.1GB RAM, 24 cores
https://github.com/torognes/vsearch

Reading file results/clustering/cdr/pellet_VH_R3/cdr3_clusters/3cde31de-daf2-4ab0-a103-722568f860b2-IGH.fasta 100%
497 nt in 16 seqs, min 18, max 36, avg 31
Masking 100%
Sorting by length 100%
Counting k-mers 100%
Clustering 100%
Sorting clusters 100%
Writing clusters 100%
Clusters: 16 Size min 1, max 1, avg 1.0
Singletons: 16, 100.0% of seqs, 100.0% of clusters
Multiple alignments 100%
vsearch v2.30.0_linux_x86_64, 94.1GB RAM, 24 cores
https://github.com/torognes/vsearch

Reading file results/clustering/cdr/pellet_VH_R3/cdr3_clusters/69910851-8bbd-48b1-a24f-0154081662fe-IGH.fasta 100%
90 nt in 5 seqs, min 18, max 18, avg 18
Masking 100%
Sorting by length 100%
Counting k-mers 100%
Clustering 100%
Sorting clusters 100%
Writing clusters 100%
Clusters: 2 Size min 1, max 4, avg 2.5
Singletons: 1, 20.0% of seqs, 50.0% of clusters
Multiple alignments 100%
vsearch v2.30.0_linux_x86_64, 94.1GB RAM, 24 cores
https://github.com/torognes/vsearch

Reading file results/clustering/cdr/pellet_VH_R3/cdr3_clusters/3694801d-811a-4bc5-99ca-02e3552c55a4-IGH.fasta 100%
219 nt in 5 seqs, min 36, max 51, avg 44
Masking 100%
Sorting by length 100%
Counting k-mers 100%
Clustering 100%
Sorting clusters 100%
Writing clusters 100%
Clusters: 5 Size min 1, max 1, avg 1.0
Singletons: 5, 100.0% of seqs, 100.0% of clusters
Multiple alignments 100%
vsearch v2.30.0_linux_x86_64, 94.1GB RAM, 24 cores
https://github.com/torognes/vsearch

Reading file results/clustering/cdr/pellet_VH_R3/cdr3_clusters/3745ff11-42fd-42b5-9faa-051975524199-IGH.fasta 100%
1113 nt in 22 seqs, min 36, max 57, avg 51
Masking 100%
Sorting by length 100%
Counting k-mers 100%
Clustering 100%
Sorting clusters 100%
Writing clusters 100%
Clusters: 19 Size min 1, max 2, avg 1.2
Singletons: 16, 72.7% of seqs, 84.2% of clusters
Multiple alignments 100%
vsearch v2.30.0_linux_x86_64, 94.1GB RAM, 24 cores
https://github.com/torognes/vsearch

Reading file results/clustering/cdr/pellet_VH_R3/cdr3_clusters/b19594a5-bec5-480c-b82c-89ab5e67774e-IGH.fasta 100%
312 nt in 12 seqs, min 18, max 30, avg 26
Masking 100%
Sorting by length 100%
Counting k-mers 100%
Clustering 100%
Sorting clusters 100%
Writing clusters 100%
Clusters: 7 Size min 1, max 6, avg 1.7
Singletons: 6, 50.0% of seqs, 85.7% of clusters
Multiple alignments 100%
vsearch v2.30.0_linux_x86_64, 94.1GB RAM, 24 cores
https://github.com/torognes/vsearch

Reading file results/clustering/cdr/pellet_VH_R3/cdr3_clusters/218a37fc-3b4f-4d28-b81e-e8307b94dbbb-IGH.fasta 100%
0 nt in 0 seqs
minseqlength 6: 13 sequences discarded.
Masking 100%
Sorting by length 100%
Counting k-mers 100%
Clustering 100%
Sorting clusters 100%
Writing clusters 100%
Clusters: 0
Singletons: 0
Multiple alignments 100%
vsearch v2.30.0_linux_x86_64, 94.1GB RAM, 24 cores
https://github.com/torognes/vsearch

Reading file results/clustering/cdr/pellet_VH_R3/cdr3_clusters/705f099e-0a50-43a8-a5d7-38a0c5e41f1f-IGH.fasta 100%
777 nt in 20 seqs, min 21, max 66, avg 39
Masking 100%
Sorting by length 100%
Counting k-mers 100%
Clustering 100%
Sorting clusters 100%
Writing clusters 100%
Clusters: 20 Size min 1, max 1, avg 1.0
Singletons: 20, 100.0% of seqs, 100.0% of clusters
Multiple alignments 100%
vsearch v2.30.0_linux_x86_64, 94.1GB RAM, 24 cores
https://github.com/torognes/vsearch

Reading file results/clustering/cdr/pellet_VH_R3/cdr3_clusters/95ff7da9-5033-44bc-9d3c-465355f4c17a-IGH.fasta 100%
0 nt in 0 seqs
minseqlength 6: 9 sequences discarded.
Masking 100%
Sorting by length 100%
Counting k-mers 100%
Clustering 100%
Sorting clusters 100%
Writing clusters 100%
Clusters: 0
Singletons: 0
Multiple alignments 100%
vsearch v2.30.0_linux_x86_64, 94.1GB RAM, 24 cores
https://github.com/torognes/vsearch

Reading file results/clustering/cdr/pellet_VH_R3/cdr3_clusters/73135ffe-a836-4343-9e67-90d24d6cccc8-IGH.fasta 100%
474 nt in 12 seqs, min 30, max 42, avg 40
Masking 100%
Sorting by length 100%
Counting k-mers 100%
Clustering 100%
Sorting clusters 100%
Writing clusters 100%
Clusters: 7 Size min 1, max 6, avg 1.7
Singletons: 6, 50.0% of seqs, 85.7% of clusters
Multiple alignments 100%
vsearch v2.30.0_linux_x86_64, 94.1GB RAM, 24 cores
https://github.com/torognes/vsearch

Reading file results/clustering/cdr/pellet_VH_R3/cdr3_clusters/cf4c3a03-667a-4058-9051-24cf3a2c8b7b-IGH.fasta 100%
255 nt in 6 seqs, min 24, max 54, avg 42
Masking 100%
Sorting by length 100%
Counting k-mers 100%
Clustering 100%
Sorting clusters 100%
Writing clusters 100%
Clusters: 6 Size min 1, max 1, avg 1.0
Singletons: 6, 100.0% of seqs, 100.0% of clusters
Multiple alignments 100%
vsearch v2.30.0_linux_x86_64, 94.1GB RAM, 24 cores
https://github.com/torognes/vsearch

Reading file results/clustering/cdr/pellet_VH_R3/cdr3_clusters/81df9f25-e8a3-4c88-9424-e651108692ae-IGH.fasta 100%
429 nt in 10 seqs, min 36, max 48, avg 43
Masking 100%
Sorting by length 100%
Counting k-mers 100%
Clustering 100%
Sorting clusters 100%
Writing clusters 100%
Clusters: 8 Size min 1, max 3, avg 1.2
Singletons: 7, 70.0% of seqs, 87.5% of clusters
Multiple alignments 100%
vsearch v2.30.0_linux_x86_64, 94.1GB RAM, 24 cores
https://github.com/torognes/vsearch

Reading file results/clustering/cdr/pellet_VH_R3/cdr3_clusters/bc10a5fe-8667-4a59-9f83-b59285a07cfb-IGH.fasta 100%
4599 nt in 122 seqs, min 18, max 54, avg 38
minseqlength 6: 1 sequence discarded.
Masking 100%
Sorting by length 100%
Counting k-mers 100%
Clustering 100%
Sorting clusters 100%
Writing clusters 100%
Clusters: 112 Size min 1, max 5, avg 1.1
Singletons: 105, 86.1% of seqs, 93.8% of clusters
Multiple alignments 100%
vsearch v2.30.0_linux_x86_64, 94.1GB RAM, 24 cores
https://github.com/torognes/vsearch

Reading file results/clustering/cdr/pellet_VH_R3/cdr3_clusters/0839f7e2-7d41-4b92-896d-b4e2f41ef194-IGH.fasta 100%
201 nt in 5 seqs, min 33, max 45, avg 40
Masking 100%
Sorting by length 100%
Counting k-mers 100%
Clustering 100%
Sorting clusters 100%
Writing clusters 100%
Clusters: 5 Size min 1, max 1, avg 1.0
Singletons: 5, 100.0% of seqs, 100.0% of clusters
Multiple alignments 100%
vsearch v2.30.0_linux_x86_64, 94.1GB RAM, 24 cores
https://github.com/torognes/vsearch

Reading file results/clustering/cdr/pellet_VH_R3/cdr3_clusters/9b8c7e27-0af0-400c-85d9-65c26c996414-IGH.fasta 100%
1599 nt in 42 seqs, min 18, max 54, avg 38
Masking 100%
Sorting by length 100%
Counting k-mers 100%
Clustering 100%
Sorting clusters 100%
Writing clusters 100%
Clusters: 42 Size min 1, max 1, avg 1.0
Singletons: 42, 100.0% of seqs, 100.0% of clusters
Multiple alignments 100%
vsearch v2.30.0_linux_x86_64, 94.1GB RAM, 24 cores
https://github.com/torognes/vsearch

Reading file results/clustering/cdr/pellet_VH_R3/cdr3_clusters/ff040284-7c85-45ec-a056-9fa22ccfb47c-IGH.fasta 100%
5422 nt in 136 seqs, min 18, max 51, avg 40
Masking 100%
Sorting by length 100%
Counting k-mers 100%
Clustering 100%
Sorting clusters 100%
Writing clusters 100%
Clusters: 87 Size min 1, max 19, avg 1.6
Singletons: 75, 55.1% of seqs, 86.2% of clusters
Multiple alignments 100%
vsearch v2.30.0_linux_x86_64, 94.1GB RAM, 24 cores
https://github.com/torognes/vsearch

Reading file results/clustering/cdr/pellet_VH_R3/cdr3_clusters/804f4f96-f0f9-45c8-86a0-7b4dd91e2c68-IGH.fasta 100%
330 nt in 10 seqs, min 8, max 60, avg 33
Masking 100%
Sorting by length 100%
Counting k-mers 100%
Clustering 100%
Sorting clusters 100%
Writing clusters 100%
Clusters: 8 Size min 1, max 3, avg 1.2
Singletons: 7, 70.0% of seqs, 87.5% of clusters
Multiple alignments 100%
vsearch v2.30.0_linux_x86_64, 94.1GB RAM, 24 cores
https://github.com/torognes/vsearch

Reading file results/clustering/cdr/pellet_VH_R3/cdr3_clusters/6b86887d-90a5-4bcc-8be6-3c77f9b293b6-IGH.fasta 100%
684 nt in 17 seqs, min 33, max 42, avg 40
Masking 100%
Sorting by length 100%
Counting k-mers 100%
Clustering 100%
Sorting clusters 100%
Writing clusters 100%
Clusters: 5 Size min 1, max 9, avg 3.4
Singletons: 3, 17.6% of seqs, 60.0% of clusters
Multiple alignments 100%
vsearch v2.30.0_linux_x86_64, 94.1GB RAM, 24 cores
https://github.com/torognes/vsearch

Reading file results/clustering/cdr/pellet_VH_R3/cdr3_clusters/df2d4eed-8cf2-425b-8ed3-0f33b13fff44-IGH.fasta 100%
1907 nt in 47 seqs, min 30, max 51, avg 41
Masking 100%
Sorting by length 100%
Counting k-mers 100%
Clustering 100%
Sorting clusters 100%
Writing clusters 100%
Clusters: 46 Size min 1, max 2, avg 1.0
Singletons: 45, 95.7% of seqs, 97.8% of clusters
Multiple alignments 100%
vsearch v2.30.0_linux_x86_64, 94.1GB RAM, 24 cores
https://github.com/torognes/vsearch

Reading file results/clustering/cdr/pellet_VH_R3/cdr3_clusters/56fd0d55-8f2e-46f7-bf33-077f9b989c6d-IGH.fasta 100%
183 nt in 5 seqs, min 27, max 45, avg 37
Masking 100%
Sorting by length 100%
Counting k-mers 100%
Clustering 100%
Sorting clusters 100%
Writing clusters 100%
Clusters: 5 Size min 1, max 1, avg 1.0
Singletons: 5, 100.0% of seqs, 100.0% of clusters
Multiple alignments 100%
vsearch v2.30.0_linux_x86_64, 94.1GB RAM, 24 cores
https://github.com/torognes/vsearch

Reading file results/clustering/cdr/pellet_VH_R3/cdr3_clusters/30e97e8c-4b46-4390-839d-0bb7dc0e60c0-IGH.fasta 100%
207 nt in 6 seqs, min 21, max 42, avg 34
Masking 100%
Sorting by length 100%
Counting k-mers 100%
Clustering 100%
Sorting clusters 100%
Writing clusters 100%
Clusters: 6 Size min 1, max 1, avg 1.0
Singletons: 6, 100.0% of seqs, 100.0% of clusters
Multiple alignments 100%
vsearch v2.30.0_linux_x86_64, 94.1GB RAM, 24 cores
https://github.com/torognes/vsearch

Reading file results/clustering/cdr/pellet_VH_R3/cdr3_clusters/a5b47380-d298-4800-a4be-4888fbad1e61-IGH.fasta 100%
0 nt in 0 seqs
minseqlength 6: 6 sequences discarded.
Masking 100%
Sorting by length 100%
Counting k-mers 100%
Clustering 100%
Sorting clusters 100%
Writing clusters 100%
Clusters: 0
Singletons: 0
Multiple alignments 100%
vsearch v2.30.0_linux_x86_64, 94.1GB RAM, 24 cores
https://github.com/torognes/vsearch

Reading file results/clustering/cdr/pellet_VH_R3/cdr3_clusters/5e67b9c9-9005-4e72-a824-3b9f9a0a6840-IGH.fasta 100%
234 nt in 8 seqs, min 15, max 39, avg 29
Masking 100%
Sorting by length 100%
Counting k-mers 100%
Clustering 100%
Sorting clusters 100%
Writing clusters 100%
Clusters: 7 Size min 1, max 2, avg 1.1
Singletons: 6, 75.0% of seqs, 85.7% of clusters
Multiple alignments 100%
vsearch v2.30.0_linux_x86_64, 94.1GB RAM, 24 cores
https://github.com/torognes/vsearch

Reading file results/clustering/cdr/pellet_VH_R3/cdr3_clusters/37e46b6a-770c-4779-962c-52784a6ef298-IGH.fasta 100%
20592 nt in 543 seqs, min 15, max 57, avg 38
Masking 100%
Sorting by length 100%
Counting k-mers 100%
Clustering 100%
Sorting clusters 100%
Writing clusters 100%
Clusters: 461 Size min 1, max 26, avg 1.2
Singletons: 428, 78.8% of seqs, 92.8% of clusters
Multiple alignments 100%
vsearch v2.30.0_linux_x86_64, 94.1GB RAM, 24 cores
https://github.com/torognes/vsearch

Reading file results/clustering/cdr/pellet_VH_R3/cdr3_clusters/de021494-90f4-484c-bb7b-e08bddc2cac2-IGH.fasta 100%
1269 nt in 36 seqs, min 21, max 102, avg 35
Masking 100%
Sorting by length 100%
Counting k-mers 100%
Clustering 100%
Sorting clusters 100%
Writing clusters 100%
Clusters: 29 Size min 1, max 7, avg 1.2
Singletons: 27, 75.0% of seqs, 93.1% of clusters
Multiple alignments 100%
vsearch v2.30.0_linux_x86_64, 94.1GB RAM, 24 cores
https://github.com/torognes/vsearch

Reading file results/clustering/cdr/pellet_VH_R3/cdr3_clusters/d2793836-6ccd-48f5-918f-49be079a5842-IGH.fasta 100%
0 nt in 0 seqs
minseqlength 6: 32 sequences discarded.
Masking 100%
Sorting by length 100%
Counting k-mers 100%
Clustering 100%
Sorting clusters 100%
Writing clusters 100%
Clusters: 0
Singletons: 0
Multiple alignments 100%
vsearch v2.30.0_linux_x86_64, 94.1GB RAM, 24 cores
https://github.com/torognes/vsearch

Reading file results/clustering/cdr/pellet_VH_R3/cdr3_clusters/7e230353-57dd-4cc3-9f58-92635cc3e79e-IGH.fasta 100%
2459 nt in 65 seqs, min 24, max 39, avg 38
Masking 100%
Sorting by length 100%
Counting k-mers 100%
Clustering 100%
Sorting clusters 100%
Writing clusters 100%
Clusters: 20 Size min 1, max 46, avg 3.2
Singletons: 19, 29.2% of seqs, 95.0% of clusters
Multiple alignments 100%
vsearch v2.30.0_linux_x86_64, 94.1GB RAM, 24 cores
https://github.com/torognes/vsearch

Reading file results/clustering/cdr/pellet_VH_R3/cdr3_clusters/1b26ea74-46e2-4867-831f-dfe76e10b23c-IGH.fasta 100%
432 nt in 11 seqs, min 39, max 42, avg 39
Masking 100%
Sorting by length 100%
Counting k-mers 100%
Clustering 100%
Sorting clusters 100%
Writing clusters 100%
Clusters: 6 Size min 1, max 4, avg 1.8
Singletons: 4, 36.4% of seqs, 66.7% of clusters
Multiple alignments 100%
vsearch v2.30.0_linux_x86_64, 94.1GB RAM, 24 cores
https://github.com/torognes/vsearch

Reading file results/clustering/cdr/pellet_VH_R3/cdr3_clusters/ce937aad-c4fc-42aa-ab0b-56d2dc8c6a10-IGH.fasta 100%
1221 nt in 29 seqs, min 18, max 54, avg 42
Masking 100%
Sorting by length 100%
Counting k-mers 100%
Clustering 100%
Sorting clusters 100%
Writing clusters 100%
Clusters: 24 Size min 1, max 5, avg 1.2
Singletons: 22, 75.9% of seqs, 91.7% of clusters
Multiple alignments 100%
vsearch v2.30.0_linux_x86_64, 94.1GB RAM, 24 cores
https://github.com/torognes/vsearch

Reading file results/clustering/cdr/pellet_VH_R3/cdr3_clusters/503601bc-fd6b-45d5-9ea8-351fb45f3882-IGH.fasta 100%
852 nt in 29 seqs, min 18, max 36, avg 29
Masking 100%
Sorting by length 100%
Counting k-mers 100%
Clustering 100%
Sorting clusters 100%
Writing clusters 100%
Clusters: 27 Size min 1, max 2, avg 1.1
Singletons: 25, 86.2% of seqs, 92.6% of clusters
Multiple alignments 100%
vsearch v2.30.0_linux_x86_64, 94.1GB RAM, 24 cores
https://github.com/torognes/vsearch

Reading file results/clustering/cdr/pellet_VH_R3/cdr3_clusters/4409619e-40c7-4dd8-8ad9-90866b244d82-IGH.fasta 100%
951 nt in 23 seqs, min 24, max 48, avg 41
Masking 100%
Sorting by length 100%
Counting k-mers 100%
Clustering 100%
Sorting clusters 100%
Writing clusters 100%
Clusters: 19 Size min 1, max 4, avg 1.2
Singletons: 17, 73.9% of seqs, 89.5% of clusters
Multiple alignments 100%
vsearch v2.30.0_linux_x86_64, 94.1GB RAM, 24 cores
https://github.com/torognes/vsearch

Reading file results/clustering/cdr/pellet_VH_R3/cdr3_clusters/00a0055c-81ca-4279-a527-0f436660ddab-IGH.fasta 100%
246 nt in 6 seqs, min 36, max 42, avg 41
Masking 100%
Sorting by length 100%
Counting k-mers 100%
Clustering 100%
Sorting clusters 100%
Writing clusters 100%
Clusters: 4 Size min 1, max 3, avg 1.5
Singletons: 3, 50.0% of seqs, 75.0% of clusters
Multiple alignments 100%
vsearch v2.30.0_linux_x86_64, 94.1GB RAM, 24 cores
https://github.com/torognes/vsearch

Reading file results/clustering/cdr/pellet_VH_R3/cdr3_clusters/021a738a-cf1c-4741-aa5b-ef1acf7d5928-IGH.fasta 100%
0 nt in 0 seqs
minseqlength 6: 13 sequences discarded.
Masking 100%
Sorting by length 100%
Counting k-mers 100%
Clustering 100%
Sorting clusters 100%
Writing clusters 100%
Clusters: 0
Singletons: 0
Multiple alignments 100%
vsearch v2.30.0_linux_x86_64, 94.1GB RAM, 24 cores
https://github.com/torognes/vsearch

Reading file results/clustering/cdr/pellet_VH_R3/cdr3_clusters/387b4934-ca4d-43f6-9f3a-037b46b5c55c-IGH.fasta 100%
354 nt in 7 seqs, min 30, max 54, avg 51
Masking 100%
Sorting by length 100%
Counting k-mers 100%
Clustering 100%
Sorting clusters 100%
Writing clusters 100%
Clusters: 5 Size min 1, max 3, avg 1.4
Singletons: 4, 57.1% of seqs, 80.0% of clusters
Multiple alignments 100%
vsearch v2.30.0_linux_x86_64, 94.1GB RAM, 24 cores
https://github.com/torognes/vsearch

Reading file results/clustering/cdr/pellet_VH_R3/cdr3_clusters/43171d33-95fb-4ae7-ae40-ac76693b5fde-IGH.fasta 100%
267 nt in 6 seqs, min 27, max 54, avg 44
Masking 100%
Sorting by length 100%
Counting k-mers 100%
Clustering 100%
Sorting clusters 100%
Writing clusters 100%
Clusters: 4 Size min 1, max 2, avg 1.5
Singletons: 2, 33.3% of seqs, 50.0% of clusters
Multiple alignments 100%
vsearch v2.30.0_linux_x86_64, 94.1GB RAM, 24 cores
https://github.com/torognes/vsearch

Reading file results/clustering/cdr/pellet_VH_R3/cdr3_clusters/11a69321-79e0-45c1-8f6d-89406e7a1502-IGH.fasta 100%
414 nt in 13 seqs, min 30, max 36, avg 32
Masking 100%
Sorting by length 100%
Counting k-mers 100%
Clustering 100%
Sorting clusters 100%
Writing clusters 100%
Clusters: 8 Size min 1, max 4, avg 1.6
Singletons: 5, 38.5% of seqs, 62.5% of clusters
Multiple alignments 100%
vsearch v2.30.0_linux_x86_64, 94.1GB RAM, 24 cores
https://github.com/torognes/vsearch

Reading file results/clustering/cdr/pellet_VH_R3/cdr3_clusters/2b317b12-2c33-4fc1-b7ab-bc33b3063b72-IGH.fasta 100%
534 nt in 17 seqs, min 24, max 33, avg 31
Masking 100%
Sorting by length 100%
Counting k-mers 100%
Clustering 100%
Sorting clusters 100%
Writing clusters 100%
Clusters: 13 Size min 1, max 3, avg 1.3
Singletons: 10, 58.8% of seqs, 76.9% of clusters
Multiple alignments 100%
vsearch v2.30.0_linux_x86_64, 94.1GB RAM, 24 cores
https://github.com/torognes/vsearch

Reading file results/clustering/cdr/pellet_VH_R3/cdr3_clusters/36469d9b-8f4c-464c-a1d2-9d1c95ba1a8e-IGH.fasta 100%
709 nt in 18 seqs, min 10, max 48, avg 39
Masking 100%
Sorting by length 100%
Counting k-mers 100%
Clustering 100%
Sorting clusters 100%
Writing clusters 100%
Clusters: 18 Size min 1, max 1, avg 1.0
Singletons: 18, 100.0% of seqs, 100.0% of clusters
Multiple alignments 100%
vsearch v2.30.0_linux_x86_64, 94.1GB RAM, 24 cores
https://github.com/torognes/vsearch

Reading file results/clustering/cdr/pellet_VH_R3/cdr3_clusters/dca5c359-3655-4055-b666-79397d334289-IGH.fasta 100%
408 nt in 13 seqs, min 15, max 42, avg 31
Masking 100%
Sorting by length 100%
Counting k-mers 100%
Clustering 100%
Sorting clusters 100%
Writing clusters 100%
Clusters: 11 Size min 1, max 3, avg 1.2
Singletons: 10, 76.9% of seqs, 90.9% of clusters
Multiple alignments 100%
vsearch v2.30.0_linux_x86_64, 94.1GB RAM, 24 cores
https://github.com/torognes/vsearch

Reading file results/clustering/cdr/pellet_VH_R3/cdr3_clusters/41a00f5e-380b-442c-a42c-3597f2b712d6-IGH.fasta 100%
1356 nt in 25 seqs, min 45, max 60, avg 54
Masking 100%
Sorting by length 100%
Counting k-mers 100%
Clustering 100%
Sorting clusters 100%
Writing clusters 100%
Clusters: 11 Size min 1, max 10, avg 2.3
Singletons: 6, 24.0% of seqs, 54.5% of clusters
Multiple alignments 100%
vsearch v2.30.0_linux_x86_64, 94.1GB RAM, 24 cores
https://github.com/torognes/vsearch

Reading file results/clustering/cdr/pellet_VH_R3/cdr3_clusters/b518faf4-9194-40b5-ad61-7ed0974d2c49-IGH.fasta 100%
333 nt in 7 seqs, min 33, max 72, avg 48
Masking 100%
Sorting by length 100%
Counting k-mers 100%
Clustering 100%
Sorting clusters 100%
Writing clusters 100%
Clusters: 7 Size min 1, max 1, avg 1.0
Singletons: 7, 100.0% of seqs, 100.0% of clusters
Multiple alignments 100%
vsearch v2.30.0_linux_x86_64, 94.1GB RAM, 24 cores
https://github.com/torognes/vsearch

Reading file results/clustering/cdr/pellet_VH_R3/cdr3_clusters/b49c912f-8de2-4dab-a8f6-4f96f018472c-IGH.fasta 100%
1329 nt in 36 seqs, min 27, max 54, avg 37
Masking 100%
Sorting by length 100%
Counting k-mers 100%
Clustering 100%
Sorting clusters 100%
Writing clusters 100%
Clusters: 32 Size min 1, max 4, avg 1.1
Singletons: 30, 83.3% of seqs, 93.8% of clusters
Multiple alignments 100%
vsearch v2.30.0_linux_x86_64, 94.1GB RAM, 24 cores
https://github.com/torognes/vsearch

Reading file results/clustering/cdr/pellet_VH_R3/cdr3_clusters/47c26043-364e-4812-af98-6b6df279ffcb-IGH.fasta 100%
210 nt in 5 seqs, min 39, max 48, avg 42
Masking 100%
Sorting by length 100%
Counting k-mers 100%
Clustering 100%
Sorting clusters 100%
Writing clusters 100%
Clusters: 5 Size min 1, max 1, avg 1.0
Singletons: 5, 100.0% of seqs, 100.0% of clusters
Multiple alignments 100%
vsearch v2.30.0_linux_x86_64, 94.1GB RAM, 24 cores
https://github.com/torognes/vsearch

Reading file results/clustering/cdr/pellet_VH_R3/cdr3_clusters/2b63e4a8-a228-444a-9f19-155bd6c38a88-IGH.fasta 100%
2074 nt in 66 seqs, min 21, max 36, avg 31
Masking 100%
Sorting by length 100%
Counting k-mers 100%
Clustering 100%
Sorting clusters 100%
Writing clusters 100%
Clusters: 48 Size min 1, max 14, avg 1.4
Singletons: 44, 66.7% of seqs, 91.7% of clusters
Multiple alignments 100%
vsearch v2.30.0_linux_x86_64, 94.1GB RAM, 24 cores
https://github.com/torognes/vsearch

Reading file results/clustering/cdr/pellet_VH_R3/cdr3_clusters/c9bf5b19-a2be-47e7-acab-51e58d84f55d-IGH.fasta 100%
225 nt in 7 seqs, min 18, max 45, avg 32
Masking 100%
Sorting by length 100%
Counting k-mers 100%
Clustering 100%
Sorting clusters 100%
Writing clusters 100%
Clusters: 7 Size min 1, max 1, avg 1.0
Singletons: 7, 100.0% of seqs, 100.0% of clusters
Multiple alignments 100%
vsearch v2.30.0_linux_x86_64, 94.1GB RAM, 24 cores
https://github.com/torognes/vsearch

Reading file results/clustering/cdr/pellet_VH_R3/cdr3_clusters/7599e8b2-b50d-4821-82b8-4374aee5a089-IGH.fasta 100%
303 nt in 14 seqs, min 15, max 45, avg 22
minseqlength 6: 1 sequence discarded.
Masking 100%
Sorting by length 100%
Counting k-mers 100%
Clustering 100%
Sorting clusters 100%
Writing clusters 100%
Clusters: 12 Size min 1, max 3, avg 1.2
Singletons: 11, 78.6% of seqs, 91.7% of clusters
Multiple alignments 100%
vsearch v2.30.0_linux_x86_64, 94.1GB RAM, 24 cores
https://github.com/torognes/vsearch

Reading file results/clustering/cdr/pellet_VH_R3/cdr3_clusters/5fae2b68-a456-4b8d-b649-1c8135e5235b-IGH.fasta 100%
930 nt in 21 seqs, min 33, max 54, avg 44
Masking 100%
Sorting by length 100%
Counting k-mers 100%
Clustering 100%
Sorting clusters 100%
Writing clusters 100%
Clusters: 19 Size min 1, max 3, avg 1.1
Singletons: 18, 85.7% of seqs, 94.7% of clusters
Multiple alignments 100%
vsearch v2.30.0_linux_x86_64, 94.1GB RAM, 24 cores
https://github.com/torognes/vsearch

Reading file results/clustering/cdr/pellet_VH_R3/cdr3_clusters/15e7f205-f07d-4465-984b-dea1700111c8-IGH.fasta 100%
531 nt in 15 seqs, min 33, max 54, avg 35
Masking 100%
Sorting by length 100%
Counting k-mers 100%
Clustering 100%
Sorting clusters 100%
Writing clusters 100%
Clusters: 7 Size min 1, max 9, avg 2.1
Singletons: 6, 40.0% of seqs, 85.7% of clusters
Multiple alignments 100%
vsearch v2.30.0_linux_x86_64, 94.1GB RAM, 24 cores
https://github.com/torognes/vsearch

Reading file results/clustering/cdr/pellet_VH_R3/cdr3_clusters/5c7760b6-2abf-437a-9518-71f43e26abb2-IGH.fasta 100%
3247 nt in 83 seqs, min 21, max 57, avg 39
Masking 100%
Sorting by length 100%
Counting k-mers 100%
Clustering 100%
Sorting clusters 100%
Writing clusters 100%
Clusters: 69 Size min 1, max 10, avg 1.2
Singletons: 63, 75.9% of seqs, 91.3% of clusters
Multiple alignments 100%
vsearch v2.30.0_linux_x86_64, 94.1GB RAM, 24 cores
https://github.com/torognes/vsearch

Reading file results/clustering/cdr/pellet_VH_R3/cdr3_clusters/dbf0b07d-f098-402e-82c1-5d3a7d8f1cb8-IGH.fasta 100%
249 nt in 6 seqs, min 21, max 54, avg 42
Masking 100%
Sorting by length 100%
Counting k-mers 100%
Clustering 100%
Sorting clusters 100%
Writing clusters 100%
Clusters: 6 Size min 1, max 1, avg 1.0
Singletons: 6, 100.0% of seqs, 100.0% of clusters
Multiple alignments 100%
vsearch v2.30.0_linux_x86_64, 94.1GB RAM, 24 cores
https://github.com/torognes/vsearch

Reading file results/clustering/cdr/pellet_VH_R3/cdr3_clusters/5f276463-2ad7-4ebb-91ae-9b55575b49b4-IGH.fasta 100%
678 nt in 21 seqs, min 24, max 39, avg 32
Masking 100%
Sorting by length 100%
Counting k-mers 100%
Clustering 100%
Sorting clusters 100%
Writing clusters 100%
Clusters: 19 Size min 1, max 3, avg 1.1
Singletons: 18, 85.7% of seqs, 94.7% of clusters
Multiple alignments 100%
vsearch v2.30.0_linux_x86_64, 94.1GB RAM, 24 cores
https://github.com/torognes/vsearch

Reading file results/clustering/cdr/pellet_VH_R3/cdr3_clusters/1dd5378d-5b51-46bc-8d51-2a91c89e5917-IGH.fasta 100%
3826 nt in 86 seqs, min 27, max 48, avg 44
Masking 100%
Sorting by length 100%
Counting k-mers 100%
Clustering 100%
Sorting clusters 100%
Writing clusters 100%
Clusters: 43 Size min 1, max 43, avg 2.0
Singletons: 41, 47.7% of seqs, 95.3% of clusters
Multiple alignments 100%
vsearch v2.30.0_linux_x86_64, 94.1GB RAM, 24 cores
https://github.com/torognes/vsearch

Reading file results/clustering/cdr/pellet_VH_R3/cdr3_clusters/99e64746-089e-425e-99d6-6cd1a4eb04e3-IGH.fasta 100%
924 nt in 20 seqs, min 27, max 54, avg 46
Masking 100%
Sorting by length 100%
Counting k-mers 100%
Clustering 100%
Sorting clusters 100%
Writing clusters 100%
Clusters: 20 Size min 1, max 1, avg 1.0
Singletons: 20, 100.0% of seqs, 100.0% of clusters
Multiple alignments 100%
vsearch v2.30.0_linux_x86_64, 94.1GB RAM, 24 cores
https://github.com/torognes/vsearch

Reading file results/clustering/cdr/pellet_VH_R3/cdr3_clusters/9b769665-c96e-4b22-bf9b-47e1eb9c1998-IGH.fasta 100%
216 nt in 6 seqs, min 36, max 36, avg 36
Masking 100%
Sorting by length 100%
Counting k-mers 100%
Clustering 100%
Sorting clusters 100%
Writing clusters 100%
Clusters: 5 Size min 1, max 2, avg 1.2
Singletons: 4, 66.7% of seqs, 80.0% of clusters
Multiple alignments 100%
vsearch v2.30.0_linux_x86_64, 94.1GB RAM, 24 cores
https://github.com/torognes/vsearch

Reading file results/clustering/cdr/pellet_VH_R3/cdr3_clusters/aeebde52-4af7-44eb-8a7d-f87dfa2fa176-IGH.fasta 100%
561 nt in 12 seqs, min 36, max 54, avg 47
Masking 100%
Sorting by length 100%
Counting k-mers 100%
Clustering 100%
Sorting clusters 100%
Writing clusters 100%
Clusters: 12 Size min 1, max 1, avg 1.0
Singletons: 12, 100.0% of seqs, 100.0% of clusters
Multiple alignments 100%
vsearch v2.30.0_linux_x86_64, 94.1GB RAM, 24 cores
https://github.com/torognes/vsearch

Reading file results/clustering/cdr/pellet_VH_R3/cdr3_clusters/4c997777-acc2-4a46-a7ef-af6288e5c112-IGH.fasta 100%
15983 nt in 388 seqs, min 27, max 51, avg 41
Masking 100%
Sorting by length 100%
Counting k-mers 100%
Clustering 100%
Sorting clusters 100%
Writing clusters 100%
Clusters: 247 Size min 1, max 13, avg 1.6
Singletons: 194, 50.0% of seqs, 78.5% of clusters
Multiple alignments 100%
vsearch v2.30.0_linux_x86_64, 94.1GB RAM, 24 cores
https://github.com/torognes/vsearch

Reading file results/clustering/cdr/pellet_VH_R3/cdr3_clusters/83d9aef7-b14e-453a-8101-92dfbb05f7c6-IGH.fasta 100%
36765 nt in 935 seqs, min 15, max 54, avg 39
Masking 100%
Sorting by length 100%
Counting k-mers 100%
Clustering 100%
Sorting clusters 100%
Writing clusters 100%
Clusters: 691 Size min 1, max 20, avg 1.4
Singletons: 575, 61.5% of seqs, 83.2% of clusters
Multiple alignments 100%
vsearch v2.30.0_linux_x86_64, 94.1GB RAM, 24 cores
https://github.com/torognes/vsearch

Reading file results/clustering/cdr/pellet_VH_R3/cdr3_clusters/d3219531-5968-4fec-a34d-f7ed8420f553-IGH.fasta 100%
693 nt in 21 seqs, min 33, max 33, avg 33
Masking 100%
Sorting by length 100%
Counting k-mers 100%
Clustering 100%
Sorting clusters 100%
Writing clusters 100%
Clusters: 4 Size min 1, max 15, avg 5.2
Singletons: 1, 4.8% of seqs, 25.0% of clusters
Multiple alignments 100%
vsearch v2.30.0_linux_x86_64, 94.1GB RAM, 24 cores
https://github.com/torognes/vsearch

Reading file results/clustering/cdr/pellet_VH_R3/cdr3_clusters/f66f2a81-79f3-4f52-8668-110becdf74ee-IGH.fasta 100%
1119 nt in 25 seqs, min 24, max 54, avg 45
Masking 100%
Sorting by length 100%
Counting k-mers 100%
Clustering 100%
Sorting clusters 100%
Writing clusters 100%
Clusters: 25 Size min 1, max 1, avg 1.0
Singletons: 25, 100.0% of seqs, 100.0% of clusters
Multiple alignments 100%
vsearch v2.30.0_linux_x86_64, 94.1GB RAM, 24 cores
https://github.com/torognes/vsearch

Reading file results/clustering/cdr/pellet_VH_R3/cdr3_clusters/d5875998-69e5-4db5-87c9-3acdc7c4f0b3-IGH.fasta 100%
394 nt in 10 seqs, min 30, max 51, avg 39
minseqlength 6: 2 sequences discarded.
Masking 100%
Sorting by length 100%
Counting k-mers 100%
Clustering 100%
Sorting clusters 100%
Writing clusters 100%
Clusters: 10 Size min 1, max 1, avg 1.0
Singletons: 10, 100.0% of seqs, 100.0% of clusters
Multiple alignments 100%
vsearch v2.30.0_linux_x86_64, 94.1GB RAM, 24 cores
https://github.com/torognes/vsearch

Reading file results/clustering/cdr/pellet_VH_R3/cdr3_clusters/2fe6d808-1916-4110-98fe-065812983804-IGH.fasta 100%
1087 nt in 23 seqs, min 24, max 54, avg 47
Masking 100%
Sorting by length 100%
Counting k-mers 100%
Clustering 100%
Sorting clusters 100%
Writing clusters 100%
Clusters: 22 Size min 1, max 2, avg 1.0
Singletons: 21, 91.3% of seqs, 95.5% of clusters
Multiple alignments 100%
vsearch v2.30.0_linux_x86_64, 94.1GB RAM, 24 cores
https://github.com/torognes/vsearch

Reading file results/clustering/cdr/pellet_VH_R3/cdr3_clusters/da02aa59-7aa0-43d9-b07c-4fe43206d839-IGH.fasta 100%
408 nt in 12 seqs, min 27, max 39, avg 34
Masking 100%
Sorting by length 100%
Counting k-mers 100%
Clustering 100%
Sorting clusters 100%
Writing clusters 100%
Clusters: 11 Size min 1, max 2, avg 1.1
Singletons: 10, 83.3% of seqs, 90.9% of clusters
Multiple alignments 100%
vsearch v2.30.0_linux_x86_64, 94.1GB RAM, 24 cores
https://github.com/torognes/vsearch

Reading file results/clustering/cdr/pellet_VH_R3/cdr3_clusters/a6b429cb-f1e8-4606-b931-842b3ddef282-IGH.fasta 100%
1407 nt in 37 seqs, min 24, max 45, avg 38
Masking 100%
Sorting by length 100%
Counting k-mers 100%
Clustering 100%
Sorting clusters 100%
Writing clusters 100%
Clusters: 35 Size min 1, max 2, avg 1.1
Singletons: 33, 89.2% of seqs, 94.3% of clusters
Multiple alignments 100%
vsearch v2.30.0_linux_x86_64, 94.1GB RAM, 24 cores
https://github.com/torognes/vsearch

Reading file results/clustering/cdr/pellet_VH_R3/cdr3_clusters/a5bf49bc-6763-4bc8-b8f5-277a7fd1445f-IGH.fasta 100%
3052 nt in 95 seqs, min 18, max 42, avg 32
minseqlength 6: 2 sequences discarded.
Masking 100%
Sorting by length 100%
Counting k-mers 100%
Clustering 100%
Sorting clusters 100%
Writing clusters 100%
Clusters: 89 Size min 1, max 3, avg 1.1
Singletons: 84, 88.4% of seqs, 94.4% of clusters
Multiple alignments 100%
vsearch v2.30.0_linux_x86_64, 94.1GB RAM, 24 cores
https://github.com/torognes/vsearch

Reading file results/clustering/cdr/pellet_VH_R3/cdr3_clusters/4c89b512-c897-43f0-9025-6ef7ebda042f-IGH.fasta 100%
378 nt in 9 seqs, min 42, max 42, avg 42
Masking 100%
Sorting by length 100%
Counting k-mers 100%
Clustering 100%
Sorting clusters 100%
Writing clusters 100%
Clusters: 2 Size min 1, max 8, avg 4.5
Singletons: 1, 11.1% of seqs, 50.0% of clusters
Multiple alignments 100%
vsearch v2.30.0_linux_x86_64, 94.1GB RAM, 24 cores
https://github.com/torognes/vsearch

Reading file results/clustering/cdr/pellet_VH_R3/cdr3_clusters/782b4700-70f7-4386-8e71-d6713f15765c-IGH.fasta 100%
6514 nt in 156 seqs, min 24, max 51, avg 42
Masking 100%
Sorting by length 100%
Counting k-mers 100%
Clustering 100%
Sorting clusters 100%
Writing clusters 100%
Clusters: 123 Size min 1, max 5, avg 1.3
Singletons: 104, 66.7% of seqs, 84.6% of clusters
Multiple alignments 100%
vsearch v2.30.0_linux_x86_64, 94.1GB RAM, 24 cores
https://github.com/torognes/vsearch

Reading file results/clustering/cdr/pellet_VH_R3/cdr3_clusters/2d1b01a0-4d81-4c83-b17d-65ef430a3559-IGH.fasta 100%
276 nt in 6 seqs, min 36, max 48, avg 46
Masking 100%
Sorting by length 100%
Counting k-mers 100%
Clustering 100%
Sorting clusters 100%
Writing clusters 100%
Clusters: 4 Size min 1, max 3, avg 1.5
Singletons: 3, 50.0% of seqs, 75.0% of clusters
Multiple alignments 100%
vsearch v2.30.0_linux_x86_64, 94.1GB RAM, 24 cores
https://github.com/torognes/vsearch

Reading file results/clustering/cdr/pellet_VH_R3/cdr3_clusters/032b65ce-594c-4dfa-9437-c0b6f3cb58d3-IGH.fasta 100%
0 nt in 0 seqs
minseqlength 6: 63 sequences discarded.
Masking 100%
Sorting by length 100%
Counting k-mers 100%
Clustering 100%
Sorting clusters 100%
Writing clusters 100%
Clusters: 0
Singletons: 0
Multiple alignments 100%
vsearch v2.30.0_linux_x86_64, 94.1GB RAM, 24 cores
https://github.com/torognes/vsearch

Reading file results/clustering/cdr/pellet_VH_R3/cdr3_clusters/d4ffe120-b5aa-4634-a780-8a060d7fdaf6-IGH.fasta 100%
261 nt in 10 seqs, min 18, max 72, avg 26
Masking 100%
Sorting by length 100%
Counting k-mers 100%
Clustering 100%
Sorting clusters 100%
Writing clusters 100%
Clusters: 9 Size min 1, max 2, avg 1.1
Singletons: 8, 80.0% of seqs, 88.9% of clusters
Multiple alignments 100%
vsearch v2.30.0_linux_x86_64, 94.1GB RAM, 24 cores
https://github.com/torognes/vsearch

Reading file results/clustering/cdr/pellet_VH_R3/cdr3_clusters/8952a6ff-33d6-4615-8a44-d73d1e1e91a1-IGH.fasta 100%
732 nt in 15 seqs, min 45, max 54, avg 49
Masking 100%
Sorting by length 100%
Counting k-mers 100%
Clustering 100%
Sorting clusters 100%
Writing clusters 100%
Clusters: 10 Size min 1, max 4, avg 1.5
Singletons: 8, 53.3% of seqs, 80.0% of clusters
Multiple alignments 100%
vsearch v2.30.0_linux_x86_64, 94.1GB RAM, 24 cores
https://github.com/torognes/vsearch

Reading file results/clustering/cdr/pellet_VH_R3/cdr3_clusters/9af39d58-690d-460b-aa2f-518debc19f4e-IGH.fasta 100%
329 nt in 8 seqs, min 36, max 48, avg 41
Masking 100%
Sorting by length 100%
Counting k-mers 100%
Clustering 100%
Sorting clusters 100%
Writing clusters 100%
Clusters: 8 Size min 1, max 1, avg 1.0
Singletons: 8, 100.0% of seqs, 100.0% of clusters
Multiple alignments 100%
vsearch v2.30.0_linux_x86_64, 94.1GB RAM, 24 cores
https://github.com/torognes/vsearch

Reading file results/clustering/cdr/pellet_VH_R3/cdr3_clusters/e9a94868-ff0e-422e-aacb-090c83395ca3-IGH.fasta 100%
558 nt in 17 seqs, min 27, max 42, avg 33
Masking 100%
Sorting by length 100%
Counting k-mers 100%
Clustering 100%
Sorting clusters 100%
Writing clusters 100%
Clusters: 14 Size min 1, max 3, avg 1.2
Singletons: 12, 70.6% of seqs, 85.7% of clusters
Multiple alignments 100%
vsearch v2.30.0_linux_x86_64, 94.1GB RAM, 24 cores
https://github.com/torognes/vsearch

Reading file results/clustering/cdr/pellet_VH_R3/cdr3_clusters/18358945-60d4-4c31-aa5b-8c58c8b6ad9a-IGH.fasta 100%
306 nt in 17 seqs, min 18, max 18, avg 18
Masking 100%
Sorting by length 100%
Counting k-mers 100%
Clustering 100%
Sorting clusters 100%
Writing clusters 100%
Clusters: 8 Size min 1, max 6, avg 2.1
Singletons: 5, 29.4% of seqs, 62.5% of clusters
Multiple alignments 100%
vsearch v2.30.0_linux_x86_64, 94.1GB RAM, 24 cores
https://github.com/torognes/vsearch

Reading file results/clustering/cdr/pellet_VH_R3/cdr3_clusters/d89426a2-65ed-4f87-8eec-79da796da65f-IGH.fasta 100%
1347 nt in 27 seqs, min 36, max 51, avg 50
Masking 100%
Sorting by length 100%
Counting k-mers 100%
Clustering 100%
Sorting clusters 100%
Writing clusters 100%
Clusters: 9 Size min 1, max 17, avg 3.0
Singletons: 7, 25.9% of seqs, 77.8% of clusters
Multiple alignments 100%
vsearch v2.30.0_linux_x86_64, 94.1GB RAM, 24 cores
https://github.com/torognes/vsearch

Reading file results/clustering/cdr/pellet_VH_R3/cdr3_clusters/e6a55dbe-4160-4e55-b06d-f0accd8e6fbf-IGH.fasta 100%
256 nt in 6 seqs, min 27, max 79, avg 43
Masking 100%
Sorting by length 100%
Counting k-mers 100%
Clustering 100%
Sorting clusters 100%
Writing clusters 100%
Clusters: 5 Size min 1, max 2, avg 1.2
Singletons: 4, 66.7% of seqs, 80.0% of clusters
Multiple alignments 100%
vsearch v2.30.0_linux_x86_64, 94.1GB RAM, 24 cores
https://github.com/torognes/vsearch

Reading file results/clustering/cdr/pellet_VH_R3/cdr3_clusters/12efd547-5bed-48e7-8bd7-dd0f65a415e8-IGH.fasta 100%
1432 nt in 41 seqs, min 21, max 45, avg 35
Masking 100%
Sorting by length 100%
Counting k-mers 100%
Clustering 100%
Sorting clusters 100%
Writing clusters 100%
Clusters: 25 Size min 1, max 16, avg 1.6
Singletons: 23, 56.1% of seqs, 92.0% of clusters
Multiple alignments 100%
vsearch v2.30.0_linux_x86_64, 94.1GB RAM, 24 cores
https://github.com/torognes/vsearch

Reading file results/clustering/cdr/pellet_VH_R3/cdr3_clusters/62b44c83-27bf-4002-a4e4-d83d14923a4e-IGH.fasta 100%
500 nt in 13 seqs, min 30, max 44, avg 38
minseqlength 6: 2 sequences discarded.
Masking 100%
Sorting by length 100%
Counting k-mers 100%
Clustering 100%
Sorting clusters 100%
Writing clusters 100%
Clusters: 13 Size min 1, max 1, avg 1.0
Singletons: 13, 100.0% of seqs, 100.0% of clusters
Multiple alignments 100%
vsearch v2.30.0_linux_x86_64, 94.1GB RAM, 24 cores
https://github.com/torognes/vsearch

Reading file results/clustering/cdr/pellet_VH_R3/cdr3_clusters/59837613-88f4-456c-ade4-d7d19d68eb25-IGH.fasta 100%
4280 nt in 110 seqs, min 15, max 54, avg 39
Masking 100%
Sorting by length 100%
Counting k-mers 100%
Clustering 100%
Sorting clusters 100%
Writing clusters 100%
Clusters: 106 Size min 1, max 3, avg 1.0
Singletons: 103, 93.6% of seqs, 97.2% of clusters
Multiple alignments 100%
vsearch v2.30.0_linux_x86_64, 94.1GB RAM, 24 cores
https://github.com/torognes/vsearch

Reading file results/clustering/cdr/pellet_VH_R3/cdr3_clusters/02d0e3c8-20c2-4b5f-a33a-e07e3a58c883-IGH.fasta 100%
318 nt in 10 seqs, min 24, max 36, avg 32
Masking 100%
Sorting by length 100%
Counting k-mers 100%
Clustering 100%
Sorting clusters 100%
Writing clusters 100%
Clusters: 7 Size min 1, max 4, avg 1.4
Singletons: 6, 60.0% of seqs, 85.7% of clusters
Multiple alignments 100%
vsearch v2.30.0_linux_x86_64, 94.1GB RAM, 24 cores
https://github.com/torognes/vsearch

Reading file results/clustering/cdr/pellet_VH_R3/cdr3_clusters/04ce6e70-98f0-484e-b04e-f963b5621dca-IGH.fasta 100%
2188 nt in 52 seqs, min 27, max 114, avg 42
Masking 100%
Sorting by length 100%
Counting k-mers 100%
Clustering 100%
Sorting clusters 100%
Writing clusters 100%
Clusters: 50 Size min 1, max 2, avg 1.0
Singletons: 48, 92.3% of seqs, 96.0% of clusters
Multiple alignments 100%
vsearch v2.30.0_linux_x86_64, 94.1GB RAM, 24 cores
https://github.com/torognes/vsearch

Reading file results/clustering/cdr/pellet_VH_R3/cdr3_clusters/96235ec8-ffc5-448d-a3b8-df894fae835f-IGH.fasta 100%
1206 nt in 28 seqs, min 30, max 51, avg 43
Masking 100%
Sorting by length 100%
Counting k-mers 100%
Clustering 100%
Sorting clusters 100%
Writing clusters 100%
Clusters: 25 Size min 1, max 3, avg 1.1
Singletons: 23, 82.1% of seqs, 92.0% of clusters
Multiple alignments 100%
vsearch v2.30.0_linux_x86_64, 94.1GB RAM, 24 cores
https://github.com/torognes/vsearch

Reading file results/clustering/cdr/pellet_VH_R3/cdr3_clusters/d52b387e-6571-494b-a793-8c3823190ad1-IGH.fasta 100%
0 nt in 0 seqs
minseqlength 6: 17 sequences discarded.
Masking 100%
Sorting by length 100%
Counting k-mers 100%
Clustering 100%
Sorting clusters 100%
Writing clusters 100%
Clusters: 0
Singletons: 0
Multiple alignments 100%
vsearch v2.30.0_linux_x86_64, 94.1GB RAM, 24 cores
https://github.com/torognes/vsearch

Reading file results/clustering/cdr/pellet_VH_R3/cdr3_clusters/e381d8fa-1b30-4a7a-baf6-c5b4cefab2a6-IGH.fasta 100%
4181 nt in 123 seqs, min 21, max 57, avg 34
Masking 100%
Sorting by length 100%
Counting k-mers 100%
Clustering 100%
Sorting clusters 100%
Writing clusters 100%
Clusters: 79 Size min 1, max 22, avg 1.6
Singletons: 71, 57.7% of seqs, 89.9% of clusters
Multiple alignments 100%
vsearch v2.30.0_linux_x86_64, 94.1GB RAM, 24 cores
https://github.com/torognes/vsearch

Reading file results/clustering/cdr/pellet_VH_R3/cdr3_clusters/08391a33-6676-4c1d-b8e6-f103d7d1c658-IGH.fasta 100%
672 nt in 16 seqs, min 18, max 54, avg 42
Masking 100%
Sorting by length 100%
Counting k-mers 100%
Clustering 100%
Sorting clusters 100%
Writing clusters 100%
Clusters: 14 Size min 1, max 2, avg 1.1
Singletons: 12, 75.0% of seqs, 85.7% of clusters
Multiple alignments 100%
vsearch v2.30.0_linux_x86_64, 94.1GB RAM, 24 cores
https://github.com/torognes/vsearch

Reading file results/clustering/cdr/pellet_VH_R3/cdr3_clusters/60b2a550-1f64-42ca-bb8d-d981949890a9-IGH.fasta 100%
246 nt in 6 seqs, min 27, max 45, avg 41
Masking 100%
Sorting by length 100%
Counting k-mers 100%
Clustering 100%
Sorting clusters 100%
Writing clusters 100%
Clusters: 6 Size min 1, max 1, avg 1.0
Singletons: 6, 100.0% of seqs, 100.0% of clusters
Multiple alignments 100%
vsearch v2.30.0_linux_x86_64, 94.1GB RAM, 24 cores
https://github.com/torognes/vsearch

Reading file results/clustering/cdr/pellet_VH_R3/cdr3_clusters/611c816e-97e9-4adf-aeea-14a2e561f20c-IGH.fasta 100%
738 nt in 23 seqs, min 18, max 42, avg 32
minseqlength 6: 1 sequence discarded.
Masking 100%
Sorting by length 100%
Counting k-mers 100%
Clustering 100%
Sorting clusters 100%
Writing clusters 100%
Clusters: 7 Size min 1, max 17, avg 3.3
Singletons: 6, 26.1% of seqs, 85.7% of clusters
Multiple alignments 100%
vsearch v2.30.0_linux_x86_64, 94.1GB RAM, 24 cores
https://github.com/torognes/vsearch

Reading file results/clustering/cdr/pellet_VH_R3/cdr3_clusters/f67ba3c6-684b-4476-a431-ad643f09947a-IGH.fasta 100%
1356 nt in 31 seqs, min 33, max 54, avg 44
Masking 100%
Sorting by length 100%
Counting k-mers 100%
Clustering 100%
Sorting clusters 100%
Writing clusters 100%
Clusters: 27 Size min 1, max 3, avg 1.1
Singletons: 24, 77.4% of seqs, 88.9% of clusters
Multiple alignments 100%
vsearch v2.30.0_linux_x86_64, 94.1GB RAM, 24 cores
https://github.com/torognes/vsearch

Reading file results/clustering/cdr/pellet_VH_R3/cdr3_clusters/55261e57-a3ec-4bcd-9476-6b7ecfee263b-IGH.fasta 100%
453 nt in 13 seqs, min 27, max 42, avg 35
Masking 100%
Sorting by length 100%
Counting k-mers 100%
Clustering 100%
Sorting clusters 100%
Writing clusters 100%
Clusters: 11 Size min 1, max 3, avg 1.2
Singletons: 10, 76.9% of seqs, 90.9% of clusters
Multiple alignments 100%
vsearch v2.30.0_linux_x86_64, 94.1GB RAM, 24 cores
https://github.com/torognes/vsearch

Reading file results/clustering/cdr/pellet_VH_R3/cdr3_clusters/9559142a-ed5b-4261-b15f-b8b1aa3c7542-IGH.fasta 100%
839 nt in 22 seqs, min 21, max 48, avg 38
Masking 100%
Sorting by length 100%
Counting k-mers 100%
Clustering 100%
Sorting clusters 100%
Writing clusters 100%
Clusters: 21 Size min 1, max 2, avg 1.0
Singletons: 20, 90.9% of seqs, 95.2% of clusters
Multiple alignments 100%
vsearch v2.30.0_linux_x86_64, 94.1GB RAM, 24 cores
https://github.com/torognes/vsearch

Reading file results/clustering/cdr/pellet_VH_R3/cdr3_clusters/e50229ea-cd97-4b73-bf96-7db88cb87f0a-IGH.fasta 100%
486 nt in 13 seqs, min 27, max 45, avg 37
Masking 100%
Sorting by length 100%
Counting k-mers 100%
Clustering 100%
Sorting clusters 100%
Writing clusters 100%
Clusters: 11 Size min 1, max 3, avg 1.2
Singletons: 10, 76.9% of seqs, 90.9% of clusters
Multiple alignments 100%
vsearch v2.30.0_linux_x86_64, 94.1GB RAM, 24 cores
https://github.com/torognes/vsearch

Reading file results/clustering/cdr/pellet_VH_R3/cdr3_clusters/18503ea8-d95f-40f6-8a4c-a54c992b0582-IGH.fasta 100%
906 nt in 25 seqs, min 24, max 45, avg 36
Masking 100%
Sorting by length 100%
Counting k-mers 100%
Clustering 100%
Sorting clusters 100%
Writing clusters 100%
Clusters: 24 Size min 1, max 2, avg 1.0
Singletons: 23, 92.0% of seqs, 95.8% of clusters
Multiple alignments 100%
vsearch v2.30.0_linux_x86_64, 94.1GB RAM, 24 cores
https://github.com/torognes/vsearch

Reading file results/clustering/cdr/pellet_VH_R3/cdr3_clusters/9d2fd957-84fc-437b-9d5f-a01f725ba7d2-IGH.fasta 100%
682 nt in 16 seqs, min 24, max 51, avg 43
Masking 100%
Sorting by length 100%
Counting k-mers 100%
Clustering 100%
Sorting clusters 100%
Writing clusters 100%
Clusters: 16 Size min 1, max 1, avg 1.0
Singletons: 16, 100.0% of seqs, 100.0% of clusters
Multiple alignments 100%
vsearch v2.30.0_linux_x86_64, 94.1GB RAM, 24 cores
https://github.com/torognes/vsearch

Reading file results/clustering/cdr/pellet_VH_R3/cdr3_clusters/08368039-462e-4ba4-8d2d-dd82366e08fd-IGH.fasta 100%
0 nt in 0 seqs
minseqlength 6: 23 sequences discarded.
Masking 100%
Sorting by length 100%
Counting k-mers 100%
Clustering 100%
Sorting clusters 100%
Writing clusters 100%
Clusters: 0
Singletons: 0
Multiple alignments 100%
vsearch v2.30.0_linux_x86_64, 94.1GB RAM, 24 cores
https://github.com/torognes/vsearch

Reading file results/clustering/cdr/pellet_VH_R3/cdr3_clusters/c653c67e-828f-4c73-9f54-1d7c81b7c396-IGH.fasta 100%
101 nt in 5 seqs, min 18, max 24, avg 20
Masking 100%
Sorting by length 100%
Counting k-mers 100%
Clustering 100%
Sorting clusters 100%
Writing clusters 100%
Clusters: 5 Size min 1, max 1, avg 1.0
Singletons: 5, 100.0% of seqs, 100.0% of clusters
Multiple alignments 100%
vsearch v2.30.0_linux_x86_64, 94.1GB RAM, 24 cores
https://github.com/torognes/vsearch

Reading file results/clustering/cdr/pellet_VH_R3/cdr3_clusters/04d89162-f68c-4538-8bac-6c115a0cb3ee-IGH.fasta 100%
0 nt in 0 seqs
minseqlength 6: 55 sequences discarded.
Masking 100%
Sorting by length 100%
Counting k-mers 100%
Clustering 100%
Sorting clusters 100%
Writing clusters 100%
Clusters: 0
Singletons: 0
Multiple alignments 100%
vsearch v2.30.0_linux_x86_64, 94.1GB RAM, 24 cores
https://github.com/torognes/vsearch

Reading file results/clustering/cdr/pellet_VH_R3/cdr3_clusters/938736dd-ae14-43ff-b0d8-f38f2979d64e-IGH.fasta 100%
300 nt in 8 seqs, min 24, max 48, avg 38
Masking 100%
Sorting by length 100%
Counting k-mers 100%
Clustering 100%
Sorting clusters 100%
Writing clusters 100%
Clusters: 8 Size min 1, max 1, avg 1.0
Singletons: 8, 100.0% of seqs, 100.0% of clusters
Multiple alignments 100%
vsearch v2.30.0_linux_x86_64, 94.1GB RAM, 24 cores
https://github.com/torognes/vsearch

Reading file results/clustering/cdr/pellet_VH_R3/cdr3_clusters/3bbe616f-6390-4532-829a-e44f08e946a6-IGH.fasta 100%
594 nt in 14 seqs, min 24, max 48, avg 42
Masking 100%
Sorting by length 100%
Counting k-mers 100%
Clustering 100%
Sorting clusters 100%
Writing clusters 100%
Clusters: 10 Size min 1, max 3, avg 1.4
Singletons: 7, 50.0% of seqs, 70.0% of clusters
Multiple alignments 100%
vsearch v2.30.0_linux_x86_64, 94.1GB RAM, 24 cores
https://github.com/torognes/vsearch

Reading file results/clustering/cdr/pellet_VH_R3/cdr3_clusters/678bca68-6554-439f-9f41-2583047c507b-IGH.fasta 100%
390 nt in 9 seqs, min 33, max 57, avg 43
Masking 100%
Sorting by length 100%
Counting k-mers 100%
Clustering 100%
Sorting clusters 100%
Writing clusters 100%
Clusters: 9 Size min 1, max 1, avg 1.0
Singletons: 9, 100.0% of seqs, 100.0% of clusters
Multiple alignments 100%
vsearch v2.30.0_linux_x86_64, 94.1GB RAM, 24 cores
https://github.com/torognes/vsearch

Reading file results/clustering/cdr/pellet_VH_R3/cdr3_clusters/55f0e83d-ad9f-404e-a9d8-84e675ae9625-IGH.fasta 100%
246 nt in 6 seqs, min 33, max 57, avg 41
Masking 100%
Sorting by length 100%
Counting k-mers 100%
Clustering 100%
Sorting clusters 100%
Writing clusters 100%
Clusters: 5 Size min 1, max 2, avg 1.2
Singletons: 4, 66.7% of seqs, 80.0% of clusters
Multiple alignments 100%
vsearch v2.30.0_linux_x86_64, 94.1GB RAM, 24 cores
https://github.com/torognes/vsearch

Reading file results/clustering/cdr/pellet_VH_R3/cdr3_clusters/457c32ff-c82f-4386-899c-89de74951594-IGH.fasta 100%
1280 nt in 27 seqs, min 27, max 57, avg 47
Masking 100%
Sorting by length 100%
Counting k-mers 100%
Clustering 100%
Sorting clusters 100%
Writing clusters 100%
Clusters: 24 Size min 1, max 2, avg 1.1
Singletons: 21, 77.8% of seqs, 87.5% of clusters
Multiple alignments 100%
vsearch v2.30.0_linux_x86_64, 94.1GB RAM, 24 cores
https://github.com/torognes/vsearch

Reading file results/clustering/cdr/pellet_VH_R3/cdr3_clusters/68294c16-0584-412c-85a7-ae379dd18748-IGH.fasta 100%
537 nt in 12 seqs, min 39, max 48, avg 45
Masking 100%
Sorting by length 100%
Counting k-mers 100%
Clustering 100%
Sorting clusters 100%
Writing clusters 100%
Clusters: 10 Size min 1, max 2, avg 1.2
Singletons: 8, 66.7% of seqs, 80.0% of clusters
Multiple alignments 100%
vsearch v2.30.0_linux_x86_64, 94.1GB RAM, 24 cores
https://github.com/torognes/vsearch

Reading file results/clustering/cdr/pellet_VH_R3/cdr3_clusters/b366f97f-c95f-4a8c-ac58-bcdf32d5325b-IGH.fasta 100%
183 nt in 5 seqs, min 30, max 39, avg 37
Masking 100%
Sorting by length 100%
Counting k-mers 100%
Clustering 100%
Sorting clusters 100%
Writing clusters 100%
Clusters: 4 Size min 1, max 2, avg 1.2
Singletons: 3, 60.0% of seqs, 75.0% of clusters
Multiple alignments 100%
vsearch v2.30.0_linux_x86_64, 94.1GB RAM, 24 cores
https://github.com/torognes/vsearch

Reading file results/clustering/cdr/pellet_VH_R3/cdr3_clusters/217a8dfc-f882-45be-992f-f7b86d4f603a-IGH.fasta 100%
47 nt in 1 seqs, min 47, max 47, avg 47
minseqlength 6: 8 sequences discarded.
Masking 100%
Sorting by length 100%
Counting k-mers 100%
Clustering 100%
Sorting clusters 100%
Writing clusters 100%
Clusters: 1 Size min 1, max 1, avg 1.0
Singletons: 1, 100.0% of seqs, 100.0% of clusters
Multiple alignments 100%
vsearch v2.30.0_linux_x86_64, 94.1GB RAM, 24 cores
https://github.com/torognes/vsearch

Reading file results/clustering/cdr/pellet_VH_R3/cdr3_clusters/08f717fa-bf68-4dd7-a804-a63a74412968-IGH.fasta 100%
249 nt in 5 seqs, min 48, max 51, avg 50
Masking 100%
Sorting by length 100%
Counting k-mers 100%
Clustering 100%
Sorting clusters 100%
Writing clusters 100%
Clusters: 4 Size min 1, max 2, avg 1.2
Singletons: 3, 60.0% of seqs, 75.0% of clusters
Multiple alignments 100%
vsearch v2.30.0_linux_x86_64, 94.1GB RAM, 24 cores
https://github.com/torognes/vsearch

Reading file results/clustering/cdr/pellet_VH_R3/cdr3_clusters/39d91f2e-bb4e-4ef2-a20f-bae6eda2d251-IGH.fasta 100%
144 nt in 5 seqs, min 21, max 33, avg 29
Masking 100%
Sorting by length 100%
Counting k-mers 100%
Clustering 100%
Sorting clusters 100%
Writing clusters 100%
Clusters: 4 Size min 1, max 2, avg 1.2
Singletons: 3, 60.0% of seqs, 75.0% of clusters
Multiple alignments 100%
vsearch v2.30.0_linux_x86_64, 94.1GB RAM, 24 cores
https://github.com/torognes/vsearch

Reading file results/clustering/cdr/pellet_VH_R3/cdr3_clusters/2b6a7e47-4377-4da1-aa34-503b4814b007-IGH.fasta 100%
789 nt in 20 seqs, min 27, max 42, avg 39
Masking 100%
Sorting by length 100%
Counting k-mers 100%
Clustering 100%
Sorting clusters 100%
Writing clusters 100%
Clusters: 13 Size min 1, max 8, avg 1.5
Singletons: 12, 60.0% of seqs, 92.3% of clusters
Multiple alignments 100%
vsearch v2.30.0_linux_x86_64, 94.1GB RAM, 24 cores
https://github.com/torognes/vsearch

Reading file results/clustering/cdr/pellet_VH_R3/cdr3_clusters/8073694b-78b6-4af5-bdbb-1f4c5dbb7d8b-IGH.fasta 100%
222 nt in 9 seqs, min 18, max 27, avg 25
Masking 100%
Sorting by length 100%
Counting k-mers 100%
Clustering 100%
Sorting clusters 100%
Writing clusters 100%
Clusters: 6 Size min 1, max 3, avg 1.5
Singletons: 4, 44.4% of seqs, 66.7% of clusters
Multiple alignments 100%
vsearch v2.30.0_linux_x86_64, 94.1GB RAM, 24 cores
https://github.com/torognes/vsearch

Reading file results/clustering/cdr/pellet_VH_R3/cdr3_clusters/80abca63-63fb-4582-9a79-6685fc536968-IGH.fasta 100%
531 nt in 12 seqs, min 24, max 54, avg 44
Masking 100%
Sorting by length 100%
Counting k-mers 100%
Clustering 100%
Sorting clusters 100%
Writing clusters 100%
Clusters: 12 Size min 1, max 1, avg 1.0
Singletons: 12, 100.0% of seqs, 100.0% of clusters
Multiple alignments 100%
vsearch v2.30.0_linux_x86_64, 94.1GB RAM, 24 cores
https://github.com/torognes/vsearch

Reading file results/clustering/cdr/pellet_VH_R3/cdr3_clusters/c1540726-3835-4513-8607-850ae0186157-IGH.fasta 100%
828 nt in 20 seqs, min 39, max 54, avg 41
Masking 100%
Sorting by length 100%
Counting k-mers 100%
Clustering 100%
Sorting clusters 100%
Writing clusters 100%
Clusters: 9 Size min 1, max 7, avg 2.2
Singletons: 6, 30.0% of seqs, 66.7% of clusters
Multiple alignments 100%
vsearch v2.30.0_linux_x86_64, 94.1GB RAM, 24 cores
https://github.com/torognes/vsearch

Reading file results/clustering/cdr/pellet_VH_R3/cdr3_clusters/851994e7-2a5e-4919-9614-88f4e025d774-IGH.fasta 100%
224 nt in 5 seqs, min 36, max 48, avg 45
Masking 100%
Sorting by length 100%
Counting k-mers 100%
Clustering 100%
Sorting clusters 100%
Writing clusters 100%
Clusters: 3 Size min 1, max 3, avg 1.7
Singletons: 2, 40.0% of seqs, 66.7% of clusters
Multiple alignments 100%
vsearch v2.30.0_linux_x86_64, 94.1GB RAM, 24 cores
https://github.com/torognes/vsearch

Reading file results/clustering/cdr/pellet_VH_R3/cdr3_clusters/be3466f4-f8c9-435c-8600-699d6a45012b-IGH.fasta 100%
387 nt in 10 seqs, min 30, max 48, avg 39
Masking 100%
Sorting by length 100%
Counting k-mers 100%
Clustering 100%
Sorting clusters 100%
Writing clusters 100%
Clusters: 10 Size min 1, max 1, avg 1.0
Singletons: 10, 100.0% of seqs, 100.0% of clusters
Multiple alignments 100%
vsearch v2.30.0_linux_x86_64, 94.1GB RAM, 24 cores
https://github.com/torognes/vsearch

Reading file results/clustering/cdr/pellet_VH_R3/cdr3_clusters/96a0a206-bc8d-48a7-a86c-94ef72445f28-IGH.fasta 100%
291 nt in 7 seqs, min 27, max 45, avg 42
Masking 100%
Sorting by length 100%
Counting k-mers 100%
Clustering 100%
Sorting clusters 100%
Writing clusters 100%
Clusters: 6 Size min 1, max 2, avg 1.2
Singletons: 5, 71.4% of seqs, 83.3% of clusters
Multiple alignments 100%
vsearch v2.30.0_linux_x86_64, 94.1GB RAM, 24 cores
https://github.com/torognes/vsearch

Reading file results/clustering/cdr/pellet_VH_R3/cdr3_clusters/cf926c83-7fbc-4841-a47c-0e258743ad87-IGH.fasta 100%
1122 nt in 28 seqs, min 24, max 51, avg 40
Masking 100%
Sorting by length 100%
Counting k-mers 100%
Clustering 100%
Sorting clusters 100%
Writing clusters 100%
Clusters: 13 Size min 1, max 14, avg 2.2
Singletons: 10, 35.7% of seqs, 76.9% of clusters
Multiple alignments 100%
vsearch v2.30.0_linux_x86_64, 94.1GB RAM, 24 cores
https://github.com/torognes/vsearch

Reading file results/clustering/cdr/pellet_VH_R3/cdr3_clusters/63099083-7f31-41ba-aa0d-c9107a8667ce-IGH.fasta 100%
498 nt in 11 seqs, min 39, max 54, avg 45
Masking 100%
Sorting by length 100%
Counting k-mers 100%
Clustering 100%
Sorting clusters 100%
Writing clusters 100%
Clusters: 11 Size min 1, max 1, avg 1.0
Singletons: 11, 100.0% of seqs, 100.0% of clusters
Multiple alignments 100%
vsearch v2.30.0_linux_x86_64, 94.1GB RAM, 24 cores
https://github.com/torognes/vsearch

Reading file results/clustering/cdr/pellet_VH_R3/cdr3_clusters/e5b00c70-ccf0-486d-81db-09149a67b7cd-IGH.fasta 100%
1050 nt in 24 seqs, min 30, max 51, avg 44
Masking 100%
Sorting by length 100%
Counting k-mers 100%
Clustering 100%
Sorting clusters 100%
Writing clusters 100%
Clusters: 24 Size min 1, max 1, avg 1.0
Singletons: 24, 100.0% of seqs, 100.0% of clusters
Multiple alignments 100%
vsearch v2.30.0_linux_x86_64, 94.1GB RAM, 24 cores
https://github.com/torognes/vsearch

Reading file results/clustering/cdr/pellet_VH_R3/cdr3_clusters/0dfc046b-f201-4dbf-bf3a-b0dea0fb9988-IGH.fasta 100%
1032 nt in 26 seqs, min 24, max 45, avg 40
Masking 100%
Sorting by length 100%
Counting k-mers 100%
Clustering 100%
Sorting clusters 100%
Writing clusters 100%
Clusters: 22 Size min 1, max 3, avg 1.2
Singletons: 19, 73.1% of seqs, 86.4% of clusters
Multiple alignments 100%
vsearch v2.30.0_linux_x86_64, 94.1GB RAM, 24 cores
https://github.com/torognes/vsearch

Reading file results/clustering/cdr/pellet_VH_R3/cdr3_clusters/351de6ae-be57-4e01-8f7f-f80500d1155d-IGH.fasta 100%
1721 nt in 37 seqs, min 21, max 57, avg 47
Masking 100%
Sorting by length 100%
Counting k-mers 100%
Clustering 100%
Sorting clusters 100%
Writing clusters 100%
Clusters: 35 Size min 1, max 2, avg 1.1
Singletons: 33, 89.2% of seqs, 94.3% of clusters
Multiple alignments 100%
vsearch v2.30.0_linux_x86_64, 94.1GB RAM, 24 cores
https://github.com/torognes/vsearch

Reading file results/clustering/cdr/pellet_VH_R3/cdr3_clusters/a64df3cd-834f-4c9b-8c5f-c0462c28dfe3-IGH.fasta 100%
870 nt in 31 seqs, min 15, max 39, avg 28
Masking 100%
Sorting by length 100%
Counting k-mers 100%
Clustering 100%
Sorting clusters 100%
Writing clusters 100%
Clusters: 29 Size min 1, max 2, avg 1.1
Singletons: 27, 87.1% of seqs, 93.1% of clusters
Multiple alignments 100%
vsearch v2.30.0_linux_x86_64, 94.1GB RAM, 24 cores
https://github.com/torognes/vsearch

Reading file results/clustering/cdr/pellet_VH_R3/cdr3_clusters/a4b808e7-1784-4fc7-969f-b0a52cdecf9d-IGH.fasta 100%
270 nt in 6 seqs, min 33, max 54, avg 45
Masking 100%
Sorting by length 100%
Counting k-mers 100%
Clustering 100%
Sorting clusters 100%
Writing clusters 100%
Clusters: 6 Size min 1, max 1, avg 1.0
Singletons: 6, 100.0% of seqs, 100.0% of clusters
Multiple alignments 100%
vsearch v2.30.0_linux_x86_64, 94.1GB RAM, 24 cores
https://github.com/torognes/vsearch

Reading file results/clustering/cdr/pellet_VH_R3/cdr3_clusters/098a9440-212a-41e6-b656-bb597d7f9033-IGH.fasta 100%
318 nt in 12 seqs, min 18, max 33, avg 26
Masking 100%
Sorting by length 100%
Counting k-mers 100%
Clustering 100%
Sorting clusters 100%
Writing clusters 100%
Clusters: 8 Size min 1, max 5, avg 1.5
Singletons: 7, 58.3% of seqs, 87.5% of clusters
Multiple alignments 100%
vsearch v2.30.0_linux_x86_64, 94.1GB RAM, 24 cores
https://github.com/torognes/vsearch

Reading file results/clustering/cdr/pellet_VH_R3/cdr3_clusters/0de6a9d3-2199-49a3-bba3-06ec7a7ac4a9-IGH.fasta 100%
1475 nt in 40 seqs, min 24, max 39, avg 37
Masking 100%
Sorting by length 100%
Counting k-mers 100%
Clustering 100%
Sorting clusters 100%
Writing clusters 100%
Clusters: 29 Size min 1, max 6, avg 1.4
Singletons: 24, 60.0% of seqs, 82.8% of clusters
Multiple alignments 100%
vsearch v2.30.0_linux_x86_64, 94.1GB RAM, 24 cores
https://github.com/torognes/vsearch

Reading file results/clustering/cdr/pellet_VH_R3/cdr3_clusters/9d75fd6f-622e-4c76-9315-d6d06d7cd259-IGH.fasta 100%
7386 nt in 167 seqs, min 21, max 57, avg 44
Masking 100%
Sorting by length 100%
Counting k-mers 100%
Clustering 100%
Sorting clusters 100%
Writing clusters 100%
Clusters: 133 Size min 1, max 7, avg 1.3
Singletons: 115, 68.9% of seqs, 86.5% of clusters
Multiple alignments 100%
vsearch v2.30.0_linux_x86_64, 94.1GB RAM, 24 cores
https://github.com/torognes/vsearch

Reading file results/clustering/cdr/pellet_VH_R3/cdr3_clusters/9a029495-2c6f-4c96-8bc6-562384ac7d79-IGH.fasta 100%
929 nt in 35 seqs, min 15, max 30, avg 27
Masking 100%
Sorting by length 100%
Counting k-mers 100%
Clustering 100%
Sorting clusters 100%
Writing clusters 100%
Clusters: 30 Size min 1, max 6, avg 1.2
Singletons: 29, 82.9% of seqs, 96.7% of clusters
Multiple alignments 100%
vsearch v2.30.0_linux_x86_64, 94.1GB RAM, 24 cores
https://github.com/torognes/vsearch

Reading file results/clustering/cdr/pellet_VH_R3/cdr3_clusters/586b913b-4150-4bf9-9b12-670366161907-IGH.fasta 100%
348 nt in 8 seqs, min 36, max 54, avg 44
Masking 100%
Sorting by length 100%
Counting k-mers 100%
Clustering 100%
Sorting clusters 100%
Writing clusters 100%
Clusters: 8 Size min 1, max 1, avg 1.0
Singletons: 8, 100.0% of seqs, 100.0% of clusters
Multiple alignments 100%
vsearch v2.30.0_linux_x86_64, 94.1GB RAM, 24 cores
https://github.com/torognes/vsearch

Reading file results/clustering/cdr/pellet_VH_R3/cdr3_clusters/00963f92-0d4c-4370-ac74-dfbc22341f6f-IGH.fasta 100%
0 nt in 0 seqs
minseqlength 6: 53 sequences discarded.
Masking 100%
Sorting by length 100%
Counting k-mers 100%
Clustering 100%
Sorting clusters 100%
Writing clusters 100%
Clusters: 0
Singletons: 0
Multiple alignments 100%
vsearch v2.30.0_linux_x86_64, 94.1GB RAM, 24 cores
https://github.com/torognes/vsearch

Reading file results/clustering/cdr/pellet_VH_R3/cdr3_clusters/a2da3099-e206-405b-8a12-7ab6c7ba7d6c-IGH.fasta 100%
1528 nt in 43 seqs, min 24, max 36, avg 36
Masking 100%
Sorting by length 100%
Counting k-mers 100%
Clustering 100%
Sorting clusters 100%
Writing clusters 100%
Clusters: 5 Size min 1, max 39, avg 8.6
Singletons: 4, 9.3% of seqs, 80.0% of clusters
Multiple alignments 100%
vsearch v2.30.0_linux_x86_64, 94.1GB RAM, 24 cores
https://github.com/torognes/vsearch

Reading file results/clustering/cdr/pellet_VH_R3/cdr3_clusters/1b0df992-5845-4991-9d15-4271035adf01-IGH.fasta 100%
270 nt in 5 seqs, min 54, max 54, avg 54
Masking 100%
Sorting by length 100%
Counting k-mers 100%
Clustering 100%
Sorting clusters 100%
Writing clusters 100%
Clusters: 5 Size min 1, max 1, avg 1.0
Singletons: 5, 100.0% of seqs, 100.0% of clusters
Multiple alignments 100%
vsearch v2.30.0_linux_x86_64, 94.1GB RAM, 24 cores
https://github.com/torognes/vsearch

Reading file results/clustering/cdr/pellet_VH_R3/cdr3_clusters/286caf50-b366-45f3-9b05-5b5ebf6fc229-IGH.fasta 100%
624 nt in 15 seqs, min 21, max 54, avg 42
Masking 100%
Sorting by length 100%
Counting k-mers 100%
Clustering 100%
Sorting clusters 100%
Writing clusters 100%
Clusters: 15 Size min 1, max 1, avg 1.0
Singletons: 15, 100.0% of seqs, 100.0% of clusters
Multiple alignments 100%
vsearch v2.30.0_linux_x86_64, 94.1GB RAM, 24 cores
https://github.com/torognes/vsearch

Reading file results/clustering/cdr/pellet_VH_R3/cdr3_clusters/723bf936-f682-4bc9-94e5-ac5f64fb12d0-IGH.fasta 100%
609 nt in 12 seqs, min 39, max 54, avg 51
Masking 100%
Sorting by length 100%
Counting k-mers 100%
Clustering 100%
Sorting clusters 100%
Writing clusters 100%
Clusters: 8 Size min 1, max 5, avg 1.5
Singletons: 7, 58.3% of seqs, 87.5% of clusters
Multiple alignments 100%
vsearch v2.30.0_linux_x86_64, 94.1GB RAM, 24 cores
https://github.com/torognes/vsearch

Reading file results/clustering/cdr/pellet_VH_R3/cdr3_clusters/84060948-863f-406e-8e9a-8dd238b3946f-IGH.fasta 100%
1754 nt in 43 seqs, min 24, max 54, avg 41
Masking 100%
Sorting by length 100%
Counting k-mers 100%
Clustering 100%
Sorting clusters 100%
Writing clusters 100%
Clusters: 41 Size min 1, max 2, avg 1.0
Singletons: 39, 90.7% of seqs, 95.1% of clusters
Multiple alignments 100%
vsearch v2.30.0_linux_x86_64, 94.1GB RAM, 24 cores
https://github.com/torognes/vsearch

Reading file results/clustering/cdr/pellet_VH_R3/cdr3_clusters/b46c98c5-1a5b-4cd5-bee9-59584dce6f29-IGH.fasta 100%
528 nt in 16 seqs, min 24, max 39, avg 33
Masking 100%
Sorting by length 100%
Counting k-mers 100%
Clustering 100%
Sorting clusters 100%
Writing clusters 100%
Clusters: 14 Size min 1, max 3, avg 1.1
Singletons: 13, 81.2% of seqs, 92.9% of clusters
Multiple alignments 100%
vsearch v2.30.0_linux_x86_64, 94.1GB RAM, 24 cores
https://github.com/torognes/vsearch

Reading file results/clustering/cdr/pellet_VH_R3/cdr3_clusters/bd3d6812-35c7-470f-b38b-49cc0e53becb-IGH.fasta 100%
390 nt in 11 seqs, min 24, max 45, avg 35
Masking 100%
Sorting by length 100%
Counting k-mers 100%
Clustering 100%
Sorting clusters 100%
Writing clusters 100%
Clusters: 9 Size min 1, max 2, avg 1.2
Singletons: 7, 63.6% of seqs, 77.8% of clusters
Multiple alignments 100%
vsearch v2.30.0_linux_x86_64, 94.1GB RAM, 24 cores
https://github.com/torognes/vsearch

Reading file results/clustering/cdr/pellet_VH_R3/cdr3_clusters/8021cca4-1282-4b7d-8f03-4b050ef8bba5-IGH.fasta 100%
2729 nt in 64 seqs, min 27, max 51, avg 43
Masking 100%
Sorting by length 100%
Counting k-mers 100%
Clustering 100%
Sorting clusters 100%
Writing clusters 100%
Clusters: 53 Size min 1, max 6, avg 1.2
Singletons: 48, 75.0% of seqs, 90.6% of clusters
Multiple alignments 100%
vsearch v2.30.0_linux_x86_64, 94.1GB RAM, 24 cores
https://github.com/torognes/vsearch

Reading file results/clustering/cdr/pellet_VH_R3/cdr3_clusters/e2bae21d-1490-41d7-8944-527095ed99ac-IGH.fasta 100%
1377 nt in 43 seqs, min 21, max 39, avg 32
Masking 100%
Sorting by length 100%
Counting k-mers 100%
Clustering 100%
Sorting clusters 100%
Writing clusters 100%
Clusters: 41 Size min 1, max 2, avg 1.0
Singletons: 39, 90.7% of seqs, 95.1% of clusters
Multiple alignments 100%
vsearch v2.30.0_linux_x86_64, 94.1GB RAM, 24 cores
https://github.com/torognes/vsearch

Reading file results/clustering/cdr/pellet_VH_R3/cdr3_clusters/f4374c03-be67-4e41-bd6f-b45fbb452b60-IGH.fasta 100%
537 nt in 15 seqs, min 27, max 48, avg 36
Masking 100%
Sorting by length 100%
Counting k-mers 100%
Clustering 100%
Sorting clusters 100%
Writing clusters 100%
Clusters: 14 Size min 1, max 2, avg 1.1
Singletons: 13, 86.7% of seqs, 92.9% of clusters
Multiple alignments 100%
vsearch v2.30.0_linux_x86_64, 94.1GB RAM, 24 cores
https://github.com/torognes/vsearch

Reading file results/clustering/cdr/pellet_VH_R3/cdr3_clusters/95f4d005-b876-4069-b9d0-bc4241b33c81-IGH.fasta 100%
8080 nt in 236 seqs, min 18, max 45, avg 34
minseqlength 6: 1 sequence discarded.
Masking 100%
Sorting by length 100%
Counting k-mers 100%
Clustering 100%
Sorting clusters 100%
Writing clusters 100%
Clusters: 206 Size min 1, max 4, avg 1.1
Singletons: 185, 78.4% of seqs, 89.8% of clusters
Multiple alignments 100%
vsearch v2.30.0_linux_x86_64, 94.1GB RAM, 24 cores
https://github.com/torognes/vsearch

Reading file results/clustering/cdr/pellet_VH_R3/cdr3_clusters/983a9925-8f98-45f0-8d8e-3706c686c26f-IGH.fasta 100%
105 nt in 5 seqs, min 21, max 21, avg 21
Masking 100%
Sorting by length 100%
Counting k-mers 100%
Clustering 100%
Sorting clusters 100%
Writing clusters 100%
Clusters: 1 Size min 5, max 5, avg 5.0
Singletons: 0, 0.0% of seqs, 0.0% of clusters
Multiple alignments 100%
vsearch v2.30.0_linux_x86_64, 94.1GB RAM, 24 cores
https://github.com/torognes/vsearch

Reading file results/clustering/cdr/pellet_VH_R3/cdr3_clusters/b1b6fda8-0ace-40e7-bb5d-cd7a7845aebb-IGH.fasta 100%
853 nt in 22 seqs, min 30, max 45, avg 39
Masking 100%
Sorting by length 100%
Counting k-mers 100%
Clustering 100%
Sorting clusters 100%
Writing clusters 100%
Clusters: 21 Size min 1, max 2, avg 1.0
Singletons: 20, 90.9% of seqs, 95.2% of clusters
Multiple alignments 100%
vsearch v2.30.0_linux_x86_64, 94.1GB RAM, 24 cores
https://github.com/torognes/vsearch

Reading file results/clustering/cdr/pellet_VH_R3/cdr3_clusters/d6a5f297-5a79-4e94-98de-546d8e06b1e6-IGH.fasta 100%
246 nt in 6 seqs, min 33, max 45, avg 41
Masking 100%
Sorting by length 100%
Counting k-mers 100%
Clustering 100%
Sorting clusters 100%
Writing clusters 100%
Clusters: 6 Size min 1, max 1, avg 1.0
Singletons: 6, 100.0% of seqs, 100.0% of clusters
Multiple alignments 100%
vsearch v2.30.0_linux_x86_64, 94.1GB RAM, 24 cores
https://github.com/torognes/vsearch

Reading file results/clustering/cdr/pellet_VH_R3/cdr3_clusters/b1b0b420-26fd-4fe4-8a87-c05fdd5ed63f-IGH.fasta 100%
1437 nt in 37 seqs, min 24, max 54, avg 39
Masking 100%
Sorting by length 100%
Counting k-mers 100%
Clustering 100%
Sorting clusters 100%
Writing clusters 100%
Clusters: 34 Size min 1, max 3, avg 1.1
Singletons: 32, 86.5% of seqs, 94.1% of clusters
Multiple alignments 100%
vsearch v2.30.0_linux_x86_64, 94.1GB RAM, 24 cores
https://github.com/torognes/vsearch

Reading file results/clustering/cdr/pellet_VH_R3/cdr3_clusters/08cd7c95-02bd-4d48-836d-0965ffc64a98-IGH.fasta 100%
0 nt in 0 seqs
minseqlength 6: 7 sequences discarded.
Masking 100%
Sorting by length 100%
Counting k-mers 100%
Clustering 100%
Sorting clusters 100%
Writing clusters 100%
Clusters: 0
Singletons: 0
Multiple alignments 100%
vsearch v2.30.0_linux_x86_64, 94.1GB RAM, 24 cores
https://github.com/torognes/vsearch

Reading file results/clustering/cdr/pellet_VH_R3/cdr3_clusters/229b10d6-5fbd-45f2-932a-c821ecdd6d16-IGH.fasta 100%
1182 nt in 29 seqs, min 27, max 42, avg 41
Masking 100%
Sorting by length 100%
Counting k-mers 100%
Clustering 100%
Sorting clusters 100%
Writing clusters 100%
Clusters: 12 Size min 1, max 6, avg 2.4
Singletons: 7, 24.1% of seqs, 58.3% of clusters
Multiple alignments 100%
vsearch v2.30.0_linux_x86_64, 94.1GB RAM, 24 cores
https://github.com/torognes/vsearch

Reading file results/clustering/cdr/pellet_VH_R3/cdr3_clusters/f38a2b5e-d91c-48a3-a334-deb67edc8188-IGH.fasta 100%
749 nt in 21 seqs, min 27, max 42, avg 36
Masking 100%
Sorting by length 100%
Counting k-mers 100%
Clustering 100%
Sorting clusters 100%
Writing clusters 100%
Clusters: 20 Size min 1, max 2, avg 1.1
Singletons: 19, 90.5% of seqs, 95.0% of clusters
Multiple alignments 100%
vsearch v2.30.0_linux_x86_64, 94.1GB RAM, 24 cores
https://github.com/torognes/vsearch

Reading file results/clustering/cdr/pellet_VH_R3/cdr3_clusters/ee68778b-2845-4335-806b-ae3ea55493ca-IGH.fasta 100%
267 nt in 9 seqs, min 24, max 36, avg 30
Masking 100%
Sorting by length 100%
Counting k-mers 100%
Clustering 100%
Sorting clusters 100%
Writing clusters 100%
Clusters: 9 Size min 1, max 1, avg 1.0
Singletons: 9, 100.0% of seqs, 100.0% of clusters
Multiple alignments 100%
vsearch v2.30.0_linux_x86_64, 94.1GB RAM, 24 cores
https://github.com/torognes/vsearch

Reading file results/clustering/cdr/pellet_VH_R3/cdr3_clusters/0b254916-f6f6-456c-9582-3cd7e2633573-IGH.fasta 100%
360 nt in 11 seqs, min 21, max 39, avg 33
Masking 100%
Sorting by length 100%
Counting k-mers 100%
Clustering 100%
Sorting clusters 100%
Writing clusters 100%
Clusters: 11 Size min 1, max 1, avg 1.0
Singletons: 11, 100.0% of seqs, 100.0% of clusters
Multiple alignments 100%
vsearch v2.30.0_linux_x86_64, 94.1GB RAM, 24 cores
https://github.com/torognes/vsearch

Reading file results/clustering/cdr/pellet_VH_R3/cdr3_clusters/2e7805cd-ce2f-4590-9137-0f7d7457d7a6-IGH.fasta 100%
257 nt in 7 seqs, min 30, max 44, avg 37
Masking 100%
Sorting by length 100%
Counting k-mers 100%
Clustering 100%
Sorting clusters 100%
Writing clusters 100%
Clusters: 7 Size min 1, max 1, avg 1.0
Singletons: 7, 100.0% of seqs, 100.0% of clusters
Multiple alignments 100%
vsearch v2.30.0_linux_x86_64, 94.1GB RAM, 24 cores
https://github.com/torognes/vsearch

Reading file results/clustering/cdr/pellet_VH_R3/cdr3_clusters/d6b3574d-7dd4-43bc-b5e5-5cfb810c986a-IGH.fasta 100%
597 nt in 19 seqs, min 30, max 36, avg 31
Masking 100%
Sorting by length 100%
Counting k-mers 100%
Clustering 100%
Sorting clusters 100%
Writing clusters 100%
Clusters: 8 Size min 1, max 9, avg 2.4
Singletons: 5, 26.3% of seqs, 62.5% of clusters
Multiple alignments 100%
vsearch v2.30.0_linux_x86_64, 94.1GB RAM, 24 cores
https://github.com/torognes/vsearch

Reading file results/clustering/cdr/pellet_VH_R3/cdr3_clusters/98d77e34-0c1c-4982-8a4e-652f64b000b7-IGH.fasta 100%
584 nt in 17 seqs, min 18, max 42, avg 34
Masking 100%
Sorting by length 100%
Counting k-mers 100%
Clustering 100%
Sorting clusters 100%
Writing clusters 100%
Clusters: 14 Size min 1, max 4, avg 1.2
Singletons: 13, 76.5% of seqs, 92.9% of clusters
Multiple alignments 100%
vsearch v2.30.0_linux_x86_64, 94.1GB RAM, 24 cores
https://github.com/torognes/vsearch

Reading file results/clustering/cdr/pellet_VH_R3/cdr3_clusters/8b78c6eb-37ef-4fb4-8575-f24f1e75b53f-IGH.fasta 100%
309 nt in 9 seqs, min 24, max 36, avg 34
Masking 100%
Sorting by length 100%
Counting k-mers 100%
Clustering 100%
Sorting clusters 100%
Writing clusters 100%
Clusters: 5 Size min 1, max 4, avg 1.8
Singletons: 3, 33.3% of seqs, 60.0% of clusters
Multiple alignments 100%
vsearch v2.30.0_linux_x86_64, 94.1GB RAM, 24 cores
https://github.com/torognes/vsearch

Reading file results/clustering/cdr/pellet_VH_R3/cdr3_clusters/b0551954-8b05-400e-a24a-73b71603dc50-IGH.fasta 100%
285 nt in 6 seqs, min 45, max 54, avg 48
Masking 100%
Sorting by length 100%
Counting k-mers 100%
Clustering 100%
Sorting clusters 100%
Writing clusters 100%
Clusters: 5 Size min 1, max 2, avg 1.2
Singletons: 4, 66.7% of seqs, 80.0% of clusters
Multiple alignments 100%
vsearch v2.30.0_linux_x86_64, 94.1GB RAM, 24 cores
https://github.com/torognes/vsearch

Reading file results/clustering/cdr/pellet_VH_R3/cdr3_clusters/5b1a7de9-19a6-4923-aef5-e34191a5adf1-IGH.fasta 100%
683 nt in 19 seqs, min 35, max 36, avg 36
Masking 100%
Sorting by length 100%
Counting k-mers 100%
Clustering 100%
Sorting clusters 100%
Writing clusters 100%
Clusters: 2 Size min 1, max 18, avg 9.5
Singletons: 1, 5.3% of seqs, 50.0% of clusters
Multiple alignments 100%
vsearch v2.30.0_linux_x86_64, 94.1GB RAM, 24 cores
https://github.com/torognes/vsearch

Reading file results/clustering/cdr/pellet_VH_R3/cdr3_clusters/03403fd7-3b41-4c42-a0a7-525b621e42be-IGH.fasta 100%
258 nt in 7 seqs, min 21, max 42, avg 37
Masking 100%
Sorting by length 100%
Counting k-mers 100%
Clustering 100%
Sorting clusters 100%
Writing clusters 100%
Clusters: 3 Size min 1, max 5, avg 2.3
Singletons: 2, 28.6% of seqs, 66.7% of clusters
Multiple alignments 100%
vsearch v2.30.0_linux_x86_64, 94.1GB RAM, 24 cores
https://github.com/torognes/vsearch

Reading file results/clustering/cdr/pellet_VH_R3/cdr3_clusters/53452637-2ae0-435e-b075-5df72407abcc-IGH.fasta 100%
2015 nt in 44 seqs, min 18, max 54, avg 46
Masking 100%
Sorting by length 100%
Counting k-mers 100%
Clustering 100%
Sorting clusters 100%
Writing clusters 100%
Clusters: 24 Size min 1, max 13, avg 1.8
Singletons: 22, 50.0% of seqs, 91.7% of clusters
Multiple alignments 100%
vsearch v2.30.0_linux_x86_64, 94.1GB RAM, 24 cores
https://github.com/torognes/vsearch

Reading file results/clustering/cdr/pellet_VH_R3/cdr3_clusters/7b80929e-51b4-49d0-b322-6c8ba779b794-IGH.fasta 100%
291 nt in 7 seqs, min 36, max 45, avg 42
Masking 100%
Sorting by length 100%
Counting k-mers 100%
Clustering 100%
Sorting clusters 100%
Writing clusters 100%
Clusters: 4 Size min 1, max 4, avg 1.8
Singletons: 3, 42.9% of seqs, 75.0% of clusters
Multiple alignments 100%
vsearch v2.30.0_linux_x86_64, 94.1GB RAM, 24 cores
https://github.com/torognes/vsearch

Reading file results/clustering/cdr/pellet_VH_R3/cdr3_clusters/fb29d193-153d-473c-9bc8-00463222d86e-IGH.fasta 100%
204 nt in 5 seqs, min 36, max 45, avg 41
Masking 100%
Sorting by length 100%
Counting k-mers 100%
Clustering 100%
Sorting clusters 100%
Writing clusters 100%
Clusters: 5 Size min 1, max 1, avg 1.0
Singletons: 5, 100.0% of seqs, 100.0% of clusters
Multiple alignments 100%
vsearch v2.30.0_linux_x86_64, 94.1GB RAM, 24 cores
https://github.com/torognes/vsearch

Reading file results/clustering/cdr/pellet_VH_R3/cdr3_clusters/ece659cf-d12a-41a7-a134-0928c5ac92bf-IGH.fasta 100%
213 nt in 8 seqs, min 18, max 36, avg 27
Masking 100%
Sorting by length 100%
Counting k-mers 100%
Clustering 100%
Sorting clusters 100%
Writing clusters 100%
Clusters: 8 Size min 1, max 1, avg 1.0
Singletons: 8, 100.0% of seqs, 100.0% of clusters
Multiple alignments 100%
vsearch v2.30.0_linux_x86_64, 94.1GB RAM, 24 cores
https://github.com/torognes/vsearch

Reading file results/clustering/cdr/pellet_VH_R3/cdr3_clusters/5448c429-3c1c-4b78-b675-830b8f1c3596-IGH.fasta 100%
17938 nt in 433 seqs, min 27, max 51, avg 41
Masking 100%
Sorting by length 100%
Counting k-mers 100%
Clustering 100%
Sorting clusters 100%
Writing clusters 100%
Clusters: 300 Size min 1, max 9, avg 1.4
Singletons: 237, 54.7% of seqs, 79.0% of clusters
Multiple alignments 100%
vsearch v2.30.0_linux_x86_64, 94.1GB RAM, 24 cores
https://github.com/torognes/vsearch

Reading file results/clustering/cdr/pellet_VH_R3/cdr3_clusters/91bbb42c-7a43-4b26-a485-950dd499b848-IGH.fasta 100%
258 nt in 6 seqs, min 36, max 48, avg 43
Masking 100%
Sorting by length 100%
Counting k-mers 100%
Clustering 100%
Sorting clusters 100%
Writing clusters 100%
Clusters: 6 Size min 1, max 1, avg 1.0
Singletons: 6, 100.0% of seqs, 100.0% of clusters
Multiple alignments 100%
vsearch v2.30.0_linux_x86_64, 94.1GB RAM, 24 cores
https://github.com/torognes/vsearch

Reading file results/clustering/cdr/pellet_VH_R3/cdr3_clusters/6147acab-4b77-4989-b898-2144b9e3e858-IGH.fasta 100%
5276 nt in 117 seqs, min 24, max 54, avg 45
Masking 100%
Sorting by length 100%
Counting k-mers 100%
Clustering 100%
Sorting clusters 100%
Writing clusters 100%
Clusters: 86 Size min 1, max 11, avg 1.4
Singletons: 74, 63.2% of seqs, 86.0% of clusters
Multiple alignments 100%
vsearch v2.30.0_linux_x86_64, 94.1GB RAM, 24 cores
https://github.com/torognes/vsearch

Reading file results/clustering/cdr/pellet_VH_R3/cdr3_clusters/6fcd9c9c-0be5-4ca2-aa66-faa949d5b152-IGH.fasta 100%
944 nt in 24 seqs, min 21, max 48, avg 39
Masking 100%
Sorting by length 100%
Counting k-mers 100%
Clustering 100%
Sorting clusters 100%
Writing clusters 100%
Clusters: 23 Size min 1, max 2, avg 1.0
Singletons: 22, 91.7% of seqs, 95.7% of clusters
Multiple alignments 100%
vsearch v2.30.0_linux_x86_64, 94.1GB RAM, 24 cores
https://github.com/torognes/vsearch

Reading file results/clustering/cdr/pellet_VH_R3/cdr3_clusters/37c72c7b-60e4-402b-8086-370045274ba3-IGH.fasta 100%
456 nt in 10 seqs, min 39, max 48, avg 46
Masking 100%
Sorting by length 100%
Counting k-mers 100%
Clustering 100%
Sorting clusters 100%
Writing clusters 100%
Clusters: 6 Size min 1, max 5, avg 1.7
Singletons: 5, 50.0% of seqs, 83.3% of clusters
Multiple alignments 100%
vsearch v2.30.0_linux_x86_64, 94.1GB RAM, 24 cores
https://github.com/torognes/vsearch

Reading file results/clustering/cdr/pellet_VH_R3/cdr3_clusters/7fa91f21-8362-483a-8467-5b1820e51139-IGH.fasta 100%
303 nt in 7 seqs, min 36, max 48, avg 43
Masking 100%
Sorting by length 100%
Counting k-mers 100%
Clustering 100%
Sorting clusters 100%
Writing clusters 100%
Clusters: 7 Size min 1, max 1, avg 1.0
Singletons: 7, 100.0% of seqs, 100.0% of clusters
Multiple alignments 100%
vsearch v2.30.0_linux_x86_64, 94.1GB RAM, 24 cores
https://github.com/torognes/vsearch

Reading file results/clustering/cdr/pellet_VH_R3/cdr3_clusters/1bd48947-bc80-42d7-b83d-cff319b24713-IGH.fasta 100%
507 nt in 13 seqs, min 27, max 48, avg 39
Masking 100%
Sorting by length 100%
Counting k-mers 100%
Clustering 100%
Sorting clusters 100%
Writing clusters 100%
Clusters: 10 Size min 1, max 3, avg 1.3
Singletons: 8, 61.5% of seqs, 80.0% of clusters
Multiple alignments 100%
vsearch v2.30.0_linux_x86_64, 94.1GB RAM, 24 cores
https://github.com/torognes/vsearch

Reading file results/clustering/cdr/pellet_VH_R3/cdr3_clusters/c849d80c-2115-459a-ba1e-481cd525bcee-IGH.fasta 100%
207 nt in 7 seqs, min 18, max 33, avg 30
Masking 100%
Sorting by length 100%
Counting k-mers 100%
Clustering 100%
Sorting clusters 100%
Writing clusters 100%
Clusters: 5 Size min 1, max 3, avg 1.4
Singletons: 4, 57.1% of seqs, 80.0% of clusters
Multiple alignments 100%
vsearch v2.30.0_linux_x86_64, 94.1GB RAM, 24 cores
https://github.com/torognes/vsearch

Reading file results/clustering/cdr/pellet_VH_R3/cdr3_clusters/67afa228-7956-46de-9be3-ec41bd8c3717-IGH.fasta 100%
198 nt in 5 seqs, min 33, max 45, avg 40
Masking 100%
Sorting by length 100%
Counting k-mers 100%
Clustering 100%
Sorting clusters 100%
Writing clusters 100%
Clusters: 5 Size min 1, max 1, avg 1.0
Singletons: 5, 100.0% of seqs, 100.0% of clusters
Multiple alignments 100%
vsearch v2.30.0_linux_x86_64, 94.1GB RAM, 24 cores
https://github.com/torognes/vsearch

Reading file results/clustering/cdr/pellet_VH_R3/cdr3_clusters/0caddf76-8a25-437a-aeb0-76fc58c62195-IGH.fasta 100%
249 nt in 6 seqs, min 30, max 51, avg 42
Masking 100%
Sorting by length 100%
Counting k-mers 100%
Clustering 100%
Sorting clusters 100%
Writing clusters 100%
Clusters: 5 Size min 1, max 2, avg 1.2
Singletons: 4, 66.7% of seqs, 80.0% of clusters
Multiple alignments 100%
vsearch v2.30.0_linux_x86_64, 94.1GB RAM, 24 cores
https://github.com/torognes/vsearch

Reading file results/clustering/cdr/pellet_VH_R3/cdr3_clusters/671340d3-92a4-4e8b-882a-41006a37738b-IGH.fasta 100%
2361 nt in 59 seqs, min 21, max 48, avg 40
Masking 100%
Sorting by length 100%
Counting k-mers 100%
Clustering 100%
Sorting clusters 100%
Writing clusters 100%
Clusters: 55 Size min 1, max 2, avg 1.1
Singletons: 51, 86.4% of seqs, 92.7% of clusters
Multiple alignments 100%
vsearch v2.30.0_linux_x86_64, 94.1GB RAM, 24 cores
https://github.com/torognes/vsearch

Reading file results/clustering/cdr/pellet_VH_R3/cdr3_clusters/5a9d074d-1f02-4a91-a3d5-208bade00763-IGH.fasta 100%
474 nt in 16 seqs, min 24, max 33, avg 30
minseqlength 6: 1 sequence discarded.
Masking 100%
Sorting by length 100%
Counting k-mers 100%
Clustering 100%
Sorting clusters 100%
Writing clusters 100%
Clusters: 16 Size min 1, max 1, avg 1.0
Singletons: 16, 100.0% of seqs, 100.0% of clusters
Multiple alignments 100%
vsearch v2.30.0_linux_x86_64, 94.1GB RAM, 24 cores
https://github.com/torognes/vsearch

Reading file results/clustering/cdr/pellet_VH_R3/cdr3_clusters/1d6841cc-f589-4e9e-a634-939b0df76ac8-IGH.fasta 100%
156 nt in 5 seqs, min 24, max 33, avg 31
Masking 100%
Sorting by length 100%
Counting k-mers 100%
Clustering 100%
Sorting clusters 100%
Writing clusters 100%
Clusters: 2 Size min 1, max 4, avg 2.5
Singletons: 1, 20.0% of seqs, 50.0% of clusters
Multiple alignments 100%
vsearch v2.30.0_linux_x86_64, 94.1GB RAM, 24 cores
https://github.com/torognes/vsearch

Reading file results/clustering/cdr/pellet_VH_R3/cdr3_clusters/cd5926b3-1e26-43d5-9d30-d89aa7820448-IGH.fasta 100%
5163 nt in 129 seqs, min 18, max 51, avg 40
Masking 100%
Sorting by length 100%
Counting k-mers 100%
Clustering 100%
Sorting clusters 100%
Writing clusters 100%
Clusters: 109 Size min 1, max 8, avg 1.2
Singletons: 101, 78.3% of seqs, 92.7% of clusters
Multiple alignments 100%
vsearch v2.30.0_linux_x86_64, 94.1GB RAM, 24 cores
https://github.com/torognes/vsearch

Reading file results/clustering/cdr/pellet_VH_R3/cdr3_clusters/1843930a-01ea-4ff5-9b0c-e1552ac65f1f-IGH.fasta 100%
279 nt in 7 seqs, min 30, max 45, avg 40
Masking 100%
Sorting by length 100%
Counting k-mers 100%
Clustering 100%
Sorting clusters 100%
Writing clusters 100%
Clusters: 6 Size min 1, max 2, avg 1.2
Singletons: 5, 71.4% of seqs, 83.3% of clusters
Multiple alignments 100%
vsearch v2.30.0_linux_x86_64, 94.1GB RAM, 24 cores
https://github.com/torognes/vsearch

Reading file results/clustering/cdr/pellet_VH_R3/cdr3_clusters/2bbf7254-13a9-45e7-b900-e4be672e6bf5-IGH.fasta 100%
519 nt in 13 seqs, min 36, max 60, avg 40
Masking 100%
Sorting by length 100%
Counting k-mers 100%
Clustering 100%
Sorting clusters 100%
Writing clusters 100%
Clusters: 7 Size min 1, max 6, avg 1.9
Singletons: 5, 38.5% of seqs, 71.4% of clusters
Multiple alignments 100%
vsearch v2.30.0_linux_x86_64, 94.1GB RAM, 24 cores
https://github.com/torognes/vsearch

Reading file results/clustering/cdr/pellet_VH_R3/cdr3_clusters/3d6bd0e9-425a-46bd-b26e-d190e4a5dcd3-IGH.fasta 100%
831 nt in 22 seqs, min 30, max 44, avg 38
minseqlength 6: 3 sequences discarded.
Masking 100%
Sorting by length 100%
Counting k-mers 100%
Clustering 100%
Sorting clusters 100%
Writing clusters 100%
Clusters: 18 Size min 1, max 5, avg 1.2
Singletons: 17, 77.3% of seqs, 94.4% of clusters
Multiple alignments 100%
vsearch v2.30.0_linux_x86_64, 94.1GB RAM, 24 cores
https://github.com/torognes/vsearch

Reading file results/clustering/cdr/pellet_VH_R3/cdr3_clusters/cc08a3aa-57dc-4d68-ad78-7c5f4ad32140-IGH.fasta 100%
363 nt in 9 seqs, min 30, max 57, avg 40
Masking 100%
Sorting by length 100%
Counting k-mers 100%
Clustering 100%
Sorting clusters 100%
Writing clusters 100%
Clusters: 9 Size min 1, max 1, avg 1.0
Singletons: 9, 100.0% of seqs, 100.0% of clusters
Multiple alignments 100%
vsearch v2.30.0_linux_x86_64, 94.1GB RAM, 24 cores
https://github.com/torognes/vsearch

Reading file results/clustering/cdr/pellet_VH_R3/cdr3_clusters/86b7ee6d-c296-4aee-afd9-a4c421b27e78-IGH.fasta 100%
1197 nt in 31 seqs, min 24, max 48, avg 39
Masking 100%
Sorting by length 100%
Counting k-mers 100%
Clustering 100%
Sorting clusters 100%
Writing clusters 100%
Clusters: 29 Size min 1, max 3, avg 1.1
Singletons: 28, 90.3% of seqs, 96.6% of clusters
Multiple alignments 100%
vsearch v2.30.0_linux_x86_64, 94.1GB RAM, 24 cores
https://github.com/torognes/vsearch

Reading file results/clustering/cdr/pellet_VH_R3/cdr3_clusters/eae61aa2-b87e-48eb-83e2-2ffe6a965d66-IGH.fasta 100%
1623 nt in 45 seqs, min 33, max 42, avg 36
Masking 100%
Sorting by length 100%
Counting k-mers 100%
Clustering 100%
Sorting clusters 100%
Writing clusters 100%
Clusters: 11 Size min 1, max 29, avg 4.1
Singletons: 8, 17.8% of seqs, 72.7% of clusters
Multiple alignments 100%
vsearch v2.30.0_linux_x86_64, 94.1GB RAM, 24 cores
https://github.com/torognes/vsearch

Reading file results/clustering/cdr/pellet_VH_R3/cdr3_clusters/dbcc980e-b25a-4314-a2b2-f50b66e7050a-IGH.fasta 100%
573 nt in 16 seqs, min 24, max 45, avg 36
Masking 100%
Sorting by length 100%
Counting k-mers 100%
Clustering 100%
Sorting clusters 100%
Writing clusters 100%
Clusters: 15 Size min 1, max 2, avg 1.1
Singletons: 14, 87.5% of seqs, 93.3% of clusters
Multiple alignments 100%
vsearch v2.30.0_linux_x86_64, 94.1GB RAM, 24 cores
https://github.com/torognes/vsearch

Reading file results/clustering/cdr/pellet_VH_R3/cdr3_clusters/587a33c6-6a6c-48ad-b262-bf42ef760d73-IGH.fasta 100%
195 nt in 6 seqs, min 30, max 33, avg 32
Masking 100%
Sorting by length 100%
Counting k-mers 100%
Clustering 100%
Sorting clusters 100%
Writing clusters 100%
Clusters: 3 Size min 1, max 4, avg 2.0
Singletons: 2, 33.3% of seqs, 66.7% of clusters
Multiple alignments 100%
vsearch v2.30.0_linux_x86_64, 94.1GB RAM, 24 cores
https://github.com/torognes/vsearch

Reading file results/clustering/cdr/pellet_VH_R3/cdr3_clusters/e43934f8-291f-4129-bff3-46eb3ea3079e-IGH.fasta 100%
315 nt in 7 seqs, min 30, max 54, avg 45
Masking 100%
Sorting by length 100%
Counting k-mers 100%
Clustering 100%
Sorting clusters 100%
Writing clusters 100%
Clusters: 6 Size min 1, max 2, avg 1.2
Singletons: 5, 71.4% of seqs, 83.3% of clusters
Multiple alignments 100%
vsearch v2.30.0_linux_x86_64, 94.1GB RAM, 24 cores
https://github.com/torognes/vsearch

Reading file results/clustering/cdr/pellet_VH_R3/cdr3_clusters/3b371398-63c0-45b5-a183-920dffd5801a-IGH.fasta 100%
2012 nt in 56 seqs, min 24, max 45, avg 36
Masking 100%
Sorting by length 100%
Counting k-mers 100%
Clustering 100%
Sorting clusters 100%
Writing clusters 100%
Clusters: 47 Size min 1, max 4, avg 1.2
Singletons: 42, 75.0% of seqs, 89.4% of clusters
Multiple alignments 100%
vsearch v2.30.0_linux_x86_64, 94.1GB RAM, 24 cores
https://github.com/torognes/vsearch

Reading file results/clustering/cdr/pellet_VH_R3/cdr3_clusters/d09046a5-e294-41a9-9b61-c0545648d79a-IGH.fasta 100%
618 nt in 12 seqs, min 27, max 57, avg 52
Masking 100%
Sorting by length 100%
Counting k-mers 100%
Clustering 100%
Sorting clusters 100%
Writing clusters 100%
Clusters: 6 Size min 1, max 7, avg 2.0
Singletons: 5, 41.7% of seqs, 83.3% of clusters
Multiple alignments 100%
vsearch v2.30.0_linux_x86_64, 94.1GB RAM, 24 cores
https://github.com/torognes/vsearch

Reading file results/clustering/cdr/pellet_VH_R3/cdr3_clusters/fcac43e2-89f9-4730-9ff9-1ca9bba39f2b-IGH.fasta 100%
201 nt in 6 seqs, min 21, max 42, avg 34
Masking 100%
Sorting by length 100%
Counting k-mers 100%
Clustering 100%
Sorting clusters 100%
Writing clusters 100%
Clusters: 6 Size min 1, max 1, avg 1.0
Singletons: 6, 100.0% of seqs, 100.0% of clusters
Multiple alignments 100%
vsearch v2.30.0_linux_x86_64, 94.1GB RAM, 24 cores
https://github.com/torognes/vsearch

Reading file results/clustering/cdr/pellet_VH_R3/cdr3_clusters/6bb188b0-3417-42bc-90f4-b59314a2a574-IGH.fasta 100%
198 nt in 5 seqs, min 33, max 42, avg 40
Masking 100%
Sorting by length 100%
Counting k-mers 100%
Clustering 100%
Sorting clusters 100%
Writing clusters 100%
Clusters: 4 Size min 1, max 2, avg 1.2
Singletons: 3, 60.0% of seqs, 75.0% of clusters
Multiple alignments 100%
vsearch v2.30.0_linux_x86_64, 94.1GB RAM, 24 cores
https://github.com/torognes/vsearch

Reading file results/clustering/cdr/pellet_VH_R3/cdr3_clusters/468de92f-d5d6-4960-a53c-121a767575d1-IGH.fasta 100%
626 nt in 13 seqs, min 36, max 51, avg 48
Masking 100%
Sorting by length 100%
Counting k-mers 100%
Clustering 100%
Sorting clusters 100%
Writing clusters 100%
Clusters: 8 Size min 1, max 4, avg 1.6
Singletons: 6, 46.2% of seqs, 75.0% of clusters
Multiple alignments 100%
vsearch v2.30.0_linux_x86_64, 94.1GB RAM, 24 cores
https://github.com/torognes/vsearch

Reading file results/clustering/cdr/pellet_VH_R3/cdr3_clusters/df64fc4a-4cbb-4346-9a9f-267cd3cf8101-IGH.fasta 100%
626 nt in 14 seqs, min 27, max 57, avg 45
Masking 100%
Sorting by length 100%
Counting k-mers 100%
Clustering 100%
Sorting clusters 100%
Writing clusters 100%
Clusters: 11 Size min 1, max 4, avg 1.3
Singletons: 10, 71.4% of seqs, 90.9% of clusters
Multiple alignments 100%
vsearch v2.30.0_linux_x86_64, 94.1GB RAM, 24 cores
https://github.com/torognes/vsearch

Reading file results/clustering/cdr/pellet_VH_R3/cdr3_clusters/8d4956e3-b1fb-456c-95fd-94f2b65d3742-IGH.fasta 100%
216 nt in 5 seqs, min 36, max 54, avg 43
Masking 100%
Sorting by length 100%
Counting k-mers 100%
Clustering 100%
Sorting clusters 100%
Writing clusters 100%
Clusters: 4 Size min 1, max 2, avg 1.2
Singletons: 3, 60.0% of seqs, 75.0% of clusters
Multiple alignments 100%
vsearch v2.30.0_linux_x86_64, 94.1GB RAM, 24 cores
https://github.com/torognes/vsearch

Reading file results/clustering/cdr/pellet_VH_R3/cdr3_clusters/87e7f730-e2fe-4483-a946-69e069d39de9-IGH.fasta 100%
234 nt in 7 seqs, min 27, max 39, avg 33
Masking 100%
Sorting by length 100%
Counting k-mers 100%
Clustering 100%
Sorting clusters 100%
Writing clusters 100%
Clusters: 7 Size min 1, max 1, avg 1.0
Singletons: 7, 100.0% of seqs, 100.0% of clusters
Multiple alignments 100%
vsearch v2.30.0_linux_x86_64, 94.1GB RAM, 24 cores
https://github.com/torognes/vsearch

Reading file results/clustering/cdr/pellet_VH_R3/cdr3_clusters/40a8a335-8f6f-4e63-b633-83a47ceeafa2-IGH.fasta 100%
2463 nt in 64 seqs, min 30, max 45, avg 38
Masking 100%
Sorting by length 100%
Counting k-mers 100%
Clustering 100%
Sorting clusters 100%
Writing clusters 100%
Clusters: 28 Size min 1, max 36, avg 2.3
Singletons: 26, 40.6% of seqs, 92.9% of clusters
Multiple alignments 100%
vsearch v2.30.0_linux_x86_64, 94.1GB RAM, 24 cores
https://github.com/torognes/vsearch

Reading file results/clustering/cdr/pellet_VH_R3/cdr3_clusters/939bbbe5-f27c-4a92-84ed-5ef8d5467d0c-IGH.fasta 100%
1842 nt in 42 seqs, min 27, max 51, avg 44
Masking 100%
Sorting by length 100%
Counting k-mers 100%
Clustering 100%
Sorting clusters 100%
Writing clusters 100%
Clusters: 38 Size min 1, max 3, avg 1.1
Singletons: 35, 83.3% of seqs, 92.1% of clusters
Multiple alignments 100%
vsearch v2.30.0_linux_x86_64, 94.1GB RAM, 24 cores
https://github.com/torognes/vsearch

Reading file results/clustering/cdr/pellet_VH_R3/cdr3_clusters/9c3b4779-d972-4ced-b490-026a305364aa-IGH.fasta 100%
396 nt in 9 seqs, min 36, max 45, avg 44
Masking 100%
Sorting by length 100%
Counting k-mers 100%
Clustering 100%
Sorting clusters 100%
Writing clusters 100%
Clusters: 5 Size min 1, max 5, avg 1.8
Singletons: 4, 44.4% of seqs, 80.0% of clusters
Multiple alignments 100%
vsearch v2.30.0_linux_x86_64, 94.1GB RAM, 24 cores
https://github.com/torognes/vsearch

Reading file results/clustering/cdr/pellet_VH_R3/cdr3_clusters/fcf25ba2-90cb-4c63-974e-6a19bb1e2831-IGH.fasta 100%
8873 nt in 228 seqs, min 12, max 54, avg 39
minseqlength 6: 1 sequence discarded.
Masking 100%
Sorting by length 100%
Counting k-mers 100%
Clustering 100%
Sorting clusters 100%
Writing clusters 100%
Clusters: 213 Size min 1, max 3, avg 1.1
Singletons: 200, 87.7% of seqs, 93.9% of clusters
Multiple alignments 100%
vsearch v2.30.0_linux_x86_64, 94.1GB RAM, 24 cores
https://github.com/torognes/vsearch

Reading file results/clustering/cdr/pellet_VH_R3/cdr3_clusters/c1beb30f-0bb3-48ef-aa81-075623e883c8-IGH.fasta 100%
510 nt in 11 seqs, min 33, max 54, avg 46
Masking 100%
Sorting by length 100%
Counting k-mers 100%
Clustering 100%
Sorting clusters 100%
Writing clusters 100%
Clusters: 11 Size min 1, max 1, avg 1.0
Singletons: 11, 100.0% of seqs, 100.0% of clusters
Multiple alignments 100%
vsearch v2.30.0_linux_x86_64, 94.1GB RAM, 24 cores
https://github.com/torognes/vsearch

Reading file results/clustering/cdr/pellet_VH_R3/cdr3_clusters/488f9dce-3cb8-4110-a761-c631a6391d45-IGH.fasta 100%
2853 nt in 73 seqs, min 27, max 51, avg 39
Masking 100%
Sorting by length 100%
Counting k-mers 100%
Clustering 100%
Sorting clusters 100%
Writing clusters 100%
Clusters: 38 Size min 1, max 23, avg 1.9
Singletons: 30, 41.1% of seqs, 78.9% of clusters
Multiple alignments 100%
vsearch v2.30.0_linux_x86_64, 94.1GB RAM, 24 cores
https://github.com/torognes/vsearch

Reading file results/clustering/cdr/pellet_VH_R3/cdr3_clusters/76f891fb-5ac1-4bf2-930e-66f701b87916-IGH.fasta 100%
568 nt in 14 seqs, min 24, max 51, avg 41
Masking 100%
Sorting by length 100%
Counting k-mers 100%
Clustering 100%
Sorting clusters 100%
Writing clusters 100%
Clusters: 14 Size min 1, max 1, avg 1.0
Singletons: 14, 100.0% of seqs, 100.0% of clusters
Multiple alignments 100%
vsearch v2.30.0_linux_x86_64, 94.1GB RAM, 24 cores
https://github.com/torognes/vsearch

Reading file results/clustering/cdr/pellet_VH_R3/cdr3_clusters/d59ef2f9-df4c-4728-8af1-8048b67480d2-IGH.fasta 100%
207 nt in 6 seqs, min 33, max 39, avg 34
Masking 100%
Sorting by length 100%
Counting k-mers 100%
Clustering 100%
Sorting clusters 100%
Writing clusters 100%
Clusters: 4 Size min 1, max 2, avg 1.5
Singletons: 2, 33.3% of seqs, 50.0% of clusters
Multiple alignments 100%
vsearch v2.30.0_linux_x86_64, 94.1GB RAM, 24 cores
https://github.com/torognes/vsearch

Reading file results/clustering/cdr/pellet_VH_R3/cdr3_clusters/1eeaef7d-0053-4c0e-b902-fe25c152d353-IGH.fasta 100%
231 nt in 6 seqs, min 36, max 39, avg 38
Masking 100%
Sorting by length 100%
Counting k-mers 100%
Clustering 100%
Sorting clusters 100%
Writing clusters 100%
Clusters: 3 Size min 1, max 4, avg 2.0
Singletons: 2, 33.3% of seqs, 66.7% of clusters
Multiple alignments 100%
vsearch v2.30.0_linux_x86_64, 94.1GB RAM, 24 cores
https://github.com/torognes/vsearch

Reading file results/clustering/cdr/pellet_VH_R3/cdr3_clusters/af8e55f8-8181-4510-82c7-ae258484f5d3-IGH.fasta 100%
4469 nt in 107 seqs, min 18, max 51, avg 42
Masking 100%
Sorting by length 100%
Counting k-mers 100%
Clustering 100%
Sorting clusters 100%
Writing clusters 100%
Clusters: 97 Size min 1, max 3, avg 1.1
Singletons: 88, 82.2% of seqs, 90.7% of clusters
Multiple alignments 100%
vsearch v2.30.0_linux_x86_64, 94.1GB RAM, 24 cores
https://github.com/torognes/vsearch

Reading file results/clustering/cdr/pellet_VH_R3/cdr3_clusters/f779f3c7-0d53-47e1-bb0f-790ff06608a1-IGH.fasta 100%
714 nt in 26 seqs, min 15, max 33, avg 27
minseqlength 6: 1 sequence discarded.
Masking 100%
Sorting by length 100%
Counting k-mers 100%
Clustering 100%
Sorting clusters 100%
Writing clusters 100%
Clusters: 23 Size min 1, max 4, avg 1.1
Singletons: 22, 84.6% of seqs, 95.7% of clusters
Multiple alignments 100%
vsearch v2.30.0_linux_x86_64, 94.1GB RAM, 24 cores
https://github.com/torognes/vsearch

Reading file results/clustering/cdr/pellet_VH_R3/cdr3_clusters/460829fa-d35c-4860-a614-3fa9577a0a0d-IGH.fasta 100%
0 nt in 0 seqs
minseqlength 6: 8 sequences discarded.
Masking 100%
Sorting by length 100%
Counting k-mers 100%
Clustering 100%
Sorting clusters 100%
Writing clusters 100%
Clusters: 0
Singletons: 0
Multiple alignments 100%
vsearch v2.30.0_linux_x86_64, 94.1GB RAM, 24 cores
https://github.com/torognes/vsearch

Reading file results/clustering/cdr/pellet_VH_R3/cdr3_clusters/015a4ccb-a4aa-4437-9125-538586c2426e-IGH.fasta 100%
264 nt in 8 seqs, min 18, max 42, avg 33
Masking 100%
Sorting by length 100%
Counting k-mers 100%
Clustering 100%
Sorting clusters 100%
Writing clusters 100%
Clusters: 8 Size min 1, max 1, avg 1.0
Singletons: 8, 100.0% of seqs, 100.0% of clusters
Multiple alignments 100%
vsearch v2.30.0_linux_x86_64, 94.1GB RAM, 24 cores
https://github.com/torognes/vsearch

Reading file results/clustering/cdr/pellet_VH_R3/cdr3_clusters/175a301f-7d18-4982-b409-c4840b9c11ce-IGH.fasta 100%
2373 nt in 46 seqs, min 27, max 54, avg 52
minseqlength 6: 1 sequence discarded.
Masking 100%
Sorting by length 100%
Counting k-mers 100%
Clustering 100%
Sorting clusters 100%
Writing clusters 100%
Clusters: 12 Size min 1, max 35, avg 3.8
Singletons: 11, 23.9% of seqs, 91.7% of clusters
Multiple alignments 100%
vsearch v2.30.0_linux_x86_64, 94.1GB RAM, 24 cores
https://github.com/torognes/vsearch

Reading file results/clustering/cdr/pellet_VH_R3/cdr3_clusters/22fcfd7e-9e49-4a83-94e7-aa412a639659-IGH.fasta 100%
1608 nt in 41 seqs, min 24, max 57, avg 39
Masking 100%
Sorting by length 100%
Counting k-mers 100%
Clustering 100%
Sorting clusters 100%
Writing clusters 100%
Clusters: 36 Size min 1, max 5, avg 1.1
Singletons: 34, 82.9% of seqs, 94.4% of clusters
Multiple alignments 100%
vsearch v2.30.0_linux_x86_64, 94.1GB RAM, 24 cores
https://github.com/torognes/vsearch

Reading file results/clustering/cdr/pellet_VH_R3/cdr3_clusters/65401557-aa3a-4ce8-b384-65b6e786826d-IGH.fasta 100%
9205 nt in 227 seqs, min 18, max 57, avg 41
Masking 100%
Sorting by length 100%
Counting k-mers 100%
Clustering 100%
Sorting clusters 100%
Writing clusters 100%
Clusters: 204 Size min 1, max 9, avg 1.1
Singletons: 195, 85.9% of seqs, 95.6% of clusters
Multiple alignments 100%
vsearch v2.30.0_linux_x86_64, 94.1GB RAM, 24 cores
https://github.com/torognes/vsearch

Reading file results/clustering/cdr/pellet_VH_R3/cdr3_clusters/b7003feb-e898-473d-9e76-1d7deb1add12-IGH.fasta 100%
9203 nt in 243 seqs, min 15, max 54, avg 38
Masking 100%
Sorting by length 100%
Counting k-mers 100%
Clustering 100%
Sorting clusters 100%
Writing clusters 100%
Clusters: 222 Size min 1, max 6, avg 1.1
Singletons: 211, 86.8% of seqs, 95.0% of clusters
Multiple alignments 100%
vsearch v2.30.0_linux_x86_64, 94.1GB RAM, 24 cores
https://github.com/torognes/vsearch

Reading file results/clustering/cdr/pellet_VH_R3/cdr3_clusters/171ebdc9-2665-4268-aa28-cb4413119050-IGH.fasta 100%
174 nt in 5 seqs, min 24, max 39, avg 35
Masking 100%
Sorting by length 100%
Counting k-mers 100%
Clustering 100%
Sorting clusters 100%
Writing clusters 100%
Clusters: 5 Size min 1, max 1, avg 1.0
Singletons: 5, 100.0% of seqs, 100.0% of clusters
Multiple alignments 100%
vsearch v2.30.0_linux_x86_64, 94.1GB RAM, 24 cores
https://github.com/torognes/vsearch

Reading file results/clustering/cdr/pellet_VH_R3/cdr3_clusters/94a1d209-ba78-4bdc-90eb-5177bf019263-IGH.fasta 100%
384 nt in 8 seqs, min 48, max 48, avg 48
Masking 100%
Sorting by length 100%
Counting k-mers 100%
Clustering 100%
Sorting clusters 100%
Writing clusters 100%
Clusters: 2 Size min 3, max 5, avg 4.0
Singletons: 0, 0.0% of seqs, 0.0% of clusters
Multiple alignments 100%
vsearch v2.30.0_linux_x86_64, 94.1GB RAM, 24 cores
https://github.com/torognes/vsearch

Reading file results/clustering/cdr/pellet_VH_R3/cdr3_clusters/abc2f441-bb52-4ef5-b3b3-59345f7379b3-IGH.fasta 100%
1110 nt in 26 seqs, min 27, max 54, avg 43
Masking 100%
Sorting by length 100%
Counting k-mers 100%
Clustering 100%
Sorting clusters 100%
Writing clusters 100%
Clusters: 26 Size min 1, max 1, avg 1.0
Singletons: 26, 100.0% of seqs, 100.0% of clusters
Multiple alignments 100%
vsearch v2.30.0_linux_x86_64, 94.1GB RAM, 24 cores
https://github.com/torognes/vsearch

Reading file results/clustering/cdr/pellet_VH_R3/cdr3_clusters/65c0eea1-e98b-45cf-9ea4-3241224317d5-IGH.fasta 100%
684 nt in 14 seqs, min 39, max 51, avg 49
Masking 100%
Sorting by length 100%
Counting k-mers 100%
Clustering 100%
Sorting clusters 100%
Writing clusters 100%
Clusters: 4 Size min 1, max 11, avg 3.5
Singletons: 3, 21.4% of seqs, 75.0% of clusters
Multiple alignments 100%
vsearch v2.30.0_linux_x86_64, 94.1GB RAM, 24 cores
https://github.com/torognes/vsearch

Reading file results/clustering/cdr/pellet_VH_R3/cdr3_clusters/07e8b600-e73b-43e0-a0de-5c053c4caf06-IGH.fasta 100%
429 nt in 12 seqs, min 33, max 36, avg 36
Masking 100%
Sorting by length 100%
Counting k-mers 100%
Clustering 100%
Sorting clusters 100%
Writing clusters 100%
Clusters: 8 Size min 1, max 5, avg 1.5
Singletons: 7, 58.3% of seqs, 87.5% of clusters
Multiple alignments 100%
vsearch v2.30.0_linux_x86_64, 94.1GB RAM, 24 cores
https://github.com/torognes/vsearch

Reading file results/clustering/cdr/pellet_VH_R3/cdr3_clusters/72bf977d-9854-4aaf-9d9d-fa302e335986-IGH.fasta 100%
285 nt in 8 seqs, min 33, max 36, avg 36
minseqlength 6: 1 sequence discarded.
Masking 100%
Sorting by length 100%
Counting k-mers 100%
Clustering 100%
Sorting clusters 100%
Writing clusters 100%
Clusters: 7 Size min 1, max 2, avg 1.1
Singletons: 6, 75.0% of seqs, 85.7% of clusters
Multiple alignments 100%
vsearch v2.30.0_linux_x86_64, 94.1GB RAM, 24 cores
https://github.com/torognes/vsearch

Reading file results/clustering/cdr/pellet_VH_R3/cdr3_clusters/171253e4-f37c-479b-81ba-29b4c455a7d3-IGH.fasta 100%
2204 nt in 51 seqs, min 27, max 51, avg 43
Masking 100%
Sorting by length 100%
Counting k-mers 100%
Clustering 100%
Sorting clusters 100%
Writing clusters 100%
Clusters: 41 Size min 1, max 4, avg 1.2
Singletons: 36, 70.6% of seqs, 87.8% of clusters
Multiple alignments 100%
vsearch v2.30.0_linux_x86_64, 94.1GB RAM, 24 cores
https://github.com/torognes/vsearch

Reading file results/clustering/cdr/pellet_VH_R3/cdr3_clusters/0f205707-fe17-4915-9547-ab215e3f833b-IGH.fasta 100%
0 nt in 0 seqs
minseqlength 6: 5 sequences discarded.
Masking 100%
Sorting by length 100%
Counting k-mers 100%
Clustering 100%
Sorting clusters 100%
Writing clusters 100%
Clusters: 0
Singletons: 0
Multiple alignments 100%
vsearch v2.30.0_linux_x86_64, 94.1GB RAM, 24 cores
https://github.com/torognes/vsearch

Reading file results/clustering/cdr/pellet_VH_R3/cdr3_clusters/74de3cee-e3ee-41dc-b5c1-2eab20e78cc8-IGH.fasta 100%
349 nt in 8 seqs, min 36, max 51, avg 44
Masking 100%
Sorting by length 100%
Counting k-mers 100%
Clustering 100%
Sorting clusters 100%
Writing clusters 100%
Clusters: 6 Size min 1, max 3, avg 1.3
Singletons: 5, 62.5% of seqs, 83.3% of clusters
Multiple alignments 100%
vsearch v2.30.0_linux_x86_64, 94.1GB RAM, 24 cores
https://github.com/torognes/vsearch

Reading file results/clustering/cdr/pellet_VH_R3/cdr3_clusters/298fcd95-6404-4344-a942-930366ef0348-IGH.fasta 100%
510 nt in 13 seqs, min 33, max 51, avg 39
Masking 100%
Sorting by length 100%
Counting k-mers 100%
Clustering 100%
Sorting clusters 100%
Writing clusters 100%
Clusters: 13 Size min 1, max 1, avg 1.0
Singletons: 13, 100.0% of seqs, 100.0% of clusters
Multiple alignments 100%
vsearch v2.30.0_linux_x86_64, 94.1GB RAM, 24 cores
https://github.com/torognes/vsearch

Reading file results/clustering/cdr/pellet_VH_R3/cdr3_clusters/02c74df8-fae2-440a-a4e9-c6132bef9da6-IGH.fasta 100%
309 nt in 7 seqs, min 36, max 63, avg 44
Masking 100%
Sorting by length 100%
Counting k-mers 100%
Clustering 100%
Sorting clusters 100%
Writing clusters 100%
Clusters: 6 Size min 1, max 2, avg 1.2
Singletons: 5, 71.4% of seqs, 83.3% of clusters
Multiple alignments 100%
vsearch v2.30.0_linux_x86_64, 94.1GB RAM, 24 cores
https://github.com/torognes/vsearch

Reading file results/clustering/cdr/pellet_VH_R3/cdr3_clusters/8435e29a-a1b9-4c7e-9fa5-171f9f72475b-IGH.fasta 100%
678 nt in 20 seqs, min 18, max 39, avg 34
Masking 100%
Sorting by length 100%
Counting k-mers 100%
Clustering 100%
Sorting clusters 100%
Writing clusters 100%
Clusters: 19 Size min 1, max 2, avg 1.1
Singletons: 18, 90.0% of seqs, 94.7% of clusters
Multiple alignments 100%
vsearch v2.30.0_linux_x86_64, 94.1GB RAM, 24 cores
https://github.com/torognes/vsearch

Reading file results/clustering/cdr/pellet_VH_R3/cdr3_clusters/e843336e-d143-40e8-9340-3011e78cd4ce-IGH.fasta 100%
6132 nt in 145 seqs, min 18, max 57, avg 42
minseqlength 6: 1 sequence discarded.
Masking 100%
Sorting by length 100%
Counting k-mers 100%
Clustering 100%
Sorting clusters 100%
Writing clusters 100%
Clusters: 127 Size min 1, max 4, avg 1.1
Singletons: 114, 78.6% of seqs, 89.8% of clusters
Multiple alignments 100%
vsearch v2.30.0_linux_x86_64, 94.1GB RAM, 24 cores
https://github.com/torognes/vsearch

Reading file results/clustering/cdr/pellet_VH_R3/cdr3_clusters/9b439113-7ad7-478d-bac5-c4bfeb77309f-IGH.fasta 100%
384 nt in 12 seqs, min 30, max 36, avg 32
Masking 100%
Sorting by length 100%
Counting k-mers 100%
Clustering 100%
Sorting clusters 100%
Writing clusters 100%
Clusters: 10 Size min 1, max 3, avg 1.2
Singletons: 9, 75.0% of seqs, 90.0% of clusters
Multiple alignments 100%
vsearch v2.30.0_linux_x86_64, 94.1GB RAM, 24 cores
https://github.com/torognes/vsearch

Reading file results/clustering/cdr/pellet_VH_R3/cdr3_clusters/88c56a2c-05be-44b4-b991-71f87e82b2fa-IGH.fasta 100%
2955 nt in 70 seqs, min 24, max 57, avg 42
Masking 100%
Sorting by length 100%
Counting k-mers 100%
Clustering 100%
Sorting clusters 100%
Writing clusters 100%
Clusters: 67 Size min 1, max 2, avg 1.0
Singletons: 64, 91.4% of seqs, 95.5% of clusters
Multiple alignments 100%
vsearch v2.30.0_linux_x86_64, 94.1GB RAM, 24 cores
https://github.com/torognes/vsearch

Reading file results/clustering/cdr/pellet_VH_R3/cdr3_clusters/6712e2b9-2151-4844-8597-349a963d63b3-IGH.fasta 100%
686 nt in 16 seqs, min 24, max 51, avg 43
Masking 100%
Sorting by length 100%
Counting k-mers 100%
Clustering 100%
Sorting clusters 100%
Writing clusters 100%
Clusters: 8 Size min 1, max 9, avg 2.0
Singletons: 7, 43.8% of seqs, 87.5% of clusters
Multiple alignments 100%
vsearch v2.30.0_linux_x86_64, 94.1GB RAM, 24 cores
https://github.com/torognes/vsearch

Reading file results/clustering/cdr/pellet_VH_R3/cdr3_clusters/538e289e-4271-474e-9bdf-b95364a1fb3b-IGH.fasta 100%
1542 nt in 34 seqs, min 21, max 51, avg 45
Masking 100%
Sorting by length 100%
Counting k-mers 100%
Clustering 100%
Sorting clusters 100%
Writing clusters 100%
Clusters: 30 Size min 1, max 3, avg 1.1
Singletons: 27, 79.4% of seqs, 90.0% of clusters
Multiple alignments 100%
vsearch v2.30.0_linux_x86_64, 94.1GB RAM, 24 cores
https://github.com/torognes/vsearch

Reading file results/clustering/cdr/pellet_VH_R3/cdr3_clusters/c04ae02a-9b89-4e51-849a-34a2123544cd-IGH.fasta 100%
234 nt in 9 seqs, min 21, max 36, avg 26
minseqlength 6: 1 sequence discarded.
Masking 100%
Sorting by length 100%
Counting k-mers 100%
Clustering 100%
Sorting clusters 100%
Writing clusters 100%
Clusters: 9 Size min 1, max 1, avg 1.0
Singletons: 9, 100.0% of seqs, 100.0% of clusters
Multiple alignments 100%
vsearch v2.30.0_linux_x86_64, 94.1GB RAM, 24 cores
https://github.com/torognes/vsearch

Reading file results/clustering/cdr/pellet_VH_R3/cdr3_clusters/1ac31d65-4d79-47f9-ad99-11560e930316-IGH.fasta 100%
570 nt in 12 seqs, min 39, max 54, avg 48
Masking 100%
Sorting by length 100%
Counting k-mers 100%
Clustering 100%
Sorting clusters 100%
Writing clusters 100%
Clusters: 12 Size min 1, max 1, avg 1.0
Singletons: 12, 100.0% of seqs, 100.0% of clusters
Multiple alignments 100%
vsearch v2.30.0_linux_x86_64, 94.1GB RAM, 24 cores
https://github.com/torognes/vsearch

Reading file results/clustering/cdr/pellet_VH_R3/cdr3_clusters/1ea9816b-d189-42d2-bf10-2fa468cd168c-IGH.fasta 100%
267 nt in 6 seqs, min 42, max 48, avg 44
Masking 100%
Sorting by length 100%
Counting k-mers 100%
Clustering 100%
Sorting clusters 100%
Writing clusters 100%
Clusters: 5 Size min 1, max 2, avg 1.2
Singletons: 4, 66.7% of seqs, 80.0% of clusters
Multiple alignments 100%
vsearch v2.30.0_linux_x86_64, 94.1GB RAM, 24 cores
https://github.com/torognes/vsearch

Reading file results/clustering/cdr/pellet_VH_R3/cdr3_clusters/0b46db9d-83a2-49be-a15b-d29bd1196282-IGH.fasta 100%
213 nt in 5 seqs, min 33, max 51, avg 43
minseqlength 6: 1 sequence discarded.
Masking 100%
Sorting by length 100%
Counting k-mers 100%
Clustering 100%
Sorting clusters 100%
Writing clusters 100%
Clusters: 5 Size min 1, max 1, avg 1.0
Singletons: 5, 100.0% of seqs, 100.0% of clusters
Multiple alignments 100%
vsearch v2.30.0_linux_x86_64, 94.1GB RAM, 24 cores
https://github.com/torognes/vsearch

Reading file results/clustering/cdr/pellet_VH_R3/cdr3_clusters/53e84263-1ea6-49f4-96ce-e33e7e7b9cbc-IGH.fasta 100%
1212 nt in 30 seqs, min 27, max 54, avg 40
Masking 100%
Sorting by length 100%
Counting k-mers 100%
Clustering 100%
Sorting clusters 100%
Writing clusters 100%
Clusters: 30 Size min 1, max 1, avg 1.0
Singletons: 30, 100.0% of seqs, 100.0% of clusters
Multiple alignments 100%
vsearch v2.30.0_linux_x86_64, 94.1GB RAM, 24 cores
https://github.com/torognes/vsearch

Reading file results/clustering/cdr/pellet_VH_R3/cdr3_clusters/6c0dea6d-b540-4db7-9b44-a26318fcb81b-IGH.fasta 100%
330 nt in 13 seqs, min 18, max 33, avg 25
minseqlength 6: 2 sequences discarded.
Masking 100%
Sorting by length 100%
Counting k-mers 100%
Clustering 100%
Sorting clusters 100%
Writing clusters 100%
Clusters: 13 Size min 1, max 1, avg 1.0
Singletons: 13, 100.0% of seqs, 100.0% of clusters
Multiple alignments 100%
vsearch v2.30.0_linux_x86_64, 94.1GB RAM, 24 cores
https://github.com/torognes/vsearch

Reading file results/clustering/cdr/pellet_VH_R3/cdr3_clusters/cd72ccf7-0ab5-4958-9399-26a7a795a128-IGH.fasta 100%
341 nt in 19 seqs, min 17, max 18, avg 18
Masking 100%
Sorting by length 100%
Counting k-mers 100%
Clustering 100%
Sorting clusters 100%
Writing clusters 100%
Clusters: 6 Size min 1, max 11, avg 3.2
Singletons: 4, 21.1% of seqs, 66.7% of clusters
Multiple alignments 100%
vsearch v2.30.0_linux_x86_64, 94.1GB RAM, 24 cores
https://github.com/torognes/vsearch

Reading file results/clustering/cdr/pellet_VH_R3/cdr3_clusters/888772d2-751c-42ea-8dce-312eeea7346a-IGH.fasta 100%
882 nt in 23 seqs, min 27, max 48, avg 38
Masking 100%
Sorting by length 100%
Counting k-mers 100%
Clustering 100%
Sorting clusters 100%
Writing clusters 100%
Clusters: 22 Size min 1, max 2, avg 1.0
Singletons: 21, 91.3% of seqs, 95.5% of clusters
Multiple alignments 100%
vsearch v2.30.0_linux_x86_64, 94.1GB RAM, 24 cores
https://github.com/torognes/vsearch

Reading file results/clustering/cdr/pellet_VH_R3/cdr3_clusters/6f630f4b-f546-4dfc-b6a3-984ffc76c2cb-IGH.fasta 100%
5171 nt in 121 seqs, min 21, max 54, avg 43
Masking 100%
Sorting by length 100%
Counting k-mers 100%
Clustering 100%
Sorting clusters 100%
Writing clusters 100%
Clusters: 113 Size min 1, max 4, avg 1.1
Singletons: 107, 88.4% of seqs, 94.7% of clusters
Multiple alignments 100%
vsearch v2.30.0_linux_x86_64, 94.1GB RAM, 24 cores
https://github.com/torognes/vsearch

Reading file results/clustering/cdr/pellet_VH_R3/cdr3_clusters/392ec503-d494-4cde-aafe-8923598ff710-IGH.fasta 100%
168 nt in 6 seqs, min 12, max 33, avg 28
Masking 100%
Sorting by length 100%
Counting k-mers 100%
Clustering 100%
Sorting clusters 100%
Writing clusters 100%
Clusters: 6 Size min 1, max 1, avg 1.0
Singletons: 6, 100.0% of seqs, 100.0% of clusters
Multiple alignments 100%
vsearch v2.30.0_linux_x86_64, 94.1GB RAM, 24 cores
https://github.com/torognes/vsearch

Reading file results/clustering/cdr/pellet_VH_R3/cdr3_clusters/354a066d-c591-46ff-9ee3-b2394de1f55a-IGH.fasta 100%
858 nt in 25 seqs, min 30, max 36, avg 34
Masking 100%
Sorting by length 100%
Counting k-mers 100%
Clustering 100%
Sorting clusters 100%
Writing clusters 100%
Clusters: 18 Size min 1, max 4, avg 1.4
Singletons: 15, 60.0% of seqs, 83.3% of clusters
Multiple alignments 100%
vsearch v2.30.0_linux_x86_64, 94.1GB RAM, 24 cores
https://github.com/torognes/vsearch

Reading file results/clustering/cdr/pellet_VH_R3/cdr3_clusters/21840058-0240-4924-991f-04a966eaf882-IGH.fasta 100%
297 nt in 10 seqs, min 18, max 39, avg 30
Masking 100%
Sorting by length 100%
Counting k-mers 100%
Clustering 100%
Sorting clusters 100%
Writing clusters 100%
Clusters: 8 Size min 1, max 2, avg 1.2
Singletons: 6, 60.0% of seqs, 75.0% of clusters
Multiple alignments 100%
vsearch v2.30.0_linux_x86_64, 94.1GB RAM, 24 cores
https://github.com/torognes/vsearch

Reading file results/clustering/cdr/pellet_VH_R3/cdr3_clusters/17c36372-e9db-4928-820c-04421002219b-IGH.fasta 100%
7292 nt in 199 seqs, min 15, max 48, avg 37
Masking 100%
Sorting by length 100%
Counting k-mers 100%
Clustering 100%
Sorting clusters 100%
Writing clusters 100%
Clusters: 175 Size min 1, max 5, avg 1.1
Singletons: 156, 78.4% of seqs, 89.1% of clusters
Multiple alignments 100%
vsearch v2.30.0_linux_x86_64, 94.1GB RAM, 24 cores
https://github.com/torognes/vsearch

Reading file results/clustering/cdr/pellet_VH_R3/cdr3_clusters/2a1b4e81-a407-4357-b2d2-86ed8c5ade6c-IGH.fasta 100%
1272 nt in 27 seqs, min 27, max 54, avg 47
Masking 100%
Sorting by length 100%
Counting k-mers 100%
Clustering 100%
Sorting clusters 100%
Writing clusters 100%
Clusters: 26 Size min 1, max 2, avg 1.0
Singletons: 25, 92.6% of seqs, 96.2% of clusters
Multiple alignments 100%
vsearch v2.30.0_linux_x86_64, 94.1GB RAM, 24 cores
https://github.com/torognes/vsearch

Reading file results/clustering/cdr/pellet_VH_R3/cdr3_clusters/cebe228d-1182-42e3-a03a-7de728cc3ab8-IGH.fasta 100%
267 nt in 6 seqs, min 33, max 51, avg 44
Masking 100%
Sorting by length 100%
Counting k-mers 100%
Clustering 100%
Sorting clusters 100%
Writing clusters 100%
Clusters: 6 Size min 1, max 1, avg 1.0
Singletons: 6, 100.0% of seqs, 100.0% of clusters
Multiple alignments 100%
vsearch v2.30.0_linux_x86_64, 94.1GB RAM, 24 cores
https://github.com/torognes/vsearch

Reading file results/clustering/cdr/pellet_VH_R3/cdr3_clusters/17723b3c-ec3e-4919-adfb-203c4f015c68-IGH.fasta 100%
950 nt in 24 seqs, min 24, max 59, avg 40
Masking 100%
Sorting by length 100%
Counting k-mers 100%
Clustering 100%
Sorting clusters 100%
Writing clusters 100%
Clusters: 24 Size min 1, max 1, avg 1.0
Singletons: 24, 100.0% of seqs, 100.0% of clusters
Multiple alignments 100%
vsearch v2.30.0_linux_x86_64, 94.1GB RAM, 24 cores
https://github.com/torognes/vsearch

Reading file results/clustering/cdr/pellet_VH_R3/cdr3_clusters/426a9dd2-5688-4c8a-a25e-788980ff1211-IGH.fasta 100%
1803 nt in 41 seqs, min 24, max 54, avg 44
Masking 100%
Sorting by length 100%
Counting k-mers 100%
Clustering 100%
Sorting clusters 100%
Writing clusters 100%
Clusters: 40 Size min 1, max 2, avg 1.0
Singletons: 39, 95.1% of seqs, 97.5% of clusters
Multiple alignments 100%
vsearch v2.30.0_linux_x86_64, 94.1GB RAM, 24 cores
https://github.com/torognes/vsearch

Reading file results/clustering/cdr/pellet_VH_R3/cdr3_clusters/1e6d5180-f046-4ce1-8587-0292723ff3eb-IGH.fasta 100%
276 nt in 8 seqs, min 27, max 42, avg 34
Masking 100%
Sorting by length 100%
Counting k-mers 100%
Clustering 100%
Sorting clusters 100%
Writing clusters 100%
Clusters: 8 Size min 1, max 1, avg 1.0
Singletons: 8, 100.0% of seqs, 100.0% of clusters
Multiple alignments 100%
vsearch v2.30.0_linux_x86_64, 94.1GB RAM, 24 cores
https://github.com/torognes/vsearch

Reading file results/clustering/cdr/pellet_VH_R3/cdr3_clusters/4743aab0-1716-4c0b-be9f-f8b174940346-IGH.fasta 100%
2760 nt in 80 seqs, min 21, max 45, avg 34
minseqlength 6: 2 sequences discarded.
Masking 100%
Sorting by length 100%
Counting k-mers 100%
Clustering 100%
Sorting clusters 100%
Writing clusters 100%
Clusters: 76 Size min 1, max 2, avg 1.1
Singletons: 72, 90.0% of seqs, 94.7% of clusters
Multiple alignments 100%
vsearch v2.30.0_linux_x86_64, 94.1GB RAM, 24 cores
https://github.com/torognes/vsearch

Reading file results/clustering/cdr/pellet_VH_R3/cdr3_clusters/933073e5-bad9-477a-8d2a-25e7c5193270-IGH.fasta 100%
288 nt in 8 seqs, min 33, max 45, avg 36
Masking 100%
Sorting by length 100%
Counting k-mers 100%
Clustering 100%
Sorting clusters 100%
Writing clusters 100%
Clusters: 6 Size min 1, max 3, avg 1.3
Singletons: 5, 62.5% of seqs, 83.3% of clusters
Multiple alignments 100%
vsearch v2.30.0_linux_x86_64, 94.1GB RAM, 24 cores
https://github.com/torognes/vsearch

Reading file results/clustering/cdr/pellet_VH_R3/cdr3_clusters/800b06b6-89d3-4c2e-b49b-bc5c95fcefdc-IGH.fasta 100%
147 nt in 5 seqs, min 18, max 33, avg 29
Masking 100%
Sorting by length 100%
Counting k-mers 100%
Clustering 100%
Sorting clusters 100%
Writing clusters 100%
Clusters: 3 Size min 1, max 3, avg 1.7
Singletons: 2, 40.0% of seqs, 66.7% of clusters
Multiple alignments 100%
vsearch v2.30.0_linux_x86_64, 94.1GB RAM, 24 cores
https://github.com/torognes/vsearch

Reading file results/clustering/cdr/pellet_VH_R3/cdr3_clusters/5ea0705d-6144-4022-a0f1-430908b69bc7-IGH.fasta 100%
405 nt in 9 seqs, min 39, max 51, avg 45
Masking 100%
Sorting by length 100%
Counting k-mers 100%
Clustering 100%
Sorting clusters 100%
Writing clusters 100%
Clusters: 9 Size min 1, max 1, avg 1.0
Singletons: 9, 100.0% of seqs, 100.0% of clusters
Multiple alignments 100%
vsearch v2.30.0_linux_x86_64, 94.1GB RAM, 24 cores
https://github.com/torognes/vsearch

Reading file results/clustering/cdr/pellet_VH_R3/cdr3_clusters/335a3145-8aa0-4a4f-9aab-07d74e4febec-IGH.fasta 100%
1224 nt in 25 seqs, min 36, max 57, avg 49
Masking 100%
Sorting by length 100%
Counting k-mers 100%
Clustering 100%
Sorting clusters 100%
Writing clusters 100%
Clusters: 23 Size min 1, max 2, avg 1.1
Singletons: 21, 84.0% of seqs, 91.3% of clusters
Multiple alignments 100%
vsearch v2.30.0_linux_x86_64, 94.1GB RAM, 24 cores
https://github.com/torognes/vsearch

Reading file results/clustering/cdr/pellet_VH_R3/cdr3_clusters/08116cc9-a1c4-4b79-9d48-3516eb92f3b5-IGH.fasta 100%
562034 nt in 14188 seqs, min 7, max 67, avg 40
minseqlength 6: 8 sequences discarded.
Masking 100%
Sorting by length 100%
Counting k-mers 100%
Clustering 100%
Sorting clusters 100%
Writing clusters 100%
Clusters: 8284 Size min 1, max 207, avg 1.7
Singletons: 6421, 45.3% of seqs, 77.5% of clusters
Multiple alignments 100%
vsearch v2.30.0_linux_x86_64, 94.1GB RAM, 24 cores
https://github.com/torognes/vsearch

Reading file results/clustering/cdr/pellet_VH_R3/cdr3_clusters/5496f990-e8a0-465e-85ac-7716a8d21ec3-IGH.fasta 100%
354 nt in 15 seqs, min 18, max 24, avg 24
Masking 100%
Sorting by length 100%
Counting k-mers 100%
Clustering 100%
Sorting clusters 100%
Writing clusters 100%
Clusters: 7 Size min 1, max 9, avg 2.1
Singletons: 6, 40.0% of seqs, 85.7% of clusters
Multiple alignments 100%
vsearch v2.30.0_linux_x86_64, 94.1GB RAM, 24 cores
https://github.com/torognes/vsearch

Reading file results/clustering/cdr/pellet_VH_R3/cdr3_clusters/8a842c8d-24d1-4048-b4ef-a92e49587e11-IGH.fasta 100%
2422 nt in 65 seqs, min 18, max 48, avg 37
Masking 100%
Sorting by length 100%
Counting k-mers 100%
Clustering 100%
Sorting clusters 100%
Writing clusters 100%
Clusters: 61 Size min 1, max 2, avg 1.1
Singletons: 57, 87.7% of seqs, 93.4% of clusters
Multiple alignments 100%
vsearch v2.30.0_linux_x86_64, 94.1GB RAM, 24 cores
https://github.com/torognes/vsearch

Reading file results/clustering/cdr/pellet_VH_R3/cdr3_clusters/75ae39c3-369d-4e35-8fb1-3b04ef8f3420-IGH.fasta 100%
3641 nt in 83 seqs, min 30, max 51, avg 44
Masking 100%
Sorting by length 100%
Counting k-mers 100%
Clustering 100%
Sorting clusters 100%
Writing clusters 100%
Clusters: 75 Size min 1, max 3, avg 1.1
Singletons: 68, 81.9% of seqs, 90.7% of clusters
Multiple alignments 100%
vsearch v2.30.0_linux_x86_64, 94.1GB RAM, 24 cores
https://github.com/torognes/vsearch

Reading file results/clustering/cdr/pellet_VH_R3/cdr3_clusters/92429a25-f0c1-4fac-88ad-2e845d115d8a-IGH.fasta 100%
1734 nt in 43 seqs, min 24, max 51, avg 40
Masking 100%
Sorting by length 100%
Counting k-mers 100%
Clustering 100%
Sorting clusters 100%
Writing clusters 100%
Clusters: 39 Size min 1, max 4, avg 1.1
Singletons: 37, 86.0% of seqs, 94.9% of clusters
Multiple alignments 100%
vsearch v2.30.0_linux_x86_64, 94.1GB RAM, 24 cores
https://github.com/torognes/vsearch

Reading file results/clustering/cdr/pellet_VH_R3/cdr3_clusters/836c2afe-02f2-4c50-a309-15d505e1cc95-IGH.fasta 100%
864 nt in 16 seqs, min 54, max 54, avg 54
minseqlength 6: 1 sequence discarded.
Masking 100%
Sorting by length 100%
Counting k-mers 100%
Clustering 100%
Sorting clusters 100%
Writing clusters 100%
Clusters: 1 Size min 16, max 16, avg 16.0
Singletons: 0, 0.0% of seqs, 0.0% of clusters
Multiple alignments 100%
vsearch v2.30.0_linux_x86_64, 94.1GB RAM, 24 cores
https://github.com/torognes/vsearch

Reading file results/clustering/cdr/pellet_VH_R3/cdr3_clusters/5fb4ebf0-9f7b-411c-bb5b-86dcaa87d1c3-IGH.fasta 100%
168 nt in 8 seqs, min 21, max 21, avg 21
Masking 100%
Sorting by length 100%
Counting k-mers 100%
Clustering 100%
Sorting clusters 100%
Writing clusters 100%
Clusters: 3 Size min 1, max 6, avg 2.7
Singletons: 2, 25.0% of seqs, 66.7% of clusters
Multiple alignments 100%
vsearch v2.30.0_linux_x86_64, 94.1GB RAM, 24 cores
https://github.com/torognes/vsearch

Reading file results/clustering/cdr/pellet_VH_R3/cdr3_clusters/ed06aed0-f629-442a-bc28-6ee17fef0c5e-IGH.fasta 100%
2253 nt in 53 seqs, min 30, max 54, avg 43
Masking 100%
Sorting by length 100%
Counting k-mers 100%
Clustering 100%
Sorting clusters 100%
Writing clusters 100%
Clusters: 49 Size min 1, max 2, avg 1.1
Singletons: 45, 84.9% of seqs, 91.8% of clusters
Multiple alignments 100%
vsearch v2.30.0_linux_x86_64, 94.1GB RAM, 24 cores
https://github.com/torognes/vsearch

Reading file results/clustering/cdr/pellet_VH_R3/cdr3_clusters/5915d511-ac85-4225-bc45-d23ff95a5861-IGH.fasta 100%
419 nt in 10 seqs, min 30, max 54, avg 42
Masking 100%
Sorting by length 100%
Counting k-mers 100%
Clustering 100%
Sorting clusters 100%
Writing clusters 100%
Clusters: 9 Size min 1, max 2, avg 1.1
Singletons: 8, 80.0% of seqs, 88.9% of clusters
Multiple alignments 100%
vsearch v2.30.0_linux_x86_64, 94.1GB RAM, 24 cores
https://github.com/torognes/vsearch

Reading file results/clustering/cdr/pellet_VH_R3/cdr3_clusters/39459ce5-fec8-490b-ba8d-d70638a1f7ae-IGH.fasta 100%
672 nt in 15 seqs, min 30, max 54, avg 45
Masking 100%
Sorting by length 100%
Counting k-mers 100%
Clustering 100%
Sorting clusters 100%
Writing clusters 100%
Clusters: 15 Size min 1, max 1, avg 1.0
Singletons: 15, 100.0% of seqs, 100.0% of clusters
Multiple alignments 100%
vsearch v2.30.0_linux_x86_64, 94.1GB RAM, 24 cores
https://github.com/torognes/vsearch

Reading file results/clustering/cdr/pellet_VH_R3/cdr3_clusters/565573c1-6d6a-441e-9d67-a46a05aa649b-IGH.fasta 100%
177 nt in 5 seqs, min 21, max 45, avg 35
Masking 100%
Sorting by length 100%
Counting k-mers 100%
Clustering 100%
Sorting clusters 100%
Writing clusters 100%
Clusters: 3 Size min 1, max 2, avg 1.7
Singletons: 1, 20.0% of seqs, 33.3% of clusters
Multiple alignments 100%
vsearch v2.30.0_linux_x86_64, 94.1GB RAM, 24 cores
https://github.com/torognes/vsearch

Reading file results/clustering/cdr/pellet_VH_R3/cdr3_clusters/c56e4d85-4ff1-45e4-b7fb-7b8fb124ab6e-IGH.fasta 100%
258 nt in 8 seqs, min 18, max 45, avg 32
Masking 100%
Sorting by length 100%
Counting k-mers 100%
Clustering 100%
Sorting clusters 100%
Writing clusters 100%
Clusters: 8 Size min 1, max 1, avg 1.0
Singletons: 8, 100.0% of seqs, 100.0% of clusters
Multiple alignments 100%
vsearch v2.30.0_linux_x86_64, 94.1GB RAM, 24 cores
https://github.com/torognes/vsearch

Reading file results/clustering/cdr/pellet_VH_R3/cdr3_clusters/31e1c0b0-545b-46f9-a8b2-4f94faad309c-IGH.fasta 100%
1725 nt in 51 seqs, min 18, max 45, avg 34
Masking 100%
Sorting by length 100%
Counting k-mers 100%
Clustering 100%
Sorting clusters 100%
Writing clusters 100%
Clusters: 45 Size min 1, max 3, avg 1.1
Singletons: 40, 78.4% of seqs, 88.9% of clusters
Multiple alignments 100%
vsearch v2.30.0_linux_x86_64, 94.1GB RAM, 24 cores
https://github.com/torognes/vsearch

Reading file results/clustering/cdr/pellet_VH_R3/cdr3_clusters/a67aaf14-533d-49da-95bc-1609adc7446b-IGH.fasta 100%
348 nt in 9 seqs, min 30, max 45, avg 39
Masking 100%
Sorting by length 100%
Counting k-mers 100%
Clustering 100%
Sorting clusters 100%
Writing clusters 100%
Clusters: 9 Size min 1, max 1, avg 1.0
Singletons: 9, 100.0% of seqs, 100.0% of clusters
Multiple alignments 100%
vsearch v2.30.0_linux_x86_64, 94.1GB RAM, 24 cores
https://github.com/torognes/vsearch

Reading file results/clustering/cdr/pellet_VH_R3/cdr3_clusters/7eaea573-eeee-4f8d-a0f5-a0c0b9e4d184-IGH.fasta 100%
1057 nt in 29 seqs, min 18, max 48, avg 36
Masking 100%
Sorting by length 100%
Counting k-mers 100%
Clustering 100%
Sorting clusters 100%
Writing clusters 100%
Clusters: 28 Size min 1, max 2, avg 1.0
Singletons: 27, 93.1% of seqs, 96.4% of clusters
Multiple alignments 100%
vsearch v2.30.0_linux_x86_64, 94.1GB RAM, 24 cores
https://github.com/torognes/vsearch

Reading file results/clustering/cdr/pellet_VH_R3/cdr3_clusters/707e3436-127b-47a7-8e65-131e782a5e03-IGH.fasta 100%
3595 nt in 89 seqs, min 18, max 51, avg 40
Masking 100%
Sorting by length 100%
Counting k-mers 100%
Clustering 100%
Sorting clusters 100%
Writing clusters 100%
Clusters: 87 Size min 1, max 2, avg 1.0
Singletons: 85, 95.5% of seqs, 97.7% of clusters
Multiple alignments 100%
vsearch v2.30.0_linux_x86_64, 94.1GB RAM, 24 cores
https://github.com/torognes/vsearch

Reading file results/clustering/cdr/pellet_VH_R3/cdr3_clusters/295e2df9-a9d9-4d15-8689-02092b2b0d8e-IGH.fasta 100%
165 nt in 5 seqs, min 30, max 36, avg 33
Masking 100%
Sorting by length 100%
Counting k-mers 100%
Clustering 100%
Sorting clusters 100%
Writing clusters 100%
Clusters: 4 Size min 1, max 2, avg 1.2
Singletons: 3, 60.0% of seqs, 75.0% of clusters
Multiple alignments 100%
vsearch v2.30.0_linux_x86_64, 94.1GB RAM, 24 cores
https://github.com/torognes/vsearch

Reading file results/clustering/cdr/pellet_VH_R3/cdr3_clusters/75ee0f9f-f21b-48cb-802a-6b3ff2bf79ab-IGH.fasta 100%
318 nt in 9 seqs, min 33, max 36, avg 35
Masking 100%
Sorting by length 100%
Counting k-mers 100%
Clustering 100%
Sorting clusters 100%
Writing clusters 100%
Clusters: 4 Size min 1, max 6, avg 2.2
Singletons: 3, 33.3% of seqs, 75.0% of clusters
Multiple alignments 100%
vsearch v2.30.0_linux_x86_64, 94.1GB RAM, 24 cores
https://github.com/torognes/vsearch

Reading file results/clustering/cdr/pellet_VH_R3/cdr3_clusters/93f57263-93f1-4d21-9222-bc503f9181df-IGH.fasta 100%
216 nt in 5 seqs, min 36, max 48, avg 43
Masking 100%
Sorting by length 100%
Counting k-mers 100%
Clustering 100%
Sorting clusters 100%
Writing clusters 100%
Clusters: 5 Size min 1, max 1, avg 1.0
Singletons: 5, 100.0% of seqs, 100.0% of clusters
Multiple alignments 100%
vsearch v2.30.0_linux_x86_64, 94.1GB RAM, 24 cores
https://github.com/torognes/vsearch

Reading file results/clustering/cdr/pellet_VH_R3/cdr3_clusters/a426f1b7-e8dc-4b53-8d92-3f9c356d5732-IGH.fasta 100%
651 nt in 20 seqs, min 18, max 42, avg 33
Masking 100%
Sorting by length 100%
Counting k-mers 100%
Clustering 100%
Sorting clusters 100%
Writing clusters 100%
Clusters: 20 Size min 1, max 1, avg 1.0
Singletons: 20, 100.0% of seqs, 100.0% of clusters
Multiple alignments 100%
vsearch v2.30.0_linux_x86_64, 94.1GB RAM, 24 cores
https://github.com/torognes/vsearch

Reading file results/clustering/cdr/pellet_VH_R3/cdr3_clusters/348782ef-cb2d-4266-8f22-3841aae54799-IGH.fasta 100%
312 nt in 6 seqs, min 48, max 54, avg 52
Masking 100%
Sorting by length 100%
Counting k-mers 100%
Clustering 100%
Sorting clusters 100%
Writing clusters 100%
Clusters: 5 Size min 1, max 2, avg 1.2
Singletons: 4, 66.7% of seqs, 80.0% of clusters
Multiple alignments 100%
vsearch v2.30.0_linux_x86_64, 94.1GB RAM, 24 cores
https://github.com/torognes/vsearch

Reading file results/clustering/cdr/pellet_VH_R3/cdr3_clusters/7052265c-8211-4dec-95c8-f30e80a0f61b-IGH.fasta 100%
1338 nt in 35 seqs, min 15, max 42, avg 38
Masking 100%
Sorting by length 100%
Counting k-mers 100%
Clustering 100%
Sorting clusters 100%
Writing clusters 100%
Clusters: 25 Size min 1, max 8, avg 1.4
Singletons: 22, 62.9% of seqs, 88.0% of clusters
Multiple alignments 100%
vsearch v2.30.0_linux_x86_64, 94.1GB RAM, 24 cores
https://github.com/torognes/vsearch

Reading file results/clustering/cdr/pellet_VH_R3/cdr3_clusters/e9b7a16b-675c-403e-a18e-d0f732041db8-IGH.fasta 100%
309 nt in 8 seqs, min 36, max 45, avg 39
Masking 100%
Sorting by length 100%
Counting k-mers 100%
Clustering 100%
Sorting clusters 100%
Writing clusters 100%
Clusters: 7 Size min 1, max 2, avg 1.1
Singletons: 6, 75.0% of seqs, 85.7% of clusters
Multiple alignments 100%
vsearch v2.30.0_linux_x86_64, 94.1GB RAM, 24 cores
https://github.com/torognes/vsearch

Reading file results/clustering/cdr/pellet_VH_R3/cdr3_clusters/155bb87c-be91-450c-9775-87ecdcea5da1-IGH.fasta 100%
1407 nt in 32 seqs, min 30, max 54, avg 44
Masking 100%
Sorting by length 100%
Counting k-mers 100%
Clustering 100%
Sorting clusters 100%
Writing clusters 100%
Clusters: 29 Size min 1, max 2, avg 1.1
Singletons: 26, 81.2% of seqs, 89.7% of clusters
Multiple alignments 100%
vsearch v2.30.0_linux_x86_64, 94.1GB RAM, 24 cores
https://github.com/torognes/vsearch

Reading file results/clustering/cdr/pellet_VH_R3/cdr3_clusters/af08be62-d8b4-4bdb-b11f-cce97f62b8a1-IGH.fasta 100%
234 nt in 6 seqs, min 36, max 42, avg 39
Masking 100%
Sorting by length 100%
Counting k-mers 100%
Clustering 100%
Sorting clusters 100%
Writing clusters 100%
Clusters: 5 Size min 1, max 2, avg 1.2
Singletons: 4, 66.7% of seqs, 80.0% of clusters
Multiple alignments 100%
vsearch v2.30.0_linux_x86_64, 94.1GB RAM, 24 cores
https://github.com/torognes/vsearch

Reading file results/clustering/cdr/pellet_VH_R3/cdr3_clusters/531b3b78-bec9-4633-88a8-375727c3fcef-IGH.fasta 100%
2247 nt in 57 seqs, min 18, max 51, avg 39
Masking 100%
Sorting by length 100%
Counting k-mers 100%
Clustering 100%
Sorting clusters 100%
Writing clusters 100%
Clusters: 47 Size min 1, max 6, avg 1.2
Singletons: 43, 75.4% of seqs, 91.5% of clusters
Multiple alignments 100%
vsearch v2.30.0_linux_x86_64, 94.1GB RAM, 24 cores
https://github.com/torognes/vsearch

Reading file results/clustering/cdr/pellet_VH_R3/cdr3_clusters/0ab42c39-453e-4fb5-bd40-c1dc442dbf3f-IGH.fasta 100%
5182 nt in 145 seqs, min 18, max 48, avg 36
minseqlength 6: 3 sequences discarded.
Masking 100%
Sorting by length 100%
Counting k-mers 100%
Clustering 100%
Sorting clusters 100%
Writing clusters 100%
Clusters: 131 Size min 1, max 4, avg 1.1
Singletons: 121, 83.4% of seqs, 92.4% of clusters
Multiple alignments 100%
vsearch v2.30.0_linux_x86_64, 94.1GB RAM, 24 cores
https://github.com/torognes/vsearch

Reading file results/clustering/cdr/pellet_VH_R3/cdr3_clusters/018fdea0-d94d-429c-8479-b460db2688c4-IGH.fasta 100%
495 nt in 14 seqs, min 33, max 36, avg 35
Masking 100%
Sorting by length 100%
Counting k-mers 100%
Clustering 100%
Sorting clusters 100%
Writing clusters 100%
Clusters: 6 Size min 1, max 9, avg 2.3
Singletons: 5, 35.7% of seqs, 83.3% of clusters
Multiple alignments 100%
vsearch v2.30.0_linux_x86_64, 94.1GB RAM, 24 cores
https://github.com/torognes/vsearch

Reading file results/clustering/cdr/pellet_VH_R3/cdr3_clusters/5b4996a2-66ea-4b2d-b825-0cf528d39476-IGH.fasta 100%
225 nt in 5 seqs, min 33, max 48, avg 45
Masking 100%
Sorting by length 100%
Counting k-mers 100%
Clustering 100%
Sorting clusters 100%
Writing clusters 100%
Clusters: 2 Size min 1, max 4, avg 2.5
Singletons: 1, 20.0% of seqs, 50.0% of clusters
Multiple alignments 100%
vsearch v2.30.0_linux_x86_64, 94.1GB RAM, 24 cores
https://github.com/torognes/vsearch

Reading file results/clustering/cdr/pellet_VH_R3/cdr3_clusters/fcf5b25e-2905-44c6-bd26-db8d775bf864-IGH.fasta 100%
768 nt in 23 seqs, min 18, max 48, avg 33
Masking 100%
Sorting by length 100%
Counting k-mers 100%
Clustering 100%
Sorting clusters 100%
Writing clusters 100%
Clusters: 23 Size min 1, max 1, avg 1.0
Singletons: 23, 100.0% of seqs, 100.0% of clusters
Multiple alignments 100%
vsearch v2.30.0_linux_x86_64, 94.1GB RAM, 24 cores
https://github.com/torognes/vsearch

Reading file results/clustering/cdr/pellet_VH_R3/cdr3_clusters/12d26dbf-615c-4d52-b8b5-a1f93875c327-IGH.fasta 100%
702 nt in 15 seqs, min 36, max 48, avg 47
Masking 100%
Sorting by length 100%
Counting k-mers 100%
Clustering 100%
Sorting clusters 100%
Writing clusters 100%
Clusters: 6 Size min 1, max 7, avg 2.5
Singletons: 4, 26.7% of seqs, 66.7% of clusters
Multiple alignments 100%
vsearch v2.30.0_linux_x86_64, 94.1GB RAM, 24 cores
https://github.com/torognes/vsearch

Reading file results/clustering/cdr/pellet_VH_R3/cdr3_clusters/987c373a-bb4f-4b86-a574-ac6d84a817ce-IGK.fasta 100%
0 nt in 0 seqs
minseqlength 6: 1558 sequences discarded.
Masking 100%
Sorting by length 100%
Counting k-mers 100%
Clustering 100%
Sorting clusters 100%
Writing clusters 100%
Clusters: 0
Singletons: 0
Multiple alignments 100%
vsearch v2.30.0_linux_x86_64, 94.1GB RAM, 24 cores
https://github.com/torognes/vsearch

Reading file results/clustering/cdr/pellet_VH_R3/cdr3_clusters/fc908ace-1777-4cd1-b58c-f7531d9b3794-IGH.fasta 100%
71 nt in 4 seqs, min 15, max 23, avg 18
minseqlength 6: 1 sequence discarded.
Masking 100%
Sorting by length 100%
Counting k-mers 100%
Clustering 100%
Sorting clusters 100%
Writing clusters 100%
Clusters: 4 Size min 1, max 1, avg 1.0
Singletons: 4, 100.0% of seqs, 100.0% of clusters
Multiple alignments 100%
vsearch v2.30.0_linux_x86_64, 94.1GB RAM, 24 cores
https://github.com/torognes/vsearch

Reading file results/clustering/cdr/pellet_VH_R3/cdr3_clusters/5081245e-34cc-4cb2-bf64-6da2d9f889cf-IGH.fasta 100%
72 nt in 5 seqs, min 12, max 15, avg 14
Masking 100%
Sorting by length 100%
Counting k-mers 100%
Clustering 100%
Sorting clusters 100%
Writing clusters 100%
Clusters: 3 Size min 1, max 3, avg 1.7
Singletons: 2, 40.0% of seqs, 66.7% of clusters
Multiple alignments 100%
vsearch v2.30.0_linux_x86_64, 94.1GB RAM, 24 cores
https://github.com/torognes/vsearch

Reading file results/clustering/cdr/pellet_VH_R3/cdr3_clusters/84ab3537-3259-4993-9a72-8ac5c0312023-IGH.fasta 100%
259 nt in 7 seqs, min 30, max 51, avg 37
Masking 100%
Sorting by length 100%
Counting k-mers 100%
Clustering 100%
Sorting clusters 100%
Writing clusters 100%
Clusters: 6 Size min 1, max 2, avg 1.2
Singletons: 5, 71.4% of seqs, 83.3% of clusters
Multiple alignments 100%
vsearch v2.30.0_linux_x86_64, 94.1GB RAM, 24 cores
https://github.com/torognes/vsearch

Reading file results/clustering/cdr/pellet_VH_R3/cdr3_clusters/3a8ac119-9c0d-4d20-b862-c9ace58962b6-IGH.fasta 100%
2553 nt in 71 seqs, min 33, max 36, avg 36
Masking 100%
Sorting by length 100%
Counting k-mers 100%
Clustering 100%
Sorting clusters 100%
Writing clusters 100%
Clusters: 10 Size min 1, max 47, avg 7.1
Singletons: 7, 9.9% of seqs, 70.0% of clusters
Multiple alignments 100%
vsearch v2.30.0_linux_x86_64, 94.1GB RAM, 24 cores
https://github.com/torognes/vsearch

Reading file results/clustering/cdr/pellet_VH_R3/cdr3_clusters/38b898af-92f3-4a35-92f0-bbb3e406d4ef-IGH.fasta 100%
1888 nt in 44 seqs, min 30, max 48, avg 43
Masking 100%
Sorting by length 100%
Counting k-mers 100%
Clustering 100%
Sorting clusters 100%
Writing clusters 100%
Clusters: 23 Size min 1, max 15, avg 1.9
Singletons: 17, 38.6% of seqs, 73.9% of clusters
Multiple alignments 100%
vsearch v2.30.0_linux_x86_64, 94.1GB RAM, 24 cores
https://github.com/torognes/vsearch

Reading file results/clustering/cdr/pellet_VH_R3/cdr3_clusters/48954644-f490-452e-96e8-fd8c0af2700d-IGH.fasta 100%
315 nt in 10 seqs, min 18, max 36, avg 32
Masking 100%
Sorting by length 100%
Counting k-mers 100%
Clustering 100%
Sorting clusters 100%
Writing clusters 100%
Clusters: 10 Size min 1, max 1, avg 1.0
Singletons: 10, 100.0% of seqs, 100.0% of clusters
Multiple alignments 100%
vsearch v2.30.0_linux_x86_64, 94.1GB RAM, 24 cores
https://github.com/torognes/vsearch

Reading file results/clustering/cdr/pellet_VH_R3/cdr3_clusters/aa0c6ed9-d728-4352-b898-3d329138cddf-IGH.fasta 100%
165 nt in 5 seqs, min 33, max 33, avg 33
Masking 100%
Sorting by length 100%
Counting k-mers 100%
Clustering 100%
Sorting clusters 100%
Writing clusters 100%
Clusters: 3 Size min 1, max 3, avg 1.7
Singletons: 2, 40.0% of seqs, 66.7% of clusters
Multiple alignments 100%
vsearch v2.30.0_linux_x86_64, 94.1GB RAM, 24 cores
https://github.com/torognes/vsearch

Reading file results/clustering/cdr/pellet_VH_R3/cdr3_clusters/6b113404-651e-40c6-bd4a-d8102ecf6964-IGH.fasta 100%
414 nt in 10 seqs, min 27, max 45, avg 41
Masking 100%
Sorting by length 100%
Counting k-mers 100%
Clustering 100%
Sorting clusters 100%
Writing clusters 100%
Clusters: 6 Size min 1, max 5, avg 1.7
Singletons: 5, 50.0% of seqs, 83.3% of clusters
Multiple alignments 100%
vsearch v2.30.0_linux_x86_64, 94.1GB RAM, 24 cores
https://github.com/torognes/vsearch

Reading file results/clustering/cdr/pellet_VH_R3/cdr3_clusters/8064648f-ccda-456c-b994-c7ce52675f9b-IGH.fasta 100%
609 nt in 12 seqs, min 33, max 126, avg 51
Masking 100%
Sorting by length 100%
Counting k-mers 100%
Clustering 100%
Sorting clusters 100%
Writing clusters 100%
Clusters: 4 Size min 1, max 9, avg 3.0
Singletons: 3, 25.0% of seqs, 75.0% of clusters
Multiple alignments 100%
vsearch v2.30.0_linux_x86_64, 94.1GB RAM, 24 cores
https://github.com/torognes/vsearch

Reading file results/clustering/cdr/pellet_VH_R3/cdr3_clusters/ce86cc93-2ebb-4057-b25a-ae3c7df936c8-IGH.fasta 100%
1434 nt in 33 seqs, min 21, max 48, avg 43
Masking 100%
Sorting by length 100%
Counting k-mers 100%
Clustering 100%
Sorting clusters 100%
Writing clusters 100%
Clusters: 17 Size min 1, max 16, avg 1.9
Singletons: 15, 45.5% of seqs, 88.2% of clusters
Multiple alignments 100%
vsearch v2.30.0_linux_x86_64, 94.1GB RAM, 24 cores
https://github.com/torognes/vsearch

Reading file results/clustering/cdr/pellet_VH_R3/cdr3_clusters/15fa09cd-445d-41d6-a848-823c5d09a94f-IGH.fasta 100%
252 nt in 7 seqs, min 33, max 39, avg 36
Masking 100%
Sorting by length 100%
Counting k-mers 100%
Clustering 100%
Sorting clusters 100%
Writing clusters 100%
Clusters: 6 Size min 1, max 2, avg 1.2
Singletons: 5, 71.4% of seqs, 83.3% of clusters
Multiple alignments 100%
vsearch v2.30.0_linux_x86_64, 94.1GB RAM, 24 cores
https://github.com/torognes/vsearch

Reading file results/clustering/cdr/pellet_VH_R3/cdr3_clusters/1bf168a2-9b94-4932-8813-fd75c37d5557-IGH.fasta 100%
1764 nt in 58 seqs, min 12, max 36, avg 30
Masking 100%
Sorting by length 100%
Counting k-mers 100%
Clustering 100%
Sorting clusters 100%
Writing clusters 100%
Clusters: 33 Size min 1, max 18, avg 1.8
Singletons: 29, 50.0% of seqs, 87.9% of clusters
Multiple alignments 100%
vsearch v2.30.0_linux_x86_64, 94.1GB RAM, 24 cores
https://github.com/torognes/vsearch

Reading file results/clustering/cdr/pellet_VH_R3/cdr3_clusters/d10486c3-5de7-4719-bdfa-4430b3235b02-IGH.fasta 100%
858 nt in 25 seqs, min 24, max 42, avg 34
Masking 100%
Sorting by length 100%
Counting k-mers 100%
Clustering 100%
Sorting clusters 100%
Writing clusters 100%
Clusters: 24 Size min 1, max 2, avg 1.0
Singletons: 23, 92.0% of seqs, 95.8% of clusters
Multiple alignments 100%
vsearch v2.30.0_linux_x86_64, 94.1GB RAM, 24 cores
https://github.com/torognes/vsearch

Reading file results/clustering/cdr/pellet_VH_R3/cdr3_clusters/5ede48fb-7698-458e-aeff-c9fe7c4736fd-IGH.fasta 100%
411 nt in 11 seqs, min 18, max 45, avg 37
Masking 100%
Sorting by length 100%
Counting k-mers 100%
Clustering 100%
Sorting clusters 100%
Writing clusters 100%
Clusters: 9 Size min 1, max 2, avg 1.2
Singletons: 7, 63.6% of seqs, 77.8% of clusters
Multiple alignments 100%
vsearch v2.30.0_linux_x86_64, 94.1GB RAM, 24 cores
https://github.com/torognes/vsearch

Reading file results/clustering/cdr/pellet_VH_R3/cdr3_clusters/71e640e7-ef42-473f-b754-c48b220c3222-IGH.fasta 100%
672 nt in 14 seqs, min 33, max 57, avg 48
Masking 100%
Sorting by length 100%
Counting k-mers 100%
Clustering 100%
Sorting clusters 100%
Writing clusters 100%
Clusters: 14 Size min 1, max 1, avg 1.0
Singletons: 14, 100.0% of seqs, 100.0% of clusters
Multiple alignments 100%
vsearch v2.30.0_linux_x86_64, 94.1GB RAM, 24 cores
https://github.com/torognes/vsearch

Reading file results/clustering/cdr/pellet_VH_R3/cdr3_clusters/17015c8e-359e-4041-939e-9a19d3300fa1-IGH.fasta 100%
336 nt in 7 seqs, min 42, max 54, avg 48
Masking 100%
Sorting by length 100%
Counting k-mers 100%
Clustering 100%
Sorting clusters 100%
Writing clusters 100%
Clusters: 5 Size min 1, max 3, avg 1.4
Singletons: 4, 57.1% of seqs, 80.0% of clusters
Multiple alignments 100%
vsearch v2.30.0_linux_x86_64, 94.1GB RAM, 24 cores
https://github.com/torognes/vsearch

Reading file results/clustering/cdr/pellet_VH_R3/cdr3_clusters/5a79b9d3-7dd6-4562-9e6a-2e02a58e9536-IGH.fasta 100%
2232 nt in 54 seqs, min 18, max 54, avg 41
Masking 100%
Sorting by length 100%
Counting k-mers 100%
Clustering 100%
Sorting clusters 100%
Writing clusters 100%
Clusters: 54 Size min 1, max 1, avg 1.0
Singletons: 54, 100.0% of seqs, 100.0% of clusters
Multiple alignments 100%
vsearch v2.30.0_linux_x86_64, 94.1GB RAM, 24 cores
https://github.com/torognes/vsearch

Reading file results/clustering/cdr/pellet_VH_R3/cdr3_clusters/3ccede5f-dd3b-49e1-b290-39048617a6c4-IGH.fasta 100%
1056 nt in 21 seqs, min 36, max 54, avg 50
Masking 100%
Sorting by length 100%
Counting k-mers 100%
Clustering 100%
Sorting clusters 100%
Writing clusters 100%
Clusters: 9 Size min 1, max 13, avg 2.3
Singletons: 8, 38.1% of seqs, 88.9% of clusters
Multiple alignments 100%
vsearch v2.30.0_linux_x86_64, 94.1GB RAM, 24 cores
https://github.com/torognes/vsearch

Reading file results/clustering/cdr/pellet_VH_R3/cdr3_clusters/3a5d0119-31fa-4c90-8912-1c14308eac55-IGH.fasta 100%
3611 nt in 100 seqs, min 24, max 45, avg 36
Masking 100%
Sorting by length 100%
Counting k-mers 100%
Clustering 100%
Sorting clusters 100%
Writing clusters 100%
Clusters: 95 Size min 1, max 3, avg 1.1
Singletons: 92, 92.0% of seqs, 96.8% of clusters
Multiple alignments 100%
vsearch v2.30.0_linux_x86_64, 94.1GB RAM, 24 cores
https://github.com/torognes/vsearch

Reading file results/clustering/cdr/pellet_VH_R3/cdr3_clusters/aecae74a-0db8-4416-a35e-38bd8e862a2a-IGH.fasta 100%
648 nt in 18 seqs, min 27, max 45, avg 36
Masking 100%
Sorting by length 100%
Counting k-mers 100%
Clustering 100%
Sorting clusters 100%
Writing clusters 100%
Clusters: 14 Size min 1, max 5, avg 1.3
Singletons: 13, 72.2% of seqs, 92.9% of clusters
Multiple alignments 100%
vsearch v2.30.0_linux_x86_64, 94.1GB RAM, 24 cores
https://github.com/torognes/vsearch

Reading file results/clustering/cdr/pellet_VH_R3/cdr3_clusters/8e42d878-3db1-4ed3-a223-2ec846ad6202-IGH.fasta 100%
2089 nt in 59 seqs, min 27, max 42, avg 35
Masking 100%
Sorting by length 100%
Counting k-mers 100%
Clustering 100%
Sorting clusters 100%
Writing clusters 100%
Clusters: 57 Size min 1, max 2, avg 1.0
Singletons: 55, 93.2% of seqs, 96.5% of clusters
Multiple alignments 100%
vsearch v2.30.0_linux_x86_64, 94.1GB RAM, 24 cores
https://github.com/torognes/vsearch

Reading file results/clustering/cdr/pellet_VH_R3/cdr3_clusters/25c7ae4c-e907-472c-ab6f-db95cc04931c-IGH.fasta 100%
339 nt in 8 seqs, min 36, max 51, avg 42
Masking 100%
Sorting by length 100%
Counting k-mers 100%
Clustering 100%
Sorting clusters 100%
Writing clusters 100%
Clusters: 7 Size min 1, max 2, avg 1.1
Singletons: 6, 75.0% of seqs, 85.7% of clusters
Multiple alignments 100%
vsearch v2.30.0_linux_x86_64, 94.1GB RAM, 24 cores
https://github.com/torognes/vsearch

Reading file results/clustering/cdr/pellet_VH_R3/cdr3_clusters/8e4e2309-0d62-4fdb-8d0d-4fe2fcc25825-IGH.fasta 100%
399 nt in 12 seqs, min 27, max 45, avg 33
Masking 100%
Sorting by length 100%
Counting k-mers 100%
Clustering 100%
Sorting clusters 100%
Writing clusters 100%
Clusters: 6 Size min 1, max 6, avg 2.0
Singletons: 4, 33.3% of seqs, 66.7% of clusters
Multiple alignments 100%
vsearch v2.30.0_linux_x86_64, 94.1GB RAM, 24 cores
https://github.com/torognes/vsearch

Reading file results/clustering/cdr/pellet_VH_R3/cdr3_clusters/120bcc1a-9821-42f0-bf78-1cceda0a532e-IGH.fasta 100%
0 nt in 0 seqs
minseqlength 6: 25 sequences discarded.
Masking 100%
Sorting by length 100%
Counting k-mers 100%
Clustering 100%
Sorting clusters 100%
Writing clusters 100%
Clusters: 0
Singletons: 0
Multiple alignments 100%
vsearch v2.30.0_linux_x86_64, 94.1GB RAM, 24 cores
https://github.com/torognes/vsearch

Reading file results/clustering/cdr/pellet_VH_R3/cdr3_clusters/c2bba8a9-133a-4cfb-90ec-f29ba458b80d-IGH.fasta 100%
0 nt in 0 seqs
minseqlength 6: 5 sequences discarded.
Masking 100%
Sorting by length 100%
Counting k-mers 100%
Clustering 100%
Sorting clusters 100%
Writing clusters 100%
Clusters: 0
Singletons: 0
Multiple alignments 100%
vsearch v2.30.0_linux_x86_64, 94.1GB RAM, 24 cores
https://github.com/torognes/vsearch

Reading file results/clustering/cdr/pellet_VH_R3/cdr3_clusters/8f49b04f-e34e-43dd-bad7-04cc66b61279-IGH.fasta 100%
312 nt in 8 seqs, min 36, max 45, avg 39
Masking 100%
Sorting by length 100%
Counting k-mers 100%
Clustering 100%
Sorting clusters 100%
Writing clusters 100%
Clusters: 8 Size min 1, max 1, avg 1.0
Singletons: 8, 100.0% of seqs, 100.0% of clusters
Multiple alignments 100%
vsearch v2.30.0_linux_x86_64, 94.1GB RAM, 24 cores
https://github.com/torognes/vsearch

Reading file results/clustering/cdr/pellet_VH_R3/cdr3_clusters/99103701-ac8f-421d-87e5-429b5b9ead7b-IGH.fasta 100%
330 nt in 10 seqs, min 33, max 33, avg 33
Masking 100%
Sorting by length 100%
Counting k-mers 100%
Clustering 100%
Sorting clusters 100%
Writing clusters 100%
Clusters: 3 Size min 1, max 8, avg 3.3
Singletons: 2, 20.0% of seqs, 66.7% of clusters
Multiple alignments 100%
vsearch v2.30.0_linux_x86_64, 94.1GB RAM, 24 cores
https://github.com/torognes/vsearch

Reading file results/clustering/cdr/pellet_VH_R3/cdr3_clusters/7eea8257-3654-435b-9316-70f5091790dc-IGH.fasta 100%
822 nt in 20 seqs, min 30, max 48, avg 41
Masking 100%
Sorting by length 100%
Counting k-mers 100%
Clustering 100%
Sorting clusters 100%
Writing clusters 100%
Clusters: 20 Size min 1, max 1, avg 1.0
Singletons: 20, 100.0% of seqs, 100.0% of clusters
Multiple alignments 100%
vsearch v2.30.0_linux_x86_64, 94.1GB RAM, 24 cores
https://github.com/torognes/vsearch

Reading file results/clustering/cdr/pellet_VH_R3/cdr3_clusters/f64e66ce-e6fa-4ecb-ae7d-7cf6a39587e1-IGH.fasta 100%
2580 nt in 61 seqs, min 27, max 45, avg 42
Masking 100%
Sorting by length 100%
Counting k-mers 100%
Clustering 100%
Sorting clusters 100%
Writing clusters 100%
Clusters: 37 Size min 1, max 14, avg 1.6
Singletons: 30, 49.2% of seqs, 81.1% of clusters
Multiple alignments 100%
vsearch v2.30.0_linux_x86_64, 94.1GB RAM, 24 cores
https://github.com/torognes/vsearch

Reading file results/clustering/cdr/pellet_VH_R3/cdr3_clusters/0e6ca042-f36c-47ed-ae84-cada6eb6c927-IGH.fasta 100%
938 nt in 21 seqs, min 39, max 45, avg 45
Masking 100%
Sorting by length 100%
Counting k-mers 100%
Clustering 100%
Sorting clusters 100%
Writing clusters 100%
Clusters: 3 Size min 1, max 18, avg 7.0
Singletons: 1, 4.8% of seqs, 33.3% of clusters
Multiple alignments 100%
vsearch v2.30.0_linux_x86_64, 94.1GB RAM, 24 cores
https://github.com/torognes/vsearch

Reading file results/clustering/cdr/pellet_VH_R3/cdr3_clusters/395f4bca-ab0f-4084-b4c9-c21b338b2ca8-IGH.fasta 100%
438 nt in 9 seqs, min 30, max 51, avg 49
Masking 100%
Sorting by length 100%
Counting k-mers 100%
Clustering 100%
Sorting clusters 100%
Writing clusters 100%
Clusters: 5 Size min 1, max 3, avg 1.8
Singletons: 3, 33.3% of seqs, 60.0% of clusters
Multiple alignments 100%
vsearch v2.30.0_linux_x86_64, 94.1GB RAM, 24 cores
https://github.com/torognes/vsearch

Reading file results/clustering/cdr/pellet_VH_R3/cdr3_clusters/162c4b15-2bd0-44c3-ab8b-809da8139bcc-IGH.fasta 100%
3061 nt in 78 seqs, min 18, max 60, avg 39
Masking 100%
Sorting by length 100%
Counting k-mers 100%
Clustering 100%
Sorting clusters 100%
Writing clusters 100%
Clusters: 75 Size min 1, max 2, avg 1.0
Singletons: 72, 92.3% of seqs, 96.0% of clusters
Multiple alignments 100%
vsearch v2.30.0_linux_x86_64, 94.1GB RAM, 24 cores
https://github.com/torognes/vsearch

Reading file results/clustering/cdr/pellet_VH_R3/cdr3_clusters/265c4901-dfd3-41a4-a789-20d1e8c33dc2-IGH.fasta 100%
12651 nt in 284 seqs, min 15, max 57, avg 45
Masking 100%
Sorting by length 100%
Counting k-mers 100%
Clustering 100%
Sorting clusters 100%
Writing clusters 100%
Clusters: 247 Size min 1, max 6, avg 1.1
Singletons: 222, 78.2% of seqs, 89.9% of clusters
Multiple alignments 100%
vsearch v2.30.0_linux_x86_64, 94.1GB RAM, 24 cores
https://github.com/torognes/vsearch

Reading file results/clustering/cdr/pellet_VH_R3/cdr3_clusters/2c9f868d-038a-467e-910a-cb0e6ba9e358-IGH.fasta 100%
2202 nt in 52 seqs, min 33, max 45, avg 42
Masking 100%
Sorting by length 100%
Counting k-mers 100%
Clustering 100%
Sorting clusters 100%
Writing clusters 100%
Clusters: 19 Size min 1, max 30, avg 2.7
Singletons: 16, 30.8% of seqs, 84.2% of clusters
Multiple alignments 100%
vsearch v2.30.0_linux_x86_64, 94.1GB RAM, 24 cores
https://github.com/torognes/vsearch

Reading file results/clustering/cdr/pellet_VH_R3/cdr3_clusters/98a95330-aba9-45b3-a2c4-da73aa576e28-IGH.fasta 100%
1188 nt in 29 seqs, min 33, max 66, avg 41
Masking 100%
Sorting by length 100%
Counting k-mers 100%
Clustering 100%
Sorting clusters 100%
Writing clusters 100%
Clusters: 29 Size min 1, max 1, avg 1.0
Singletons: 29, 100.0% of seqs, 100.0% of clusters
Multiple alignments 100%
vsearch v2.30.0_linux_x86_64, 94.1GB RAM, 24 cores
https://github.com/torognes/vsearch

Reading file results/clustering/cdr/pellet_VH_R3/cdr3_clusters/521ffd93-b028-4995-9de2-a565d4a5b38b-IGH.fasta 100%
285 nt in 7 seqs, min 27, max 54, avg 41
Masking 100%
Sorting by length 100%
Counting k-mers 100%
Clustering 100%
Sorting clusters 100%
Writing clusters 100%
Clusters: 5 Size min 1, max 2, avg 1.4
Singletons: 3, 42.9% of seqs, 60.0% of clusters
Multiple alignments 100%
vsearch v2.30.0_linux_x86_64, 94.1GB RAM, 24 cores
https://github.com/torognes/vsearch

Reading file results/clustering/cdr/pellet_VH_R3/cdr3_clusters/7810a1fa-4a95-4c6d-8cf9-c54632b11c7d-IGH.fasta 100%
567 nt in 16 seqs, min 27, max 45, avg 35
Masking 100%
Sorting by length 100%
Counting k-mers 100%
Clustering 100%
Sorting clusters 100%
Writing clusters 100%
Clusters: 14 Size min 1, max 3, avg 1.1
Singletons: 13, 81.2% of seqs, 92.9% of clusters
Multiple alignments 100%
vsearch v2.30.0_linux_x86_64, 94.1GB RAM, 24 cores
https://github.com/torognes/vsearch

Reading file results/clustering/cdr/pellet_VH_R3/cdr3_clusters/dcce42b0-b22a-488f-8741-cbfcd0a3b626-IGH.fasta 100%
7129 nt in 208 seqs, min 15, max 48, avg 34
Masking 100%
Sorting by length 100%
Counting k-mers 100%
Clustering 100%
Sorting clusters 100%
Writing clusters 100%
Clusters: 61 Size min 1, max 142, avg 3.4
Singletons: 55, 26.4% of seqs, 90.2% of clusters
Multiple alignments 100%
vsearch v2.30.0_linux_x86_64, 94.1GB RAM, 24 cores
https://github.com/torognes/vsearch

Reading file results/clustering/cdr/pellet_VH_R3/cdr3_clusters/3a28f611-3530-4bc6-860b-2fb73b943819-IGK.fasta 100%
0 nt in 0 seqs
minseqlength 6: 7 sequences discarded.
Masking 100%
Sorting by length 100%
Counting k-mers 100%
Clustering 100%
Sorting clusters 100%
Writing clusters 100%
Clusters: 0
Singletons: 0
Multiple alignments 100%
vsearch v2.30.0_linux_x86_64, 94.1GB RAM, 24 cores
https://github.com/torognes/vsearch

Reading file results/clustering/cdr/pellet_VH_R3/cdr3_clusters/64218144-19c8-4d4a-a373-87e783dd450d-IGH.fasta 100%
204 nt in 5 seqs, min 36, max 45, avg 41
Masking 100%
Sorting by length 100%
Counting k-mers 100%
Clustering 100%
Sorting clusters 100%
Writing clusters 100%
Clusters: 5 Size min 1, max 1, avg 1.0
Singletons: 5, 100.0% of seqs, 100.0% of clusters
Multiple alignments 100%
vsearch v2.30.0_linux_x86_64, 94.1GB RAM, 24 cores
https://github.com/torognes/vsearch

Reading file results/clustering/cdr/pellet_VH_R3/cdr3_clusters/af680922-9b22-4dea-9a2c-e8528aa036b0-IGH.fasta 100%
2475 nt in 66 seqs, min 18, max 45, avg 38
Masking 100%
Sorting by length 100%
Counting k-mers 100%
Clustering 100%
Sorting clusters 100%
Writing clusters 100%
Clusters: 23 Size min 1, max 42, avg 2.9
Singletons: 21, 31.8% of seqs, 91.3% of clusters
Multiple alignments 100%
vsearch v2.30.0_linux_x86_64, 94.1GB RAM, 24 cores
https://github.com/torognes/vsearch

Reading file results/clustering/cdr/pellet_VH_R3/cdr3_clusters/b8a189af-6519-441c-a9b9-85e2c238d589-IGH.fasta 100%
336 nt in 8 seqs, min 42, max 42, avg 42
Masking 100%
Sorting by length 100%
Counting k-mers 100%
Clustering 100%
Sorting clusters 100%
Writing clusters 100%
Clusters: 1 Size min 8, max 8, avg 8.0
Singletons: 0, 0.0% of seqs, 0.0% of clusters
Multiple alignments 100%
vsearch v2.30.0_linux_x86_64, 94.1GB RAM, 24 cores
https://github.com/torognes/vsearch

Reading file results/clustering/cdr/pellet_VH_R3/cdr3_clusters/547023a4-f62d-48bd-a765-660c4356a7d8-IGH.fasta 100%
195 nt in 5 seqs, min 39, max 39, avg 39
Masking 100%
Sorting by length 100%
Counting k-mers 100%
Clustering 100%
Sorting clusters 100%
Writing clusters 100%
Clusters: 2 Size min 1, max 4, avg 2.5
Singletons: 1, 20.0% of seqs, 50.0% of clusters
Multiple alignments 100%
vsearch v2.30.0_linux_x86_64, 94.1GB RAM, 24 cores
https://github.com/torognes/vsearch

Reading file results/clustering/cdr/pellet_VH_R3/cdr3_clusters/0da0c4bf-bb22-4e9b-93ae-86d85506092b-IGH.fasta 100%
789 nt in 21 seqs, min 30, max 45, avg 38
Masking 100%
Sorting by length 100%
Counting k-mers 100%
Clustering 100%
Sorting clusters 100%
Writing clusters 100%
Clusters: 21 Size min 1, max 1, avg 1.0
Singletons: 21, 100.0% of seqs, 100.0% of clusters
Multiple alignments 100%
vsearch v2.30.0_linux_x86_64, 94.1GB RAM, 24 cores
https://github.com/torognes/vsearch

Reading file results/clustering/cdr/pellet_VH_R3/cdr3_clusters/4351de2f-2678-47c6-911b-945dda5b2f19-IGH.fasta 100%
195 nt in 5 seqs, min 30, max 42, avg 39
Masking 100%
Sorting by length 100%
Counting k-mers 100%
Clustering 100%
Sorting clusters 100%
Writing clusters 100%
Clusters: 3 Size min 1, max 3, avg 1.7
Singletons: 2, 40.0% of seqs, 66.7% of clusters
Multiple alignments 100%
vsearch v2.30.0_linux_x86_64, 94.1GB RAM, 24 cores
https://github.com/torognes/vsearch

Reading file results/clustering/cdr/pellet_VH_R3/cdr3_clusters/67421b14-bee7-4c74-afc6-e16608caa66b-IGH.fasta 100%
4071 nt in 91 seqs, min 30, max 54, avg 45
Masking 100%
Sorting by length 100%
Counting k-mers 100%
Clustering 100%
Sorting clusters 100%
Writing clusters 100%
Clusters: 88 Size min 1, max 2, avg 1.0
Singletons: 85, 93.4% of seqs, 96.6% of clusters
Multiple alignments 100%
vsearch v2.30.0_linux_x86_64, 94.1GB RAM, 24 cores
https://github.com/torognes/vsearch

Reading file results/clustering/cdr/pellet_VH_R3/cdr3_clusters/5892ab23-0bf4-49b0-bbe5-721b0199558e-IGH.fasta 100%
384 nt in 9 seqs, min 33, max 54, avg 43
Masking 100%
Sorting by length 100%
Counting k-mers 100%
Clustering 100%
Sorting clusters 100%
Writing clusters 100%
Clusters: 9 Size min 1, max 1, avg 1.0
Singletons: 9, 100.0% of seqs, 100.0% of clusters
Multiple alignments 100%
vsearch v2.30.0_linux_x86_64, 94.1GB RAM, 24 cores
https://github.com/torognes/vsearch

Reading file results/clustering/cdr/pellet_VH_R3/cdr3_clusters/f78dff8c-3d2e-47db-b26a-ece0f3c9c3ec-IGH.fasta 100%
390 nt in 13 seqs, min 18, max 39, avg 30
Masking 100%
Sorting by length 100%
Counting k-mers 100%
Clustering 100%
Sorting clusters 100%
Writing clusters 100%
Clusters: 9 Size min 1, max 5, avg 1.4
Singletons: 8, 61.5% of seqs, 88.9% of clusters
Multiple alignments 100%
vsearch v2.30.0_linux_x86_64, 94.1GB RAM, 24 cores
https://github.com/torognes/vsearch

Reading file results/clustering/cdr/pellet_VH_R3/cdr3_clusters/6a5cf42c-3e83-4b13-bbc0-b9476a60b8cf-IGH.fasta 100%
363 nt in 8 seqs, min 39, max 51, avg 45
Masking 100%
Sorting by length 100%
Counting k-mers 100%
Clustering 100%
Sorting clusters 100%
Writing clusters 100%
Clusters: 7 Size min 1, max 2, avg 1.1
Singletons: 6, 75.0% of seqs, 85.7% of clusters
Multiple alignments 100%
vsearch v2.30.0_linux_x86_64, 94.1GB RAM, 24 cores
https://github.com/torognes/vsearch

Reading file results/clustering/cdr/pellet_VH_R3/cdr3_clusters/5c9a53b5-02cd-41ec-85d9-79d6814d7f6b-IGH.fasta 100%
204 nt in 6 seqs, min 24, max 45, avg 34
Masking 100%
Sorting by length 100%
Counting k-mers 100%
Clustering 100%
Sorting clusters 100%
Writing clusters 100%
Clusters: 6 Size min 1, max 1, avg 1.0
Singletons: 6, 100.0% of seqs, 100.0% of clusters
Multiple alignments 100%
vsearch v2.30.0_linux_x86_64, 94.1GB RAM, 24 cores
https://github.com/torognes/vsearch

Reading file results/clustering/cdr/pellet_VH_R3/cdr3_clusters/02400659-6210-4f5b-aede-89fed3ea1c9e-IGH.fasta 100%
1167 nt in 29 seqs, min 33, max 51, avg 40
Masking 100%
Sorting by length 100%
Counting k-mers 100%
Clustering 100%
Sorting clusters 100%
Writing clusters 100%
Clusters: 16 Size min 1, max 13, avg 1.8
Singletons: 14, 48.3% of seqs, 87.5% of clusters
Multiple alignments 100%
vsearch v2.30.0_linux_x86_64, 94.1GB RAM, 24 cores
https://github.com/torognes/vsearch

Reading file results/clustering/cdr/pellet_VH_R3/cdr3_clusters/1b180c01-c4d7-4e26-9b7e-f981da4ac373-IGH.fasta 100%
657 nt in 14 seqs, min 18, max 54, avg 47
Masking 100%
Sorting by length 100%
Counting k-mers 100%
Clustering 100%
Sorting clusters 100%
Writing clusters 100%
Clusters: 14 Size min 1, max 1, avg 1.0
Singletons: 14, 100.0% of seqs, 100.0% of clusters
Multiple alignments 100%
vsearch v2.30.0_linux_x86_64, 94.1GB RAM, 24 cores
https://github.com/torognes/vsearch

Reading file results/clustering/cdr/pellet_VH_R3/cdr3_clusters/f2115925-42c0-4df6-9bf2-dd256e6ef4c3-IGH.fasta 100%
213 nt in 6 seqs, min 33, max 39, avg 36
Masking 100%
Sorting by length 100%
Counting k-mers 100%
Clustering 100%
Sorting clusters 100%
Writing clusters 100%
Clusters: 6 Size min 1, max 1, avg 1.0
Singletons: 6, 100.0% of seqs, 100.0% of clusters
Multiple alignments 100%
vsearch v2.30.0_linux_x86_64, 94.1GB RAM, 24 cores
https://github.com/torognes/vsearch

Reading file results/clustering/cdr/pellet_VH_R3/cdr3_clusters/b10e20d4-da7b-465b-ba12-00fd2bdfa0d1-IGH.fasta 100%
558 nt in 16 seqs, min 18, max 36, avg 35
Masking 100%
Sorting by length 100%
Counting k-mers 100%
Clustering 100%
Sorting clusters 100%
Writing clusters 100%
Clusters: 6 Size min 1, max 11, avg 2.7
Singletons: 5, 31.2% of seqs, 83.3% of clusters
Multiple alignments 100%
vsearch v2.30.0_linux_x86_64, 94.1GB RAM, 24 cores
https://github.com/torognes/vsearch

Reading file results/clustering/cdr/pellet_VH_R3/cdr3_clusters/365c7e87-40a5-4ad8-adf6-b739f207b179-IGH.fasta 100%
765 nt in 17 seqs, min 36, max 57, avg 45
Masking 100%
Sorting by length 100%
Counting k-mers 100%
Clustering 100%
Sorting clusters 100%
Writing clusters 100%
Clusters: 17 Size min 1, max 1, avg 1.0
Singletons: 17, 100.0% of seqs, 100.0% of clusters
Multiple alignments 100%
vsearch v2.30.0_linux_x86_64, 94.1GB RAM, 24 cores
https://github.com/torognes/vsearch

Reading file results/clustering/cdr/pellet_VH_R3/cdr3_clusters/9122e0c2-62ab-4df0-83a1-c69a10f2b196-IGH.fasta 100%
1949 nt in 64 seqs, min 15, max 39, avg 30
minseqlength 6: 2 sequences discarded.
Masking 100%
Sorting by length 100%
Counting k-mers 100%
Clustering 100%
Sorting clusters 100%
Writing clusters 100%
Clusters: 53 Size min 1, max 5, avg 1.2
Singletons: 47, 73.4% of seqs, 88.7% of clusters
Multiple alignments 100%
vsearch v2.30.0_linux_x86_64, 94.1GB RAM, 24 cores
https://github.com/torognes/vsearch

Reading file results/clustering/cdr/pellet_VH_R3/cdr3_clusters/ec0fa1b3-5557-46ca-8f61-96b28ed27968-IGH.fasta 100%
315 nt in 7 seqs, min 36, max 54, avg 45
Masking 100%
Sorting by length 100%
Counting k-mers 100%
Clustering 100%
Sorting clusters 100%
Writing clusters 100%
Clusters: 7 Size min 1, max 1, avg 1.0
Singletons: 7, 100.0% of seqs, 100.0% of clusters
Multiple alignments 100%
vsearch v2.30.0_linux_x86_64, 94.1GB RAM, 24 cores
https://github.com/torognes/vsearch

Reading file results/clustering/cdr/pellet_VH_R3/cdr3_clusters/b75511b9-f195-40ca-8888-aad1b8723a1b-IGH.fasta 100%
240 nt in 5 seqs, min 42, max 60, avg 48
Masking 100%
Sorting by length 100%
Counting k-mers 100%
Clustering 100%
Sorting clusters 100%
Writing clusters 100%
Clusters: 5 Size min 1, max 1, avg 1.0
Singletons: 5, 100.0% of seqs, 100.0% of clusters
Multiple alignments 100%
vsearch v2.30.0_linux_x86_64, 94.1GB RAM, 24 cores
https://github.com/torognes/vsearch

Reading file results/clustering/cdr/pellet_VH_R3/cdr3_clusters/a04770c9-88f1-40f0-956a-831fc6f2206c-IGH.fasta 100%
414 nt in 11 seqs, min 30, max 39, avg 38
Masking 100%
Sorting by length 100%
Counting k-mers 100%
Clustering 100%
Sorting clusters 100%
Writing clusters 100%
Clusters: 7 Size min 1, max 3, avg 1.6
Singletons: 5, 45.5% of seqs, 71.4% of clusters
Multiple alignments 100%
vsearch v2.30.0_linux_x86_64, 94.1GB RAM, 24 cores
https://github.com/torognes/vsearch

Reading file results/clustering/cdr/pellet_VH_R3/cdr3_clusters/dd6f3bd8-bbb0-4fb0-a706-9cf9d65e5570-IGH.fasta 100%
557 nt in 16 seqs, min 27, max 45, avg 35
Masking 100%
Sorting by length 100%
Counting k-mers 100%
Clustering 100%
Sorting clusters 100%
Writing clusters 100%
Clusters: 16 Size min 1, max 1, avg 1.0
Singletons: 16, 100.0% of seqs, 100.0% of clusters
Multiple alignments 100%
vsearch v2.30.0_linux_x86_64, 94.1GB RAM, 24 cores
https://github.com/torognes/vsearch

Reading file results/clustering/cdr/pellet_VH_R3/cdr3_clusters/45a64061-8ee8-409f-827f-257ae46b179e-IGH.fasta 100%
930 nt in 22 seqs, min 30, max 60, avg 42
Masking 100%
Sorting by length 100%
Counting k-mers 100%
Clustering 100%
Sorting clusters 100%
Writing clusters 100%
Clusters: 22 Size min 1, max 1, avg 1.0
Singletons: 22, 100.0% of seqs, 100.0% of clusters
Multiple alignments 100%
vsearch v2.30.0_linux_x86_64, 94.1GB RAM, 24 cores
https://github.com/torognes/vsearch

Reading file results/clustering/cdr/pellet_VH_R3/cdr3_clusters/a1bdf993-5fd0-459e-b368-641b4fed7131-IGH.fasta 100%
360 nt in 5 seqs, min 72, max 72, avg 72
Masking 100%
Sorting by length 100%
Counting k-mers 100%
Clustering 100%
Sorting clusters 100%
Writing clusters 100%
Clusters: 1 Size min 5, max 5, avg 5.0
Singletons: 0, 0.0% of seqs, 0.0% of clusters
Multiple alignments 100%
vsearch v2.30.0_linux_x86_64, 94.1GB RAM, 24 cores
https://github.com/torognes/vsearch

Reading file results/clustering/cdr/pellet_VH_R3/cdr3_clusters/a69e4e43-c103-4967-a524-29942fcd079a-IGH.fasta 100%
864 nt in 22 seqs, min 30, max 48, avg 39
Masking 100%
Sorting by length 100%
Counting k-mers 100%
Clustering 100%
Sorting clusters 100%
Writing clusters 100%
Clusters: 18 Size min 1, max 4, avg 1.2
Singletons: 16, 72.7% of seqs, 88.9% of clusters
Multiple alignments 100%
vsearch v2.30.0_linux_x86_64, 94.1GB RAM, 24 cores
https://github.com/torognes/vsearch

Reading file results/clustering/cdr/pellet_VH_R3/cdr3_clusters/74b1fc36-c5e2-44f2-b334-c2f8e9a1f1ef-IGH.fasta 100%
1080 nt in 26 seqs, min 18, max 45, avg 42
Masking 100%
Sorting by length 100%
Counting k-mers 100%
Clustering 100%
Sorting clusters 100%
Writing clusters 100%
Clusters: 18 Size min 1, max 8, avg 1.4
Singletons: 16, 61.5% of seqs, 88.9% of clusters
Multiple alignments 100%
vsearch v2.30.0_linux_x86_64, 94.1GB RAM, 24 cores
https://github.com/torognes/vsearch

Reading file results/clustering/cdr/pellet_VH_R3/cdr3_clusters/a703176f-9992-447a-a447-c45aa7b47cc1-IGH.fasta 100%
915 nt in 24 seqs, min 30, max 42, avg 38
Masking 100%
Sorting by length 100%
Counting k-mers 100%
Clustering 100%
Sorting clusters 100%
Writing clusters 100%
Clusters: 17 Size min 1, max 4, avg 1.4
Singletons: 14, 58.3% of seqs, 82.4% of clusters
Multiple alignments 100%
vsearch v2.30.0_linux_x86_64, 94.1GB RAM, 24 cores
https://github.com/torognes/vsearch

Reading file results/clustering/cdr/pellet_VH_R3/cdr3_clusters/6b10d8b9-63e7-4ad8-9131-824f4d495a12-IGH.fasta 100%
843 nt in 25 seqs, min 18, max 39, avg 34
Masking 100%
Sorting by length 100%
Counting k-mers 100%
Clustering 100%
Sorting clusters 100%
Writing clusters 100%
Clusters: 22 Size min 1, max 2, avg 1.1
Singletons: 19, 76.0% of seqs, 86.4% of clusters
Multiple alignments 100%
vsearch v2.30.0_linux_x86_64, 94.1GB RAM, 24 cores
https://github.com/torognes/vsearch

Reading file results/clustering/cdr/pellet_VH_R3/cdr3_clusters/ed6c2a61-8fc3-44b7-ae7d-037f004ad618-IGH.fasta 100%
287 nt in 6 seqs, min 42, max 51, avg 48
minseqlength 6: 4 sequences discarded.
Masking 100%
Sorting by length 100%
Counting k-mers 100%
Clustering 100%
Sorting clusters 100%
Writing clusters 100%
Clusters: 6 Size min 1, max 1, avg 1.0
Singletons: 6, 100.0% of seqs, 100.0% of clusters
Multiple alignments 100%
vsearch v2.30.0_linux_x86_64, 94.1GB RAM, 24 cores
https://github.com/torognes/vsearch

Reading file results/clustering/cdr/pellet_VH_R3/cdr3_clusters/bb9e95f3-5f74-4732-ae3f-e127ff66a65d-IGH.fasta 100%
180 nt in 5 seqs, min 30, max 42, avg 36
Masking 100%
Sorting by length 100%
Counting k-mers 100%
Clustering 100%
Sorting clusters 100%
Writing clusters 100%
Clusters: 5 Size min 1, max 1, avg 1.0
Singletons: 5, 100.0% of seqs, 100.0% of clusters
Multiple alignments 100%
vsearch v2.30.0_linux_x86_64, 94.1GB RAM, 24 cores
https://github.com/torognes/vsearch

Reading file results/clustering/cdr/pellet_VH_R3/cdr3_clusters/0082f997-c1ba-4eb4-ac27-b9d3ed16f445-IGH.fasta 100%
324 nt in 9 seqs, min 36, max 36, avg 36
Masking 100%
Sorting by length 100%
Counting k-mers 100%
Clustering 100%
Sorting clusters 100%
Writing clusters 100%
Clusters: 2 Size min 1, max 8, avg 4.5
Singletons: 1, 11.1% of seqs, 50.0% of clusters
Multiple alignments 100%
vsearch v2.30.0_linux_x86_64, 94.1GB RAM, 24 cores
https://github.com/torognes/vsearch

Reading file results/clustering/cdr/pellet_VH_R3/cdr3_clusters/a807a941-2a76-4391-b1e2-534e9dbbf7dd-IGH.fasta 100%
938 nt in 20 seqs, min 27, max 57, avg 47
Masking 100%
Sorting by length 100%
Counting k-mers 100%
Clustering 100%
Sorting clusters 100%
Writing clusters 100%
Clusters: 14 Size min 1, max 5, avg 1.4
Singletons: 12, 60.0% of seqs, 85.7% of clusters
Multiple alignments 100%
vsearch v2.30.0_linux_x86_64, 94.1GB RAM, 24 cores
https://github.com/torognes/vsearch

Reading file results/clustering/cdr/pellet_VH_R3/cdr3_clusters/28b7fe7b-8aca-47af-a3bc-e4c4bd6db9ff-IGH.fasta 100%
201 nt in 6 seqs, min 24, max 42, avg 34
Masking 100%
Sorting by length 100%
Counting k-mers 100%
Clustering 100%
Sorting clusters 100%
Writing clusters 100%
Clusters: 6 Size min 1, max 1, avg 1.0
Singletons: 6, 100.0% of seqs, 100.0% of clusters
Multiple alignments 100%
vsearch v2.30.0_linux_x86_64, 94.1GB RAM, 24 cores
https://github.com/torognes/vsearch

Reading file results/clustering/cdr/pellet_VH_R3/cdr3_clusters/82e15f2e-19f8-4107-a349-579c64bd2477-IGH.fasta 100%
219 nt in 7 seqs, min 30, max 36, avg 31
Masking 100%
Sorting by length 100%
Counting k-mers 100%
Clustering 100%
Sorting clusters 100%
Writing clusters 100%
Clusters: 4 Size min 1, max 4, avg 1.8
Singletons: 3, 42.9% of seqs, 75.0% of clusters
Multiple alignments 100%
vsearch v2.30.0_linux_x86_64, 94.1GB RAM, 24 cores
https://github.com/torognes/vsearch

Reading file results/clustering/cdr/pellet_VH_R3/cdr3_clusters/a71283fc-e732-4c2e-b406-fb934dcdee3c-IGH.fasta 100%
0 nt in 0 seqs
minseqlength 6: 11 sequences discarded.
Masking 100%
Sorting by length 100%
Counting k-mers 100%
Clustering 100%
Sorting clusters 100%
Writing clusters 100%
Clusters: 0
Singletons: 0
Multiple alignments 100%
vsearch v2.30.0_linux_x86_64, 94.1GB RAM, 24 cores
https://github.com/torognes/vsearch

Reading file results/clustering/cdr/pellet_VH_R3/cdr3_clusters/9048e348-22c9-4a68-a17c-075bed96b41c-IGH.fasta 100%
346 nt in 9 seqs, min 15, max 51, avg 38
Masking 100%
Sorting by length 100%
Counting k-mers 100%
Clustering 100%
Sorting clusters 100%
Writing clusters 100%
Clusters: 6 Size min 1, max 2, avg 1.5
Singletons: 3, 33.3% of seqs, 50.0% of clusters
Multiple alignments 100%
vsearch v2.30.0_linux_x86_64, 94.1GB RAM, 24 cores
https://github.com/torognes/vsearch

Reading file results/clustering/cdr/pellet_VH_R3/cdr3_clusters/005172f8-a39d-475c-93c8-6bf84ebd42ee-IGH.fasta 100%
429 nt in 15 seqs, min 18, max 36, avg 29
Masking 100%
Sorting by length 100%
Counting k-mers 100%
Clustering 100%
Sorting clusters 100%
Writing clusters 100%
Clusters: 13 Size min 1, max 3, avg 1.2
Singletons: 12, 80.0% of seqs, 92.3% of clusters
Multiple alignments 100%
vsearch v2.30.0_linux_x86_64, 94.1GB RAM, 24 cores
https://github.com/torognes/vsearch

Reading file results/clustering/cdr/pellet_VH_R3/cdr3_clusters/212c8f06-be40-491e-9fa9-20442159584a-IGH.fasta 100%
4466 nt in 111 seqs, min 12, max 51, avg 40
Masking 100%
Sorting by length 100%
Counting k-mers 100%
Clustering 100%
Sorting clusters 100%
Writing clusters 100%
Clusters: 99 Size min 1, max 5, avg 1.1
Singletons: 90, 81.1% of seqs, 90.9% of clusters
Multiple alignments 100%
vsearch v2.30.0_linux_x86_64, 94.1GB RAM, 24 cores
https://github.com/torognes/vsearch

Reading file results/clustering/cdr/pellet_VH_R3/cdr3_clusters/330ec619-0398-4fca-bfda-d8848010f939-IGH.fasta 100%
0 nt in 0 seqs
minseqlength 6: 16 sequences discarded.
Masking 100%
Sorting by length 100%
Counting k-mers 100%
Clustering 100%
Sorting clusters 100%
Writing clusters 100%
Clusters: 0
Singletons: 0
Multiple alignments 100%
vsearch v2.30.0_linux_x86_64, 94.1GB RAM, 24 cores
https://github.com/torognes/vsearch

Reading file results/clustering/cdr/pellet_VH_R3/cdr3_clusters/17283fc7-8cb2-4439-82ef-a763ec95c0bb-IGH.fasta 100%
957 nt in 25 seqs, min 24, max 54, avg 38
Masking 100%
Sorting by length 100%
Counting k-mers 100%
Clustering 100%
Sorting clusters 100%
Writing clusters 100%
Clusters: 25 Size min 1, max 1, avg 1.0
Singletons: 25, 100.0% of seqs, 100.0% of clusters
Multiple alignments 100%
vsearch v2.30.0_linux_x86_64, 94.1GB RAM, 24 cores
https://github.com/torognes/vsearch

Reading file results/clustering/cdr/pellet_VH_R3/cdr3_clusters/5d1850d7-09e0-4d3d-8377-98fbfb08f3e9-IGH.fasta 100%
351 nt in 9 seqs, min 27, max 48, avg 39
Masking 100%
Sorting by length 100%
Counting k-mers 100%
Clustering 100%
Sorting clusters 100%
Writing clusters 100%
Clusters: 7 Size min 1, max 2, avg 1.3
Singletons: 5, 55.6% of seqs, 71.4% of clusters
Multiple alignments 100%
vsearch v2.30.0_linux_x86_64, 94.1GB RAM, 24 cores
https://github.com/torognes/vsearch

Reading file results/clustering/cdr/pellet_VH_R3/cdr3_clusters/cb2b3987-3c12-498b-a02e-2beea09df439-IGH.fasta 100%
165 nt in 5 seqs, min 33, max 33, avg 33
Masking 100%
Sorting by length 100%
Counting k-mers 100%
Clustering 100%
Sorting clusters 100%
Writing clusters 100%
Clusters: 2 Size min 1, max 4, avg 2.5
Singletons: 1, 20.0% of seqs, 50.0% of clusters
Multiple alignments 100%
vsearch v2.30.0_linux_x86_64, 94.1GB RAM, 24 cores
https://github.com/torognes/vsearch

Reading file results/clustering/cdr/pellet_VH_R3/cdr3_clusters/7e53d7f5-c8ec-4573-953c-17cbb74d250a-IGH.fasta 100%
776 nt in 22 seqs, min 26, max 42, avg 35
Masking 100%
Sorting by length 100%
Counting k-mers 100%
Clustering 100%
Sorting clusters 100%
Writing clusters 100%
Clusters: 21 Size min 1, max 2, avg 1.0
Singletons: 20, 90.9% of seqs, 95.2% of clusters
Multiple alignments 100%
vsearch v2.30.0_linux_x86_64, 94.1GB RAM, 24 cores
https://github.com/torognes/vsearch

Reading file results/clustering/cdr/pellet_VH_R3/cdr3_clusters/7b0b4a7d-16d0-4e92-bff3-96c79b357592-IGH.fasta 100%
224 nt in 5 seqs, min 39, max 48, avg 45
Masking 100%
Sorting by length 100%
Counting k-mers 100%
Clustering 100%
Sorting clusters 100%
Writing clusters 100%
Clusters: 5 Size min 1, max 1, avg 1.0
Singletons: 5, 100.0% of seqs, 100.0% of clusters
Multiple alignments 100%
vsearch v2.30.0_linux_x86_64, 94.1GB RAM, 24 cores
https://github.com/torognes/vsearch

Reading file results/clustering/cdr/pellet_VH_R3/cdr3_clusters/beb5fe9e-edd3-443a-9dba-1a77681f52a0-IGH.fasta 100%
231 nt in 6 seqs, min 36, max 39, avg 38
Masking 100%
Sorting by length 100%
Counting k-mers 100%
Clustering 100%
Sorting clusters 100%
Writing clusters 100%
Clusters: 3 Size min 1, max 4, avg 2.0
Singletons: 2, 33.3% of seqs, 66.7% of clusters
Multiple alignments 100%
vsearch v2.30.0_linux_x86_64, 94.1GB RAM, 24 cores
https://github.com/torognes/vsearch

Reading file results/clustering/cdr/pellet_VH_R3/cdr3_clusters/f56faf8a-bf98-48fe-8fdd-2a0dbe78947f-IGH.fasta 100%
1214 nt in 44 seqs, min 14, max 36, avg 28
Masking 100%
Sorting by length 100%
Counting k-mers 100%
Clustering 100%
Sorting clusters 100%
Writing clusters 100%
Clusters: 37 Size min 1, max 4, avg 1.2
Singletons: 33, 75.0% of seqs, 89.2% of clusters
Multiple alignments 100%
vsearch v2.30.0_linux_x86_64, 94.1GB RAM, 24 cores
https://github.com/torognes/vsearch

Reading file results/clustering/cdr/pellet_VH_R3/cdr3_clusters/8676917c-906c-4420-8daf-a150616d4fa1-IGH.fasta 100%
339 nt in 10 seqs, min 27, max 39, avg 34
Masking 100%
Sorting by length 100%
Counting k-mers 100%
Clustering 100%
Sorting clusters 100%
Writing clusters 100%
Clusters: 6 Size min 1, max 3, avg 1.7
Singletons: 3, 30.0% of seqs, 50.0% of clusters
Multiple alignments 100%
vsearch v2.30.0_linux_x86_64, 94.1GB RAM, 24 cores
https://github.com/torognes/vsearch

Reading file results/clustering/cdr/pellet_VH_R3/cdr3_clusters/9227b2e2-fac7-46c3-a514-fc4f5a2d590e-IGH.fasta 100%
3720 nt in 95 seqs, min 30, max 54, avg 39
Masking 100%
Sorting by length 100%
Counting k-mers 100%
Clustering 100%
Sorting clusters 100%
Writing clusters 100%
Clusters: 56 Size min 1, max 19, avg 1.7
Singletons: 46, 48.4% of seqs, 82.1% of clusters
Multiple alignments 100%
vsearch v2.30.0_linux_x86_64, 94.1GB RAM, 24 cores
https://github.com/torognes/vsearch

Reading file results/clustering/cdr/pellet_VH_R3/cdr3_clusters/13e00983-4bc2-47d2-8fd5-1ca943108dfe-IGH.fasta 100%
587 nt in 13 seqs, min 32, max 54, avg 45
Masking 100%
Sorting by length 100%
Counting k-mers 100%
Clustering 100%
Sorting clusters 100%
Writing clusters 100%
Clusters: 13 Size min 1, max 1, avg 1.0
Singletons: 13, 100.0% of seqs, 100.0% of clusters
Multiple alignments 100%
vsearch v2.30.0_linux_x86_64, 94.1GB RAM, 24 cores
https://github.com/torognes/vsearch

Reading file results/clustering/cdr/pellet_VH_R3/cdr3_clusters/0cc49e35-a525-4a00-8277-882e41a6a53f-IGH.fasta 100%
543 nt in 11 seqs, min 18, max 77, avg 49
minseqlength 6: 2 sequences discarded.
Masking 100%
Sorting by length 100%
Counting k-mers 100%
Clustering 100%
Sorting clusters 100%
Writing clusters 100%
Clusters: 9 Size min 1, max 2, avg 1.2
Singletons: 7, 63.6% of seqs, 77.8% of clusters
Multiple alignments 100%
vsearch v2.30.0_linux_x86_64, 94.1GB RAM, 24 cores
https://github.com/torognes/vsearch

Reading file results/clustering/cdr/pellet_VH_R3/cdr3_clusters/547c8ea1-f64c-42ad-bf09-06789dd0b75a-IGH.fasta 100%
1155 nt in 28 seqs, min 36, max 51, avg 41
Masking 100%
Sorting by length 100%
Counting k-mers 100%
Clustering 100%
Sorting clusters 100%
Writing clusters 100%
Clusters: 17 Size min 1, max 6, avg 1.6
Singletons: 13, 46.4% of seqs, 76.5% of clusters
Multiple alignments 100%
vsearch v2.30.0_linux_x86_64, 94.1GB RAM, 24 cores
https://github.com/torognes/vsearch

Reading file results/clustering/cdr/pellet_VH_R3/cdr3_clusters/04efc678-6885-4c22-ba0a-abe3c8c3389a-IGH.fasta 100%
189 nt in 9 seqs, min 21, max 21, avg 21
Masking 100%
Sorting by length 100%
Counting k-mers 100%
Clustering 100%
Sorting clusters 100%
Writing clusters 100%
Clusters: 2 Size min 1, max 8, avg 4.5
Singletons: 1, 11.1% of seqs, 50.0% of clusters
Multiple alignments 100%
vsearch v2.30.0_linux_x86_64, 94.1GB RAM, 24 cores
https://github.com/torognes/vsearch

Reading file results/clustering/cdr/pellet_VH_R3/cdr3_clusters/00d6e113-60fd-4203-b8a3-e8d060fa0d65-IGH.fasta 100%
3053 nt in 66 seqs, min 21, max 57, avg 46
Masking 100%
Sorting by length 100%
Counting k-mers 100%
Clustering 100%
Sorting clusters 100%
Writing clusters 100%
Clusters: 59 Size min 1, max 5, avg 1.1
Singletons: 57, 86.4% of seqs, 96.6% of clusters
Multiple alignments 100%
vsearch v2.30.0_linux_x86_64, 94.1GB RAM, 24 cores
https://github.com/torognes/vsearch

Reading file results/clustering/cdr/pellet_VH_R3/cdr3_clusters/f5fe583b-6b5c-4955-8b8e-d613e8b21a2b-IGH.fasta 100%
333 nt in 11 seqs, min 27, max 39, avg 30
Masking 100%
Sorting by length 100%
Counting k-mers 100%
Clustering 100%
Sorting clusters 100%
Writing clusters 100%
Clusters: 7 Size min 1, max 5, avg 1.6
Singletons: 6, 54.5% of seqs, 85.7% of clusters
Multiple alignments 100%
vsearch v2.30.0_linux_x86_64, 94.1GB RAM, 24 cores
https://github.com/torognes/vsearch

Reading file results/clustering/cdr/pellet_VH_R3/cdr3_clusters/8d59ee2b-2972-4030-985e-80c82dbb8dfc-IGH.fasta 100%
2258 nt in 48 seqs, min 24, max 63, avg 47
Masking 100%
Sorting by length 100%
Counting k-mers 100%
Clustering 100%
Sorting clusters 100%
Writing clusters 100%
Clusters: 43 Size min 1, max 5, avg 1.1
Singletons: 41, 85.4% of seqs, 95.3% of clusters
Multiple alignments 100%
vsearch v2.30.0_linux_x86_64, 94.1GB RAM, 24 cores
https://github.com/torognes/vsearch

Reading file results/clustering/cdr/pellet_VH_R3/cdr3_clusters/657e8d8b-845f-4c86-bbe7-f3972fa54002-IGH.fasta 100%
3606 nt in 86 seqs, min 15, max 51, avg 42
Masking 100%
Sorting by length 100%
Counting k-mers 100%
Clustering 100%
Sorting clusters 100%
Writing clusters 100%
Clusters: 79 Size min 1, max 3, avg 1.1
Singletons: 73, 84.9% of seqs, 92.4% of clusters
Multiple alignments 100%
vsearch v2.30.0_linux_x86_64, 94.1GB RAM, 24 cores
https://github.com/torognes/vsearch

Reading file results/clustering/cdr/pellet_VH_R3/cdr3_clusters/cc00c1a6-b215-422d-a8ce-69e62b873302-IGH.fasta 100%
291 nt in 7 seqs, min 36, max 51, avg 42
Masking 100%
Sorting by length 100%
Counting k-mers 100%
Clustering 100%
Sorting clusters 100%
Writing clusters 100%
Clusters: 7 Size min 1, max 1, avg 1.0
Singletons: 7, 100.0% of seqs, 100.0% of clusters
Multiple alignments 100%
vsearch v2.30.0_linux_x86_64, 94.1GB RAM, 24 cores
https://github.com/torognes/vsearch

Reading file results/clustering/cdr/pellet_VH_R3/cdr3_clusters/bce3c843-c109-430f-b691-0876be3e0b0b-IGH.fasta 100%
474 nt in 10 seqs, min 39, max 54, avg 47
Masking 100%
Sorting by length 100%
Counting k-mers 100%
Clustering 100%
Sorting clusters 100%
Writing clusters 100%
Clusters: 9 Size min 1, max 2, avg 1.1
Singletons: 8, 80.0% of seqs, 88.9% of clusters
Multiple alignments 100%
vsearch v2.30.0_linux_x86_64, 94.1GB RAM, 24 cores
https://github.com/torognes/vsearch

Reading file results/clustering/cdr/pellet_VH_R3/cdr3_clusters/d845d839-a723-43dd-8f04-43b3fd02edb0-IGH.fasta 100%
339 nt in 10 seqs, min 30, max 36, avg 34
Masking 100%
Sorting by length 100%
Counting k-mers 100%
Clustering 100%
Sorting clusters 100%
Writing clusters 100%
Clusters: 8 Size min 1, max 2, avg 1.2
Singletons: 6, 60.0% of seqs, 75.0% of clusters
Multiple alignments 100%
vsearch v2.30.0_linux_x86_64, 94.1GB RAM, 24 cores
https://github.com/torognes/vsearch

Reading file results/clustering/cdr/pellet_VH_R3/cdr3_clusters/5dc39d54-83a9-4741-b7d1-e3d847ceacce-IGH.fasta 100%
738 nt in 21 seqs, min 21, max 42, avg 35
Masking 100%
Sorting by length 100%
Counting k-mers 100%
Clustering 100%
Sorting clusters 100%
Writing clusters 100%
Clusters: 20 Size min 1, max 2, avg 1.1
Singletons: 19, 90.5% of seqs, 95.0% of clusters
Multiple alignments 100%
vsearch v2.30.0_linux_x86_64, 94.1GB RAM, 24 cores
https://github.com/torognes/vsearch

Reading file results/clustering/cdr/pellet_VH_R3/cdr3_clusters/32e0efdd-d434-4368-837e-f4de3b8da823-IGH.fasta 100%
417 nt in 10 seqs, min 30, max 48, avg 42
Masking 100%
Sorting by length 100%
Counting k-mers 100%
Clustering 100%
Sorting clusters 100%
Writing clusters 100%
Clusters: 8 Size min 1, max 3, avg 1.2
Singletons: 7, 70.0% of seqs, 87.5% of clusters
Multiple alignments 100%
vsearch v2.30.0_linux_x86_64, 94.1GB RAM, 24 cores
https://github.com/torognes/vsearch

Reading file results/clustering/cdr/pellet_VH_R3/cdr3_clusters/10b61ea8-13a6-4ada-b934-87c536feaa0e-IGH.fasta 100%
288 nt in 12 seqs, min 24, max 24, avg 24
Masking 100%
Sorting by length 100%
Counting k-mers 100%
Clustering 100%
Sorting clusters 100%
Writing clusters 100%
Clusters: 10 Size min 1, max 3, avg 1.2
Singletons: 9, 75.0% of seqs, 90.0% of clusters
Multiple alignments 100%
vsearch v2.30.0_linux_x86_64, 94.1GB RAM, 24 cores
https://github.com/torognes/vsearch

Reading file results/clustering/cdr/pellet_VH_R3/cdr3_clusters/0fbf5b00-ddae-45cb-ac42-f66b51239d2e-IGH.fasta 100%
414 nt in 10 seqs, min 27, max 48, avg 41
Masking 100%
Sorting by length 100%
Counting k-mers 100%
Clustering 100%
Sorting clusters 100%
Writing clusters 100%
Clusters: 7 Size min 1, max 4, avg 1.4
Singletons: 6, 60.0% of seqs, 85.7% of clusters
Multiple alignments 100%
vsearch v2.30.0_linux_x86_64, 94.1GB RAM, 24 cores
https://github.com/torognes/vsearch

Reading file results/clustering/cdr/pellet_VH_R3/cdr3_clusters/32c8edaf-e30e-4d50-9fba-436bc2de7f28-IGH.fasta 100%
7121 nt in 164 seqs, min 21, max 60, avg 43
Masking 100%
Sorting by length 100%
Counting k-mers 100%
Clustering 100%
Sorting clusters 100%
Writing clusters 100%
Clusters: 83 Size min 1, max 63, avg 2.0
Singletons: 76, 46.3% of seqs, 91.6% of clusters
Multiple alignments 100%
vsearch v2.30.0_linux_x86_64, 94.1GB RAM, 24 cores
https://github.com/torognes/vsearch

Reading file results/clustering/cdr/pellet_VH_R3/cdr3_clusters/572399c6-6e18-42a3-aeb1-e8dc2b5a7d8b-IGH.fasta 100%
342 nt in 9 seqs, min 30, max 42, avg 38
Masking 100%
Sorting by length 100%
Counting k-mers 100%
Clustering 100%
Sorting clusters 100%
Writing clusters 100%
Clusters: 9 Size min 1, max 1, avg 1.0
Singletons: 9, 100.0% of seqs, 100.0% of clusters
Multiple alignments 100%
vsearch v2.30.0_linux_x86_64, 94.1GB RAM, 24 cores
https://github.com/torognes/vsearch

Reading file results/clustering/cdr/pellet_VH_R3/cdr3_clusters/70176c78-23d7-443d-b1d8-25816bd3958b-IGH.fasta 100%
210 nt in 5 seqs, min 36, max 48, avg 42
Masking 100%
Sorting by length 100%
Counting k-mers 100%
Clustering 100%
Sorting clusters 100%
Writing clusters 100%
Clusters: 5 Size min 1, max 1, avg 1.0
Singletons: 5, 100.0% of seqs, 100.0% of clusters
Multiple alignments 100%
vsearch v2.30.0_linux_x86_64, 94.1GB RAM, 24 cores
https://github.com/torognes/vsearch

Reading file results/clustering/cdr/pellet_VH_R3/cdr3_clusters/a216e75b-cd9c-4a85-9ecb-c2435b4ad60d-IGH.fasta 100%
285 nt in 8 seqs, min 12, max 54, avg 36
Masking 100%
Sorting by length 100%
Counting k-mers 100%
Clustering 100%
Sorting clusters 100%
Writing clusters 100%
Clusters: 5 Size min 1, max 3, avg 1.6
Singletons: 3, 37.5% of seqs, 60.0% of clusters
Multiple alignments 100%
vsearch v2.30.0_linux_x86_64, 94.1GB RAM, 24 cores
https://github.com/torognes/vsearch

Reading file results/clustering/cdr/pellet_VH_R3/cdr3_clusters/c5192cae-aee7-40fd-b4c7-2b8a7c4f88b4-IGH.fasta 100%
1126 nt in 26 seqs, min 31, max 51, avg 43
Masking 100%
Sorting by length 100%
Counting k-mers 100%
Clustering 100%
Sorting clusters 100%
Writing clusters 100%
Clusters: 19 Size min 1, max 5, avg 1.4
Singletons: 16, 61.5% of seqs, 84.2% of clusters
Multiple alignments 100%
vsearch v2.30.0_linux_x86_64, 94.1GB RAM, 24 cores
https://github.com/torognes/vsearch

Reading file results/clustering/cdr/pellet_VH_R3/cdr3_clusters/7fac9bee-6e9e-4d4b-ad7a-5148987b8049-IGH.fasta 100%
234 nt in 6 seqs, min 30, max 42, avg 39
Masking 100%
Sorting by length 100%
Counting k-mers 100%
Clustering 100%
Sorting clusters 100%
Writing clusters 100%
Clusters: 6 Size min 1, max 1, avg 1.0
Singletons: 6, 100.0% of seqs, 100.0% of clusters
Multiple alignments 100%
vsearch v2.30.0_linux_x86_64, 94.1GB RAM, 24 cores
https://github.com/torognes/vsearch

Reading file results/clustering/cdr/pellet_VH_R3/cdr3_clusters/69299ed4-f74e-4336-9fc0-224573003aab-IGH.fasta 100%
1076 nt in 25 seqs, min 24, max 51, avg 43
Masking 100%
Sorting by length 100%
Counting k-mers 100%
Clustering 100%
Sorting clusters 100%
Writing clusters 100%
Clusters: 24 Size min 1, max 2, avg 1.0
Singletons: 23, 92.0% of seqs, 95.8% of clusters
Multiple alignments 100%
vsearch v2.30.0_linux_x86_64, 94.1GB RAM, 24 cores
https://github.com/torognes/vsearch

Reading file results/clustering/cdr/pellet_VH_R3/cdr3_clusters/3baa1ba1-e910-4dd9-bae2-d9293fc43fb7-IGH.fasta 100%
564 nt in 19 seqs, min 15, max 39, avg 30
Masking 100%
Sorting by length 100%
Counting k-mers 100%
Clustering 100%
Sorting clusters 100%
Writing clusters 100%
Clusters: 19 Size min 1, max 1, avg 1.0
Singletons: 19, 100.0% of seqs, 100.0% of clusters
Multiple alignments 100%
vsearch v2.30.0_linux_x86_64, 94.1GB RAM, 24 cores
https://github.com/torognes/vsearch

Reading file results/clustering/cdr/pellet_VH_R3/cdr3_clusters/a291babb-34d5-43ee-8284-506e0d90ae02-IGH.fasta 100%
417 nt in 12 seqs, min 18, max 42, avg 35
Masking 100%
Sorting by length 100%
Counting k-mers 100%
Clustering 100%
Sorting clusters 100%
Writing clusters 100%
Clusters: 12 Size min 1, max 1, avg 1.0
Singletons: 12, 100.0% of seqs, 100.0% of clusters
Multiple alignments 100%
vsearch v2.30.0_linux_x86_64, 94.1GB RAM, 24 cores
https://github.com/torognes/vsearch

Reading file results/clustering/cdr/pellet_VH_R3/cdr3_clusters/23a5d8dc-2c84-41f2-a0aa-73a7ff8bc1ce-IGH.fasta 100%
1155 nt in 26 seqs, min 33, max 45, avg 44
Masking 100%
Sorting by length 100%
Counting k-mers 100%
Clustering 100%
Sorting clusters 100%
Writing clusters 100%
Clusters: 6 Size min 1, max 21, avg 4.3
Singletons: 5, 19.2% of seqs, 83.3% of clusters
Multiple alignments 100%
vsearch v2.30.0_linux_x86_64, 94.1GB RAM, 24 cores
https://github.com/torognes/vsearch

Reading file results/clustering/cdr/pellet_VH_R3/cdr3_clusters/faf59010-8e43-46b9-8306-db525729fbb7-IGH.fasta 100%
450 nt in 10 seqs, min 39, max 51, avg 45
Masking 100%
Sorting by length 100%
Counting k-mers 100%
Clustering 100%
Sorting clusters 100%
Writing clusters 100%
Clusters: 10 Size min 1, max 1, avg 1.0
Singletons: 10, 100.0% of seqs, 100.0% of clusters
Multiple alignments 100%
vsearch v2.30.0_linux_x86_64, 94.1GB RAM, 24 cores
https://github.com/torognes/vsearch

Reading file results/clustering/cdr/pellet_VH_R3/cdr3_clusters/94754c03-b480-4100-88de-3596658875cc-IGH.fasta 100%
2706 nt in 72 seqs, min 21, max 48, avg 38
Masking 100%
Sorting by length 100%
Counting k-mers 100%
Clustering 100%
Sorting clusters 100%
Writing clusters 100%
Clusters: 64 Size min 1, max 7, avg 1.1
Singletons: 61, 84.7% of seqs, 95.3% of clusters
Multiple alignments 100%
vsearch v2.30.0_linux_x86_64, 94.1GB RAM, 24 cores
https://github.com/torognes/vsearch

Reading file results/clustering/cdr/pellet_VH_R3/cdr3_clusters/c942930e-d269-4b6c-9b6a-1b556cebfd46-IGH.fasta 100%
699 nt in 20 seqs, min 30, max 36, avg 35
Masking 100%
Sorting by length 100%
Counting k-mers 100%
Clustering 100%
Sorting clusters 100%
Writing clusters 100%
Clusters: 12 Size min 1, max 9, avg 1.7
Singletons: 11, 55.0% of seqs, 91.7% of clusters
Multiple alignments 100%
vsearch v2.30.0_linux_x86_64, 94.1GB RAM, 24 cores
https://github.com/torognes/vsearch

Reading file results/clustering/cdr/pellet_VH_R3/cdr3_clusters/4d12e727-f7aa-4007-ae23-838678a3f27c-IGH.fasta 100%
1596 nt in 37 seqs, min 30, max 51, avg 43
Masking 100%
Sorting by length 100%
Counting k-mers 100%
Clustering 100%
Sorting clusters 100%
Writing clusters 100%
Clusters: 36 Size min 1, max 2, avg 1.0
Singletons: 35, 94.6% of seqs, 97.2% of clusters
Multiple alignments 100%
vsearch v2.30.0_linux_x86_64, 94.1GB RAM, 24 cores
https://github.com/torognes/vsearch

Reading file results/clustering/cdr/pellet_VH_R3/cdr3_clusters/faaffa93-43b8-4bf0-b5ae-0fba48e9828b-IGH.fasta 100%
570 nt in 31 seqs, min 12, max 42, avg 18
Masking 100%
Sorting by length 100%
Counting k-mers 100%
Clustering 100%
Sorting clusters 100%
Writing clusters 100%
Clusters: 23 Size min 1, max 8, avg 1.3
Singletons: 21, 67.7% of seqs, 91.3% of clusters
Multiple alignments 100%
vsearch v2.30.0_linux_x86_64, 94.1GB RAM, 24 cores
https://github.com/torognes/vsearch

Reading file results/clustering/cdr/pellet_VH_R3/cdr3_clusters/15ef8c6f-362c-4507-ac97-52808aab0c39-IGH.fasta 100%
2511 nt in 65 seqs, min 15, max 54, avg 39
Masking 100%
Sorting by length 100%
Counting k-mers 100%
Clustering 100%
Sorting clusters 100%
Writing clusters 100%
Clusters: 61 Size min 1, max 3, avg 1.1
Singletons: 58, 89.2% of seqs, 95.1% of clusters
Multiple alignments 100%
vsearch v2.30.0_linux_x86_64, 94.1GB RAM, 24 cores
https://github.com/torognes/vsearch

Reading file results/clustering/cdr/pellet_VH_R3/cdr3_clusters/1c4bbccc-2cba-47bb-8311-afc6aa3f54e2-IGH.fasta 100%
1665 nt in 39 seqs, min 24, max 63, avg 43
Masking 100%
Sorting by length 100%
Counting k-mers 100%
Clustering 100%
Sorting clusters 100%
Writing clusters 100%
Clusters: 37 Size min 1, max 3, avg 1.1
Singletons: 36, 92.3% of seqs, 97.3% of clusters
Multiple alignments 100%
vsearch v2.30.0_linux_x86_64, 94.1GB RAM, 24 cores
https://github.com/torognes/vsearch

Reading file results/clustering/cdr/pellet_VH_R3/cdr3_clusters/faa71d52-c978-48f2-9c85-c35ac6514096-IGH.fasta 100%
453 nt in 12 seqs, min 33, max 45, avg 38
Masking 100%
Sorting by length 100%
Counting k-mers 100%
Clustering 100%
Sorting clusters 100%
Writing clusters 100%
Clusters: 12 Size min 1, max 1, avg 1.0
Singletons: 12, 100.0% of seqs, 100.0% of clusters
Multiple alignments 100%
vsearch v2.30.0_linux_x86_64, 94.1GB RAM, 24 cores
https://github.com/torognes/vsearch

Reading file results/clustering/cdr/pellet_VH_R3/cdr3_clusters/04669f94-af43-46df-8c89-9de6eb81ec73-IGH.fasta 100%
210 nt in 7 seqs, min 30, max 30, avg 30
Masking 100%
Sorting by length 100%
Counting k-mers 100%
Clustering 100%
Sorting clusters 100%
Writing clusters 100%
Clusters: 4 Size min 1, max 4, avg 1.8
Singletons: 3, 42.9% of seqs, 75.0% of clusters
Multiple alignments 100%
vsearch v2.30.0_linux_x86_64, 94.1GB RAM, 24 cores
https://github.com/torognes/vsearch

Reading file results/clustering/cdr/pellet_VH_R3/cdr3_clusters/16462f34-040b-47d4-a840-d7c535bcd743-IGH.fasta 100%
1610 nt in 34 seqs, min 27, max 57, avg 47
Masking 100%
Sorting by length 100%
Counting k-mers 100%
Clustering 100%
Sorting clusters 100%
Writing clusters 100%
Clusters: 33 Size min 1, max 2, avg 1.0
Singletons: 32, 94.1% of seqs, 97.0% of clusters
Multiple alignments 100%
vsearch v2.30.0_linux_x86_64, 94.1GB RAM, 24 cores
https://github.com/torognes/vsearch

Reading file results/clustering/cdr/pellet_VH_R3/cdr3_clusters/e1cf86b9-1601-4ea0-b8c6-44a219ec2512-IGH.fasta 100%
0 nt in 0 seqs
minseqlength 6: 13 sequences discarded.
Masking 100%
Sorting by length 100%
Counting k-mers 100%
Clustering 100%
Sorting clusters 100%
Writing clusters 100%
Clusters: 0
Singletons: 0
Multiple alignments 100%
vsearch v2.30.0_linux_x86_64, 94.1GB RAM, 24 cores
https://github.com/torognes/vsearch

Reading file results/clustering/cdr/pellet_VH_R3/cdr3_clusters/f942f379-1ab8-4b79-a834-99294394ddaa-IGH.fasta 100%
717 nt in 19 seqs, min 18, max 45, avg 38
Masking 100%
Sorting by length 100%
Counting k-mers 100%
Clustering 100%
Sorting clusters 100%
Writing clusters 100%
Clusters: 16 Size min 1, max 4, avg 1.2
Singletons: 15, 78.9% of seqs, 93.8% of clusters
Multiple alignments 100%
vsearch v2.30.0_linux_x86_64, 94.1GB RAM, 24 cores
https://github.com/torognes/vsearch

Reading file results/clustering/cdr/pellet_VH_R3/cdr3_clusters/0a8afb3d-7a8d-4d44-97da-e312d4bd3a21-IGH.fasta 100%
0 nt in 0 seqs
minseqlength 6: 90 sequences discarded.
Masking 100%
Sorting by length 100%
Counting k-mers 100%
Clustering 100%
Sorting clusters 100%
Writing clusters 100%
Clusters: 0
Singletons: 0
Multiple alignments 100%
vsearch v2.30.0_linux_x86_64, 94.1GB RAM, 24 cores
https://github.com/torognes/vsearch

Reading file results/clustering/cdr/pellet_VH_R3/cdr3_clusters/93355ca4-843a-4224-b93c-f05f0872cfcb-IGH.fasta 100%
204 nt in 6 seqs, min 27, max 39, avg 34
Masking 100%
Sorting by length 100%
Counting k-mers 100%
Clustering 100%
Sorting clusters 100%
Writing clusters 100%
Clusters: 6 Size min 1, max 1, avg 1.0
Singletons: 6, 100.0% of seqs, 100.0% of clusters
Multiple alignments 100%
vsearch v2.30.0_linux_x86_64, 94.1GB RAM, 24 cores
https://github.com/torognes/vsearch

Reading file results/clustering/cdr/pellet_VH_R3/cdr3_clusters/90100e50-41f2-4dee-af43-f38e04ae9fd6-IGH.fasta 100%
624 nt in 14 seqs, min 33, max 51, avg 45
Masking 100%
Sorting by length 100%
Counting k-mers 100%
Clustering 100%
Sorting clusters 100%
Writing clusters 100%
Clusters: 13 Size min 1, max 2, avg 1.1
Singletons: 12, 85.7% of seqs, 92.3% of clusters
Multiple alignments 100%
vsearch v2.30.0_linux_x86_64, 94.1GB RAM, 24 cores
https://github.com/torognes/vsearch

Reading file results/clustering/cdr/pellet_VH_R3/cdr3_clusters/8ad378fb-11f4-4080-8a59-ef2488602ce6-IGH.fasta 100%
612 nt in 18 seqs, min 21, max 42, avg 34
Masking 100%
Sorting by length 100%
Counting k-mers 100%
Clustering 100%
Sorting clusters 100%
Writing clusters 100%
Clusters: 17 Size min 1, max 2, avg 1.1
Singletons: 16, 88.9% of seqs, 94.1% of clusters
Multiple alignments 100%
vsearch v2.30.0_linux_x86_64, 94.1GB RAM, 24 cores
https://github.com/torognes/vsearch

Reading file results/clustering/cdr/pellet_VH_R3/cdr3_clusters/5b724eb4-0f07-448b-b3e6-4ffe5b7f9f8b-IGH.fasta 100%
309 nt in 8 seqs, min 27, max 45, avg 39
Masking 100%
Sorting by length 100%
Counting k-mers 100%
Clustering 100%
Sorting clusters 100%
Writing clusters 100%
Clusters: 8 Size min 1, max 1, avg 1.0
Singletons: 8, 100.0% of seqs, 100.0% of clusters
Multiple alignments 100%
vsearch v2.30.0_linux_x86_64, 94.1GB RAM, 24 cores
https://github.com/torognes/vsearch

Reading file results/clustering/cdr/pellet_VH_R3/cdr3_clusters/c654b215-9f68-4861-bd1c-f1b0be4ab595-IGH.fasta 100%
1092 nt in 26 seqs, min 33, max 57, avg 42
Masking 100%
Sorting by length 100%
Counting k-mers 100%
Clustering 100%
Sorting clusters 100%
Writing clusters 100%
Clusters: 26 Size min 1, max 1, avg 1.0
Singletons: 26, 100.0% of seqs, 100.0% of clusters
Multiple alignments 100%
vsearch v2.30.0_linux_x86_64, 94.1GB RAM, 24 cores
https://github.com/torognes/vsearch

Reading file results/clustering/cdr/pellet_VH_R3/cdr3_clusters/f49fd023-3392-4521-8954-d847c7cfd5cd-IGH.fasta 100%
264 nt in 5 seqs, min 39, max 57, avg 53
Masking 100%
Sorting by length 100%
Counting k-mers 100%
Clustering 100%
Sorting clusters 100%
Writing clusters 100%
Clusters: 5 Size min 1, max 1, avg 1.0
Singletons: 5, 100.0% of seqs, 100.0% of clusters
Multiple alignments 100%
vsearch v2.30.0_linux_x86_64, 94.1GB RAM, 24 cores
https://github.com/torognes/vsearch

Reading file results/clustering/cdr/pellet_VH_R3/cdr3_clusters/4fb25c80-cec1-4304-be3b-d42ebf65d6e8-IGH.fasta 100%
597 nt in 13 seqs, min 33, max 54, avg 46
Masking 100%
Sorting by length 100%
Counting k-mers 100%
Clustering 100%
Sorting clusters 100%
Writing clusters 100%
Clusters: 11 Size min 1, max 2, avg 1.2
Singletons: 9, 69.2% of seqs, 81.8% of clusters
Multiple alignments 100%
vsearch v2.30.0_linux_x86_64, 94.1GB RAM, 24 cores
https://github.com/torognes/vsearch

Reading file results/clustering/cdr/pellet_VH_R3/cdr3_clusters/dbb4cc47-e6dc-4510-91c8-58f5ac7bc749-IGH.fasta 100%
1263 nt in 29 seqs, min 21, max 63, avg 44
Masking 100%
Sorting by length 100%
Counting k-mers 100%
Clustering 100%
Sorting clusters 100%
Writing clusters 100%
Clusters: 28 Size min 1, max 2, avg 1.0
Singletons: 27, 93.1% of seqs, 96.4% of clusters
Multiple alignments 100%
vsearch v2.30.0_linux_x86_64, 94.1GB RAM, 24 cores
https://github.com/torognes/vsearch

Reading file results/clustering/cdr/pellet_VH_R3/cdr3_clusters/cc21c29a-2983-4903-b478-a07c08202bff-IGH.fasta 100%
3027 nt in 74 seqs, min 18, max 54, avg 41
Masking 100%
Sorting by length 100%
Counting k-mers 100%
Clustering 100%
Sorting clusters 100%
Writing clusters 100%
Clusters: 61 Size min 1, max 7, avg 1.2
Singletons: 54, 73.0% of seqs, 88.5% of clusters
Multiple alignments 100%
vsearch v2.30.0_linux_x86_64, 94.1GB RAM, 24 cores
https://github.com/torognes/vsearch

Reading file results/clustering/cdr/pellet_VH_R3/cdr3_clusters/c26f180f-4d57-4443-bf71-a031082a63d8-IGH.fasta 100%
1204 nt in 38 seqs, min 18, max 42, avg 32
Masking 100%
Sorting by length 100%
Counting k-mers 100%
Clustering 100%
Sorting clusters 100%
Writing clusters 100%
Clusters: 37 Size min 1, max 2, avg 1.0
Singletons: 36, 94.7% of seqs, 97.3% of clusters
Multiple alignments 100%
vsearch v2.30.0_linux_x86_64, 94.1GB RAM, 24 cores
https://github.com/torognes/vsearch

Reading file results/clustering/cdr/pellet_VH_R3/cdr3_clusters/890aafc0-3dd3-4234-8327-0dc7fc0cc55e-IGH.fasta 100%
237 nt in 6 seqs, min 24, max 48, avg 40
Masking 100%
Sorting by length 100%
Counting k-mers 100%
Clustering 100%
Sorting clusters 100%
Writing clusters 100%
Clusters: 6 Size min 1, max 1, avg 1.0
Singletons: 6, 100.0% of seqs, 100.0% of clusters
Multiple alignments 100%
vsearch v2.30.0_linux_x86_64, 94.1GB RAM, 24 cores
https://github.com/torognes/vsearch

Reading file results/clustering/cdr/pellet_VH_R3/cdr3_clusters/8f22bfee-3b06-4958-9c39-d0bd2409ea74-IGH.fasta 100%
540 nt in 13 seqs, min 30, max 51, avg 42
Masking 100%
Sorting by length 100%
Counting k-mers 100%
Clustering 100%
Sorting clusters 100%
Writing clusters 100%
Clusters: 12 Size min 1, max 2, avg 1.1
Singletons: 11, 84.6% of seqs, 91.7% of clusters
Multiple alignments 100%
vsearch v2.30.0_linux_x86_64, 94.1GB RAM, 24 cores
https://github.com/torognes/vsearch

Reading file results/clustering/cdr/pellet_VH_R3/cdr3_clusters/b3058006-1fc5-40c1-808e-bff6a03eaf47-IGH.fasta 100%
426 nt in 12 seqs, min 18, max 51, avg 36
Masking 100%
Sorting by length 100%
Counting k-mers 100%
Clustering 100%
Sorting clusters 100%
Writing clusters 100%
Clusters: 11 Size min 1, max 2, avg 1.1
Singletons: 10, 83.3% of seqs, 90.9% of clusters
Multiple alignments 100%
vsearch v2.30.0_linux_x86_64, 94.1GB RAM, 24 cores
https://github.com/torognes/vsearch

Reading file results/clustering/cdr/pellet_VH_R3/cdr3_clusters/36005ce5-9e45-4d4c-995b-160990387c29-IGH.fasta 100%
0 nt in 0 seqs
minseqlength 6: 6 sequences discarded.
Masking 100%
Sorting by length 100%
Counting k-mers 100%
Clustering 100%
Sorting clusters 100%
Writing clusters 100%
Clusters: 0
Singletons: 0
Multiple alignments 100%
vsearch v2.30.0_linux_x86_64, 94.1GB RAM, 24 cores
https://github.com/torognes/vsearch

Reading file results/clustering/cdr/pellet_VH_R3/cdr3_clusters/3a83d565-758c-4025-a4cb-13367054fa2f-IGH.fasta 100%
330 nt in 7 seqs, min 36, max 51, avg 47
Masking 100%
Sorting by length 100%
Counting k-mers 100%
Clustering 100%
Sorting clusters 100%
Writing clusters 100%
Clusters: 5 Size min 1, max 3, avg 1.4
Singletons: 4, 57.1% of seqs, 80.0% of clusters
Multiple alignments 100%
vsearch v2.30.0_linux_x86_64, 94.1GB RAM, 24 cores
https://github.com/torognes/vsearch

Reading file results/clustering/cdr/pellet_VH_R3/cdr3_clusters/c043e6ba-5a69-4cd7-9b31-7a34b971a0b0-IGH.fasta 100%
156 nt in 6 seqs, min 15, max 81, avg 26
Masking 100%
Sorting by length 100%
Counting k-mers 100%
Clustering 100%
Sorting clusters 100%
Writing clusters 100%
Clusters: 4 Size min 1, max 3, avg 1.5
Singletons: 3, 50.0% of seqs, 75.0% of clusters
Multiple alignments 100%
vsearch v2.30.0_linux_x86_64, 94.1GB RAM, 24 cores
https://github.com/torognes/vsearch

Reading file results/clustering/cdr/pellet_VH_R3/cdr3_clusters/639ca605-8ecc-4b6c-91e2-d81dd53fcd6d-IGH.fasta 100%
246 nt in 7 seqs, min 30, max 36, avg 35
Masking 100%
Sorting by length 100%
Counting k-mers 100%
Clustering 100%
Sorting clusters 100%
Writing clusters 100%
Clusters: 2 Size min 1, max 6, avg 3.5
Singletons: 1, 14.3% of seqs, 50.0% of clusters
Multiple alignments 100%
vsearch v2.30.0_linux_x86_64, 94.1GB RAM, 24 cores
https://github.com/torognes/vsearch

Reading file results/clustering/cdr/pellet_VH_R3/cdr3_clusters/c9ae2e7e-9a4e-4863-8393-b6c4306c1ae4-IGH.fasta 100%
499 nt in 12 seqs, min 32, max 138, avg 42
Masking 100%
Sorting by length 100%
Counting k-mers 100%
Clustering 100%
Sorting clusters 100%
Writing clusters 100%
Clusters: 4 Size min 1, max 9, avg 3.0
Singletons: 3, 25.0% of seqs, 75.0% of clusters
Multiple alignments 100%
vsearch v2.30.0_linux_x86_64, 94.1GB RAM, 24 cores
https://github.com/torognes/vsearch

Reading file results/clustering/cdr/pellet_VH_R3/cdr3_clusters/6121a9bd-1b70-4021-9d98-700daac9c326-IGH.fasta 100%
498 nt in 16 seqs, min 30, max 42, avg 31
Masking 100%
Sorting by length 100%
Counting k-mers 100%
Clustering 100%
Sorting clusters 100%
Writing clusters 100%
Clusters: 4 Size min 1, max 12, avg 4.0
Singletons: 2, 12.5% of seqs, 50.0% of clusters
Multiple alignments 100%
vsearch v2.30.0_linux_x86_64, 94.1GB RAM, 24 cores
https://github.com/torognes/vsearch

Reading file results/clustering/cdr/pellet_VH_R3/cdr3_clusters/0a04e4a9-a0e4-48e9-a7df-0c833d5652da-IGH.fasta 100%
350 nt in 9 seqs, min 24, max 50, avg 39
Masking 100%
Sorting by length 100%
Counting k-mers 100%
Clustering 100%
Sorting clusters 100%
Writing clusters 100%
Clusters: 9 Size min 1, max 1, avg 1.0
Singletons: 9, 100.0% of seqs, 100.0% of clusters
Multiple alignments 100%
vsearch v2.30.0_linux_x86_64, 94.1GB RAM, 24 cores
https://github.com/torognes/vsearch

Reading file results/clustering/cdr/pellet_VH_R3/cdr3_clusters/45c3519c-26a9-4fc2-b9d8-b397940bd1f7-IGH.fasta 100%
207 nt in 5 seqs, min 33, max 45, avg 41
Masking 100%
Sorting by length 100%
Counting k-mers 100%
Clustering 100%
Sorting clusters 100%
Writing clusters 100%
Clusters: 4 Size min 1, max 2, avg 1.2
Singletons: 3, 60.0% of seqs, 75.0% of clusters
Multiple alignments 100%
vsearch v2.30.0_linux_x86_64, 94.1GB RAM, 24 cores
https://github.com/torognes/vsearch

Reading file results/clustering/cdr/pellet_VH_R3/cdr3_clusters/d92ff3e1-6bd0-4c73-b2e7-ac8d913a337e-IGH.fasta 100%
207 nt in 5 seqs, min 36, max 51, avg 41
Masking 100%
Sorting by length 100%
Counting k-mers 100%
Clustering 100%
Sorting clusters 100%
Writing clusters 100%
Clusters: 5 Size min 1, max 1, avg 1.0
Singletons: 5, 100.0% of seqs, 100.0% of clusters
Multiple alignments 100%
vsearch v2.30.0_linux_x86_64, 94.1GB RAM, 24 cores
https://github.com/torognes/vsearch

Reading file results/clustering/cdr/pellet_VH_R3/cdr3_clusters/27ccd4c7-c38a-4e22-b04b-c701c0ee8eb3-IGH.fasta 100%
228 nt in 5 seqs, min 42, max 48, avg 46
Masking 100%
Sorting by length 100%
Counting k-mers 100%
Clustering 100%
Sorting clusters 100%
Writing clusters 100%
Clusters: 4 Size min 1, max 2, avg 1.2
Singletons: 3, 60.0% of seqs, 75.0% of clusters
Multiple alignments 100%
vsearch v2.30.0_linux_x86_64, 94.1GB RAM, 24 cores
https://github.com/torognes/vsearch

Reading file results/clustering/cdr/pellet_VH_R3/cdr3_clusters/84c603ad-a4a2-4fc6-adb8-13f3ade0f693-IGH.fasta 100%
2637 nt in 71 seqs, min 21, max 51, avg 37
Masking 100%
Sorting by length 100%
Counting k-mers 100%
Clustering 100%
Sorting clusters 100%
Writing clusters 100%
Clusters: 53 Size min 1, max 13, avg 1.3
Singletons: 47, 66.2% of seqs, 88.7% of clusters
Multiple alignments 100%
vsearch v2.30.0_linux_x86_64, 94.1GB RAM, 24 cores
https://github.com/torognes/vsearch

Reading file results/clustering/cdr/pellet_VH_R3/cdr3_clusters/3c46a0f1-d9d7-483d-b634-89bf205bc013-IGH.fasta 100%
291 nt in 8 seqs, min 24, max 39, avg 36
minseqlength 6: 1 sequence discarded.
Masking 100%
Sorting by length 100%
Counting k-mers 100%
Clustering 100%
Sorting clusters 100%
Writing clusters 100%
Clusters: 5 Size min 1, max 4, avg 1.6
Singletons: 4, 50.0% of seqs, 80.0% of clusters
Multiple alignments 100%
vsearch v2.30.0_linux_x86_64, 94.1GB RAM, 24 cores
https://github.com/torognes/vsearch

Reading file results/clustering/cdr/pellet_VH_R3/cdr3_clusters/cae5c70f-26dc-4a9c-9ce4-c6df0b3a705a-IGH.fasta 100%
1823 nt in 40 seqs, min 27, max 60, avg 46
Masking 100%
Sorting by length 100%
Counting k-mers 100%
Clustering 100%
Sorting clusters 100%
Writing clusters 100%
Clusters: 40 Size min 1, max 1, avg 1.0
Singletons: 40, 100.0% of seqs, 100.0% of clusters
Multiple alignments 100%
vsearch v2.30.0_linux_x86_64, 94.1GB RAM, 24 cores
https://github.com/torognes/vsearch

Reading file results/clustering/cdr/pellet_VH_R3/cdr3_clusters/03a3fa23-f9b9-494f-9c68-9f85060460e4-IGH.fasta 100%
270 nt in 6 seqs, min 45, max 45, avg 45
Masking 100%
Sorting by length 100%
Counting k-mers 100%
Clustering 100%
Sorting clusters 100%
Writing clusters 100%
Clusters: 2 Size min 1, max 5, avg 3.0
Singletons: 1, 16.7% of seqs, 50.0% of clusters
Multiple alignments 100%
vsearch v2.30.0_linux_x86_64, 94.1GB RAM, 24 cores
https://github.com/torognes/vsearch

Reading file results/clustering/cdr/pellet_VH_R3/cdr3_clusters/a2ad66f6-a60a-47d0-bc14-1dcdb46123c5-IGH.fasta 100%
5614 nt in 149 seqs, min 21, max 48, avg 38
Masking 100%
Sorting by length 100%
Counting k-mers 100%
Clustering 100%
Sorting clusters 100%
Writing clusters 100%
Clusters: 140 Size min 1, max 3, avg 1.1
Singletons: 133, 89.3% of seqs, 95.0% of clusters
Multiple alignments 100%
vsearch v2.30.0_linux_x86_64, 94.1GB RAM, 24 cores
https://github.com/torognes/vsearch

Reading file results/clustering/cdr/pellet_VH_R3/cdr3_clusters/ffe7b0d1-8c8e-4582-9109-347f8123b8d9-IGH.fasta 100%
140 nt in 6 seqs, min 15, max 30, avg 23
Masking 100%
Sorting by length 100%
Counting k-mers 100%
Clustering 100%
Sorting clusters 100%
Writing clusters 100%
Clusters: 5 Size min 1, max 2, avg 1.2
Singletons: 4, 66.7% of seqs, 80.0% of clusters
Multiple alignments 100%
vsearch v2.30.0_linux_x86_64, 94.1GB RAM, 24 cores
https://github.com/torognes/vsearch

Reading file results/clustering/cdr/pellet_VH_R3/cdr3_clusters/e903b29d-26a5-4431-b9d9-c593297c5aa1-IGH.fasta 100%
213 nt in 5 seqs, min 42, max 45, avg 43
Masking 100%
Sorting by length 100%
Counting k-mers 100%
Clustering 100%
Sorting clusters 100%
Writing clusters 100%
Clusters: 2 Size min 1, max 4, avg 2.5
Singletons: 1, 20.0% of seqs, 50.0% of clusters
Multiple alignments 100%
vsearch v2.30.0_linux_x86_64, 94.1GB RAM, 24 cores
https://github.com/torognes/vsearch

Reading file results/clustering/cdr/pellet_VH_R3/cdr3_clusters/51ecd895-aae3-42e2-bc2f-640cebc86e1c-IGH.fasta 100%
207 nt in 7 seqs, min 21, max 39, avg 30
Masking 100%
Sorting by length 100%
Counting k-mers 100%
Clustering 100%
Sorting clusters 100%
Writing clusters 100%
Clusters: 7 Size min 1, max 1, avg 1.0
Singletons: 7, 100.0% of seqs, 100.0% of clusters
Multiple alignments 100%
vsearch v2.30.0_linux_x86_64, 94.1GB RAM, 24 cores
https://github.com/torognes/vsearch

Reading file results/clustering/cdr/pellet_VH_R3/cdr3_clusters/9fa42872-cfdf-4a15-a794-694dd114a326-IGH.fasta 100%
1102 nt in 30 seqs, min 24, max 45, avg 37
Masking 100%
Sorting by length 100%
Counting k-mers 100%
Clustering 100%
Sorting clusters 100%
Writing clusters 100%
Clusters: 30 Size min 1, max 1, avg 1.0
Singletons: 30, 100.0% of seqs, 100.0% of clusters
Multiple alignments 100%
vsearch v2.30.0_linux_x86_64, 94.1GB RAM, 24 cores
https://github.com/torognes/vsearch

Reading file results/clustering/cdr/pellet_VH_R3/cdr3_clusters/fdc00c46-68eb-429a-a85b-6f94303f0b1c-IGH.fasta 100%
216 nt in 6 seqs, min 33, max 39, avg 36
Masking 100%
Sorting by length 100%
Counting k-mers 100%
Clustering 100%
Sorting clusters 100%
Writing clusters 100%
Clusters: 6 Size min 1, max 1, avg 1.0
Singletons: 6, 100.0% of seqs, 100.0% of clusters
Multiple alignments 100%
vsearch v2.30.0_linux_x86_64, 94.1GB RAM, 24 cores
https://github.com/torognes/vsearch

Reading file results/clustering/cdr/pellet_VH_R3/cdr3_clusters/de84b016-93e4-4039-8dd6-9fccdfc1b3b0-IGH.fasta 100%
753 nt in 18 seqs, min 33, max 51, avg 42
Masking 100%
Sorting by length 100%
Counting k-mers 100%
Clustering 100%
Sorting clusters 100%
Writing clusters 100%
Clusters: 18 Size min 1, max 1, avg 1.0
Singletons: 18, 100.0% of seqs, 100.0% of clusters
Multiple alignments 100%
vsearch v2.30.0_linux_x86_64, 94.1GB RAM, 24 cores
https://github.com/torognes/vsearch

Reading file results/clustering/cdr/pellet_VH_R3/cdr3_clusters/958131e1-b86f-45b4-8b6c-401c61501b1c-IGH.fasta 100%
651 nt in 17 seqs, min 21, max 45, avg 38
Masking 100%
Sorting by length 100%
Counting k-mers 100%
Clustering 100%
Sorting clusters 100%
Writing clusters 100%
Clusters: 14 Size min 1, max 3, avg 1.2
Singletons: 12, 70.6% of seqs, 85.7% of clusters
Multiple alignments 100%
vsearch v2.30.0_linux_x86_64, 94.1GB RAM, 24 cores
https://github.com/torognes/vsearch

Reading file results/clustering/cdr/pellet_VH_R3/cdr3_clusters/3655ab27-7090-4dc6-99da-a0b66964a2e1-IGH.fasta 100%
279 nt in 9 seqs, min 24, max 36, avg 31
Masking 100%
Sorting by length 100%
Counting k-mers 100%
Clustering 100%
Sorting clusters 100%
Writing clusters 100%
Clusters: 9 Size min 1, max 1, avg 1.0
Singletons: 9, 100.0% of seqs, 100.0% of clusters
Multiple alignments 100%
vsearch v2.30.0_linux_x86_64, 94.1GB RAM, 24 cores
https://github.com/torognes/vsearch

Reading file results/clustering/cdr/pellet_VH_R3/cdr3_clusters/02fadd5f-6735-4c49-b645-7395b6786e3d-IGH.fasta 100%
1235 nt in 33 seqs, min 27, max 42, avg 37
Masking 100%
Sorting by length 100%
Counting k-mers 100%
Clustering 100%
Sorting clusters 100%
Writing clusters 100%
Clusters: 32 Size min 1, max 2, avg 1.0
Singletons: 31, 93.9% of seqs, 96.9% of clusters
Multiple alignments 100%
vsearch v2.30.0_linux_x86_64, 94.1GB RAM, 24 cores
https://github.com/torognes/vsearch

Reading file results/clustering/cdr/pellet_VH_R3/cdr3_clusters/4b894b13-0c76-48c2-96cb-6b81b6a7e00e-IGH.fasta 100%
1795 nt in 51 seqs, min 18, max 42, avg 35
Masking 100%
Sorting by length 100%
Counting k-mers 100%
Clustering 100%
Sorting clusters 100%
Writing clusters 100%
Clusters: 50 Size min 1, max 2, avg 1.0
Singletons: 49, 96.1% of seqs, 98.0% of clusters
Multiple alignments 100%
vsearch v2.30.0_linux_x86_64, 94.1GB RAM, 24 cores
https://github.com/torognes/vsearch

Reading file results/clustering/cdr/pellet_VH_R3/cdr3_clusters/913f04c0-d353-4f6a-9f10-863e0ab89900-IGH.fasta 100%
909 nt in 27 seqs, min 33, max 45, avg 34
Masking 100%
Sorting by length 100%
Counting k-mers 100%
Clustering 100%
Sorting clusters 100%
Writing clusters 100%
Clusters: 6 Size min 1, max 17, avg 4.5
Singletons: 4, 14.8% of seqs, 66.7% of clusters
Multiple alignments 100%
vsearch v2.30.0_linux_x86_64, 94.1GB RAM, 24 cores
https://github.com/torognes/vsearch

Reading file results/clustering/cdr/pellet_VH_R3/cdr3_clusters/9c0ebc94-7ce9-4679-8b52-24cb4a94d961-IGH.fasta 100%
14267 nt in 365 seqs, min 18, max 54, avg 39
Masking 100%
Sorting by length 100%
Counting k-mers 100%
Clustering 100%
Sorting clusters 100%
Writing clusters 100%
Clusters: 300 Size min 1, max 15, avg 1.2
Singletons: 261, 71.5% of seqs, 87.0% of clusters
Multiple alignments 100%
vsearch v2.30.0_linux_x86_64, 94.1GB RAM, 24 cores
https://github.com/torognes/vsearch

Reading file results/clustering/cdr/pellet_VH_R3/cdr3_clusters/cffacf98-4166-4a77-9cf9-37fa5b7bb598-IGH.fasta 100%
846 nt in 19 seqs, min 33, max 51, avg 45
Masking 100%
Sorting by length 100%
Counting k-mers 100%
Clustering 100%
Sorting clusters 100%
Writing clusters 100%
Clusters: 13 Size min 1, max 4, avg 1.5
Singletons: 10, 52.6% of seqs, 76.9% of clusters
Multiple alignments 100%
vsearch v2.30.0_linux_x86_64, 94.1GB RAM, 24 cores
https://github.com/torognes/vsearch

Reading file results/clustering/cdr/pellet_VH_R3/cdr3_clusters/61770ded-dd64-4eaf-8d36-c9a2b727c770-IGH.fasta 100%
1307 nt in 36 seqs, min 29, max 48, avg 36
minseqlength 6: 1 sequence discarded.
Masking 100%
Sorting by length 100%
Counting k-mers 100%
Clustering 100%
Sorting clusters 100%
Writing clusters 100%
Clusters: 34 Size min 1, max 2, avg 1.1
Singletons: 32, 88.9% of seqs, 94.1% of clusters
Multiple alignments 100%
vsearch v2.30.0_linux_x86_64, 94.1GB RAM, 24 cores
https://github.com/torognes/vsearch

Reading file results/clustering/cdr/pellet_VH_R3/cdr3_clusters/2a170d7f-73f6-4ad3-a0f1-8c3c3017f3b8-IGH.fasta 100%
351 nt in 9 seqs, min 30, max 51, avg 39
Masking 100%
Sorting by length 100%
Counting k-mers 100%
Clustering 100%
Sorting clusters 100%
Writing clusters 100%
Clusters: 9 Size min 1, max 1, avg 1.0
Singletons: 9, 100.0% of seqs, 100.0% of clusters
Multiple alignments 100%
vsearch v2.30.0_linux_x86_64, 94.1GB RAM, 24 cores
https://github.com/torognes/vsearch

Reading file results/clustering/cdr/pellet_VH_R3/cdr3_clusters/d3c5135e-3f52-45c5-8208-a7bd1d31b9ed-IGH.fasta 100%
390 nt in 8 seqs, min 42, max 54, avg 49
Masking 100%
Sorting by length 100%
Counting k-mers 100%
Clustering 100%
Sorting clusters 100%
Writing clusters 100%
Clusters: 7 Size min 1, max 2, avg 1.1
Singletons: 6, 75.0% of seqs, 85.7% of clusters
Multiple alignments 100%
vsearch v2.30.0_linux_x86_64, 94.1GB RAM, 24 cores
https://github.com/torognes/vsearch

Reading file results/clustering/cdr/pellet_VH_R3/cdr3_clusters/a242dbfa-da16-4798-a789-1eeadaac9171-IGH.fasta 100%
225 nt in 7 seqs, min 27, max 33, avg 32
Masking 100%
Sorting by length 100%
Counting k-mers 100%
Clustering 100%
Sorting clusters 100%
Writing clusters 100%
Clusters: 2 Size min 1, max 6, avg 3.5
Singletons: 1, 14.3% of seqs, 50.0% of clusters
Multiple alignments 100%
vsearch v2.30.0_linux_x86_64, 94.1GB RAM, 24 cores
https://github.com/torognes/vsearch

Reading file results/clustering/cdr/pellet_VH_R3/cdr3_clusters/12c7b759-f0b2-4411-b226-1799fa380116-IGH.fasta 100%
1251 nt in 27 seqs, min 36, max 48, avg 46
Masking 100%
Sorting by length 100%
Counting k-mers 100%
Clustering 100%
Sorting clusters 100%
Writing clusters 100%
Clusters: 10 Size min 1, max 15, avg 2.7
Singletons: 8, 29.6% of seqs, 80.0% of clusters
Multiple alignments 100%
vsearch v2.30.0_linux_x86_64, 94.1GB RAM, 24 cores
https://github.com/torognes/vsearch

Reading file results/clustering/cdr/pellet_VH_R3/cdr3_clusters/2c999c1f-cada-44ce-8903-6cf7036b6a60-IGH.fasta 100%
1909 nt in 48 seqs, min 21, max 48, avg 40
Masking 100%
Sorting by length 100%
Counting k-mers 100%
Clustering 100%
Sorting clusters 100%
Writing clusters 100%
Clusters: 43 Size min 1, max 3, avg 1.1
Singletons: 39, 81.2% of seqs, 90.7% of clusters
Multiple alignments 100%
vsearch v2.30.0_linux_x86_64, 94.1GB RAM, 24 cores
https://github.com/torognes/vsearch

Reading file results/clustering/cdr/pellet_VH_R3/cdr3_clusters/f005188d-8f14-4f5a-9092-87b0f78dd96c-IGH.fasta 100%
129 nt in 5 seqs, min 21, max 30, avg 26
Masking 100%
Sorting by length 100%
Counting k-mers 100%
Clustering 100%
Sorting clusters 100%
Writing clusters 100%
Clusters: 5 Size min 1, max 1, avg 1.0
Singletons: 5, 100.0% of seqs, 100.0% of clusters
Multiple alignments 100%
vsearch v2.30.0_linux_x86_64, 94.1GB RAM, 24 cores
https://github.com/torognes/vsearch

Reading file results/clustering/cdr/pellet_VH_R3/cdr3_clusters/cfee25ae-84ce-4b06-b2db-aa8d2227061e-IGH.fasta 100%
264 nt in 6 seqs, min 33, max 54, avg 44
Masking 100%
Sorting by length 100%
Counting k-mers 100%
Clustering 100%
Sorting clusters 100%
Writing clusters 100%
Clusters: 6 Size min 1, max 1, avg 1.0
Singletons: 6, 100.0% of seqs, 100.0% of clusters
Multiple alignments 100%
vsearch v2.30.0_linux_x86_64, 94.1GB RAM, 24 cores
https://github.com/torognes/vsearch

Reading file results/clustering/cdr/pellet_VH_R3/cdr3_clusters/559173e3-7073-484b-8270-d54202e21df8-IGH.fasta 100%
225 nt in 5 seqs, min 45, max 45, avg 45
Masking 100%
Sorting by length 100%
Counting k-mers 100%
Clustering 100%
Sorting clusters 100%
Writing clusters 100%
Clusters: 4 Size min 1, max 2, avg 1.2
Singletons: 3, 60.0% of seqs, 75.0% of clusters
Multiple alignments 100%
vsearch v2.30.0_linux_x86_64, 94.1GB RAM, 24 cores
https://github.com/torognes/vsearch

Reading file results/clustering/cdr/pellet_VH_R3/cdr3_clusters/620c38d3-76e5-47c9-85b4-3dc79f4197e3-IGH.fasta 100%
671 nt in 14 seqs, min 42, max 54, avg 48
Masking 100%
Sorting by length 100%
Counting k-mers 100%
Clustering 100%
Sorting clusters 100%
Writing clusters 100%
Clusters: 14 Size min 1, max 1, avg 1.0
Singletons: 14, 100.0% of seqs, 100.0% of clusters
Multiple alignments 100%
vsearch v2.30.0_linux_x86_64, 94.1GB RAM, 24 cores
https://github.com/torognes/vsearch

Reading file results/clustering/cdr/pellet_VH_R3/cdr3_clusters/cf76b34f-47e6-4e81-832a-eaa70b755839-IGH.fasta 100%
270 nt in 7 seqs, min 27, max 45, avg 39
Masking 100%
Sorting by length 100%
Counting k-mers 100%
Clustering 100%
Sorting clusters 100%
Writing clusters 100%
Clusters: 7 Size min 1, max 1, avg 1.0
Singletons: 7, 100.0% of seqs, 100.0% of clusters
Multiple alignments 100%
vsearch v2.30.0_linux_x86_64, 94.1GB RAM, 24 cores
https://github.com/torognes/vsearch

Reading file results/clustering/cdr/pellet_VH_R3/cdr3_clusters/18209afc-7d96-446d-997f-c667d4395a92-IGH.fasta 100%
351 nt in 11 seqs, min 21, max 33, avg 32
Masking 100%
Sorting by length 100%
Counting k-mers 100%
Clustering 100%
Sorting clusters 100%
Writing clusters 100%
Clusters: 5 Size min 1, max 7, avg 2.2
Singletons: 4, 36.4% of seqs, 80.0% of clusters
Multiple alignments 100%
vsearch v2.30.0_linux_x86_64, 94.1GB RAM, 24 cores
https://github.com/torognes/vsearch

Reading file results/clustering/cdr/pellet_VH_R3/cdr3_clusters/e9d49222-2f40-4230-b090-bede65a78e83-IGH.fasta 100%
300 nt in 7 seqs, min 39, max 48, avg 43
Masking 100%
Sorting by length 100%
Counting k-mers 100%
Clustering 100%
Sorting clusters 100%
Writing clusters 100%
Clusters: 6 Size min 1, max 2, avg 1.2
Singletons: 5, 71.4% of seqs, 83.3% of clusters
Multiple alignments 100%
vsearch v2.30.0_linux_x86_64, 94.1GB RAM, 24 cores
https://github.com/torognes/vsearch

Reading file results/clustering/cdr/pellet_VH_R3/cdr3_clusters/201dc4c2-eb0f-437d-b44e-c05480de7b8b-IGH.fasta 100%
623 nt in 14 seqs, min 30, max 51, avg 44
Masking 100%
Sorting by length 100%
Counting k-mers 100%
Clustering 100%
Sorting clusters 100%
Writing clusters 100%
Clusters: 8 Size min 1, max 7, avg 1.8
Singletons: 7, 50.0% of seqs, 87.5% of clusters
Multiple alignments 100%
vsearch v2.30.0_linux_x86_64, 94.1GB RAM, 24 cores
https://github.com/torognes/vsearch

Reading file results/clustering/cdr/pellet_VH_R3/cdr3_clusters/d9bea998-a82a-4acd-8bca-4f26b4a1d16e-IGH.fasta 100%
219 nt in 5 seqs, min 36, max 48, avg 44
Masking 100%
Sorting by length 100%
Counting k-mers 100%
Clustering 100%
Sorting clusters 100%
Writing clusters 100%
Clusters: 5 Size min 1, max 1, avg 1.0
Singletons: 5, 100.0% of seqs, 100.0% of clusters
Multiple alignments 100%
vsearch v2.30.0_linux_x86_64, 94.1GB RAM, 24 cores
https://github.com/torognes/vsearch

Reading file results/clustering/cdr/pellet_VH_R3/cdr3_clusters/fbbd008e-4a68-4844-8844-7b30396440cd-IGH.fasta 100%
1149 nt in 32 seqs, min 33, max 45, avg 36
Masking 100%
Sorting by length 100%
Counting k-mers 100%
Clustering 100%
Sorting clusters 100%
Writing clusters 100%
Clusters: 11 Size min 1, max 20, avg 2.9
Singletons: 8, 25.0% of seqs, 72.7% of clusters
Multiple alignments 100%
vsearch v2.30.0_linux_x86_64, 94.1GB RAM, 24 cores
https://github.com/torognes/vsearch

Reading file results/clustering/cdr/pellet_VH_R3/cdr3_clusters/70c481c0-b251-40dd-8b52-c7a628e02e82-IGH.fasta 100%
0 nt in 0 seqs
minseqlength 6: 113 sequences discarded.
Masking 100%
Sorting by length 100%
Counting k-mers 100%
Clustering 100%
Sorting clusters 100%
Writing clusters 100%
Clusters: 0
Singletons: 0
Multiple alignments 100%
vsearch v2.30.0_linux_x86_64, 94.1GB RAM, 24 cores
https://github.com/torognes/vsearch

Reading file results/clustering/cdr/pellet_VH_R3/cdr3_clusters/27f0deb9-1df2-49e7-8529-e641b6ce2b39-IGH.fasta 100%
495 nt in 13 seqs, min 27, max 51, avg 38
Masking 100%
Sorting by length 100%
Counting k-mers 100%
Clustering 100%
Sorting clusters 100%
Writing clusters 100%
Clusters: 10 Size min 1, max 3, avg 1.3
Singletons: 8, 61.5% of seqs, 80.0% of clusters
Multiple alignments 100%
vsearch v2.30.0_linux_x86_64, 94.1GB RAM, 24 cores
https://github.com/torognes/vsearch

Reading file results/clustering/cdr/pellet_VH_R3/cdr3_clusters/04e7abc3-3acd-4361-aaca-7f370060ce02-IGH.fasta 100%
480 nt in 11 seqs, min 36, max 45, avg 44
Masking 100%
Sorting by length 100%
Counting k-mers 100%
Clustering 100%
Sorting clusters 100%
Writing clusters 100%
Clusters: 4 Size min 1, max 8, avg 2.8
Singletons: 3, 27.3% of seqs, 75.0% of clusters
Multiple alignments 100%
vsearch v2.30.0_linux_x86_64, 94.1GB RAM, 24 cores
https://github.com/torognes/vsearch

Reading file results/clustering/cdr/pellet_VH_R3/cdr3_clusters/8051df21-589a-43cd-8b7c-ba1274f47567-IGH.fasta 100%
275 nt in 7 seqs, min 36, max 42, avg 39
Masking 100%
Sorting by length 100%
Counting k-mers 100%
Clustering 100%
Sorting clusters 100%
Writing clusters 100%
Clusters: 6 Size min 1, max 2, avg 1.2
Singletons: 5, 71.4% of seqs, 83.3% of clusters
Multiple alignments 100%
vsearch v2.30.0_linux_x86_64, 94.1GB RAM, 24 cores
https://github.com/torognes/vsearch

Reading file results/clustering/cdr/pellet_VH_R3/cdr3_clusters/46abc187-3631-4387-8ea7-c1054e850ba9-IGH.fasta 100%
219 nt in 7 seqs, min 27, max 33, avg 31
Masking 100%
Sorting by length 100%
Counting k-mers 100%
Clustering 100%
Sorting clusters 100%
Writing clusters 100%
Clusters: 6 Size min 1, max 2, avg 1.2
Singletons: 5, 71.4% of seqs, 83.3% of clusters
Multiple alignments 100%
vsearch v2.30.0_linux_x86_64, 94.1GB RAM, 24 cores
https://github.com/torognes/vsearch

Reading file results/clustering/cdr/pellet_VH_R3/cdr3_clusters/3ebc71ae-124c-4682-a022-32555360554b-IGH.fasta 100%
3324 nt in 79 seqs, min 27, max 45, avg 42
Masking 100%
Sorting by length 100%
Counting k-mers 100%
Clustering 100%
Sorting clusters 100%
Writing clusters 100%
Clusters: 29 Size min 1, max 50, avg 2.7
Singletons: 27, 34.2% of seqs, 93.1% of clusters
Multiple alignments 100%
vsearch v2.30.0_linux_x86_64, 94.1GB RAM, 24 cores
https://github.com/torognes/vsearch

Reading file results/clustering/cdr/pellet_VH_R3/cdr3_clusters/1f4867d8-6aff-4258-9f2c-682412b68f2c-IGH.fasta 100%
390 nt in 10 seqs, min 27, max 45, avg 39
Masking 100%
Sorting by length 100%
Counting k-mers 100%
Clustering 100%
Sorting clusters 100%
Writing clusters 100%
Clusters: 9 Size min 1, max 2, avg 1.1
Singletons: 8, 80.0% of seqs, 88.9% of clusters
Multiple alignments 100%
vsearch v2.30.0_linux_x86_64, 94.1GB RAM, 24 cores
https://github.com/torognes/vsearch

Reading file results/clustering/cdr/pellet_VH_R3/cdr3_clusters/49ac4cf8-cfeb-4134-aa9a-822418e7a9a2-IGH.fasta 100%
0 nt in 0 seqs
minseqlength 6: 19 sequences discarded.
Masking 100%
Sorting by length 100%
Counting k-mers 100%
Clustering 100%
Sorting clusters 100%
Writing clusters 100%
Clusters: 0
Singletons: 0
Multiple alignments 100%
vsearch v2.30.0_linux_x86_64, 94.1GB RAM, 24 cores
https://github.com/torognes/vsearch

Reading file results/clustering/cdr/pellet_VH_R3/cdr3_clusters/4aba11ce-4740-4ef8-bf17-8ff2f99bc82d-IGH.fasta 100%
1041 nt in 32 seqs, min 18, max 39, avg 33
Masking 100%
Sorting by length 100%
Counting k-mers 100%
Clustering 100%
Sorting clusters 100%
Writing clusters 100%
Clusters: 20 Size min 1, max 12, avg 1.6
Singletons: 18, 56.2% of seqs, 90.0% of clusters
Multiple alignments 100%
vsearch v2.30.0_linux_x86_64, 94.1GB RAM, 24 cores
https://github.com/torognes/vsearch

Reading file results/clustering/cdr/pellet_VH_R3/cdr3_clusters/7b5250d3-ae0c-4286-bf09-877c5bf23bbb-IGH.fasta 100%
9793 nt in 252 seqs, min 27, max 48, avg 39
Masking 100%
Sorting by length 100%
Counting k-mers 100%
Clustering 100%
Sorting clusters 100%
Writing clusters 100%
Clusters: 185 Size min 1, max 8, avg 1.4
Singletons: 144, 57.1% of seqs, 77.8% of clusters
Multiple alignments 100%
vsearch v2.30.0_linux_x86_64, 94.1GB RAM, 24 cores
https://github.com/torognes/vsearch

Reading file results/clustering/cdr/pellet_VH_R3/cdr3_clusters/c897ed0a-489d-4f41-890b-c88ab708ef58-IGH.fasta 100%
279 nt in 9 seqs, min 15, max 36, avg 31
Masking 100%
Sorting by length 100%
Counting k-mers 100%
Clustering 100%
Sorting clusters 100%
Writing clusters 100%
Clusters: 9 Size min 1, max 1, avg 1.0
Singletons: 9, 100.0% of seqs, 100.0% of clusters
Multiple alignments 100%
vsearch v2.30.0_linux_x86_64, 94.1GB RAM, 24 cores
https://github.com/torognes/vsearch

Reading file results/clustering/cdr/pellet_VH_R3/cdr3_clusters/64f30407-213b-4253-8105-de43289772b5-IGH.fasta 100%
327 nt in 9 seqs, min 30, max 48, avg 36
Masking 100%
Sorting by length 100%
Counting k-mers 100%
Clustering 100%
Sorting clusters 100%
Writing clusters 100%
Clusters: 5 Size min 1, max 5, avg 1.8
Singletons: 4, 44.4% of seqs, 80.0% of clusters
Multiple alignments 100%
vsearch v2.30.0_linux_x86_64, 94.1GB RAM, 24 cores
https://github.com/torognes/vsearch

Reading file results/clustering/cdr/pellet_VH_R3/cdr3_clusters/04ed18eb-4825-44d9-8cae-20a1c2c24c6c-IGH.fasta 100%
282 nt in 8 seqs, min 30, max 39, avg 35
Masking 100%
Sorting by length 100%
Counting k-mers 100%
Clustering 100%
Sorting clusters 100%
Writing clusters 100%
Clusters: 8 Size min 1, max 1, avg 1.0
Singletons: 8, 100.0% of seqs, 100.0% of clusters
Multiple alignments 100%
vsearch v2.30.0_linux_x86_64, 94.1GB RAM, 24 cores
https://github.com/torognes/vsearch

Reading file results/clustering/cdr/pellet_VH_R3/cdr3_clusters/1bbadc67-301c-47b8-93f8-09bd307779d7-IGH.fasta 100%
2580 nt in 65 seqs, min 24, max 51, avg 40
Masking 100%
Sorting by length 100%
Counting k-mers 100%
Clustering 100%
Sorting clusters 100%
Writing clusters 100%
Clusters: 53 Size min 1, max 8, avg 1.2
Singletons: 48, 73.8% of seqs, 90.6% of clusters
Multiple alignments 100%
vsearch v2.30.0_linux_x86_64, 94.1GB RAM, 24 cores
https://github.com/torognes/vsearch

Reading file results/clustering/cdr/pellet_VH_R3/cdr3_clusters/510d6118-b2a7-4e7c-b6d8-51a24ed7b5cc-IGH.fasta 100%
1783 nt in 47 seqs, min 18, max 57, avg 38
Masking 100%
Sorting by length 100%
Counting k-mers 100%
Clustering 100%
Sorting clusters 100%
Writing clusters 100%
Clusters: 43 Size min 1, max 2, avg 1.1
Singletons: 39, 83.0% of seqs, 90.7% of clusters
Multiple alignments 100%
vsearch v2.30.0_linux_x86_64, 94.1GB RAM, 24 cores
https://github.com/torognes/vsearch

Reading file results/clustering/cdr/pellet_VH_R3/cdr3_clusters/0250d991-f39f-43da-aa4b-dcb8fe2feb74-IGH.fasta 100%
300 nt in 5 seqs, min 51, max 66, avg 60
Masking 100%
Sorting by length 100%
Counting k-mers 100%
Clustering 100%
Sorting clusters 100%
Writing clusters 100%
Clusters: 4 Size min 1, max 2, avg 1.2
Singletons: 3, 60.0% of seqs, 75.0% of clusters
Multiple alignments 100%
vsearch v2.30.0_linux_x86_64, 94.1GB RAM, 24 cores
https://github.com/torognes/vsearch

Reading file results/clustering/cdr/pellet_VH_R3/cdr3_clusters/c95a36a7-a037-4d25-b3fd-1d1fac6b801f-IGH.fasta 100%
258 nt in 7 seqs, min 27, max 48, avg 37
Masking 100%
Sorting by length 100%
Counting k-mers 100%
Clustering 100%
Sorting clusters 100%
Writing clusters 100%
Clusters: 6 Size min 1, max 2, avg 1.2
Singletons: 5, 71.4% of seqs, 83.3% of clusters
Multiple alignments 100%
vsearch v2.30.0_linux_x86_64, 94.1GB RAM, 24 cores
https://github.com/torognes/vsearch

Reading file results/clustering/cdr/pellet_VH_R3/cdr3_clusters/2b7d7435-afac-4d41-b5b5-6feda43d4039-IGH.fasta 100%
1929 nt in 51 seqs, min 18, max 54, avg 38
Masking 100%
Sorting by length 100%
Counting k-mers 100%
Clustering 100%
Sorting clusters 100%
Writing clusters 100%
Clusters: 47 Size min 1, max 3, avg 1.1
Singletons: 44, 86.3% of seqs, 93.6% of clusters
Multiple alignments 100%
vsearch v2.30.0_linux_x86_64, 94.1GB RAM, 24 cores
https://github.com/torognes/vsearch

Reading file results/clustering/cdr/pellet_VH_R3/cdr3_clusters/1d435c54-ee63-43a4-afb2-33992b68ec20-IGH.fasta 100%
975 nt in 22 seqs, min 33, max 48, avg 44
Masking 100%
Sorting by length 100%
Counting k-mers 100%
Clustering 100%
Sorting clusters 100%
Writing clusters 100%
Clusters: 12 Size min 1, max 9, avg 1.8
Singletons: 9, 40.9% of seqs, 75.0% of clusters
Multiple alignments 100%
vsearch v2.30.0_linux_x86_64, 94.1GB RAM, 24 cores
https://github.com/torognes/vsearch

Reading file results/clustering/cdr/pellet_VH_R3/cdr3_clusters/d87974cf-52b1-4106-96d4-b5e59fc773b3-IGH.fasta 100%
849 nt in 29 seqs, min 18, max 36, avg 29
minseqlength 6: 2 sequences discarded.
Masking 100%
Sorting by length 100%
Counting k-mers 100%
Clustering 100%
Sorting clusters 100%
Writing clusters 100%
Clusters: 26 Size min 1, max 2, avg 1.1
Singletons: 23, 79.3% of seqs, 88.5% of clusters
Multiple alignments 100%
vsearch v2.30.0_linux_x86_64, 94.1GB RAM, 24 cores
https://github.com/torognes/vsearch

Reading file results/clustering/cdr/pellet_VH_R3/cdr3_clusters/351e53e2-2c02-4385-8c38-a75ef7ada178-IGH.fasta 100%
3291 nt in 93 seqs, min 21, max 42, avg 35
Masking 100%
Sorting by length 100%
Counting k-mers 100%
Clustering 100%
Sorting clusters 100%
Writing clusters 100%
Clusters: 84 Size min 1, max 4, avg 1.1
Singletons: 77, 82.8% of seqs, 91.7% of clusters
Multiple alignments 100%
vsearch v2.30.0_linux_x86_64, 94.1GB RAM, 24 cores
https://github.com/torognes/vsearch

Reading file results/clustering/cdr/pellet_VH_R3/cdr3_clusters/e8df9cb3-3fa4-4aa5-84f4-f83eb386f132-IGH.fasta 100%
681 nt in 17 seqs, min 24, max 45, avg 40
Masking 100%
Sorting by length 100%
Counting k-mers 100%
Clustering 100%
Sorting clusters 100%
Writing clusters 100%
Clusters: 11 Size min 1, max 4, avg 1.5
Singletons: 7, 41.2% of seqs, 63.6% of clusters
Multiple alignments 100%
vsearch v2.30.0_linux_x86_64, 94.1GB RAM, 24 cores
https://github.com/torognes/vsearch

Reading file results/clustering/cdr/pellet_VH_R3/cdr3_clusters/825bb241-e750-4098-99b4-8c03b6ab03e7-IGH.fasta 100%
294 nt in 6 seqs, min 39, max 54, avg 49
Masking 100%
Sorting by length 100%
Counting k-mers 100%
Clustering 100%
Sorting clusters 100%
Writing clusters 100%
Clusters: 6 Size min 1, max 1, avg 1.0
Singletons: 6, 100.0% of seqs, 100.0% of clusters
Multiple alignments 100%
vsearch v2.30.0_linux_x86_64, 94.1GB RAM, 24 cores
https://github.com/torognes/vsearch

Reading file results/clustering/cdr/pellet_VH_R3/cdr3_clusters/35fb8f62-5fdd-4db8-9676-620f19110c5f-IGH.fasta 100%
237 nt in 6 seqs, min 36, max 45, avg 40
Masking 100%
Sorting by length 100%
Counting k-mers 100%
Clustering 100%
Sorting clusters 100%
Writing clusters 100%
Clusters: 6 Size min 1, max 1, avg 1.0
Singletons: 6, 100.0% of seqs, 100.0% of clusters
Multiple alignments 100%
vsearch v2.30.0_linux_x86_64, 94.1GB RAM, 24 cores
https://github.com/torognes/vsearch

Reading file results/clustering/cdr/pellet_VH_R3/cdr3_clusters/2e42046f-49fa-416d-b7f2-1e01a939f46c-IGH.fasta 100%
291 nt in 6 seqs, min 36, max 66, avg 48
Masking 100%
Sorting by length 100%
Counting k-mers 100%
Clustering 100%
Sorting clusters 100%
Writing clusters 100%
Clusters: 6 Size min 1, max 1, avg 1.0
Singletons: 6, 100.0% of seqs, 100.0% of clusters
Multiple alignments 100%
vsearch v2.30.0_linux_x86_64, 94.1GB RAM, 24 cores
https://github.com/torognes/vsearch

Reading file results/clustering/cdr/pellet_VH_R3/cdr3_clusters/c149993c-739b-4ed8-b012-51210da05056-IGH.fasta 100%
306 nt in 8 seqs, min 30, max 45, avg 38
minseqlength 6: 2 sequences discarded.
Masking 100%
Sorting by length 100%
Counting k-mers 100%
Clustering 100%
Sorting clusters 100%
Writing clusters 100%
Clusters: 8 Size min 1, max 1, avg 1.0
Singletons: 8, 100.0% of seqs, 100.0% of clusters
Multiple alignments 100%
vsearch v2.30.0_linux_x86_64, 94.1GB RAM, 24 cores
https://github.com/torognes/vsearch

Reading file results/clustering/cdr/pellet_VH_R3/cdr3_clusters/4ad562e5-8600-4450-9f84-b4948683572a-IGH.fasta 100%
0 nt in 0 seqs
minseqlength 6: 25 sequences discarded.
Masking 100%
Sorting by length 100%
Counting k-mers 100%
Clustering 100%
Sorting clusters 100%
Writing clusters 100%
Clusters: 0
Singletons: 0
Multiple alignments 100%
vsearch v2.30.0_linux_x86_64, 94.1GB RAM, 24 cores
https://github.com/torognes/vsearch

Reading file results/clustering/cdr/pellet_VH_R3/cdr3_clusters/0bb2575b-6b3b-4186-8f12-1f9506189a61-IGH.fasta 100%
207 nt in 6 seqs, min 18, max 45, avg 34
Masking 100%
Sorting by length 100%
Counting k-mers 100%
Clustering 100%
Sorting clusters 100%
Writing clusters 100%
Clusters: 6 Size min 1, max 1, avg 1.0
Singletons: 6, 100.0% of seqs, 100.0% of clusters
Multiple alignments 100%
vsearch v2.30.0_linux_x86_64, 94.1GB RAM, 24 cores
https://github.com/torognes/vsearch

Reading file results/clustering/cdr/pellet_VH_R3/cdr3_clusters/4cbed421-f759-49f8-9b8b-21e11cf73f68-IGH.fasta 100%
342 nt in 9 seqs, min 24, max 45, avg 38
Masking 100%
Sorting by length 100%
Counting k-mers 100%
Clustering 100%
Sorting clusters 100%
Writing clusters 100%
Clusters: 9 Size min 1, max 1, avg 1.0
Singletons: 9, 100.0% of seqs, 100.0% of clusters
Multiple alignments 100%
vsearch v2.30.0_linux_x86_64, 94.1GB RAM, 24 cores
https://github.com/torognes/vsearch

Reading file results/clustering/cdr/pellet_VH_R3/cdr3_clusters/58f0e4e6-16f9-4ab9-9509-9323f637b552-IGH.fasta 100%
402 nt in 12 seqs, min 15, max 42, avg 34
Masking 100%
Sorting by length 100%
Counting k-mers 100%
Clustering 100%
Sorting clusters 100%
Writing clusters 100%
Clusters: 12 Size min 1, max 1, avg 1.0
Singletons: 12, 100.0% of seqs, 100.0% of clusters
Multiple alignments 100%
vsearch v2.30.0_linux_x86_64, 94.1GB RAM, 24 cores
https://github.com/torognes/vsearch

Reading file results/clustering/cdr/pellet_VH_R3/cdr3_clusters/4d36ca89-229c-4489-ad19-73c223852498-IGH.fasta 100%
1218 nt in 38 seqs, min 18, max 36, avg 32
Masking 100%
Sorting by length 100%
Counting k-mers 100%
Clustering 100%
Sorting clusters 100%
Writing clusters 100%
Clusters: 33 Size min 1, max 3, avg 1.2
Singletons: 30, 78.9% of seqs, 90.9% of clusters
Multiple alignments 100%
vsearch v2.30.0_linux_x86_64, 94.1GB RAM, 24 cores
https://github.com/torognes/vsearch

Reading file results/clustering/cdr/pellet_VH_R3/cdr3_clusters/1774aa20-16c5-4800-9238-180cdef26abd-IGH.fasta 100%
1788 nt in 44 seqs, min 30, max 48, avg 41
Masking 100%
Sorting by length 100%
Counting k-mers 100%
Clustering 100%
Sorting clusters 100%
Writing clusters 100%
Clusters: 37 Size min 1, max 3, avg 1.2
Singletons: 31, 70.5% of seqs, 83.8% of clusters
Multiple alignments 100%
vsearch v2.30.0_linux_x86_64, 94.1GB RAM, 24 cores
https://github.com/torognes/vsearch

Reading file results/clustering/cdr/pellet_VH_R3/cdr3_clusters/393f780a-f9a3-49b1-874f-3aecabd267a9-IGH.fasta 100%
1011 nt in 27 seqs, min 15, max 54, avg 37
Masking 100%
Sorting by length 100%
Counting k-mers 100%
Clustering 100%
Sorting clusters 100%
Writing clusters 100%
Clusters: 27 Size min 1, max 1, avg 1.0
Singletons: 27, 100.0% of seqs, 100.0% of clusters
Multiple alignments 100%
vsearch v2.30.0_linux_x86_64, 94.1GB RAM, 24 cores
https://github.com/torognes/vsearch

Reading file results/clustering/cdr/pellet_VH_R3/cdr3_clusters/cc7bff68-81d6-4cb9-8681-090bcff9d658-IGH.fasta 100%
1194 nt in 30 seqs, min 21, max 51, avg 40
Masking 100%
Sorting by length 100%
Counting k-mers 100%
Clustering 100%
Sorting clusters 100%
Writing clusters 100%
Clusters: 30 Size min 1, max 1, avg 1.0
Singletons: 30, 100.0% of seqs, 100.0% of clusters
Multiple alignments 100%
vsearch v2.30.0_linux_x86_64, 94.1GB RAM, 24 cores
https://github.com/torognes/vsearch

Reading file results/clustering/cdr/pellet_VH_R3/cdr3_clusters/b4545163-7461-4223-aecf-2a706aaf0cdd-IGH.fasta 100%
219 nt in 5 seqs, min 21, max 57, avg 44
Masking 100%
Sorting by length 100%
Counting k-mers 100%
Clustering 100%
Sorting clusters 100%
Writing clusters 100%
Clusters: 5 Size min 1, max 1, avg 1.0
Singletons: 5, 100.0% of seqs, 100.0% of clusters
Multiple alignments 100%
vsearch v2.30.0_linux_x86_64, 94.1GB RAM, 24 cores
https://github.com/torognes/vsearch

Reading file results/clustering/cdr/pellet_VH_R3/cdr3_clusters/8a69e7be-59de-44ae-9395-7da8771c51a0-IGH.fasta 100%
261 nt in 8 seqs, min 27, max 36, avg 33
Masking 100%
Sorting by length 100%
Counting k-mers 100%
Clustering 100%
Sorting clusters 100%
Writing clusters 100%
Clusters: 6 Size min 1, max 3, avg 1.3
Singletons: 5, 62.5% of seqs, 83.3% of clusters
Multiple alignments 100%
vsearch v2.30.0_linux_x86_64, 94.1GB RAM, 24 cores
https://github.com/torognes/vsearch

Reading file results/clustering/cdr/pellet_VH_R3/cdr3_clusters/91a410d1-22cb-471c-b23a-efb31489494a-IGH.fasta 100%
4736 nt in 125 seqs, min 15, max 48, avg 38
Masking 100%
Sorting by length 100%
Counting k-mers 100%
Clustering 100%
Sorting clusters 100%
Writing clusters 100%
Clusters: 113 Size min 1, max 3, avg 1.1
Singletons: 102, 81.6% of seqs, 90.3% of clusters
Multiple alignments 100%
vsearch v2.30.0_linux_x86_64, 94.1GB RAM, 24 cores
https://github.com/torognes/vsearch

Reading file results/clustering/cdr/pellet_VH_R3/cdr3_clusters/c8c6d0c8-3adf-47d2-928a-a69e9212fa9c-IGH.fasta 100%
501 nt in 14 seqs, min 21, max 45, avg 36
Masking 100%
Sorting by length 100%
Counting k-mers 100%
Clustering 100%
Sorting clusters 100%
Writing clusters 100%
Clusters: 14 Size min 1, max 1, avg 1.0
Singletons: 14, 100.0% of seqs, 100.0% of clusters
Multiple alignments 100%
vsearch v2.30.0_linux_x86_64, 94.1GB RAM, 24 cores
https://github.com/torognes/vsearch

Reading file results/clustering/cdr/pellet_VH_R3/cdr3_clusters/3621e1b6-10de-4657-ab15-871211306d99-IGH.fasta 100%
5744 nt in 143 seqs, min 30, max 66, avg 40
Masking 100%
Sorting by length 100%
Counting k-mers 100%
Clustering 100%
Sorting clusters 100%
Writing clusters 100%
Clusters: 111 Size min 1, max 7, avg 1.3
Singletons: 94, 65.7% of seqs, 84.7% of clusters
Multiple alignments 100%
vsearch v2.30.0_linux_x86_64, 94.1GB RAM, 24 cores
https://github.com/torognes/vsearch

Reading file results/clustering/cdr/pellet_VH_R3/cdr3_clusters/30f533fb-3a1c-46d8-9f93-ec3b90ad5e04-IGH.fasta 100%
558 nt in 14 seqs, min 39, max 45, avg 40
Masking 100%
Sorting by length 100%
Counting k-mers 100%
Clustering 100%
Sorting clusters 100%
Writing clusters 100%
Clusters: 3 Size min 1, max 12, avg 4.7
Singletons: 2, 14.3% of seqs, 66.7% of clusters
Multiple alignments 100%
vsearch v2.30.0_linux_x86_64, 94.1GB RAM, 24 cores
https://github.com/torognes/vsearch

Reading file results/clustering/cdr/pellet_VH_R3/cdr3_clusters/71175076-bae8-47e0-8969-3364a39840f4-IGH.fasta 100%
498 nt in 16 seqs, min 21, max 39, avg 31
Masking 100%
Sorting by length 100%
Counting k-mers 100%
Clustering 100%
Sorting clusters 100%
Writing clusters 100%
Clusters: 15 Size min 1, max 2, avg 1.1
Singletons: 14, 87.5% of seqs, 93.3% of clusters
Multiple alignments 100%
vsearch v2.30.0_linux_x86_64, 94.1GB RAM, 24 cores
https://github.com/torognes/vsearch

Reading file results/clustering/cdr/pellet_VH_R3/cdr3_clusters/5b9da268-4977-4e24-a452-2f1e3f084e5c-IGH.fasta 100%
237 nt in 6 seqs, min 36, max 48, avg 40
Masking 100%
Sorting by length 100%
Counting k-mers 100%
Clustering 100%
Sorting clusters 100%
Writing clusters 100%
Clusters: 5 Size min 1, max 2, avg 1.2
Singletons: 4, 66.7% of seqs, 80.0% of clusters
Multiple alignments 100%
vsearch v2.30.0_linux_x86_64, 94.1GB RAM, 24 cores
https://github.com/torognes/vsearch

Reading file results/clustering/cdr/pellet_VH_R3/cdr3_clusters/1457974c-5b32-4001-b511-35c0f47786f0-IGH.fasta 100%
285 nt in 7 seqs, min 36, max 45, avg 41
Masking 100%
Sorting by length 100%
Counting k-mers 100%
Clustering 100%
Sorting clusters 100%
Writing clusters 100%
Clusters: 4 Size min 1, max 3, avg 1.8
Singletons: 2, 28.6% of seqs, 50.0% of clusters
Multiple alignments 100%
vsearch v2.30.0_linux_x86_64, 94.1GB RAM, 24 cores
https://github.com/torognes/vsearch

Reading file results/clustering/cdr/pellet_VH_R3/cdr3_clusters/97f88307-78a2-403d-b3af-600a3b1cd2a9-IGH.fasta 100%
4083 nt in 93 seqs, min 30, max 57, avg 44
Masking 100%
Sorting by length 100%
Counting k-mers 100%
Clustering 100%
Sorting clusters 100%
Writing clusters 100%
Clusters: 87 Size min 1, max 5, avg 1.1
Singletons: 84, 90.3% of seqs, 96.6% of clusters
Multiple alignments 100%
vsearch v2.30.0_linux_x86_64, 94.1GB RAM, 24 cores
https://github.com/torognes/vsearch

Reading file results/clustering/cdr/pellet_VH_R3/cdr3_clusters/6ae37343-07b8-4b26-b728-5fd12ea83c79-IGH.fasta 100%
165 nt in 5 seqs, min 27, max 39, avg 33
Masking 100%
Sorting by length 100%
Counting k-mers 100%
Clustering 100%
Sorting clusters 100%
Writing clusters 100%
Clusters: 5 Size min 1, max 1, avg 1.0
Singletons: 5, 100.0% of seqs, 100.0% of clusters
Multiple alignments 100%
vsearch v2.30.0_linux_x86_64, 94.1GB RAM, 24 cores
https://github.com/torognes/vsearch

Reading file results/clustering/cdr/pellet_VH_R3/cdr3_clusters/c0a2321d-bab4-4153-b93c-8e14df52e7a1-IGH.fasta 100%
1221 nt in 29 seqs, min 21, max 51, avg 42
Masking 100%
Sorting by length 100%
Counting k-mers 100%
Clustering 100%
Sorting clusters 100%
Writing clusters 100%
Clusters: 27 Size min 1, max 2, avg 1.1
Singletons: 25, 86.2% of seqs, 92.6% of clusters
Multiple alignments 100%
vsearch v2.30.0_linux_x86_64, 94.1GB RAM, 24 cores
https://github.com/torognes/vsearch

Reading file results/clustering/cdr/pellet_VH_R3/cdr3_clusters/076eaaeb-2be6-45f7-af55-82bf8066e3e1-IGH.fasta 100%
300 nt in 9 seqs, min 18, max 36, avg 33
Masking 100%
Sorting by length 100%
Counting k-mers 100%
Clustering 100%
Sorting clusters 100%
Writing clusters 100%
Clusters: 6 Size min 1, max 3, avg 1.5
Singletons: 4, 44.4% of seqs, 66.7% of clusters
Multiple alignments 100%
vsearch v2.30.0_linux_x86_64, 94.1GB RAM, 24 cores
https://github.com/torognes/vsearch

Reading file results/clustering/cdr/pellet_VH_R3/cdr3_clusters/b9524b85-2391-4c1f-8663-7cf0a08e38aa-IGH.fasta 100%
273 nt in 7 seqs, min 30, max 42, avg 39
Masking 100%
Sorting by length 100%
Counting k-mers 100%
Clustering 100%
Sorting clusters 100%
Writing clusters 100%
Clusters: 6 Size min 1, max 2, avg 1.2
Singletons: 5, 71.4% of seqs, 83.3% of clusters
Multiple alignments 100%
vsearch v2.30.0_linux_x86_64, 94.1GB RAM, 24 cores
https://github.com/torognes/vsearch

Reading file results/clustering/cdr/pellet_VH_R3/cdr3_clusters/6ce17771-339e-4e35-afd0-c340114e7f8e-IGH.fasta 100%
231 nt in 5 seqs, min 36, max 57, avg 46
Masking 100%
Sorting by length 100%
Counting k-mers 100%
Clustering 100%
Sorting clusters 100%
Writing clusters 100%
Clusters: 5 Size min 1, max 1, avg 1.0
Singletons: 5, 100.0% of seqs, 100.0% of clusters
Multiple alignments 100%
vsearch v2.30.0_linux_x86_64, 94.1GB RAM, 24 cores
https://github.com/torognes/vsearch

Reading file results/clustering/cdr/pellet_VH_R3/cdr3_clusters/40ce6955-d681-46fb-b33d-e1824bf6b2bd-IGH.fasta 100%
225 nt in 5 seqs, min 45, max 45, avg 45
Masking 100%
Sorting by length 100%
Counting k-mers 100%
Clustering 100%
Sorting clusters 100%
Writing clusters 100%
Clusters: 2 Size min 2, max 3, avg 2.5
Singletons: 0, 0.0% of seqs, 0.0% of clusters
Multiple alignments 100%
vsearch v2.30.0_linux_x86_64, 94.1GB RAM, 24 cores
https://github.com/torognes/vsearch

Reading file results/clustering/cdr/pellet_VH_R3/cdr3_clusters/91738c50-14ec-4ee1-973e-37de5c394dde-IGH.fasta 100%
526 nt in 13 seqs, min 21, max 51, avg 40
Masking 100%
Sorting by length 100%
Counting k-mers 100%
Clustering 100%
Sorting clusters 100%
Writing clusters 100%
Clusters: 12 Size min 1, max 2, avg 1.1
Singletons: 11, 84.6% of seqs, 91.7% of clusters
Multiple alignments 100%
vsearch v2.30.0_linux_x86_64, 94.1GB RAM, 24 cores
https://github.com/torognes/vsearch

Reading file results/clustering/cdr/pellet_VH_R3/cdr3_clusters/f4ee6d9d-afb2-4676-bc5d-6d544a9f1573-IGH.fasta 100%
249 nt in 7 seqs, min 33, max 36, avg 36
Masking 100%
Sorting by length 100%
Counting k-mers 100%
Clustering 100%
Sorting clusters 100%
Writing clusters 100%
Clusters: 5 Size min 1, max 3, avg 1.4
Singletons: 4, 57.1% of seqs, 80.0% of clusters
Multiple alignments 100%
vsearch v2.30.0_linux_x86_64, 94.1GB RAM, 24 cores
https://github.com/torognes/vsearch

Reading file results/clustering/cdr/pellet_VH_R3/cdr3_clusters/7211de28-708a-4c23-8a10-fc71c08032f3-IGH.fasta 100%
186 nt in 5 seqs, min 33, max 45, avg 37
Masking 100%
Sorting by length 100%
Counting k-mers 100%
Clustering 100%
Sorting clusters 100%
Writing clusters 100%
Clusters: 5 Size min 1, max 1, avg 1.0
Singletons: 5, 100.0% of seqs, 100.0% of clusters
Multiple alignments 100%
vsearch v2.30.0_linux_x86_64, 94.1GB RAM, 24 cores
https://github.com/torognes/vsearch

Reading file results/clustering/cdr/pellet_VH_R3/cdr3_clusters/49899b41-9880-4c25-9af7-090aac7c7558-IGH.fasta 100%
8010 nt in 249 seqs, min 14, max 48, avg 32
minseqlength 6: 1 sequence discarded.
Masking 100%
Sorting by length 100%
Counting k-mers 100%
Clustering 100%
Sorting clusters 100%
Writing clusters 100%
Clusters: 176 Size min 1, max 24, avg 1.4
Singletons: 148, 59.4% of seqs, 84.1% of clusters
Multiple alignments 100%
vsearch v2.30.0_linux_x86_64, 94.1GB RAM, 24 cores
https://github.com/torognes/vsearch

Reading file results/clustering/cdr/pellet_VH_R3/cdr3_clusters/446954de-8ea0-4cda-8287-ec9ee7cb2417-IGH.fasta 100%
326 nt in 8 seqs, min 29, max 45, avg 41
Masking 100%
Sorting by length 100%
Counting k-mers 100%
Clustering 100%
Sorting clusters 100%
Writing clusters 100%
Clusters: 4 Size min 1, max 5, avg 2.0
Singletons: 3, 37.5% of seqs, 75.0% of clusters
Multiple alignments 100%
vsearch v2.30.0_linux_x86_64, 94.1GB RAM, 24 cores
https://github.com/torognes/vsearch

Reading file results/clustering/cdr/pellet_VH_R3/cdr3_clusters/038d5f8b-125c-4f9b-8cbc-a7defd71ecc2-IGH.fasta 100%
1829 nt in 41 seqs, min 36, max 45, avg 45
Masking 100%
Sorting by length 100%
Counting k-mers 100%
Clustering 100%
Sorting clusters 100%
Writing clusters 100%
Clusters: 5 Size min 1, max 37, avg 8.2
Singletons: 4, 9.8% of seqs, 80.0% of clusters
Multiple alignments 100%
vsearch v2.30.0_linux_x86_64, 94.1GB RAM, 24 cores
https://github.com/torognes/vsearch

Reading file results/clustering/cdr/pellet_VH_R3/cdr3_clusters/fe184d99-ec2b-425a-885f-6c3ba38e8d34-IGH.fasta 100%
258 nt in 7 seqs, min 33, max 42, avg 37
Masking 100%
Sorting by length 100%
Counting k-mers 100%
Clustering 100%
Sorting clusters 100%
Writing clusters 100%
Clusters: 7 Size min 1, max 1, avg 1.0
Singletons: 7, 100.0% of seqs, 100.0% of clusters
Multiple alignments 100%
vsearch v2.30.0_linux_x86_64, 94.1GB RAM, 24 cores
https://github.com/torognes/vsearch

Reading file results/clustering/cdr/pellet_VH_R3/cdr3_clusters/de20f5b6-9ed4-4e11-98c2-6ec44ebbe92a-IGH.fasta 100%
450 nt in 10 seqs, min 33, max 54, avg 45
Masking 100%
Sorting by length 100%
Counting k-mers 100%
Clustering 100%
Sorting clusters 100%
Writing clusters 100%
Clusters: 7 Size min 1, max 3, avg 1.4
Singletons: 5, 50.0% of seqs, 71.4% of clusters
Multiple alignments 100%
vsearch v2.30.0_linux_x86_64, 94.1GB RAM, 24 cores
https://github.com/torognes/vsearch

Reading file results/clustering/cdr/pellet_VH_R3/cdr3_clusters/7b15f6ac-2a64-4009-a62f-2d2378c078d4-IGH.fasta 100%
753 nt in 19 seqs, min 30, max 42, avg 40
Masking 100%
Sorting by length 100%
Counting k-mers 100%
Clustering 100%
Sorting clusters 100%
Writing clusters 100%
Clusters: 12 Size min 1, max 5, avg 1.6
Singletons: 9, 47.4% of seqs, 75.0% of clusters
Multiple alignments 100%
vsearch v2.30.0_linux_x86_64, 94.1GB RAM, 24 cores
https://github.com/torognes/vsearch

Reading file results/clustering/cdr/pellet_VH_R3/cdr3_clusters/51704d64-aa55-488e-a5e2-188bf27263e6-IGH.fasta 100%
90805 nt in 2269 seqs, min 10, max 63, avg 40
minseqlength 6: 5 sequences discarded.
Masking 100%
Sorting by length 100%
Counting k-mers 100%
Clustering 100%
Sorting clusters 100%
Writing clusters 100%
Clusters: 1759 Size min 1, max 23, avg 1.3
Singletons: 1543, 68.0% of seqs, 87.7% of clusters
Multiple alignments 100%
vsearch v2.30.0_linux_x86_64, 94.1GB RAM, 24 cores
https://github.com/torognes/vsearch

Reading file results/clustering/cdr/pellet_VH_R3/cdr3_clusters/1ccef0bf-22b3-44a0-86aa-9301aefe3fd1-IGH.fasta 100%
0 nt in 0 seqs
minseqlength 6: 17 sequences discarded.
Masking 100%
Sorting by length 100%
Counting k-mers 100%
Clustering 100%
Sorting clusters 100%
Writing clusters 100%
Clusters: 0
Singletons: 0
Multiple alignments 100%
vsearch v2.30.0_linux_x86_64, 94.1GB RAM, 24 cores
https://github.com/torognes/vsearch

Reading file results/clustering/cdr/pellet_VH_R3/cdr3_clusters/abfd1e00-ca4d-4147-8ef5-613738b21006-IGH.fasta 100%
162 nt in 6 seqs, min 27, max 27, avg 27
Masking 100%
Sorting by length 100%
Counting k-mers 100%
Clustering 100%
Sorting clusters 100%
Writing clusters 100%
Clusters: 3 Size min 1, max 4, avg 2.0
Singletons: 2, 33.3% of seqs, 66.7% of clusters
Multiple alignments 100%
vsearch v2.30.0_linux_x86_64, 94.1GB RAM, 24 cores
https://github.com/torognes/vsearch

Reading file results/clustering/cdr/pellet_VH_R3/cdr3_clusters/595a9f28-db55-4b44-a97b-f1d3d0a639d9-IGH.fasta 100%
1262 nt in 30 seqs, min 33, max 57, avg 42
Masking 100%
Sorting by length 100%
Counting k-mers 100%
Clustering 100%
Sorting clusters 100%
Writing clusters 100%
Clusters: 27 Size min 1, max 3, avg 1.1
Singletons: 25, 83.3% of seqs, 92.6% of clusters
Multiple alignments 100%
vsearch v2.30.0_linux_x86_64, 94.1GB RAM, 24 cores
https://github.com/torognes/vsearch

Reading file results/clustering/cdr/pellet_VH_R3/cdr3_clusters/2634ab6e-18b5-486d-a09a-857596b641d8-IGH.fasta 100%
831 nt in 17 seqs, min 33, max 54, avg 49
Masking 100%
Sorting by length 100%
Counting k-mers 100%
Clustering 100%
Sorting clusters 100%
Writing clusters 100%
Clusters: 17 Size min 1, max 1, avg 1.0
Singletons: 17, 100.0% of seqs, 100.0% of clusters
Multiple alignments 100%
vsearch v2.30.0_linux_x86_64, 94.1GB RAM, 24 cores
https://github.com/torognes/vsearch

Reading file results/clustering/cdr/pellet_VH_R3/cdr3_clusters/c1ea6a66-2422-4b4e-97d6-438a64738c91-IGH.fasta 100%
722 nt in 17 seqs, min 30, max 51, avg 42
Masking 100%
Sorting by length 100%
Counting k-mers 100%
Clustering 100%
Sorting clusters 100%
Writing clusters 100%
Clusters: 17 Size min 1, max 1, avg 1.0
Singletons: 17, 100.0% of seqs, 100.0% of clusters
Multiple alignments 100%
vsearch v2.30.0_linux_x86_64, 94.1GB RAM, 24 cores
https://github.com/torognes/vsearch

Reading file results/clustering/cdr/pellet_VH_R3/cdr3_clusters/0522d980-ab1d-4d50-a1e2-a56fca9f7a42-IGH.fasta 100%
117 nt in 5 seqs, min 21, max 33, avg 23
Masking 100%
Sorting by length 100%
Counting k-mers 100%
Clustering 100%
Sorting clusters 100%
Writing clusters 100%
Clusters: 3 Size min 1, max 3, avg 1.7
Singletons: 2, 40.0% of seqs, 66.7% of clusters
Multiple alignments 100%
vsearch v2.30.0_linux_x86_64, 94.1GB RAM, 24 cores
https://github.com/torognes/vsearch

Reading file results/clustering/cdr/pellet_VH_R3/cdr3_clusters/f3dac382-b830-49a2-afc2-fc5f4ad13a7f-IGH.fasta 100%
1074 nt in 24 seqs, min 30, max 57, avg 45
Masking 100%
Sorting by length 100%
Counting k-mers 100%
Clustering 100%
Sorting clusters 100%
Writing clusters 100%
Clusters: 23 Size min 1, max 2, avg 1.0
Singletons: 22, 91.7% of seqs, 95.7% of clusters
Multiple alignments 100%
vsearch v2.30.0_linux_x86_64, 94.1GB RAM, 24 cores
https://github.com/torognes/vsearch

Reading file results/clustering/cdr/pellet_VH_R3/cdr3_clusters/28149290-4a34-4cfe-83a6-ceba5fb1f3cb-IGH.fasta 100%
702 nt in 16 seqs, min 33, max 51, avg 44
Masking 100%
Sorting by length 100%
Counting k-mers 100%
Clustering 100%
Sorting clusters 100%
Writing clusters 100%
Clusters: 16 Size min 1, max 1, avg 1.0
Singletons: 16, 100.0% of seqs, 100.0% of clusters
Multiple alignments 100%
vsearch v2.30.0_linux_x86_64, 94.1GB RAM, 24 cores
https://github.com/torognes/vsearch

Reading file results/clustering/cdr/pellet_VH_R3/cdr3_clusters/29f2b8a5-22a9-4b11-9f50-38d73c607b81-IGH.fasta 100%
222 nt in 6 seqs, min 30, max 45, avg 37
Masking 100%
Sorting by length 100%
Counting k-mers 100%
Clustering 100%
Sorting clusters 100%
Writing clusters 100%
Clusters: 6 Size min 1, max 1, avg 1.0
Singletons: 6, 100.0% of seqs, 100.0% of clusters
Multiple alignments 100%
vsearch v2.30.0_linux_x86_64, 94.1GB RAM, 24 cores
https://github.com/torognes/vsearch

Reading file results/clustering/cdr/pellet_VH_R3/cdr3_clusters/10eb6772-e047-48ca-abba-8b4c7695a8c7-IGH.fasta 100%
748 nt in 14 seqs, min 21, max 73, avg 53
minseqlength 6: 1 sequence discarded.
Masking 100%
Sorting by length 100%
Counting k-mers 100%
Clustering 100%
Sorting clusters 100%
Writing clusters 100%
Clusters: 13 Size min 1, max 2, avg 1.1
Singletons: 12, 85.7% of seqs, 92.3% of clusters
Multiple alignments 100%
vsearch v2.30.0_linux_x86_64, 94.1GB RAM, 24 cores
https://github.com/torognes/vsearch

Reading file results/clustering/cdr/pellet_VH_R3/cdr3_clusters/813682cf-5d24-43d1-9c6f-c2f90152dbdd-IGH.fasta 100%
924 nt in 24 seqs, min 21, max 48, avg 38
Masking 100%
Sorting by length 100%
Counting k-mers 100%
Clustering 100%
Sorting clusters 100%
Writing clusters 100%
Clusters: 23 Size min 1, max 2, avg 1.0
Singletons: 22, 91.7% of seqs, 95.7% of clusters
Multiple alignments 100%
vsearch v2.30.0_linux_x86_64, 94.1GB RAM, 24 cores
https://github.com/torognes/vsearch

Reading file results/clustering/cdr/pellet_VH_R3/cdr3_clusters/0def9144-2a7a-41ea-890d-c151574f5d86-IGH.fasta 100%
306 nt in 7 seqs, min 39, max 51, avg 44
Masking 100%
Sorting by length 100%
Counting k-mers 100%
Clustering 100%
Sorting clusters 100%
Writing clusters 100%
Clusters: 4 Size min 1, max 4, avg 1.8
Singletons: 3, 42.9% of seqs, 75.0% of clusters
Multiple alignments 100%
vsearch v2.30.0_linux_x86_64, 94.1GB RAM, 24 cores
https://github.com/torognes/vsearch

Reading file results/clustering/cdr/pellet_VH_R3/cdr3_clusters/6c1d7d9b-7b3c-4135-bbe9-c0e90a53837d-IGH.fasta 100%
186 nt in 5 seqs, min 30, max 39, avg 37
Masking 100%
Sorting by length 100%
Counting k-mers 100%
Clustering 100%
Sorting clusters 100%
Writing clusters 100%
Clusters: 2 Size min 1, max 4, avg 2.5
Singletons: 1, 20.0% of seqs, 50.0% of clusters
Multiple alignments 100%
vsearch v2.30.0_linux_x86_64, 94.1GB RAM, 24 cores
https://github.com/torognes/vsearch

Reading file results/clustering/cdr/pellet_VH_R3/cdr3_clusters/f52a51ac-5bca-476b-8381-fad1ead12fd9-IGH.fasta 100%
4085 nt in 135 seqs, min 15, max 45, avg 30
Masking 100%
Sorting by length 100%
Counting k-mers 100%
Clustering 100%
Sorting clusters 100%
Writing clusters 100%
Clusters: 114 Size min 1, max 7, avg 1.2
Singletons: 102, 75.6% of seqs, 89.5% of clusters
Multiple alignments 100%
vsearch v2.30.0_linux_x86_64, 94.1GB RAM, 24 cores
https://github.com/torognes/vsearch

Reading file results/clustering/cdr/pellet_VH_R3/cdr3_clusters/66004e32-9eec-4edf-ad51-12bbc7d18c39-IGH.fasta 100%
195 nt in 5 seqs, min 27, max 42, avg 39
Masking 100%
Sorting by length 100%
Counting k-mers 100%
Clustering 100%
Sorting clusters 100%
Writing clusters 100%
Clusters: 4 Size min 1, max 2, avg 1.2
Singletons: 3, 60.0% of seqs, 75.0% of clusters
Multiple alignments 100%
vsearch v2.30.0_linux_x86_64, 94.1GB RAM, 24 cores
https://github.com/torognes/vsearch

Reading file results/clustering/cdr/pellet_VH_R3/cdr3_clusters/84310289-a067-4353-b36d-37c407c9be05-IGH.fasta 100%
0 nt in 0 seqs
minseqlength 6: 15 sequences discarded.
Masking 100%
Sorting by length 100%
Counting k-mers 100%
Clustering 100%
Sorting clusters 100%
Writing clusters 100%
Clusters: 0
Singletons: 0
Multiple alignments 100%
vsearch v2.30.0_linux_x86_64, 94.1GB RAM, 24 cores
https://github.com/torognes/vsearch

Reading file results/clustering/cdr/pellet_VH_R3/cdr3_clusters/2052ef0e-83b2-4e23-aabc-228428bac5b1-IGH.fasta 100%
540 nt in 13 seqs, min 27, max 48, avg 42
Masking 100%
Sorting by length 100%
Counting k-mers 100%
Clustering 100%
Sorting clusters 100%
Writing clusters 100%
Clusters: 9 Size min 1, max 5, avg 1.4
Singletons: 8, 61.5% of seqs, 88.9% of clusters
Multiple alignments 100%
vsearch v2.30.0_linux_x86_64, 94.1GB RAM, 24 cores
https://github.com/torognes/vsearch

Reading file results/clustering/cdr/pellet_VH_R3/cdr3_clusters/a4892206-bf56-4779-bbab-dcfa78efed52-IGH.fasta 100%
441 nt in 11 seqs, min 33, max 42, avg 40
Masking 100%
Sorting by length 100%
Counting k-mers 100%
Clustering 100%
Sorting clusters 100%
Writing clusters 100%
Clusters: 4 Size min 1, max 8, avg 2.8
Singletons: 3, 27.3% of seqs, 75.0% of clusters
Multiple alignments 100%
vsearch v2.30.0_linux_x86_64, 94.1GB RAM, 24 cores
https://github.com/torognes/vsearch

Reading file results/clustering/cdr/pellet_VH_R3/cdr3_clusters/c0118d3c-8450-45da-ae93-2ae79c56ed69-IGH.fasta 100%
450 nt in 11 seqs, min 30, max 54, avg 41
Masking 100%
Sorting by length 100%
Counting k-mers 100%
Clustering 100%
Sorting clusters 100%
Writing clusters 100%
Clusters: 11 Size min 1, max 1, avg 1.0
Singletons: 11, 100.0% of seqs, 100.0% of clusters
Multiple alignments 100%
vsearch v2.30.0_linux_x86_64, 94.1GB RAM, 24 cores
https://github.com/torognes/vsearch

Reading file results/clustering/cdr/pellet_VH_R3/cdr3_clusters/f9218988-e704-434f-b2c6-2d767dd0d69b-IGH.fasta 100%
3589 nt in 98 seqs, min 21, max 54, avg 37
Masking 100%
Sorting by length 100%
Counting k-mers 100%
Clustering 100%
Sorting clusters 100%
Writing clusters 100%
Clusters: 83 Size min 1, max 10, avg 1.2
Singletons: 77, 78.6% of seqs, 92.8% of clusters
Multiple alignments 100%
vsearch v2.30.0_linux_x86_64, 94.1GB RAM, 24 cores
https://github.com/torognes/vsearch

Reading file results/clustering/cdr/pellet_VH_R3/cdr3_clusters/0a9002a1-370b-4a34-ada7-3d87a6e4a327-IGH.fasta 100%
12320 nt in 283 seqs, min 18, max 57, avg 44
Masking 100%
Sorting by length 100%
Counting k-mers 100%
Clustering 100%
Sorting clusters 100%
Writing clusters 100%
Clusters: 235 Size min 1, max 9, avg 1.2
Singletons: 209, 73.9% of seqs, 88.9% of clusters
Multiple alignments 100%
vsearch v2.30.0_linux_x86_64, 94.1GB RAM, 24 cores
https://github.com/torognes/vsearch

Reading file results/clustering/cdr/pellet_VH_R3/cdr3_clusters/5cbe6175-fc80-4c4f-a1bd-1bd710fdd34c-IGH.fasta 100%
303 nt in 8 seqs, min 33, max 39, avg 38
Masking 100%
Sorting by length 100%
Counting k-mers 100%
Clustering 100%
Sorting clusters 100%
Writing clusters 100%
Clusters: 3 Size min 1, max 6, avg 2.7
Singletons: 2, 25.0% of seqs, 66.7% of clusters
Multiple alignments 100%
vsearch v2.30.0_linux_x86_64, 94.1GB RAM, 24 cores
https://github.com/torognes/vsearch

Reading file results/clustering/cdr/pellet_VH_R3/cdr3_clusters/0f5c7f70-bd67-488e-8e5b-29eba9fc75e8-IGH.fasta 100%
825 nt in 24 seqs, min 24, max 39, avg 34
Masking 100%
Sorting by length 100%
Counting k-mers 100%
Clustering 100%
Sorting clusters 100%
Writing clusters 100%
Clusters: 23 Size min 1, max 2, avg 1.0
Singletons: 22, 91.7% of seqs, 95.7% of clusters
Multiple alignments 100%
vsearch v2.30.0_linux_x86_64, 94.1GB RAM, 24 cores
https://github.com/torognes/vsearch

Reading file results/clustering/cdr/pellet_VH_R3/cdr3_clusters/1c0b0a26-0496-410a-97f4-43f9209c9f2c-IGH.fasta 100%
657 nt in 17 seqs, min 27, max 45, avg 39
Masking 100%
Sorting by length 100%
Counting k-mers 100%
Clustering 100%
Sorting clusters 100%
Writing clusters 100%
Clusters: 17 Size min 1, max 1, avg 1.0
Singletons: 17, 100.0% of seqs, 100.0% of clusters
Multiple alignments 100%
vsearch v2.30.0_linux_x86_64, 94.1GB RAM, 24 cores
https://github.com/torognes/vsearch

Reading file results/clustering/cdr/pellet_VH_R3/cdr3_clusters/45220e11-77d1-484f-bb86-faa87c6bbec0-IGH.fasta 100%
3027 nt in 67 seqs, min 21, max 57, avg 45
Masking 100%
Sorting by length 100%
Counting k-mers 100%
Clustering 100%
Sorting clusters 100%
Writing clusters 100%
Clusters: 66 Size min 1, max 2, avg 1.0
Singletons: 65, 97.0% of seqs, 98.5% of clusters
Multiple alignments 100%
vsearch v2.30.0_linux_x86_64, 94.1GB RAM, 24 cores
https://github.com/torognes/vsearch

Reading file results/clustering/cdr/pellet_VH_R3/cdr3_clusters/d7f7ec20-418b-4e98-98cd-9ff131cbd04e-IGH.fasta 100%
6097 nt in 157 seqs, min 18, max 51, avg 39
Masking 100%
Sorting by length 100%
Counting k-mers 100%
Clustering 100%
Sorting clusters 100%
Writing clusters 100%
Clusters: 137 Size min 1, max 5, avg 1.1
Singletons: 124, 79.0% of seqs, 90.5% of clusters
Multiple alignments 100%
vsearch v2.30.0_linux_x86_64, 94.1GB RAM, 24 cores
https://github.com/torognes/vsearch

Reading file results/clustering/cdr/pellet_VH_R3/cdr3_clusters/7b516109-c091-48ad-94e5-26757f558f62-IGH.fasta 100%
2308 nt in 64 seqs, min 18, max 51, avg 36
Masking 100%
Sorting by length 100%
Counting k-mers 100%
Clustering 100%
Sorting clusters 100%
Writing clusters 100%
Clusters: 57 Size min 1, max 3, avg 1.1
Singletons: 51, 79.7% of seqs, 89.5% of clusters
Multiple alignments 100%
vsearch v2.30.0_linux_x86_64, 94.1GB RAM, 24 cores
https://github.com/torognes/vsearch

Reading file results/clustering/cdr/pellet_VH_R3/cdr3_clusters/6e7ab477-5a6c-475e-b761-24d74a5168fa-IGH.fasta 100%
1069 nt in 33 seqs, min 24, max 48, avg 32
Masking 100%
Sorting by length 100%
Counting k-mers 100%
Clustering 100%
Sorting clusters 100%
Writing clusters 100%
Clusters: 31 Size min 1, max 2, avg 1.1
Singletons: 29, 87.9% of seqs, 93.5% of clusters
Multiple alignments 100%
vsearch v2.30.0_linux_x86_64, 94.1GB RAM, 24 cores
https://github.com/torognes/vsearch

Reading file results/clustering/cdr/pellet_VH_R3/cdr3_clusters/06e73880-2325-4325-b9a2-814b6650f97e-IGH.fasta 100%
1704 nt in 39 seqs, min 27, max 54, avg 44
Masking 100%
Sorting by length 100%
Counting k-mers 100%
Clustering 100%
Sorting clusters 100%
Writing clusters 100%
Clusters: 35 Size min 1, max 4, avg 1.1
Singletons: 33, 84.6% of seqs, 94.3% of clusters
Multiple alignments 100%
vsearch v2.30.0_linux_x86_64, 94.1GB RAM, 24 cores
https://github.com/torognes/vsearch

Reading file results/clustering/cdr/pellet_VH_R3/cdr3_clusters/1accd919-f95b-489d-bae8-515f809b9d93-IGH.fasta 100%
74 nt in 4 seqs, min 13, max 21, avg 18
minseqlength 6: 1 sequence discarded.
Masking 100%
Sorting by length 100%
Counting k-mers 100%
Clustering 100%
Sorting clusters 100%
Writing clusters 100%
Clusters: 2 Size min 1, max 3, avg 2.0
Singletons: 1, 25.0% of seqs, 50.0% of clusters
Multiple alignments 100%
vsearch v2.30.0_linux_x86_64, 94.1GB RAM, 24 cores
https://github.com/torognes/vsearch

Reading file results/clustering/cdr/pellet_VH_R3/cdr3_clusters/0ce6095b-a0eb-4afa-aebf-d5635bb71a73-IGH.fasta 100%
23044 nt in 565 seqs, min 15, max 60, avg 41
Masking 100%
Sorting by length 100%
Counting k-mers 100%
Clustering 100%
Sorting clusters 100%
Writing clusters 100%
Clusters: 490 Size min 1, max 8, avg 1.2
Singletons: 449, 79.5% of seqs, 91.6% of clusters
Multiple alignments 100%
vsearch v2.30.0_linux_x86_64, 94.1GB RAM, 24 cores
https://github.com/torognes/vsearch

Reading file results/clustering/cdr/pellet_VH_R3/cdr3_clusters/19d87860-4b52-49be-af39-04ce992ea316-IGH.fasta 100%
11371 nt in 260 seqs, min 18, max 63, avg 44
Masking 100%
Sorting by length 100%
Counting k-mers 100%
Clustering 100%
Sorting clusters 100%
Writing clusters 100%
Clusters: 230 Size min 1, max 9, avg 1.1
Singletons: 214, 82.3% of seqs, 93.0% of clusters
Multiple alignments 100%
vsearch v2.30.0_linux_x86_64, 94.1GB RAM, 24 cores
https://github.com/torognes/vsearch

Reading file results/clustering/cdr/pellet_VH_R3/cdr3_clusters/2a08f45b-cef4-4599-a72e-e72968453922-IGH.fasta 100%
2213 nt in 48 seqs, min 33, max 57, avg 46
Masking 100%
Sorting by length 100%
Counting k-mers 100%
Clustering 100%
Sorting clusters 100%
Writing clusters 100%
Clusters: 41 Size min 1, max 5, avg 1.2
Singletons: 38, 79.2% of seqs, 92.7% of clusters
Multiple alignments 100%
vsearch v2.30.0_linux_x86_64, 94.1GB RAM, 24 cores
https://github.com/torognes/vsearch

Reading file results/clustering/cdr/pellet_VH_R3/cdr3_clusters/5f9aa773-665c-450a-9b14-6d350302c36d-IGH.fasta 100%
963 nt in 20 seqs, min 39, max 54, avg 48
Masking 100%
Sorting by length 100%
Counting k-mers 100%
Clustering 100%
Sorting clusters 100%
Writing clusters 100%
Clusters: 18 Size min 1, max 2, avg 1.1
Singletons: 16, 80.0% of seqs, 88.9% of clusters
Multiple alignments 100%
vsearch v2.30.0_linux_x86_64, 94.1GB RAM, 24 cores
https://github.com/torognes/vsearch

Reading file results/clustering/cdr/pellet_VH_R3/cdr3_clusters/39f91a6f-c116-467e-9c86-9dbd2b0fe039-IGH.fasta 100%
1350 nt in 36 seqs, min 21, max 62, avg 38
Masking 100%
Sorting by length 100%
Counting k-mers 100%
Clustering 100%
Sorting clusters 100%
Writing clusters 100%
Clusters: 33 Size min 1, max 2, avg 1.1
Singletons: 30, 83.3% of seqs, 90.9% of clusters
Multiple alignments 100%
vsearch v2.30.0_linux_x86_64, 94.1GB RAM, 24 cores
https://github.com/torognes/vsearch

Reading file results/clustering/cdr/pellet_VH_R3/cdr3_clusters/f08c4dde-50e8-43d0-b701-6ca672a3900c-IGH.fasta 100%
2383 nt in 61 seqs, min 18, max 51, avg 39
Masking 100%
Sorting by length 100%
Counting k-mers 100%
Clustering 100%
Sorting clusters 100%
Writing clusters 100%
Clusters: 60 Size min 1, max 2, avg 1.0
Singletons: 59, 96.7% of seqs, 98.3% of clusters
Multiple alignments 100%
vsearch v2.30.0_linux_x86_64, 94.1GB RAM, 24 cores
https://github.com/torognes/vsearch

Reading file results/clustering/cdr/pellet_VH_R3/cdr3_clusters/0482e346-3d62-440a-967c-3e8b50364043-IGH.fasta 100%
461 nt in 11 seqs, min 32, max 51, avg 42
Masking 100%
Sorting by length 100%
Counting k-mers 100%
Clustering 100%
Sorting clusters 100%
Writing clusters 100%
Clusters: 11 Size min 1, max 1, avg 1.0
Singletons: 11, 100.0% of seqs, 100.0% of clusters
Multiple alignments 100%
vsearch v2.30.0_linux_x86_64, 94.1GB RAM, 24 cores
https://github.com/torognes/vsearch

Reading file results/clustering/cdr/pellet_VH_R3/cdr3_clusters/b87706d0-aa78-4b28-bd53-acee82a67e54-IGH.fasta 100%
234 nt in 7 seqs, min 27, max 42, avg 33
Masking 100%
Sorting by length 100%
Counting k-mers 100%
Clustering 100%
Sorting clusters 100%
Writing clusters 100%
Clusters: 5 Size min 1, max 3, avg 1.4
Singletons: 4, 57.1% of seqs, 80.0% of clusters
Multiple alignments 100%
vsearch v2.30.0_linux_x86_64, 94.1GB RAM, 24 cores
https://github.com/torognes/vsearch

Reading file results/clustering/cdr/pellet_VH_R3/cdr3_clusters/859f9a98-527e-49e0-a3d6-94f6dd6964b8-IGH.fasta 100%
3485 nt in 73 seqs, min 24, max 60, avg 48
Masking 100%
Sorting by length 100%
Counting k-mers 100%
Clustering 100%
Sorting clusters 100%
Writing clusters 100%
Clusters: 60 Size min 1, max 6, avg 1.2
Singletons: 55, 75.3% of seqs, 91.7% of clusters
Multiple alignments 100%
vsearch v2.30.0_linux_x86_64, 94.1GB RAM, 24 cores
https://github.com/torognes/vsearch

Reading file results/clustering/cdr/pellet_VH_R3/cdr3_clusters/9479929c-9316-4730-afab-f8d76e452cd3-IGH.fasta 100%
270 nt in 8 seqs, min 33, max 36, avg 34
Masking 100%
Sorting by length 100%
Counting k-mers 100%
Clustering 100%
Sorting clusters 100%
Writing clusters 100%
Clusters: 7 Size min 1, max 2, avg 1.1
Singletons: 6, 75.0% of seqs, 85.7% of clusters
Multiple alignments 100%
vsearch v2.30.0_linux_x86_64, 94.1GB RAM, 24 cores
https://github.com/torognes/vsearch

Reading file results/clustering/cdr/pellet_VH_R3/cdr3_clusters/f47b23be-5198-4442-82f9-7f15d2d3de76-IGH.fasta 100%
360 nt in 7 seqs, min 33, max 57, avg 51
Masking 100%
Sorting by length 100%
Counting k-mers 100%
Clustering 100%
Sorting clusters 100%
Writing clusters 100%
Clusters: 3 Size min 1, max 5, avg 2.3
Singletons: 2, 28.6% of seqs, 66.7% of clusters
Multiple alignments 100%
vsearch v2.30.0_linux_x86_64, 94.1GB RAM, 24 cores
https://github.com/torognes/vsearch

Reading file results/clustering/cdr/pellet_VH_R3/cdr3_clusters/cda7823f-fe48-4dc0-83eb-769c8a6ed01e-IGH.fasta 100%
663 nt in 19 seqs, min 15, max 42, avg 35
Masking 100%
Sorting by length 100%
Counting k-mers 100%
Clustering 100%
Sorting clusters 100%
Writing clusters 100%
Clusters: 19 Size min 1, max 1, avg 1.0
Singletons: 19, 100.0% of seqs, 100.0% of clusters
Multiple alignments 100%
vsearch v2.30.0_linux_x86_64, 94.1GB RAM, 24 cores
https://github.com/torognes/vsearch

Reading file results/clustering/cdr/pellet_VH_R3/cdr3_clusters/57446614-9762-4ed8-acd6-af1482b4cab4-IGH.fasta 100%
480 nt in 15 seqs, min 24, max 42, avg 32
Masking 100%
Sorting by length 100%
Counting k-mers 100%
Clustering 100%
Sorting clusters 100%
Writing clusters 100%
Clusters: 14 Size min 1, max 2, avg 1.1
Singletons: 13, 86.7% of seqs, 92.9% of clusters
Multiple alignments 100%
vsearch v2.30.0_linux_x86_64, 94.1GB RAM, 24 cores
https://github.com/torognes/vsearch

Reading file results/clustering/cdr/pellet_VH_R3/cdr3_clusters/c02754ce-2ec3-4049-b76d-e9308d099e2e-IGH.fasta 100%
255 nt in 6 seqs, min 36, max 48, avg 42
Masking 100%
Sorting by length 100%
Counting k-mers 100%
Clustering 100%
Sorting clusters 100%
Writing clusters 100%
Clusters: 6 Size min 1, max 1, avg 1.0
Singletons: 6, 100.0% of seqs, 100.0% of clusters
Multiple alignments 100%
vsearch v2.30.0_linux_x86_64, 94.1GB RAM, 24 cores
https://github.com/torognes/vsearch

Reading file results/clustering/cdr/pellet_VH_R3/cdr3_clusters/404b2f61-1cb7-41a9-8e9d-b40fc52272ab-IGH.fasta 100%
288 nt in 9 seqs, min 24, max 36, avg 32
Masking 100%
Sorting by length 100%
Counting k-mers 100%
Clustering 100%
Sorting clusters 100%
Writing clusters 100%
Clusters: 8 Size min 1, max 2, avg 1.1
Singletons: 7, 77.8% of seqs, 87.5% of clusters
Multiple alignments 100%
vsearch v2.30.0_linux_x86_64, 94.1GB RAM, 24 cores
https://github.com/torognes/vsearch

Reading file results/clustering/cdr/pellet_VH_R3/cdr3_clusters/daa56427-9675-40d9-93f6-3fe1f25f8a79-IGH.fasta 100%
90 nt in 5 seqs, min 18, max 18, avg 18
Masking 100%
Sorting by length 100%
Counting k-mers 100%
Clustering 100%
Sorting clusters 100%
Writing clusters 100%
Clusters: 4 Size min 1, max 2, avg 1.2
Singletons: 3, 60.0% of seqs, 75.0% of clusters
Multiple alignments 100%
vsearch v2.30.0_linux_x86_64, 94.1GB RAM, 24 cores
https://github.com/torognes/vsearch

Reading file results/clustering/cdr/pellet_VH_R3/cdr3_clusters/9b7c1cee-d050-4fe0-96a5-49fd95d270cd-IGH.fasta 100%
533 nt in 14 seqs, min 21, max 45, avg 38
Masking 100%
Sorting by length 100%
Counting k-mers 100%
Clustering 100%
Sorting clusters 100%
Writing clusters 100%
Clusters: 10 Size min 1, max 2, avg 1.4
Singletons: 6, 42.9% of seqs, 60.0% of clusters
Multiple alignments 100%
vsearch v2.30.0_linux_x86_64, 94.1GB RAM, 24 cores
https://github.com/torognes/vsearch

Reading file results/clustering/cdr/pellet_VH_R3/cdr3_clusters/2487406f-9251-4059-874f-ffd12a8bb029-IGH.fasta 100%
354 nt in 9 seqs, min 30, max 48, avg 39
Masking 100%
Sorting by length 100%
Counting k-mers 100%
Clustering 100%
Sorting clusters 100%
Writing clusters 100%
Clusters: 9 Size min 1, max 1, avg 1.0
Singletons: 9, 100.0% of seqs, 100.0% of clusters
Multiple alignments 100%
vsearch v2.30.0_linux_x86_64, 94.1GB RAM, 24 cores
https://github.com/torognes/vsearch

Reading file results/clustering/cdr/pellet_VH_R3/cdr3_clusters/451f0b35-3856-4a44-a25f-207dfbacecd3-IGH.fasta 100%
0 nt in 0 seqs
minseqlength 6: 21 sequences discarded.
Masking 100%
Sorting by length 100%
Counting k-mers 100%
Clustering 100%
Sorting clusters 100%
Writing clusters 100%
Clusters: 0
Singletons: 0
Multiple alignments 100%
vsearch v2.30.0_linux_x86_64, 94.1GB RAM, 24 cores
https://github.com/torognes/vsearch

Reading file results/clustering/cdr/pellet_VH_R3/cdr3_clusters/9245d549-b559-4fc2-bbe7-6486f0af6512-IGH.fasta 100%
216 nt in 7 seqs, min 30, max 33, avg 31
Masking 100%
Sorting by length 100%
Counting k-mers 100%
Clustering 100%
Sorting clusters 100%
Writing clusters 100%
Clusters: 5 Size min 1, max 2, avg 1.4
Singletons: 3, 42.9% of seqs, 60.0% of clusters
Multiple alignments 100%
vsearch v2.30.0_linux_x86_64, 94.1GB RAM, 24 cores
https://github.com/torognes/vsearch

Reading file results/clustering/cdr/pellet_VH_R3/cdr3_clusters/0fc8cbdb-b485-4bd1-9112-9d8698353db6-IGH.fasta 100%
2219 nt in 60 seqs, min 24, max 45, avg 37
Masking 100%
Sorting by length 100%
Counting k-mers 100%
Clustering 100%
Sorting clusters 100%
Writing clusters 100%
Clusters: 55 Size min 1, max 3, avg 1.1
Singletons: 51, 85.0% of seqs, 92.7% of clusters
Multiple alignments 100%
vsearch v2.30.0_linux_x86_64, 94.1GB RAM, 24 cores
https://github.com/torognes/vsearch

Reading file results/clustering/cdr/pellet_VH_R3/cdr3_clusters/5e85e03e-8f36-414d-bd83-4260ca53926b-IGH.fasta 100%
423 nt in 12 seqs, min 21, max 48, avg 35
Masking 100%
Sorting by length 100%
Counting k-mers 100%
Clustering 100%
Sorting clusters 100%
Writing clusters 100%
Clusters: 9 Size min 1, max 4, avg 1.3
Singletons: 8, 66.7% of seqs, 88.9% of clusters
Multiple alignments 100%
vsearch v2.30.0_linux_x86_64, 94.1GB RAM, 24 cores
https://github.com/torognes/vsearch

Reading file results/clustering/cdr/pellet_VH_R3/cdr3_clusters/077d1daf-cb8d-4cb3-b995-f039e79bcbea-IGH.fasta 100%
302 nt in 9 seqs, min 15, max 45, avg 34
Masking 100%
Sorting by length 100%
Counting k-mers 100%
Clustering 100%
Sorting clusters 100%
Writing clusters 100%
Clusters: 9 Size min 1, max 1, avg 1.0
Singletons: 9, 100.0% of seqs, 100.0% of clusters
Multiple alignments 100%
vsearch v2.30.0_linux_x86_64, 94.1GB RAM, 24 cores
https://github.com/torognes/vsearch

Reading file results/clustering/cdr/pellet_VH_R3/cdr3_clusters/e83df62a-1f87-4139-a1b4-fbd9e334c591-IGH.fasta 100%
843 nt in 28 seqs, min 18, max 42, avg 30
Masking 100%
Sorting by length 100%
Counting k-mers 100%
Clustering 100%
Sorting clusters 100%
Writing clusters 100%
Clusters: 25 Size min 1, max 2, avg 1.1
Singletons: 22, 78.6% of seqs, 88.0% of clusters
Multiple alignments 100%
vsearch v2.30.0_linux_x86_64, 94.1GB RAM, 24 cores
https://github.com/torognes/vsearch

Reading file results/clustering/cdr/pellet_VH_R3/cdr3_clusters/62cfaac6-aa45-409b-93db-211880a86d33-IGH.fasta 100%
508 nt in 11 seqs, min 33, max 54, avg 46
Masking 100%
Sorting by length 100%
Counting k-mers 100%
Clustering 100%
Sorting clusters 100%
Writing clusters 100%
Clusters: 11 Size min 1, max 1, avg 1.0
Singletons: 11, 100.0% of seqs, 100.0% of clusters
Multiple alignments 100%
vsearch v2.30.0_linux_x86_64, 94.1GB RAM, 24 cores
https://github.com/torognes/vsearch

Reading file results/clustering/cdr/pellet_VH_R3/cdr3_clusters/f46e43ea-b0e0-4849-9743-80c66f8910f3-IGH.fasta 100%
1521 nt in 39 seqs, min 21, max 45, avg 39
Masking 100%
Sorting by length 100%
Counting k-mers 100%
Clustering 100%
Sorting clusters 100%
Writing clusters 100%
Clusters: 25 Size min 1, max 14, avg 1.6
Singletons: 23, 59.0% of seqs, 92.0% of clusters
Multiple alignments 100%
vsearch v2.30.0_linux_x86_64, 94.1GB RAM, 24 cores
https://github.com/torognes/vsearch

Reading file results/clustering/cdr/pellet_VH_R3/cdr3_clusters/24b8f22d-1aca-4b8e-85e6-d183ed1243a2-IGH.fasta 100%
447 nt in 10 seqs, min 30, max 51, avg 45
Masking 100%
Sorting by length 100%
Counting k-mers 100%
Clustering 100%
Sorting clusters 100%
Writing clusters 100%
Clusters: 7 Size min 1, max 4, avg 1.4
Singletons: 6, 60.0% of seqs, 85.7% of clusters
Multiple alignments 100%
vsearch v2.30.0_linux_x86_64, 94.1GB RAM, 24 cores
https://github.com/torognes/vsearch

Reading file results/clustering/cdr/pellet_VH_R3/cdr3_clusters/213c780b-3b65-460c-9a5d-30bcc3d8f0a9-IGH.fasta 100%
647 nt in 16 seqs, min 33, max 45, avg 40
Masking 100%
Sorting by length 100%
Counting k-mers 100%
Clustering 100%
Sorting clusters 100%
Writing clusters 100%
Clusters: 12 Size min 1, max 4, avg 1.3
Singletons: 10, 62.5% of seqs, 83.3% of clusters
Multiple alignments 100%
vsearch v2.30.0_linux_x86_64, 94.1GB RAM, 24 cores
https://github.com/torognes/vsearch

Reading file results/clustering/cdr/pellet_VH_R3/cdr3_clusters/f3c4ddb3-975b-4643-8b8d-c2b2bb77f495-IGH.fasta 100%
693 nt in 16 seqs, min 18, max 51, avg 43
Masking 100%
Sorting by length 100%
Counting k-mers 100%
Clustering 100%
Sorting clusters 100%
Writing clusters 100%
Clusters: 10 Size min 1, max 7, avg 1.6
Singletons: 9, 56.2% of seqs, 90.0% of clusters
Multiple alignments 100%
vsearch v2.30.0_linux_x86_64, 94.1GB RAM, 24 cores
https://github.com/torognes/vsearch

Reading file results/clustering/cdr/pellet_VH_R3/cdr3_clusters/695ad2d3-ba68-475c-b74c-228794d6e808-IGH.fasta 100%
501 nt in 11 seqs, min 33, max 60, avg 46
Masking 100%
Sorting by length 100%
Counting k-mers 100%
Clustering 100%
Sorting clusters 100%
Writing clusters 100%
Clusters: 11 Size min 1, max 1, avg 1.0
Singletons: 11, 100.0% of seqs, 100.0% of clusters
Multiple alignments 100%
vsearch v2.30.0_linux_x86_64, 94.1GB RAM, 24 cores
https://github.com/torognes/vsearch

Reading file results/clustering/cdr/pellet_VH_R3/cdr3_clusters/7bcf28ca-6c99-4c6b-baa9-04fc2ccbd4c0-IGH.fasta 100%
4353 nt in 109 seqs, min 18, max 69, avg 40
minseqlength 6: 2 sequences discarded.
Masking 100%
Sorting by length 100%
Counting k-mers 100%
Clustering 100%
Sorting clusters 100%
Writing clusters 100%
Clusters: 92 Size min 1, max 6, avg 1.2
Singletons: 85, 78.0% of seqs, 92.4% of clusters
Multiple alignments 100%
vsearch v2.30.0_linux_x86_64, 94.1GB RAM, 24 cores
https://github.com/torognes/vsearch

Reading file results/clustering/cdr/pellet_VH_R3/cdr3_clusters/8b86ebea-a85f-4518-b0cc-a461cb50f3f0-IGH.fasta 100%
1410 nt in 39 seqs, min 36, max 42, avg 36
Masking 100%
Sorting by length 100%
Counting k-mers 100%
Clustering 100%
Sorting clusters 100%
Writing clusters 100%
Clusters: 5 Size min 1, max 32, avg 7.8
Singletons: 2, 5.1% of seqs, 40.0% of clusters
Multiple alignments 100%
vsearch v2.30.0_linux_x86_64, 94.1GB RAM, 24 cores
https://github.com/torognes/vsearch

Reading file results/clustering/cdr/pellet_VH_R3/cdr3_clusters/9b2884fb-14bd-48c2-884d-243c0997c935-IGH.fasta 100%
270 nt in 9 seqs, min 30, max 30, avg 30
minseqlength 6: 1 sequence discarded.
Masking 100%
Sorting by length 100%
Counting k-mers 100%
Clustering 100%
Sorting clusters 100%
Writing clusters 100%
Clusters: 3 Size min 1, max 5, avg 3.0
Singletons: 1, 11.1% of seqs, 33.3% of clusters
Multiple alignments 100%
vsearch v2.30.0_linux_x86_64, 94.1GB RAM, 24 cores
https://github.com/torognes/vsearch

Reading file results/clustering/cdr/pellet_VH_R3/cdr3_clusters/1d9be647-ce63-4dfb-9e20-20c58f18c1dc-IGH.fasta 100%
295 nt in 7 seqs, min 33, max 48, avg 42
Masking 100%
Sorting by length 100%
Counting k-mers 100%
Clustering 100%
Sorting clusters 100%
Writing clusters 100%
Clusters: 7 Size min 1, max 1, avg 1.0
Singletons: 7, 100.0% of seqs, 100.0% of clusters
Multiple alignments 100%
vsearch v2.30.0_linux_x86_64, 94.1GB RAM, 24 cores
https://github.com/torognes/vsearch

Reading file results/clustering/cdr/pellet_VH_R3/cdr3_clusters/b29ab3ce-a734-4fe5-abd2-69cb65dedacb-IGH.fasta 100%
762 nt in 21 seqs, min 24, max 45, avg 36
Masking 100%
Sorting by length 100%
Counting k-mers 100%
Clustering 100%
Sorting clusters 100%
Writing clusters 100%
Clusters: 19 Size min 1, max 3, avg 1.1
Singletons: 18, 85.7% of seqs, 94.7% of clusters
Multiple alignments 100%
vsearch v2.30.0_linux_x86_64, 94.1GB RAM, 24 cores
https://github.com/torognes/vsearch

Reading file results/clustering/cdr/pellet_VH_R3/cdr3_clusters/2814417c-aea5-4cf7-9fdb-836cbe1f1ec9-IGH.fasta 100%
12218 nt in 327 seqs, min 15, max 54, avg 37
minseqlength 6: 1 sequence discarded.
Masking 100%
Sorting by length 100%
Counting k-mers 100%
Clustering 100%
Sorting clusters 100%
Writing clusters 100%
Clusters: 138 Size min 1, max 139, avg 2.4
Singletons: 126, 38.5% of seqs, 91.3% of clusters
Multiple alignments 100%
vsearch v2.30.0_linux_x86_64, 94.1GB RAM, 24 cores
https://github.com/torognes/vsearch

Reading file results/clustering/cdr/pellet_VH_R3/cdr3_clusters/48ded9f3-18a1-486e-a989-5b3c3968dca7-IGH.fasta 100%
1616 nt in 53 seqs, min 26, max 42, avg 30
Masking 100%
Sorting by length 100%
Counting k-mers 100%
Clustering 100%
Sorting clusters 100%
Writing clusters 100%
Clusters: 30 Size min 1, max 23, avg 1.8
Singletons: 28, 52.8% of seqs, 93.3% of clusters
Multiple alignments 100%
vsearch v2.30.0_linux_x86_64, 94.1GB RAM, 24 cores
https://github.com/torognes/vsearch

Reading file results/clustering/cdr/pellet_VH_R3/cdr3_clusters/015926a4-1ef7-47b7-b002-20ac37000f15-IGH.fasta 100%
1480 nt in 34 seqs, min 18, max 51, avg 44
Masking 100%
Sorting by length 100%
Counting k-mers 100%
Clustering 100%
Sorting clusters 100%
Writing clusters 100%
Clusters: 31 Size min 1, max 4, avg 1.1
Singletons: 30, 88.2% of seqs, 96.8% of clusters
Multiple alignments 100%
vsearch v2.30.0_linux_x86_64, 94.1GB RAM, 24 cores
https://github.com/torognes/vsearch

Reading file results/clustering/cdr/pellet_VH_R3/cdr3_clusters/82fcbb61-4ea7-48fd-a772-9ab9a013640f-IGH.fasta 100%
444 nt in 13 seqs, min 15, max 39, avg 34
Masking 100%
Sorting by length 100%
Counting k-mers 100%
Clustering 100%
Sorting clusters 100%
Writing clusters 100%
Clusters: 7 Size min 1, max 7, avg 1.9
Singletons: 6, 46.2% of seqs, 85.7% of clusters
Multiple alignments 100%
vsearch v2.30.0_linux_x86_64, 94.1GB RAM, 24 cores
https://github.com/torognes/vsearch

Reading file results/clustering/cdr/pellet_VH_R3/cdr3_clusters/ef4452d1-3cb2-42dc-b34c-02f0ded52ebc-IGH.fasta 100%
110 nt in 6 seqs, min 13, max 21, avg 18
Masking 100%
Sorting by length 100%
Counting k-mers 100%
Clustering 100%
Sorting clusters 100%
Writing clusters 100%
Clusters: 2 Size min 2, max 4, avg 3.0
Singletons: 0, 0.0% of seqs, 0.0% of clusters
Multiple alignments 100%
vsearch v2.30.0_linux_x86_64, 94.1GB RAM, 24 cores
https://github.com/torognes/vsearch

Reading file results/clustering/cdr/pellet_VH_R3/cdr3_clusters/06b67258-377d-452c-9226-d6d5e2500456-IGH.fasta 100%
3392 nt in 74 seqs, min 30, max 57, avg 46
Masking 100%
Sorting by length 100%
Counting k-mers 100%
Clustering 100%
Sorting clusters 100%
Writing clusters 100%
Clusters: 65 Size min 1, max 3, avg 1.1
Singletons: 58, 78.4% of seqs, 89.2% of clusters
Multiple alignments 100%
vsearch v2.30.0_linux_x86_64, 94.1GB RAM, 24 cores
https://github.com/torognes/vsearch

Reading file results/clustering/cdr/pellet_VH_R3/cdr3_clusters/ae0ad194-0a4f-4c58-a3df-d8cf2c66d8e1-IGH.fasta 100%
897 nt in 18 seqs, min 42, max 51, avg 50
Masking 100%
Sorting by length 100%
Counting k-mers 100%
Clustering 100%
Sorting clusters 100%
Writing clusters 100%
Clusters: 5 Size min 1, max 14, avg 3.6
Singletons: 4, 22.2% of seqs, 80.0% of clusters
Multiple alignments 100%
vsearch v2.30.0_linux_x86_64, 94.1GB RAM, 24 cores
https://github.com/torognes/vsearch

Reading file results/clustering/cdr/pellet_VH_R3/cdr3_clusters/0c2df6cb-6cf4-4dbf-a3db-35aacc911ef9-IGH.fasta 100%
264 nt in 8 seqs, min 21, max 54, avg 33
Masking 100%
Sorting by length 100%
Counting k-mers 100%
Clustering 100%
Sorting clusters 100%
Writing clusters 100%
Clusters: 7 Size min 1, max 2, avg 1.1
Singletons: 6, 75.0% of seqs, 85.7% of clusters
Multiple alignments 100%
vsearch v2.30.0_linux_x86_64, 94.1GB RAM, 24 cores
https://github.com/torognes/vsearch

Reading file results/clustering/cdr/pellet_VH_R3/cdr3_clusters/14fc3f81-dc3e-4416-9f68-3323e4b46da0-IGH.fasta 100%
1223 nt in 26 seqs, min 33, max 63, avg 47
Masking 100%
Sorting by length 100%
Counting k-mers 100%
Clustering 100%
Sorting clusters 100%
Writing clusters 100%
Clusters: 26 Size min 1, max 1, avg 1.0
Singletons: 26, 100.0% of seqs, 100.0% of clusters
Multiple alignments 100%
vsearch v2.30.0_linux_x86_64, 94.1GB RAM, 24 cores
https://github.com/torognes/vsearch

Reading file results/clustering/cdr/pellet_VH_R3/cdr3_clusters/06fbc545-1391-4bc0-92e5-ffd03f71794b-IGH.fasta 100%
9149 nt in 214 seqs, min 15, max 57, avg 43
minseqlength 6: 2 sequences discarded.
Masking 100%
Sorting by length 100%
Counting k-mers 100%
Clustering 100%
Sorting clusters 100%
Writing clusters 100%
Clusters: 193 Size min 1, max 7, avg 1.1
Singletons: 181, 84.6% of seqs, 93.8% of clusters
Multiple alignments 100%
vsearch v2.30.0_linux_x86_64, 94.1GB RAM, 24 cores
https://github.com/torognes/vsearch

Reading file results/clustering/cdr/pellet_VH_R3/cdr3_clusters/012d505e-2931-4747-b3db-eb266d9e7409-IGH.fasta 100%
0 nt in 0 seqs
minseqlength 6: 11 sequences discarded.
Masking 100%
Sorting by length 100%
Counting k-mers 100%
Clustering 100%
Sorting clusters 100%
Writing clusters 100%
Clusters: 0
Singletons: 0
Multiple alignments 100%
vsearch v2.30.0_linux_x86_64, 94.1GB RAM, 24 cores
https://github.com/torognes/vsearch

Reading file results/clustering/cdr/pellet_VH_R3/cdr3_clusters/46401795-2a69-49cf-a2e5-cea1c84fb441-IGH.fasta 100%
501 nt in 11 seqs, min 36, max 51, avg 46
Masking 100%
Sorting by length 100%
Counting k-mers 100%
Clustering 100%
Sorting clusters 100%
Writing clusters 100%
Clusters: 8 Size min 1, max 4, avg 1.4
Singletons: 7, 63.6% of seqs, 87.5% of clusters
Multiple alignments 100%
vsearch v2.30.0_linux_x86_64, 94.1GB RAM, 24 cores
https://github.com/torognes/vsearch

Reading file results/clustering/cdr/pellet_VH_R3/cdr3_clusters/6a722a4b-c2ed-4b37-9cb3-ac43b7b8a175-IGH.fasta 100%
281 nt in 7 seqs, min 33, max 48, avg 40
Masking 100%
Sorting by length 100%
Counting k-mers 100%
Clustering 100%
Sorting clusters 100%
Writing clusters 100%
Clusters: 6 Size min 1, max 2, avg 1.2
Singletons: 5, 71.4% of seqs, 83.3% of clusters
Multiple alignments 100%
vsearch v2.30.0_linux_x86_64, 94.1GB RAM, 24 cores
https://github.com/torognes/vsearch

Reading file results/clustering/cdr/pellet_VH_R3/cdr3_clusters/1a22dd1f-209b-4e9b-a1e6-3b6ff5a39866-IGH.fasta 100%
1379 nt in 28 seqs, min 30, max 54, avg 49
Masking 100%
Sorting by length 100%
Counting k-mers 100%
Clustering 100%
Sorting clusters 100%
Writing clusters 100%
Clusters: 11 Size min 1, max 18, avg 2.5
Singletons: 10, 35.7% of seqs, 90.9% of clusters
Multiple alignments 100%
vsearch v2.30.0_linux_x86_64, 94.1GB RAM, 24 cores
https://github.com/torognes/vsearch

Reading file results/clustering/cdr/pellet_VH_R3/cdr3_clusters/cbe02c17-0349-4be0-97dd-d001de3a1a6d-IGH.fasta 100%
5782 nt in 164 seqs, min 24, max 42, avg 35
Masking 100%
Sorting by length 100%
Counting k-mers 100%
Clustering 100%
Sorting clusters 100%
Writing clusters 100%
Clusters: 108 Size min 1, max 13, avg 1.5
Singletons: 85, 51.8% of seqs, 78.7% of clusters
Multiple alignments 100%
vsearch v2.30.0_linux_x86_64, 94.1GB RAM, 24 cores
https://github.com/torognes/vsearch

Reading file results/clustering/cdr/pellet_VH_R3/cdr3_clusters/851dbe41-7d47-44f6-971f-178ed895c375-IGH.fasta 100%
939 nt in 24 seqs, min 24, max 51, avg 39
Masking 100%
Sorting by length 100%
Counting k-mers 100%
Clustering 100%
Sorting clusters 100%
Writing clusters 100%
Clusters: 24 Size min 1, max 1, avg 1.0
Singletons: 24, 100.0% of seqs, 100.0% of clusters
Multiple alignments 100%
vsearch v2.30.0_linux_x86_64, 94.1GB RAM, 24 cores
https://github.com/torognes/vsearch

Reading file results/clustering/cdr/pellet_VH_R3/cdr3_clusters/49453d55-96a0-477e-a0e0-2271f6262610-IGH.fasta 100%
0 nt in 0 seqs
minseqlength 6: 8 sequences discarded.
Masking 100%
Sorting by length 100%
Counting k-mers 100%
Clustering 100%
Sorting clusters 100%
Writing clusters 100%
Clusters: 0
Singletons: 0
Multiple alignments 100%
vsearch v2.30.0_linux_x86_64, 94.1GB RAM, 24 cores
https://github.com/torognes/vsearch

Reading file results/clustering/cdr/pellet_VH_R3/cdr3_clusters/05cb5a97-f7b5-4a91-83b1-b6d18f1086da-IGH.fasta 100%
21877 nt in 628 seqs, min 15, max 51, avg 35
minseqlength 6: 3 sequences discarded.
Masking 100%
Sorting by length 100%
Counting k-mers 100%
Clustering 100%
Sorting clusters 100%
Writing clusters 100%
Clusters: 551 Size min 1, max 6, avg 1.1
Singletons: 498, 79.3% of seqs, 90.4% of clusters
Multiple alignments 100%
vsearch v2.30.0_linux_x86_64, 94.1GB RAM, 24 cores
https://github.com/torognes/vsearch

Reading file results/clustering/cdr/pellet_VH_R3/cdr3_clusters/108c9a05-8cd3-40aa-804c-7a058b00f697-IGH.fasta 100%
90 nt in 5 seqs, min 18, max 18, avg 18
Masking 100%
Sorting by length 100%
Counting k-mers 100%
Clustering 100%
Sorting clusters 100%
Writing clusters 100%
Clusters: 4 Size min 1, max 2, avg 1.2
Singletons: 3, 60.0% of seqs, 75.0% of clusters
Multiple alignments 100%
vsearch v2.30.0_linux_x86_64, 94.1GB RAM, 24 cores
https://github.com/torognes/vsearch

Reading file results/clustering/cdr/pellet_VH_R3/cdr3_clusters/b8eefc24-4c15-4d6a-bf1d-b29cfa0b9208-IGH.fasta 100%
234 nt in 7 seqs, min 27, max 39, avg 33
Masking 100%
Sorting by length 100%
Counting k-mers 100%
Clustering 100%
Sorting clusters 100%
Writing clusters 100%
Clusters: 7 Size min 1, max 1, avg 1.0
Singletons: 7, 100.0% of seqs, 100.0% of clusters
Multiple alignments 100%
vsearch v2.30.0_linux_x86_64, 94.1GB RAM, 24 cores
https://github.com/torognes/vsearch

Reading file results/clustering/cdr/pellet_VH_R3/cdr3_clusters/f8eca16e-9670-461d-a354-9b3ca2f7be51-IGH.fasta 100%
495 nt in 12 seqs, min 30, max 48, avg 41
Masking 100%
Sorting by length 100%
Counting k-mers 100%
Clustering 100%
Sorting clusters 100%
Writing clusters 100%
Clusters: 11 Size min 1, max 2, avg 1.1
Singletons: 10, 83.3% of seqs, 90.9% of clusters
Multiple alignments 100%
vsearch v2.30.0_linux_x86_64, 94.1GB RAM, 24 cores
https://github.com/torognes/vsearch

Reading file results/clustering/cdr/pellet_VH_R3/cdr3_clusters/0730b068-43df-47b8-903a-a18b518d53ba-IGH.fasta 100%
549 nt in 17 seqs, min 24, max 39, avg 32
Masking 100%
Sorting by length 100%
Counting k-mers 100%
Clustering 100%
Sorting clusters 100%
Writing clusters 100%
Clusters: 15 Size min 1, max 3, avg 1.1
Singletons: 14, 82.4% of seqs, 93.3% of clusters
Multiple alignments 100%
vsearch v2.30.0_linux_x86_64, 94.1GB RAM, 24 cores
https://github.com/torognes/vsearch

Reading file results/clustering/cdr/pellet_VH_R3/cdr3_clusters/d037677a-5d6e-443b-bde5-9a6260d9258f-IGH.fasta 100%
1596 nt in 34 seqs, min 27, max 54, avg 47
Masking 100%
Sorting by length 100%
Counting k-mers 100%
Clustering 100%
Sorting clusters 100%
Writing clusters 100%
Clusters: 33 Size min 1, max 2, avg 1.0
Singletons: 32, 94.1% of seqs, 97.0% of clusters
Multiple alignments 100%
vsearch v2.30.0_linux_x86_64, 94.1GB RAM, 24 cores
https://github.com/torognes/vsearch

Reading file results/clustering/cdr/pellet_VH_R3/cdr3_clusters/9985301f-2555-40b7-b176-80c17b2ff691-IGH.fasta 100%
1445 nt in 45 seqs, min 18, max 39, avg 32
Masking 100%
Sorting by length 100%
Counting k-mers 100%
Clustering 100%
Sorting clusters 100%
Writing clusters 100%
Clusters: 38 Size min 1, max 5, avg 1.2
Singletons: 35, 77.8% of seqs, 92.1% of clusters
Multiple alignments 100%
vsearch v2.30.0_linux_x86_64, 94.1GB RAM, 24 cores
https://github.com/torognes/vsearch

Reading file results/clustering/cdr/pellet_VH_R3/cdr3_clusters/2e8d26ea-0519-48a0-83b1-4b20060a6b97-IGH.fasta 100%
444 nt in 15 seqs, min 27, max 30, avg 30
Masking 100%
Sorting by length 100%
Counting k-mers 100%
Clustering 100%
Sorting clusters 100%
Writing clusters 100%
Clusters: 5 Size min 1, max 11, avg 3.0
Singletons: 4, 26.7% of seqs, 80.0% of clusters
Multiple alignments 100%
vsearch v2.30.0_linux_x86_64, 94.1GB RAM, 24 cores
https://github.com/torognes/vsearch

Reading file results/clustering/cdr/pellet_VH_R3/cdr3_clusters/5fc85ea9-3dd4-4921-a243-be44cfc2deb4-IGH.fasta 100%
228 nt in 6 seqs, min 27, max 48, avg 38
Masking 100%
Sorting by length 100%
Counting k-mers 100%
Clustering 100%
Sorting clusters 100%
Writing clusters 100%
Clusters: 6 Size min 1, max 1, avg 1.0
Singletons: 6, 100.0% of seqs, 100.0% of clusters
Multiple alignments 100%
vsearch v2.30.0_linux_x86_64, 94.1GB RAM, 24 cores
https://github.com/torognes/vsearch

Reading file results/clustering/cdr/pellet_VH_R3/cdr3_clusters/6aba64fb-9bf9-4798-b329-e2f589dd1c11-IGH.fasta 100%
6320 nt in 163 seqs, min 27, max 48, avg 39
minseqlength 6: 1 sequence discarded.
Masking 100%
Sorting by length 100%
Counting k-mers 100%
Clustering 100%
Sorting clusters 100%
Writing clusters 100%
Clusters: 124 Size min 1, max 6, avg 1.3
Singletons: 102, 62.6% of seqs, 82.3% of clusters
Multiple alignments 100%
vsearch v2.30.0_linux_x86_64, 94.1GB RAM, 24 cores
https://github.com/torognes/vsearch

Reading file results/clustering/cdr/pellet_VH_R3/cdr3_clusters/4a51dab7-ff70-4c63-8af6-740bb4454737-IGH.fasta 100%
225 nt in 5 seqs, min 42, max 48, avg 45
Masking 100%
Sorting by length 100%
Counting k-mers 100%
Clustering 100%
Sorting clusters 100%
Writing clusters 100%
Clusters: 5 Size min 1, max 1, avg 1.0
Singletons: 5, 100.0% of seqs, 100.0% of clusters
Multiple alignments 100%
vsearch v2.30.0_linux_x86_64, 94.1GB RAM, 24 cores
https://github.com/torognes/vsearch

Reading file results/clustering/cdr/pellet_VH_R3/cdr3_clusters/743a0d14-2e47-467d-b1b0-c756a1645be8-IGH.fasta 100%
2266 nt in 65 seqs, min 18, max 46, avg 35
Masking 100%
Sorting by length 100%
Counting k-mers 100%
Clustering 100%
Sorting clusters 100%
Writing clusters 100%
Clusters: 57 Size min 1, max 5, avg 1.1
Singletons: 54, 83.1% of seqs, 94.7% of clusters
Multiple alignments 100%
vsearch v2.30.0_linux_x86_64, 94.1GB RAM, 24 cores
https://github.com/torognes/vsearch

Reading file results/clustering/cdr/pellet_VH_R3/cdr3_clusters/13e17a24-acc6-4225-9012-9e06df86bc1c-IGH.fasta 100%
411 nt in 13 seqs, min 18, max 42, avg 32
Masking 100%
Sorting by length 100%
Counting k-mers 100%
Clustering 100%
Sorting clusters 100%
Writing clusters 100%
Clusters: 10 Size min 1, max 3, avg 1.3
Singletons: 8, 61.5% of seqs, 80.0% of clusters
Multiple alignments 100%
vsearch v2.30.0_linux_x86_64, 94.1GB RAM, 24 cores
https://github.com/torognes/vsearch

Reading file results/clustering/cdr/pellet_VH_R3/cdr3_clusters/cf3971ed-66d7-446b-80ab-4f1021bce255-IGH.fasta 100%
1304 nt in 31 seqs, min 27, max 54, avg 42
Masking 100%
Sorting by length 100%
Counting k-mers 100%
Clustering 100%
Sorting clusters 100%
Writing clusters 100%
Clusters: 28 Size min 1, max 4, avg 1.1
Singletons: 27, 87.1% of seqs, 96.4% of clusters
Multiple alignments 100%
vsearch v2.30.0_linux_x86_64, 94.1GB RAM, 24 cores
https://github.com/torognes/vsearch

Reading file results/clustering/cdr/pellet_VH_R3/cdr3_clusters/d69e41e9-7618-427a-aa8a-e3571bb205f4-IGH.fasta 100%
219 nt in 5 seqs, min 27, max 51, avg 44
Masking 100%
Sorting by length 100%
Counting k-mers 100%
Clustering 100%
Sorting clusters 100%
Writing clusters 100%
Clusters: 5 Size min 1, max 1, avg 1.0
Singletons: 5, 100.0% of seqs, 100.0% of clusters
Multiple alignments 100%
vsearch v2.30.0_linux_x86_64, 94.1GB RAM, 24 cores
https://github.com/torognes/vsearch

Reading file results/clustering/cdr/pellet_VH_R3/cdr3_clusters/2d0b61de-0a89-4132-99e7-8196f7d5dd4a-IGH.fasta 100%
20072 nt in 515 seqs, min 18, max 54, avg 39
minseqlength 6: 1 sequence discarded.
Masking 100%
Sorting by length 100%
Counting k-mers 100%
Clustering 100%
Sorting clusters 100%
Writing clusters 100%
Clusters: 400 Size min 1, max 51, avg 1.3
Singletons: 355, 68.9% of seqs, 88.8% of clusters
Multiple alignments 100%
vsearch v2.30.0_linux_x86_64, 94.1GB RAM, 24 cores
https://github.com/torognes/vsearch

Reading file results/clustering/cdr/pellet_VH_R3/cdr3_clusters/d5c3b99d-01d6-4268-a78a-094125d3e5c0-IGH.fasta 100%
188 nt in 5 seqs, min 26, max 45, avg 38
Masking 100%
Sorting by length 100%
Counting k-mers 100%
Clustering 100%
Sorting clusters 100%
Writing clusters 100%
Clusters: 5 Size min 1, max 1, avg 1.0
Singletons: 5, 100.0% of seqs, 100.0% of clusters
Multiple alignments 100%
vsearch v2.30.0_linux_x86_64, 94.1GB RAM, 24 cores
https://github.com/torognes/vsearch

Reading file results/clustering/cdr/pellet_VH_R3/cdr3_clusters/107a8451-4368-423f-9ab5-ad5350c37f33-IGH.fasta 100%
0 nt in 0 seqs
minseqlength 6: 12 sequences discarded.
Masking 100%
Sorting by length 100%
Counting k-mers 100%
Clustering 100%
Sorting clusters 100%
Writing clusters 100%
Clusters: 0
Singletons: 0
Multiple alignments 100%
vsearch v2.30.0_linux_x86_64, 94.1GB RAM, 24 cores
https://github.com/torognes/vsearch

Reading file results/clustering/cdr/pellet_VH_R3/cdr3_clusters/a2c07306-b91a-42f9-9122-b57541dd1ae3-IGH.fasta 100%
4839 nt in 116 seqs, min 18, max 54, avg 42
Masking 100%
Sorting by length 100%
Counting k-mers 100%
Clustering 100%
Sorting clusters 100%
Writing clusters 100%
Clusters: 81 Size min 1, max 33, avg 1.4
Singletons: 77, 66.4% of seqs, 95.1% of clusters
Multiple alignments 100%
vsearch v2.30.0_linux_x86_64, 94.1GB RAM, 24 cores
https://github.com/torognes/vsearch

Reading file results/clustering/cdr/pellet_VH_R3/cdr3_clusters/cdfb2223-4417-44c0-8be6-f08f1fcfeda5-IGH.fasta 100%
405 nt in 12 seqs, min 30, max 36, avg 34
Masking 100%
Sorting by length 100%
Counting k-mers 100%
Clustering 100%
Sorting clusters 100%
Writing clusters 100%
Clusters: 7 Size min 1, max 5, avg 1.7
Singletons: 5, 41.7% of seqs, 71.4% of clusters
Multiple alignments 100%
vsearch v2.30.0_linux_x86_64, 94.1GB RAM, 24 cores
https://github.com/torognes/vsearch

Reading file results/clustering/cdr/pellet_VH_R3/cdr3_clusters/081a7481-3b13-4ec4-a266-a1f705ac51a1-IGH.fasta 100%
2086 nt in 64 seqs, min 15, max 39, avg 33
Masking 100%
Sorting by length 100%
Counting k-mers 100%
Clustering 100%
Sorting clusters 100%
Writing clusters 100%
Clusters: 51 Size min 1, max 5, avg 1.3
Singletons: 46, 71.9% of seqs, 90.2% of clusters
Multiple alignments 100%
vsearch v2.30.0_linux_x86_64, 94.1GB RAM, 24 cores
https://github.com/torognes/vsearch

Reading file results/clustering/cdr/pellet_VH_R3/cdr3_clusters/20a265a4-fb59-4727-9807-fa7c8ad8c1e1-IGH.fasta 100%
21998 nt in 506 seqs, min 18, max 67, avg 43
Masking 100%
Sorting by length 100%
Counting k-mers 100%
Clustering 100%
Sorting clusters 100%
Writing clusters 100%
Clusters: 440 Size min 1, max 7, avg 1.1
Singletons: 395, 78.1% of seqs, 89.8% of clusters
Multiple alignments 100%
vsearch v2.30.0_linux_x86_64, 94.1GB RAM, 24 cores
https://github.com/torognes/vsearch

Reading file results/clustering/cdr/pellet_VH_R3/cdr3_clusters/4ccdf3d3-a576-4fcf-93b0-6ec3eb447607-IGH.fasta 100%
871 nt in 22 seqs, min 30, max 45, avg 40
Masking 100%
Sorting by length 100%
Counting k-mers 100%
Clustering 100%
Sorting clusters 100%
Writing clusters 100%
Clusters: 19 Size min 1, max 3, avg 1.2
Singletons: 17, 77.3% of seqs, 89.5% of clusters
Multiple alignments 100%
vsearch v2.30.0_linux_x86_64, 94.1GB RAM, 24 cores
https://github.com/torognes/vsearch

Reading file results/clustering/cdr/pellet_VH_R3/cdr3_clusters/0f7a05af-666b-465b-b75e-813adede8fe6-IGH.fasta 100%
1398 nt in 33 seqs, min 27, max 51, avg 42
Masking 100%
Sorting by length 100%
Counting k-mers 100%
Clustering 100%
Sorting clusters 100%
Writing clusters 100%
Clusters: 32 Size min 1, max 2, avg 1.0
Singletons: 31, 93.9% of seqs, 96.9% of clusters
Multiple alignments 100%
vsearch v2.30.0_linux_x86_64, 94.1GB RAM, 24 cores
https://github.com/torognes/vsearch

Reading file results/clustering/cdr/pellet_VH_R3/cdr3_clusters/1c9fb42f-a024-4a0f-98b3-6ea0c82130dc-IGH.fasta 100%
3281 nt in 72 seqs, min 30, max 60, avg 46
Masking 100%
Sorting by length 100%
Counting k-mers 100%
Clustering 100%
Sorting clusters 100%
Writing clusters 100%
Clusters: 68 Size min 1, max 3, avg 1.1
Singletons: 65, 90.3% of seqs, 95.6% of clusters
Multiple alignments 100%
vsearch v2.30.0_linux_x86_64, 94.1GB RAM, 24 cores
https://github.com/torognes/vsearch

Reading file results/clustering/cdr/pellet_VH_R3/cdr3_clusters/88cc3f15-dbc7-45b2-8f86-86ade9cd4a1f-IGH.fasta 100%
867 nt in 19 seqs, min 33, max 63, avg 46
Masking 100%
Sorting by length 100%
Counting k-mers 100%
Clustering 100%
Sorting clusters 100%
Writing clusters 100%
Clusters: 19 Size min 1, max 1, avg 1.0
Singletons: 19, 100.0% of seqs, 100.0% of clusters
Multiple alignments 100%
vsearch v2.30.0_linux_x86_64, 94.1GB RAM, 24 cores
https://github.com/torognes/vsearch

Reading file results/clustering/cdr/pellet_VH_R3/cdr3_clusters/047cba9a-81ff-47b2-8f1e-2392daa920e9-IGH.fasta 100%
815 nt in 21 seqs, min 24, max 48, avg 39
Masking 100%
Sorting by length 100%
Counting k-mers 100%
Clustering 100%
Sorting clusters 100%
Writing clusters 100%
Clusters: 20 Size min 1, max 2, avg 1.1
Singletons: 19, 90.5% of seqs, 95.0% of clusters
Multiple alignments 100%
vsearch v2.30.0_linux_x86_64, 94.1GB RAM, 24 cores
https://github.com/torognes/vsearch

Reading file results/clustering/cdr/pellet_VH_R3/cdr3_clusters/7bb6e256-9532-4baa-9ec8-e5121efd488d-IGH.fasta 100%
426 nt in 10 seqs, min 33, max 51, avg 43
Masking 100%
Sorting by length 100%
Counting k-mers 100%
Clustering 100%
Sorting clusters 100%
Writing clusters 100%
Clusters: 10 Size min 1, max 1, avg 1.0
Singletons: 10, 100.0% of seqs, 100.0% of clusters
Multiple alignments 100%
vsearch v2.30.0_linux_x86_64, 94.1GB RAM, 24 cores
https://github.com/torognes/vsearch

Reading file results/clustering/cdr/pellet_VH_R3/cdr3_clusters/0d8fbc0e-4029-4468-aaa2-975c5657d069-IGH.fasta 100%
594 nt in 13 seqs, min 27, max 48, avg 46
Masking 100%
Sorting by length 100%
Counting k-mers 100%
Clustering 100%
Sorting clusters 100%
Writing clusters 100%
Clusters: 6 Size min 1, max 5, avg 2.2
Singletons: 4, 30.8% of seqs, 66.7% of clusters
Multiple alignments 100%
vsearch v2.30.0_linux_x86_64, 94.1GB RAM, 24 cores
https://github.com/torognes/vsearch

Reading file results/clustering/cdr/pellet_VH_R3/cdr3_clusters/a77e6c7f-1655-429a-9348-e2be3b3e574e-IGH.fasta 100%
222 nt in 6 seqs, min 21, max 45, avg 37
Masking 100%
Sorting by length 100%
Counting k-mers 100%
Clustering 100%
Sorting clusters 100%
Writing clusters 100%
Clusters: 5 Size min 1, max 2, avg 1.2
Singletons: 4, 66.7% of seqs, 80.0% of clusters
Multiple alignments 100%
vsearch v2.30.0_linux_x86_64, 94.1GB RAM, 24 cores
https://github.com/torognes/vsearch

Reading file results/clustering/cdr/pellet_VH_R3/cdr3_clusters/3ccfe115-9b0f-4d3f-af8c-ac947a4297c2-IGH.fasta 100%
41150 nt in 1086 seqs, min 21, max 48, avg 38
minseqlength 6: 1 sequence discarded.
Masking 100%
Sorting by length 100%
Counting k-mers 100%
Clustering 100%
Sorting clusters 100%
Writing clusters 100%
Clusters: 455 Size min 1, max 104, avg 2.4
Singletons: 327, 30.1% of seqs, 71.9% of clusters
Multiple alignments 100%
vsearch v2.30.0_linux_x86_64, 94.1GB RAM, 24 cores
https://github.com/torognes/vsearch

Reading file results/clustering/cdr/pellet_VH_R3/cdr3_clusters/5f8fd70f-0915-495f-9780-a040f4ba4e36-IGH.fasta 100%
204 nt in 5 seqs, min 27, max 45, avg 41
Masking 100%
Sorting by length 100%
Counting k-mers 100%
Clustering 100%
Sorting clusters 100%
Writing clusters 100%
Clusters: 3 Size min 1, max 3, avg 1.7
Singletons: 2, 40.0% of seqs, 66.7% of clusters
Multiple alignments 100%
vsearch v2.30.0_linux_x86_64, 94.1GB RAM, 24 cores
https://github.com/torognes/vsearch

Reading file results/clustering/cdr/pellet_VH_R3/cdr3_clusters/1a66c1e8-9906-4e7a-9f18-80f706a02c0d-IGH.fasta 100%
1993 nt in 53 seqs, min 18, max 48, avg 38
Masking 100%
Sorting by length 100%
Counting k-mers 100%
Clustering 100%
Sorting clusters 100%
Writing clusters 100%
Clusters: 50 Size min 1, max 2, avg 1.1
Singletons: 47, 88.7% of seqs, 94.0% of clusters
Multiple alignments 100%
vsearch v2.30.0_linux_x86_64, 94.1GB RAM, 24 cores
https://github.com/torognes/vsearch

Reading file results/clustering/cdr/pellet_VH_R3/cdr3_clusters/01adbdac-d7dc-47f0-be62-a3452bee82de-IGH.fasta 100%
3597 nt in 78 seqs, min 30, max 54, avg 46
Masking 100%
Sorting by length 100%
Counting k-mers 100%
Clustering 100%
Sorting clusters 100%
Writing clusters 100%
Clusters: 64 Size min 1, max 13, avg 1.2
Singletons: 61, 78.2% of seqs, 95.3% of clusters
Multiple alignments 100%
vsearch v2.30.0_linux_x86_64, 94.1GB RAM, 24 cores
https://github.com/torognes/vsearch

Reading file results/clustering/cdr/pellet_VH_R3/cdr3_clusters/04def64d-3686-4548-8f07-230d691a40ef-IGH.fasta 100%
534 nt in 20 seqs, min 18, max 36, avg 27
Masking 100%
Sorting by length 100%
Counting k-mers 100%
Clustering 100%
Sorting clusters 100%
Writing clusters 100%
Clusters: 18 Size min 1, max 2, avg 1.1
Singletons: 16, 80.0% of seqs, 88.9% of clusters
Multiple alignments 100%
vsearch v2.30.0_linux_x86_64, 94.1GB RAM, 24 cores
https://github.com/torognes/vsearch

Reading file results/clustering/cdr/pellet_VH_R3/cdr3_clusters/b55901c3-d52d-435c-a640-d5c7fece4ed8-IGH.fasta 100%
1154 nt in 31 seqs, min 21, max 48, avg 37
Masking 100%
Sorting by length 100%
Counting k-mers 100%
Clustering 100%
Sorting clusters 100%
Writing clusters 100%
Clusters: 27 Size min 1, max 3, avg 1.1
Singletons: 24, 77.4% of seqs, 88.9% of clusters
Multiple alignments 100%
vsearch v2.30.0_linux_x86_64, 94.1GB RAM, 24 cores
https://github.com/torognes/vsearch

Reading file results/clustering/cdr/pellet_VH_R3/cdr3_clusters/3a4f19a1-8be4-43c4-9669-d2297512abfe-IGH.fasta 100%
642 nt in 14 seqs, min 36, max 57, avg 46
Masking 100%
Sorting by length 100%
Counting k-mers 100%
Clustering 100%
Sorting clusters 100%
Writing clusters 100%
Clusters: 11 Size min 1, max 3, avg 1.3
Singletons: 9, 64.3% of seqs, 81.8% of clusters
Multiple alignments 100%
vsearch v2.30.0_linux_x86_64, 94.1GB RAM, 24 cores
https://github.com/torognes/vsearch

Reading file results/clustering/cdr/pellet_VH_R3/cdr3_clusters/eecf6317-cfdc-4846-baca-69783f687ba7-IGH.fasta 100%
674 nt in 18 seqs, min 27, max 45, avg 37
Masking 100%
Sorting by length 100%
Counting k-mers 100%
Clustering 100%
Sorting clusters 100%
Writing clusters 100%
Clusters: 18 Size min 1, max 1, avg 1.0
Singletons: 18, 100.0% of seqs, 100.0% of clusters
Multiple alignments 100%
vsearch v2.30.0_linux_x86_64, 94.1GB RAM, 24 cores
https://github.com/torognes/vsearch

Reading file results/clustering/cdr/pellet_VH_R3/cdr3_clusters/d84ceaae-eb79-4feb-8d08-07a2b81bc1cc-IGH.fasta 100%
225 nt in 6 seqs, min 33, max 39, avg 38
Masking 100%
Sorting by length 100%
Counting k-mers 100%
Clustering 100%
Sorting clusters 100%
Writing clusters 100%
Clusters: 3 Size min 1, max 4, avg 2.0
Singletons: 2, 33.3% of seqs, 66.7% of clusters
Multiple alignments 100%
vsearch v2.30.0_linux_x86_64, 94.1GB RAM, 24 cores
https://github.com/torognes/vsearch

Reading file results/clustering/cdr/pellet_VH_R3/cdr3_clusters/da36c4f6-3a62-469e-821c-83c6c02c678a-IGH.fasta 100%
333 nt in 8 seqs, min 36, max 54, avg 42
Masking 100%
Sorting by length 100%
Counting k-mers 100%
Clustering 100%
Sorting clusters 100%
Writing clusters 100%
Clusters: 7 Size min 1, max 2, avg 1.1
Singletons: 6, 75.0% of seqs, 85.7% of clusters
Multiple alignments 100%
vsearch v2.30.0_linux_x86_64, 94.1GB RAM, 24 cores
https://github.com/torognes/vsearch

Reading file results/clustering/cdr/pellet_VH_R3/cdr3_clusters/7df68752-7cf3-42b5-a058-7949875c0144-IGH.fasta 100%
192 nt in 5 seqs, min 33, max 48, avg 38
Masking 100%
Sorting by length 100%
Counting k-mers 100%
Clustering 100%
Sorting clusters 100%
Writing clusters 100%
Clusters: 4 Size min 1, max 2, avg 1.2
Singletons: 3, 60.0% of seqs, 75.0% of clusters
Multiple alignments 100%
vsearch v2.30.0_linux_x86_64, 94.1GB RAM, 24 cores
https://github.com/torognes/vsearch

Reading file results/clustering/cdr/pellet_VH_R3/cdr3_clusters/f781f24e-af77-44d8-b8ac-62077a41a1db-IGH.fasta 100%
677 nt in 16 seqs, min 30, max 51, avg 42
Masking 100%
Sorting by length 100%
Counting k-mers 100%
Clustering 100%
Sorting clusters 100%
Writing clusters 100%
Clusters: 16 Size min 1, max 1, avg 1.0
Singletons: 16, 100.0% of seqs, 100.0% of clusters
Multiple alignments 100%
vsearch v2.30.0_linux_x86_64, 94.1GB RAM, 24 cores
https://github.com/torognes/vsearch

Reading file results/clustering/cdr/pellet_VH_R3/cdr3_clusters/07d0470a-ff09-49f1-b318-2c70c083bc8e-IGH.fasta 100%
201 nt in 5 seqs, min 39, max 42, avg 40
Masking 100%
Sorting by length 100%
Counting k-mers 100%
Clustering 100%
Sorting clusters 100%
Writing clusters 100%
Clusters: 4 Size min 1, max 2, avg 1.2
Singletons: 3, 60.0% of seqs, 75.0% of clusters
Multiple alignments 100%
vsearch v2.30.0_linux_x86_64, 94.1GB RAM, 24 cores
https://github.com/torognes/vsearch

Reading file results/clustering/cdr/pellet_VH_R3/cdr3_clusters/1d222d03-95a7-4b51-b826-36c400e7e1a5-IGH.fasta 100%
234 nt in 6 seqs, min 24, max 45, avg 39
Masking 100%
Sorting by length 100%
Counting k-mers 100%
Clustering 100%
Sorting clusters 100%
Writing clusters 100%
Clusters: 5 Size min 1, max 2, avg 1.2
Singletons: 4, 66.7% of seqs, 80.0% of clusters
Multiple alignments 100%
vsearch v2.30.0_linux_x86_64, 94.1GB RAM, 24 cores
https://github.com/torognes/vsearch

Reading file results/clustering/cdr/pellet_VH_R3/cdr3_clusters/03b0cf8e-76ba-4572-86ac-a9ffe6f99d70-IGH.fasta 100%
2904 nt in 70 seqs, min 27, max 51, avg 41
Masking 100%
Sorting by length 100%
Counting k-mers 100%
Clustering 100%
Sorting clusters 100%
Writing clusters 100%
Clusters: 56 Size min 1, max 8, avg 1.2
Singletons: 49, 70.0% of seqs, 87.5% of clusters
Multiple alignments 100%
vsearch v2.30.0_linux_x86_64, 94.1GB RAM, 24 cores
https://github.com/torognes/vsearch

Reading file results/clustering/cdr/pellet_VH_R3/cdr3_clusters/c277b425-e798-4725-bcb7-1867894d8752-IGH.fasta 100%
462 nt in 11 seqs, min 24, max 48, avg 42
Masking 100%
Sorting by length 100%
Counting k-mers 100%
Clustering 100%
Sorting clusters 100%
Writing clusters 100%
Clusters: 11 Size min 1, max 1, avg 1.0
Singletons: 11, 100.0% of seqs, 100.0% of clusters
Multiple alignments 100%
vsearch v2.30.0_linux_x86_64, 94.1GB RAM, 24 cores
https://github.com/torognes/vsearch

Reading file results/clustering/cdr/pellet_VH_R3/cdr3_clusters/6d9d987e-2db3-4718-87fa-3b55a4d96218-IGK.fasta 100%
0 nt in 0 seqs
minseqlength 6: 43 sequences discarded.
Masking 100%
Sorting by length 100%
Counting k-mers 100%
Clustering 100%
Sorting clusters 100%
Writing clusters 100%
Clusters: 0
Singletons: 0
Multiple alignments 100%
vsearch v2.30.0_linux_x86_64, 94.1GB RAM, 24 cores
https://github.com/torognes/vsearch

Reading file results/clustering/cdr/pellet_VH_R3/cdr3_clusters/9aaf4fb8-06f1-41d7-b132-8625483229ec-IGH.fasta 100%
1323 nt in 31 seqs, min 18, max 54, avg 43
Masking 100%
Sorting by length 100%
Counting k-mers 100%
Clustering 100%
Sorting clusters 100%
Writing clusters 100%
Clusters: 29 Size min 1, max 3, avg 1.1
Singletons: 28, 90.3% of seqs, 96.6% of clusters
Multiple alignments 100%
vsearch v2.30.0_linux_x86_64, 94.1GB RAM, 24 cores
https://github.com/torognes/vsearch

Reading file results/clustering/cdr/pellet_VH_R3/cdr3_clusters/0b86790c-1494-4628-993c-5ca09139e849-IGH.fasta 100%
1539 nt in 45 seqs, min 18, max 48, avg 34
Masking 100%
Sorting by length 100%
Counting k-mers 100%
Clustering 100%
Sorting clusters 100%
Writing clusters 100%
Clusters: 37 Size min 1, max 6, avg 1.2
Singletons: 35, 77.8% of seqs, 94.6% of clusters
Multiple alignments 100%
vsearch v2.30.0_linux_x86_64, 94.1GB RAM, 24 cores
https://github.com/torognes/vsearch

Reading file results/clustering/cdr/pellet_VH_R3/cdr3_clusters/67d8d254-ad5e-4438-af31-67b64ec2d56f-IGH.fasta 100%
228 nt in 6 seqs, min 36, max 42, avg 38
minseqlength 6: 1 sequence discarded.
Masking 100%
Sorting by length 100%
Counting k-mers 100%
Clustering 100%
Sorting clusters 100%
Writing clusters 100%
Clusters: 4 Size min 1, max 3, avg 1.5
Singletons: 3, 50.0% of seqs, 75.0% of clusters
Multiple alignments 100%
vsearch v2.30.0_linux_x86_64, 94.1GB RAM, 24 cores
https://github.com/torognes/vsearch

Reading file results/clustering/cdr/pellet_VH_R3/cdr3_clusters/dfe14fe3-5d64-46da-b6bf-c9c8f50df13d-IGH.fasta 100%
0 nt in 0 seqs
minseqlength 6: 36 sequences discarded.
Masking 100%
Sorting by length 100%
Counting k-mers 100%
Clustering 100%
Sorting clusters 100%
Writing clusters 100%
Clusters: 0
Singletons: 0
Multiple alignments 100%
vsearch v2.30.0_linux_x86_64, 94.1GB RAM, 24 cores
https://github.com/torognes/vsearch

Reading file results/clustering/cdr/pellet_VH_R3/cdr3_clusters/ac266fdf-2f34-4b96-b76d-510e4ac89022-IGH.fasta 100%
165 nt in 5 seqs, min 15, max 45, avg 33
Masking 100%
Sorting by length 100%
Counting k-mers 100%
Clustering 100%
Sorting clusters 100%
Writing clusters 100%
Clusters: 3 Size min 1, max 2, avg 1.7
Singletons: 1, 20.0% of seqs, 33.3% of clusters
Multiple alignments 100%
vsearch v2.30.0_linux_x86_64, 94.1GB RAM, 24 cores
https://github.com/torognes/vsearch

Reading file results/clustering/cdr/pellet_VH_R3/cdr3_clusters/c556f0de-c483-48fc-a0cc-c21f02586eb8-IGH.fasta 100%
285 nt in 7 seqs, min 33, max 48, avg 41
Masking 100%
Sorting by length 100%
Counting k-mers 100%
Clustering 100%
Sorting clusters 100%
Writing clusters 100%
Clusters: 6 Size min 1, max 2, avg 1.2
Singletons: 5, 71.4% of seqs, 83.3% of clusters
Multiple alignments 100%
vsearch v2.30.0_linux_x86_64, 94.1GB RAM, 24 cores
https://github.com/torognes/vsearch

Reading file results/clustering/cdr/pellet_VH_R3/cdr3_clusters/54526c27-d945-47a2-8c0d-5f496d400bd2-IGH.fasta 100%
356 nt in 10 seqs, min 30, max 39, avg 36
Masking 100%
Sorting by length 100%
Counting k-mers 100%
Clustering 100%
Sorting clusters 100%
Writing clusters 100%
Clusters: 9 Size min 1, max 2, avg 1.1
Singletons: 8, 80.0% of seqs, 88.9% of clusters
Multiple alignments 100%
vsearch v2.30.0_linux_x86_64, 94.1GB RAM, 24 cores
https://github.com/torognes/vsearch

Reading file results/clustering/cdr/pellet_VH_R3/cdr3_clusters/b62ba10b-71b6-477f-b26b-dbaafd6a26fc-IGH.fasta 100%
3335 nt in 83 seqs, min 24, max 54, avg 40
Masking 100%
Sorting by length 100%
Counting k-mers 100%
Clustering 100%
Sorting clusters 100%
Writing clusters 100%
Clusters: 75 Size min 1, max 6, avg 1.1
Singletons: 71, 85.5% of seqs, 94.7% of clusters
Multiple alignments 100%
vsearch v2.30.0_linux_x86_64, 94.1GB RAM, 24 cores
https://github.com/torognes/vsearch

Reading file results/clustering/cdr/pellet_VH_R3/cdr3_clusters/bce0053d-d84c-4178-abcb-96e3de2f812d-IGH.fasta 100%
192 nt in 7 seqs, min 24, max 30, avg 27
Masking 100%
Sorting by length 100%
Counting k-mers 100%
Clustering 100%
Sorting clusters 100%
Writing clusters 100%
Clusters: 7 Size min 1, max 1, avg 1.0
Singletons: 7, 100.0% of seqs, 100.0% of clusters
Multiple alignments 100%
vsearch v2.30.0_linux_x86_64, 94.1GB RAM, 24 cores
https://github.com/torognes/vsearch

Reading file results/clustering/cdr/pellet_VH_R3/cdr3_clusters/a7a25592-d6a1-4a54-9859-abc08f881c93-IGH.fasta 100%
377 nt in 9 seqs, min 33, max 54, avg 42
Masking 100%
Sorting by length 100%
Counting k-mers 100%
Clustering 100%
Sorting clusters 100%
Writing clusters 100%
Clusters: 9 Size min 1, max 1, avg 1.0
Singletons: 9, 100.0% of seqs, 100.0% of clusters
Multiple alignments 100%
vsearch v2.30.0_linux_x86_64, 94.1GB RAM, 24 cores
https://github.com/torognes/vsearch

Reading file results/clustering/cdr/pellet_VH_R3/cdr3_clusters/0d8f0461-ff42-409b-aead-5fc53f25afb4-IGH.fasta 100%
192 nt in 5 seqs, min 36, max 39, avg 38
Masking 100%
Sorting by length 100%
Counting k-mers 100%
Clustering 100%
Sorting clusters 100%
Writing clusters 100%
Clusters: 4 Size min 1, max 2, avg 1.2
Singletons: 3, 60.0% of seqs, 75.0% of clusters
Multiple alignments 100%
vsearch v2.30.0_linux_x86_64, 94.1GB RAM, 24 cores
https://github.com/torognes/vsearch

Reading file results/clustering/cdr/pellet_VH_R3/cdr3_clusters/3f50cd4a-0e2c-4f87-8550-a5978d521132-IGH.fasta 100%
222 nt in 5 seqs, min 39, max 48, avg 44
Masking 100%
Sorting by length 100%
Counting k-mers 100%
Clustering 100%
Sorting clusters 100%
Writing clusters 100%
Clusters: 4 Size min 1, max 2, avg 1.2
Singletons: 3, 60.0% of seqs, 75.0% of clusters
Multiple alignments 100%
vsearch v2.30.0_linux_x86_64, 94.1GB RAM, 24 cores
https://github.com/torognes/vsearch

Reading file results/clustering/cdr/pellet_VH_R3/cdr3_clusters/61c0eeda-75c4-4681-af46-8568efb6c00c-IGH.fasta 100%
621 nt in 13 seqs, min 36, max 57, avg 48
Masking 100%
Sorting by length 100%
Counting k-mers 100%
Clustering 100%
Sorting clusters 100%
Writing clusters 100%
Clusters: 13 Size min 1, max 1, avg 1.0
Singletons: 13, 100.0% of seqs, 100.0% of clusters
Multiple alignments 100%
vsearch v2.30.0_linux_x86_64, 94.1GB RAM, 24 cores
https://github.com/torognes/vsearch

Reading file results/clustering/cdr/pellet_VH_R3/cdr3_clusters/2a39493e-79ad-4648-9c07-8dfdacb63bae-IGH.fasta 100%
4536 nt in 107 seqs, min 18, max 51, avg 42
Masking 100%
Sorting by length 100%
Counting k-mers 100%
Clustering 100%
Sorting clusters 100%
Writing clusters 100%
Clusters: 92 Size min 1, max 8, avg 1.2
Singletons: 85, 79.4% of seqs, 92.4% of clusters
Multiple alignments 100%
vsearch v2.30.0_linux_x86_64, 94.1GB RAM, 24 cores
https://github.com/torognes/vsearch

Reading file results/clustering/cdr/pellet_VH_R3/cdr3_clusters/4b3204a4-d5c5-49b7-8377-646da0358dc5-IGH.fasta 100%
459 nt in 27 seqs, min 15, max 69, avg 17
Masking 100%
Sorting by length 100%
Counting k-mers 100%
Clustering 100%
Sorting clusters 100%
Writing clusters 100%
Clusters: 8 Size min 1, max 20, avg 3.4
Singletons: 7, 25.9% of seqs, 87.5% of clusters
Multiple alignments 100%
vsearch v2.30.0_linux_x86_64, 94.1GB RAM, 24 cores
https://github.com/torognes/vsearch

Reading file results/clustering/cdr/pellet_VH_R3/cdr3_clusters/bfc378c9-8b2c-4e39-943b-645404c85cf3-IGH.fasta 100%
276 nt in 10 seqs, min 18, max 45, avg 28
Masking 100%
Sorting by length 100%
Counting k-mers 100%
Clustering 100%
Sorting clusters 100%
Writing clusters 100%
Clusters: 8 Size min 1, max 3, avg 1.2
Singletons: 7, 70.0% of seqs, 87.5% of clusters
Multiple alignments 100%
vsearch v2.30.0_linux_x86_64, 94.1GB RAM, 24 cores
https://github.com/torognes/vsearch

Reading file results/clustering/cdr/pellet_VH_R3/cdr3_clusters/66deef29-bb67-4992-888a-ed6ddddf3d64-IGH.fasta 100%
237 nt in 8 seqs, min 21, max 36, avg 30
Masking 100%
Sorting by length 100%
Counting k-mers 100%
Clustering 100%
Sorting clusters 100%
Writing clusters 100%
Clusters: 8 Size min 1, max 1, avg 1.0
Singletons: 8, 100.0% of seqs, 100.0% of clusters
Multiple alignments 100%
vsearch v2.30.0_linux_x86_64, 94.1GB RAM, 24 cores
https://github.com/torognes/vsearch

Reading file results/clustering/cdr/pellet_VH_R3/cdr3_clusters/9d3bdd48-3a21-4a36-8dd2-4a8918d535ef-IGH.fasta 100%
236 nt in 8 seqs, min 21, max 33, avg 30
minseqlength 6: 1 sequence discarded.
Masking 100%
Sorting by length 100%
Counting k-mers 100%
Clustering 100%
Sorting clusters 100%
Writing clusters 100%
Clusters: 4 Size min 1, max 5, avg 2.0
Singletons: 3, 37.5% of seqs, 75.0% of clusters
Multiple alignments 100%
vsearch v2.30.0_linux_x86_64, 94.1GB RAM, 24 cores
https://github.com/torognes/vsearch

Reading file results/clustering/cdr/pellet_VH_R3/cdr3_clusters/aa9b54a2-2c9f-49f0-be05-55ef82961855-IGH.fasta 100%
621 nt in 15 seqs, min 36, max 45, avg 41
Masking 100%
Sorting by length 100%
Counting k-mers 100%
Clustering 100%
Sorting clusters 100%
Writing clusters 100%
Clusters: 8 Size min 1, max 6, avg 1.9
Singletons: 6, 40.0% of seqs, 75.0% of clusters
Multiple alignments 100%
vsearch v2.30.0_linux_x86_64, 94.1GB RAM, 24 cores
https://github.com/torognes/vsearch

Reading file results/clustering/cdr/pellet_VH_R3/cdr3_clusters/ca448f1a-bb56-4ffd-9d8e-3e582f5c4618-IGH.fasta 100%
2093 nt in 51 seqs, min 15, max 57, avg 41
minseqlength 6: 1 sequence discarded.
Masking 100%
Sorting by length 100%
Counting k-mers 100%
Clustering 100%
Sorting clusters 100%
Writing clusters 100%
Clusters: 49 Size min 1, max 3, avg 1.0
Singletons: 48, 94.1% of seqs, 98.0% of clusters
Multiple alignments 100%
vsearch v2.30.0_linux_x86_64, 94.1GB RAM, 24 cores
https://github.com/torognes/vsearch

Reading file results/clustering/cdr/pellet_VH_R3/cdr3_clusters/6544342c-f687-4062-b693-3893078a47b7-IGH.fasta 100%
246 nt in 10 seqs, min 18, max 30, avg 25
Masking 100%
Sorting by length 100%
Counting k-mers 100%
Clustering 100%
Sorting clusters 100%
Writing clusters 100%
Clusters: 10 Size min 1, max 1, avg 1.0
Singletons: 10, 100.0% of seqs, 100.0% of clusters
Multiple alignments 100%
vsearch v2.30.0_linux_x86_64, 94.1GB RAM, 24 cores
https://github.com/torognes/vsearch

Reading file results/clustering/cdr/pellet_VH_R3/cdr3_clusters/0646d945-e7b1-45ee-bea5-5328a2e82e5b-IGH.fasta 100%
303 nt in 7 seqs, min 33, max 51, avg 43
Masking 100%
Sorting by length 100%
Counting k-mers 100%
Clustering 100%
Sorting clusters 100%
Writing clusters 100%
Clusters: 7 Size min 1, max 1, avg 1.0
Singletons: 7, 100.0% of seqs, 100.0% of clusters
Multiple alignments 100%
vsearch v2.30.0_linux_x86_64, 94.1GB RAM, 24 cores
https://github.com/torognes/vsearch

Reading file results/clustering/cdr/pellet_VH_R3/cdr3_clusters/e1d29840-c5cf-4058-9f77-bd41784c0757-IGH.fasta 100%
417 nt in 11 seqs, min 33, max 39, avg 38
Masking 100%
Sorting by length 100%
Counting k-mers 100%
Clustering 100%
Sorting clusters 100%
Writing clusters 100%
Clusters: 5 Size min 1, max 7, avg 2.2
Singletons: 4, 36.4% of seqs, 80.0% of clusters
Multiple alignments 100%
vsearch v2.30.0_linux_x86_64, 94.1GB RAM, 24 cores
https://github.com/torognes/vsearch

Reading file results/clustering/cdr/pellet_VH_R3/cdr3_clusters/b7da927d-db74-4cc6-ae43-eca3182bb2fb-IGH.fasta 100%
702 nt in 18 seqs, min 21, max 54, avg 39
Masking 100%
Sorting by length 100%
Counting k-mers 100%
Clustering 100%
Sorting clusters 100%
Writing clusters 100%
Clusters: 17 Size min 1, max 2, avg 1.1
Singletons: 16, 88.9% of seqs, 94.1% of clusters
Multiple alignments 100%
vsearch v2.30.0_linux_x86_64, 94.1GB RAM, 24 cores
https://github.com/torognes/vsearch

Reading file results/clustering/cdr/pellet_VH_R3/cdr3_clusters/7a3a30f7-cc37-4187-98e4-ddca8d81df53-IGH.fasta 100%
365 nt in 9 seqs, min 29, max 54, avg 41
Masking 100%
Sorting by length 100%
Counting k-mers 100%
Clustering 100%
Sorting clusters 100%
Writing clusters 100%
Clusters: 9 Size min 1, max 1, avg 1.0
Singletons: 9, 100.0% of seqs, 100.0% of clusters
Multiple alignments 100%
vsearch v2.30.0_linux_x86_64, 94.1GB RAM, 24 cores
https://github.com/torognes/vsearch

Reading file results/clustering/cdr/pellet_VH_R3/cdr3_clusters/57ab312a-23af-43df-a96b-a10a716b3f55-IGH.fasta 100%
816 nt in 20 seqs, min 24, max 51, avg 41
Masking 100%
Sorting by length 100%
Counting k-mers 100%
Clustering 100%
Sorting clusters 100%
Writing clusters 100%
Clusters: 20 Size min 1, max 1, avg 1.0
Singletons: 20, 100.0% of seqs, 100.0% of clusters
Multiple alignments 100%
vsearch v2.30.0_linux_x86_64, 94.1GB RAM, 24 cores
https://github.com/torognes/vsearch

Reading file results/clustering/cdr/pellet_VH_R3/cdr3_clusters/a680415a-70c3-4d67-8c5d-1bc747f66ac6-IGH.fasta 100%
564 nt in 15 seqs, min 30, max 45, avg 38
Masking 100%
Sorting by length 100%
Counting k-mers 100%
Clustering 100%
Sorting clusters 100%
Writing clusters 100%
Clusters: 15 Size min 1, max 1, avg 1.0
Singletons: 15, 100.0% of seqs, 100.0% of clusters
Multiple alignments 100%
vsearch v2.30.0_linux_x86_64, 94.1GB RAM, 24 cores
https://github.com/torognes/vsearch

Reading file results/clustering/cdr/pellet_VH_R3/cdr3_clusters/f800a037-1fe5-4dbb-ac05-4d9a775492da-IGH.fasta 100%
741 nt in 19 seqs, min 15, max 48, avg 39
Masking 100%
Sorting by length 100%
Counting k-mers 100%
Clustering 100%
Sorting clusters 100%
Writing clusters 100%
Clusters: 19 Size min 1, max 1, avg 1.0
Singletons: 19, 100.0% of seqs, 100.0% of clusters
Multiple alignments 100%
vsearch v2.30.0_linux_x86_64, 94.1GB RAM, 24 cores
https://github.com/torognes/vsearch

Reading file results/clustering/cdr/pellet_VH_R3/cdr3_clusters/00170fbf-df9b-4da0-b273-cccbf91b2503-IGH.fasta 100%
13273 nt in 307 seqs, min 21, max 54, avg 43
Masking 100%
Sorting by length 100%
Counting k-mers 100%
Clustering 100%
Sorting clusters 100%
Writing clusters 100%
Clusters: 197 Size min 1, max 28, avg 1.6
Singletons: 166, 54.1% of seqs, 84.3% of clusters
Multiple alignments 100%
vsearch v2.30.0_linux_x86_64, 94.1GB RAM, 24 cores
https://github.com/torognes/vsearch

Reading file results/clustering/cdr/pellet_VH_R3/cdr3_clusters/55d2b6a4-d39a-496b-9ea8-ea99f8804b9a-IGH.fasta 100%
255 nt in 5 seqs, min 45, max 57, avg 51
Masking 100%
Sorting by length 100%
Counting k-mers 100%
Clustering 100%
Sorting clusters 100%
Writing clusters 100%
Clusters: 5 Size min 1, max 1, avg 1.0
Singletons: 5, 100.0% of seqs, 100.0% of clusters
Multiple alignments 100%
vsearch v2.30.0_linux_x86_64, 94.1GB RAM, 24 cores
https://github.com/torognes/vsearch

Reading file results/clustering/cdr/pellet_VH_R3/cdr3_clusters/d53c146b-4cad-474d-82be-bf5969c3b2e9-IGH.fasta 100%
561 nt in 17 seqs, min 33, max 33, avg 33
Masking 100%
Sorting by length 100%
Counting k-mers 100%
Clustering 100%
Sorting clusters 100%
Writing clusters 100%
Clusters: 2 Size min 1, max 16, avg 8.5
Singletons: 1, 5.9% of seqs, 50.0% of clusters
Multiple alignments 100%
vsearch v2.30.0_linux_x86_64, 94.1GB RAM, 24 cores
https://github.com/torognes/vsearch

Reading file results/clustering/cdr/pellet_VH_R3/cdr3_clusters/63b5775f-1419-4a8c-b782-7989b4d776ec-IGH.fasta 100%
534 nt in 14 seqs, min 30, max 51, avg 38
Masking 100%
Sorting by length 100%
Counting k-mers 100%
Clustering 100%
Sorting clusters 100%
Writing clusters 100%
Clusters: 10 Size min 1, max 4, avg 1.4
Singletons: 8, 57.1% of seqs, 80.0% of clusters
Multiple alignments 100%
vsearch v2.30.0_linux_x86_64, 94.1GB RAM, 24 cores
https://github.com/torognes/vsearch

Reading file results/clustering/cdr/pellet_VH_R3/cdr3_clusters/39407ba5-420c-4f7f-96de-4487f5fdb08d-IGH.fasta 100%
2431 nt in 52 seqs, min 18, max 57, avg 47
Masking 100%
Sorting by length 100%
Counting k-mers 100%
Clustering 100%
Sorting clusters 100%
Writing clusters 100%
Clusters: 47 Size min 1, max 5, avg 1.1
Singletons: 45, 86.5% of seqs, 95.7% of clusters
Multiple alignments 100%
vsearch v2.30.0_linux_x86_64, 94.1GB RAM, 24 cores
https://github.com/torognes/vsearch

Reading file results/clustering/cdr/pellet_VH_R3/cdr3_clusters/d29b9a09-58b9-4d76-a403-af901296dd16-IGH.fasta 100%
264 nt in 6 seqs, min 36, max 57, avg 44
Masking 100%
Sorting by length 100%
Counting k-mers 100%
Clustering 100%
Sorting clusters 100%
Writing clusters 100%
Clusters: 5 Size min 1, max 2, avg 1.2
Singletons: 4, 66.7% of seqs, 80.0% of clusters
Multiple alignments 100%
vsearch v2.30.0_linux_x86_64, 94.1GB RAM, 24 cores
https://github.com/torognes/vsearch

Reading file results/clustering/cdr/pellet_VH_R3/cdr3_clusters/a5d28cc6-4f89-4101-bfd5-7a80bb84dded-IGH.fasta 100%
2676 nt in 93 seqs, min 11, max 42, avg 29
Masking 100%
Sorting by length 100%
Counting k-mers 100%
Clustering 100%
Sorting clusters 100%
Writing clusters 100%
Clusters: 84 Size min 1, max 5, avg 1.1
Singletons: 78, 83.9% of seqs, 92.9% of clusters
Multiple alignments 100%
vsearch v2.30.0_linux_x86_64, 94.1GB RAM, 24 cores
https://github.com/torognes/vsearch

Reading file results/clustering/cdr/pellet_VH_R3/cdr3_clusters/af835b33-977a-43a6-acff-7abcc1f685f7-IGH.fasta 100%
342 nt in 8 seqs, min 30, max 51, avg 43
Masking 100%
Sorting by length 100%
Counting k-mers 100%
Clustering 100%
Sorting clusters 100%
Writing clusters 100%
Clusters: 8 Size min 1, max 1, avg 1.0
Singletons: 8, 100.0% of seqs, 100.0% of clusters
Multiple alignments 100%
vsearch v2.30.0_linux_x86_64, 94.1GB RAM, 24 cores
https://github.com/torognes/vsearch

Reading file results/clustering/cdr/pellet_VH_R3/cdr3_clusters/ed02f7d0-1ed2-41ed-8fc7-d072631189ab-IGH.fasta 100%
495 nt in 15 seqs, min 33, max 33, avg 33
Masking 100%
Sorting by length 100%
Counting k-mers 100%
Clustering 100%
Sorting clusters 100%
Writing clusters 100%
Clusters: 3 Size min 1, max 13, avg 5.0
Singletons: 2, 13.3% of seqs, 66.7% of clusters
Multiple alignments 100%
vsearch v2.30.0_linux_x86_64, 94.1GB RAM, 24 cores
https://github.com/torognes/vsearch

Reading file results/clustering/cdr/pellet_VH_R3/cdr3_clusters/32c2bf76-3d24-4db8-8239-bbd1935bf0f3-IGH.fasta 100%
504 nt in 7 seqs, min 72, max 72, avg 72
Masking 100%
Sorting by length 100%
Counting k-mers 100%
Clustering 100%
Sorting clusters 100%
Writing clusters 100%
Clusters: 1 Size min 7, max 7, avg 7.0
Singletons: 0, 0.0% of seqs, 0.0% of clusters
Multiple alignments 100%
vsearch v2.30.0_linux_x86_64, 94.1GB RAM, 24 cores
https://github.com/torognes/vsearch

Reading file results/clustering/cdr/pellet_VH_R3/cdr3_clusters/41814aca-6a71-433d-8abd-6bae6dd67ab9-IGH.fasta 100%
126 nt in 6 seqs, min 15, max 27, avg 21
Masking 100%
Sorting by length 100%
Counting k-mers 100%
Clustering 100%
Sorting clusters 100%
Writing clusters 100%
Clusters: 6 Size min 1, max 1, avg 1.0
Singletons: 6, 100.0% of seqs, 100.0% of clusters
Multiple alignments 100%
vsearch v2.30.0_linux_x86_64, 94.1GB RAM, 24 cores
https://github.com/torognes/vsearch

Reading file results/clustering/cdr/pellet_VH_R3/cdr3_clusters/d769df4d-b966-4ee3-8651-1273efd4d15d-IGH.fasta 100%
204 nt in 6 seqs, min 21, max 42, avg 34
Masking 100%
Sorting by length 100%
Counting k-mers 100%
Clustering 100%
Sorting clusters 100%
Writing clusters 100%
Clusters: 5 Size min 1, max 2, avg 1.2
Singletons: 4, 66.7% of seqs, 80.0% of clusters
Multiple alignments 100%
vsearch v2.30.0_linux_x86_64, 94.1GB RAM, 24 cores
https://github.com/torognes/vsearch

Reading file results/clustering/cdr/pellet_VH_R3/cdr3_clusters/308ffe79-d87a-46ad-a607-d3e9af0a1629-IGH.fasta 100%
360 nt in 9 seqs, min 33, max 42, avg 40
Masking 100%
Sorting by length 100%
Counting k-mers 100%
Clustering 100%
Sorting clusters 100%
Writing clusters 100%
Clusters: 3 Size min 1, max 7, avg 3.0
Singletons: 2, 22.2% of seqs, 66.7% of clusters
Multiple alignments 100%
vsearch v2.30.0_linux_x86_64, 94.1GB RAM, 24 cores
https://github.com/torognes/vsearch

Reading file results/clustering/cdr/pellet_VH_R3/cdr3_clusters/15502f5e-ea94-4b22-8d6f-0d54c45b7263-IGH.fasta 100%
1005 nt in 27 seqs, min 24, max 45, avg 37
Masking 100%
Sorting by length 100%
Counting k-mers 100%
Clustering 100%
Sorting clusters 100%
Writing clusters 100%
Clusters: 24 Size min 1, max 2, avg 1.1
Singletons: 21, 77.8% of seqs, 87.5% of clusters
Multiple alignments 100%
vsearch v2.30.0_linux_x86_64, 94.1GB RAM, 24 cores
https://github.com/torognes/vsearch

Reading file results/clustering/cdr/pellet_VH_R3/cdr3_clusters/0505d75a-abbb-4cf6-9ca7-0e7c4d79b1d4-IGH.fasta 100%
1048 nt in 21 seqs, min 36, max 54, avg 50
Masking 100%
Sorting by length 100%
Counting k-mers 100%
Clustering 100%
Sorting clusters 100%
Writing clusters 100%
Clusters: 17 Size min 1, max 4, avg 1.2
Singletons: 15, 71.4% of seqs, 88.2% of clusters
Multiple alignments 100%
vsearch v2.30.0_linux_x86_64, 94.1GB RAM, 24 cores
https://github.com/torognes/vsearch

Reading file results/clustering/cdr/pellet_VH_R3/cdr3_clusters/b605ee7b-dec1-49da-bdc2-c19f59b5a9ea-IGH.fasta 100%
348 nt in 9 seqs, min 27, max 48, avg 39
Masking 100%
Sorting by length 100%
Counting k-mers 100%
Clustering 100%
Sorting clusters 100%
Writing clusters 100%
Clusters: 9 Size min 1, max 1, avg 1.0
Singletons: 9, 100.0% of seqs, 100.0% of clusters
Multiple alignments 100%
vsearch v2.30.0_linux_x86_64, 94.1GB RAM, 24 cores
https://github.com/torognes/vsearch

Reading file results/clustering/cdr/pellet_VH_R3/cdr3_clusters/a180fd83-629c-4f5c-a223-eb66e86fc2b6-IGH.fasta 100%
54368 nt in 1306 seqs, min 27, max 54, avg 42
minseqlength 6: 1 sequence discarded.
Masking 100%
Sorting by length 100%
Counting k-mers 100%
Clustering 100%
Sorting clusters 100%
Writing clusters 100%
Clusters: 585 Size min 1, max 108, avg 2.2
Singletons: 397, 30.4% of seqs, 67.9% of clusters
Multiple alignments 100%
vsearch v2.30.0_linux_x86_64, 94.1GB RAM, 24 cores
https://github.com/torognes/vsearch

Reading file results/clustering/cdr/pellet_VH_R3/cdr3_clusters/afab300a-ee32-4328-bef2-a562dbd24841-IGH.fasta 100%
503 nt in 15 seqs, min 18, max 45, avg 34
Masking 100%
Sorting by length 100%
Counting k-mers 100%
Clustering 100%
Sorting clusters 100%
Writing clusters 100%
Clusters: 15 Size min 1, max 1, avg 1.0
Singletons: 15, 100.0% of seqs, 100.0% of clusters
Multiple alignments 100%
vsearch v2.30.0_linux_x86_64, 94.1GB RAM, 24 cores
https://github.com/torognes/vsearch

Reading file results/clustering/cdr/pellet_VH_R3/cdr3_clusters/0c17f97f-89a5-4078-8524-6d0a16ede41b-IGH.fasta 100%
505 nt in 12 seqs, min 42, max 43, avg 42
Masking 100%
Sorting by length 100%
Counting k-mers 100%
Clustering 100%
Sorting clusters 100%
Writing clusters 100%
Clusters: 3 Size min 1, max 6, avg 4.0
Singletons: 1, 8.3% of seqs, 33.3% of clusters
Multiple alignments 100%
vsearch v2.30.0_linux_x86_64, 94.1GB RAM, 24 cores
https://github.com/torognes/vsearch

Reading file results/clustering/cdr/pellet_VH_R3/cdr3_clusters/44a80c3e-0831-44d4-b3e3-0fd5f644021e-IGH.fasta 100%
885 nt in 18 seqs, min 36, max 54, avg 49
Masking 100%
Sorting by length 100%
Counting k-mers 100%
Clustering 100%
Sorting clusters 100%
Writing clusters 100%
Clusters: 9 Size min 1, max 10, avg 2.0
Singletons: 8, 44.4% of seqs, 88.9% of clusters
Multiple alignments 100%
vsearch v2.30.0_linux_x86_64, 94.1GB RAM, 24 cores
https://github.com/torognes/vsearch

Reading file results/clustering/cdr/pellet_VH_R3/cdr3_clusters/cc934076-f585-4a2c-b7da-59aa5f78efcd-IGH.fasta 100%
192 nt in 5 seqs, min 36, max 42, avg 38
Masking 100%
Sorting by length 100%
Counting k-mers 100%
Clustering 100%
Sorting clusters 100%
Writing clusters 100%
Clusters: 5 Size min 1, max 1, avg 1.0
Singletons: 5, 100.0% of seqs, 100.0% of clusters
Multiple alignments 100%
vsearch v2.30.0_linux_x86_64, 94.1GB RAM, 24 cores
https://github.com/torognes/vsearch

Reading file results/clustering/cdr/pellet_VH_R3/cdr3_clusters/6cba217b-88bf-4503-b346-2ef80f645bf2-IGH.fasta 100%
651 nt in 18 seqs, min 21, max 45, avg 36
Masking 100%
Sorting by length 100%
Counting k-mers 100%
Clustering 100%
Sorting clusters 100%
Writing clusters 100%
Clusters: 15 Size min 1, max 4, avg 1.2
Singletons: 14, 77.8% of seqs, 93.3% of clusters
Multiple alignments 100%
vsearch v2.30.0_linux_x86_64, 94.1GB RAM, 24 cores
https://github.com/torognes/vsearch

Reading file results/clustering/cdr/pellet_VH_R3/cdr3_clusters/fa3c15d7-d1a8-4926-a805-2ffb05790d86-IGH.fasta 100%
522 nt in 11 seqs, min 27, max 54, avg 47
Masking 100%
Sorting by length 100%
Counting k-mers 100%
Clustering 100%
Sorting clusters 100%
Writing clusters 100%
Clusters: 11 Size min 1, max 1, avg 1.0
Singletons: 11, 100.0% of seqs, 100.0% of clusters
Multiple alignments 100%
vsearch v2.30.0_linux_x86_64, 94.1GB RAM, 24 cores
https://github.com/torognes/vsearch

Reading file results/clustering/cdr/pellet_VH_R3/cdr3_clusters/ad74685b-b62a-4e5e-948d-6a4199803d9b-IGH.fasta 100%
687 nt in 16 seqs, min 33, max 54, avg 43
Masking 100%
Sorting by length 100%
Counting k-mers 100%
Clustering 100%
Sorting clusters 100%
Writing clusters 100%
Clusters: 15 Size min 1, max 2, avg 1.1
Singletons: 14, 87.5% of seqs, 93.3% of clusters
Multiple alignments 100%
vsearch v2.30.0_linux_x86_64, 94.1GB RAM, 24 cores
https://github.com/torognes/vsearch

Reading file results/clustering/cdr/pellet_VH_R3/cdr3_clusters/ec1e28fd-4967-4d97-8837-3bd38db732c8-IGH.fasta 100%
0 nt in 0 seqs
minseqlength 6: 12 sequences discarded.
Masking 100%
Sorting by length 100%
Counting k-mers 100%
Clustering 100%
Sorting clusters 100%
Writing clusters 100%
Clusters: 0
Singletons: 0
Multiple alignments 100%
vsearch v2.30.0_linux_x86_64, 94.1GB RAM, 24 cores
https://github.com/torognes/vsearch

Reading file results/clustering/cdr/pellet_VH_R3/cdr3_clusters/137839d9-d281-4478-af59-5752c9391497-IGH.fasta 100%
421 nt in 16 seqs, min 18, max 30, avg 26
minseqlength 6: 1 sequence discarded.
Masking 100%
Sorting by length 100%
Counting k-mers 100%
Clustering 100%
Sorting clusters 100%
Writing clusters 100%
Clusters: 16 Size min 1, max 1, avg 1.0
Singletons: 16, 100.0% of seqs, 100.0% of clusters
Multiple alignments 100%
vsearch v2.30.0_linux_x86_64, 94.1GB RAM, 24 cores
https://github.com/torognes/vsearch

Reading file results/clustering/cdr/pellet_VH_R3/cdr3_clusters/9d4a6ad4-da99-43b3-b1e8-1cc783f86c16-IGK.fasta 100%
0 nt in 0 seqs
minseqlength 6: 5 sequences discarded.
Masking 100%
Sorting by length 100%
Counting k-mers 100%
Clustering 100%
Sorting clusters 100%
Writing clusters 100%
Clusters: 0
Singletons: 0
Multiple alignments 100%
vsearch v2.30.0_linux_x86_64, 94.1GB RAM, 24 cores
https://github.com/torognes/vsearch

Reading file results/clustering/cdr/pellet_VH_R3/cdr3_clusters/4ce7480d-708d-492e-9821-618ef3f6efd9-IGH.fasta 100%
187 nt in 7 seqs, min 18, max 33, avg 27
Masking 100%
Sorting by length 100%
Counting k-mers 100%
Clustering 100%
Sorting clusters 100%
Writing clusters 100%
Clusters: 7 Size min 1, max 1, avg 1.0
Singletons: 7, 100.0% of seqs, 100.0% of clusters
Multiple alignments 100%
vsearch v2.30.0_linux_x86_64, 94.1GB RAM, 24 cores
https://github.com/torognes/vsearch

Reading file results/clustering/cdr/pellet_VH_R3/cdr3_clusters/6f12e3b4-a50a-4816-96ad-1e110e5abee6-IGH.fasta 100%
249 nt in 9 seqs, min 21, max 36, avg 28
Masking 100%
Sorting by length 100%
Counting k-mers 100%
Clustering 100%
Sorting clusters 100%
Writing clusters 100%
Clusters: 9 Size min 1, max 1, avg 1.0
Singletons: 9, 100.0% of seqs, 100.0% of clusters
Multiple alignments 100%
vsearch v2.30.0_linux_x86_64, 94.1GB RAM, 24 cores
https://github.com/torognes/vsearch

Reading file results/clustering/cdr/pellet_VH_R3/cdr3_clusters/4f542d2b-bd3e-484c-ae9a-ca5f674d6dcd-IGH.fasta 100%
150 nt in 5 seqs, min 24, max 36, avg 30
Masking 100%
Sorting by length 100%
Counting k-mers 100%
Clustering 100%
Sorting clusters 100%
Writing clusters 100%
Clusters: 5 Size min 1, max 1, avg 1.0
Singletons: 5, 100.0% of seqs, 100.0% of clusters
Multiple alignments 100%
vsearch v2.30.0_linux_x86_64, 94.1GB RAM, 24 cores
https://github.com/torognes/vsearch

Reading file results/clustering/cdr/pellet_VH_R3/cdr3_clusters/953afd9e-6608-4ceb-841e-a674651836c6-IGH.fasta 100%
390 nt in 9 seqs, min 36, max 45, avg 43
Masking 100%
Sorting by length 100%
Counting k-mers 100%
Clustering 100%
Sorting clusters 100%
Writing clusters 100%
Clusters: 4 Size min 1, max 6, avg 2.2
Singletons: 3, 33.3% of seqs, 75.0% of clusters
Multiple alignments 100%
vsearch v2.30.0_linux_x86_64, 94.1GB RAM, 24 cores
https://github.com/torognes/vsearch

Reading file results/clustering/cdr/pellet_VH_R3/cdr3_clusters/1e7f5e2b-9f77-4317-9eb4-53eaf1648233-IGH.fasta 100%
10099 nt in 234 seqs, min 27, max 54, avg 43
Masking 100%
Sorting by length 100%
Counting k-mers 100%
Clustering 100%
Sorting clusters 100%
Writing clusters 100%
Clusters: 165 Size min 1, max 8, avg 1.4
Singletons: 133, 56.8% of seqs, 80.6% of clusters
Multiple alignments 100%
vsearch v2.30.0_linux_x86_64, 94.1GB RAM, 24 cores
https://github.com/torognes/vsearch

Reading file results/clustering/cdr/pellet_VH_R3/cdr3_clusters/6ef7a182-a2b4-4f96-bb67-183b01f1b68e-IGH.fasta 100%
327 nt in 10 seqs, min 30, max 33, avg 33
Masking 100%
Sorting by length 100%
Counting k-mers 100%
Clustering 100%
Sorting clusters 100%
Writing clusters 100%
Clusters: 2 Size min 1, max 9, avg 5.0
Singletons: 1, 10.0% of seqs, 50.0% of clusters
Multiple alignments 100%
vsearch v2.30.0_linux_x86_64, 94.1GB RAM, 24 cores
https://github.com/torognes/vsearch

Reading file results/clustering/cdr/pellet_VH_R3/cdr3_clusters/047ec601-8eb1-4ed6-a470-b70ad3b40bb1-IGH.fasta 100%
24236 nt in 676 seqs, min 24, max 117, avg 36
minseqlength 6: 1 sequence discarded.
Masking 100%
Sorting by length 100%
Counting k-mers 100%
Clustering 100%
Sorting clusters 100%
Writing clusters 100%
Clusters: 139 Size min 1, max 101, avg 4.9
Singletons: 102, 15.1% of seqs, 73.4% of clusters
Multiple alignments 100%
vsearch v2.30.0_linux_x86_64, 94.1GB RAM, 24 cores
https://github.com/torognes/vsearch

Reading file results/clustering/cdr/pellet_VH_R3/cdr3_clusters/0f1b7dbf-2085-4b24-9e06-1a77581e49e5-IGH.fasta 100%
226 nt in 6 seqs, min 18, max 46, avg 38
Masking 100%
Sorting by length 100%
Counting k-mers 100%
Clustering 100%
Sorting clusters 100%
Writing clusters 100%
Clusters: 6 Size min 1, max 1, avg 1.0
Singletons: 6, 100.0% of seqs, 100.0% of clusters
Multiple alignments 100%
vsearch v2.30.0_linux_x86_64, 94.1GB RAM, 24 cores
https://github.com/torognes/vsearch

Reading file results/clustering/cdr/pellet_VH_R3/cdr3_clusters/f38a68fb-a222-4da5-a683-4939af7301ab-IGH.fasta 100%
681 nt in 18 seqs, min 30, max 51, avg 38
Masking 100%
Sorting by length 100%
Counting k-mers 100%
Clustering 100%
Sorting clusters 100%
Writing clusters 100%
Clusters: 12 Size min 1, max 7, avg 1.5
Singletons: 11, 61.1% of seqs, 91.7% of clusters
Multiple alignments 100%
vsearch v2.30.0_linux_x86_64, 94.1GB RAM, 24 cores
https://github.com/torognes/vsearch

Reading file results/clustering/cdr/pellet_VH_R3/cdr3_clusters/b42334f0-10f6-4eb4-a23e-077794c784db-IGH.fasta 100%
303 nt in 7 seqs, min 33, max 54, avg 43
Masking 100%
Sorting by length 100%
Counting k-mers 100%
Clustering 100%
Sorting clusters 100%
Writing clusters 100%
Clusters: 7 Size min 1, max 1, avg 1.0
Singletons: 7, 100.0% of seqs, 100.0% of clusters
Multiple alignments 100%
vsearch v2.30.0_linux_x86_64, 94.1GB RAM, 24 cores
https://github.com/torognes/vsearch

Reading file results/clustering/cdr/pellet_VH_R3/cdr3_clusters/0dfb8474-cc12-4874-ad48-d3ea42d9ee31-IGH.fasta 100%
1055 nt in 25 seqs, min 27, max 51, avg 42
Masking 100%
Sorting by length 100%
Counting k-mers 100%
Clustering 100%
Sorting clusters 100%
Writing clusters 100%
Clusters: 23 Size min 1, max 3, avg 1.1
Singletons: 22, 88.0% of seqs, 95.7% of clusters
Multiple alignments 100%
vsearch v2.30.0_linux_x86_64, 94.1GB RAM, 24 cores
https://github.com/torognes/vsearch

Reading file results/clustering/cdr/pellet_VH_R3/cdr3_clusters/6f0054c1-f315-422a-86bd-ebd08a08f04d-IGH.fasta 100%
120 nt in 5 seqs, min 24, max 24, avg 24
Masking 100%
Sorting by length 100%
Counting k-mers 100%
Clustering 100%
Sorting clusters 100%
Writing clusters 100%
Clusters: 3 Size min 1, max 3, avg 1.7
Singletons: 2, 40.0% of seqs, 66.7% of clusters
Multiple alignments 100%
vsearch v2.30.0_linux_x86_64, 94.1GB RAM, 24 cores
https://github.com/torognes/vsearch

Reading file results/clustering/cdr/pellet_VH_R3/cdr3_clusters/27303b0a-457f-431e-ad50-001f361a898b-IGH.fasta 100%
918 nt in 19 seqs, min 36, max 54, avg 48
Masking 100%
Sorting by length 100%
Counting k-mers 100%
Clustering 100%
Sorting clusters 100%
Writing clusters 100%
Clusters: 19 Size min 1, max 1, avg 1.0
Singletons: 19, 100.0% of seqs, 100.0% of clusters
Multiple alignments 100%
vsearch v2.30.0_linux_x86_64, 94.1GB RAM, 24 cores
https://github.com/torognes/vsearch

Reading file results/clustering/cdr/pellet_VH_R3/cdr3_clusters/00545442-8213-4505-ae66-149a05a75bab-IGH.fasta 100%
7564 nt in 187 seqs, min 18, max 54, avg 40
Masking 100%
Sorting by length 100%
Counting k-mers 100%
Clustering 100%
Sorting clusters 100%
Writing clusters 100%
Clusters: 163 Size min 1, max 12, avg 1.1
Singletons: 151, 80.7% of seqs, 92.6% of clusters
Multiple alignments 100%
vsearch v2.30.0_linux_x86_64, 94.1GB RAM, 24 cores
https://github.com/torognes/vsearch

Reading file results/clustering/cdr/pellet_VH_R3/cdr3_clusters/cfaaf853-bf66-43d3-b69f-76fab7330111-IGH.fasta 100%
195 nt in 6 seqs, min 27, max 39, avg 32
Masking 100%
Sorting by length 100%
Counting k-mers 100%
Clustering 100%
Sorting clusters 100%
Writing clusters 100%
Clusters: 6 Size min 1, max 1, avg 1.0
Singletons: 6, 100.0% of seqs, 100.0% of clusters
Multiple alignments 100%
vsearch v2.30.0_linux_x86_64, 94.1GB RAM, 24 cores
https://github.com/torognes/vsearch

Reading file results/clustering/cdr/pellet_VH_R3/cdr3_clusters/085d215b-860c-4050-b1ab-9b8b32315d82-IGH.fasta 100%
363 nt in 8 seqs, min 42, max 48, avg 45
Masking 100%
Sorting by length 100%
Counting k-mers 100%
Clustering 100%
Sorting clusters 100%
Writing clusters 100%
Clusters: 5 Size min 1, max 3, avg 1.6
Singletons: 3, 37.5% of seqs, 60.0% of clusters
Multiple alignments 100%
vsearch v2.30.0_linux_x86_64, 94.1GB RAM, 24 cores
https://github.com/torognes/vsearch

Reading file results/clustering/cdr/pellet_VH_R3/cdr3_clusters/f8f4db45-81b0-4059-b546-127d6c4d13bd-IGH.fasta 100%
1401 nt in 29 seqs, min 33, max 54, avg 48
Masking 100%
Sorting by length 100%
Counting k-mers 100%
Clustering 100%
Sorting clusters 100%
Writing clusters 100%
Clusters: 26 Size min 1, max 2, avg 1.1
Singletons: 23, 79.3% of seqs, 88.5% of clusters
Multiple alignments 100%
vsearch v2.30.0_linux_x86_64, 94.1GB RAM, 24 cores
https://github.com/torognes/vsearch

Reading file results/clustering/cdr/pellet_VH_R3/cdr3_clusters/6661d870-b6a2-4dab-8825-8e1b67ad08da-IGH.fasta 100%
363 nt in 9 seqs, min 30, max 48, avg 40
Masking 100%
Sorting by length 100%
Counting k-mers 100%
Clustering 100%
Sorting clusters 100%
Writing clusters 100%
Clusters: 8 Size min 1, max 2, avg 1.1
Singletons: 7, 77.8% of seqs, 87.5% of clusters
Multiple alignments 100%
vsearch v2.30.0_linux_x86_64, 94.1GB RAM, 24 cores
https://github.com/torognes/vsearch

Reading file results/clustering/cdr/pellet_VH_R3/cdr3_clusters/a321cb16-33cd-4b0f-8eeb-d25f3569eeb0-IGH.fasta 100%
744 nt in 18 seqs, min 27, max 51, avg 41
Masking 100%
Sorting by length 100%
Counting k-mers 100%
Clustering 100%
Sorting clusters 100%
Writing clusters 100%
Clusters: 15 Size min 1, max 2, avg 1.2
Singletons: 12, 66.7% of seqs, 80.0% of clusters
Multiple alignments 100%
vsearch v2.30.0_linux_x86_64, 94.1GB RAM, 24 cores
https://github.com/torognes/vsearch

Reading file results/clustering/cdr/pellet_VH_R3/cdr3_clusters/d198690f-4c9e-4cab-92a7-39477e36f349-IGH.fasta 100%
4224 nt in 117 seqs, min 15, max 48, avg 36
Masking 100%
Sorting by length 100%
Counting k-mers 100%
Clustering 100%
Sorting clusters 100%
Writing clusters 100%
Clusters: 106 Size min 1, max 6, avg 1.1
Singletons: 100, 85.5% of seqs, 94.3% of clusters
Multiple alignments 100%
vsearch v2.30.0_linux_x86_64, 94.1GB RAM, 24 cores
https://github.com/torognes/vsearch

Reading file results/clustering/cdr/pellet_VH_R3/cdr3_clusters/561eadd1-853e-486b-8386-aabee5d9078c-IGH.fasta 100%
1650 nt in 42 seqs, min 27, max 48, avg 39
Masking 100%
Sorting by length 100%
Counting k-mers 100%
Clustering 100%
Sorting clusters 100%
Writing clusters 100%
Clusters: 41 Size min 1, max 2, avg 1.0
Singletons: 40, 95.2% of seqs, 97.6% of clusters
Multiple alignments 100%
vsearch v2.30.0_linux_x86_64, 94.1GB RAM, 24 cores
https://github.com/torognes/vsearch

Reading file results/clustering/cdr/pellet_VH_R3/cdr3_clusters/343fab1c-3ff9-45b2-a24a-f1b4caa5708f-IGH.fasta 100%
886 nt in 25 seqs, min 30, max 45, avg 35
Masking 100%
Sorting by length 100%
Counting k-mers 100%
Clustering 100%
Sorting clusters 100%
Writing clusters 100%
Clusters: 18 Size min 1, max 3, avg 1.4
Singletons: 13, 52.0% of seqs, 72.2% of clusters
Multiple alignments 100%
vsearch v2.30.0_linux_x86_64, 94.1GB RAM, 24 cores
https://github.com/torognes/vsearch

Reading file results/clustering/cdr/pellet_VH_R3/cdr3_clusters/1b1b3d64-5497-4b7c-8eb0-0df703dc05f5-IGH.fasta 100%
39650 nt in 911 seqs, min 18, max 57, avg 44
minseqlength 6: 1 sequence discarded.
Masking 100%
Sorting by length 100%
Counting k-mers 100%
Clustering 100%
Sorting clusters 100%
Writing clusters 100%
Clusters: 683 Size min 1, max 20, avg 1.3
Singletons: 572, 62.8% of seqs, 83.7% of clusters
Multiple alignments 100%
vsearch v2.30.0_linux_x86_64, 94.1GB RAM, 24 cores
https://github.com/torognes/vsearch

Reading file results/clustering/cdr/pellet_VH_R3/cdr3_clusters/76b01fe4-a571-4f27-b32a-91eac8d907ef-IGH.fasta 100%
9935 nt in 232 seqs, min 18, max 57, avg 43
Masking 100%
Sorting by length 100%
Counting k-mers 100%
Clustering 100%
Sorting clusters 100%
Writing clusters 100%
Clusters: 206 Size min 1, max 9, avg 1.1
Singletons: 193, 83.2% of seqs, 93.7% of clusters
Multiple alignments 100%
vsearch v2.30.0_linux_x86_64, 94.1GB RAM, 24 cores
https://github.com/torognes/vsearch

Reading file results/clustering/cdr/pellet_VH_R3/cdr3_clusters/1528392b-95ae-4e11-8fd0-9c4d8bb165ab-IGH.fasta 100%
210 nt in 6 seqs, min 30, max 39, avg 35
Masking 100%
Sorting by length 100%
Counting k-mers 100%
Clustering 100%
Sorting clusters 100%
Writing clusters 100%
Clusters: 6 Size min 1, max 1, avg 1.0
Singletons: 6, 100.0% of seqs, 100.0% of clusters
Multiple alignments 100%
vsearch v2.30.0_linux_x86_64, 94.1GB RAM, 24 cores
https://github.com/torognes/vsearch

Reading file results/clustering/cdr/pellet_VH_R3/cdr3_clusters/005a6752-dd4b-4f75-a15f-4a111cd42610-IGH.fasta 100%
4358 nt in 103 seqs, min 24, max 60, avg 42
Masking 100%
Sorting by length 100%
Counting k-mers 100%
Clustering 100%
Sorting clusters 100%
Writing clusters 100%
Clusters: 96 Size min 1, max 4, avg 1.1
Singletons: 92, 89.3% of seqs, 95.8% of clusters
Multiple alignments 100%
vsearch v2.30.0_linux_x86_64, 94.1GB RAM, 24 cores
https://github.com/torognes/vsearch

Reading file results/clustering/cdr/pellet_VH_R3/cdr3_clusters/edcc67ce-e7dd-4ffd-a2bc-9c0861fb581c-IGH.fasta 100%
1173 nt in 27 seqs, min 27, max 57, avg 43
Masking 100%
Sorting by length 100%
Counting k-mers 100%
Clustering 100%
Sorting clusters 100%
Writing clusters 100%
Clusters: 26 Size min 1, max 2, avg 1.0
Singletons: 25, 92.6% of seqs, 96.2% of clusters
Multiple alignments 100%
vsearch v2.30.0_linux_x86_64, 94.1GB RAM, 24 cores
https://github.com/torognes/vsearch

Reading file results/clustering/cdr/pellet_VH_R3/cdr3_clusters/244ee983-b9f2-422c-ae8f-29f282d82840-IGH.fasta 100%
178 nt in 5 seqs, min 35, max 36, avg 36
Masking 100%
Sorting by length 100%
Counting k-mers 100%
Clustering 100%
Sorting clusters 100%
Writing clusters 100%
Clusters: 2 Size min 1, max 4, avg 2.5
Singletons: 1, 20.0% of seqs, 50.0% of clusters
Multiple alignments 100%
vsearch v2.30.0_linux_x86_64, 94.1GB RAM, 24 cores
https://github.com/torognes/vsearch

Reading file results/clustering/cdr/pellet_VH_R3/cdr3_clusters/c4d0ca96-e653-4620-b9a2-02e8d4efa118-IGH.fasta 100%
720 nt in 20 seqs, min 18, max 42, avg 36
Masking 100%
Sorting by length 100%
Counting k-mers 100%
Clustering 100%
Sorting clusters 100%
Writing clusters 100%
Clusters: 20 Size min 1, max 1, avg 1.0
Singletons: 20, 100.0% of seqs, 100.0% of clusters
Multiple alignments 100%
vsearch v2.30.0_linux_x86_64, 94.1GB RAM, 24 cores
https://github.com/torognes/vsearch

Reading file results/clustering/cdr/pellet_VH_R3/cdr3_clusters/693b8466-17a7-49d8-b4e9-cd606d043a89-IGH.fasta 100%
279 nt in 7 seqs, min 33, max 42, avg 40
Masking 100%
Sorting by length 100%
Counting k-mers 100%
Clustering 100%
Sorting clusters 100%
Writing clusters 100%
Clusters: 7 Size min 1, max 1, avg 1.0
Singletons: 7, 100.0% of seqs, 100.0% of clusters
Multiple alignments 100%
vsearch v2.30.0_linux_x86_64, 94.1GB RAM, 24 cores
https://github.com/torognes/vsearch

Reading file results/clustering/cdr/pellet_VH_R3/cdr3_clusters/5ae8f406-7025-40fb-95b1-4de5834a17c1-IGH.fasta 100%
678 nt in 15 seqs, min 33, max 57, avg 45
Masking 100%
Sorting by length 100%
Counting k-mers 100%
Clustering 100%
Sorting clusters 100%
Writing clusters 100%
Clusters: 13 Size min 1, max 2, avg 1.2
Singletons: 11, 73.3% of seqs, 84.6% of clusters
Multiple alignments 100%
vsearch v2.30.0_linux_x86_64, 94.1GB RAM, 24 cores
https://github.com/torognes/vsearch

Reading file results/clustering/cdr/pellet_VH_R3/cdr3_clusters/2faf8d8e-d208-41a0-a532-e16f73c9a4f1-IGH.fasta 100%
10859 nt in 274 seqs, min 15, max 66, avg 40
Masking 100%
Sorting by length 100%
Counting k-mers 100%
Clustering 100%
Sorting clusters 100%
Writing clusters 100%
Clusters: 248 Size min 1, max 10, avg 1.1
Singletons: 234, 85.4% of seqs, 94.4% of clusters
Multiple alignments 100%
vsearch v2.30.0_linux_x86_64, 94.1GB RAM, 24 cores
https://github.com/torognes/vsearch

Reading file results/clustering/cdr/pellet_VH_R3/cdr3_clusters/065bcfad-c501-4714-adbf-58f614ffb589-IGH.fasta 100%
3793 nt in 80 seqs, min 27, max 57, avg 47
Masking 100%
Sorting by length 100%
Counting k-mers 100%
Clustering 100%
Sorting clusters 100%
Writing clusters 100%
Clusters: 67 Size min 1, max 10, avg 1.2
Singletons: 63, 78.8% of seqs, 94.0% of clusters
Multiple alignments 100%
vsearch v2.30.0_linux_x86_64, 94.1GB RAM, 24 cores
https://github.com/torognes/vsearch

Reading file results/clustering/cdr/pellet_VH_R3/cdr3_clusters/a5d83057-d4da-472f-b1c1-12711bba642f-IGH.fasta 100%
321 nt in 8 seqs, min 30, max 48, avg 40
Masking 100%
Sorting by length 100%
Counting k-mers 100%
Clustering 100%
Sorting clusters 100%
Writing clusters 100%
Clusters: 7 Size min 1, max 2, avg 1.1
Singletons: 6, 75.0% of seqs, 85.7% of clusters
Multiple alignments 100%
vsearch v2.30.0_linux_x86_64, 94.1GB RAM, 24 cores
https://github.com/torognes/vsearch

Reading file results/clustering/cdr/pellet_VH_R3/cdr3_clusters/87cc5f81-41bd-4e7f-9dfa-48387a99b71a-IGH.fasta 100%
273 nt in 6 seqs, min 39, max 51, avg 46
Masking 100%
Sorting by length 100%
Counting k-mers 100%
Clustering 100%
Sorting clusters 100%
Writing clusters 100%
Clusters: 6 Size min 1, max 1, avg 1.0
Singletons: 6, 100.0% of seqs, 100.0% of clusters
Multiple alignments 100%
vsearch v2.30.0_linux_x86_64, 94.1GB RAM, 24 cores
https://github.com/torognes/vsearch

Reading file results/clustering/cdr/pellet_VH_R3/cdr3_clusters/e6e29903-edfb-492a-a4bf-81a373526f6a-IGH.fasta 100%
453 nt in 9 seqs, min 39, max 54, avg 50
Masking 100%
Sorting by length 100%
Counting k-mers 100%
Clustering 100%
Sorting clusters 100%
Writing clusters 100%
Clusters: 7 Size min 1, max 2, avg 1.3
Singletons: 5, 55.6% of seqs, 71.4% of clusters
Multiple alignments 100%
vsearch v2.30.0_linux_x86_64, 94.1GB RAM, 24 cores
https://github.com/torognes/vsearch

Reading file results/clustering/cdr/pellet_VH_R3/cdr3_clusters/050f9192-2d26-46ad-9b02-9e5e700a09da-IGH.fasta 100%
228 nt in 6 seqs, min 30, max 42, avg 38
Masking 100%
Sorting by length 100%
Counting k-mers 100%
Clustering 100%
Sorting clusters 100%
Writing clusters 100%
Clusters: 3 Size min 1, max 4, avg 2.0
Singletons: 2, 33.3% of seqs, 66.7% of clusters
Multiple alignments 100%
vsearch v2.30.0_linux_x86_64, 94.1GB RAM, 24 cores
https://github.com/torognes/vsearch

Reading file results/clustering/cdr/pellet_VH_R3/cdr3_clusters/183e22ee-38b1-4f61-9332-a65942b97373-IGH.fasta 100%
216 nt in 5 seqs, min 36, max 48, avg 43
Masking 100%
Sorting by length 100%
Counting k-mers 100%
Clustering 100%
Sorting clusters 100%
Writing clusters 100%
Clusters: 5 Size min 1, max 1, avg 1.0
Singletons: 5, 100.0% of seqs, 100.0% of clusters
Multiple alignments 100%
vsearch v2.30.0_linux_x86_64, 94.1GB RAM, 24 cores
https://github.com/torognes/vsearch

Reading file results/clustering/cdr/pellet_VH_R3/cdr3_clusters/2b9f4632-e3e6-4cc1-9371-7b4cf74ea3e1-IGH.fasta 100%
366 nt in 10 seqs, min 24, max 45, avg 37
Masking 100%
Sorting by length 100%
Counting k-mers 100%
Clustering 100%
Sorting clusters 100%
Writing clusters 100%
Clusters: 9 Size min 1, max 2, avg 1.1
Singletons: 8, 80.0% of seqs, 88.9% of clusters
Multiple alignments 100%
vsearch v2.30.0_linux_x86_64, 94.1GB RAM, 24 cores
https://github.com/torognes/vsearch

Reading file results/clustering/cdr/pellet_VH_R3/cdr3_clusters/a235f13e-42e7-43de-b0a7-00da2532f78a-IGH.fasta 100%
453 nt in 10 seqs, min 36, max 54, avg 45
Masking 100%
Sorting by length 100%
Counting k-mers 100%
Clustering 100%
Sorting clusters 100%
Writing clusters 100%
Clusters: 9 Size min 1, max 2, avg 1.1
Singletons: 8, 80.0% of seqs, 88.9% of clusters
Multiple alignments 100%
vsearch v2.30.0_linux_x86_64, 94.1GB RAM, 24 cores
https://github.com/torognes/vsearch

Reading file results/clustering/cdr/pellet_VH_R3/cdr3_clusters/8dec85ab-4b24-43af-a51a-b4ed4a93d5a0-IGH.fasta 100%
4265 nt in 90 seqs, min 24, max 57, avg 47
Masking 100%
Sorting by length 100%
Counting k-mers 100%
Clustering 100%
Sorting clusters 100%
Writing clusters 100%
Clusters: 78 Size min 1, max 6, avg 1.2
Singletons: 71, 78.9% of seqs, 91.0% of clusters
Multiple alignments 100%
vsearch v2.30.0_linux_x86_64, 94.1GB RAM, 24 cores
https://github.com/torognes/vsearch

Reading file results/clustering/cdr/pellet_VH_R3/cdr3_clusters/39f05d17-556b-4820-bc17-0d4bf28a94c2-IGH.fasta 100%
306 nt in 8 seqs, min 33, max 39, avg 38
Masking 100%
Sorting by length 100%
Counting k-mers 100%
Clustering 100%
Sorting clusters 100%
Writing clusters 100%
Clusters: 2 Size min 1, max 7, avg 4.0
Singletons: 1, 12.5% of seqs, 50.0% of clusters
Multiple alignments 100%
vsearch v2.30.0_linux_x86_64, 94.1GB RAM, 24 cores
https://github.com/torognes/vsearch

Reading file results/clustering/cdr/pellet_VH_R3/cdr3_clusters/531aea9e-64cf-4e56-8ecb-fb448fe42551-IGH.fasta 100%
1376 nt in 34 seqs, min 21, max 47, avg 40
Masking 100%
Sorting by length 100%
Counting k-mers 100%
Clustering 100%
Sorting clusters 100%
Writing clusters 100%
Clusters: 26 Size min 1, max 4, avg 1.3
Singletons: 22, 64.7% of seqs, 84.6% of clusters
Multiple alignments 100%
vsearch v2.30.0_linux_x86_64, 94.1GB RAM, 24 cores
https://github.com/torognes/vsearch

Reading file results/clustering/cdr/pellet_VH_R3/cdr3_clusters/cc6c503e-811f-4560-a8a8-3c51d556e482-IGH.fasta 100%
231 nt in 8 seqs, min 18, max 36, avg 29
Masking 100%
Sorting by length 100%
Counting k-mers 100%
Clustering 100%
Sorting clusters 100%
Writing clusters 100%
Clusters: 8 Size min 1, max 1, avg 1.0
Singletons: 8, 100.0% of seqs, 100.0% of clusters
Multiple alignments 100%
vsearch v2.30.0_linux_x86_64, 94.1GB RAM, 24 cores
https://github.com/torognes/vsearch

Reading file results/clustering/cdr/pellet_VH_R3/cdr3_clusters/36224ce0-f610-4982-b3c4-e97fe1010422-IGH.fasta 100%
276 nt in 7 seqs, min 27, max 51, avg 39
Masking 100%
Sorting by length 100%
Counting k-mers 100%
Clustering 100%
Sorting clusters 100%
Writing clusters 100%
Clusters: 7 Size min 1, max 1, avg 1.0
Singletons: 7, 100.0% of seqs, 100.0% of clusters
Multiple alignments 100%
vsearch v2.30.0_linux_x86_64, 94.1GB RAM, 24 cores
https://github.com/torognes/vsearch

Reading file results/clustering/cdr/pellet_VH_R3/cdr3_clusters/ec69c4a5-d7dc-4a7f-adfc-a4422d9330db-IGH.fasta 100%
1467 nt in 35 seqs, min 18, max 54, avg 42
Masking 100%
Sorting by length 100%
Counting k-mers 100%
Clustering 100%
Sorting clusters 100%
Writing clusters 100%
Clusters: 26 Size min 1, max 9, avg 1.3
Singletons: 24, 68.6% of seqs, 92.3% of clusters
Multiple alignments 100%
vsearch v2.30.0_linux_x86_64, 94.1GB RAM, 24 cores
https://github.com/torognes/vsearch

Reading file results/clustering/cdr/pellet_VH_R3/cdr3_clusters/e628470b-0d56-4b77-8a1b-a316e01dc4e8-IGH.fasta 100%
471 nt in 10 seqs, min 33, max 51, avg 47
Masking 100%
Sorting by length 100%
Counting k-mers 100%
Clustering 100%
Sorting clusters 100%
Writing clusters 100%
Clusters: 7 Size min 1, max 4, avg 1.4
Singletons: 6, 60.0% of seqs, 85.7% of clusters
Multiple alignments 100%
vsearch v2.30.0_linux_x86_64, 94.1GB RAM, 24 cores
https://github.com/torognes/vsearch

Reading file results/clustering/cdr/pellet_VH_R3/cdr3_clusters/6299a942-5067-4595-adf7-bb368e134db8-IGH.fasta 100%
927 nt in 26 seqs, min 30, max 42, avg 36
Masking 100%
Sorting by length 100%
Counting k-mers 100%
Clustering 100%
Sorting clusters 100%
Writing clusters 100%
Clusters: 24 Size min 1, max 2, avg 1.1
Singletons: 22, 84.6% of seqs, 91.7% of clusters
Multiple alignments 100%
vsearch v2.30.0_linux_x86_64, 94.1GB RAM, 24 cores
https://github.com/torognes/vsearch

Reading file results/clustering/cdr/pellet_VH_R3/cdr3_clusters/238d2caf-718a-455c-929b-1567e0cf08b2-IGH.fasta 100%
603 nt in 13 seqs, min 33, max 57, avg 46
Masking 100%
Sorting by length 100%
Counting k-mers 100%
Clustering 100%
Sorting clusters 100%
Writing clusters 100%
Clusters: 13 Size min 1, max 1, avg 1.0
Singletons: 13, 100.0% of seqs, 100.0% of clusters
Multiple alignments 100%
vsearch v2.30.0_linux_x86_64, 94.1GB RAM, 24 cores
https://github.com/torognes/vsearch

Reading file results/clustering/cdr/pellet_VH_R3/cdr3_clusters/8552c94b-46a9-4061-a8e2-0a92c22cb9f8-IGH.fasta 100%
470 nt in 13 seqs, min 15, max 45, avg 36
Masking 100%
Sorting by length 100%
Counting k-mers 100%
Clustering 100%
Sorting clusters 100%
Writing clusters 100%
Clusters: 10 Size min 1, max 3, avg 1.3
Singletons: 8, 61.5% of seqs, 80.0% of clusters
Multiple alignments 100%
vsearch v2.30.0_linux_x86_64, 94.1GB RAM, 24 cores
https://github.com/torognes/vsearch

Reading file results/clustering/cdr/pellet_VH_R3/cdr3_clusters/c9cc0c9a-ce0b-45ee-a65e-c3f68440806f-IGH.fasta 100%
264 nt in 6 seqs, min 30, max 54, avg 44
Masking 100%
Sorting by length 100%
Counting k-mers 100%
Clustering 100%
Sorting clusters 100%
Writing clusters 100%
Clusters: 6 Size min 1, max 1, avg 1.0
Singletons: 6, 100.0% of seqs, 100.0% of clusters
Multiple alignments 100%
vsearch v2.30.0_linux_x86_64, 94.1GB RAM, 24 cores
https://github.com/torognes/vsearch

Reading file results/clustering/cdr/pellet_VH_R3/cdr3_clusters/598187ce-2a1c-4878-b075-d64c57791eee-IGH.fasta 100%
1353 nt in 36 seqs, min 27, max 48, avg 38
Masking 100%
Sorting by length 100%
Counting k-mers 100%
Clustering 100%
Sorting clusters 100%
Writing clusters 100%
Clusters: 33 Size min 1, max 4, avg 1.1
Singletons: 32, 88.9% of seqs, 97.0% of clusters
Multiple alignments 100%
vsearch v2.30.0_linux_x86_64, 94.1GB RAM, 24 cores
https://github.com/torognes/vsearch

Reading file results/clustering/cdr/pellet_VH_R3/cdr3_clusters/1dcb94f0-75df-4380-9bfb-3cf57fbc146a-IGH.fasta 100%
534 nt in 14 seqs, min 30, max 45, avg 38
Masking 100%
Sorting by length 100%
Counting k-mers 100%
Clustering 100%
Sorting clusters 100%
Writing clusters 100%
Clusters: 14 Size min 1, max 1, avg 1.0
Singletons: 14, 100.0% of seqs, 100.0% of clusters
Multiple alignments 100%
vsearch v2.30.0_linux_x86_64, 94.1GB RAM, 24 cores
https://github.com/torognes/vsearch

Reading file results/clustering/cdr/pellet_VH_R3/cdr3_clusters/e3c6a0c1-b820-4d7e-9965-f4b3e68ca02b-IGH.fasta 100%
3744 nt in 93 seqs, min 15, max 51, avg 40
Masking 100%
Sorting by length 100%
Counting k-mers 100%
Clustering 100%
Sorting clusters 100%
Writing clusters 100%
Clusters: 77 Size min 1, max 8, avg 1.2
Singletons: 72, 77.4% of seqs, 93.5% of clusters
Multiple alignments 100%
vsearch v2.30.0_linux_x86_64, 94.1GB RAM, 24 cores
https://github.com/torognes/vsearch

Reading file results/clustering/cdr/pellet_VH_R3/cdr3_clusters/dda1e7f5-e3ed-45bc-94ba-a93e4abc7adf-IGH.fasta 100%
342 nt in 7 seqs, min 42, max 54, avg 49
Masking 100%
Sorting by length 100%
Counting k-mers 100%
Clustering 100%
Sorting clusters 100%
Writing clusters 100%
Clusters: 7 Size min 1, max 1, avg 1.0
Singletons: 7, 100.0% of seqs, 100.0% of clusters
Multiple alignments 100%
vsearch v2.30.0_linux_x86_64, 94.1GB RAM, 24 cores
https://github.com/torognes/vsearch

Reading file results/clustering/cdr/pellet_VH_R3/cdr3_clusters/463a22d1-db28-41b8-9d3a-27f598b84889-IGH.fasta 100%
385 nt in 10 seqs, min 27, max 55, avg 38
Masking 100%
Sorting by length 100%
Counting k-mers 100%
Clustering 100%
Sorting clusters 100%
Writing clusters 100%
Clusters: 4 Size min 1, max 7, avg 2.5
Singletons: 3, 30.0% of seqs, 75.0% of clusters
Multiple alignments 100%
vsearch v2.30.0_linux_x86_64, 94.1GB RAM, 24 cores
https://github.com/torognes/vsearch

Reading file results/clustering/cdr/pellet_VH_R3/cdr3_clusters/b1a850b1-fce2-4dbe-9ec5-4bf1ecafb06e-IGH.fasta 100%
2616 nt in 62 seqs, min 27, max 54, avg 42
Masking 100%
Sorting by length 100%
Counting k-mers 100%
Clustering 100%
Sorting clusters 100%
Writing clusters 100%
Clusters: 39 Size min 1, max 14, avg 1.6
Singletons: 34, 54.8% of seqs, 87.2% of clusters
Multiple alignments 100%
vsearch v2.30.0_linux_x86_64, 94.1GB RAM, 24 cores
https://github.com/torognes/vsearch

Reading file results/clustering/cdr/pellet_VH_R3/cdr3_clusters/0a222a97-9016-4554-9e14-10951d0b28af-IGH.fasta 100%
849 nt in 19 seqs, min 30, max 54, avg 45
Masking 100%
Sorting by length 100%
Counting k-mers 100%
Clustering 100%
Sorting clusters 100%
Writing clusters 100%
Clusters: 19 Size min 1, max 1, avg 1.0
Singletons: 19, 100.0% of seqs, 100.0% of clusters
Multiple alignments 100%
vsearch v2.30.0_linux_x86_64, 94.1GB RAM, 24 cores
https://github.com/torognes/vsearch

Reading file results/clustering/cdr/pellet_VH_R3/cdr3_clusters/2f06a1d6-20ab-442a-8d0a-28d3be4a7e52-IGH.fasta 100%
5862 nt in 130 seqs, min 30, max 57, avg 45
Masking 100%
Sorting by length 100%
Counting k-mers 100%
Clustering 100%
Sorting clusters 100%
Writing clusters 100%
Clusters: 112 Size min 1, max 3, avg 1.2
Singletons: 98, 75.4% of seqs, 87.5% of clusters
Multiple alignments 100%
vsearch v2.30.0_linux_x86_64, 94.1GB RAM, 24 cores
https://github.com/torognes/vsearch

Reading file results/clustering/cdr/pellet_VH_R3/cdr3_clusters/860624e1-4a1d-4941-b29c-73acda25686b-IGH.fasta 100%
750 nt in 17 seqs, min 27, max 57, avg 44
Masking 100%
Sorting by length 100%
Counting k-mers 100%
Clustering 100%
Sorting clusters 100%
Writing clusters 100%
Clusters: 16 Size min 1, max 2, avg 1.1
Singletons: 15, 88.2% of seqs, 93.8% of clusters
Multiple alignments 100%
vsearch v2.30.0_linux_x86_64, 94.1GB RAM, 24 cores
https://github.com/torognes/vsearch

Reading file results/clustering/cdr/pellet_VH_R3/cdr3_clusters/f61ec1a0-1c7d-4505-9efd-1557d417e99d-IGH.fasta 100%
1086 nt in 28 seqs, min 27, max 54, avg 39
Masking 100%
Sorting by length 100%
Counting k-mers 100%
Clustering 100%
Sorting clusters 100%
Writing clusters 100%
Clusters: 23 Size min 1, max 3, avg 1.2
Singletons: 20, 71.4% of seqs, 87.0% of clusters
Multiple alignments 100%
vsearch v2.30.0_linux_x86_64, 94.1GB RAM, 24 cores
https://github.com/torognes/vsearch

Reading file results/clustering/cdr/pellet_VH_R3/cdr3_clusters/50b6438b-978d-42ee-a203-3673eb8588f4-IGH.fasta 100%
282 nt in 7 seqs, min 33, max 48, avg 40
Masking 100%
Sorting by length 100%
Counting k-mers 100%
Clustering 100%
Sorting clusters 100%
Writing clusters 100%
Clusters: 7 Size min 1, max 1, avg 1.0
Singletons: 7, 100.0% of seqs, 100.0% of clusters
Multiple alignments 100%
vsearch v2.30.0_linux_x86_64, 94.1GB RAM, 24 cores
https://github.com/torognes/vsearch

Reading file results/clustering/cdr/pellet_VH_R3/cdr3_clusters/70062b55-6fa7-47ec-b4b7-bd30a61add47-IGH.fasta 100%
264 nt in 6 seqs, min 39, max 51, avg 44
Masking 100%
Sorting by length 100%
Counting k-mers 100%
Clustering 100%
Sorting clusters 100%
Writing clusters 100%
Clusters: 6 Size min 1, max 1, avg 1.0
Singletons: 6, 100.0% of seqs, 100.0% of clusters
Multiple alignments 100%
vsearch v2.30.0_linux_x86_64, 94.1GB RAM, 24 cores
https://github.com/torognes/vsearch

Reading file results/clustering/cdr/pellet_VH_R3/cdr3_clusters/3b8f37dc-4b38-48d9-834b-d1075e8cb754-IGH.fasta 100%
404 nt in 10 seqs, min 30, max 45, avg 40
Masking 100%
Sorting by length 100%
Counting k-mers 100%
Clustering 100%
Sorting clusters 100%
Writing clusters 100%
Clusters: 10 Size min 1, max 1, avg 1.0
Singletons: 10, 100.0% of seqs, 100.0% of clusters
Multiple alignments 100%
vsearch v2.30.0_linux_x86_64, 94.1GB RAM, 24 cores
https://github.com/torognes/vsearch

Reading file results/clustering/cdr/pellet_VH_R3/cdr3_clusters/df17ac70-8bab-4633-a21c-d6d3758c2a90-IGH.fasta 100%
174 nt in 7 seqs, min 18, max 33, avg 25
Masking 100%
Sorting by length 100%
Counting k-mers 100%
Clustering 100%
Sorting clusters 100%
Writing clusters 100%
Clusters: 5 Size min 1, max 3, avg 1.4
Singletons: 4, 57.1% of seqs, 80.0% of clusters
Multiple alignments 100%
vsearch v2.30.0_linux_x86_64, 94.1GB RAM, 24 cores
https://github.com/torognes/vsearch

Reading file results/clustering/cdr/pellet_VH_R3/cdr3_clusters/29790ccf-556b-400e-9051-a4c8f29116f3-IGH.fasta 100%
5200 nt in 127 seqs, min 17, max 54, avg 41
minseqlength 6: 1 sequence discarded.
Masking 100%
Sorting by length 100%
Counting k-mers 100%
Clustering 100%
Sorting clusters 100%
Writing clusters 100%
Clusters: 113 Size min 1, max 8, avg 1.1
Singletons: 106, 83.5% of seqs, 93.8% of clusters
Multiple alignments 100%
vsearch v2.30.0_linux_x86_64, 94.1GB RAM, 24 cores
https://github.com/torognes/vsearch

Reading file results/clustering/cdr/pellet_VH_R3/cdr3_clusters/e40e5bfa-ad36-4f5e-9d30-80d22c8b01fd-IGH.fasta 100%
156 nt in 5 seqs, min 27, max 36, avg 31
Masking 100%
Sorting by length 100%
Counting k-mers 100%
Clustering 100%
Sorting clusters 100%
Writing clusters 100%
Clusters: 5 Size min 1, max 1, avg 1.0
Singletons: 5, 100.0% of seqs, 100.0% of clusters
Multiple alignments 100%
vsearch v2.30.0_linux_x86_64, 94.1GB RAM, 24 cores
https://github.com/torognes/vsearch

Reading file results/clustering/cdr/pellet_VH_R3/cdr3_clusters/c2006975-dd5c-4436-8c1b-2d4be2124924-IGH.fasta 100%
10227 nt in 242 seqs, min 27, max 51, avg 42
Masking 100%
Sorting by length 100%
Counting k-mers 100%
Clustering 100%
Sorting clusters 100%
Writing clusters 100%
Clusters: 170 Size min 1, max 6, avg 1.4
Singletons: 135, 55.8% of seqs, 79.4% of clusters
Multiple alignments 100%
vsearch v2.30.0_linux_x86_64, 94.1GB RAM, 24 cores
https://github.com/torognes/vsearch

Reading file results/clustering/cdr/pellet_VH_R3/cdr3_clusters/e408cca7-a708-4fd8-b280-b8230677bfe4-IGH.fasta 100%
908 nt in 27 seqs, min 15, max 42, avg 34
Masking 100%
Sorting by length 100%
Counting k-mers 100%
Clustering 100%
Sorting clusters 100%
Writing clusters 100%
Clusters: 17 Size min 1, max 11, avg 1.6
Singletons: 16, 59.3% of seqs, 94.1% of clusters
Multiple alignments 100%
vsearch v2.30.0_linux_x86_64, 94.1GB RAM, 24 cores
https://github.com/torognes/vsearch

Reading file results/clustering/cdr/pellet_VH_R3/cdr3_clusters/4c1a1d90-0a71-42dd-bd09-3d3f7004a762-IGH.fasta 100%
544 nt in 11 seqs, min 42, max 51, avg 49
Masking 100%
Sorting by length 100%
Counting k-mers 100%
Clustering 100%
Sorting clusters 100%
Writing clusters 100%
Clusters: 6 Size min 1, max 6, avg 1.8
Singletons: 5, 45.5% of seqs, 83.3% of clusters
Multiple alignments 100%
vsearch v2.30.0_linux_x86_64, 94.1GB RAM, 24 cores
https://github.com/torognes/vsearch

Reading file results/clustering/cdr/pellet_VH_R3/cdr3_clusters/9c0606d6-7c90-4a35-9e6f-d8c7cc5c5dca-IGH.fasta 100%
2961 nt in 80 seqs, min 18, max 51, avg 37
minseqlength 6: 1 sequence discarded.
Masking 100%
Sorting by length 100%
Counting k-mers 100%
Clustering 100%
Sorting clusters 100%
Writing clusters 100%
Clusters: 73 Size min 1, max 3, avg 1.1
Singletons: 68, 85.0% of seqs, 93.2% of clusters
Multiple alignments 100%
vsearch v2.30.0_linux_x86_64, 94.1GB RAM, 24 cores
https://github.com/torognes/vsearch

Reading file results/clustering/cdr/pellet_VH_R3/cdr3_clusters/8af961d6-2109-481d-bc96-d779d3d196c9-IGH.fasta 100%
206 nt in 5 seqs, min 36, max 45, avg 41
Masking 100%
Sorting by length 100%
Counting k-mers 100%
Clustering 100%
Sorting clusters 100%
Writing clusters 100%
Clusters: 5 Size min 1, max 1, avg 1.0
Singletons: 5, 100.0% of seqs, 100.0% of clusters
Multiple alignments 100%
vsearch v2.30.0_linux_x86_64, 94.1GB RAM, 24 cores
https://github.com/torognes/vsearch

Reading file results/clustering/cdr/pellet_VH_R3/cdr3_clusters/5aab3bed-f6a5-4681-b1ed-4bc85950f995-IGH.fasta 100%
3186 nt in 73 seqs, min 24, max 48, avg 44
Masking 100%
Sorting by length 100%
Counting k-mers 100%
Clustering 100%
Sorting clusters 100%
Writing clusters 100%
Clusters: 33 Size min 1, max 30, avg 2.2
Singletons: 29, 39.7% of seqs, 87.9% of clusters
Multiple alignments 100%
vsearch v2.30.0_linux_x86_64, 94.1GB RAM, 24 cores
https://github.com/torognes/vsearch

Reading file results/clustering/cdr/pellet_VH_R3/cdr3_clusters/47c85a90-3043-40ef-a3ad-b903c7f308f9-IGH.fasta 100%
0 nt in 0 seqs
minseqlength 6: 10 sequences discarded.
Masking 100%
Sorting by length 100%
Counting k-mers 100%
Clustering 100%
Sorting clusters 100%
Writing clusters 100%
Clusters: 0
Singletons: 0
Multiple alignments 100%
vsearch v2.30.0_linux_x86_64, 94.1GB RAM, 24 cores
https://github.com/torognes/vsearch

Reading file results/clustering/cdr/pellet_VH_R3/cdr3_clusters/c8b2fc34-cc8d-41e8-aec9-6d978f450a59-IGH.fasta 100%
339 nt in 13 seqs, min 21, max 27, avg 26
minseqlength 6: 1 sequence discarded.
Masking 100%
Sorting by length 100%
Counting k-mers 100%
Clustering 100%
Sorting clusters 100%
Writing clusters 100%
Clusters: 8 Size min 1, max 5, avg 1.6
Singletons: 6, 46.2% of seqs, 75.0% of clusters
Multiple alignments 100%
vsearch v2.30.0_linux_x86_64, 94.1GB RAM, 24 cores
https://github.com/torognes/vsearch

Reading file results/clustering/cdr/pellet_VH_R3/cdr3_clusters/ae9bcca3-07dc-433f-a870-dacc1cd6f4fe-IGH.fasta 100%
2235 nt in 60 seqs, min 21, max 45, avg 37
Masking 100%
Sorting by length 100%
Counting k-mers 100%
Clustering 100%
Sorting clusters 100%
Writing clusters 100%
Clusters: 58 Size min 1, max 2, avg 1.0
Singletons: 56, 93.3% of seqs, 96.6% of clusters
Multiple alignments 100%
vsearch v2.30.0_linux_x86_64, 94.1GB RAM, 24 cores
https://github.com/torognes/vsearch

Reading file results/clustering/cdr/pellet_VH_R3/cdr3_clusters/f347064d-ab95-4e88-9506-422d131f3fab-IGH.fasta 100%
0 nt in 0 seqs
minseqlength 6: 205 sequences discarded.
Masking 100%
Sorting by length 100%
Counting k-mers 100%
Clustering 100%
Sorting clusters 100%
Writing clusters 100%
Clusters: 0
Singletons: 0
Multiple alignments 100%
vsearch v2.30.0_linux_x86_64, 94.1GB RAM, 24 cores
https://github.com/torognes/vsearch

Reading file results/clustering/cdr/pellet_VH_R3/cdr3_clusters/e00f643d-0cc2-4f8e-853c-86460f99e5df-IGH.fasta 100%
237 nt in 5 seqs, min 42, max 51, avg 47
Masking 100%
Sorting by length 100%
Counting k-mers 100%
Clustering 100%
Sorting clusters 100%
Writing clusters 100%
Clusters: 3 Size min 1, max 3, avg 1.7
Singletons: 2, 40.0% of seqs, 66.7% of clusters
Multiple alignments 100%
vsearch v2.30.0_linux_x86_64, 94.1GB RAM, 24 cores
https://github.com/torognes/vsearch

Reading file results/clustering/cdr/pellet_VH_R3/cdr3_clusters/0f43c144-b0bc-40e9-bde3-6417ae682176-IGH.fasta 100%
255 nt in 6 seqs, min 27, max 54, avg 42
Masking 100%
Sorting by length 100%
Counting k-mers 100%
Clustering 100%
Sorting clusters 100%
Writing clusters 100%
Clusters: 5 Size min 1, max 2, avg 1.2
Singletons: 4, 66.7% of seqs, 80.0% of clusters
Multiple alignments 100%
vsearch v2.30.0_linux_x86_64, 94.1GB RAM, 24 cores
https://github.com/torognes/vsearch

Reading file results/clustering/cdr/pellet_VH_R3/cdr3_clusters/010e6383-a157-4cbb-8a74-1fbee3a21a68-IGH.fasta 100%
807386 nt in 20546 seqs, min 8, max 69, avg 39
minseqlength 6: 17 sequences discarded.
Masking 100%
Sorting by length 100%
Counting k-mers 100%
Clustering 100%
Sorting clusters 100%
Writing clusters 100%
Clusters: 11328 Size min 1, max 310, avg 1.8
Singletons: 8608, 41.9% of seqs, 76.0% of clusters
Multiple alignments 100%
vsearch v2.30.0_linux_x86_64, 94.1GB RAM, 24 cores
https://github.com/torognes/vsearch

Reading file results/clustering/cdr/pellet_VH_R3/cdr3_clusters/0684df6f-071d-4e8f-880c-b81e87d7c5ac-IGH.fasta 100%
1971 nt in 50 seqs, min 18, max 54, avg 39
Masking 100%
Sorting by length 100%
Counting k-mers 100%
Clustering 100%
Sorting clusters 100%
Writing clusters 100%
Clusters: 50 Size min 1, max 1, avg 1.0
Singletons: 50, 100.0% of seqs, 100.0% of clusters
Multiple alignments 100%
vsearch v2.30.0_linux_x86_64, 94.1GB RAM, 24 cores
https://github.com/torognes/vsearch

Reading file results/clustering/cdr/pellet_VH_R3/cdr3_clusters/c7828efe-3bac-4a8d-9738-d775b9e08948-IGH.fasta 100%
333 nt in 8 seqs, min 36, max 48, avg 42
Masking 100%
Sorting by length 100%
Counting k-mers 100%
Clustering 100%
Sorting clusters 100%
Writing clusters 100%
Clusters: 8 Size min 1, max 1, avg 1.0
Singletons: 8, 100.0% of seqs, 100.0% of clusters
Multiple alignments 100%
vsearch v2.30.0_linux_x86_64, 94.1GB RAM, 24 cores
https://github.com/torognes/vsearch

Reading file results/clustering/cdr/pellet_VH_R3/cdr3_clusters/1cdaeca5-2a11-4c25-a1ac-d73262f012e2-IGH.fasta 100%
1788 nt in 41 seqs, min 24, max 51, avg 44
Masking 100%
Sorting by length 100%
Counting k-mers 100%
Clustering 100%
Sorting clusters 100%
Writing clusters 100%
Clusters: 29 Size min 1, max 11, avg 1.4
Singletons: 26, 63.4% of seqs, 89.7% of clusters
Multiple alignments 100%
vsearch v2.30.0_linux_x86_64, 94.1GB RAM, 24 cores
https://github.com/torognes/vsearch

Reading file results/clustering/cdr/pellet_VH_R3/cdr3_clusters/46d6d8ef-f07e-48ad-a693-538fd95a8d7b-IGH.fasta 100%
426 nt in 10 seqs, min 36, max 45, avg 43
Masking 100%
Sorting by length 100%
Counting k-mers 100%
Clustering 100%
Sorting clusters 100%
Writing clusters 100%
Clusters: 7 Size min 1, max 4, avg 1.4
Singletons: 6, 60.0% of seqs, 85.7% of clusters
Multiple alignments 100%
vsearch v2.30.0_linux_x86_64, 94.1GB RAM, 24 cores
https://github.com/torognes/vsearch

Reading file results/clustering/cdr/pellet_VH_R3/cdr3_clusters/416f1991-d28f-45f3-8f24-5920a174f16b-IGH.fasta 100%
327 nt in 7 seqs, min 36, max 54, avg 47
Masking 100%
Sorting by length 100%
Counting k-mers 100%
Clustering 100%
Sorting clusters 100%
Writing clusters 100%
Clusters: 7 Size min 1, max 1, avg 1.0
Singletons: 7, 100.0% of seqs, 100.0% of clusters
Multiple alignments 100%
vsearch v2.30.0_linux_x86_64, 94.1GB RAM, 24 cores
https://github.com/torognes/vsearch

Reading file results/clustering/cdr/pellet_VH_R3/cdr3_clusters/978c00e1-3f2d-4f61-8c4d-f76144d1c801-IGH.fasta 100%
309 nt in 8 seqs, min 24, max 45, avg 39
Masking 100%
Sorting by length 100%
Counting k-mers 100%
Clustering 100%
Sorting clusters 100%
Writing clusters 100%
Clusters: 8 Size min 1, max 1, avg 1.0
Singletons: 8, 100.0% of seqs, 100.0% of clusters
Multiple alignments 100%
vsearch v2.30.0_linux_x86_64, 94.1GB RAM, 24 cores
https://github.com/torognes/vsearch

Reading file results/clustering/cdr/pellet_VH_R3/cdr3_clusters/26a7e588-a708-4a0b-b960-223a3a8cf6b6-IGH.fasta 100%
0 nt in 0 seqs
minseqlength 6: 19 sequences discarded.
Masking 100%
Sorting by length 100%
Counting k-mers 100%
Clustering 100%
Sorting clusters 100%
Writing clusters 100%
Clusters: 0
Singletons: 0
Multiple alignments 100%
vsearch v2.30.0_linux_x86_64, 94.1GB RAM, 24 cores
https://github.com/torognes/vsearch

Reading file results/clustering/cdr/pellet_VH_R3/cdr3_clusters/e2324191-c1c9-4b4f-9d30-f2820026f5fb-IGH.fasta 100%
300 nt in 7 seqs, min 36, max 51, avg 43
Masking 100%
Sorting by length 100%
Counting k-mers 100%
Clustering 100%
Sorting clusters 100%
Writing clusters 100%
Clusters: 7 Size min 1, max 1, avg 1.0
Singletons: 7, 100.0% of seqs, 100.0% of clusters
Multiple alignments 100%
vsearch v2.30.0_linux_x86_64, 94.1GB RAM, 24 cores
https://github.com/torognes/vsearch

Reading file results/clustering/cdr/pellet_VH_R3/cdr3_clusters/2e6f4cc3-46c4-4849-962f-d6572a48d6e9-IGH.fasta 100%
435 nt in 10 seqs, min 36, max 48, avg 44
Masking 100%
Sorting by length 100%
Counting k-mers 100%
Clustering 100%
Sorting clusters 100%
Writing clusters 100%
Clusters: 8 Size min 1, max 2, avg 1.2
Singletons: 6, 60.0% of seqs, 75.0% of clusters
Multiple alignments 100%
vsearch v2.30.0_linux_x86_64, 94.1GB RAM, 24 cores
https://github.com/torognes/vsearch

Reading file results/clustering/cdr/pellet_VH_R3/cdr3_clusters/44a24ac2-a8fb-4ae9-b668-c95e0152a937-IGH.fasta 100%
264 nt in 7 seqs, min 27, max 42, avg 38
Masking 100%
Sorting by length 100%
Counting k-mers 100%
Clustering 100%
Sorting clusters 100%
Writing clusters 100%
Clusters: 6 Size min 1, max 2, avg 1.2
Singletons: 5, 71.4% of seqs, 83.3% of clusters
Multiple alignments 100%
vsearch v2.30.0_linux_x86_64, 94.1GB RAM, 24 cores
https://github.com/torognes/vsearch

Reading file results/clustering/cdr/pellet_VH_R3/cdr3_clusters/0a8b66b7-5927-41fe-96c8-deb753a35d1b-IGH.fasta 100%
12162 nt in 338 seqs, min 15, max 57, avg 36
minseqlength 6: 3 sequences discarded.
Masking 100%
Sorting by length 100%
Counting k-mers 100%
Clustering 100%
Sorting clusters 100%
Writing clusters 100%
Clusters: 258 Size min 1, max 22, avg 1.3
Singletons: 220, 65.1% of seqs, 85.3% of clusters
Multiple alignments 100%
vsearch v2.30.0_linux_x86_64, 94.1GB RAM, 24 cores
https://github.com/torognes/vsearch

Reading file results/clustering/cdr/pellet_VH_R3/cdr3_clusters/08f7716c-cfbf-4b78-a36a-788307e14fe6-IGH.fasta 100%
468 nt in 13 seqs, min 36, max 36, avg 36
Masking 100%
Sorting by length 100%
Counting k-mers 100%
Clustering 100%
Sorting clusters 100%
Writing clusters 100%
Clusters: 3 Size min 1, max 11, avg 4.3
Singletons: 2, 15.4% of seqs, 66.7% of clusters
Multiple alignments 100%
vsearch v2.30.0_linux_x86_64, 94.1GB RAM, 24 cores
https://github.com/torognes/vsearch

Reading file results/clustering/cdr/pellet_VH_R3/cdr3_clusters/89c96316-84bf-4727-9b1a-300d1ece4cf1-IGH.fasta 100%
348 nt in 10 seqs, min 27, max 42, avg 35
Masking 100%
Sorting by length 100%
Counting k-mers 100%
Clustering 100%
Sorting clusters 100%
Writing clusters 100%
Clusters: 9 Size min 1, max 2, avg 1.1
Singletons: 8, 80.0% of seqs, 88.9% of clusters
Multiple alignments 100%
vsearch v2.30.0_linux_x86_64, 94.1GB RAM, 24 cores
https://github.com/torognes/vsearch

Reading file results/clustering/cdr/pellet_VH_R3/cdr3_clusters/495850a0-e56d-49a0-a7aa-5931be412711-IGH.fasta 100%
486 nt in 11 seqs, min 36, max 51, avg 44
Masking 100%
Sorting by length 100%
Counting k-mers 100%
Clustering 100%
Sorting clusters 100%
Writing clusters 100%
Clusters: 11 Size min 1, max 1, avg 1.0
Singletons: 11, 100.0% of seqs, 100.0% of clusters
Multiple alignments 100%
vsearch v2.30.0_linux_x86_64, 94.1GB RAM, 24 cores
https://github.com/torognes/vsearch

Reading file results/clustering/cdr/pellet_VH_R3/cdr3_clusters/0201585a-cbb6-42a3-b327-3c3315f6818b-IGH.fasta 100%
366 nt in 8 seqs, min 39, max 48, avg 46
Masking 100%
Sorting by length 100%
Counting k-mers 100%
Clustering 100%
Sorting clusters 100%
Writing clusters 100%
Clusters: 6 Size min 1, max 2, avg 1.3
Singletons: 4, 50.0% of seqs, 66.7% of clusters
Multiple alignments 100%
vsearch v2.30.0_linux_x86_64, 94.1GB RAM, 24 cores
https://github.com/torognes/vsearch

Reading file results/clustering/cdr/pellet_VH_R3/cdr3_clusters/bf2d7eca-0d48-46ed-ac39-7fa73c4bcf66-IGH.fasta 100%
687 nt in 21 seqs, min 24, max 42, avg 33
Masking 100%
Sorting by length 100%
Counting k-mers 100%
Clustering 100%
Sorting clusters 100%
Writing clusters 100%
Clusters: 12 Size min 1, max 8, avg 1.8
Singletons: 9, 42.9% of seqs, 75.0% of clusters
Multiple alignments 100%
vsearch v2.30.0_linux_x86_64, 94.1GB RAM, 24 cores
https://github.com/torognes/vsearch

Reading file results/clustering/cdr/pellet_VH_R3/cdr3_clusters/47e71347-2440-41ed-8c9b-e4369268faf2-IGH.fasta 100%
1305 nt in 35 seqs, min 30, max 48, avg 37
Masking 100%
Sorting by length 100%
Counting k-mers 100%
Clustering 100%
Sorting clusters 100%
Writing clusters 100%
Clusters: 27 Size min 1, max 6, avg 1.3
Singletons: 23, 65.7% of seqs, 85.2% of clusters
Multiple alignments 100%
vsearch v2.30.0_linux_x86_64, 94.1GB RAM, 24 cores
https://github.com/torognes/vsearch

Reading file results/clustering/cdr/pellet_VH_R3/cdr3_clusters/e0a53e24-ac56-45f0-9729-77dea4a07006-IGH.fasta 100%
363 nt in 8 seqs, min 42, max 48, avg 45
Masking 100%
Sorting by length 100%
Counting k-mers 100%
Clustering 100%
Sorting clusters 100%
Writing clusters 100%
Clusters: 7 Size min 1, max 2, avg 1.1
Singletons: 6, 75.0% of seqs, 85.7% of clusters
Multiple alignments 100%
vsearch v2.30.0_linux_x86_64, 94.1GB RAM, 24 cores
https://github.com/torognes/vsearch

Reading file results/clustering/cdr/pellet_VH_R3/cdr3_clusters/8cec61a9-4978-4d38-9f6a-314c7bc59225-IGH.fasta 100%
1174 nt in 32 seqs, min 21, max 48, avg 37
minseqlength 6: 1 sequence discarded.
Masking 100%
Sorting by length 100%
Counting k-mers 100%
Clustering 100%
Sorting clusters 100%
Writing clusters 100%
Clusters: 31 Size min 1, max 2, avg 1.0
Singletons: 30, 93.8% of seqs, 96.8% of clusters
Multiple alignments 100%
vsearch v2.30.0_linux_x86_64, 94.1GB RAM, 24 cores
https://github.com/torognes/vsearch

Reading file results/clustering/cdr/pellet_VH_R3/cdr3_clusters/817f17ee-4331-4a6d-8810-16b942c758ce-IGH.fasta 100%
204 nt in 5 seqs, min 30, max 45, avg 41
Masking 100%
Sorting by length 100%
Counting k-mers 100%
Clustering 100%
Sorting clusters 100%
Writing clusters 100%
Clusters: 3 Size min 1, max 3, avg 1.7
Singletons: 2, 40.0% of seqs, 66.7% of clusters
Multiple alignments 100%
vsearch v2.30.0_linux_x86_64, 94.1GB RAM, 24 cores
https://github.com/torognes/vsearch

Reading file results/clustering/cdr/pellet_VH_R3/cdr3_clusters/59ac704d-ef46-4ad2-ad11-fe387e855202-IGH.fasta 100%
890 nt in 27 seqs, min 32, max 33, avg 33
Masking 100%
Sorting by length 100%
Counting k-mers 100%
Clustering 100%
Sorting clusters 100%
Writing clusters 100%
Clusters: 3 Size min 2, max 23, avg 9.0
Singletons: 0, 0.0% of seqs, 0.0% of clusters
Multiple alignments 100%
vsearch v2.30.0_linux_x86_64, 94.1GB RAM, 24 cores
https://github.com/torognes/vsearch

Reading file results/clustering/cdr/pellet_VH_R3/cdr3_clusters/933a715b-923b-4bac-b53a-5f71b77390d7-IGH.fasta 100%
995 nt in 27 seqs, min 27, max 42, avg 37
Masking 100%
Sorting by length 100%
Counting k-mers 100%
Clustering 100%
Sorting clusters 100%
Writing clusters 100%
Clusters: 20 Size min 1, max 4, avg 1.4
Singletons: 17, 63.0% of seqs, 85.0% of clusters
Multiple alignments 100%
vsearch v2.30.0_linux_x86_64, 94.1GB RAM, 24 cores
https://github.com/torognes/vsearch

Reading file results/clustering/cdr/pellet_VH_R3/cdr3_clusters/17305b3d-33b8-44c0-bca1-8c0d20c34e06-IGH.fasta 100%
10356 nt in 249 seqs, min 21, max 60, avg 42
minseqlength 6: 1 sequence discarded.
Masking 100%
Sorting by length 100%
Counting k-mers 100%
Clustering 100%
Sorting clusters 100%
Writing clusters 100%
Clusters: 216 Size min 1, max 8, avg 1.2
Singletons: 198, 79.5% of seqs, 91.7% of clusters
Multiple alignments 100%
vsearch v2.30.0_linux_x86_64, 94.1GB RAM, 24 cores
https://github.com/torognes/vsearch

Reading file results/clustering/cdr/pellet_VH_R3/cdr3_clusters/18991165-1b1e-4a62-9cbe-2e17b2f441e7-IGH.fasta 100%
348 nt in 9 seqs, min 30, max 42, avg 39
Masking 100%
Sorting by length 100%
Counting k-mers 100%
Clustering 100%
Sorting clusters 100%
Writing clusters 100%
Clusters: 9 Size min 1, max 1, avg 1.0
Singletons: 9, 100.0% of seqs, 100.0% of clusters
Multiple alignments 100%
vsearch v2.30.0_linux_x86_64, 94.1GB RAM, 24 cores
https://github.com/torognes/vsearch

Reading file results/clustering/cdr/pellet_VH_R3/cdr3_clusters/bca26fe5-e330-4611-9859-8940185cd5c0-IGH.fasta 100%
1668 nt in 43 seqs, min 15, max 54, avg 39
Masking 100%
Sorting by length 100%
Counting k-mers 100%
Clustering 100%
Sorting clusters 100%
Writing clusters 100%
Clusters: 39 Size min 1, max 2, avg 1.1
Singletons: 35, 81.4% of seqs, 89.7% of clusters
Multiple alignments 100%
vsearch v2.30.0_linux_x86_64, 94.1GB RAM, 24 cores
https://github.com/torognes/vsearch

Reading file results/clustering/cdr/pellet_VH_R3/cdr3_clusters/ba38997b-d171-4717-8030-eba498ef6d23-IGH.fasta 100%
609 nt in 13 seqs, min 27, max 63, avg 47
Masking 100%
Sorting by length 100%
Counting k-mers 100%
Clustering 100%
Sorting clusters 100%
Writing clusters 100%
Clusters: 12 Size min 1, max 2, avg 1.1
Singletons: 11, 84.6% of seqs, 91.7% of clusters
Multiple alignments 100%
vsearch v2.30.0_linux_x86_64, 94.1GB RAM, 24 cores
https://github.com/torognes/vsearch

Reading file results/clustering/cdr/pellet_VH_R3/cdr3_clusters/60261075-4b3f-4330-94ab-fe35e0c2a966-IGH.fasta 100%
1710 nt in 44 seqs, min 18, max 48, avg 39
Masking 100%
Sorting by length 100%
Counting k-mers 100%
Clustering 100%
Sorting clusters 100%
Writing clusters 100%
Clusters: 43 Size min 1, max 2, avg 1.0
Singletons: 42, 95.5% of seqs, 97.7% of clusters
Multiple alignments 100%
vsearch v2.30.0_linux_x86_64, 94.1GB RAM, 24 cores
https://github.com/torognes/vsearch

Reading file results/clustering/cdr/pellet_VH_R3/cdr3_clusters/0a1836d4-406f-4b02-9fde-b02d8c78ee75-IGH.fasta 100%
684 nt in 19 seqs, min 27, max 45, avg 36
Masking 100%
Sorting by length 100%
Counting k-mers 100%
Clustering 100%
Sorting clusters 100%
Writing clusters 100%
Clusters: 17 Size min 1, max 2, avg 1.1
Singletons: 15, 78.9% of seqs, 88.2% of clusters
Multiple alignments 100%
vsearch v2.30.0_linux_x86_64, 94.1GB RAM, 24 cores
https://github.com/torognes/vsearch

Reading file results/clustering/cdr/pellet_VH_R3/cdr3_clusters/01e870b0-c982-46ff-a3a8-03b305d53fcb-IGH.fasta 100%
237 nt in 6 seqs, min 36, max 42, avg 40
Masking 100%
Sorting by length 100%
Counting k-mers 100%
Clustering 100%
Sorting clusters 100%
Writing clusters 100%
Clusters: 6 Size min 1, max 1, avg 1.0
Singletons: 6, 100.0% of seqs, 100.0% of clusters
Multiple alignments 100%
vsearch v2.30.0_linux_x86_64, 94.1GB RAM, 24 cores
https://github.com/torognes/vsearch

Reading file results/clustering/cdr/pellet_VH_R3/cdr3_clusters/b39ae387-a1d7-40c2-9e75-dcbdaccc6cfe-IGH.fasta 100%
477 nt in 11 seqs, min 39, max 48, avg 43
Masking 100%
Sorting by length 100%
Counting k-mers 100%
Clustering 100%
Sorting clusters 100%
Writing clusters 100%
Clusters: 10 Size min 1, max 2, avg 1.1
Singletons: 9, 81.8% of seqs, 90.0% of clusters
Multiple alignments 100%
vsearch v2.30.0_linux_x86_64, 94.1GB RAM, 24 cores
https://github.com/torognes/vsearch

Reading file results/clustering/cdr/pellet_VH_R3/cdr3_clusters/3035ddbf-6e28-4ea7-85aa-0fdcaed14f38-IGH.fasta 100%
434 nt in 9 seqs, min 36, max 57, avg 48
Masking 100%
Sorting by length 100%
Counting k-mers 100%
Clustering 100%
Sorting clusters 100%
Writing clusters 100%
Clusters: 9 Size min 1, max 1, avg 1.0
Singletons: 9, 100.0% of seqs, 100.0% of clusters
Multiple alignments 100%
vsearch v2.30.0_linux_x86_64, 94.1GB RAM, 24 cores
https://github.com/torognes/vsearch

Reading file results/clustering/cdr/pellet_VH_R3/cdr3_clusters/9630c715-b7a0-4822-92e5-f9e419b41617-IGH.fasta 100%
336 nt in 10 seqs, min 27, max 39, avg 34
Masking 100%
Sorting by length 100%
Counting k-mers 100%
Clustering 100%
Sorting clusters 100%
Writing clusters 100%
Clusters: 9 Size min 1, max 2, avg 1.1
Singletons: 8, 80.0% of seqs, 88.9% of clusters
Multiple alignments 100%
vsearch v2.30.0_linux_x86_64, 94.1GB RAM, 24 cores
https://github.com/torognes/vsearch

Reading file results/clustering/cdr/pellet_VH_R3/cdr3_clusters/5b147f6e-105b-4b35-a0b4-d5b01b771712-IGH.fasta 100%
4969 nt in 114 seqs, min 15, max 57, avg 44
minseqlength 6: 1 sequence discarded.
Masking 100%
Sorting by length 100%
Counting k-mers 100%
Clustering 100%
Sorting clusters 100%
Writing clusters 100%
Clusters: 105 Size min 1, max 4, avg 1.1
Singletons: 98, 86.0% of seqs, 93.3% of clusters
Multiple alignments 100%
vsearch v2.30.0_linux_x86_64, 94.1GB RAM, 24 cores
https://github.com/torognes/vsearch

Reading file results/clustering/cdr/pellet_VH_R3/cdr3_clusters/0f424dde-18c0-4b00-8226-545bb6435adc-IGH.fasta 100%
420 nt in 10 seqs, min 27, max 48, avg 42
Masking 100%
Sorting by length 100%
Counting k-mers 100%
Clustering 100%
Sorting clusters 100%
Writing clusters 100%
Clusters: 10 Size min 1, max 1, avg 1.0
Singletons: 10, 100.0% of seqs, 100.0% of clusters
Multiple alignments 100%
vsearch v2.30.0_linux_x86_64, 94.1GB RAM, 24 cores
https://github.com/torognes/vsearch

Reading file results/clustering/cdr/pellet_VH_R3/cdr3_clusters/5f835d49-0789-4808-9fa2-8fbbe3502931-IGH.fasta 100%
0 nt in 0 seqs
minseqlength 6: 87 sequences discarded.
Masking 100%
Sorting by length 100%
Counting k-mers 100%
Clustering 100%
Sorting clusters 100%
Writing clusters 100%
Clusters: 0
Singletons: 0
Multiple alignments 100%
vsearch v2.30.0_linux_x86_64, 94.1GB RAM, 24 cores
https://github.com/torognes/vsearch

Reading file results/clustering/cdr/pellet_VH_R3/cdr3_clusters/927cbdf5-3884-4387-869a-15d22b798203-IGH.fasta 100%
306 nt in 6 seqs, min 51, max 51, avg 51
Masking 100%
Sorting by length 100%
Counting k-mers 100%
Clustering 100%
Sorting clusters 100%
Writing clusters 100%
Clusters: 2 Size min 2, max 4, avg 3.0
Singletons: 0, 0.0% of seqs, 0.0% of clusters
Multiple alignments 100%
vsearch v2.30.0_linux_x86_64, 94.1GB RAM, 24 cores
https://github.com/torognes/vsearch

Reading file results/clustering/cdr/pellet_VH_R3/cdr3_clusters/df5335e0-9a02-41f4-97e5-b1daae4af51d-IGH.fasta 100%
3330 nt in 82 seqs, min 30, max 48, avg 41
Masking 100%
Sorting by length 100%
Counting k-mers 100%
Clustering 100%
Sorting clusters 100%
Writing clusters 100%
Clusters: 65 Size min 1, max 5, avg 1.3
Singletons: 54, 65.9% of seqs, 83.1% of clusters
Multiple alignments 100%
vsearch v2.30.0_linux_x86_64, 94.1GB RAM, 24 cores
https://github.com/torognes/vsearch

Reading file results/clustering/cdr/pellet_VH_R3/cdr3_clusters/52f96a02-64e8-4581-9e07-bdfd1c3100a1-IGH.fasta 100%
210 nt in 7 seqs, min 30, max 30, avg 30
Masking 100%
Sorting by length 100%
Counting k-mers 100%
Clustering 100%
Sorting clusters 100%
Writing clusters 100%
Clusters: 2 Size min 1, max 6, avg 3.5
Singletons: 1, 14.3% of seqs, 50.0% of clusters
Multiple alignments 100%
vsearch v2.30.0_linux_x86_64, 94.1GB RAM, 24 cores
https://github.com/torognes/vsearch

Reading file results/clustering/cdr/pellet_VH_R3/cdr3_clusters/0060d78a-ab6e-4472-b3ed-122947fd9a61-IGH.fasta 100%
225 nt in 6 seqs, min 33, max 39, avg 38
Masking 100%
Sorting by length 100%
Counting k-mers 100%
Clustering 100%
Sorting clusters 100%
Writing clusters 100%
Clusters: 4 Size min 1, max 3, avg 1.5
Singletons: 3, 50.0% of seqs, 75.0% of clusters
Multiple alignments 100%
vsearch v2.30.0_linux_x86_64, 94.1GB RAM, 24 cores
https://github.com/torognes/vsearch

Reading file results/clustering/cdr/pellet_VH_R3/cdr3_clusters/80e61364-f740-4454-8c0d-a0d761a6c16b-IGH.fasta 100%
255 nt in 8 seqs, min 18, max 36, avg 32
Masking 100%
Sorting by length 100%
Counting k-mers 100%
Clustering 100%
Sorting clusters 100%
Writing clusters 100%
Clusters: 7 Size min 1, max 2, avg 1.1
Singletons: 6, 75.0% of seqs, 85.7% of clusters
Multiple alignments 100%
vsearch v2.30.0_linux_x86_64, 94.1GB RAM, 24 cores
https://github.com/torognes/vsearch

Reading file results/clustering/cdr/pellet_VH_R3/cdr3_clusters/0022123a-eab9-476d-9074-1d351083cf9f-IGH.fasta 100%
13037 nt in 301 seqs, min 15, max 63, avg 43
Masking 100%
Sorting by length 100%
Counting k-mers 100%
Clustering 100%
Sorting clusters 100%
Writing clusters 100%
Clusters: 244 Size min 1, max 8, avg 1.2
Singletons: 210, 69.8% of seqs, 86.1% of clusters
Multiple alignments 100%
vsearch v2.30.0_linux_x86_64, 94.1GB RAM, 24 cores
https://github.com/torognes/vsearch

Reading file results/clustering/cdr/pellet_VH_R3/cdr3_clusters/750c9c97-e2bb-4a2e-ac39-6551d2be9c08-IGH.fasta 100%
297 nt in 10 seqs, min 21, max 36, avg 30
Masking 100%
Sorting by length 100%
Counting k-mers 100%
Clustering 100%
Sorting clusters 100%
Writing clusters 100%
Clusters: 9 Size min 1, max 2, avg 1.1
Singletons: 8, 80.0% of seqs, 88.9% of clusters
Multiple alignments 100%
vsearch v2.30.0_linux_x86_64, 94.1GB RAM, 24 cores
https://github.com/torognes/vsearch

Reading file results/clustering/cdr/pellet_VH_R3/cdr3_clusters/2e3cd42c-9773-4cdd-8c3e-8525df4eb4a5-IGH.fasta 100%
525 nt in 16 seqs, min 12, max 45, avg 33
Masking 100%
Sorting by length 100%
Counting k-mers 100%
Clustering 100%
Sorting clusters 100%
Writing clusters 100%
Clusters: 10 Size min 1, max 5, avg 1.6
Singletons: 8, 50.0% of seqs, 80.0% of clusters
Multiple alignments 100%
vsearch v2.30.0_linux_x86_64, 94.1GB RAM, 24 cores
https://github.com/torognes/vsearch

Reading file results/clustering/cdr/pellet_VH_R3/cdr3_clusters/8f27488b-2653-4cd9-b00f-32097cd3c2e2-IGH.fasta 100%
510 nt in 9 seqs, min 42, max 114, avg 57
Masking 100%
Sorting by length 100%
Counting k-mers 100%
Clustering 100%
Sorting clusters 100%
Writing clusters 100%
Clusters: 9 Size min 1, max 1, avg 1.0
Singletons: 9, 100.0% of seqs, 100.0% of clusters
Multiple alignments 100%
vsearch v2.30.0_linux_x86_64, 94.1GB RAM, 24 cores
https://github.com/torognes/vsearch

Reading file results/clustering/cdr/pellet_VH_R3/cdr3_clusters/19844c80-f93c-4dd3-b47b-bcee687e2856-IGH.fasta 100%
1002 nt in 21 seqs, min 33, max 57, avg 48
Masking 100%
Sorting by length 100%
Counting k-mers 100%
Clustering 100%
Sorting clusters 100%
Writing clusters 100%
Clusters: 18 Size min 1, max 4, avg 1.2
Singletons: 17, 81.0% of seqs, 94.4% of clusters
Multiple alignments 100%
vsearch v2.30.0_linux_x86_64, 94.1GB RAM, 24 cores
https://github.com/torognes/vsearch

Reading file results/clustering/cdr/pellet_VH_R3/cdr3_clusters/03c182fc-bce9-4b74-b1e6-7c1cff9cffd7-IGH.fasta 100%
963 nt in 21 seqs, min 27, max 57, avg 46
Masking 100%
Sorting by length 100%
Counting k-mers 100%
Clustering 100%
Sorting clusters 100%
Writing clusters 100%
Clusters: 21 Size min 1, max 1, avg 1.0
Singletons: 21, 100.0% of seqs, 100.0% of clusters
Multiple alignments 100%
vsearch v2.30.0_linux_x86_64, 94.1GB RAM, 24 cores
https://github.com/torognes/vsearch

Reading file results/clustering/cdr/pellet_VH_R3/cdr3_clusters/46c72591-152e-426e-bf07-0783cc60c18f-IGH.fasta 100%
1043 nt in 28 seqs, min 24, max 48, avg 37
Masking 100%
Sorting by length 100%
Counting k-mers 100%
Clustering 100%
Sorting clusters 100%
Writing clusters 100%
Clusters: 26 Size min 1, max 2, avg 1.1
Singletons: 24, 85.7% of seqs, 92.3% of clusters
Multiple alignments 100%
vsearch v2.30.0_linux_x86_64, 94.1GB RAM, 24 cores
https://github.com/torognes/vsearch

Reading file results/clustering/cdr/pellet_VH_R3/cdr3_clusters/b6fb02a4-ca64-45f0-be4f-d6a5b82b1c43-IGH.fasta 100%
1500 nt in 34 seqs, min 18, max 54, avg 44
Masking 100%
Sorting by length 100%
Counting k-mers 100%
Clustering 100%
Sorting clusters 100%
Writing clusters 100%
Clusters: 25 Size min 1, max 10, avg 1.4
Singletons: 24, 70.6% of seqs, 96.0% of clusters
Multiple alignments 100%
vsearch v2.30.0_linux_x86_64, 94.1GB RAM, 24 cores
https://github.com/torognes/vsearch

Reading file results/clustering/cdr/pellet_VH_R3/cdr3_clusters/484eb783-45d2-420c-8b55-f39c685c2262-IGH.fasta 100%
1176 nt in 23 seqs, min 33, max 57, avg 51
Masking 100%
Sorting by length 100%
Counting k-mers 100%
Clustering 100%
Sorting clusters 100%
Writing clusters 100%
Clusters: 8 Size min 1, max 9, avg 2.9
Singletons: 5, 21.7% of seqs, 62.5% of clusters
Multiple alignments 100%
vsearch v2.30.0_linux_x86_64, 94.1GB RAM, 24 cores
https://github.com/torognes/vsearch

Reading file results/clustering/cdr/pellet_VH_R3/cdr3_clusters/19f1de6b-3d0e-4a5b-9ad9-5837d36cc9b6-IGH.fasta 100%
591 nt in 16 seqs, min 30, max 42, avg 37
Masking 100%
Sorting by length 100%
Counting k-mers 100%
Clustering 100%
Sorting clusters 100%
Writing clusters 100%
Clusters: 8 Size min 1, max 9, avg 2.0
Singletons: 7, 43.8% of seqs, 87.5% of clusters
Multiple alignments 100%
vsearch v2.30.0_linux_x86_64, 94.1GB RAM, 24 cores
https://github.com/torognes/vsearch

Reading file results/clustering/cdr/pellet_VH_R3/cdr3_clusters/649df6f6-4081-4764-8a8a-78288baeb953-IGH.fasta 100%
510 nt in 11 seqs, min 33, max 54, avg 46
Masking 100%
Sorting by length 100%
Counting k-mers 100%
Clustering 100%
Sorting clusters 100%
Writing clusters 100%
Clusters: 11 Size min 1, max 1, avg 1.0
Singletons: 11, 100.0% of seqs, 100.0% of clusters
Multiple alignments 100%
vsearch v2.30.0_linux_x86_64, 94.1GB RAM, 24 cores
https://github.com/torognes/vsearch

Reading file results/clustering/cdr/pellet_VH_R3/cdr3_clusters/06a2f205-30ba-4ad6-af32-03c95e0c8589-IGH.fasta 100%
90 nt in 5 seqs, min 18, max 18, avg 18
Masking 100%
Sorting by length 100%
Counting k-mers 100%
Clustering 100%
Sorting clusters 100%
Writing clusters 100%
Clusters: 3 Size min 1, max 3, avg 1.7
Singletons: 2, 40.0% of seqs, 66.7% of clusters
Multiple alignments 100%
vsearch v2.30.0_linux_x86_64, 94.1GB RAM, 24 cores
https://github.com/torognes/vsearch

Reading file results/clustering/cdr/pellet_VH_R3/cdr3_clusters/aace44be-b793-427a-bd1b-2570be1828c4-IGH.fasta 100%
426 nt in 8 seqs, min 48, max 54, avg 53
Masking 100%
Sorting by length 100%
Counting k-mers 100%
Clustering 100%
Sorting clusters 100%
Writing clusters 100%
Clusters: 2 Size min 1, max 7, avg 4.0
Singletons: 1, 12.5% of seqs, 50.0% of clusters
Multiple alignments 100%
vsearch v2.30.0_linux_x86_64, 94.1GB RAM, 24 cores
https://github.com/torognes/vsearch

Reading file results/clustering/cdr/pellet_VH_R3/cdr3_clusters/7596c09f-9d44-4efb-85d4-5658bd20c49b-IGH.fasta 100%
852 nt in 24 seqs, min 15, max 45, avg 36
Masking 100%
Sorting by length 100%
Counting k-mers 100%
Clustering 100%
Sorting clusters 100%
Writing clusters 100%
Clusters: 22 Size min 1, max 2, avg 1.1
Singletons: 20, 83.3% of seqs, 90.9% of clusters
Multiple alignments 100%
vsearch v2.30.0_linux_x86_64, 94.1GB RAM, 24 cores
https://github.com/torognes/vsearch

Reading file results/clustering/cdr/pellet_VH_R3/cdr3_clusters/b75c8e83-f0f4-490c-aea7-61209730e2d5-IGH.fasta 100%
216 nt in 7 seqs, min 24, max 36, avg 31
Masking 100%
Sorting by length 100%
Counting k-mers 100%
Clustering 100%
Sorting clusters 100%
Writing clusters 100%
Clusters: 7 Size min 1, max 1, avg 1.0
Singletons: 7, 100.0% of seqs, 100.0% of clusters
Multiple alignments 100%
vsearch v2.30.0_linux_x86_64, 94.1GB RAM, 24 cores
https://github.com/torognes/vsearch

Reading file results/clustering/cdr/pellet_VH_R3/cdr3_clusters/af206bbd-c613-46ec-a38b-339910d90466-IGH.fasta 100%
0 nt in 0 seqs
minseqlength 6: 69 sequences discarded.
Masking 100%
Sorting by length 100%
Counting k-mers 100%
Clustering 100%
Sorting clusters 100%
Writing clusters 100%
Clusters: 0
Singletons: 0
Multiple alignments 100%
vsearch v2.30.0_linux_x86_64, 94.1GB RAM, 24 cores
https://github.com/torognes/vsearch

Reading file results/clustering/cdr/pellet_VH_R3/cdr3_clusters/1c75ed08-1c5c-470d-bd5b-b7b02e456944-IGH.fasta 100%
609 nt in 13 seqs, min 27, max 54, avg 47
Masking 100%
Sorting by length 100%
Counting k-mers 100%
Clustering 100%
Sorting clusters 100%
Writing clusters 100%
Clusters: 13 Size min 1, max 1, avg 1.0
Singletons: 13, 100.0% of seqs, 100.0% of clusters
Multiple alignments 100%
vsearch v2.30.0_linux_x86_64, 94.1GB RAM, 24 cores
https://github.com/torognes/vsearch

Reading file results/clustering/cdr/pellet_VH_R3/cdr3_clusters/9658915a-860a-4152-9d1c-81a62f856560-IGH.fasta 100%
891 nt in 33 seqs, min 27, max 27, avg 27
Masking 100%
Sorting by length 100%
Counting k-mers 100%
Clustering 100%
Sorting clusters 100%
Writing clusters 100%
Clusters: 9 Size min 1, max 24, avg 3.7
Singletons: 7, 21.2% of seqs, 77.8% of clusters
Multiple alignments 100%
vsearch v2.30.0_linux_x86_64, 94.1GB RAM, 24 cores
https://github.com/torognes/vsearch

Reading file results/clustering/cdr/pellet_VH_R3/cdr3_clusters/e482880b-01ab-43c8-aac1-05a54272c3b4-IGH.fasta 100%
189 nt in 5 seqs, min 36, max 39, avg 38
Masking 100%
Sorting by length 100%
Counting k-mers 100%
Clustering 100%
Sorting clusters 100%
Writing clusters 100%
Clusters: 2 Size min 2, max 3, avg 2.5
Singletons: 0, 0.0% of seqs, 0.0% of clusters
Multiple alignments 100%
vsearch v2.30.0_linux_x86_64, 94.1GB RAM, 24 cores
https://github.com/torognes/vsearch

Reading file results/clustering/cdr/pellet_VH_R3/cdr3_clusters/c489b219-b317-4d6d-a7c7-881bd1628534-IGH.fasta 100%
255 nt in 7 seqs, min 27, max 45, avg 36
Masking 100%
Sorting by length 100%
Counting k-mers 100%
Clustering 100%
Sorting clusters 100%
Writing clusters 100%
Clusters: 7 Size min 1, max 1, avg 1.0
Singletons: 7, 100.0% of seqs, 100.0% of clusters
Multiple alignments 100%
vsearch v2.30.0_linux_x86_64, 94.1GB RAM, 24 cores
https://github.com/torognes/vsearch

Reading file results/clustering/cdr/pellet_VH_R3/cdr3_clusters/3d7e8569-5212-4b32-bb53-187b6021c8e8-IGH.fasta 100%
894 nt in 20 seqs, min 30, max 54, avg 45
Masking 100%
Sorting by length 100%
Counting k-mers 100%
Clustering 100%
Sorting clusters 100%
Writing clusters 100%
Clusters: 20 Size min 1, max 1, avg 1.0
Singletons: 20, 100.0% of seqs, 100.0% of clusters
Multiple alignments 100%
vsearch v2.30.0_linux_x86_64, 94.1GB RAM, 24 cores
https://github.com/torognes/vsearch

Reading file results/clustering/cdr/pellet_VH_R3/cdr3_clusters/f53b51ec-e4e2-4aee-b236-c7165c6c61ef-IGH.fasta 100%
227 nt in 7 seqs, min 18, max 39, avg 32
Masking 100%
Sorting by length 100%
Counting k-mers 100%
Clustering 100%
Sorting clusters 100%
Writing clusters 100%
Clusters: 7 Size min 1, max 1, avg 1.0
Singletons: 7, 100.0% of seqs, 100.0% of clusters
Multiple alignments 100%
vsearch v2.30.0_linux_x86_64, 94.1GB RAM, 24 cores
https://github.com/torognes/vsearch

Reading file results/clustering/cdr/pellet_VH_R3/cdr3_clusters/569fc158-3359-46dd-b15f-8d339c86fe46-IGH.fasta 100%
204 nt in 5 seqs, min 36, max 48, avg 41
Masking 100%
Sorting by length 100%
Counting k-mers 100%
Clustering 100%
Sorting clusters 100%
Writing clusters 100%
Clusters: 4 Size min 1, max 2, avg 1.2
Singletons: 3, 60.0% of seqs, 75.0% of clusters
Multiple alignments 100%
vsearch v2.30.0_linux_x86_64, 94.1GB RAM, 24 cores
https://github.com/torognes/vsearch

Reading file results/clustering/cdr/pellet_VH_R3/cdr3_clusters/933a715b-923b-4bac-b53a-5f71b77390d7-IGK.fasta 100%
0 nt in 0 seqs
minseqlength 6: 18 sequences discarded.
Masking 100%
Sorting by length 100%
Counting k-mers 100%
Clustering 100%
Sorting clusters 100%
Writing clusters 100%
Clusters: 0
Singletons: 0
Multiple alignments 100%
vsearch v2.30.0_linux_x86_64, 94.1GB RAM, 24 cores
https://github.com/torognes/vsearch

Reading file results/clustering/cdr/pellet_VH_R3/cdr3_clusters/6bf58c41-1950-4749-85a9-0d5fc207683f-IGH.fasta 100%
323 nt in 9 seqs, min 18, max 47, avg 36
Masking 100%
Sorting by length 100%
Counting k-mers 100%
Clustering 100%
Sorting clusters 100%
Writing clusters 100%
Clusters: 9 Size min 1, max 1, avg 1.0
Singletons: 9, 100.0% of seqs, 100.0% of clusters
Multiple alignments 100%
vsearch v2.30.0_linux_x86_64, 94.1GB RAM, 24 cores
https://github.com/torognes/vsearch

Reading file results/clustering/cdr/pellet_VH_R3/cdr3_clusters/aed0d5aa-0674-478e-aa76-08f66ea959fc-IGH.fasta 100%
306 nt in 8 seqs, min 33, max 51, avg 38
Masking 100%
Sorting by length 100%
Counting k-mers 100%
Clustering 100%
Sorting clusters 100%
Writing clusters 100%
Clusters: 8 Size min 1, max 1, avg 1.0
Singletons: 8, 100.0% of seqs, 100.0% of clusters
Multiple alignments 100%
vsearch v2.30.0_linux_x86_64, 94.1GB RAM, 24 cores
https://github.com/torognes/vsearch

Reading file results/clustering/cdr/pellet_VH_R3/cdr3_clusters/df0d96cd-ff96-436c-82b9-b53b372abb6c-IGH.fasta 100%
420 nt in 14 seqs, min 18, max 39, avg 30
Masking 100%
Sorting by length 100%
Counting k-mers 100%
Clustering 100%
Sorting clusters 100%
Writing clusters 100%
Clusters: 13 Size min 1, max 2, avg 1.1
Singletons: 12, 85.7% of seqs, 92.3% of clusters
Multiple alignments 100%
vsearch v2.30.0_linux_x86_64, 94.1GB RAM, 24 cores
https://github.com/torognes/vsearch

Reading file results/clustering/cdr/pellet_VH_R3/cdr3_clusters/e6cc288e-397b-4605-8128-0e61a37e3fb8-IGH.fasta 100%
988 nt in 29 seqs, min 15, max 63, avg 34
Masking 100%
Sorting by length 100%
Counting k-mers 100%
Clustering 100%
Sorting clusters 100%
Writing clusters 100%
Clusters: 29 Size min 1, max 1, avg 1.0
Singletons: 29, 100.0% of seqs, 100.0% of clusters
Multiple alignments 100%
vsearch v2.30.0_linux_x86_64, 94.1GB RAM, 24 cores
https://github.com/torognes/vsearch

Reading file results/clustering/cdr/pellet_VH_R3/cdr3_clusters/1664edf8-9b90-4d38-966c-6ac85567cdc8-IGH.fasta 100%
729 nt in 16 seqs, min 33, max 63, avg 46
Masking 100%
Sorting by length 100%
Counting k-mers 100%
Clustering 100%
Sorting clusters 100%
Writing clusters 100%
Clusters: 16 Size min 1, max 1, avg 1.0
Singletons: 16, 100.0% of seqs, 100.0% of clusters
Multiple alignments 100%
vsearch v2.30.0_linux_x86_64, 94.1GB RAM, 24 cores
https://github.com/torognes/vsearch

Reading file results/clustering/cdr/pellet_VH_R3/cdr3_clusters/a1cf0a77-7da0-41e1-b865-289681fa1283-IGH.fasta 100%
150 nt in 5 seqs, min 21, max 36, avg 30
Masking 100%
Sorting by length 100%
Counting k-mers 100%
Clustering 100%
Sorting clusters 100%
Writing clusters 100%
Clusters: 5 Size min 1, max 1, avg 1.0
Singletons: 5, 100.0% of seqs, 100.0% of clusters
Multiple alignments 100%
vsearch v2.30.0_linux_x86_64, 94.1GB RAM, 24 cores
https://github.com/torognes/vsearch

Reading file results/clustering/cdr/pellet_VH_R3/cdr3_clusters/9fb72dca-7980-415f-a150-138dcf9383f9-IGH.fasta 100%
162 nt in 5 seqs, min 24, max 39, avg 32
Masking 100%
Sorting by length 100%
Counting k-mers 100%
Clustering 100%
Sorting clusters 100%
Writing clusters 100%
Clusters: 5 Size min 1, max 1, avg 1.0
Singletons: 5, 100.0% of seqs, 100.0% of clusters
Multiple alignments 100%
vsearch v2.30.0_linux_x86_64, 94.1GB RAM, 24 cores
https://github.com/torognes/vsearch

Reading file results/clustering/cdr/pellet_VH_R3/cdr3_clusters/2b51a771-0131-4f91-b018-0902ad1a8f58-IGH.fasta 100%
1329 nt in 36 seqs, min 24, max 54, avg 37
Masking 100%
Sorting by length 100%
Counting k-mers 100%
Clustering 100%
Sorting clusters 100%
Writing clusters 100%
Clusters: 35 Size min 1, max 2, avg 1.0
Singletons: 34, 94.4% of seqs, 97.1% of clusters
Multiple alignments 100%
vsearch v2.30.0_linux_x86_64, 94.1GB RAM, 24 cores
https://github.com/torognes/vsearch

Reading file results/clustering/cdr/pellet_VH_R3/cdr3_clusters/6761c175-cdb1-4063-93df-8fbd74dc4e45-IGH.fasta 100%
351 nt in 8 seqs, min 33, max 57, avg 44
Masking 100%
Sorting by length 100%
Counting k-mers 100%
Clustering 100%
Sorting clusters 100%
Writing clusters 100%
Clusters: 8 Size min 1, max 1, avg 1.0
Singletons: 8, 100.0% of seqs, 100.0% of clusters
Multiple alignments 100%
vsearch v2.30.0_linux_x86_64, 94.1GB RAM, 24 cores
https://github.com/torognes/vsearch

Reading file results/clustering/cdr/pellet_VH_R3/cdr3_clusters/1c2227b8-a47d-4837-b792-92293fb23e1e-IGH.fasta 100%
663 nt in 13 seqs, min 45, max 54, avg 51
Masking 100%
Sorting by length 100%
Counting k-mers 100%
Clustering 100%
Sorting clusters 100%
Writing clusters 100%
Clusters: 12 Size min 1, max 2, avg 1.1
Singletons: 11, 84.6% of seqs, 91.7% of clusters
Multiple alignments 100%
vsearch v2.30.0_linux_x86_64, 94.1GB RAM, 24 cores
https://github.com/torognes/vsearch

Reading file results/clustering/cdr/pellet_VH_R3/cdr3_clusters/235a6909-6dc0-417a-acdd-c2d273b6de82-IGH.fasta 100%
689 nt in 23 seqs, min 29, max 30, avg 30
Masking 100%
Sorting by length 100%
Counting k-mers 100%
Clustering 100%
Sorting clusters 100%
Writing clusters 100%
Clusters: 10 Size min 1, max 13, avg 2.3
Singletons: 8, 34.8% of seqs, 80.0% of clusters
Multiple alignments 100%
vsearch v2.30.0_linux_x86_64, 94.1GB RAM, 24 cores
https://github.com/torognes/vsearch

Reading file results/clustering/cdr/pellet_VH_R3/cdr3_clusters/f25f3330-3781-4fd2-8b20-9d0cf4a31135-IGH.fasta 100%
192 nt in 5 seqs, min 21, max 59, avg 38
Masking 100%
Sorting by length 100%
Counting k-mers 100%
Clustering 100%
Sorting clusters 100%
Writing clusters 100%
Clusters: 3 Size min 1, max 2, avg 1.7
Singletons: 1, 20.0% of seqs, 33.3% of clusters
Multiple alignments 100%
vsearch v2.30.0_linux_x86_64, 94.1GB RAM, 24 cores
https://github.com/torognes/vsearch

Reading file results/clustering/cdr/pellet_VH_R3/cdr3_clusters/bc45be4c-7765-48ab-8aa5-3e4a3acf393a-IGH.fasta 100%
569 nt in 14 seqs, min 30, max 45, avg 41
Masking 100%
Sorting by length 100%
Counting k-mers 100%
Clustering 100%
Sorting clusters 100%
Writing clusters 100%
Clusters: 12 Size min 1, max 2, avg 1.2
Singletons: 10, 71.4% of seqs, 83.3% of clusters
Multiple alignments 100%
vsearch v2.30.0_linux_x86_64, 94.1GB RAM, 24 cores
https://github.com/torognes/vsearch

Reading file results/clustering/cdr/pellet_VH_R3/cdr3_clusters/6dfdc431-3892-4e1f-87e5-7f51e957356c-IGH.fasta 100%
333 nt in 7 seqs, min 36, max 51, avg 48
minseqlength 6: 1 sequence discarded.
Masking 100%
Sorting by length 100%
Counting k-mers 100%
Clustering 100%
Sorting clusters 100%
Writing clusters 100%
Clusters: 5 Size min 1, max 3, avg 1.4
Singletons: 4, 57.1% of seqs, 80.0% of clusters
Multiple alignments 100%
vsearch v2.30.0_linux_x86_64, 94.1GB RAM, 24 cores
https://github.com/torognes/vsearch

Reading file results/clustering/cdr/pellet_VH_R3/cdr3_clusters/8cbfef5b-5a87-4e6c-a99e-ec6f37e391e1-IGH.fasta 100%
264 nt in 8 seqs, min 33, max 33, avg 33
Masking 100%
Sorting by length 100%
Counting k-mers 100%
Clustering 100%
Sorting clusters 100%
Writing clusters 100%
Clusters: 4 Size min 1, max 5, avg 2.0
Singletons: 3, 37.5% of seqs, 75.0% of clusters
Multiple alignments 100%
vsearch v2.30.0_linux_x86_64, 94.1GB RAM, 24 cores
https://github.com/torognes/vsearch

Reading file results/clustering/cdr/pellet_VH_R3/cdr3_clusters/67971df6-64b9-45ed-84af-fffff49c689e-IGH.fasta 100%
48 nt in 1 seqs, min 48, max 48, avg 48
minseqlength 6: 4 sequences discarded.
Masking 100%
Sorting by length 100%
Counting k-mers 100%
Clustering 100%
Sorting clusters 100%
Writing clusters 100%
Clusters: 1 Size min 1, max 1, avg 1.0
Singletons: 1, 100.0% of seqs, 100.0% of clusters
Multiple alignments 100%
vsearch v2.30.0_linux_x86_64, 94.1GB RAM, 24 cores
https://github.com/torognes/vsearch

Reading file results/clustering/cdr/pellet_VH_R3/cdr3_clusters/3a5bb244-e06a-4cfc-a064-28ce37b52387-IGH.fasta 100%
563 nt in 13 seqs, min 33, max 51, avg 43
Masking 100%
Sorting by length 100%
Counting k-mers 100%
Clustering 100%
Sorting clusters 100%
Writing clusters 100%
Clusters: 12 Size min 1, max 2, avg 1.1
Singletons: 11, 84.6% of seqs, 91.7% of clusters
Multiple alignments 100%
vsearch v2.30.0_linux_x86_64, 94.1GB RAM, 24 cores
https://github.com/torognes/vsearch

Reading file results/clustering/cdr/pellet_VH_R3/cdr3_clusters/2b862a8f-3617-4c7f-87cd-7d6c11bd2c87-IGH.fasta 100%
351 nt in 10 seqs, min 18, max 48, avg 35
Masking 100%
Sorting by length 100%
Counting k-mers 100%
Clustering 100%
Sorting clusters 100%
Writing clusters 100%
Clusters: 10 Size min 1, max 1, avg 1.0
Singletons: 10, 100.0% of seqs, 100.0% of clusters
Multiple alignments 100%
vsearch v2.30.0_linux_x86_64, 94.1GB RAM, 24 cores
https://github.com/torognes/vsearch

Reading file results/clustering/cdr/pellet_VH_R3/cdr3_clusters/704ddd17-60fe-468b-b642-f0fc1b759302-IGH.fasta 100%
1185 nt in 28 seqs, min 30, max 54, avg 42
Masking 100%
Sorting by length 100%
Counting k-mers 100%
Clustering 100%
Sorting clusters 100%
Writing clusters 100%
Clusters: 24 Size min 1, max 3, avg 1.2
Singletons: 22, 78.6% of seqs, 91.7% of clusters
Multiple alignments 100%
vsearch v2.30.0_linux_x86_64, 94.1GB RAM, 24 cores
https://github.com/torognes/vsearch

Reading file results/clustering/cdr/pellet_VH_R3/cdr3_clusters/8f71fa0e-5b99-46f4-9360-78e1794c929c-IGH.fasta 100%
216 nt in 5 seqs, min 30, max 54, avg 43
Masking 100%
Sorting by length 100%
Counting k-mers 100%
Clustering 100%
Sorting clusters 100%
Writing clusters 100%
Clusters: 5 Size min 1, max 1, avg 1.0
Singletons: 5, 100.0% of seqs, 100.0% of clusters
Multiple alignments 100%
vsearch v2.30.0_linux_x86_64, 94.1GB RAM, 24 cores
https://github.com/torognes/vsearch

Reading file results/clustering/cdr/pellet_VH_R3/cdr3_clusters/01b41e64-4afb-4bab-87d8-cc050b0e16f2-IGH.fasta 100%
177 nt in 10 seqs, min 15, max 36, avg 18
Masking 100%
Sorting by length 100%
Counting k-mers 100%
Clustering 100%
Sorting clusters 100%
Writing clusters 100%
Clusters: 8 Size min 1, max 2, avg 1.2
Singletons: 6, 60.0% of seqs, 75.0% of clusters
Multiple alignments 100%
vsearch v2.30.0_linux_x86_64, 94.1GB RAM, 24 cores
https://github.com/torognes/vsearch

Reading file results/clustering/cdr/pellet_VH_R3/cdr3_clusters/c4b177a9-e396-463f-bb9b-20e15a5a6b52-IGH.fasta 100%
3021 nt in 79 seqs, min 18, max 51, avg 38
Masking 100%
Sorting by length 100%
Counting k-mers 100%
Clustering 100%
Sorting clusters 100%
Writing clusters 100%
Clusters: 74 Size min 1, max 4, avg 1.1
Singletons: 71, 89.9% of seqs, 95.9% of clusters
Multiple alignments 100%
vsearch v2.30.0_linux_x86_64, 94.1GB RAM, 24 cores
https://github.com/torognes/vsearch

Reading file results/clustering/cdr/pellet_VH_R3/cdr3_clusters/70fd0299-fa08-450d-9d36-e33d2018f0d4-IGH.fasta 100%
192 nt in 5 seqs, min 27, max 51, avg 38
Masking 100%
Sorting by length 100%
Counting k-mers 100%
Clustering 100%
Sorting clusters 100%
Writing clusters 100%
Clusters: 5 Size min 1, max 1, avg 1.0
Singletons: 5, 100.0% of seqs, 100.0% of clusters
Multiple alignments 100%
vsearch v2.30.0_linux_x86_64, 94.1GB RAM, 24 cores
https://github.com/torognes/vsearch

Reading file results/clustering/cdr/pellet_VH_R3/cdr3_clusters/4a353b41-d918-4556-9a2c-7f4667a34cb0-IGH.fasta 100%
195 nt in 5 seqs, min 36, max 42, avg 39
Masking 100%
Sorting by length 100%
Counting k-mers 100%
Clustering 100%
Sorting clusters 100%
Writing clusters 100%
Clusters: 5 Size min 1, max 1, avg 1.0
Singletons: 5, 100.0% of seqs, 100.0% of clusters
Multiple alignments 100%
vsearch v2.30.0_linux_x86_64, 94.1GB RAM, 24 cores
https://github.com/torognes/vsearch

Reading file results/clustering/cdr/pellet_VH_R3/cdr3_clusters/a3177d23-0784-4ed6-bd71-05fa69329ec5-IGH.fasta 100%
192 nt in 7 seqs, min 12, max 57, avg 27
minseqlength 6: 1 sequence discarded.
Masking 100%
Sorting by length 100%
Counting k-mers 100%
Clustering 100%
Sorting clusters 100%
Writing clusters 100%
Clusters: 7 Size min 1, max 1, avg 1.0
Singletons: 7, 100.0% of seqs, 100.0% of clusters
Multiple alignments 100%
vsearch v2.30.0_linux_x86_64, 94.1GB RAM, 24 cores
https://github.com/torognes/vsearch

Reading file results/clustering/cdr/pellet_VH_R3/cdr3_clusters/c2f3de8a-a0d8-4d9d-ac8d-ee528b810a20-IGH.fasta 100%
234 nt in 7 seqs, min 30, max 36, avg 33
Masking 100%
Sorting by length 100%
Counting k-mers 100%
Clustering 100%
Sorting clusters 100%
Writing clusters 100%
Clusters: 7 Size min 1, max 1, avg 1.0
Singletons: 7, 100.0% of seqs, 100.0% of clusters
Multiple alignments 100%
vsearch v2.30.0_linux_x86_64, 94.1GB RAM, 24 cores
https://github.com/torognes/vsearch

Reading file results/clustering/cdr/pellet_VH_R3/cdr3_clusters/1edb0878-7674-4f79-bc04-66ea95754b9c-IGH.fasta 100%
588 nt in 13 seqs, min 27, max 51, avg 45
Masking 100%
Sorting by length 100%
Counting k-mers 100%
Clustering 100%
Sorting clusters 100%
Writing clusters 100%
Clusters: 10 Size min 1, max 4, avg 1.3
Singletons: 9, 69.2% of seqs, 90.0% of clusters
Multiple alignments 100%
vsearch v2.30.0_linux_x86_64, 94.1GB RAM, 24 cores
https://github.com/torognes/vsearch

Reading file results/clustering/cdr/pellet_VH_R3/cdr3_clusters/1851a54a-940f-45b9-8111-c90bb97af725-IGH.fasta 100%
386 nt in 10 seqs, min 30, max 48, avg 39
Masking 100%
Sorting by length 100%
Counting k-mers 100%
Clustering 100%
Sorting clusters 100%
Writing clusters 100%
Clusters: 10 Size min 1, max 1, avg 1.0
Singletons: 10, 100.0% of seqs, 100.0% of clusters
Multiple alignments 100%
vsearch v2.30.0_linux_x86_64, 94.1GB RAM, 24 cores
https://github.com/torognes/vsearch

Reading file results/clustering/cdr/pellet_VH_R3/cdr3_clusters/0d382cda-2659-4d35-acde-a397caa5a52e-IGH.fasta 100%
5463 nt in 128 seqs, min 27, max 57, avg 43
Masking 100%
Sorting by length 100%
Counting k-mers 100%
Clustering 100%
Sorting clusters 100%
Writing clusters 100%
Clusters: 94 Size min 1, max 31, avg 1.4
Singletons: 90, 70.3% of seqs, 95.7% of clusters
Multiple alignments 100%
vsearch v2.30.0_linux_x86_64, 94.1GB RAM, 24 cores
https://github.com/torognes/vsearch

Reading file results/clustering/cdr/pellet_VH_R3/cdr3_clusters/3e4865ee-7f78-43ac-b7d1-b9a692f9b102-IGH.fasta 100%
198 nt in 7 seqs, min 24, max 33, avg 28
Masking 100%
Sorting by length 100%
Counting k-mers 100%
Clustering 100%
Sorting clusters 100%
Writing clusters 100%
Clusters: 7 Size min 1, max 1, avg 1.0
Singletons: 7, 100.0% of seqs, 100.0% of clusters
Multiple alignments 100%
vsearch v2.30.0_linux_x86_64, 94.1GB RAM, 24 cores
https://github.com/torognes/vsearch

Reading file results/clustering/cdr/pellet_VH_R3/cdr3_clusters/5d84fec9-e592-49fb-ae66-5dad9f1c1d7b-IGH.fasta 100%
360 nt in 7 seqs, min 42, max 54, avg 51
Masking 100%
Sorting by length 100%
Counting k-mers 100%
Clustering 100%
Sorting clusters 100%
Writing clusters 100%
Clusters: 7 Size min 1, max 1, avg 1.0
Singletons: 7, 100.0% of seqs, 100.0% of clusters
Multiple alignments 100%
vsearch v2.30.0_linux_x86_64, 94.1GB RAM, 24 cores
https://github.com/torognes/vsearch

Reading file results/clustering/cdr/pellet_VH_R3/cdr3_clusters/cfcbe7c4-2f2e-4460-bf46-ec27f69c9b05-IGH.fasta 100%
2102 nt in 50 seqs, min 18, max 51, avg 42
Masking 100%
Sorting by length 100%
Counting k-mers 100%
Clustering 100%
Sorting clusters 100%
Writing clusters 100%
Clusters: 48 Size min 1, max 2, avg 1.0
Singletons: 46, 92.0% of seqs, 95.8% of clusters
Multiple alignments 100%
vsearch v2.30.0_linux_x86_64, 94.1GB RAM, 24 cores
https://github.com/torognes/vsearch

Reading file results/clustering/cdr/pellet_VH_R3/cdr3_clusters/f1a57597-93f8-4680-9f4f-68b82039162b-IGH.fasta 100%
1287 nt in 30 seqs, min 30, max 54, avg 43
Masking 100%
Sorting by length 100%
Counting k-mers 100%
Clustering 100%
Sorting clusters 100%
Writing clusters 100%
Clusters: 30 Size min 1, max 1, avg 1.0
Singletons: 30, 100.0% of seqs, 100.0% of clusters
Multiple alignments 100%
vsearch v2.30.0_linux_x86_64, 94.1GB RAM, 24 cores
https://github.com/torognes/vsearch

Reading file results/clustering/cdr/pellet_VH_R3/cdr3_clusters/f4ba9fe1-1507-4e07-b186-f43174cc066c-IGH.fasta 100%
854 nt in 27 seqs, min 18, max 45, avg 32
Masking 100%
Sorting by length 100%
Counting k-mers 100%
Clustering 100%
Sorting clusters 100%
Writing clusters 100%
Clusters: 24 Size min 1, max 3, avg 1.1
Singletons: 22, 81.5% of seqs, 91.7% of clusters
Multiple alignments 100%
vsearch v2.30.0_linux_x86_64, 94.1GB RAM, 24 cores
https://github.com/torognes/vsearch

Reading file results/clustering/cdr/pellet_VH_R3/cdr3_clusters/f407f64a-12a9-433a-82f4-343dd5fa3e95-IGH.fasta 100%
159 nt in 5 seqs, min 27, max 36, avg 32
Masking 100%
Sorting by length 100%
Counting k-mers 100%
Clustering 100%
Sorting clusters 100%
Writing clusters 100%
Clusters: 4 Size min 1, max 2, avg 1.2
Singletons: 3, 60.0% of seqs, 75.0% of clusters
Multiple alignments 100%
vsearch v2.30.0_linux_x86_64, 94.1GB RAM, 24 cores
https://github.com/torognes/vsearch

Reading file results/clustering/cdr/pellet_VH_R3/cdr3_clusters/b7e33cfe-e049-493c-8ae0-667f27282900-IGH.fasta 100%
1610 nt in 34 seqs, min 33, max 51, avg 47
Masking 100%
Sorting by length 100%
Counting k-mers 100%
Clustering 100%
Sorting clusters 100%
Writing clusters 100%
Clusters: 7 Size min 1, max 26, avg 4.9
Singletons: 5, 14.7% of seqs, 71.4% of clusters
Multiple alignments 100%
vsearch v2.30.0_linux_x86_64, 94.1GB RAM, 24 cores
https://github.com/torognes/vsearch

Reading file results/clustering/cdr/pellet_VH_R3/cdr3_clusters/a132954f-eef2-41e2-ba7a-4a6cb98bba56-IGH.fasta 100%
303 nt in 11 seqs, min 21, max 36, avg 28
Masking 100%
Sorting by length 100%
Counting k-mers 100%
Clustering 100%
Sorting clusters 100%
Writing clusters 100%
Clusters: 8 Size min 1, max 4, avg 1.4
Singletons: 7, 63.6% of seqs, 87.5% of clusters
Multiple alignments 100%
vsearch v2.30.0_linux_x86_64, 94.1GB RAM, 24 cores
https://github.com/torognes/vsearch

Reading file results/clustering/cdr/pellet_VH_R3/cdr3_clusters/58496cfe-517e-45a0-9c5f-018eee24ae15-IGH.fasta 100%
579 nt in 16 seqs, min 30, max 51, avg 36
Masking 100%
Sorting by length 100%
Counting k-mers 100%
Clustering 100%
Sorting clusters 100%
Writing clusters 100%
Clusters: 13 Size min 1, max 4, avg 1.2
Singletons: 12, 75.0% of seqs, 92.3% of clusters
Multiple alignments 100%
vsearch v2.30.0_linux_x86_64, 94.1GB RAM, 24 cores
https://github.com/torognes/vsearch

Reading file results/clustering/cdr/pellet_VH_R3/cdr3_clusters/299d37af-54bc-4a82-b134-4828905a8e2c-IGH.fasta 100%
1068 nt in 27 seqs, min 30, max 42, avg 40
Masking 100%
Sorting by length 100%
Counting k-mers 100%
Clustering 100%
Sorting clusters 100%
Writing clusters 100%
Clusters: 14 Size min 1, max 10, avg 1.9
Singletons: 11, 40.7% of seqs, 78.6% of clusters
Multiple alignments 100%
vsearch v2.30.0_linux_x86_64, 94.1GB RAM, 24 cores
https://github.com/torognes/vsearch

Reading file results/clustering/cdr/pellet_VH_R3/cdr3_clusters/651cd273-0f57-43e7-b6f2-8247979cdcb7-IGH.fasta 100%
1152 nt in 26 seqs, min 27, max 45, avg 44
Masking 100%
Sorting by length 100%
Counting k-mers 100%
Clustering 100%
Sorting clusters 100%
Writing clusters 100%
Clusters: 4 Size min 1, max 21, avg 6.5
Singletons: 2, 7.7% of seqs, 50.0% of clusters
Multiple alignments 100%
vsearch v2.30.0_linux_x86_64, 94.1GB RAM, 24 cores
https://github.com/torognes/vsearch

Reading file results/clustering/cdr/pellet_VH_R3/cdr3_clusters/e5370c17-5422-473a-b4cb-0de1d8533153-IGH.fasta 100%
240 nt in 5 seqs, min 42, max 51, avg 48
Masking 100%
Sorting by length 100%
Counting k-mers 100%
Clustering 100%
Sorting clusters 100%
Writing clusters 100%
Clusters: 4 Size min 1, max 2, avg 1.2
Singletons: 3, 60.0% of seqs, 75.0% of clusters
Multiple alignments 100%
vsearch v2.30.0_linux_x86_64, 94.1GB RAM, 24 cores
https://github.com/torognes/vsearch

Reading file results/clustering/cdr/pellet_VH_R3/cdr3_clusters/388789c7-f60f-48e6-8f0c-3a4a307bf42d-IGH.fasta 100%
840 nt in 24 seqs, min 27, max 45, avg 35
minseqlength 6: 1 sequence discarded.
Masking 100%
Sorting by length 100%
Counting k-mers 100%
Clustering 100%
Sorting clusters 100%
Writing clusters 100%
Clusters: 22 Size min 1, max 3, avg 1.1
Singletons: 21, 87.5% of seqs, 95.5% of clusters
Multiple alignments 100%
vsearch v2.30.0_linux_x86_64, 94.1GB RAM, 24 cores
https://github.com/torognes/vsearch

Reading file results/clustering/cdr/pellet_VH_R3/cdr3_clusters/3712d749-7ab4-459d-bf3f-03e59916bcd7-IGH.fasta 100%
318 nt in 8 seqs, min 27, max 46, avg 40
Masking 100%
Sorting by length 100%
Counting k-mers 100%
Clustering 100%
Sorting clusters 100%
Writing clusters 100%
Clusters: 8 Size min 1, max 1, avg 1.0
Singletons: 8, 100.0% of seqs, 100.0% of clusters
Multiple alignments 100%
vsearch v2.30.0_linux_x86_64, 94.1GB RAM, 24 cores
https://github.com/torognes/vsearch

Reading file results/clustering/cdr/pellet_VH_R3/cdr3_clusters/4d181bf5-ce25-4043-9ea3-16a4a3939d99-IGH.fasta 100%
1839 nt in 49 seqs, min 18, max 45, avg 38
Masking 100%
Sorting by length 100%
Counting k-mers 100%
Clustering 100%
Sorting clusters 100%
Writing clusters 100%
Clusters: 48 Size min 1, max 2, avg 1.0
Singletons: 47, 95.9% of seqs, 97.9% of clusters
Multiple alignments 100%
vsearch v2.30.0_linux_x86_64, 94.1GB RAM, 24 cores
https://github.com/torognes/vsearch

Reading file results/clustering/cdr/pellet_VH_R3/cdr3_clusters/a4c68673-6cfc-4ab0-b124-b0cb91ed999b-IGH.fasta 100%
234 nt in 6 seqs, min 39, max 39, avg 39
Masking 100%
Sorting by length 100%
Counting k-mers 100%
Clustering 100%
Sorting clusters 100%
Writing clusters 100%
Clusters: 2 Size min 1, max 5, avg 3.0
Singletons: 1, 16.7% of seqs, 50.0% of clusters
Multiple alignments 100%
vsearch v2.30.0_linux_x86_64, 94.1GB RAM, 24 cores
https://github.com/torognes/vsearch

Reading file results/clustering/cdr/pellet_VH_R3/cdr3_clusters/6e38d604-c934-4a98-9508-37cc77586347-IGH.fasta 100%
1482 nt in 45 seqs, min 18, max 45, avg 33
Masking 100%
Sorting by length 100%
Counting k-mers 100%
Clustering 100%
Sorting clusters 100%
Writing clusters 100%
Clusters: 39 Size min 1, max 3, avg 1.2
Singletons: 36, 80.0% of seqs, 92.3% of clusters
Multiple alignments 100%
vsearch v2.30.0_linux_x86_64, 94.1GB RAM, 24 cores
https://github.com/torognes/vsearch

Reading file results/clustering/cdr/pellet_VH_R3/cdr3_clusters/feb40f5f-18ca-4751-a9df-89236c3570db-IGH.fasta 100%
0 nt in 0 seqs
minseqlength 6: 89 sequences discarded.
Masking 100%
Sorting by length 100%
Counting k-mers 100%
Clustering 100%
Sorting clusters 100%
Writing clusters 100%
Clusters: 0
Singletons: 0
Multiple alignments 100%
vsearch v2.30.0_linux_x86_64, 94.1GB RAM, 24 cores
https://github.com/torognes/vsearch

Reading file results/clustering/cdr/pellet_VH_R3/cdr3_clusters/df82897f-a2d2-4f8d-9a64-f36949d863dd-IGH.fasta 100%
3736 nt in 97 seqs, min 18, max 51, avg 39
Masking 100%
Sorting by length 100%
Counting k-mers 100%
Clustering 100%
Sorting clusters 100%
Writing clusters 100%
Clusters: 88 Size min 1, max 3, avg 1.1
Singletons: 81, 83.5% of seqs, 92.0% of clusters
Multiple alignments 100%
vsearch v2.30.0_linux_x86_64, 94.1GB RAM, 24 cores
https://github.com/torognes/vsearch

Reading file results/clustering/cdr/pellet_VH_R3/cdr3_clusters/ce9ccbeb-0cfa-40e4-bc66-3ff8a9dad7ef-IGH.fasta 100%
585 nt in 14 seqs, min 30, max 51, avg 42
minseqlength 6: 3 sequences discarded.
Masking 100%
Sorting by length 100%
Counting k-mers 100%
Clustering 100%
Sorting clusters 100%
Writing clusters 100%
Clusters: 12 Size min 1, max 2, avg 1.2
Singletons: 10, 71.4% of seqs, 83.3% of clusters
Multiple alignments 100%
vsearch v2.30.0_linux_x86_64, 94.1GB RAM, 24 cores
https://github.com/torognes/vsearch

Reading file results/clustering/cdr/pellet_VH_R3/cdr3_clusters/e2d885a8-0c1c-41c1-a93e-fd2d7e3e62fb-IGK.fasta 100%
0 nt in 0 seqs
minseqlength 6: 9 sequences discarded.
Masking 100%
Sorting by length 100%
Counting k-mers 100%
Clustering 100%
Sorting clusters 100%
Writing clusters 100%
Clusters: 0
Singletons: 0
Multiple alignments 100%
vsearch v2.30.0_linux_x86_64, 94.1GB RAM, 24 cores
https://github.com/torognes/vsearch

Reading file results/clustering/cdr/pellet_VH_R3/cdr3_clusters/09750e2d-cf11-4f4b-bf7b-ab0400364b1a-IGH.fasta 100%
533 nt in 11 seqs, min 39, max 54, avg 48
Masking 100%
Sorting by length 100%
Counting k-mers 100%
Clustering 100%
Sorting clusters 100%
Writing clusters 100%
Clusters: 7 Size min 1, max 3, avg 1.6
Singletons: 5, 45.5% of seqs, 71.4% of clusters
Multiple alignments 100%
vsearch v2.30.0_linux_x86_64, 94.1GB RAM, 24 cores
https://github.com/torognes/vsearch

Reading file results/clustering/cdr/pellet_VH_R3/cdr3_clusters/8670cef7-fbad-465c-8d40-ac5d019c7c75-IGH.fasta 100%
1566 nt in 36 seqs, min 27, max 48, avg 44
Masking 100%
Sorting by length 100%
Counting k-mers 100%
Clustering 100%
Sorting clusters 100%
Writing clusters 100%
Clusters: 20 Size min 1, max 16, avg 1.8
Singletons: 18, 50.0% of seqs, 90.0% of clusters
Multiple alignments 100%
vsearch v2.30.0_linux_x86_64, 94.1GB RAM, 24 cores
https://github.com/torognes/vsearch

Reading file results/clustering/cdr/pellet_VH_R3/cdr3_clusters/f8b22288-ac27-40aa-9022-ca8df3184d92-IGH.fasta 100%
204 nt in 5 seqs, min 33, max 45, avg 41
Masking 100%
Sorting by length 100%
Counting k-mers 100%
Clustering 100%
Sorting clusters 100%
Writing clusters 100%
Clusters: 5 Size min 1, max 1, avg 1.0
Singletons: 5, 100.0% of seqs, 100.0% of clusters
Multiple alignments 100%
vsearch v2.30.0_linux_x86_64, 94.1GB RAM, 24 cores
https://github.com/torognes/vsearch

Reading file results/clustering/cdr/pellet_VH_R3/cdr3_clusters/4513dcb3-b222-42bc-809e-de73579e0f2e-IGH.fasta 100%
1353 nt in 32 seqs, min 30, max 57, avg 42
Masking 100%
Sorting by length 100%
Counting k-mers 100%
Clustering 100%
Sorting clusters 100%
Writing clusters 100%
Clusters: 15 Size min 1, max 17, avg 2.1
Singletons: 13, 40.6% of seqs, 86.7% of clusters
Multiple alignments 100%
vsearch v2.30.0_linux_x86_64, 94.1GB RAM, 24 cores
https://github.com/torognes/vsearch

Reading file results/clustering/cdr/pellet_VH_R3/cdr3_clusters/8266d11d-bde2-4e90-bebf-681efd35cdf2-IGH.fasta 100%
1260 nt in 29 seqs, min 27, max 54, avg 43
Masking 100%
Sorting by length 100%
Counting k-mers 100%
Clustering 100%
Sorting clusters 100%
Writing clusters 100%
Clusters: 29 Size min 1, max 1, avg 1.0
Singletons: 29, 100.0% of seqs, 100.0% of clusters
Multiple alignments 100%
vsearch v2.30.0_linux_x86_64, 94.1GB RAM, 24 cores
https://github.com/torognes/vsearch

Reading file results/clustering/cdr/pellet_VH_R3/cdr3_clusters/1bffbadf-5937-46ce-bbec-558103b7e3c1-IGH.fasta 100%
2517 nt in 57 seqs, min 24, max 54, avg 44
Masking 100%
Sorting by length 100%
Counting k-mers 100%
Clustering 100%
Sorting clusters 100%
Writing clusters 100%
Clusters: 45 Size min 1, max 9, avg 1.3
Singletons: 40, 70.2% of seqs, 88.9% of clusters
Multiple alignments 100%
vsearch v2.30.0_linux_x86_64, 94.1GB RAM, 24 cores
https://github.com/torognes/vsearch

Reading file results/clustering/cdr/pellet_VH_R3/cdr3_clusters/846ae313-3138-4b4f-a6b8-fdee51fb83f9-IGH.fasta 100%
1248 nt in 35 seqs, min 24, max 45, avg 36
minseqlength 6: 1 sequence discarded.
Masking 100%
Sorting by length 100%
Counting k-mers 100%
Clustering 100%
Sorting clusters 100%
Writing clusters 100%
Clusters: 34 Size min 1, max 2, avg 1.0
Singletons: 33, 94.3% of seqs, 97.1% of clusters
Multiple alignments 100%
vsearch v2.30.0_linux_x86_64, 94.1GB RAM, 24 cores
https://github.com/torognes/vsearch

Reading file results/clustering/cdr/pellet_VH_R3/cdr3_clusters/c1a0c2e1-af8b-43c8-8146-120a7ca6ab01-IGH.fasta 100%
552 nt in 13 seqs, min 27, max 45, avg 42
Masking 100%
Sorting by length 100%
Counting k-mers 100%
Clustering 100%
Sorting clusters 100%
Writing clusters 100%
Clusters: 5 Size min 1, max 9, avg 2.6
Singletons: 4, 30.8% of seqs, 80.0% of clusters
Multiple alignments 100%
vsearch v2.30.0_linux_x86_64, 94.1GB RAM, 24 cores
https://github.com/torognes/vsearch

Reading file results/clustering/cdr/pellet_VH_R3/cdr3_clusters/32d34fc4-6a67-4d12-9229-045b776e3693-IGH.fasta 100%
495 nt in 10 seqs, min 42, max 54, avg 50
Masking 100%
Sorting by length 100%
Counting k-mers 100%
Clustering 100%
Sorting clusters 100%
Writing clusters 100%
Clusters: 10 Size min 1, max 1, avg 1.0
Singletons: 10, 100.0% of seqs, 100.0% of clusters
Multiple alignments 100%
vsearch v2.30.0_linux_x86_64, 94.1GB RAM, 24 cores
https://github.com/torognes/vsearch

Reading file results/clustering/cdr/pellet_VH_R3/cdr3_clusters/0a8bef69-4314-4e96-961f-41051b372b1e-IGH.fasta 100%
0 nt in 0 seqs
minseqlength 6: 15 sequences discarded.
Masking 100%
Sorting by length 100%
Counting k-mers 100%
Clustering 100%
Sorting clusters 100%
Writing clusters 100%
Clusters: 0
Singletons: 0
Multiple alignments 100%
vsearch v2.30.0_linux_x86_64, 94.1GB RAM, 24 cores
https://github.com/torognes/vsearch

Reading file results/clustering/cdr/pellet_VH_R3/cdr3_clusters/e5609580-04aa-405e-9e0c-701a07770d04-IGH.fasta 100%
177 nt in 6 seqs, min 27, max 39, avg 30
Masking 100%
Sorting by length 100%
Counting k-mers 100%
Clustering 100%
Sorting clusters 100%
Writing clusters 100%
Clusters: 6 Size min 1, max 1, avg 1.0
Singletons: 6, 100.0% of seqs, 100.0% of clusters
Multiple alignments 100%
vsearch v2.30.0_linux_x86_64, 94.1GB RAM, 24 cores
https://github.com/torognes/vsearch

Reading file results/clustering/cdr/pellet_VH_R3/cdr3_clusters/adb561b2-796c-49d5-b017-2d69f71aa1c9-IGH.fasta 100%
177 nt in 5 seqs, min 33, max 39, avg 35
Masking 100%
Sorting by length 100%
Counting k-mers 100%
Clustering 100%
Sorting clusters 100%
Writing clusters 100%
Clusters: 5 Size min 1, max 1, avg 1.0
Singletons: 5, 100.0% of seqs, 100.0% of clusters
Multiple alignments 100%
vsearch v2.30.0_linux_x86_64, 94.1GB RAM, 24 cores
https://github.com/torognes/vsearch

Reading file results/clustering/cdr/pellet_VH_R3/cdr3_clusters/8020171b-ae7c-41de-90af-6c00ec4f076e-IGH.fasta 100%
365 nt in 10 seqs, min 27, max 45, avg 36
Masking 100%
Sorting by length 100%
Counting k-mers 100%
Clustering 100%
Sorting clusters 100%
Writing clusters 100%
Clusters: 10 Size min 1, max 1, avg 1.0
Singletons: 10, 100.0% of seqs, 100.0% of clusters
Multiple alignments 100%
vsearch v2.30.0_linux_x86_64, 94.1GB RAM, 24 cores
https://github.com/torognes/vsearch

Reading file results/clustering/cdr/pellet_VH_R3/cdr3_clusters/d6d7531e-9344-4449-99a8-fea0897553df-IGH.fasta 100%
360 nt in 8 seqs, min 36, max 48, avg 45
Masking 100%
Sorting by length 100%
Counting k-mers 100%
Clustering 100%
Sorting clusters 100%
Writing clusters 100%
Clusters: 6 Size min 1, max 2, avg 1.3
Singletons: 4, 50.0% of seqs, 66.7% of clusters
Multiple alignments 100%
vsearch v2.30.0_linux_x86_64, 94.1GB RAM, 24 cores
https://github.com/torognes/vsearch

Reading file results/clustering/cdr/pellet_VH_R3/cdr3_clusters/55eb7186-eb6e-42b0-9d82-b722124df920-IGH.fasta 100%
7106 nt in 167 seqs, min 21, max 57, avg 43
Masking 100%
Sorting by length 100%
Counting k-mers 100%
Clustering 100%
Sorting clusters 100%
Writing clusters 100%
Clusters: 140 Size min 1, max 9, avg 1.2
Singletons: 124, 74.3% of seqs, 88.6% of clusters
Multiple alignments 100%
vsearch v2.30.0_linux_x86_64, 94.1GB RAM, 24 cores
https://github.com/torognes/vsearch

Reading file results/clustering/cdr/pellet_VH_R3/cdr3_clusters/cb532798-abb3-49bb-9b51-94b1a34a7686-IGH.fasta 100%
2879 nt in 67 seqs, min 27, max 51, avg 43
Masking 100%
Sorting by length 100%
Counting k-mers 100%
Clustering 100%
Sorting clusters 100%
Writing clusters 100%
Clusters: 58 Size min 1, max 3, avg 1.2
Singletons: 51, 76.1% of seqs, 87.9% of clusters
Multiple alignments 100%
vsearch v2.30.0_linux_x86_64, 94.1GB RAM, 24 cores
https://github.com/torognes/vsearch

Reading file results/clustering/cdr/pellet_VH_R3/cdr3_clusters/0434ff84-d2b6-42f2-92c7-721b9e958768-IGH.fasta 100%
180 nt in 5 seqs, min 30, max 39, avg 36
Masking 100%
Sorting by length 100%
Counting k-mers 100%
Clustering 100%
Sorting clusters 100%
Writing clusters 100%
Clusters: 3 Size min 1, max 3, avg 1.7
Singletons: 2, 40.0% of seqs, 66.7% of clusters
Multiple alignments 100%
vsearch v2.30.0_linux_x86_64, 94.1GB RAM, 24 cores
https://github.com/torognes/vsearch

Reading file results/clustering/cdr/pellet_VH_R3/cdr3_clusters/043753b9-cc8b-4ebc-8c46-65354b59a54b-IGH.fasta 100%
715 nt in 15 seqs, min 42, max 49, avg 48
Masking 100%
Sorting by length 100%
Counting k-mers 100%
Clustering 100%
Sorting clusters 100%
Writing clusters 100%
Clusters: 6 Size min 1, max 7, avg 2.5
Singletons: 3, 20.0% of seqs, 50.0% of clusters
Multiple alignments 100%
vsearch v2.30.0_linux_x86_64, 94.1GB RAM, 24 cores
https://github.com/torognes/vsearch

Reading file results/clustering/cdr/pellet_VH_R3/cdr3_clusters/ad3c3ba8-d735-41bd-8eaa-c8c753f152dc-IGH.fasta 100%
624 nt in 16 seqs, min 39, max 39, avg 39
Masking 100%
Sorting by length 100%
Counting k-mers 100%
Clustering 100%
Sorting clusters 100%
Writing clusters 100%
Clusters: 1 Size min 16, max 16, avg 16.0
Singletons: 0, 0.0% of seqs, 0.0% of clusters
Multiple alignments 100%
vsearch v2.30.0_linux_x86_64, 94.1GB RAM, 24 cores
https://github.com/torognes/vsearch

Reading file results/clustering/cdr/pellet_VH_R3/cdr3_clusters/167e4ec0-5fbc-4b66-99cd-f412e2bfc738-IGH.fasta 100%
2772 nt in 88 seqs, min 21, max 39, avg 32
Masking 100%
Sorting by length 100%
Counting k-mers 100%
Clustering 100%
Sorting clusters 100%
Writing clusters 100%
Clusters: 45 Size min 1, max 28, avg 2.0
Singletons: 37, 42.0% of seqs, 82.2% of clusters
Multiple alignments 100%
vsearch v2.30.0_linux_x86_64, 94.1GB RAM, 24 cores
https://github.com/torognes/vsearch

Reading file results/clustering/cdr/pellet_VH_R3/cdr3_clusters/7ac10c64-faad-47d9-a048-2cfec7715374-IGH.fasta 100%
222 nt in 5 seqs, min 39, max 51, avg 44
Masking 100%
Sorting by length 100%
Counting k-mers 100%
Clustering 100%
Sorting clusters 100%
Writing clusters 100%
Clusters: 5 Size min 1, max 1, avg 1.0
Singletons: 5, 100.0% of seqs, 100.0% of clusters
Multiple alignments 100%
vsearch v2.30.0_linux_x86_64, 94.1GB RAM, 24 cores
https://github.com/torognes/vsearch

Reading file results/clustering/cdr/pellet_VH_R3/cdr3_clusters/18cd7ef8-ab3b-4415-91b8-d6d9190362ef-IGH.fasta 100%
201 nt in 6 seqs, min 27, max 54, avg 34
Masking 100%
Sorting by length 100%
Counting k-mers 100%
Clustering 100%
Sorting clusters 100%
Writing clusters 100%
Clusters: 6 Size min 1, max 1, avg 1.0
Singletons: 6, 100.0% of seqs, 100.0% of clusters
Multiple alignments 100%
vsearch v2.30.0_linux_x86_64, 94.1GB RAM, 24 cores
https://github.com/torognes/vsearch

Reading file results/clustering/cdr/pellet_VH_R3/cdr3_clusters/efc71fd9-c96e-4231-9bda-0884efdd64bd-IGH.fasta 100%
276 nt in 9 seqs, min 27, max 36, avg 31
Masking 100%
Sorting by length 100%
Counting k-mers 100%
Clustering 100%
Sorting clusters 100%
Writing clusters 100%
Clusters: 7 Size min 1, max 2, avg 1.3
Singletons: 5, 55.6% of seqs, 71.4% of clusters
Multiple alignments 100%
vsearch v2.30.0_linux_x86_64, 94.1GB RAM, 24 cores
https://github.com/torognes/vsearch

Reading file results/clustering/cdr/pellet_VH_R3/cdr3_clusters/ba96b4ef-ed7b-491a-a78c-0be94ee623bd-IGH.fasta 100%
303 nt in 8 seqs, min 27, max 48, avg 38
Masking 100%
Sorting by length 100%
Counting k-mers 100%
Clustering 100%
Sorting clusters 100%
Writing clusters 100%
Clusters: 8 Size min 1, max 1, avg 1.0
Singletons: 8, 100.0% of seqs, 100.0% of clusters
Multiple alignments 100%
vsearch v2.30.0_linux_x86_64, 94.1GB RAM, 24 cores
https://github.com/torognes/vsearch

Reading file results/clustering/cdr/pellet_VH_R3/cdr3_clusters/a4f6cb17-5ff2-4e2a-85f2-918d0e769e1f-IGH.fasta 100%
896 nt in 20 seqs, min 33, max 51, avg 45
Masking 100%
Sorting by length 100%
Counting k-mers 100%
Clustering 100%
Sorting clusters 100%
Writing clusters 100%
Clusters: 19 Size min 1, max 2, avg 1.1
Singletons: 18, 90.0% of seqs, 94.7% of clusters
Multiple alignments 100%
vsearch v2.30.0_linux_x86_64, 94.1GB RAM, 24 cores
https://github.com/torognes/vsearch

Reading file results/clustering/cdr/pellet_VH_R3/cdr3_clusters/f5c024ea-9765-4925-abab-d2119247cf13-IGH.fasta 100%
495 nt in 10 seqs, min 39, max 54, avg 50
Masking 100%
Sorting by length 100%
Counting k-mers 100%
Clustering 100%
Sorting clusters 100%
Writing clusters 100%
Clusters: 9 Size min 1, max 2, avg 1.1
Singletons: 8, 80.0% of seqs, 88.9% of clusters
Multiple alignments 100%
vsearch v2.30.0_linux_x86_64, 94.1GB RAM, 24 cores
https://github.com/torognes/vsearch

Reading file results/clustering/cdr/pellet_VH_R3/cdr3_clusters/c65b02a7-8d82-47a9-89fa-bebe9f4b717c-IGH.fasta 100%
315 nt in 7 seqs, min 33, max 54, avg 45
Masking 100%
Sorting by length 100%
Counting k-mers 100%
Clustering 100%
Sorting clusters 100%
Writing clusters 100%
Clusters: 7 Size min 1, max 1, avg 1.0
Singletons: 7, 100.0% of seqs, 100.0% of clusters
Multiple alignments 100%
vsearch v2.30.0_linux_x86_64, 94.1GB RAM, 24 cores
https://github.com/torognes/vsearch

Reading file results/clustering/cdr/pellet_VH_R3/cdr3_clusters/4fdc1edf-5a60-4bb9-b887-73e226edda7b-IGH.fasta 100%
1020 nt in 29 seqs, min 21, max 42, avg 35
Masking 100%
Sorting by length 100%
Counting k-mers 100%
Clustering 100%
Sorting clusters 100%
Writing clusters 100%
Clusters: 27 Size min 1, max 2, avg 1.1
Singletons: 25, 86.2% of seqs, 92.6% of clusters
Multiple alignments 100%
vsearch v2.30.0_linux_x86_64, 94.1GB RAM, 24 cores
https://github.com/torognes/vsearch

Reading file results/clustering/cdr/pellet_VH_R3/cdr3_clusters/efed7963-9ded-44fe-b5b3-33816fa51413-IGH.fasta 100%
456 nt in 14 seqs, min 18, max 39, avg 33
minseqlength 6: 1 sequence discarded.
Masking 100%
Sorting by length 100%
Counting k-mers 100%
Clustering 100%
Sorting clusters 100%
Writing clusters 100%
Clusters: 10 Size min 1, max 4, avg 1.4
Singletons: 8, 57.1% of seqs, 80.0% of clusters
Multiple alignments 100%
vsearch v2.30.0_linux_x86_64, 94.1GB RAM, 24 cores
https://github.com/torognes/vsearch

Reading file results/clustering/cdr/pellet_VH_R3/cdr3_clusters/4d9eb338-9b30-4d17-a8cf-52061befb266-IGH.fasta 100%
0 nt in 0 seqs
minseqlength 6: 19 sequences discarded.
Masking 100%
Sorting by length 100%
Counting k-mers 100%
Clustering 100%
Sorting clusters 100%
Writing clusters 100%
Clusters: 0
Singletons: 0
Multiple alignments 100%
vsearch v2.30.0_linux_x86_64, 94.1GB RAM, 24 cores
https://github.com/torognes/vsearch

Reading file results/clustering/cdr/pellet_VH_R3/cdr3_clusters/95aa60d2-eea4-4cf8-ab2d-2403cdbf8bd6-IGH.fasta 100%
216 nt in 5 seqs, min 36, max 48, avg 43
Masking 100%
Sorting by length 100%
Counting k-mers 100%
Clustering 100%
Sorting clusters 100%
Writing clusters 100%
Clusters: 4 Size min 1, max 2, avg 1.2
Singletons: 3, 60.0% of seqs, 75.0% of clusters
Multiple alignments 100%
vsearch v2.30.0_linux_x86_64, 94.1GB RAM, 24 cores
https://github.com/torognes/vsearch

Reading file results/clustering/cdr/pellet_VH_R3/cdr3_clusters/53ee9705-5fa1-4e1c-b6c4-6231e51b5d1f-IGH.fasta 100%
567 nt in 14 seqs, min 30, max 66, avg 40
Masking 100%
Sorting by length 100%
Counting k-mers 100%
Clustering 100%
Sorting clusters 100%
Writing clusters 100%
Clusters: 13 Size min 1, max 2, avg 1.1
Singletons: 12, 85.7% of seqs, 92.3% of clusters
Multiple alignments 100%
vsearch v2.30.0_linux_x86_64, 94.1GB RAM, 24 cores
https://github.com/torognes/vsearch

Reading file results/clustering/cdr/pellet_VH_R3/cdr3_clusters/0fd14f2f-a88a-4c18-b841-b103c9f865d1-IGH.fasta 100%
555 nt in 16 seqs, min 27, max 36, avg 35
minseqlength 6: 1 sequence discarded.
Masking 100%
Sorting by length 100%
Counting k-mers 100%
Clustering 100%
Sorting clusters 100%
Writing clusters 100%
Clusters: 5 Size min 1, max 11, avg 3.2
Singletons: 3, 18.8% of seqs, 60.0% of clusters
Multiple alignments 100%
vsearch v2.30.0_linux_x86_64, 94.1GB RAM, 24 cores
https://github.com/torognes/vsearch

Reading file results/clustering/cdr/pellet_VH_R3/cdr3_clusters/3ed61d21-0b9d-4bb0-b8c5-6a71d42d5b01-IGH.fasta 100%
276 nt in 7 seqs, min 30, max 45, avg 39
Masking 100%
Sorting by length 100%
Counting k-mers 100%
Clustering 100%
Sorting clusters 100%
Writing clusters 100%
Clusters: 7 Size min 1, max 1, avg 1.0
Singletons: 7, 100.0% of seqs, 100.0% of clusters
Multiple alignments 100%
vsearch v2.30.0_linux_x86_64, 94.1GB RAM, 24 cores
https://github.com/torognes/vsearch

Reading file results/clustering/cdr/pellet_VH_R3/cdr3_clusters/6a1f37e8-b203-4361-9641-b146ca4488f6-IGH.fasta 100%
702 nt in 20 seqs, min 24, max 39, avg 35
Masking 100%
Sorting by length 100%
Counting k-mers 100%
Clustering 100%
Sorting clusters 100%
Writing clusters 100%
Clusters: 14 Size min 1, max 7, avg 1.4
Singletons: 13, 65.0% of seqs, 92.9% of clusters
Multiple alignments 100%
vsearch v2.30.0_linux_x86_64, 94.1GB RAM, 24 cores
https://github.com/torognes/vsearch

Reading file results/clustering/cdr/pellet_VH_R3/cdr3_clusters/9f88762e-9457-481b-bedb-a7ffcc6be719-IGH.fasta 100%
270 nt in 6 seqs, min 45, max 45, avg 45
Masking 100%
Sorting by length 100%
Counting k-mers 100%
Clustering 100%
Sorting clusters 100%
Writing clusters 100%
Clusters: 1 Size min 6, max 6, avg 6.0
Singletons: 0, 0.0% of seqs, 0.0% of clusters
Multiple alignments 100%
vsearch v2.30.0_linux_x86_64, 94.1GB RAM, 24 cores
https://github.com/torognes/vsearch

Reading file results/clustering/cdr/pellet_VH_R3/cdr3_clusters/621db827-9ce2-4ffb-92ac-51af37faed47-IGH.fasta 100%
354 nt in 10 seqs, min 30, max 36, avg 35
minseqlength 6: 1 sequence discarded.
Masking 100%
Sorting by length 100%
Counting k-mers 100%
Clustering 100%
Sorting clusters 100%
Writing clusters 100%
Clusters: 3 Size min 1, max 8, avg 3.3
Singletons: 2, 20.0% of seqs, 66.7% of clusters
Multiple alignments 100%
vsearch v2.30.0_linux_x86_64, 94.1GB RAM, 24 cores
https://github.com/torognes/vsearch

Reading file results/clustering/cdr/pellet_VH_R3/cdr3_clusters/9f5d648a-8e41-4bf4-b857-d0faff066c8b-IGH.fasta 100%
3310 nt in 63 seqs, min 27, max 63, avg 53
Masking 100%
Sorting by length 100%
Counting k-mers 100%
Clustering 100%
Sorting clusters 100%
Writing clusters 100%
Clusters: 51 Size min 1, max 6, avg 1.2
Singletons: 46, 73.0% of seqs, 90.2% of clusters
Multiple alignments 100%
vsearch v2.30.0_linux_x86_64, 94.1GB RAM, 24 cores
https://github.com/torognes/vsearch

Reading file results/clustering/cdr/pellet_VH_R3/cdr3_clusters/e68fe3da-2b21-4b3a-8504-f64c3463dcf8-IGH.fasta 100%
1130 nt in 29 seqs, min 38, max 39, avg 39
Masking 100%
Sorting by length 100%
Counting k-mers 100%
Clustering 100%
Sorting clusters 100%
Writing clusters 100%
Clusters: 2 Size min 1, max 28, avg 14.5
Singletons: 1, 3.4% of seqs, 50.0% of clusters
Multiple alignments 100%
vsearch v2.30.0_linux_x86_64, 94.1GB RAM, 24 cores
https://github.com/torognes/vsearch

Reading file results/clustering/cdr/pellet_VH_R3/cdr3_clusters/41830d91-eab3-4aba-b0ee-d91545595922-IGH.fasta 100%
5058 nt in 120 seqs, min 21, max 57, avg 42
minseqlength 6: 1 sequence discarded.
Masking 100%
Sorting by length 100%
Counting k-mers 100%
Clustering 100%
Sorting clusters 100%
Writing clusters 100%
Clusters: 104 Size min 1, max 8, avg 1.2
Singletons: 98, 81.7% of seqs, 94.2% of clusters
Multiple alignments 100%
vsearch v2.30.0_linux_x86_64, 94.1GB RAM, 24 cores
https://github.com/torognes/vsearch

Reading file results/clustering/cdr/pellet_VH_R3/cdr3_clusters/d435df56-7ad1-48a9-b21b-0c70e09c95d9-IGH.fasta 100%
267 nt in 7 seqs, min 36, max 42, avg 38
Masking 100%
Sorting by length 100%
Counting k-mers 100%
Clustering 100%
Sorting clusters 100%
Writing clusters 100%
Clusters: 7 Size min 1, max 1, avg 1.0
Singletons: 7, 100.0% of seqs, 100.0% of clusters
Multiple alignments 100%
vsearch v2.30.0_linux_x86_64, 94.1GB RAM, 24 cores
https://github.com/torognes/vsearch

Reading file results/clustering/cdr/pellet_VH_R3/cdr3_clusters/543dbbaf-1752-4fc9-84b7-5ebfd91f7a05-IGH.fasta 100%
186 nt in 5 seqs, min 33, max 42, avg 37
Masking 100%
Sorting by length 100%
Counting k-mers 100%
Clustering 100%
Sorting clusters 100%
Writing clusters 100%
Clusters: 5 Size min 1, max 1, avg 1.0
Singletons: 5, 100.0% of seqs, 100.0% of clusters
Multiple alignments 100%
vsearch v2.30.0_linux_x86_64, 94.1GB RAM, 24 cores
https://github.com/torognes/vsearch

Reading file results/clustering/cdr/pellet_VH_R3/cdr3_clusters/6ee94977-6eec-4d6d-a19b-ea4901184b02-IGH.fasta 100%
528 nt in 12 seqs, min 33, max 51, avg 44
Masking 100%
Sorting by length 100%
Counting k-mers 100%
Clustering 100%
Sorting clusters 100%
Writing clusters 100%
Clusters: 12 Size min 1, max 1, avg 1.0
Singletons: 12, 100.0% of seqs, 100.0% of clusters
Multiple alignments 100%
vsearch v2.30.0_linux_x86_64, 94.1GB RAM, 24 cores
https://github.com/torognes/vsearch

Reading file results/clustering/cdr/pellet_VH_R3/cdr3_clusters/281e3c74-44b8-4074-b66e-5c4061e04022-IGH.fasta 100%
216 nt in 5 seqs, min 36, max 54, avg 43
Masking 100%
Sorting by length 100%
Counting k-mers 100%
Clustering 100%
Sorting clusters 100%
Writing clusters 100%
Clusters: 5 Size min 1, max 1, avg 1.0
Singletons: 5, 100.0% of seqs, 100.0% of clusters
Multiple alignments 100%
vsearch v2.30.0_linux_x86_64, 94.1GB RAM, 24 cores
https://github.com/torognes/vsearch

Reading file results/clustering/cdr/pellet_VH_R3/cdr3_clusters/4f1f568a-2725-4238-b53c-20380ce4ddff-IGH.fasta 100%
2275 nt in 66 seqs, min 18, max 48, avg 34
minseqlength 6: 1 sequence discarded.
Masking 100%
Sorting by length 100%
Counting k-mers 100%
Clustering 100%
Sorting clusters 100%
Writing clusters 100%
Clusters: 63 Size min 1, max 3, avg 1.0
Singletons: 61, 92.4% of seqs, 96.8% of clusters
Multiple alignments 100%
vsearch v2.30.0_linux_x86_64, 94.1GB RAM, 24 cores
https://github.com/torognes/vsearch

Reading file results/clustering/cdr/pellet_VH_R3/cdr3_clusters/2473b07f-e317-4a56-9d14-d7436f9902c0-IGH.fasta 100%
1014 nt in 22 seqs, min 36, max 54, avg 46
Masking 100%
Sorting by length 100%
Counting k-mers 100%
Clustering 100%
Sorting clusters 100%
Writing clusters 100%
Clusters: 10 Size min 1, max 8, avg 2.2
Singletons: 7, 31.8% of seqs, 70.0% of clusters
Multiple alignments 100%
vsearch v2.30.0_linux_x86_64, 94.1GB RAM, 24 cores
https://github.com/torognes/vsearch

Reading file results/clustering/cdr/pellet_VH_R3/cdr3_clusters/584c502f-b39f-4c44-ad02-929545aebb54-IGH.fasta 100%
363 nt in 11 seqs, min 24, max 45, avg 33
Masking 100%
Sorting by length 100%
Counting k-mers 100%
Clustering 100%
Sorting clusters 100%
Writing clusters 100%
Clusters: 11 Size min 1, max 1, avg 1.0
Singletons: 11, 100.0% of seqs, 100.0% of clusters
Multiple alignments 100%
vsearch v2.30.0_linux_x86_64, 94.1GB RAM, 24 cores
https://github.com/torognes/vsearch

Reading file results/clustering/cdr/pellet_VH_R3/cdr3_clusters/472e24c6-452d-4cf9-8282-5658dd8f14dc-IGH.fasta 100%
3441 nt in 96 seqs, min 21, max 36, avg 36
minseqlength 6: 2 sequences discarded.
Masking 100%
Sorting by length 100%
Counting k-mers 100%
Clustering 100%
Sorting clusters 100%
Writing clusters 100%
Clusters: 11 Size min 1, max 59, avg 8.7
Singletons: 4, 4.2% of seqs, 36.4% of clusters
Multiple alignments 100%
vsearch v2.30.0_linux_x86_64, 94.1GB RAM, 24 cores
https://github.com/torognes/vsearch

Reading file results/clustering/cdr/pellet_VH_R3/cdr3_clusters/33619455-2a6d-4546-aac5-b850a6929123-IGH.fasta 100%
689 nt in 17 seqs, min 24, max 48, avg 41
Masking 100%
Sorting by length 100%
Counting k-mers 100%
Clustering 100%
Sorting clusters 100%
Writing clusters 100%
Clusters: 17 Size min 1, max 1, avg 1.0
Singletons: 17, 100.0% of seqs, 100.0% of clusters
Multiple alignments 100%
vsearch v2.30.0_linux_x86_64, 94.1GB RAM, 24 cores
https://github.com/torognes/vsearch

Reading file results/clustering/cdr/pellet_VH_R3/cdr3_clusters/cba874dd-85d5-4314-bf54-27938731a3b7-IGH.fasta 100%
135 nt in 4 seqs, min 27, max 42, avg 34
minseqlength 6: 8 sequences discarded.
Masking 100%
Sorting by length 100%
Counting k-mers 100%
Clustering 100%
Sorting clusters 100%
Writing clusters 100%
Clusters: 4 Size min 1, max 1, avg 1.0
Singletons: 4, 100.0% of seqs, 100.0% of clusters
Multiple alignments 100%
vsearch v2.30.0_linux_x86_64, 94.1GB RAM, 24 cores
https://github.com/torognes/vsearch

Reading file results/clustering/cdr/pellet_VH_R3/cdr3_clusters/043e107a-6f68-4dd6-a09c-54cdcd31eee0-IGH.fasta 100%
441 nt in 10 seqs, min 36, max 48, avg 44
Masking 100%
Sorting by length 100%
Counting k-mers 100%
Clustering 100%
Sorting clusters 100%
Writing clusters 100%
Clusters: 10 Size min 1, max 1, avg 1.0
Singletons: 10, 100.0% of seqs, 100.0% of clusters
Multiple alignments 100%
vsearch v2.30.0_linux_x86_64, 94.1GB RAM, 24 cores
https://github.com/torognes/vsearch

Reading file results/clustering/cdr/pellet_VH_R3/cdr3_clusters/4e69830b-dc5b-44b4-8160-b01572876ef1-IGH.fasta 100%
222 nt in 7 seqs, min 18, max 93, avg 32
Masking 100%
Sorting by length 100%
Counting k-mers 100%
Clustering 100%
Sorting clusters 100%
Writing clusters 100%
Clusters: 6 Size min 1, max 2, avg 1.2
Singletons: 5, 71.4% of seqs, 83.3% of clusters
Multiple alignments 100%
vsearch v2.30.0_linux_x86_64, 94.1GB RAM, 24 cores
https://github.com/torognes/vsearch

Reading file results/clustering/cdr/pellet_VH_R3/cdr3_clusters/60782a33-9c69-4843-a056-dbcadf065990-IGH.fasta 100%
696 nt in 21 seqs, min 27, max 39, avg 33
Masking 100%
Sorting by length 100%
Counting k-mers 100%
Clustering 100%
Sorting clusters 100%
Writing clusters 100%
Clusters: 16 Size min 1, max 4, avg 1.3
Singletons: 13, 61.9% of seqs, 81.2% of clusters
Multiple alignments 100%
vsearch v2.30.0_linux_x86_64, 94.1GB RAM, 24 cores
https://github.com/torognes/vsearch

Reading file results/clustering/cdr/pellet_VH_R3/cdr3_clusters/3a8b4221-c271-4690-a1db-3ee186bc0d70-IGH.fasta 100%
1371 nt in 31 seqs, min 36, max 45, avg 44
Masking 100%
Sorting by length 100%
Counting k-mers 100%
Clustering 100%
Sorting clusters 100%
Writing clusters 100%
Clusters: 13 Size min 1, max 15, avg 2.4
Singletons: 9, 29.0% of seqs, 69.2% of clusters
Multiple alignments 100%
vsearch v2.30.0_linux_x86_64, 94.1GB RAM, 24 cores
https://github.com/torognes/vsearch

Reading file results/clustering/cdr/pellet_VH_R3/cdr3_clusters/b3ca8b6d-bb26-48b9-a1b2-752b6225446d-IGH.fasta 100%
2619 nt in 55 seqs, min 27, max 57, avg 48
Masking 100%
Sorting by length 100%
Counting k-mers 100%
Clustering 100%
Sorting clusters 100%
Writing clusters 100%
Clusters: 52 Size min 1, max 2, avg 1.1
Singletons: 49, 89.1% of seqs, 94.2% of clusters
Multiple alignments 100%
vsearch v2.30.0_linux_x86_64, 94.1GB RAM, 24 cores
https://github.com/torognes/vsearch

Reading file results/clustering/cdr/pellet_VH_R3/cdr3_clusters/03f9c22b-d027-43e5-9f37-8122ecdbca2e-IGH.fasta 100%
207 nt in 5 seqs, min 33, max 45, avg 41
Masking 100%
Sorting by length 100%
Counting k-mers 100%
Clustering 100%
Sorting clusters 100%
Writing clusters 100%
Clusters: 5 Size min 1, max 1, avg 1.0
Singletons: 5, 100.0% of seqs, 100.0% of clusters
Multiple alignments 100%
