vsearch v2.30.0_linux_x86_64, 94.1GB RAM, 24 cores
https://github.com/torognes/vsearch

Reading file results/clustering/cdr/cov_illu_first_R0_vh/cdr3_clusters/6261f19e-d218-4678-af58-07c44c2c3e4d-IGH.fasta 100%
570 nt in 13 seqs, min 18, max 54, avg 44
Masking 100%
Sorting by length 100%
Counting k-mers 100%
Clustering 100%
Sorting clusters 100%
Writing clusters 100%
Clusters: 13 Size min 1, max 1, avg 1.0
Singletons: 13, 100.0% of seqs, 100.0% of clusters
Multiple alignments 100%
vsearch v2.30.0_linux_x86_64, 94.1GB RAM, 24 cores
https://github.com/torognes/vsearch

Reading file results/clustering/cdr/cov_illu_first_R0_vh/cdr3_clusters/044417c2-f6e9-4721-8b03-c1ad5b1737aa-IGH.fasta 100%
1131 nt in 28 seqs, min 27, max 51, avg 40
Masking 100%
Sorting by length 100%
Counting k-mers 100%
Clustering 100%
Sorting clusters 100%
Writing clusters 100%
Clusters: 18 Size min 1, max 11, avg 1.6
Singletons: 17, 60.7% of seqs, 94.4% of clusters
Multiple alignments 100%
vsearch v2.30.0_linux_x86_64, 94.1GB RAM, 24 cores
https://github.com/torognes/vsearch

Reading file results/clustering/cdr/cov_illu_first_R0_vh/cdr3_clusters/78933df7-199a-4992-a200-04d6b0c33ca4-IGH.fasta 100%
669 nt in 18 seqs, min 24, max 48, avg 37
Masking 100%
Sorting by length 100%
Counting k-mers 100%
Clustering 100%
Sorting clusters 100%
Writing clusters 100%
Clusters: 17 Size min 1, max 2, avg 1.1
Singletons: 16, 88.9% of seqs, 94.1% of clusters
Multiple alignments 100%
vsearch v2.30.0_linux_x86_64, 94.1GB RAM, 24 cores
https://github.com/torognes/vsearch

Reading file results/clustering/cdr/cov_illu_first_R0_vh/cdr3_clusters/4de27559-4c3e-4d57-b567-5fd669e18dae-IGH.fasta 100%
35062 nt in 731 seqs, min 36, max 72, avg 48
Masking 100%
Sorting by length 100%
Counting k-mers 100%
Clustering 100%
Sorting clusters 100%
Writing clusters 100%
Clusters: 592 Size min 1, max 17, avg 1.2
Singletons: 517, 70.7% of seqs, 87.3% of clusters
Multiple alignments 100%
vsearch v2.30.0_linux_x86_64, 94.1GB RAM, 24 cores
https://github.com/torognes/vsearch

Reading file results/clustering/cdr/cov_illu_first_R0_vh/cdr3_clusters/012b62c6-f20d-413f-922b-1b340f50a7fe-IGH.fasta 100%
294 nt in 8 seqs, min 33, max 42, avg 37
Masking 100%
Sorting by length 100%
Counting k-mers 100%
Clustering 100%
Sorting clusters 100%
Writing clusters 100%
Clusters: 6 Size min 1, max 3, avg 1.3
Singletons: 5, 62.5% of seqs, 83.3% of clusters
Multiple alignments 100%
vsearch v2.30.0_linux_x86_64, 94.1GB RAM, 24 cores
https://github.com/torognes/vsearch

Reading file results/clustering/cdr/cov_illu_first_R0_vh/cdr3_clusters/4d074b90-1b2b-4a51-baec-027314cd5863-IGH.fasta 100%
1485 nt in 36 seqs, min 18, max 54, avg 41
Masking 100%
Sorting by length 100%
Counting k-mers 100%
Clustering 100%
Sorting clusters 100%
Writing clusters 100%
Clusters: 34 Size min 1, max 2, avg 1.1
Singletons: 32, 88.9% of seqs, 94.1% of clusters
Multiple alignments 100%
vsearch v2.30.0_linux_x86_64, 94.1GB RAM, 24 cores
https://github.com/torognes/vsearch

Reading file results/clustering/cdr/cov_illu_first_R0_vh/cdr3_clusters/f4e72ac5-f145-4a26-9a36-0a1d87b91d56-IGH.fasta 100%
16914 nt in 425 seqs, min 18, max 69, avg 40
Masking 100%
Sorting by length 100%
Counting k-mers 100%
Clustering 100%
Sorting clusters 100%
Writing clusters 100%
Clusters: 297 Size min 1, max 23, avg 1.4
Singletons: 254, 59.8% of seqs, 85.5% of clusters
Multiple alignments 100%
vsearch v2.30.0_linux_x86_64, 94.1GB RAM, 24 cores
https://github.com/torognes/vsearch

Reading file results/clustering/cdr/cov_illu_first_R0_vh/cdr3_clusters/7a036947-ffc7-4bc9-a73d-7c1c40a7f4c2-IGH.fasta 100%
1101 nt in 24 seqs, min 21, max 60, avg 46
Masking 100%
Sorting by length 100%
Counting k-mers 100%
Clustering 100%
Sorting clusters 100%
Writing clusters 100%
Clusters: 23 Size min 1, max 2, avg 1.0
Singletons: 22, 91.7% of seqs, 95.7% of clusters
Multiple alignments 100%
vsearch v2.30.0_linux_x86_64, 94.1GB RAM, 24 cores
https://github.com/torognes/vsearch

Reading file results/clustering/cdr/cov_illu_first_R0_vh/cdr3_clusters/3ca9b8c8-d12e-432b-8d48-927f88f692cf-IGH.fasta 100%
261 nt in 6 seqs, min 36, max 45, avg 44
Masking 100%
Sorting by length 100%
Counting k-mers 100%
Clustering 100%
Sorting clusters 100%
Writing clusters 100%
Clusters: 2 Size min 1, max 5, avg 3.0
Singletons: 1, 16.7% of seqs, 50.0% of clusters
Multiple alignments 100%
vsearch v2.30.0_linux_x86_64, 94.1GB RAM, 24 cores
https://github.com/torognes/vsearch

Reading file results/clustering/cdr/cov_illu_first_R0_vh/cdr3_clusters/7c5949e5-87aa-4180-8432-96ef5a17b341-IGH.fasta 100%
2738 nt in 67 seqs, min 15, max 72, avg 41
Masking 100%
Sorting by length 100%
Counting k-mers 100%
Clustering 100%
Sorting clusters 100%
Writing clusters 100%
Clusters: 63 Size min 1, max 4, avg 1.1
Singletons: 61, 91.0% of seqs, 96.8% of clusters
Multiple alignments 100%
vsearch v2.30.0_linux_x86_64, 94.1GB RAM, 24 cores
https://github.com/torognes/vsearch

Reading file results/clustering/cdr/cov_illu_first_R0_vh/cdr3_clusters/9a8817bb-8e2f-4910-ae12-8a341a1965d2-IGH.fasta 100%
5727 nt in 118 seqs, min 30, max 66, avg 49
Masking 100%
Sorting by length 100%
Counting k-mers 100%
Clustering 100%
Sorting clusters 100%
Writing clusters 100%
Clusters: 112 Size min 1, max 2, avg 1.1
Singletons: 106, 89.8% of seqs, 94.6% of clusters
Multiple alignments 100%
vsearch v2.30.0_linux_x86_64, 94.1GB RAM, 24 cores
https://github.com/torognes/vsearch

Reading file results/clustering/cdr/cov_illu_first_R0_vh/cdr3_clusters/f3975171-6d34-477a-90f0-dde9a9c7ac5e-IGH.fasta 100%
417 nt in 13 seqs, min 18, max 42, avg 32
Masking 100%
Sorting by length 100%
Counting k-mers 100%
Clustering 100%
Sorting clusters 100%
Writing clusters 100%
Clusters: 13 Size min 1, max 1, avg 1.0
Singletons: 13, 100.0% of seqs, 100.0% of clusters
Multiple alignments 100%
vsearch v2.30.0_linux_x86_64, 94.1GB RAM, 24 cores
https://github.com/torognes/vsearch

Reading file results/clustering/cdr/cov_illu_first_R0_vh/cdr3_clusters/5d5fd888-5736-4502-b367-74a065c73e5d-IGH.fasta 100%
1248 nt in 37 seqs, min 18, max 45, avg 34
Masking 100%
Sorting by length 100%
Counting k-mers 100%
Clustering 100%
Sorting clusters 100%
Writing clusters 100%
Clusters: 31 Size min 1, max 5, avg 1.2
Singletons: 29, 78.4% of seqs, 93.5% of clusters
Multiple alignments 100%
vsearch v2.30.0_linux_x86_64, 94.1GB RAM, 24 cores
https://github.com/torognes/vsearch

Reading file results/clustering/cdr/cov_illu_first_R0_vh/cdr3_clusters/fbc48129-d5df-4f87-bc9f-96fdfb62e893-IGH.fasta 100%
288 nt in 8 seqs, min 18, max 48, avg 36
Masking 100%
Sorting by length 100%
Counting k-mers 100%
Clustering 100%
Sorting clusters 100%
Writing clusters 100%
Clusters: 8 Size min 1, max 1, avg 1.0
Singletons: 8, 100.0% of seqs, 100.0% of clusters
Multiple alignments 100%
vsearch v2.30.0_linux_x86_64, 94.1GB RAM, 24 cores
https://github.com/torognes/vsearch

Reading file results/clustering/cdr/cov_illu_first_R0_vh/cdr3_clusters/2c2d01a4-2102-4c73-9aec-4b808371c830-IGH.fasta 100%
5010 nt in 143 seqs, min 18, max 48, avg 35
Masking 100%
Sorting by length 100%
Counting k-mers 100%
Clustering 100%
Sorting clusters 100%
Writing clusters 100%
Clusters: 125 Size min 1, max 8, avg 1.1
Singletons: 117, 81.8% of seqs, 93.6% of clusters
Multiple alignments 100%
vsearch v2.30.0_linux_x86_64, 94.1GB RAM, 24 cores
https://github.com/torognes/vsearch

Reading file results/clustering/cdr/cov_illu_first_R0_vh/cdr3_clusters/25a5d0d9-85d2-4efc-943a-4b4c0721ea01-IGH.fasta 100%
276 nt in 8 seqs, min 27, max 42, avg 34
Masking 100%
Sorting by length 100%
Counting k-mers 100%
Clustering 100%
Sorting clusters 100%
Writing clusters 100%
Clusters: 8 Size min 1, max 1, avg 1.0
Singletons: 8, 100.0% of seqs, 100.0% of clusters
Multiple alignments 100%
vsearch v2.30.0_linux_x86_64, 94.1GB RAM, 24 cores
https://github.com/torognes/vsearch

Reading file results/clustering/cdr/cov_illu_first_R0_vh/cdr3_clusters/1c57b51f-a8e3-4c9a-8f0b-f59618c03dbf-IGH.fasta 100%
1590 nt in 31 seqs, min 27, max 66, avg 51
Masking 100%
Sorting by length 100%
Counting k-mers 100%
Clustering 100%
Sorting clusters 100%
Writing clusters 100%
Clusters: 27 Size min 1, max 3, avg 1.1
Singletons: 24, 77.4% of seqs, 88.9% of clusters
Multiple alignments 100%
vsearch v2.30.0_linux_x86_64, 94.1GB RAM, 24 cores
https://github.com/torognes/vsearch

Reading file results/clustering/cdr/cov_illu_first_R0_vh/cdr3_clusters/2db9708a-83f6-4b43-91d9-3cc2d2bb52ee-IGH.fasta 100%
1431 nt in 29 seqs, min 30, max 66, avg 49
Masking 100%
Sorting by length 100%
Counting k-mers 100%
Clustering 100%
Sorting clusters 100%
Writing clusters 100%
Clusters: 28 Size min 1, max 2, avg 1.0
Singletons: 27, 93.1% of seqs, 96.4% of clusters
Multiple alignments 100%
vsearch v2.30.0_linux_x86_64, 94.1GB RAM, 24 cores
https://github.com/torognes/vsearch

Reading file results/clustering/cdr/cov_illu_first_R0_vh/cdr3_clusters/a4fed33c-33b9-45b7-afa1-e8f73da0e116-IGH.fasta 100%
174 nt in 5 seqs, min 30, max 36, avg 35
Masking 100%
Sorting by length 100%
Counting k-mers 100%
Clustering 100%
Sorting clusters 100%
Writing clusters 100%
Clusters: 2 Size min 1, max 4, avg 2.5
Singletons: 1, 20.0% of seqs, 50.0% of clusters
Multiple alignments 100%
vsearch v2.30.0_linux_x86_64, 94.1GB RAM, 24 cores
https://github.com/torognes/vsearch

Reading file results/clustering/cdr/cov_illu_first_R0_vh/cdr3_clusters/729cbe1d-fa24-45d6-a388-85a57dbcd8ed-IGH.fasta 100%
210 nt in 5 seqs, min 27, max 48, avg 42
Masking 100%
Sorting by length 100%
Counting k-mers 100%
Clustering 100%
Sorting clusters 100%
Writing clusters 100%
Clusters: 5 Size min 1, max 1, avg 1.0
Singletons: 5, 100.0% of seqs, 100.0% of clusters
Multiple alignments 100%
vsearch v2.30.0_linux_x86_64, 94.1GB RAM, 24 cores
https://github.com/torognes/vsearch

Reading file results/clustering/cdr/cov_illu_first_R0_vh/cdr3_clusters/d2452349-fcea-4e81-bdf5-228764508b22-IGH.fasta 100%
2817 nt in 74 seqs, min 30, max 45, avg 38
Masking 100%
Sorting by length 100%
Counting k-mers 100%
Clustering 100%
Sorting clusters 100%
Writing clusters 100%
Clusters: 39 Size min 1, max 13, avg 1.9
Singletons: 25, 33.8% of seqs, 64.1% of clusters
Multiple alignments 100%
vsearch v2.30.0_linux_x86_64, 94.1GB RAM, 24 cores
https://github.com/torognes/vsearch

Reading file results/clustering/cdr/cov_illu_first_R0_vh/cdr3_clusters/a66eed39-f482-4a61-92e0-8defcfafdc32-IGH.fasta 100%
132 nt in 6 seqs, min 18, max 42, avg 22
Masking 100%
Sorting by length 100%
Counting k-mers 100%
Clustering 100%
Sorting clusters 100%
Writing clusters 100%
Clusters: 3 Size min 1, max 4, avg 2.0
Singletons: 2, 33.3% of seqs, 66.7% of clusters
Multiple alignments 100%
vsearch v2.30.0_linux_x86_64, 94.1GB RAM, 24 cores
https://github.com/torognes/vsearch

Reading file results/clustering/cdr/cov_illu_first_R0_vh/cdr3_clusters/2dd319e6-7a05-47aa-b96d-3d8f2e2364d9-IGH.fasta 100%
762 nt in 22 seqs, min 18, max 42, avg 35
Masking 100%
Sorting by length 100%
Counting k-mers 100%
Clustering 100%
Sorting clusters 100%
Writing clusters 100%
Clusters: 17 Size min 1, max 6, avg 1.3
Singletons: 16, 72.7% of seqs, 94.1% of clusters
Multiple alignments 100%
vsearch v2.30.0_linux_x86_64, 94.1GB RAM, 24 cores
https://github.com/torognes/vsearch

Reading file results/clustering/cdr/cov_illu_first_R0_vh/cdr3_clusters/75ecb12d-10e5-4ac8-8037-444a3ce0e2c9-IGH.fasta 100%
3354 nt in 79 seqs, min 18, max 54, avg 42
Masking 100%
Sorting by length 100%
Counting k-mers 100%
Clustering 100%
Sorting clusters 100%
Writing clusters 100%
Clusters: 74 Size min 1, max 3, avg 1.1
Singletons: 71, 89.9% of seqs, 95.9% of clusters
Multiple alignments 100%
vsearch v2.30.0_linux_x86_64, 94.1GB RAM, 24 cores
https://github.com/torognes/vsearch

Reading file results/clustering/cdr/cov_illu_first_R0_vh/cdr3_clusters/883bbeab-4908-4612-ae8f-48d9da426c24-IGH.fasta 100%
1071 nt in 30 seqs, min 15, max 48, avg 36
Masking 100%
Sorting by length 100%
Counting k-mers 100%
Clustering 100%
Sorting clusters 100%
Writing clusters 100%
Clusters: 28 Size min 1, max 3, avg 1.1
Singletons: 27, 90.0% of seqs, 96.4% of clusters
Multiple alignments 100%
vsearch v2.30.0_linux_x86_64, 94.1GB RAM, 24 cores
https://github.com/torognes/vsearch

Reading file results/clustering/cdr/cov_illu_first_R0_vh/cdr3_clusters/11088b5f-8fab-44b5-a9df-3ab2a0d2cb5d-IGH.fasta 100%
52260 nt in 1152 seqs, min 36, max 72, avg 45
Masking 100%
Sorting by length 100%
Counting k-mers 100%
Clustering 100%
Sorting clusters 100%
Writing clusters 100%
Clusters: 578 Size min 1, max 68, avg 2.0
Singletons: 420, 36.5% of seqs, 72.7% of clusters
Multiple alignments 100%
vsearch v2.30.0_linux_x86_64, 94.1GB RAM, 24 cores
https://github.com/torognes/vsearch

Reading file results/clustering/cdr/cov_illu_first_R0_vh/cdr3_clusters/9639d77b-2822-4188-9fef-ce72bbd1df9c-IGH.fasta 100%
1080 nt in 25 seqs, min 30, max 51, avg 43
Masking 100%
Sorting by length 100%
Counting k-mers 100%
Clustering 100%
Sorting clusters 100%
Writing clusters 100%
Clusters: 24 Size min 1, max 2, avg 1.0
Singletons: 23, 92.0% of seqs, 95.8% of clusters
Multiple alignments 100%
vsearch v2.30.0_linux_x86_64, 94.1GB RAM, 24 cores
https://github.com/torognes/vsearch

Reading file results/clustering/cdr/cov_illu_first_R0_vh/cdr3_clusters/2e12e8bd-883a-4cc0-9b9c-b1383bcaf26a-IGH.fasta 100%
3626 nt in 91 seqs, min 18, max 54, avg 40
Masking 100%
Sorting by length 100%
Counting k-mers 100%
Clustering 100%
Sorting clusters 100%
Writing clusters 100%
Clusters: 82 Size min 1, max 5, avg 1.1
Singletons: 76, 83.5% of seqs, 92.7% of clusters
Multiple alignments 100%
vsearch v2.30.0_linux_x86_64, 94.1GB RAM, 24 cores
https://github.com/torognes/vsearch

Reading file results/clustering/cdr/cov_illu_first_R0_vh/cdr3_clusters/ce775977-f26f-450d-aa15-943cc8a1c6c1-IGH.fasta 100%
381 nt in 12 seqs, min 24, max 33, avg 32
Masking 100%
Sorting by length 100%
Counting k-mers 100%
Clustering 100%
Sorting clusters 100%
Writing clusters 100%
Clusters: 4 Size min 1, max 9, avg 3.0
Singletons: 3, 25.0% of seqs, 75.0% of clusters
Multiple alignments 100%
vsearch v2.30.0_linux_x86_64, 94.1GB RAM, 24 cores
https://github.com/torognes/vsearch

Reading file results/clustering/cdr/cov_illu_first_R0_vh/cdr3_clusters/4eb901fd-15fb-4f01-912a-9ccf98c88649-IGH.fasta 100%
363 nt in 8 seqs, min 33, max 54, avg 45
Masking 100%
Sorting by length 100%
Counting k-mers 100%
Clustering 100%
Sorting clusters 100%
Writing clusters 100%
Clusters: 8 Size min 1, max 1, avg 1.0
Singletons: 8, 100.0% of seqs, 100.0% of clusters
Multiple alignments 100%
vsearch v2.30.0_linux_x86_64, 94.1GB RAM, 24 cores
https://github.com/torognes/vsearch

Reading file results/clustering/cdr/cov_illu_first_R0_vh/cdr3_clusters/c3724abf-069e-4e6b-9a43-6e9b529b96d0-IGH.fasta 100%
6849 nt in 198 seqs, min 15, max 45, avg 35
Masking 100%
Sorting by length 100%
Counting k-mers 100%
Clustering 100%
Sorting clusters 100%
Writing clusters 100%
Clusters: 171 Size min 1, max 4, avg 1.2
Singletons: 153, 77.3% of seqs, 89.5% of clusters
Multiple alignments 100%
vsearch v2.30.0_linux_x86_64, 94.1GB RAM, 24 cores
https://github.com/torognes/vsearch

Reading file results/clustering/cdr/cov_illu_first_R0_vh/cdr3_clusters/3feb806a-ba3a-4863-9fbf-0f0023560c24-IGH.fasta 100%
1857 nt in 42 seqs, min 27, max 69, avg 44
Masking 100%
Sorting by length 100%
Counting k-mers 100%
Clustering 100%
Sorting clusters 100%
Writing clusters 100%
Clusters: 40 Size min 1, max 2, avg 1.1
Singletons: 38, 90.5% of seqs, 95.0% of clusters
Multiple alignments 100%
vsearch v2.30.0_linux_x86_64, 94.1GB RAM, 24 cores
https://github.com/torognes/vsearch

Reading file results/clustering/cdr/cov_illu_first_R0_vh/cdr3_clusters/919cf741-54a6-40bc-8e21-754d73538895-IGH.fasta 100%
150 nt in 6 seqs, min 15, max 33, avg 25
Masking 100%
Sorting by length 100%
Counting k-mers 100%
Clustering 100%
Sorting clusters 100%
Writing clusters 100%
Clusters: 6 Size min 1, max 1, avg 1.0
Singletons: 6, 100.0% of seqs, 100.0% of clusters
Multiple alignments 100%
vsearch v2.30.0_linux_x86_64, 94.1GB RAM, 24 cores
https://github.com/torognes/vsearch

Reading file results/clustering/cdr/cov_illu_first_R0_vh/cdr3_clusters/7aca8e3d-16bc-4410-ad10-51fa95cd5776-IGH.fasta 100%
501 nt in 11 seqs, min 33, max 57, avg 46
Masking 100%
Sorting by length 100%
Counting k-mers 100%
Clustering 100%
Sorting clusters 100%
Writing clusters 100%
Clusters: 11 Size min 1, max 1, avg 1.0
Singletons: 11, 100.0% of seqs, 100.0% of clusters
Multiple alignments 100%
vsearch v2.30.0_linux_x86_64, 94.1GB RAM, 24 cores
https://github.com/torognes/vsearch

Reading file results/clustering/cdr/cov_illu_first_R0_vh/cdr3_clusters/e1cc8dff-3a97-4f66-bc1a-f9f86c9d100d-IGH.fasta 100%
768 nt in 13 seqs, min 45, max 84, avg 59
Masking 100%
Sorting by length 100%
Counting k-mers 100%
Clustering 100%
Sorting clusters 100%
Writing clusters 100%
Clusters: 13 Size min 1, max 1, avg 1.0
Singletons: 13, 100.0% of seqs, 100.0% of clusters
Multiple alignments 100%
vsearch v2.30.0_linux_x86_64, 94.1GB RAM, 24 cores
https://github.com/torognes/vsearch

Reading file results/clustering/cdr/cov_illu_first_R0_vh/cdr3_clusters/77825137-60a8-4fba-aef7-b382c50c9907-IGH.fasta 100%
912 nt in 26 seqs, min 21, max 48, avg 35
Masking 100%
Sorting by length 100%
Counting k-mers 100%
Clustering 100%
Sorting clusters 100%
Writing clusters 100%
Clusters: 25 Size min 1, max 2, avg 1.0
Singletons: 24, 92.3% of seqs, 96.0% of clusters
Multiple alignments 100%
vsearch v2.30.0_linux_x86_64, 94.1GB RAM, 24 cores
https://github.com/torognes/vsearch

Reading file results/clustering/cdr/cov_illu_first_R0_vh/cdr3_clusters/a7c3d21c-4f12-4b71-a750-e721edf9689f-IGH.fasta 100%
3084 nt in 111 seqs, min 12, max 42, avg 28
Masking 100%
Sorting by length 100%
Counting k-mers 100%
Clustering 100%
Sorting clusters 100%
Writing clusters 100%
Clusters: 101 Size min 1, max 5, avg 1.1
Singletons: 95, 85.6% of seqs, 94.1% of clusters
Multiple alignments 100%
vsearch v2.30.0_linux_x86_64, 94.1GB RAM, 24 cores
https://github.com/torognes/vsearch

Reading file results/clustering/cdr/cov_illu_first_R0_vh/cdr3_clusters/d317a208-9823-4ebc-ab39-7838e54bd4dc-IGH.fasta 100%
984 nt in 25 seqs, min 27, max 48, avg 39
Masking 100%
Sorting by length 100%
Counting k-mers 100%
Clustering 100%
Sorting clusters 100%
Writing clusters 100%
Clusters: 21 Size min 1, max 4, avg 1.2
Singletons: 19, 76.0% of seqs, 90.5% of clusters
Multiple alignments 100%
vsearch v2.30.0_linux_x86_64, 94.1GB RAM, 24 cores
https://github.com/torognes/vsearch

Reading file results/clustering/cdr/cov_illu_first_R0_vh/cdr3_clusters/d4c734d3-99ba-45ec-98db-601178bc8ae2-IGH.fasta 100%
270 nt in 9 seqs, min 18, max 36, avg 30
Masking 100%
Sorting by length 100%
Counting k-mers 100%
Clustering 100%
Sorting clusters 100%
Writing clusters 100%
Clusters: 9 Size min 1, max 1, avg 1.0
Singletons: 9, 100.0% of seqs, 100.0% of clusters
Multiple alignments 100%
vsearch v2.30.0_linux_x86_64, 94.1GB RAM, 24 cores
https://github.com/torognes/vsearch

Reading file results/clustering/cdr/cov_illu_first_R0_vh/cdr3_clusters/df44794f-3c64-4604-98b8-240c8d22b063-IGH.fasta 100%
1452 nt in 40 seqs, min 18, max 45, avg 36
Masking 100%
Sorting by length 100%
Counting k-mers 100%
Clustering 100%
Sorting clusters 100%
Writing clusters 100%
Clusters: 35 Size min 1, max 3, avg 1.1
Singletons: 31, 77.5% of seqs, 88.6% of clusters
Multiple alignments 100%
vsearch v2.30.0_linux_x86_64, 94.1GB RAM, 24 cores
https://github.com/torognes/vsearch

Reading file results/clustering/cdr/cov_illu_first_R0_vh/cdr3_clusters/83b13a46-44c7-42f8-9ae4-7960d7fefdbd-IGH.fasta 100%
342 nt in 12 seqs, min 21, max 30, avg 28
Masking 100%
Sorting by length 100%
Counting k-mers 100%
Clustering 100%
Sorting clusters 100%
Writing clusters 100%
Clusters: 12 Size min 1, max 1, avg 1.0
Singletons: 12, 100.0% of seqs, 100.0% of clusters
Multiple alignments 100%
vsearch v2.30.0_linux_x86_64, 94.1GB RAM, 24 cores
https://github.com/torognes/vsearch

Reading file results/clustering/cdr/cov_illu_first_R0_vh/cdr3_clusters/152f9f2f-0b8c-41ae-971a-5ba28da881c2-IGH.fasta 100%
402 nt in 9 seqs, min 33, max 48, avg 45
Masking 100%
Sorting by length 100%
Counting k-mers 100%
Clustering 100%
Sorting clusters 100%
Writing clusters 100%
Clusters: 4 Size min 1, max 5, avg 2.2
Singletons: 2, 22.2% of seqs, 50.0% of clusters
Multiple alignments 100%
vsearch v2.30.0_linux_x86_64, 94.1GB RAM, 24 cores
https://github.com/torognes/vsearch

Reading file results/clustering/cdr/cov_illu_first_R0_vh/cdr3_clusters/5882f9a9-87a1-4cb0-861c-b2870aef6f44-IGH.fasta 100%
1329 nt in 39 seqs, min 18, max 51, avg 34
Masking 100%
Sorting by length 100%
Counting k-mers 100%
Clustering 100%
Sorting clusters 100%
Writing clusters 100%
Clusters: 34 Size min 1, max 2, avg 1.1
Singletons: 29, 74.4% of seqs, 85.3% of clusters
Multiple alignments 100%
vsearch v2.30.0_linux_x86_64, 94.1GB RAM, 24 cores
https://github.com/torognes/vsearch

Reading file results/clustering/cdr/cov_illu_first_R0_vh/cdr3_clusters/643685f1-246e-44e8-bab8-dc0da1fe5327-IGH.fasta 100%
258 nt in 7 seqs, min 36, max 42, avg 37
Masking 100%
Sorting by length 100%
Counting k-mers 100%
Clustering 100%
Sorting clusters 100%
Writing clusters 100%
Clusters: 2 Size min 1, max 6, avg 3.5
Singletons: 1, 14.3% of seqs, 50.0% of clusters
Multiple alignments 100%
vsearch v2.30.0_linux_x86_64, 94.1GB RAM, 24 cores
https://github.com/torognes/vsearch

Reading file results/clustering/cdr/cov_illu_first_R0_vh/cdr3_clusters/93146745-095a-438a-b8c0-a36b13f544db-IGH.fasta 100%
321 nt in 11 seqs, min 21, max 57, avg 29
Masking 100%
Sorting by length 100%
Counting k-mers 100%
Clustering 100%
Sorting clusters 100%
Writing clusters 100%
Clusters: 9 Size min 1, max 2, avg 1.2
Singletons: 7, 63.6% of seqs, 77.8% of clusters
Multiple alignments 100%
vsearch v2.30.0_linux_x86_64, 94.1GB RAM, 24 cores
https://github.com/torognes/vsearch

Reading file results/clustering/cdr/cov_illu_first_R0_vh/cdr3_clusters/308f2f85-2b04-4a9d-910a-5916b7778696-IGH.fasta 100%
1398 nt in 28 seqs, min 33, max 63, avg 50
Masking 100%
Sorting by length 100%
Counting k-mers 100%
Clustering 100%
Sorting clusters 100%
Writing clusters 100%
Clusters: 24 Size min 1, max 4, avg 1.2
Singletons: 22, 78.6% of seqs, 91.7% of clusters
Multiple alignments 100%
vsearch v2.30.0_linux_x86_64, 94.1GB RAM, 24 cores
https://github.com/torognes/vsearch

Reading file results/clustering/cdr/cov_illu_first_R0_vh/cdr3_clusters/5da4d0d6-6a6c-41ba-b848-08931479696c-IGH.fasta 100%
267 nt in 7 seqs, min 33, max 45, avg 38
Masking 100%
Sorting by length 100%
Counting k-mers 100%
Clustering 100%
Sorting clusters 100%
Writing clusters 100%
Clusters: 7 Size min 1, max 1, avg 1.0
Singletons: 7, 100.0% of seqs, 100.0% of clusters
Multiple alignments 100%
vsearch v2.30.0_linux_x86_64, 94.1GB RAM, 24 cores
https://github.com/torognes/vsearch

Reading file results/clustering/cdr/cov_illu_first_R0_vh/cdr3_clusters/0452917b-fde0-436b-b25e-9bc0e19c5cf7-IGH.fasta 100%
2649 nt in 70 seqs, min 18, max 48, avg 38
Masking 100%
Sorting by length 100%
Counting k-mers 100%
Clustering 100%
Sorting clusters 100%
Writing clusters 100%
Clusters: 54 Size min 1, max 17, avg 1.3
Singletons: 53, 75.7% of seqs, 98.1% of clusters
Multiple alignments 100%
vsearch v2.30.0_linux_x86_64, 94.1GB RAM, 24 cores
https://github.com/torognes/vsearch

Reading file results/clustering/cdr/cov_illu_first_R0_vh/cdr3_clusters/cb40ecb3-5753-4630-bd9a-c848f3a02b48-IGH.fasta 100%
906 nt in 22 seqs, min 27, max 54, avg 41
Masking 100%
Sorting by length 100%
Counting k-mers 100%
Clustering 100%
Sorting clusters 100%
Writing clusters 100%
Clusters: 20 Size min 1, max 2, avg 1.1
Singletons: 18, 81.8% of seqs, 90.0% of clusters
Multiple alignments 100%
vsearch v2.30.0_linux_x86_64, 94.1GB RAM, 24 cores
https://github.com/torognes/vsearch

Reading file results/clustering/cdr/cov_illu_first_R0_vh/cdr3_clusters/e17a72f7-b9a4-4d13-97c3-a0fc131258cd-IGH.fasta 100%
6492 nt in 185 seqs, min 21, max 39, avg 35
minseqlength 6: 1 sequence discarded.
Masking 100%
Sorting by length 100%
Counting k-mers 100%
Clustering 100%
Sorting clusters 100%
Writing clusters 100%
Clusters: 68 Size min 1, max 64, avg 2.7
Singletons: 51, 27.6% of seqs, 75.0% of clusters
Multiple alignments 100%
vsearch v2.30.0_linux_x86_64, 94.1GB RAM, 24 cores
https://github.com/torognes/vsearch

Reading file results/clustering/cdr/cov_illu_first_R0_vh/cdr3_clusters/f9270b83-bfd9-4a86-936a-bc3ff779dbe0-IGH.fasta 100%
708 nt in 13 seqs, min 39, max 81, avg 54
Masking 100%
Sorting by length 100%
Counting k-mers 100%
Clustering 100%
Sorting clusters 100%
Writing clusters 100%
Clusters: 13 Size min 1, max 1, avg 1.0
Singletons: 13, 100.0% of seqs, 100.0% of clusters
Multiple alignments 100%
vsearch v2.30.0_linux_x86_64, 94.1GB RAM, 24 cores
https://github.com/torognes/vsearch

Reading file results/clustering/cdr/cov_illu_first_R0_vh/cdr3_clusters/23a2925c-f085-4792-a5d5-6ee8cef2d459-IGH.fasta 100%
471 nt in 17 seqs, min 18, max 36, avg 28
Masking 100%
Sorting by length 100%
Counting k-mers 100%
Clustering 100%
Sorting clusters 100%
Writing clusters 100%
Clusters: 17 Size min 1, max 1, avg 1.0
Singletons: 17, 100.0% of seqs, 100.0% of clusters
Multiple alignments 100%
vsearch v2.30.0_linux_x86_64, 94.1GB RAM, 24 cores
https://github.com/torognes/vsearch

Reading file results/clustering/cdr/cov_illu_first_R0_vh/cdr3_clusters/7586228a-8427-423c-a02a-c794e91d7f56-IGH.fasta 100%
465 nt in 19 seqs, min 15, max 33, avg 24
Masking 100%
Sorting by length 100%
Counting k-mers 100%
Clustering 100%
Sorting clusters 100%
Writing clusters 100%
Clusters: 19 Size min 1, max 1, avg 1.0
Singletons: 19, 100.0% of seqs, 100.0% of clusters
Multiple alignments 100%
vsearch v2.30.0_linux_x86_64, 94.1GB RAM, 24 cores
https://github.com/torognes/vsearch

Reading file results/clustering/cdr/cov_illu_first_R0_vh/cdr3_clusters/400d49eb-20e4-49a0-9b10-157938b3c41c-IGH.fasta 100%
210 nt in 7 seqs, min 27, max 39, avg 30
Masking 100%
Sorting by length 100%
Counting k-mers 100%
Clustering 100%
Sorting clusters 100%
Writing clusters 100%
Clusters: 7 Size min 1, max 1, avg 1.0
Singletons: 7, 100.0% of seqs, 100.0% of clusters
Multiple alignments 100%
vsearch v2.30.0_linux_x86_64, 94.1GB RAM, 24 cores
https://github.com/torognes/vsearch

Reading file results/clustering/cdr/cov_illu_first_R0_vh/cdr3_clusters/2abcacda-8221-40bd-8494-fb36c149ba3c-IGH.fasta 100%
1866 nt in 50 seqs, min 18, max 45, avg 37
Masking 100%
Sorting by length 100%
Counting k-mers 100%
Clustering 100%
Sorting clusters 100%
Writing clusters 100%
Clusters: 49 Size min 1, max 2, avg 1.0
Singletons: 48, 96.0% of seqs, 98.0% of clusters
Multiple alignments 100%
vsearch v2.30.0_linux_x86_64, 94.1GB RAM, 24 cores
https://github.com/torognes/vsearch

Reading file results/clustering/cdr/cov_illu_first_R0_vh/cdr3_clusters/35d9f694-1ce1-417e-9324-6a0669218298-IGH.fasta 100%
912 nt in 20 seqs, min 30, max 57, avg 46
Masking 100%
Sorting by length 100%
Counting k-mers 100%
Clustering 100%
Sorting clusters 100%
Writing clusters 100%
Clusters: 20 Size min 1, max 1, avg 1.0
Singletons: 20, 100.0% of seqs, 100.0% of clusters
Multiple alignments 100%
vsearch v2.30.0_linux_x86_64, 94.1GB RAM, 24 cores
https://github.com/torognes/vsearch

Reading file results/clustering/cdr/cov_illu_first_R0_vh/cdr3_clusters/436ab324-81c5-44a1-97c2-575ef750a264-IGH.fasta 100%
564 nt in 11 seqs, min 27, max 66, avg 51
Masking 100%
Sorting by length 100%
Counting k-mers 100%
Clustering 100%
Sorting clusters 100%
Writing clusters 100%
Clusters: 10 Size min 1, max 2, avg 1.1
Singletons: 9, 81.8% of seqs, 90.0% of clusters
Multiple alignments 100%
vsearch v2.30.0_linux_x86_64, 94.1GB RAM, 24 cores
https://github.com/torognes/vsearch

Reading file results/clustering/cdr/cov_illu_first_R0_vh/cdr3_clusters/931bc7e7-28c6-4d10-a1f0-a80753f45b06-IGH.fasta 100%
1356 nt in 32 seqs, min 27, max 54, avg 42
Masking 100%
Sorting by length 100%
Counting k-mers 100%
Clustering 100%
Sorting clusters 100%
Writing clusters 100%
Clusters: 29 Size min 1, max 4, avg 1.1
Singletons: 28, 87.5% of seqs, 96.6% of clusters
Multiple alignments 100%
vsearch v2.30.0_linux_x86_64, 94.1GB RAM, 24 cores
https://github.com/torognes/vsearch

Reading file results/clustering/cdr/cov_illu_first_R0_vh/cdr3_clusters/ce1a3b1e-04b7-4c64-8c1a-2806fa7ee9d5-IGH.fasta 100%
1631 nt in 47 seqs, min 18, max 42, avg 35
Masking 100%
Sorting by length 100%
Counting k-mers 100%
Clustering 100%
Sorting clusters 100%
Writing clusters 100%
Clusters: 38 Size min 1, max 8, avg 1.2
Singletons: 36, 76.6% of seqs, 94.7% of clusters
Multiple alignments 100%
vsearch v2.30.0_linux_x86_64, 94.1GB RAM, 24 cores
https://github.com/torognes/vsearch

Reading file results/clustering/cdr/cov_illu_first_R0_vh/cdr3_clusters/b8468edf-5fad-4604-9c67-98d7a7b7c8e6-IGH.fasta 100%
9978 nt in 307 seqs, min 15, max 45, avg 33
Masking 100%
Sorting by length 100%
Counting k-mers 100%
Clustering 100%
Sorting clusters 100%
Writing clusters 100%
Clusters: 227 Size min 1, max 24, avg 1.4
Singletons: 191, 62.2% of seqs, 84.1% of clusters
Multiple alignments 100%
vsearch v2.30.0_linux_x86_64, 94.1GB RAM, 24 cores
https://github.com/torognes/vsearch

Reading file results/clustering/cdr/cov_illu_first_R0_vh/cdr3_clusters/5c9fb833-7908-4580-8fd2-c6af90bcb7a3-IGH.fasta 100%
2057 nt in 55 seqs, min 18, max 48, avg 37
Masking 100%
Sorting by length 100%
Counting k-mers 100%
Clustering 100%
Sorting clusters 100%
Writing clusters 100%
Clusters: 48 Size min 1, max 3, avg 1.1
Singletons: 42, 76.4% of seqs, 87.5% of clusters
Multiple alignments 100%
vsearch v2.30.0_linux_x86_64, 94.1GB RAM, 24 cores
https://github.com/torognes/vsearch

Reading file results/clustering/cdr/cov_illu_first_R0_vh/cdr3_clusters/7c22e048-b652-4120-bb71-fa6d18b2019a-IGH.fasta 100%
144 nt in 5 seqs, min 21, max 42, avg 29
Masking 100%
Sorting by length 100%
Counting k-mers 100%
Clustering 100%
Sorting clusters 100%
Writing clusters 100%
Clusters: 5 Size min 1, max 1, avg 1.0
Singletons: 5, 100.0% of seqs, 100.0% of clusters
Multiple alignments 100%
vsearch v2.30.0_linux_x86_64, 94.1GB RAM, 24 cores
https://github.com/torognes/vsearch

Reading file results/clustering/cdr/cov_illu_first_R0_vh/cdr3_clusters/6ee17f55-df39-4422-831b-b04cb32f0753-IGH.fasta 100%
240 nt in 5 seqs, min 42, max 54, avg 48
Masking 100%
Sorting by length 100%
Counting k-mers 100%
Clustering 100%
Sorting clusters 100%
Writing clusters 100%
Clusters: 5 Size min 1, max 1, avg 1.0
Singletons: 5, 100.0% of seqs, 100.0% of clusters
Multiple alignments 100%
vsearch v2.30.0_linux_x86_64, 94.1GB RAM, 24 cores
https://github.com/torognes/vsearch

Reading file results/clustering/cdr/cov_illu_first_R0_vh/cdr3_clusters/18c41d55-670b-405a-9f2a-1211e95801bd-IGH.fasta 100%
1286 nt in 41 seqs, min 17, max 45, avg 31
Masking 100%
Sorting by length 100%
Counting k-mers 100%
Clustering 100%
Sorting clusters 100%
Writing clusters 100%
Clusters: 37 Size min 1, max 4, avg 1.1
Singletons: 35, 85.4% of seqs, 94.6% of clusters
Multiple alignments 100%
vsearch v2.30.0_linux_x86_64, 94.1GB RAM, 24 cores
https://github.com/torognes/vsearch

Reading file results/clustering/cdr/cov_illu_first_R0_vh/cdr3_clusters/5c7f94d2-89a3-4e31-8d90-159ba6bdd757-IGH.fasta 100%
1068 nt in 27 seqs, min 30, max 54, avg 40
Masking 100%
Sorting by length 100%
Counting k-mers 100%
Clustering 100%
Sorting clusters 100%
Writing clusters 100%
Clusters: 25 Size min 1, max 2, avg 1.1
Singletons: 23, 85.2% of seqs, 92.0% of clusters
Multiple alignments 100%
vsearch v2.30.0_linux_x86_64, 94.1GB RAM, 24 cores
https://github.com/torognes/vsearch

Reading file results/clustering/cdr/cov_illu_first_R0_vh/cdr3_clusters/4a2a5fd8-9d39-4163-97f9-de8ed49e8e83-IGH.fasta 100%
534 nt in 14 seqs, min 18, max 48, avg 38
Masking 100%
Sorting by length 100%
Counting k-mers 100%
Clustering 100%
Sorting clusters 100%
Writing clusters 100%
Clusters: 13 Size min 1, max 2, avg 1.1
Singletons: 12, 85.7% of seqs, 92.3% of clusters
Multiple alignments 100%
vsearch v2.30.0_linux_x86_64, 94.1GB RAM, 24 cores
https://github.com/torognes/vsearch

Reading file results/clustering/cdr/cov_illu_first_R0_vh/cdr3_clusters/3013f2a9-4225-46cc-9c68-f30be6ebfa38-IGH.fasta 100%
1848 nt in 50 seqs, min 18, max 45, avg 37
Masking 100%
Sorting by length 100%
Counting k-mers 100%
Clustering 100%
Sorting clusters 100%
Writing clusters 100%
Clusters: 32 Size min 1, max 15, avg 1.6
Singletons: 29, 58.0% of seqs, 90.6% of clusters
Multiple alignments 100%
vsearch v2.30.0_linux_x86_64, 94.1GB RAM, 24 cores
https://github.com/torognes/vsearch

Reading file results/clustering/cdr/cov_illu_first_R0_vh/cdr3_clusters/6e73966c-3bf8-4da6-9094-a6cb570aa13c-IGH.fasta 100%
471 nt in 11 seqs, min 36, max 51, avg 43
Masking 100%
Sorting by length 100%
Counting k-mers 100%
Clustering 100%
Sorting clusters 100%
Writing clusters 100%
Clusters: 11 Size min 1, max 1, avg 1.0
Singletons: 11, 100.0% of seqs, 100.0% of clusters
Multiple alignments 100%
vsearch v2.30.0_linux_x86_64, 94.1GB RAM, 24 cores
https://github.com/torognes/vsearch

Reading file results/clustering/cdr/cov_illu_first_R0_vh/cdr3_clusters/84eaffce-4e64-4ba3-b74e-ea1c2c711d39-IGH.fasta 100%
462 nt in 12 seqs, min 33, max 42, avg 38
Masking 100%
Sorting by length 100%
Counting k-mers 100%
Clustering 100%
Sorting clusters 100%
Writing clusters 100%
Clusters: 10 Size min 1, max 3, avg 1.2
Singletons: 9, 75.0% of seqs, 90.0% of clusters
Multiple alignments 100%
vsearch v2.30.0_linux_x86_64, 94.1GB RAM, 24 cores
https://github.com/torognes/vsearch

Reading file results/clustering/cdr/cov_illu_first_R0_vh/cdr3_clusters/12d66293-7337-438e-8c73-12960503bd0e-IGH.fasta 100%
5298 nt in 123 seqs, min 27, max 63, avg 43
Masking 100%
Sorting by length 100%
Counting k-mers 100%
Clustering 100%
Sorting clusters 100%
Writing clusters 100%
Clusters: 109 Size min 1, max 9, avg 1.1
Singletons: 103, 83.7% of seqs, 94.5% of clusters
Multiple alignments 100%
vsearch v2.30.0_linux_x86_64, 94.1GB RAM, 24 cores
https://github.com/torognes/vsearch

Reading file results/clustering/cdr/cov_illu_first_R0_vh/cdr3_clusters/50e653e9-40e5-4e64-b3cb-b936d5c614c8-IGH.fasta 100%
2739 nt in 61 seqs, min 24, max 63, avg 45
Masking 100%
Sorting by length 100%
Counting k-mers 100%
Clustering 100%
Sorting clusters 100%
Writing clusters 100%
Clusters: 57 Size min 1, max 3, avg 1.1
Singletons: 54, 88.5% of seqs, 94.7% of clusters
Multiple alignments 100%
vsearch v2.30.0_linux_x86_64, 94.1GB RAM, 24 cores
https://github.com/torognes/vsearch

Reading file results/clustering/cdr/cov_illu_first_R0_vh/cdr3_clusters/0a67f537-9bab-4931-8a94-2fc040a09037-IGH.fasta 100%
2097 nt in 45 seqs, min 33, max 57, avg 47
Masking 100%
Sorting by length 100%
Counting k-mers 100%
Clustering 100%
Sorting clusters 100%
Writing clusters 100%
Clusters: 6 Size min 1, max 38, avg 7.5
Singletons: 3, 6.7% of seqs, 50.0% of clusters
Multiple alignments 100%
vsearch v2.30.0_linux_x86_64, 94.1GB RAM, 24 cores
https://github.com/torognes/vsearch

Reading file results/clustering/cdr/cov_illu_first_R0_vh/cdr3_clusters/b0281915-911b-4e84-996e-03e8569fa81d-IGH.fasta 100%
150 nt in 5 seqs, min 27, max 33, avg 30
Masking 100%
Sorting by length 100%
Counting k-mers 100%
Clustering 100%
Sorting clusters 100%
Writing clusters 100%
Clusters: 5 Size min 1, max 1, avg 1.0
Singletons: 5, 100.0% of seqs, 100.0% of clusters
Multiple alignments 100%
vsearch v2.30.0_linux_x86_64, 94.1GB RAM, 24 cores
https://github.com/torognes/vsearch

Reading file results/clustering/cdr/cov_illu_first_R0_vh/cdr3_clusters/e0ca665d-4db3-44c9-bf03-4d21f8b2005b-IGH.fasta 100%
1947 nt in 44 seqs, min 24, max 63, avg 44
Masking 100%
Sorting by length 100%
Counting k-mers 100%
Clustering 100%
Sorting clusters 100%
Writing clusters 100%
Clusters: 41 Size min 1, max 2, avg 1.1
Singletons: 38, 86.4% of seqs, 92.7% of clusters
Multiple alignments 100%
vsearch v2.30.0_linux_x86_64, 94.1GB RAM, 24 cores
https://github.com/torognes/vsearch

Reading file results/clustering/cdr/cov_illu_first_R0_vh/cdr3_clusters/3d46a912-69f8-4402-af10-fc2ad553307f-IGH.fasta 100%
2871 nt in 75 seqs, min 21, max 51, avg 38
Masking 100%
Sorting by length 100%
Counting k-mers 100%
Clustering 100%
Sorting clusters 100%
Writing clusters 100%
Clusters: 66 Size min 1, max 7, avg 1.1
Singletons: 62, 82.7% of seqs, 93.9% of clusters
Multiple alignments 100%
vsearch v2.30.0_linux_x86_64, 94.1GB RAM, 24 cores
https://github.com/torognes/vsearch

Reading file results/clustering/cdr/cov_illu_first_R0_vh/cdr3_clusters/acddd63a-58bb-4940-884a-4f6374b17883-IGH.fasta 100%
1704 nt in 34 seqs, min 36, max 69, avg 50
Masking 100%
Sorting by length 100%
Counting k-mers 100%
Clustering 100%
Sorting clusters 100%
Writing clusters 100%
Clusters: 32 Size min 1, max 3, avg 1.1
Singletons: 31, 91.2% of seqs, 96.9% of clusters
Multiple alignments 100%
vsearch v2.30.0_linux_x86_64, 94.1GB RAM, 24 cores
https://github.com/torognes/vsearch

Reading file results/clustering/cdr/cov_illu_first_R0_vh/cdr3_clusters/39c40f7b-c3c5-4907-8d5c-9db8e4017546-IGH.fasta 100%
1164 nt in 33 seqs, min 27, max 36, avg 35
Masking 100%
Sorting by length 100%
Counting k-mers 100%
Clustering 100%
Sorting clusters 100%
Writing clusters 100%
Clusters: 5 Size min 1, max 29, avg 6.6
Singletons: 4, 12.1% of seqs, 80.0% of clusters
Multiple alignments 100%
vsearch v2.30.0_linux_x86_64, 94.1GB RAM, 24 cores
https://github.com/torognes/vsearch

Reading file results/clustering/cdr/cov_illu_first_R0_vh/cdr3_clusters/336a7867-ee4b-4f38-9fc9-5c0178fc7944-IGH.fasta 100%
1071 nt in 27 seqs, min 27, max 57, avg 40
Masking 100%
Sorting by length 100%
Counting k-mers 100%
Clustering 100%
Sorting clusters 100%
Writing clusters 100%
Clusters: 27 Size min 1, max 1, avg 1.0
Singletons: 27, 100.0% of seqs, 100.0% of clusters
Multiple alignments 100%
vsearch v2.30.0_linux_x86_64, 94.1GB RAM, 24 cores
https://github.com/torognes/vsearch

Reading file results/clustering/cdr/cov_illu_first_R0_vh/cdr3_clusters/f5504678-01a5-413f-b515-4796ebe2d584-IGH.fasta 100%
2973 nt in 81 seqs, min 18, max 51, avg 37
Masking 100%
Sorting by length 100%
Counting k-mers 100%
Clustering 100%
Sorting clusters 100%
Writing clusters 100%
Clusters: 80 Size min 1, max 2, avg 1.0
Singletons: 79, 97.5% of seqs, 98.8% of clusters
Multiple alignments 100%
vsearch v2.30.0_linux_x86_64, 94.1GB RAM, 24 cores
https://github.com/torognes/vsearch

Reading file results/clustering/cdr/cov_illu_first_R0_vh/cdr3_clusters/76da5906-1b21-4184-a3a8-c05b156b37f1-IGH.fasta 100%
447 nt in 15 seqs, min 15, max 36, avg 30
Masking 100%
Sorting by length 100%
Counting k-mers 100%
Clustering 100%
Sorting clusters 100%
Writing clusters 100%
Clusters: 15 Size min 1, max 1, avg 1.0
Singletons: 15, 100.0% of seqs, 100.0% of clusters
Multiple alignments 100%
vsearch v2.30.0_linux_x86_64, 94.1GB RAM, 24 cores
https://github.com/torognes/vsearch

Reading file results/clustering/cdr/cov_illu_first_R0_vh/cdr3_clusters/0efbcef0-7b91-4654-b0fc-a3efdbe541e6-IGH.fasta 100%
297 nt in 11 seqs, min 18, max 33, avg 27
Masking 100%
Sorting by length 100%
Counting k-mers 100%
Clustering 100%
Sorting clusters 100%
Writing clusters 100%
Clusters: 11 Size min 1, max 1, avg 1.0
Singletons: 11, 100.0% of seqs, 100.0% of clusters
Multiple alignments 100%
vsearch v2.30.0_linux_x86_64, 94.1GB RAM, 24 cores
https://github.com/torognes/vsearch

Reading file results/clustering/cdr/cov_illu_first_R0_vh/cdr3_clusters/81ad3f2b-2c72-4bff-ae67-269f52affeb9-IGH.fasta 100%
378 nt in 9 seqs, min 33, max 45, avg 42
Masking 100%
Sorting by length 100%
Counting k-mers 100%
Clustering 100%
Sorting clusters 100%
Writing clusters 100%
Clusters: 8 Size min 1, max 2, avg 1.1
Singletons: 7, 77.8% of seqs, 87.5% of clusters
Multiple alignments 100%
vsearch v2.30.0_linux_x86_64, 94.1GB RAM, 24 cores
https://github.com/torognes/vsearch

Reading file results/clustering/cdr/cov_illu_first_R0_vh/cdr3_clusters/d8db652e-9e29-4308-86bd-4063367d0172-IGH.fasta 100%
1467 nt in 32 seqs, min 30, max 60, avg 46
Masking 100%
Sorting by length 100%
Counting k-mers 100%
Clustering 100%
Sorting clusters 100%
Writing clusters 100%
Clusters: 26 Size min 1, max 4, avg 1.2
Singletons: 23, 71.9% of seqs, 88.5% of clusters
Multiple alignments 100%
vsearch v2.30.0_linux_x86_64, 94.1GB RAM, 24 cores
https://github.com/torognes/vsearch

Reading file results/clustering/cdr/cov_illu_first_R0_vh/cdr3_clusters/743ebf58-fb85-4193-875e-4d2171c6cbd7-IGH.fasta 100%
696 nt in 23 seqs, min 18, max 54, avg 30
Masking 100%
Sorting by length 100%
Counting k-mers 100%
Clustering 100%
Sorting clusters 100%
Writing clusters 100%
Clusters: 22 Size min 1, max 2, avg 1.0
Singletons: 21, 91.3% of seqs, 95.5% of clusters
Multiple alignments 100%
vsearch v2.30.0_linux_x86_64, 94.1GB RAM, 24 cores
https://github.com/torognes/vsearch

Reading file results/clustering/cdr/cov_illu_first_R0_vh/cdr3_clusters/c030757e-a251-4d13-a116-3a21961a3cae-IGH.fasta 100%
1446 nt in 41 seqs, min 24, max 51, avg 35
Masking 100%
Sorting by length 100%
Counting k-mers 100%
Clustering 100%
Sorting clusters 100%
Writing clusters 100%
Clusters: 38 Size min 1, max 2, avg 1.1
Singletons: 35, 85.4% of seqs, 92.1% of clusters
Multiple alignments 100%
vsearch v2.30.0_linux_x86_64, 94.1GB RAM, 24 cores
https://github.com/torognes/vsearch

Reading file results/clustering/cdr/cov_illu_first_R0_vh/cdr3_clusters/10a93b53-6133-451a-b08c-fe02828a9eac-IGH.fasta 100%
696 nt in 16 seqs, min 27, max 63, avg 44
Masking 100%
Sorting by length 100%
Counting k-mers 100%
Clustering 100%
Sorting clusters 100%
Writing clusters 100%
Clusters: 16 Size min 1, max 1, avg 1.0
Singletons: 16, 100.0% of seqs, 100.0% of clusters
Multiple alignments 100%
vsearch v2.30.0_linux_x86_64, 94.1GB RAM, 24 cores
https://github.com/torognes/vsearch

Reading file results/clustering/cdr/cov_illu_first_R0_vh/cdr3_clusters/e34c3135-8d2f-452a-b88b-d65f9ba3cd2e-IGH.fasta 100%
342 nt in 7 seqs, min 36, max 60, avg 49
Masking 100%
Sorting by length 100%
Counting k-mers 100%
Clustering 100%
Sorting clusters 100%
Writing clusters 100%
Clusters: 7 Size min 1, max 1, avg 1.0
Singletons: 7, 100.0% of seqs, 100.0% of clusters
Multiple alignments 100%
vsearch v2.30.0_linux_x86_64, 94.1GB RAM, 24 cores
https://github.com/torognes/vsearch

Reading file results/clustering/cdr/cov_illu_first_R0_vh/cdr3_clusters/02a23d27-f134-4de7-be07-cef8367e854f-IGH.fasta 100%
138 nt in 5 seqs, min 24, max 30, avg 28
Masking 100%
Sorting by length 100%
Counting k-mers 100%
Clustering 100%
Sorting clusters 100%
Writing clusters 100%
Clusters: 5 Size min 1, max 1, avg 1.0
Singletons: 5, 100.0% of seqs, 100.0% of clusters
Multiple alignments 100%
vsearch v2.30.0_linux_x86_64, 94.1GB RAM, 24 cores
https://github.com/torognes/vsearch

Reading file results/clustering/cdr/cov_illu_first_R0_vh/cdr3_clusters/7c98da44-be2b-43b4-9855-ab60aa95fceb-IGH.fasta 100%
225 nt in 8 seqs, min 18, max 33, avg 28
Masking 100%
Sorting by length 100%
Counting k-mers 100%
Clustering 100%
Sorting clusters 100%
Writing clusters 100%
Clusters: 6 Size min 1, max 2, avg 1.3
Singletons: 4, 50.0% of seqs, 66.7% of clusters
Multiple alignments 100%
vsearch v2.30.0_linux_x86_64, 94.1GB RAM, 24 cores
https://github.com/torognes/vsearch

Reading file results/clustering/cdr/cov_illu_first_R0_vh/cdr3_clusters/cb7b6a4c-2919-4275-a41f-38bf7c954704-IGH.fasta 100%
783 nt in 19 seqs, min 27, max 54, avg 41
Masking 100%
Sorting by length 100%
Counting k-mers 100%
Clustering 100%
Sorting clusters 100%
Writing clusters 100%
Clusters: 19 Size min 1, max 1, avg 1.0
Singletons: 19, 100.0% of seqs, 100.0% of clusters
Multiple alignments 100%
vsearch v2.30.0_linux_x86_64, 94.1GB RAM, 24 cores
https://github.com/torognes/vsearch

Reading file results/clustering/cdr/cov_illu_first_R0_vh/cdr3_clusters/54634e82-ae7d-4145-aaa3-316c8408fda1-IGH.fasta 100%
1308 nt in 28 seqs, min 24, max 57, avg 47
Masking 100%
Sorting by length 100%
Counting k-mers 100%
Clustering 100%
Sorting clusters 100%
Writing clusters 100%
Clusters: 23 Size min 1, max 5, avg 1.2
Singletons: 21, 75.0% of seqs, 91.3% of clusters
Multiple alignments 100%
vsearch v2.30.0_linux_x86_64, 94.1GB RAM, 24 cores
https://github.com/torognes/vsearch

Reading file results/clustering/cdr/cov_illu_first_R0_vh/cdr3_clusters/6297069e-5ab3-422c-a890-554e9d7c2346-IGH.fasta 100%
270 nt in 6 seqs, min 36, max 54, avg 45
Masking 100%
Sorting by length 100%
Counting k-mers 100%
Clustering 100%
Sorting clusters 100%
Writing clusters 100%
Clusters: 6 Size min 1, max 1, avg 1.0
Singletons: 6, 100.0% of seqs, 100.0% of clusters
Multiple alignments 100%
vsearch v2.30.0_linux_x86_64, 94.1GB RAM, 24 cores
https://github.com/torognes/vsearch

Reading file results/clustering/cdr/cov_illu_first_R0_vh/cdr3_clusters/991ec70e-bb33-4e52-9059-b8d9c22ab022-IGH.fasta 100%
792 nt in 18 seqs, min 27, max 54, avg 44
Masking 100%
Sorting by length 100%
Counting k-mers 100%
Clustering 100%
Sorting clusters 100%
Writing clusters 100%
Clusters: 17 Size min 1, max 2, avg 1.1
Singletons: 16, 88.9% of seqs, 94.1% of clusters
Multiple alignments 100%
vsearch v2.30.0_linux_x86_64, 94.1GB RAM, 24 cores
https://github.com/torognes/vsearch

Reading file results/clustering/cdr/cov_illu_first_R0_vh/cdr3_clusters/44d82903-ef1e-43aa-a7ac-ec797efe1ba2-IGH.fasta 100%
4203 nt in 82 seqs, min 27, max 69, avg 51
Masking 100%
Sorting by length 100%
Counting k-mers 100%
Clustering 100%
Sorting clusters 100%
Writing clusters 100%
Clusters: 73 Size min 1, max 3, avg 1.1
Singletons: 66, 80.5% of seqs, 90.4% of clusters
Multiple alignments 100%
vsearch v2.30.0_linux_x86_64, 94.1GB RAM, 24 cores
https://github.com/torognes/vsearch

Reading file results/clustering/cdr/cov_illu_first_R0_vh/cdr3_clusters/1d669118-6a4a-4b03-b463-456680ef6bef-IGH.fasta 100%
195 nt in 5 seqs, min 30, max 45, avg 39
Masking 100%
Sorting by length 100%
Counting k-mers 100%
Clustering 100%
Sorting clusters 100%
Writing clusters 100%
Clusters: 5 Size min 1, max 1, avg 1.0
Singletons: 5, 100.0% of seqs, 100.0% of clusters
Multiple alignments 100%
vsearch v2.30.0_linux_x86_64, 94.1GB RAM, 24 cores
https://github.com/torognes/vsearch

Reading file results/clustering/cdr/cov_illu_first_R0_vh/cdr3_clusters/93f5ed7f-095a-4605-8d2f-e86cd0021404-IGH.fasta 100%
5862 nt in 140 seqs, min 24, max 60, avg 42
Masking 100%
Sorting by length 100%
Counting k-mers 100%
Clustering 100%
Sorting clusters 100%
Writing clusters 100%
Clusters: 114 Size min 1, max 8, avg 1.2
Singletons: 100, 71.4% of seqs, 87.7% of clusters
Multiple alignments 100%
vsearch v2.30.0_linux_x86_64, 94.1GB RAM, 24 cores
https://github.com/torognes/vsearch

Reading file results/clustering/cdr/cov_illu_first_R0_vh/cdr3_clusters/9b1d33c6-bae7-4d01-8c01-ea69c92d773f-IGH.fasta 100%
1758 nt in 43 seqs, min 21, max 48, avg 41
Masking 100%
Sorting by length 100%
Counting k-mers 100%
Clustering 100%
Sorting clusters 100%
Writing clusters 100%
Clusters: 23 Size min 1, max 18, avg 1.9
Singletons: 21, 48.8% of seqs, 91.3% of clusters
Multiple alignments 100%
vsearch v2.30.0_linux_x86_64, 94.1GB RAM, 24 cores
https://github.com/torognes/vsearch

Reading file results/clustering/cdr/cov_illu_first_R0_vh/cdr3_clusters/338103e7-dd06-4945-b334-b738473080b7-IGH.fasta 100%
1053 nt in 23 seqs, min 27, max 60, avg 46
Masking 100%
Sorting by length 100%
Counting k-mers 100%
Clustering 100%
Sorting clusters 100%
Writing clusters 100%
Clusters: 20 Size min 1, max 4, avg 1.1
Singletons: 19, 82.6% of seqs, 95.0% of clusters
Multiple alignments 100%
vsearch v2.30.0_linux_x86_64, 94.1GB RAM, 24 cores
https://github.com/torognes/vsearch

Reading file results/clustering/cdr/cov_illu_first_R0_vh/cdr3_clusters/6b9cc18d-7fc5-418d-9243-47bdce287a63-IGH.fasta 100%
438 nt in 9 seqs, min 27, max 57, avg 49
Masking 100%
Sorting by length 100%
Counting k-mers 100%
Clustering 100%
Sorting clusters 100%
Writing clusters 100%
Clusters: 9 Size min 1, max 1, avg 1.0
Singletons: 9, 100.0% of seqs, 100.0% of clusters
Multiple alignments 100%
vsearch v2.30.0_linux_x86_64, 94.1GB RAM, 24 cores
https://github.com/torognes/vsearch

Reading file results/clustering/cdr/cov_illu_first_R0_vh/cdr3_clusters/79ff3700-3312-465d-8619-06fd8f4294c2-IGH.fasta 100%
663 nt in 19 seqs, min 27, max 42, avg 35
Masking 100%
Sorting by length 100%
Counting k-mers 100%
Clustering 100%
Sorting clusters 100%
Writing clusters 100%
Clusters: 19 Size min 1, max 1, avg 1.0
Singletons: 19, 100.0% of seqs, 100.0% of clusters
Multiple alignments 100%
vsearch v2.30.0_linux_x86_64, 94.1GB RAM, 24 cores
https://github.com/torognes/vsearch

Reading file results/clustering/cdr/cov_illu_first_R0_vh/cdr3_clusters/6b925302-5bf2-4d0b-a8dd-714b6be2f58c-IGH.fasta 100%
2475 nt in 55 seqs, min 33, max 51, avg 45
Masking 100%
Sorting by length 100%
Counting k-mers 100%
Clustering 100%
Sorting clusters 100%
Writing clusters 100%
Clusters: 11 Size min 1, max 30, avg 5.0
Singletons: 8, 14.5% of seqs, 72.7% of clusters
Multiple alignments 100%
vsearch v2.30.0_linux_x86_64, 94.1GB RAM, 24 cores
https://github.com/torognes/vsearch

Reading file results/clustering/cdr/cov_illu_first_R0_vh/cdr3_clusters/b6ba0e9e-4df1-48d5-8e20-29f44291308f-IGH.fasta 100%
2244 nt in 50 seqs, min 33, max 66, avg 45
Masking 100%
Sorting by length 100%
Counting k-mers 100%
Clustering 100%
Sorting clusters 100%
Writing clusters 100%
Clusters: 45 Size min 1, max 3, avg 1.1
Singletons: 42, 84.0% of seqs, 93.3% of clusters
Multiple alignments 100%
vsearch v2.30.0_linux_x86_64, 94.1GB RAM, 24 cores
https://github.com/torognes/vsearch

Reading file results/clustering/cdr/cov_illu_first_R0_vh/cdr3_clusters/11168e37-37a0-45d3-9708-2ed21ededb13-IGH.fasta 100%
99 nt in 5 seqs, min 15, max 24, avg 20
Masking 100%
Sorting by length 100%
Counting k-mers 100%
Clustering 100%
Sorting clusters 100%
Writing clusters 100%
Clusters: 4 Size min 1, max 2, avg 1.2
Singletons: 3, 60.0% of seqs, 75.0% of clusters
Multiple alignments 100%
vsearch v2.30.0_linux_x86_64, 94.1GB RAM, 24 cores
https://github.com/torognes/vsearch

Reading file results/clustering/cdr/cov_illu_first_R0_vh/cdr3_clusters/d1efea88-553a-4d0a-91f7-ae92279be7ec-IGH.fasta 100%
456 nt in 12 seqs, min 30, max 51, avg 38
Masking 100%
Sorting by length 100%
Counting k-mers 100%
Clustering 100%
Sorting clusters 100%
Writing clusters 100%
Clusters: 11 Size min 1, max 2, avg 1.1
Singletons: 10, 83.3% of seqs, 90.9% of clusters
Multiple alignments 100%
vsearch v2.30.0_linux_x86_64, 94.1GB RAM, 24 cores
https://github.com/torognes/vsearch

Reading file results/clustering/cdr/cov_illu_first_R0_vh/cdr3_clusters/1ca5d1c1-2980-4785-9c9e-98f1360c0c03-IGH.fasta 100%
1473 nt in 32 seqs, min 30, max 63, avg 46
Masking 100%
Sorting by length 100%
Counting k-mers 100%
Clustering 100%
Sorting clusters 100%
Writing clusters 100%
Clusters: 25 Size min 1, max 8, avg 1.3
Singletons: 24, 75.0% of seqs, 96.0% of clusters
Multiple alignments 100%
vsearch v2.30.0_linux_x86_64, 94.1GB RAM, 24 cores
https://github.com/torognes/vsearch

Reading file results/clustering/cdr/cov_illu_first_R0_vh/cdr3_clusters/5c18aae5-4a30-4a9c-8fea-a6c7f6550bff-IGH.fasta 100%
303 nt in 11 seqs, min 27, max 33, avg 28
Masking 100%
Sorting by length 100%
Counting k-mers 100%
Clustering 100%
Sorting clusters 100%
Writing clusters 100%
Clusters: 2 Size min 1, max 10, avg 5.5
Singletons: 1, 9.1% of seqs, 50.0% of clusters
Multiple alignments 100%
vsearch v2.30.0_linux_x86_64, 94.1GB RAM, 24 cores
https://github.com/torognes/vsearch

Reading file results/clustering/cdr/cov_illu_first_R0_vh/cdr3_clusters/b3270a71-9fa2-4dd0-b351-fc03790bdc65-IGH.fasta 100%
2268 nt in 47 seqs, min 30, max 63, avg 48
Masking 100%
Sorting by length 100%
Counting k-mers 100%
Clustering 100%
Sorting clusters 100%
Writing clusters 100%
Clusters: 32 Size min 1, max 11, avg 1.5
Singletons: 28, 59.6% of seqs, 87.5% of clusters
Multiple alignments 100%
vsearch v2.30.0_linux_x86_64, 94.1GB RAM, 24 cores
https://github.com/torognes/vsearch

Reading file results/clustering/cdr/cov_illu_first_R0_vh/cdr3_clusters/ab2afcac-d588-4a89-8c98-b46ca280d845-IGH.fasta 100%
384 nt in 8 seqs, min 27, max 63, avg 48
Masking 100%
Sorting by length 100%
Counting k-mers 100%
Clustering 100%
Sorting clusters 100%
Writing clusters 100%
Clusters: 7 Size min 1, max 2, avg 1.1
Singletons: 6, 75.0% of seqs, 85.7% of clusters
Multiple alignments 100%
vsearch v2.30.0_linux_x86_64, 94.1GB RAM, 24 cores
https://github.com/torognes/vsearch

Reading file results/clustering/cdr/cov_illu_first_R0_vh/cdr3_clusters/8a0c1a13-5719-49ee-9bde-73d332e2eb97-IGH.fasta 100%
888 nt in 27 seqs, min 15, max 42, avg 33
Masking 100%
Sorting by length 100%
Counting k-mers 100%
Clustering 100%
Sorting clusters 100%
Writing clusters 100%
Clusters: 26 Size min 1, max 2, avg 1.0
Singletons: 25, 92.6% of seqs, 96.2% of clusters
Multiple alignments 100%
vsearch v2.30.0_linux_x86_64, 94.1GB RAM, 24 cores
https://github.com/torognes/vsearch

Reading file results/clustering/cdr/cov_illu_first_R0_vh/cdr3_clusters/381c78cc-80f8-4ad0-9d5c-81d9de02ba60-IGH.fasta 100%
198 nt in 6 seqs, min 33, max 33, avg 33
Masking 100%
Sorting by length 100%
Counting k-mers 100%
Clustering 100%
Sorting clusters 100%
Writing clusters 100%
Clusters: 1 Size min 6, max 6, avg 6.0
Singletons: 0, 0.0% of seqs, 0.0% of clusters
Multiple alignments 100%
vsearch v2.30.0_linux_x86_64, 94.1GB RAM, 24 cores
https://github.com/torognes/vsearch

Reading file results/clustering/cdr/cov_illu_first_R0_vh/cdr3_clusters/8626453c-690f-4264-90db-4ff3ddba23fd-IGH.fasta 100%
2265 nt in 71 seqs, min 18, max 39, avg 32
Masking 100%
Sorting by length 100%
Counting k-mers 100%
Clustering 100%
Sorting clusters 100%
Writing clusters 100%
Clusters: 67 Size min 1, max 3, avg 1.1
Singletons: 64, 90.1% of seqs, 95.5% of clusters
Multiple alignments 100%
vsearch v2.30.0_linux_x86_64, 94.1GB RAM, 24 cores
https://github.com/torognes/vsearch

Reading file results/clustering/cdr/cov_illu_first_R0_vh/cdr3_clusters/b5beed82-0739-4205-b6d3-5b1104b90628-IGH.fasta 100%
8586 nt in 184 seqs, min 30, max 72, avg 47
Masking 100%
Sorting by length 100%
Counting k-mers 100%
Clustering 100%
Sorting clusters 100%
Writing clusters 100%
Clusters: 174 Size min 1, max 3, avg 1.1
Singletons: 166, 90.2% of seqs, 95.4% of clusters
Multiple alignments 100%
vsearch v2.30.0_linux_x86_64, 94.1GB RAM, 24 cores
https://github.com/torognes/vsearch

Reading file results/clustering/cdr/cov_illu_first_R0_vh/cdr3_clusters/48c54b4d-05a8-46a4-a354-14a0d1e82e67-IGH.fasta 100%
144 nt in 5 seqs, min 21, max 39, avg 29
Masking 100%
Sorting by length 100%
Counting k-mers 100%
Clustering 100%
Sorting clusters 100%
Writing clusters 100%
Clusters: 5 Size min 1, max 1, avg 1.0
Singletons: 5, 100.0% of seqs, 100.0% of clusters
Multiple alignments 100%
vsearch v2.30.0_linux_x86_64, 94.1GB RAM, 24 cores
https://github.com/torognes/vsearch

Reading file results/clustering/cdr/cov_illu_first_R0_vh/cdr3_clusters/48ddc56d-02ff-4c4f-a2b2-026db211246e-IGH.fasta 100%
318 nt in 10 seqs, min 24, max 36, avg 32
Masking 100%
Sorting by length 100%
Counting k-mers 100%
Clustering 100%
Sorting clusters 100%
Writing clusters 100%
Clusters: 9 Size min 1, max 2, avg 1.1
Singletons: 8, 80.0% of seqs, 88.9% of clusters
Multiple alignments 100%
vsearch v2.30.0_linux_x86_64, 94.1GB RAM, 24 cores
https://github.com/torognes/vsearch

Reading file results/clustering/cdr/cov_illu_first_R0_vh/cdr3_clusters/cc731582-a844-4fe5-9792-be12f16487f0-IGK.fasta 100%
0 nt in 0 seqs
minseqlength 6: 37 sequences discarded.
Masking 100%
Sorting by length 100%
Counting k-mers 100%
Clustering 100%
Sorting clusters 100%
Writing clusters 100%
Clusters: 0
Singletons: 0
Multiple alignments 100%
vsearch v2.30.0_linux_x86_64, 94.1GB RAM, 24 cores
https://github.com/torognes/vsearch

Reading file results/clustering/cdr/cov_illu_first_R0_vh/cdr3_clusters/e3defb1f-527c-4f93-90d1-3c1236f50d58-IGH.fasta 100%
462 nt in 14 seqs, min 18, max 42, avg 33
Masking 100%
Sorting by length 100%
Counting k-mers 100%
Clustering 100%
Sorting clusters 100%
Writing clusters 100%
Clusters: 12 Size min 1, max 3, avg 1.2
Singletons: 11, 78.6% of seqs, 91.7% of clusters
Multiple alignments 100%
vsearch v2.30.0_linux_x86_64, 94.1GB RAM, 24 cores
https://github.com/torognes/vsearch

Reading file results/clustering/cdr/cov_illu_first_R0_vh/cdr3_clusters/bd2dc60c-d7fa-465b-ae3f-0d4673c9a3a0-IGH.fasta 100%
528 nt in 11 seqs, min 36, max 63, avg 48
Masking 100%
Sorting by length 100%
Counting k-mers 100%
Clustering 100%
Sorting clusters 100%
Writing clusters 100%
Clusters: 10 Size min 1, max 2, avg 1.1
Singletons: 9, 81.8% of seqs, 90.0% of clusters
Multiple alignments 100%
vsearch v2.30.0_linux_x86_64, 94.1GB RAM, 24 cores
https://github.com/torognes/vsearch

Reading file results/clustering/cdr/cov_illu_first_R0_vh/cdr3_clusters/036c3813-0369-4054-a7d4-35425c070ea0-IGH.fasta 100%
297 nt in 6 seqs, min 36, max 54, avg 50
Masking 100%
Sorting by length 100%
Counting k-mers 100%
Clustering 100%
Sorting clusters 100%
Writing clusters 100%
Clusters: 5 Size min 1, max 2, avg 1.2
Singletons: 4, 66.7% of seqs, 80.0% of clusters
Multiple alignments 100%
vsearch v2.30.0_linux_x86_64, 94.1GB RAM, 24 cores
https://github.com/torognes/vsearch

Reading file results/clustering/cdr/cov_illu_first_R0_vh/cdr3_clusters/30cb580f-da05-4267-89bc-07ce5221b4cc-IGH.fasta 100%
1035 nt in 38 seqs, min 18, max 33, avg 27
Masking 100%
Sorting by length 100%
Counting k-mers 100%
Clustering 100%
Sorting clusters 100%
Writing clusters 100%
Clusters: 35 Size min 1, max 2, avg 1.1
Singletons: 32, 84.2% of seqs, 91.4% of clusters
Multiple alignments 100%
vsearch v2.30.0_linux_x86_64, 94.1GB RAM, 24 cores
https://github.com/torognes/vsearch

Reading file results/clustering/cdr/cov_illu_first_R0_vh/cdr3_clusters/b36b50b4-570c-4d74-aa60-5c8502133120-IGH.fasta 100%
3351 nt in 87 seqs, min 21, max 51, avg 39
Masking 100%
Sorting by length 100%
Counting k-mers 100%
Clustering 100%
Sorting clusters 100%
Writing clusters 100%
Clusters: 51 Size min 1, max 33, avg 1.7
Singletons: 49, 56.3% of seqs, 96.1% of clusters
Multiple alignments 100%
vsearch v2.30.0_linux_x86_64, 94.1GB RAM, 24 cores
https://github.com/torognes/vsearch

Reading file results/clustering/cdr/cov_illu_first_R0_vh/cdr3_clusters/e98deca4-1992-4996-9ef8-ab07b475b6e6-IGH.fasta 100%
903 nt in 20 seqs, min 33, max 57, avg 45
Masking 100%
Sorting by length 100%
Counting k-mers 100%
Clustering 100%
Sorting clusters 100%
Writing clusters 100%
Clusters: 17 Size min 1, max 3, avg 1.2
Singletons: 15, 75.0% of seqs, 88.2% of clusters
Multiple alignments 100%
vsearch v2.30.0_linux_x86_64, 94.1GB RAM, 24 cores
https://github.com/torognes/vsearch

Reading file results/clustering/cdr/cov_illu_first_R0_vh/cdr3_clusters/a1b8dced-7110-4061-965f-f7adf776a565-IGH.fasta 100%
723 nt in 14 seqs, min 39, max 60, avg 52
Masking 100%
Sorting by length 100%
Counting k-mers 100%
Clustering 100%
Sorting clusters 100%
Writing clusters 100%
Clusters: 11 Size min 1, max 3, avg 1.3
Singletons: 9, 64.3% of seqs, 81.8% of clusters
Multiple alignments 100%
vsearch v2.30.0_linux_x86_64, 94.1GB RAM, 24 cores
https://github.com/torognes/vsearch

Reading file results/clustering/cdr/cov_illu_first_R0_vh/cdr3_clusters/04608af3-95b3-41e2-a6d8-b3908e6569c7-IGH.fasta 100%
1017 nt in 23 seqs, min 24, max 57, avg 44
Masking 100%
Sorting by length 100%
Counting k-mers 100%
Clustering 100%
Sorting clusters 100%
Writing clusters 100%
Clusters: 22 Size min 1, max 2, avg 1.0
Singletons: 21, 91.3% of seqs, 95.5% of clusters
Multiple alignments 100%
vsearch v2.30.0_linux_x86_64, 94.1GB RAM, 24 cores
https://github.com/torognes/vsearch

Reading file results/clustering/cdr/cov_illu_first_R0_vh/cdr3_clusters/ae9b3316-ae77-4d87-b34c-afc179694f1f-IGH.fasta 100%
351 nt in 10 seqs, min 27, max 39, avg 35
Masking 100%
Sorting by length 100%
Counting k-mers 100%
Clustering 100%
Sorting clusters 100%
Writing clusters 100%
Clusters: 9 Size min 1, max 2, avg 1.1
Singletons: 8, 80.0% of seqs, 88.9% of clusters
Multiple alignments 100%
vsearch v2.30.0_linux_x86_64, 94.1GB RAM, 24 cores
https://github.com/torognes/vsearch

Reading file results/clustering/cdr/cov_illu_first_R0_vh/cdr3_clusters/430aa64f-cf06-4538-82b6-a9046a66e8c2-IGH.fasta 100%
867 nt in 17 seqs, min 39, max 60, avg 51
Masking 100%
Sorting by length 100%
Counting k-mers 100%
Clustering 100%
Sorting clusters 100%
Writing clusters 100%
Clusters: 17 Size min 1, max 1, avg 1.0
Singletons: 17, 100.0% of seqs, 100.0% of clusters
Multiple alignments 100%
vsearch v2.30.0_linux_x86_64, 94.1GB RAM, 24 cores
https://github.com/torognes/vsearch

Reading file results/clustering/cdr/cov_illu_first_R0_vh/cdr3_clusters/913b3587-80b6-4de8-85f1-bcf490863489-IGH.fasta 100%
777 nt in 23 seqs, min 18, max 42, avg 34
Masking 100%
Sorting by length 100%
Counting k-mers 100%
Clustering 100%
Sorting clusters 100%
Writing clusters 100%
Clusters: 20 Size min 1, max 3, avg 1.1
Singletons: 18, 78.3% of seqs, 90.0% of clusters
Multiple alignments 100%
vsearch v2.30.0_linux_x86_64, 94.1GB RAM, 24 cores
https://github.com/torognes/vsearch

Reading file results/clustering/cdr/cov_illu_first_R0_vh/cdr3_clusters/1cc1fc95-52f4-4978-ad7f-939a5aa9fb7c-IGH.fasta 100%
348 nt in 9 seqs, min 33, max 42, avg 39
Masking 100%
Sorting by length 100%
Counting k-mers 100%
Clustering 100%
Sorting clusters 100%
Writing clusters 100%
Clusters: 8 Size min 1, max 2, avg 1.1
Singletons: 7, 77.8% of seqs, 87.5% of clusters
Multiple alignments 100%
vsearch v2.30.0_linux_x86_64, 94.1GB RAM, 24 cores
https://github.com/torognes/vsearch

Reading file results/clustering/cdr/cov_illu_first_R0_vh/cdr3_clusters/80775af1-439e-416f-a356-cbc8f8224fcd-IGH.fasta 100%
6978 nt in 157 seqs, min 27, max 69, avg 44
Masking 100%
Sorting by length 100%
Counting k-mers 100%
Clustering 100%
Sorting clusters 100%
Writing clusters 100%
Clusters: 134 Size min 1, max 7, avg 1.2
Singletons: 124, 79.0% of seqs, 92.5% of clusters
Multiple alignments 100%
vsearch v2.30.0_linux_x86_64, 94.1GB RAM, 24 cores
https://github.com/torognes/vsearch

Reading file results/clustering/cdr/cov_illu_first_R0_vh/cdr3_clusters/c69b7350-8641-4fe5-ae20-12cdc37f0c33-IGH.fasta 100%
5438 nt in 113 seqs, min 33, max 63, avg 48
Masking 100%
Sorting by length 100%
Counting k-mers 100%
Clustering 100%
Sorting clusters 100%
Writing clusters 100%
Clusters: 82 Size min 1, max 6, avg 1.4
Singletons: 67, 59.3% of seqs, 81.7% of clusters
Multiple alignments 100%
vsearch v2.30.0_linux_x86_64, 94.1GB RAM, 24 cores
https://github.com/torognes/vsearch

Reading file results/clustering/cdr/cov_illu_first_R0_vh/cdr3_clusters/880667aa-e711-4541-b734-a3cc68b00d48-IGH.fasta 100%
2253 nt in 53 seqs, min 18, max 57, avg 43
Masking 100%
Sorting by length 100%
Counting k-mers 100%
Clustering 100%
Sorting clusters 100%
Writing clusters 100%
Clusters: 18 Size min 1, max 20, avg 2.9
Singletons: 12, 22.6% of seqs, 66.7% of clusters
Multiple alignments 100%
vsearch v2.30.0_linux_x86_64, 94.1GB RAM, 24 cores
https://github.com/torognes/vsearch

Reading file results/clustering/cdr/cov_illu_first_R0_vh/cdr3_clusters/db20639e-27a8-4eef-83fd-2c984aaf411c-IGH.fasta 100%
2589 nt in 49 seqs, min 30, max 69, avg 53
Masking 100%
Sorting by length 100%
Counting k-mers 100%
Clustering 100%
Sorting clusters 100%
Writing clusters 100%
Clusters: 33 Size min 1, max 5, avg 1.5
Singletons: 24, 49.0% of seqs, 72.7% of clusters
Multiple alignments 100%
vsearch v2.30.0_linux_x86_64, 94.1GB RAM, 24 cores
https://github.com/torognes/vsearch

Reading file results/clustering/cdr/cov_illu_first_R0_vh/cdr3_clusters/10c2a7cc-77e3-4ca4-b2ce-8ad8a0a0cbcc-IGH.fasta 100%
1371 nt in 32 seqs, min 27, max 54, avg 43
Masking 100%
Sorting by length 100%
Counting k-mers 100%
Clustering 100%
Sorting clusters 100%
Writing clusters 100%
Clusters: 30 Size min 1, max 2, avg 1.1
Singletons: 28, 87.5% of seqs, 93.3% of clusters
Multiple alignments 100%
vsearch v2.30.0_linux_x86_64, 94.1GB RAM, 24 cores
https://github.com/torognes/vsearch

Reading file results/clustering/cdr/cov_illu_first_R0_vh/cdr3_clusters/6e3345ce-c9b3-4395-a03f-247c4229c167-IGH.fasta 100%
264 nt in 5 seqs, min 45, max 57, avg 53
Masking 100%
Sorting by length 100%
Counting k-mers 100%
Clustering 100%
Sorting clusters 100%
Writing clusters 100%
Clusters: 5 Size min 1, max 1, avg 1.0
Singletons: 5, 100.0% of seqs, 100.0% of clusters
Multiple alignments 100%
vsearch v2.30.0_linux_x86_64, 94.1GB RAM, 24 cores
https://github.com/torognes/vsearch

Reading file results/clustering/cdr/cov_illu_first_R0_vh/cdr3_clusters/60ea2377-ebd5-4bce-887a-aa628f4e6d44-IGH.fasta 100%
312 nt in 6 seqs, min 42, max 57, avg 52
Masking 100%
Sorting by length 100%
Counting k-mers 100%
Clustering 100%
Sorting clusters 100%
Writing clusters 100%
Clusters: 6 Size min 1, max 1, avg 1.0
Singletons: 6, 100.0% of seqs, 100.0% of clusters
Multiple alignments 100%
vsearch v2.30.0_linux_x86_64, 94.1GB RAM, 24 cores
https://github.com/torognes/vsearch

Reading file results/clustering/cdr/cov_illu_first_R0_vh/cdr3_clusters/5b3fec4d-379f-4c20-b4f6-ab07d616ff8b-IGH.fasta 100%
495 nt in 12 seqs, min 27, max 48, avg 41
Masking 100%
Sorting by length 100%
Counting k-mers 100%
Clustering 100%
Sorting clusters 100%
Writing clusters 100%
Clusters: 11 Size min 1, max 2, avg 1.1
Singletons: 10, 83.3% of seqs, 90.9% of clusters
Multiple alignments 100%
vsearch v2.30.0_linux_x86_64, 94.1GB RAM, 24 cores
https://github.com/torognes/vsearch

Reading file results/clustering/cdr/cov_illu_first_R0_vh/cdr3_clusters/4554c25d-3551-4bdd-8f97-46189d20a9ef-IGH.fasta 100%
552 nt in 13 seqs, min 33, max 51, avg 42
Masking 100%
Sorting by length 100%
Counting k-mers 100%
Clustering 100%
Sorting clusters 100%
Writing clusters 100%
Clusters: 13 Size min 1, max 1, avg 1.0
Singletons: 13, 100.0% of seqs, 100.0% of clusters
Multiple alignments 100%
vsearch v2.30.0_linux_x86_64, 94.1GB RAM, 24 cores
https://github.com/torognes/vsearch

Reading file results/clustering/cdr/cov_illu_first_R0_vh/cdr3_clusters/12962310-ae4b-4d28-ac7e-5a50227f210c-IGH.fasta 100%
261 nt in 6 seqs, min 33, max 51, avg 44
Masking 100%
Sorting by length 100%
Counting k-mers 100%
Clustering 100%
Sorting clusters 100%
Writing clusters 100%
Clusters: 6 Size min 1, max 1, avg 1.0
Singletons: 6, 100.0% of seqs, 100.0% of clusters
Multiple alignments 100%
vsearch v2.30.0_linux_x86_64, 94.1GB RAM, 24 cores
https://github.com/torognes/vsearch

Reading file results/clustering/cdr/cov_illu_first_R0_vh/cdr3_clusters/35e12bf3-08c0-4b6f-87f1-c25fcc05d4e2-IGH.fasta 100%
3279 nt in 78 seqs, min 18, max 57, avg 42
Masking 100%
Sorting by length 100%
Counting k-mers 100%
Clustering 100%
Sorting clusters 100%
Writing clusters 100%
Clusters: 73 Size min 1, max 3, avg 1.1
Singletons: 69, 88.5% of seqs, 94.5% of clusters
Multiple alignments 100%
vsearch v2.30.0_linux_x86_64, 94.1GB RAM, 24 cores
https://github.com/torognes/vsearch

Reading file results/clustering/cdr/cov_illu_first_R0_vh/cdr3_clusters/a14febcb-7473-49ac-958c-06110a084ecc-IGH.fasta 100%
426 nt in 11 seqs, min 18, max 51, avg 39
Masking 100%
Sorting by length 100%
Counting k-mers 100%
Clustering 100%
Sorting clusters 100%
Writing clusters 100%
Clusters: 11 Size min 1, max 1, avg 1.0
Singletons: 11, 100.0% of seqs, 100.0% of clusters
Multiple alignments 100%
vsearch v2.30.0_linux_x86_64, 94.1GB RAM, 24 cores
https://github.com/torognes/vsearch

Reading file results/clustering/cdr/cov_illu_first_R0_vh/cdr3_clusters/37624e97-83bc-45a0-9164-f3cb462a8ba3-IGH.fasta 100%
141 nt in 5 seqs, min 21, max 33, avg 28
Masking 100%
Sorting by length 100%
Counting k-mers 100%
Clustering 100%
Sorting clusters 100%
Writing clusters 100%
Clusters: 5 Size min 1, max 1, avg 1.0
Singletons: 5, 100.0% of seqs, 100.0% of clusters
Multiple alignments 100%
vsearch v2.30.0_linux_x86_64, 94.1GB RAM, 24 cores
https://github.com/torognes/vsearch

Reading file results/clustering/cdr/cov_illu_first_R0_vh/cdr3_clusters/0ae2bd61-2d3c-4206-aec3-e292aec3de9e-IGH.fasta 100%
210 nt in 6 seqs, min 18, max 42, avg 35
Masking 100%
Sorting by length 100%
Counting k-mers 100%
Clustering 100%
Sorting clusters 100%
Writing clusters 100%
Clusters: 5 Size min 1, max 2, avg 1.2
Singletons: 4, 66.7% of seqs, 80.0% of clusters
Multiple alignments 100%
vsearch v2.30.0_linux_x86_64, 94.1GB RAM, 24 cores
https://github.com/torognes/vsearch

Reading file results/clustering/cdr/cov_illu_first_R0_vh/cdr3_clusters/31e0e6cb-503f-4cf1-befd-3c1b1ad9df0e-IGH.fasta 100%
462 nt in 11 seqs, min 27, max 54, avg 42
Masking 100%
Sorting by length 100%
Counting k-mers 100%
Clustering 100%
Sorting clusters 100%
Writing clusters 100%
Clusters: 11 Size min 1, max 1, avg 1.0
Singletons: 11, 100.0% of seqs, 100.0% of clusters
Multiple alignments 100%
vsearch v2.30.0_linux_x86_64, 94.1GB RAM, 24 cores
https://github.com/torognes/vsearch

Reading file results/clustering/cdr/cov_illu_first_R0_vh/cdr3_clusters/858011a7-2d2e-4be7-8252-684b896a6d9c-IGH.fasta 100%
3813 nt in 78 seqs, min 30, max 66, avg 49
Masking 100%
Sorting by length 100%
Counting k-mers 100%
Clustering 100%
Sorting clusters 100%
Writing clusters 100%
Clusters: 68 Size min 1, max 4, avg 1.1
Singletons: 61, 78.2% of seqs, 89.7% of clusters
Multiple alignments 100%
vsearch v2.30.0_linux_x86_64, 94.1GB RAM, 24 cores
https://github.com/torognes/vsearch

Reading file results/clustering/cdr/cov_illu_first_R0_vh/cdr3_clusters/eeefd650-64de-4415-b38c-d5090968883e-IGH.fasta 100%
9078 nt in 201 seqs, min 24, max 69, avg 45
Masking 100%
Sorting by length 100%
Counting k-mers 100%
Clustering 100%
Sorting clusters 100%
Writing clusters 100%
Clusters: 183 Size min 1, max 8, avg 1.1
Singletons: 171, 85.1% of seqs, 93.4% of clusters
Multiple alignments 100%
vsearch v2.30.0_linux_x86_64, 94.1GB RAM, 24 cores
https://github.com/torognes/vsearch

Reading file results/clustering/cdr/cov_illu_first_R0_vh/cdr3_clusters/a88fcc48-fad8-4a86-9a67-7ef4564dfdf3-IGH.fasta 100%
300 nt in 7 seqs, min 33, max 60, avg 43
Masking 100%
Sorting by length 100%
Counting k-mers 100%
Clustering 100%
Sorting clusters 100%
Writing clusters 100%
Clusters: 5 Size min 1, max 3, avg 1.4
Singletons: 4, 57.1% of seqs, 80.0% of clusters
Multiple alignments 100%
vsearch v2.30.0_linux_x86_64, 94.1GB RAM, 24 cores
https://github.com/torognes/vsearch

Reading file results/clustering/cdr/cov_illu_first_R0_vh/cdr3_clusters/0489e3b4-a025-49b3-955f-e2f32189f630-IGH.fasta 100%
807 nt in 20 seqs, min 27, max 45, avg 40
Masking 100%
Sorting by length 100%
Counting k-mers 100%
Clustering 100%
Sorting clusters 100%
Writing clusters 100%
Clusters: 11 Size min 1, max 9, avg 1.8
Singletons: 9, 45.0% of seqs, 81.8% of clusters
Multiple alignments 100%
vsearch v2.30.0_linux_x86_64, 94.1GB RAM, 24 cores
https://github.com/torognes/vsearch

Reading file results/clustering/cdr/cov_illu_first_R0_vh/cdr3_clusters/8d7d88af-7b47-40bc-8a22-d3f8b6b3f365-IGH.fasta 100%
354 nt in 15 seqs, min 15, max 27, avg 24
Masking 100%
Sorting by length 100%
Counting k-mers 100%
Clustering 100%
Sorting clusters 100%
Writing clusters 100%
Clusters: 6 Size min 1, max 10, avg 2.5
Singletons: 5, 33.3% of seqs, 83.3% of clusters
Multiple alignments 100%
vsearch v2.30.0_linux_x86_64, 94.1GB RAM, 24 cores
https://github.com/torognes/vsearch

Reading file results/clustering/cdr/cov_illu_first_R0_vh/cdr3_clusters/979bfeaf-8e46-42be-ae11-1b7ddcd608f3-IGH.fasta 100%
225 nt in 7 seqs, min 30, max 39, avg 32
Masking 100%
Sorting by length 100%
Counting k-mers 100%
Clustering 100%
Sorting clusters 100%
Writing clusters 100%
Clusters: 6 Size min 1, max 2, avg 1.2
Singletons: 5, 71.4% of seqs, 83.3% of clusters
Multiple alignments 100%
vsearch v2.30.0_linux_x86_64, 94.1GB RAM, 24 cores
https://github.com/torognes/vsearch

Reading file results/clustering/cdr/cov_illu_first_R0_vh/cdr3_clusters/506b9d13-af70-4ae1-bb2f-ca94d5947b06-IGH.fasta 100%
1425 nt in 30 seqs, min 27, max 69, avg 48
Masking 100%
Sorting by length 100%
Counting k-mers 100%
Clustering 100%
Sorting clusters 100%
Writing clusters 100%
Clusters: 29 Size min 1, max 2, avg 1.0
Singletons: 28, 93.3% of seqs, 96.6% of clusters
Multiple alignments 100%
vsearch v2.30.0_linux_x86_64, 94.1GB RAM, 24 cores
https://github.com/torognes/vsearch

Reading file results/clustering/cdr/cov_illu_first_R0_vh/cdr3_clusters/21a4238f-0ff5-4125-bdfc-889e374a391f-IGH.fasta 100%
1071 nt in 18 seqs, min 30, max 72, avg 60
Masking 100%
Sorting by length 100%
Counting k-mers 100%
Clustering 100%
Sorting clusters 100%
Writing clusters 100%
Clusters: 15 Size min 1, max 3, avg 1.2
Singletons: 13, 72.2% of seqs, 86.7% of clusters
Multiple alignments 100%
vsearch v2.30.0_linux_x86_64, 94.1GB RAM, 24 cores
https://github.com/torognes/vsearch

Reading file results/clustering/cdr/cov_illu_first_R0_vh/cdr3_clusters/26a6c275-5d23-4159-a63e-ebde087f3a93-IGH.fasta 100%
594 nt in 12 seqs, min 39, max 57, avg 50
Masking 100%
Sorting by length 100%
Counting k-mers 100%
Clustering 100%
Sorting clusters 100%
Writing clusters 100%
Clusters: 9 Size min 1, max 3, avg 1.3
Singletons: 7, 58.3% of seqs, 77.8% of clusters
Multiple alignments 100%
vsearch v2.30.0_linux_x86_64, 94.1GB RAM, 24 cores
https://github.com/torognes/vsearch

Reading file results/clustering/cdr/cov_illu_first_R0_vh/cdr3_clusters/9bb9dd6c-a79a-4559-b8cf-53dd057a03b8-IGH.fasta 100%
861 nt in 15 seqs, min 33, max 72, avg 57
Masking 100%
Sorting by length 100%
Counting k-mers 100%
Clustering 100%
Sorting clusters 100%
Writing clusters 100%
Clusters: 11 Size min 1, max 3, avg 1.4
Singletons: 9, 60.0% of seqs, 81.8% of clusters
Multiple alignments 100%
vsearch v2.30.0_linux_x86_64, 94.1GB RAM, 24 cores
https://github.com/torognes/vsearch

Reading file results/clustering/cdr/cov_illu_first_R0_vh/cdr3_clusters/dde94dcf-4435-4ed5-9090-d742067274ee-IGH.fasta 100%
606 nt in 20 seqs, min 24, max 39, avg 30
Masking 100%
Sorting by length 100%
Counting k-mers 100%
Clustering 100%
Sorting clusters 100%
Writing clusters 100%
Clusters: 19 Size min 1, max 2, avg 1.1
Singletons: 18, 90.0% of seqs, 94.7% of clusters
Multiple alignments 100%
vsearch v2.30.0_linux_x86_64, 94.1GB RAM, 24 cores
https://github.com/torognes/vsearch

Reading file results/clustering/cdr/cov_illu_first_R0_vh/cdr3_clusters/c2e15448-7521-47f1-a3b7-280a1feb4271-IGH.fasta 100%
330 nt in 7 seqs, min 39, max 54, avg 47
Masking 100%
Sorting by length 100%
Counting k-mers 100%
Clustering 100%
Sorting clusters 100%
Writing clusters 100%
Clusters: 7 Size min 1, max 1, avg 1.0
Singletons: 7, 100.0% of seqs, 100.0% of clusters
Multiple alignments 100%
vsearch v2.30.0_linux_x86_64, 94.1GB RAM, 24 cores
https://github.com/torognes/vsearch

Reading file results/clustering/cdr/cov_illu_first_R0_vh/cdr3_clusters/5161af47-1690-467c-99af-03892607c00d-IGH.fasta 100%
1764 nt in 56 seqs, min 18, max 42, avg 32
Masking 100%
Sorting by length 100%
Counting k-mers 100%
Clustering 100%
Sorting clusters 100%
Writing clusters 100%
Clusters: 56 Size min 1, max 1, avg 1.0
Singletons: 56, 100.0% of seqs, 100.0% of clusters
Multiple alignments 100%
vsearch v2.30.0_linux_x86_64, 94.1GB RAM, 24 cores
https://github.com/torognes/vsearch

Reading file results/clustering/cdr/cov_illu_first_R0_vh/cdr3_clusters/10534bfa-3e53-4b4a-9851-c77dad1593e5-IGH.fasta 100%
357 nt in 9 seqs, min 27, max 51, avg 40
Masking 100%
Sorting by length 100%
Counting k-mers 100%
Clustering 100%
Sorting clusters 100%
Writing clusters 100%
Clusters: 9 Size min 1, max 1, avg 1.0
Singletons: 9, 100.0% of seqs, 100.0% of clusters
Multiple alignments 100%
vsearch v2.30.0_linux_x86_64, 94.1GB RAM, 24 cores
https://github.com/torognes/vsearch

Reading file results/clustering/cdr/cov_illu_first_R0_vh/cdr3_clusters/cb804128-9fb4-45e2-a15a-44362ddf7ebf-IGH.fasta 100%
198 nt in 5 seqs, min 33, max 42, avg 40
Masking 100%
Sorting by length 100%
Counting k-mers 100%
Clustering 100%
Sorting clusters 100%
Writing clusters 100%
Clusters: 3 Size min 1, max 3, avg 1.7
Singletons: 2, 40.0% of seqs, 66.7% of clusters
Multiple alignments 100%
vsearch v2.30.0_linux_x86_64, 94.1GB RAM, 24 cores
https://github.com/torognes/vsearch

Reading file results/clustering/cdr/cov_illu_first_R0_vh/cdr3_clusters/0d92a712-9723-4da1-9a31-e81770f8b80b-IGH.fasta 100%
1416 nt in 36 seqs, min 18, max 48, avg 39
Masking 100%
Sorting by length 100%
Counting k-mers 100%
Clustering 100%
Sorting clusters 100%
Writing clusters 100%
Clusters: 35 Size min 1, max 2, avg 1.0
Singletons: 34, 94.4% of seqs, 97.1% of clusters
Multiple alignments 100%
vsearch v2.30.0_linux_x86_64, 94.1GB RAM, 24 cores
https://github.com/torognes/vsearch

Reading file results/clustering/cdr/cov_illu_first_R0_vh/cdr3_clusters/e7182dd4-57b6-459f-a9ac-756d2a137a0f-IGH.fasta 100%
1497 nt in 34 seqs, min 24, max 57, avg 44
Masking 100%
Sorting by length 100%
Counting k-mers 100%
Clustering 100%
Sorting clusters 100%
Writing clusters 100%
Clusters: 34 Size min 1, max 1, avg 1.0
Singletons: 34, 100.0% of seqs, 100.0% of clusters
Multiple alignments 100%
vsearch v2.30.0_linux_x86_64, 94.1GB RAM, 24 cores
https://github.com/torognes/vsearch

Reading file results/clustering/cdr/cov_illu_first_R0_vh/cdr3_clusters/e90d5829-9968-4982-a941-dd030248881b-IGH.fasta 100%
198 nt in 6 seqs, min 27, max 36, avg 33
Masking 100%
Sorting by length 100%
Counting k-mers 100%
Clustering 100%
Sorting clusters 100%
Writing clusters 100%
Clusters: 6 Size min 1, max 1, avg 1.0
Singletons: 6, 100.0% of seqs, 100.0% of clusters
Multiple alignments 100%
vsearch v2.30.0_linux_x86_64, 94.1GB RAM, 24 cores
https://github.com/torognes/vsearch

Reading file results/clustering/cdr/cov_illu_first_R0_vh/cdr3_clusters/c973ca2a-34cf-4bc0-9825-80d3bbca2a3e-IGH.fasta 100%
402 nt in 11 seqs, min 18, max 45, avg 37
Masking 100%
Sorting by length 100%
Counting k-mers 100%
Clustering 100%
Sorting clusters 100%
Writing clusters 100%
Clusters: 10 Size min 1, max 2, avg 1.1
Singletons: 9, 81.8% of seqs, 90.0% of clusters
Multiple alignments 100%
vsearch v2.30.0_linux_x86_64, 94.1GB RAM, 24 cores
https://github.com/torognes/vsearch

Reading file results/clustering/cdr/cov_illu_first_R0_vh/cdr3_clusters/36b2ebf1-54c5-4503-8019-cc0ed26d0d55-IGH.fasta 100%
1362 nt in 35 seqs, min 15, max 48, avg 39
Masking 100%
Sorting by length 100%
Counting k-mers 100%
Clustering 100%
Sorting clusters 100%
Writing clusters 100%
Clusters: 34 Size min 1, max 2, avg 1.0
Singletons: 33, 94.3% of seqs, 97.1% of clusters
Multiple alignments 100%
vsearch v2.30.0_linux_x86_64, 94.1GB RAM, 24 cores
https://github.com/torognes/vsearch

Reading file results/clustering/cdr/cov_illu_first_R0_vh/cdr3_clusters/fc8cd1ae-fff1-4ee8-95ed-7ed65ee41484-IGH.fasta 100%
252 nt in 8 seqs, min 18, max 39, avg 32
Masking 100%
Sorting by length 100%
Counting k-mers 100%
Clustering 100%
Sorting clusters 100%
Writing clusters 100%
Clusters: 8 Size min 1, max 1, avg 1.0
Singletons: 8, 100.0% of seqs, 100.0% of clusters
Multiple alignments 100%
vsearch v2.30.0_linux_x86_64, 94.1GB RAM, 24 cores
https://github.com/torognes/vsearch

Reading file results/clustering/cdr/cov_illu_first_R0_vh/cdr3_clusters/6d698d41-7e7b-4f55-b559-7690c35ee5a5-IGH.fasta 100%
267 nt in 7 seqs, min 33, max 39, avg 38
Masking 100%
Sorting by length 100%
Counting k-mers 100%
Clustering 100%
Sorting clusters 100%
Writing clusters 100%
Clusters: 6 Size min 1, max 2, avg 1.2
Singletons: 5, 71.4% of seqs, 83.3% of clusters
Multiple alignments 100%
vsearch v2.30.0_linux_x86_64, 94.1GB RAM, 24 cores
https://github.com/torognes/vsearch

Reading file results/clustering/cdr/cov_illu_first_R0_vh/cdr3_clusters/cf52b687-4015-482d-89da-dc3d2a6e4e60-IGH.fasta 100%
969 nt in 24 seqs, min 27, max 51, avg 40
Masking 100%
Sorting by length 100%
Counting k-mers 100%
Clustering 100%
Sorting clusters 100%
Writing clusters 100%
Clusters: 24 Size min 1, max 1, avg 1.0
Singletons: 24, 100.0% of seqs, 100.0% of clusters
Multiple alignments 100%
vsearch v2.30.0_linux_x86_64, 94.1GB RAM, 24 cores
https://github.com/torognes/vsearch

Reading file results/clustering/cdr/cov_illu_first_R0_vh/cdr3_clusters/d5adbe68-b704-4eec-a91d-10c4e7c9a4a3-IGH.fasta 100%
366 nt in 10 seqs, min 27, max 45, avg 37
Masking 100%
Sorting by length 100%
Counting k-mers 100%
Clustering 100%
Sorting clusters 100%
Writing clusters 100%
Clusters: 10 Size min 1, max 1, avg 1.0
Singletons: 10, 100.0% of seqs, 100.0% of clusters
Multiple alignments 100%
vsearch v2.30.0_linux_x86_64, 94.1GB RAM, 24 cores
https://github.com/torognes/vsearch

Reading file results/clustering/cdr/cov_illu_first_R0_vh/cdr3_clusters/ddf9f74a-156c-435e-b18c-7e83fd306dfc-IGH.fasta 100%
12699 nt in 353 seqs, min 33, max 36, avg 36
Masking 100%
Sorting by length 100%
Counting k-mers 100%
Clustering 100%
Sorting clusters 100%
Writing clusters 100%
Clusters: 15 Size min 1, max 108, avg 23.5
Singletons: 5, 1.4% of seqs, 33.3% of clusters
Multiple alignments 100%
vsearch v2.30.0_linux_x86_64, 94.1GB RAM, 24 cores
https://github.com/torognes/vsearch

Reading file results/clustering/cdr/cov_illu_first_R0_vh/cdr3_clusters/65902209-5fe1-4bd6-9410-c43b293b3447-IGH.fasta 100%
162 nt in 5 seqs, min 30, max 36, avg 32
Masking 100%
Sorting by length 100%
Counting k-mers 100%
Clustering 100%
Sorting clusters 100%
Writing clusters 100%
Clusters: 5 Size min 1, max 1, avg 1.0
Singletons: 5, 100.0% of seqs, 100.0% of clusters
Multiple alignments 100%
vsearch v2.30.0_linux_x86_64, 94.1GB RAM, 24 cores
https://github.com/torognes/vsearch

Reading file results/clustering/cdr/cov_illu_first_R0_vh/cdr3_clusters/38c89c78-43af-48b5-aedb-32afa00bc00a-IGH.fasta 100%
1209 nt in 28 seqs, min 30, max 54, avg 43
Masking 100%
Sorting by length 100%
Counting k-mers 100%
Clustering 100%
Sorting clusters 100%
Writing clusters 100%
Clusters: 27 Size min 1, max 2, avg 1.0
Singletons: 26, 92.9% of seqs, 96.3% of clusters
Multiple alignments 100%
vsearch v2.30.0_linux_x86_64, 94.1GB RAM, 24 cores
https://github.com/torognes/vsearch

Reading file results/clustering/cdr/cov_illu_first_R0_vh/cdr3_clusters/92392c4f-2f89-4f1f-a2f0-5e33d66b4e49-IGH.fasta 100%
732 nt in 17 seqs, min 30, max 51, avg 43
Masking 100%
Sorting by length 100%
Counting k-mers 100%
Clustering 100%
Sorting clusters 100%
Writing clusters 100%
Clusters: 14 Size min 1, max 3, avg 1.2
Singletons: 12, 70.6% of seqs, 85.7% of clusters
Multiple alignments 100%
vsearch v2.30.0_linux_x86_64, 94.1GB RAM, 24 cores
https://github.com/torognes/vsearch

Reading file results/clustering/cdr/cov_illu_first_R0_vh/cdr3_clusters/882b7dba-c14f-45e3-966e-903344fcb963-IGH.fasta 100%
738 nt in 21 seqs, min 18, max 42, avg 35
Masking 100%
Sorting by length 100%
Counting k-mers 100%
Clustering 100%
Sorting clusters 100%
Writing clusters 100%
Clusters: 20 Size min 1, max 2, avg 1.1
Singletons: 19, 90.5% of seqs, 95.0% of clusters
Multiple alignments 100%
vsearch v2.30.0_linux_x86_64, 94.1GB RAM, 24 cores
https://github.com/torognes/vsearch

Reading file results/clustering/cdr/cov_illu_first_R0_vh/cdr3_clusters/748d5496-e9ff-4dd9-8845-6fb472d67923-IGH.fasta 100%
555 nt in 15 seqs, min 24, max 45, avg 37
Masking 100%
Sorting by length 100%
Counting k-mers 100%
Clustering 100%
Sorting clusters 100%
Writing clusters 100%
Clusters: 13 Size min 1, max 2, avg 1.2
Singletons: 11, 73.3% of seqs, 84.6% of clusters
Multiple alignments 100%
vsearch v2.30.0_linux_x86_64, 94.1GB RAM, 24 cores
https://github.com/torognes/vsearch

Reading file results/clustering/cdr/cov_illu_first_R0_vh/cdr3_clusters/17367cf3-c5cd-4677-bbc3-201a05e8f4a2-IGH.fasta 100%
831 nt in 24 seqs, min 18, max 45, avg 35
Masking 100%
Sorting by length 100%
Counting k-mers 100%
Clustering 100%
Sorting clusters 100%
Writing clusters 100%
Clusters: 23 Size min 1, max 2, avg 1.0
Singletons: 22, 91.7% of seqs, 95.7% of clusters
Multiple alignments 100%
vsearch v2.30.0_linux_x86_64, 94.1GB RAM, 24 cores
https://github.com/torognes/vsearch

Reading file results/clustering/cdr/cov_illu_first_R0_vh/cdr3_clusters/1a3e42b6-3685-4138-84ba-092e68511ec7-IGH.fasta 100%
201 nt in 7 seqs, min 27, max 30, avg 29
Masking 100%
Sorting by length 100%
Counting k-mers 100%
Clustering 100%
Sorting clusters 100%
Writing clusters 100%
Clusters: 5 Size min 1, max 3, avg 1.4
Singletons: 4, 57.1% of seqs, 80.0% of clusters
Multiple alignments 100%
vsearch v2.30.0_linux_x86_64, 94.1GB RAM, 24 cores
https://github.com/torognes/vsearch

Reading file results/clustering/cdr/cov_illu_first_R0_vh/cdr3_clusters/1fda4ead-b683-46c7-b7ff-a205d34ea633-IGH.fasta 100%
630 nt in 15 seqs, min 33, max 57, avg 42
Masking 100%
Sorting by length 100%
Counting k-mers 100%
Clustering 100%
Sorting clusters 100%
Writing clusters 100%
Clusters: 15 Size min 1, max 1, avg 1.0
Singletons: 15, 100.0% of seqs, 100.0% of clusters
Multiple alignments 100%
vsearch v2.30.0_linux_x86_64, 94.1GB RAM, 24 cores
https://github.com/torognes/vsearch

Reading file results/clustering/cdr/cov_illu_first_R0_vh/cdr3_clusters/074303bb-ec1a-4fb6-a2e4-d3b9f965705e-IGH.fasta 100%
168 nt in 5 seqs, min 30, max 36, avg 34
Masking 100%
Sorting by length 100%
Counting k-mers 100%
Clustering 100%
Sorting clusters 100%
Writing clusters 100%
Clusters: 5 Size min 1, max 1, avg 1.0
Singletons: 5, 100.0% of seqs, 100.0% of clusters
Multiple alignments 100%
vsearch v2.30.0_linux_x86_64, 94.1GB RAM, 24 cores
https://github.com/torognes/vsearch

Reading file results/clustering/cdr/cov_illu_first_R0_vh/cdr3_clusters/aa886802-c4d8-4ab6-8640-c98d0ff96c59-IGH.fasta 100%
2994 nt in 66 seqs, min 33, max 66, avg 45
Masking 100%
Sorting by length 100%
Counting k-mers 100%
Clustering 100%
Sorting clusters 100%
Writing clusters 100%
Clusters: 64 Size min 1, max 2, avg 1.0
Singletons: 62, 93.9% of seqs, 96.9% of clusters
Multiple alignments 100%
vsearch v2.30.0_linux_x86_64, 94.1GB RAM, 24 cores
https://github.com/torognes/vsearch

Reading file results/clustering/cdr/cov_illu_first_R0_vh/cdr3_clusters/5547d893-6db9-4d44-8539-787a8749e6d3-IGH.fasta 100%
1947 nt in 38 seqs, min 33, max 69, avg 51
Masking 100%
Sorting by length 100%
Counting k-mers 100%
Clustering 100%
Sorting clusters 100%
Writing clusters 100%
Clusters: 32 Size min 1, max 5, avg 1.2
Singletons: 29, 76.3% of seqs, 90.6% of clusters
Multiple alignments 100%
vsearch v2.30.0_linux_x86_64, 94.1GB RAM, 24 cores
https://github.com/torognes/vsearch

Reading file results/clustering/cdr/cov_illu_first_R0_vh/cdr3_clusters/40561c05-c7a9-4c18-baa2-0b6010c306e2-IGH.fasta 100%
1155 nt in 27 seqs, min 27, max 45, avg 43
Masking 100%
Sorting by length 100%
Counting k-mers 100%
Clustering 100%
Sorting clusters 100%
Writing clusters 100%
Clusters: 7 Size min 1, max 21, avg 3.9
Singletons: 6, 22.2% of seqs, 85.7% of clusters
Multiple alignments 100%
vsearch v2.30.0_linux_x86_64, 94.1GB RAM, 24 cores
https://github.com/torognes/vsearch

Reading file results/clustering/cdr/cov_illu_first_R0_vh/cdr3_clusters/8b536789-ddc2-4a6a-81c4-876473f4c108-IGH.fasta 100%
2832 nt in 71 seqs, min 24, max 81, avg 40
Masking 100%
Sorting by length 100%
Counting k-mers 100%
Clustering 100%
Sorting clusters 100%
Writing clusters 100%
Clusters: 59 Size min 1, max 4, avg 1.2
Singletons: 51, 71.8% of seqs, 86.4% of clusters
Multiple alignments 100%
vsearch v2.30.0_linux_x86_64, 94.1GB RAM, 24 cores
https://github.com/torognes/vsearch

Reading file results/clustering/cdr/cov_illu_first_R0_vh/cdr3_clusters/04c72c37-8b30-4c35-88ab-a06f13efed42-IGH.fasta 100%
1119 nt in 27 seqs, min 27, max 48, avg 41
Masking 100%
Sorting by length 100%
Counting k-mers 100%
Clustering 100%
Sorting clusters 100%
Writing clusters 100%
Clusters: 25 Size min 1, max 3, avg 1.1
Singletons: 24, 88.9% of seqs, 96.0% of clusters
Multiple alignments 100%
vsearch v2.30.0_linux_x86_64, 94.1GB RAM, 24 cores
https://github.com/torognes/vsearch

Reading file results/clustering/cdr/cov_illu_first_R0_vh/cdr3_clusters/a0a0389f-79e1-49a2-a4eb-bd18b19a11d0-IGH.fasta 100%
474 nt in 9 seqs, min 36, max 60, avg 53
Masking 100%
Sorting by length 100%
Counting k-mers 100%
Clustering 100%
Sorting clusters 100%
Writing clusters 100%
Clusters: 7 Size min 1, max 3, avg 1.3
Singletons: 6, 66.7% of seqs, 85.7% of clusters
Multiple alignments 100%
vsearch v2.30.0_linux_x86_64, 94.1GB RAM, 24 cores
https://github.com/torognes/vsearch

Reading file results/clustering/cdr/cov_illu_first_R0_vh/cdr3_clusters/b2888801-fc3c-4690-997c-656751bf1b08-IGH.fasta 100%
1536 nt in 47 seqs, min 15, max 39, avg 33
Masking 100%
Sorting by length 100%
Counting k-mers 100%
Clustering 100%
Sorting clusters 100%
Writing clusters 100%
Clusters: 25 Size min 1, max 22, avg 1.9
Singletons: 23, 48.9% of seqs, 92.0% of clusters
Multiple alignments 100%
vsearch v2.30.0_linux_x86_64, 94.1GB RAM, 24 cores
https://github.com/torognes/vsearch

Reading file results/clustering/cdr/cov_illu_first_R0_vh/cdr3_clusters/1b59ea1d-7ac2-4082-b56c-1c74714e3ca5-IGH.fasta 100%
357 nt in 10 seqs, min 27, max 42, avg 36
Masking 100%
Sorting by length 100%
Counting k-mers 100%
Clustering 100%
Sorting clusters 100%
Writing clusters 100%
Clusters: 10 Size min 1, max 1, avg 1.0
Singletons: 10, 100.0% of seqs, 100.0% of clusters
Multiple alignments 100%
vsearch v2.30.0_linux_x86_64, 94.1GB RAM, 24 cores
https://github.com/torognes/vsearch

Reading file results/clustering/cdr/cov_illu_first_R0_vh/cdr3_clusters/dd1c2fb5-a271-40f5-bfa4-f48f77a58793-IGH.fasta 100%
912 nt in 21 seqs, min 30, max 57, avg 43
Masking 100%
Sorting by length 100%
Counting k-mers 100%
Clustering 100%
Sorting clusters 100%
Writing clusters 100%
Clusters: 21 Size min 1, max 1, avg 1.0
Singletons: 21, 100.0% of seqs, 100.0% of clusters
Multiple alignments 100%
vsearch v2.30.0_linux_x86_64, 94.1GB RAM, 24 cores
https://github.com/torognes/vsearch

Reading file results/clustering/cdr/cov_illu_first_R0_vh/cdr3_clusters/65d70b39-b1f5-44cf-bc16-8de5985c0e53-IGK.fasta 100%
0 nt in 0 seqs
minseqlength 6: 26 sequences discarded.
Masking 100%
Sorting by length 100%
Counting k-mers 100%
Clustering 100%
Sorting clusters 100%
Writing clusters 100%
Clusters: 0
Singletons: 0
Multiple alignments 100%
vsearch v2.30.0_linux_x86_64, 94.1GB RAM, 24 cores
https://github.com/torognes/vsearch

Reading file results/clustering/cdr/cov_illu_first_R0_vh/cdr3_clusters/ca46a8dd-5ed4-4957-a537-687d87a041de-IGH.fasta 100%
1584 nt in 41 seqs, min 21, max 51, avg 39
Masking 100%
Sorting by length 100%
Counting k-mers 100%
Clustering 100%
Sorting clusters 100%
Writing clusters 100%
Clusters: 40 Size min 1, max 2, avg 1.0
Singletons: 39, 95.1% of seqs, 97.5% of clusters
Multiple alignments 100%
vsearch v2.30.0_linux_x86_64, 94.1GB RAM, 24 cores
https://github.com/torognes/vsearch

Reading file results/clustering/cdr/cov_illu_first_R0_vh/cdr3_clusters/ce954def-bcd5-41d0-8ba5-c03a97d1e145-IGH.fasta 100%
1425 nt in 39 seqs, min 36, max 48, avg 37
Masking 100%
Sorting by length 100%
Counting k-mers 100%
Clustering 100%
Sorting clusters 100%
Writing clusters 100%
Clusters: 5 Size min 1, max 35, avg 7.8
Singletons: 4, 10.3% of seqs, 80.0% of clusters
Multiple alignments 100%
vsearch v2.30.0_linux_x86_64, 94.1GB RAM, 24 cores
https://github.com/torognes/vsearch

Reading file results/clustering/cdr/cov_illu_first_R0_vh/cdr3_clusters/9c80768b-f525-4ba3-bdad-d197c51de37a-IGH.fasta 100%
447 nt in 10 seqs, min 36, max 51, avg 45
Masking 100%
Sorting by length 100%
Counting k-mers 100%
Clustering 100%
Sorting clusters 100%
Writing clusters 100%
Clusters: 10 Size min 1, max 1, avg 1.0
Singletons: 10, 100.0% of seqs, 100.0% of clusters
Multiple alignments 100%
vsearch v2.30.0_linux_x86_64, 94.1GB RAM, 24 cores
https://github.com/torognes/vsearch

Reading file results/clustering/cdr/cov_illu_first_R0_vh/cdr3_clusters/63a3aeb8-711d-4dfd-8b16-5c5b94369fb5-IGH.fasta 100%
243 nt in 6 seqs, min 36, max 45, avg 40
Masking 100%
Sorting by length 100%
Counting k-mers 100%
Clustering 100%
Sorting clusters 100%
Writing clusters 100%
Clusters: 6 Size min 1, max 1, avg 1.0
Singletons: 6, 100.0% of seqs, 100.0% of clusters
Multiple alignments 100%
vsearch v2.30.0_linux_x86_64, 94.1GB RAM, 24 cores
https://github.com/torognes/vsearch

Reading file results/clustering/cdr/cov_illu_first_R0_vh/cdr3_clusters/0a44e8e4-7358-45f3-a98e-8d6f454f9a8f-IGH.fasta 100%
681 nt in 17 seqs, min 24, max 51, avg 40
Masking 100%
Sorting by length 100%
Counting k-mers 100%
Clustering 100%
Sorting clusters 100%
Writing clusters 100%
Clusters: 14 Size min 1, max 2, avg 1.2
Singletons: 11, 64.7% of seqs, 78.6% of clusters
Multiple alignments 100%
vsearch v2.30.0_linux_x86_64, 94.1GB RAM, 24 cores
https://github.com/torognes/vsearch

Reading file results/clustering/cdr/cov_illu_first_R0_vh/cdr3_clusters/75f29a03-2821-4064-accb-75db28fb6a5c-IGH.fasta 100%
603 nt in 21 seqs, min 18, max 36, avg 29
Masking 100%
Sorting by length 100%
Counting k-mers 100%
Clustering 100%
Sorting clusters 100%
Writing clusters 100%
Clusters: 20 Size min 1, max 2, avg 1.1
Singletons: 19, 90.5% of seqs, 95.0% of clusters
Multiple alignments 100%
vsearch v2.30.0_linux_x86_64, 94.1GB RAM, 24 cores
https://github.com/torognes/vsearch

Reading file results/clustering/cdr/cov_illu_first_R0_vh/cdr3_clusters/2d26bbed-6f74-4ae1-9b05-a83b63252fe6-IGH.fasta 100%
924 nt in 18 seqs, min 36, max 63, avg 51
Masking 100%
Sorting by length 100%
Counting k-mers 100%
Clustering 100%
Sorting clusters 100%
Writing clusters 100%
Clusters: 17 Size min 1, max 2, avg 1.1
Singletons: 16, 88.9% of seqs, 94.1% of clusters
Multiple alignments 100%
vsearch v2.30.0_linux_x86_64, 94.1GB RAM, 24 cores
https://github.com/torognes/vsearch

Reading file results/clustering/cdr/cov_illu_first_R0_vh/cdr3_clusters/11819b99-795d-423b-84c9-be1f179a5f14-IGH.fasta 100%
240 nt in 7 seqs, min 33, max 36, avg 34
Masking 100%
Sorting by length 100%
Counting k-mers 100%
Clustering 100%
Sorting clusters 100%
Writing clusters 100%
Clusters: 6 Size min 1, max 2, avg 1.2
Singletons: 5, 71.4% of seqs, 83.3% of clusters
Multiple alignments 100%
vsearch v2.30.0_linux_x86_64, 94.1GB RAM, 24 cores
https://github.com/torognes/vsearch

Reading file results/clustering/cdr/cov_illu_first_R0_vh/cdr3_clusters/8788ee6f-283e-491f-8a59-736c3780278b-IGH.fasta 100%
3333 nt in 89 seqs, min 27, max 48, avg 37
Masking 100%
Sorting by length 100%
Counting k-mers 100%
Clustering 100%
Sorting clusters 100%
Writing clusters 100%
Clusters: 22 Size min 1, max 63, avg 4.0
Singletons: 18, 20.2% of seqs, 81.8% of clusters
Multiple alignments 100%
vsearch v2.30.0_linux_x86_64, 94.1GB RAM, 24 cores
https://github.com/torognes/vsearch

Reading file results/clustering/cdr/cov_illu_first_R0_vh/cdr3_clusters/6a5acb5b-a3ba-4f86-a321-809a619d4155-IGH.fasta 100%
216 nt in 6 seqs, min 36, max 36, avg 36
Masking 100%
Sorting by length 100%
Counting k-mers 100%
Clustering 100%
Sorting clusters 100%
Writing clusters 100%
Clusters: 2 Size min 1, max 5, avg 3.0
Singletons: 1, 16.7% of seqs, 50.0% of clusters
Multiple alignments 100%
vsearch v2.30.0_linux_x86_64, 94.1GB RAM, 24 cores
https://github.com/torognes/vsearch

Reading file results/clustering/cdr/cov_illu_first_R0_vh/cdr3_clusters/1601becf-bb7e-475d-aec1-c0f514a25b41-IGH.fasta 100%
129 nt in 6 seqs, min 18, max 27, avg 22
Masking 100%
Sorting by length 100%
Counting k-mers 100%
Clustering 100%
Sorting clusters 100%
Writing clusters 100%
Clusters: 6 Size min 1, max 1, avg 1.0
Singletons: 6, 100.0% of seqs, 100.0% of clusters
Multiple alignments 100%
vsearch v2.30.0_linux_x86_64, 94.1GB RAM, 24 cores
https://github.com/torognes/vsearch

Reading file results/clustering/cdr/cov_illu_first_R0_vh/cdr3_clusters/afe91400-cb5f-44b2-b696-7997f96ea921-IGH.fasta 100%
276 nt in 12 seqs, min 15, max 24, avg 23
Masking 100%
Sorting by length 100%
Counting k-mers 100%
Clustering 100%
Sorting clusters 100%
Writing clusters 100%
Clusters: 6 Size min 1, max 7, avg 2.0
Singletons: 5, 41.7% of seqs, 83.3% of clusters
Multiple alignments 100%
vsearch v2.30.0_linux_x86_64, 94.1GB RAM, 24 cores
https://github.com/torognes/vsearch

Reading file results/clustering/cdr/cov_illu_first_R0_vh/cdr3_clusters/92f252c9-478a-437c-8dd8-f5513facf462-IGH.fasta 100%
2283 nt in 55 seqs, min 30, max 57, avg 42
Masking 100%
Sorting by length 100%
Counting k-mers 100%
Clustering 100%
Sorting clusters 100%
Writing clusters 100%
Clusters: 42 Size min 1, max 7, avg 1.3
Singletons: 37, 67.3% of seqs, 88.1% of clusters
Multiple alignments 100%
vsearch v2.30.0_linux_x86_64, 94.1GB RAM, 24 cores
https://github.com/torognes/vsearch

Reading file results/clustering/cdr/cov_illu_first_R0_vh/cdr3_clusters/dfac3652-6321-4446-a231-7c9c5af80631-IGH.fasta 100%
459 nt in 9 seqs, min 30, max 69, avg 51
Masking 100%
Sorting by length 100%
Counting k-mers 100%
Clustering 100%
Sorting clusters 100%
Writing clusters 100%
Clusters: 9 Size min 1, max 1, avg 1.0
Singletons: 9, 100.0% of seqs, 100.0% of clusters
Multiple alignments 100%
vsearch v2.30.0_linux_x86_64, 94.1GB RAM, 24 cores
https://github.com/torognes/vsearch

Reading file results/clustering/cdr/cov_illu_first_R0_vh/cdr3_clusters/dd7351fb-218f-4f8d-afa5-93b83a9ad8a1-IGH.fasta 100%
117 nt in 5 seqs, min 18, max 27, avg 23
Masking 100%
Sorting by length 100%
Counting k-mers 100%
Clustering 100%
Sorting clusters 100%
Writing clusters 100%
Clusters: 5 Size min 1, max 1, avg 1.0
Singletons: 5, 100.0% of seqs, 100.0% of clusters
Multiple alignments 100%
vsearch v2.30.0_linux_x86_64, 94.1GB RAM, 24 cores
https://github.com/torognes/vsearch

Reading file results/clustering/cdr/cov_illu_first_R0_vh/cdr3_clusters/9739e81b-f88d-4e52-9dd1-f324f337eccc-IGH.fasta 100%
288 nt in 6 seqs, min 48, max 48, avg 48
Masking 100%
Sorting by length 100%
Counting k-mers 100%
Clustering 100%
Sorting clusters 100%
Writing clusters 100%
Clusters: 1 Size min 6, max 6, avg 6.0
Singletons: 0, 0.0% of seqs, 0.0% of clusters
Multiple alignments 100%
vsearch v2.30.0_linux_x86_64, 94.1GB RAM, 24 cores
https://github.com/torognes/vsearch

Reading file results/clustering/cdr/cov_illu_first_R0_vh/cdr3_clusters/f0c5b1aa-7f1d-4ce4-9bf9-48cbf45ab323-IGH.fasta 100%
399 nt in 7 seqs, min 42, max 72, avg 57
Masking 100%
Sorting by length 100%
Counting k-mers 100%
Clustering 100%
Sorting clusters 100%
Writing clusters 100%
Clusters: 7 Size min 1, max 1, avg 1.0
Singletons: 7, 100.0% of seqs, 100.0% of clusters
Multiple alignments 100%
vsearch v2.30.0_linux_x86_64, 94.1GB RAM, 24 cores
https://github.com/torognes/vsearch

Reading file results/clustering/cdr/cov_illu_first_R0_vh/cdr3_clusters/0af67916-943b-4344-97b8-f254eeef8dea-IGH.fasta 100%
183 nt in 5 seqs, min 30, max 39, avg 37
Masking 100%
Sorting by length 100%
Counting k-mers 100%
Clustering 100%
Sorting clusters 100%
Writing clusters 100%
Clusters: 3 Size min 1, max 3, avg 1.7
Singletons: 2, 40.0% of seqs, 66.7% of clusters
Multiple alignments 100%
vsearch v2.30.0_linux_x86_64, 94.1GB RAM, 24 cores
https://github.com/torognes/vsearch

Reading file results/clustering/cdr/cov_illu_first_R0_vh/cdr3_clusters/5ece1246-f593-4263-bfae-e4b7861e21fd-IGH.fasta 100%
19773 nt in 394 seqs, min 39, max 81, avg 50
Masking 100%
Sorting by length 100%
Counting k-mers 100%
Clustering 100%
Sorting clusters 100%
Writing clusters 100%
Clusters: 354 Size min 1, max 6, avg 1.1
Singletons: 324, 82.2% of seqs, 91.5% of clusters
Multiple alignments 100%
vsearch v2.30.0_linux_x86_64, 94.1GB RAM, 24 cores
https://github.com/torognes/vsearch

Reading file results/clustering/cdr/cov_illu_first_R0_vh/cdr3_clusters/7692b1ec-2343-4011-a7db-4650eb479832-IGH.fasta 100%
5358 nt in 146 seqs, min 15, max 57, avg 37
Masking 100%
Sorting by length 100%
Counting k-mers 100%
Clustering 100%
Sorting clusters 100%
Writing clusters 100%
Clusters: 136 Size min 1, max 4, avg 1.1
Singletons: 129, 88.4% of seqs, 94.9% of clusters
Multiple alignments 100%
vsearch v2.30.0_linux_x86_64, 94.1GB RAM, 24 cores
https://github.com/torognes/vsearch

Reading file results/clustering/cdr/cov_illu_first_R0_vh/cdr3_clusters/1303ebdd-ad84-4377-8ce7-2da8ee1f7e3b-IGH.fasta 100%
5373 nt in 138 seqs, min 18, max 51, avg 39
Masking 100%
Sorting by length 100%
Counting k-mers 100%
Clustering 100%
Sorting clusters 100%
Writing clusters 100%
Clusters: 108 Size min 1, max 8, avg 1.3
Singletons: 92, 66.7% of seqs, 85.2% of clusters
Multiple alignments 100%
vsearch v2.30.0_linux_x86_64, 94.1GB RAM, 24 cores
https://github.com/torognes/vsearch

Reading file results/clustering/cdr/cov_illu_first_R0_vh/cdr3_clusters/4521d269-1f9c-46bf-84bb-103e544373ba-IGH.fasta 100%
672 nt in 23 seqs, min 15, max 39, avg 29
Masking 100%
Sorting by length 100%
Counting k-mers 100%
Clustering 100%
Sorting clusters 100%
Writing clusters 100%
Clusters: 22 Size min 1, max 2, avg 1.0
Singletons: 21, 91.3% of seqs, 95.5% of clusters
Multiple alignments 100%
vsearch v2.30.0_linux_x86_64, 94.1GB RAM, 24 cores
https://github.com/torognes/vsearch

Reading file results/clustering/cdr/cov_illu_first_R0_vh/cdr3_clusters/e8145a75-4f28-43c4-85fe-ff84466ee07c-IGH.fasta 100%
342 nt in 9 seqs, min 24, max 45, avg 38
Masking 100%
Sorting by length 100%
Counting k-mers 100%
Clustering 100%
Sorting clusters 100%
Writing clusters 100%
Clusters: 9 Size min 1, max 1, avg 1.0
Singletons: 9, 100.0% of seqs, 100.0% of clusters
Multiple alignments 100%
vsearch v2.30.0_linux_x86_64, 94.1GB RAM, 24 cores
https://github.com/torognes/vsearch

Reading file results/clustering/cdr/cov_illu_first_R0_vh/cdr3_clusters/5c539ff3-a5eb-43d2-a377-9ff5b63d1159-IGH.fasta 100%
603 nt in 19 seqs, min 18, max 42, avg 32
Masking 100%
Sorting by length 100%
Counting k-mers 100%
Clustering 100%
Sorting clusters 100%
Writing clusters 100%
Clusters: 19 Size min 1, max 1, avg 1.0
Singletons: 19, 100.0% of seqs, 100.0% of clusters
Multiple alignments 100%
vsearch v2.30.0_linux_x86_64, 94.1GB RAM, 24 cores
https://github.com/torognes/vsearch

Reading file results/clustering/cdr/cov_illu_first_R0_vh/cdr3_clusters/57f50227-47f5-421d-a6fb-fca3ad06cdd9-IGH.fasta 100%
258 nt in 7 seqs, min 30, max 45, avg 37
Masking 100%
Sorting by length 100%
Counting k-mers 100%
Clustering 100%
Sorting clusters 100%
Writing clusters 100%
Clusters: 7 Size min 1, max 1, avg 1.0
Singletons: 7, 100.0% of seqs, 100.0% of clusters
Multiple alignments 100%
vsearch v2.30.0_linux_x86_64, 94.1GB RAM, 24 cores
https://github.com/torognes/vsearch

Reading file results/clustering/cdr/cov_illu_first_R0_vh/cdr3_clusters/50e825d2-ea4c-462f-85de-9784bab30bfc-IGH.fasta 100%
333 nt in 8 seqs, min 33, max 48, avg 42
Masking 100%
Sorting by length 100%
Counting k-mers 100%
Clustering 100%
Sorting clusters 100%
Writing clusters 100%
Clusters: 8 Size min 1, max 1, avg 1.0
Singletons: 8, 100.0% of seqs, 100.0% of clusters
Multiple alignments 100%
vsearch v2.30.0_linux_x86_64, 94.1GB RAM, 24 cores
https://github.com/torognes/vsearch

Reading file results/clustering/cdr/cov_illu_first_R0_vh/cdr3_clusters/87d96100-8b15-47bf-8abf-04adcb6aa439-IGH.fasta 100%
522 nt in 13 seqs, min 36, max 48, avg 40
Masking 100%
Sorting by length 100%
Counting k-mers 100%
Clustering 100%
Sorting clusters 100%
Writing clusters 100%
Clusters: 11 Size min 1, max 3, avg 1.2
Singletons: 10, 76.9% of seqs, 90.9% of clusters
Multiple alignments 100%
vsearch v2.30.0_linux_x86_64, 94.1GB RAM, 24 cores
https://github.com/torognes/vsearch

Reading file results/clustering/cdr/cov_illu_first_R0_vh/cdr3_clusters/63ec44be-14e3-4e19-8e25-93efd53d465c-IGH.fasta 100%
1368 nt in 36 seqs, min 27, max 57, avg 38
Masking 100%
Sorting by length 100%
Counting k-mers 100%
Clustering 100%
Sorting clusters 100%
Writing clusters 100%
Clusters: 32 Size min 1, max 5, avg 1.1
Singletons: 31, 86.1% of seqs, 96.9% of clusters
Multiple alignments 100%
vsearch v2.30.0_linux_x86_64, 94.1GB RAM, 24 cores
https://github.com/torognes/vsearch

Reading file results/clustering/cdr/cov_illu_first_R0_vh/cdr3_clusters/54e10bed-9bab-4394-8ab9-a6ed2d610a9d-IGH.fasta 100%
24 nt in 1 seqs, min 24, max 24, avg 24
minseqlength 6: 7 sequences discarded.
Masking 100%
Sorting by length 100%
Counting k-mers 100%
Clustering 100%
Sorting clusters 100%
Writing clusters 100%
Clusters: 1 Size min 1, max 1, avg 1.0
Singletons: 1, 100.0% of seqs, 100.0% of clusters
Multiple alignments 100%
vsearch v2.30.0_linux_x86_64, 94.1GB RAM, 24 cores
https://github.com/torognes/vsearch

Reading file results/clustering/cdr/cov_illu_first_R0_vh/cdr3_clusters/570afb5c-fba5-481c-967c-43125876212f-IGH.fasta 100%
498 nt in 19 seqs, min 18, max 33, avg 26
Masking 100%
Sorting by length 100%
Counting k-mers 100%
Clustering 100%
Sorting clusters 100%
Writing clusters 100%
Clusters: 10 Size min 1, max 10, avg 1.9
Singletons: 9, 47.4% of seqs, 90.0% of clusters
Multiple alignments 100%
vsearch v2.30.0_linux_x86_64, 94.1GB RAM, 24 cores
https://github.com/torognes/vsearch

Reading file results/clustering/cdr/cov_illu_first_R0_vh/cdr3_clusters/62c9fc18-fee4-4447-a201-344587b50f9e-IGH.fasta 100%
2487 nt in 55 seqs, min 18, max 54, avg 45
Masking 100%
Sorting by length 100%
Counting k-mers 100%
Clustering 100%
Sorting clusters 100%
Writing clusters 100%
Clusters: 52 Size min 1, max 3, avg 1.1
Singletons: 50, 90.9% of seqs, 96.2% of clusters
Multiple alignments 100%
vsearch v2.30.0_linux_x86_64, 94.1GB RAM, 24 cores
https://github.com/torognes/vsearch

Reading file results/clustering/cdr/cov_illu_first_R0_vh/cdr3_clusters/445298f1-8260-4d6c-a17d-a811adffaeb7-IGH.fasta 100%
189 nt in 5 seqs, min 24, max 48, avg 38
Masking 100%
Sorting by length 100%
Counting k-mers 100%
Clustering 100%
Sorting clusters 100%
Writing clusters 100%
Clusters: 5 Size min 1, max 1, avg 1.0
Singletons: 5, 100.0% of seqs, 100.0% of clusters
Multiple alignments 100%
vsearch v2.30.0_linux_x86_64, 94.1GB RAM, 24 cores
https://github.com/torognes/vsearch

Reading file results/clustering/cdr/cov_illu_first_R0_vh/cdr3_clusters/7d335d90-779d-4ab5-a63e-b3a9b8b70e30-IGH.fasta 100%
1161 nt in 23 seqs, min 33, max 72, avg 50
Masking 100%
Sorting by length 100%
Counting k-mers 100%
Clustering 100%
Sorting clusters 100%
Writing clusters 100%
Clusters: 21 Size min 1, max 2, avg 1.1
Singletons: 19, 82.6% of seqs, 90.5% of clusters
Multiple alignments 100%
vsearch v2.30.0_linux_x86_64, 94.1GB RAM, 24 cores
https://github.com/torognes/vsearch

Reading file results/clustering/cdr/cov_illu_first_R0_vh/cdr3_clusters/38620618-d1cc-43a9-a6db-0523722574b3-IGH.fasta 100%
414 nt in 12 seqs, min 27, max 36, avg 34
Masking 100%
Sorting by length 100%
Counting k-mers 100%
Clustering 100%
Sorting clusters 100%
Writing clusters 100%
Clusters: 7 Size min 1, max 5, avg 1.7
Singletons: 5, 41.7% of seqs, 71.4% of clusters
Multiple alignments 100%
vsearch v2.30.0_linux_x86_64, 94.1GB RAM, 24 cores
https://github.com/torognes/vsearch

Reading file results/clustering/cdr/cov_illu_first_R0_vh/cdr3_clusters/f1c04fdb-0c10-4c7d-ae5d-d72afcdd3327-IGH.fasta 100%
321 nt in 10 seqs, min 21, max 36, avg 32
Masking 100%
Sorting by length 100%
Counting k-mers 100%
Clustering 100%
Sorting clusters 100%
Writing clusters 100%
Clusters: 8 Size min 1, max 2, avg 1.2
Singletons: 6, 60.0% of seqs, 75.0% of clusters
Multiple alignments 100%
vsearch v2.30.0_linux_x86_64, 94.1GB RAM, 24 cores
https://github.com/torognes/vsearch

Reading file results/clustering/cdr/cov_illu_first_R0_vh/cdr3_clusters/62be694d-faa8-446b-a4bf-36d279d9b48c-IGH.fasta 100%
141 nt in 5 seqs, min 24, max 36, avg 28
Masking 100%
Sorting by length 100%
Counting k-mers 100%
Clustering 100%
Sorting clusters 100%
Writing clusters 100%
Clusters: 5 Size min 1, max 1, avg 1.0
Singletons: 5, 100.0% of seqs, 100.0% of clusters
Multiple alignments 100%
vsearch v2.30.0_linux_x86_64, 94.1GB RAM, 24 cores
https://github.com/torognes/vsearch

Reading file results/clustering/cdr/cov_illu_first_R0_vh/cdr3_clusters/61f277d7-e253-465e-96b5-0d9c53d10dbb-IGH.fasta 100%
249 nt in 5 seqs, min 42, max 57, avg 50
Masking 100%
Sorting by length 100%
Counting k-mers 100%
Clustering 100%
Sorting clusters 100%
Writing clusters 100%
Clusters: 5 Size min 1, max 1, avg 1.0
Singletons: 5, 100.0% of seqs, 100.0% of clusters
Multiple alignments 100%
vsearch v2.30.0_linux_x86_64, 94.1GB RAM, 24 cores
https://github.com/torognes/vsearch

Reading file results/clustering/cdr/cov_illu_first_R0_vh/cdr3_clusters/29f04802-3c8b-42d9-8e9c-07e8e42c3543-IGH.fasta 100%
891 nt in 16 seqs, min 39, max 75, avg 56
Masking 100%
Sorting by length 100%
Counting k-mers 100%
Clustering 100%
Sorting clusters 100%
Writing clusters 100%
Clusters: 14 Size min 1, max 3, avg 1.1
Singletons: 13, 81.2% of seqs, 92.9% of clusters
Multiple alignments 100%
vsearch v2.30.0_linux_x86_64, 94.1GB RAM, 24 cores
https://github.com/torognes/vsearch

Reading file results/clustering/cdr/cov_illu_first_R0_vh/cdr3_clusters/c815774e-8a36-4353-954b-6b0bf7c83c2f-IGH.fasta 100%
1293 nt in 38 seqs, min 15, max 42, avg 34
Masking 100%
Sorting by length 100%
Counting k-mers 100%
Clustering 100%
Sorting clusters 100%
Writing clusters 100%
Clusters: 37 Size min 1, max 2, avg 1.0
Singletons: 36, 94.7% of seqs, 97.3% of clusters
Multiple alignments 100%
vsearch v2.30.0_linux_x86_64, 94.1GB RAM, 24 cores
https://github.com/torognes/vsearch

Reading file results/clustering/cdr/cov_illu_first_R0_vh/cdr3_clusters/7cc8fee9-532d-40f0-8afa-b1987b7efb31-IGH.fasta 100%
192 nt in 5 seqs, min 30, max 48, avg 38
Masking 100%
Sorting by length 100%
Counting k-mers 100%
Clustering 100%
Sorting clusters 100%
Writing clusters 100%
Clusters: 5 Size min 1, max 1, avg 1.0
Singletons: 5, 100.0% of seqs, 100.0% of clusters
Multiple alignments 100%
vsearch v2.30.0_linux_x86_64, 94.1GB RAM, 24 cores
https://github.com/torognes/vsearch

Reading file results/clustering/cdr/cov_illu_first_R0_vh/cdr3_clusters/b5497550-56e6-4d2a-aa17-c953b7909063-IGH.fasta 100%
9336 nt in 209 seqs, min 24, max 57, avg 45
Masking 100%
Sorting by length 100%
Counting k-mers 100%
Clustering 100%
Sorting clusters 100%
Writing clusters 100%
Clusters: 130 Size min 1, max 54, avg 1.6
Singletons: 120, 57.4% of seqs, 92.3% of clusters
Multiple alignments 100%
vsearch v2.30.0_linux_x86_64, 94.1GB RAM, 24 cores
https://github.com/torognes/vsearch

Reading file results/clustering/cdr/cov_illu_first_R0_vh/cdr3_clusters/7c7ccd58-5bdf-4247-90c8-452b5c698d3e-IGH.fasta 100%
600 nt in 17 seqs, min 24, max 42, avg 35
Masking 100%
Sorting by length 100%
Counting k-mers 100%
Clustering 100%
Sorting clusters 100%
Writing clusters 100%
Clusters: 13 Size min 1, max 4, avg 1.3
Singletons: 11, 64.7% of seqs, 84.6% of clusters
Multiple alignments 100%
vsearch v2.30.0_linux_x86_64, 94.1GB RAM, 24 cores
https://github.com/torognes/vsearch

Reading file results/clustering/cdr/cov_illu_first_R0_vh/cdr3_clusters/b21da960-719e-44a0-8936-3f14719aa6b4-IGH.fasta 100%
462 nt in 11 seqs, min 30, max 60, avg 42
Masking 100%
Sorting by length 100%
Counting k-mers 100%
Clustering 100%
Sorting clusters 100%
Writing clusters 100%
Clusters: 10 Size min 1, max 2, avg 1.1
Singletons: 9, 81.8% of seqs, 90.0% of clusters
Multiple alignments 100%
vsearch v2.30.0_linux_x86_64, 94.1GB RAM, 24 cores
https://github.com/torognes/vsearch

Reading file results/clustering/cdr/cov_illu_first_R0_vh/cdr3_clusters/eb804834-3d66-4f22-b3fc-59c36b62fda8-IGH.fasta 100%
5355 nt in 150 seqs, min 27, max 42, avg 36
Masking 100%
Sorting by length 100%
Counting k-mers 100%
Clustering 100%
Sorting clusters 100%
Writing clusters 100%
Clusters: 31 Size min 1, max 117, avg 4.8
Singletons: 29, 19.3% of seqs, 93.5% of clusters
Multiple alignments 100%
vsearch v2.30.0_linux_x86_64, 94.1GB RAM, 24 cores
https://github.com/torognes/vsearch

Reading file results/clustering/cdr/cov_illu_first_R0_vh/cdr3_clusters/9e05c2f5-a731-4bcd-ba7b-c66600b7dfa5-IGH.fasta 100%
1107 nt in 32 seqs, min 24, max 42, avg 35
Masking 100%
Sorting by length 100%
Counting k-mers 100%
Clustering 100%
Sorting clusters 100%
Writing clusters 100%
Clusters: 31 Size min 1, max 2, avg 1.0
Singletons: 30, 93.8% of seqs, 96.8% of clusters
Multiple alignments 100%
vsearch v2.30.0_linux_x86_64, 94.1GB RAM, 24 cores
https://github.com/torognes/vsearch

Reading file results/clustering/cdr/cov_illu_first_R0_vh/cdr3_clusters/7a671d6b-915b-4f5c-82fe-898d53cb84e7-IGH.fasta 100%
7479 nt in 168 seqs, min 18, max 66, avg 45
Masking 100%
Sorting by length 100%
Counting k-mers 100%
Clustering 100%
Sorting clusters 100%
Writing clusters 100%
Clusters: 145 Size min 1, max 6, avg 1.2
Singletons: 130, 77.4% of seqs, 89.7% of clusters
Multiple alignments 100%
vsearch v2.30.0_linux_x86_64, 94.1GB RAM, 24 cores
https://github.com/torognes/vsearch

Reading file results/clustering/cdr/cov_illu_first_R0_vh/cdr3_clusters/949808ec-cd5c-4080-bc4f-7c6874ee75fb-IGH.fasta 100%
9897 nt in 277 seqs, min 18, max 51, avg 36
Masking 100%
Sorting by length 100%
Counting k-mers 100%
Clustering 100%
Sorting clusters 100%
Writing clusters 100%
Clusters: 245 Size min 1, max 6, avg 1.1
Singletons: 221, 79.8% of seqs, 90.2% of clusters
Multiple alignments 100%
vsearch v2.30.0_linux_x86_64, 94.1GB RAM, 24 cores
https://github.com/torognes/vsearch

Reading file results/clustering/cdr/cov_illu_first_R0_vh/cdr3_clusters/e9295ae8-11c5-4a90-8078-768872d4bcc4-IGH.fasta 100%
36322 nt in 728 seqs, min 36, max 78, avg 50
Masking 100%
Sorting by length 100%
Counting k-mers 100%
Clustering 100%
Sorting clusters 100%
Writing clusters 100%
Clusters: 588 Size min 1, max 8, avg 1.2
Singletons: 513, 70.5% of seqs, 87.2% of clusters
Multiple alignments 100%
vsearch v2.30.0_linux_x86_64, 94.1GB RAM, 24 cores
https://github.com/torognes/vsearch

Reading file results/clustering/cdr/cov_illu_first_R0_vh/cdr3_clusters/229d8020-9b7b-4c0d-92fd-b96a262ac18b-IGH.fasta 100%
3081 nt in 89 seqs, min 15, max 45, avg 35
Masking 100%
Sorting by length 100%
Counting k-mers 100%
Clustering 100%
Sorting clusters 100%
Writing clusters 100%
Clusters: 83 Size min 1, max 3, avg 1.1
Singletons: 78, 87.6% of seqs, 94.0% of clusters
Multiple alignments 100%
vsearch v2.30.0_linux_x86_64, 94.1GB RAM, 24 cores
https://github.com/torognes/vsearch

Reading file results/clustering/cdr/cov_illu_first_R0_vh/cdr3_clusters/5a61a2ef-7add-4d4a-907b-81a7647bc02f-IGH.fasta 100%
3123 nt in 70 seqs, min 24, max 60, avg 45
Masking 100%
Sorting by length 100%
Counting k-mers 100%
Clustering 100%
Sorting clusters 100%
Writing clusters 100%
Clusters: 64 Size min 1, max 4, avg 1.1
Singletons: 61, 87.1% of seqs, 95.3% of clusters
Multiple alignments 100%
vsearch v2.30.0_linux_x86_64, 94.1GB RAM, 24 cores
https://github.com/torognes/vsearch

Reading file results/clustering/cdr/cov_illu_first_R0_vh/cdr3_clusters/acda6057-55f9-4a8d-bbcf-1d06f20f028f-IGH.fasta 100%
1674 nt in 37 seqs, min 33, max 57, avg 45
minseqlength 6: 1 sequence discarded.
Masking 100%
Sorting by length 100%
Counting k-mers 100%
Clustering 100%
Sorting clusters 100%
Writing clusters 100%
Clusters: 24 Size min 1, max 13, avg 1.5
Singletons: 22, 59.5% of seqs, 91.7% of clusters
Multiple alignments 100%
vsearch v2.30.0_linux_x86_64, 94.1GB RAM, 24 cores
https://github.com/torognes/vsearch

Reading file results/clustering/cdr/cov_illu_first_R0_vh/cdr3_clusters/cb036637-3352-4aa6-8070-8fb251cdc2d1-IGH.fasta 100%
174 nt in 5 seqs, min 27, max 45, avg 35
Masking 100%
Sorting by length 100%
Counting k-mers 100%
Clustering 100%
Sorting clusters 100%
Writing clusters 100%
Clusters: 5 Size min 1, max 1, avg 1.0
Singletons: 5, 100.0% of seqs, 100.0% of clusters
Multiple alignments 100%
vsearch v2.30.0_linux_x86_64, 94.1GB RAM, 24 cores
https://github.com/torognes/vsearch

Reading file results/clustering/cdr/cov_illu_first_R0_vh/cdr3_clusters/7c6f2573-dc13-4453-99a5-443943fb46cd-IGH.fasta 100%
258 nt in 5 seqs, min 45, max 57, avg 52
Masking 100%
Sorting by length 100%
Counting k-mers 100%
Clustering 100%
Sorting clusters 100%
Writing clusters 100%
Clusters: 5 Size min 1, max 1, avg 1.0
Singletons: 5, 100.0% of seqs, 100.0% of clusters
Multiple alignments 100%
vsearch v2.30.0_linux_x86_64, 94.1GB RAM, 24 cores
https://github.com/torognes/vsearch

Reading file results/clustering/cdr/cov_illu_first_R0_vh/cdr3_clusters/f2811868-61b5-4d74-9acd-a9bae61f4046-IGH.fasta 100%
183 nt in 5 seqs, min 27, max 51, avg 37
Masking 100%
Sorting by length 100%
Counting k-mers 100%
Clustering 100%
Sorting clusters 100%
Writing clusters 100%
Clusters: 4 Size min 1, max 2, avg 1.2
Singletons: 3, 60.0% of seqs, 75.0% of clusters
Multiple alignments 100%
vsearch v2.30.0_linux_x86_64, 94.1GB RAM, 24 cores
https://github.com/torognes/vsearch

Reading file results/clustering/cdr/cov_illu_first_R0_vh/cdr3_clusters/c1b10a81-ff96-493a-a58f-1ef0c5b43f2f-IGH.fasta 100%
162 nt in 6 seqs, min 15, max 36, avg 27
Masking 100%
Sorting by length 100%
Counting k-mers 100%
Clustering 100%
Sorting clusters 100%
Writing clusters 100%
Clusters: 6 Size min 1, max 1, avg 1.0
Singletons: 6, 100.0% of seqs, 100.0% of clusters
Multiple alignments 100%
vsearch v2.30.0_linux_x86_64, 94.1GB RAM, 24 cores
https://github.com/torognes/vsearch

Reading file results/clustering/cdr/cov_illu_first_R0_vh/cdr3_clusters/42915a1f-fab6-46f6-8989-fe4d35edcce1-IGH.fasta 100%
123 nt in 5 seqs, min 18, max 30, avg 25
Masking 100%
Sorting by length 100%
Counting k-mers 100%
Clustering 100%
Sorting clusters 100%
Writing clusters 100%
Clusters: 5 Size min 1, max 1, avg 1.0
Singletons: 5, 100.0% of seqs, 100.0% of clusters
Multiple alignments 100%
vsearch v2.30.0_linux_x86_64, 94.1GB RAM, 24 cores
https://github.com/torognes/vsearch

Reading file results/clustering/cdr/cov_illu_first_R0_vh/cdr3_clusters/3719e353-48d2-4e80-9df9-c44b97997dfc-IGH.fasta 100%
393 nt in 9 seqs, min 27, max 54, avg 44
Masking 100%
Sorting by length 100%
Counting k-mers 100%
Clustering 100%
Sorting clusters 100%
Writing clusters 100%
Clusters: 9 Size min 1, max 1, avg 1.0
Singletons: 9, 100.0% of seqs, 100.0% of clusters
Multiple alignments 100%
vsearch v2.30.0_linux_x86_64, 94.1GB RAM, 24 cores
https://github.com/torognes/vsearch

Reading file results/clustering/cdr/cov_illu_first_R0_vh/cdr3_clusters/05864cfe-8abf-41ad-a869-f1549be7fa60-IGH.fasta 100%
2079 nt in 53 seqs, min 30, max 51, avg 39
Masking 100%
Sorting by length 100%
Counting k-mers 100%
Clustering 100%
Sorting clusters 100%
Writing clusters 100%
Clusters: 45 Size min 1, max 4, avg 1.2
Singletons: 40, 75.5% of seqs, 88.9% of clusters
Multiple alignments 100%
vsearch v2.30.0_linux_x86_64, 94.1GB RAM, 24 cores
https://github.com/torognes/vsearch

Reading file results/clustering/cdr/cov_illu_first_R0_vh/cdr3_clusters/be21d959-a979-408a-8b66-5bb53fa56cf9-IGH.fasta 100%
1401 nt in 34 seqs, min 30, max 54, avg 41
Masking 100%
Sorting by length 100%
Counting k-mers 100%
Clustering 100%
Sorting clusters 100%
Writing clusters 100%
Clusters: 31 Size min 1, max 2, avg 1.1
Singletons: 28, 82.4% of seqs, 90.3% of clusters
Multiple alignments 100%
vsearch v2.30.0_linux_x86_64, 94.1GB RAM, 24 cores
https://github.com/torognes/vsearch

Reading file results/clustering/cdr/cov_illu_first_R0_vh/cdr3_clusters/8c760525-c307-4439-9de4-cb54497cd711-IGH.fasta 100%
708 nt in 19 seqs, min 24, max 42, avg 37
Masking 100%
Sorting by length 100%
Counting k-mers 100%
Clustering 100%
Sorting clusters 100%
Writing clusters 100%
Clusters: 14 Size min 1, max 6, avg 1.4
Singletons: 13, 68.4% of seqs, 92.9% of clusters
Multiple alignments 100%
vsearch v2.30.0_linux_x86_64, 94.1GB RAM, 24 cores
https://github.com/torognes/vsearch

Reading file results/clustering/cdr/cov_illu_first_R0_vh/cdr3_clusters/f77f5bc0-dbef-4077-b6e7-20625d1b4600-IGH.fasta 100%
465 nt in 9 seqs, min 33, max 69, avg 52
Masking 100%
Sorting by length 100%
Counting k-mers 100%
Clustering 100%
Sorting clusters 100%
Writing clusters 100%
Clusters: 9 Size min 1, max 1, avg 1.0
Singletons: 9, 100.0% of seqs, 100.0% of clusters
Multiple alignments 100%
vsearch v2.30.0_linux_x86_64, 94.1GB RAM, 24 cores
https://github.com/torognes/vsearch

Reading file results/clustering/cdr/cov_illu_first_R0_vh/cdr3_clusters/e97e3de5-da07-49b1-8503-b8dadb67c815-IGH.fasta 100%
726 nt in 22 seqs, min 18, max 39, avg 33
Masking 100%
Sorting by length 100%
Counting k-mers 100%
Clustering 100%
Sorting clusters 100%
Writing clusters 100%
Clusters: 22 Size min 1, max 1, avg 1.0
Singletons: 22, 100.0% of seqs, 100.0% of clusters
Multiple alignments 100%
vsearch v2.30.0_linux_x86_64, 94.1GB RAM, 24 cores
https://github.com/torognes/vsearch

Reading file results/clustering/cdr/cov_illu_first_R0_vh/cdr3_clusters/8619f8f8-6daf-4025-8788-14825e0d6609-IGH.fasta 100%
1896 nt in 48 seqs, min 21, max 54, avg 40
Masking 100%
Sorting by length 100%
Counting k-mers 100%
Clustering 100%
Sorting clusters 100%
Writing clusters 100%
Clusters: 43 Size min 1, max 2, avg 1.1
Singletons: 38, 79.2% of seqs, 88.4% of clusters
Multiple alignments 100%
vsearch v2.30.0_linux_x86_64, 94.1GB RAM, 24 cores
https://github.com/torognes/vsearch

Reading file results/clustering/cdr/cov_illu_first_R0_vh/cdr3_clusters/4d7dbe66-2bbf-496c-9a68-09ee75019a1d-IGH.fasta 100%
11670 nt in 285 seqs, min 30, max 60, avg 41
Masking 100%
Sorting by length 100%
Counting k-mers 100%
Clustering 100%
Sorting clusters 100%
Writing clusters 100%
Clusters: 168 Size min 1, max 51, avg 1.7
Singletons: 138, 48.4% of seqs, 82.1% of clusters
Multiple alignments 100%
vsearch v2.30.0_linux_x86_64, 94.1GB RAM, 24 cores
https://github.com/torognes/vsearch

Reading file results/clustering/cdr/cov_illu_first_R0_vh/cdr3_clusters/ca55d839-0b99-4374-89e5-5a24eb607312-IGH.fasta 100%
303 nt in 7 seqs, min 39, max 51, avg 43
Masking 100%
Sorting by length 100%
Counting k-mers 100%
Clustering 100%
Sorting clusters 100%
Writing clusters 100%
Clusters: 6 Size min 1, max 2, avg 1.2
Singletons: 5, 71.4% of seqs, 83.3% of clusters
Multiple alignments 100%
vsearch v2.30.0_linux_x86_64, 94.1GB RAM, 24 cores
https://github.com/torognes/vsearch

Reading file results/clustering/cdr/cov_illu_first_R0_vh/cdr3_clusters/27ffc435-97a0-4a56-bc54-e66866abdf83-IGH.fasta 100%
150 nt in 5 seqs, min 27, max 33, avg 30
Masking 100%
Sorting by length 100%
Counting k-mers 100%
Clustering 100%
Sorting clusters 100%
Writing clusters 100%
Clusters: 5 Size min 1, max 1, avg 1.0
Singletons: 5, 100.0% of seqs, 100.0% of clusters
Multiple alignments 100%
vsearch v2.30.0_linux_x86_64, 94.1GB RAM, 24 cores
https://github.com/torognes/vsearch

Reading file results/clustering/cdr/cov_illu_first_R0_vh/cdr3_clusters/1a13e0d6-84b3-44f8-b1aa-e09578bb6307-IGH.fasta 100%
621 nt in 17 seqs, min 18, max 48, avg 37
Masking 100%
Sorting by length 100%
Counting k-mers 100%
Clustering 100%
Sorting clusters 100%
Writing clusters 100%
Clusters: 15 Size min 1, max 3, avg 1.1
Singletons: 14, 82.4% of seqs, 93.3% of clusters
Multiple alignments 100%
vsearch v2.30.0_linux_x86_64, 94.1GB RAM, 24 cores
https://github.com/torognes/vsearch

Reading file results/clustering/cdr/cov_illu_first_R0_vh/cdr3_clusters/43f21175-385a-4546-b0d2-523b59c56011-IGH.fasta 100%
33124 nt in 829 seqs, min 18, max 60, avg 40
Masking 100%
Sorting by length 100%
Counting k-mers 100%
Clustering 100%
Sorting clusters 100%
Writing clusters 100%
Clusters: 663 Size min 1, max 19, avg 1.3
Singletons: 582, 70.2% of seqs, 87.8% of clusters
Multiple alignments 100%
vsearch v2.30.0_linux_x86_64, 94.1GB RAM, 24 cores
https://github.com/torognes/vsearch

Reading file results/clustering/cdr/cov_illu_first_R0_vh/cdr3_clusters/505e00cf-8ecb-4113-a89a-476dce02adf1-IGH.fasta 100%
2400 nt in 65 seqs, min 18, max 45, avg 37
Masking 100%
Sorting by length 100%
Counting k-mers 100%
Clustering 100%
Sorting clusters 100%
Writing clusters 100%
Clusters: 59 Size min 1, max 4, avg 1.1
Singletons: 55, 84.6% of seqs, 93.2% of clusters
Multiple alignments 100%
vsearch v2.30.0_linux_x86_64, 94.1GB RAM, 24 cores
https://github.com/torognes/vsearch

Reading file results/clustering/cdr/cov_illu_first_R0_vh/cdr3_clusters/b5f653d9-7d3a-4997-87cd-7073c8c53857-IGH.fasta 100%
396 nt in 12 seqs, min 24, max 36, avg 33
Masking 100%
Sorting by length 100%
Counting k-mers 100%
Clustering 100%
Sorting clusters 100%
Writing clusters 100%
Clusters: 11 Size min 1, max 2, avg 1.1
Singletons: 10, 83.3% of seqs, 90.9% of clusters
Multiple alignments 100%
vsearch v2.30.0_linux_x86_64, 94.1GB RAM, 24 cores
https://github.com/torognes/vsearch

Reading file results/clustering/cdr/cov_illu_first_R0_vh/cdr3_clusters/a666b3e0-2f51-4d48-a2d8-c743cbbd62d1-IGH.fasta 100%
255 nt in 5 seqs, min 45, max 66, avg 51
Masking 100%
Sorting by length 100%
Counting k-mers 100%
Clustering 100%
Sorting clusters 100%
Writing clusters 100%
Clusters: 4 Size min 1, max 2, avg 1.2
Singletons: 3, 60.0% of seqs, 75.0% of clusters
Multiple alignments 100%
vsearch v2.30.0_linux_x86_64, 94.1GB RAM, 24 cores
https://github.com/torognes/vsearch

Reading file results/clustering/cdr/cov_illu_first_R0_vh/cdr3_clusters/4f70b25a-523a-4af6-812a-51ac00b6ee5f-IGH.fasta 100%
3981 nt in 94 seqs, min 18, max 60, avg 42
Masking 100%
Sorting by length 100%
Counting k-mers 100%
Clustering 100%
Sorting clusters 100%
Writing clusters 100%
Clusters: 90 Size min 1, max 3, avg 1.0
Singletons: 87, 92.6% of seqs, 96.7% of clusters
Multiple alignments 100%
vsearch v2.30.0_linux_x86_64, 94.1GB RAM, 24 cores
https://github.com/torognes/vsearch

Reading file results/clustering/cdr/cov_illu_first_R0_vh/cdr3_clusters/6588a1ba-6efe-4b68-89fb-83a9ca9d085d-IGH.fasta 100%
207 nt in 8 seqs, min 15, max 33, avg 26
Masking 100%
Sorting by length 100%
Counting k-mers 100%
Clustering 100%
Sorting clusters 100%
Writing clusters 100%
Clusters: 8 Size min 1, max 1, avg 1.0
Singletons: 8, 100.0% of seqs, 100.0% of clusters
Multiple alignments 100%
vsearch v2.30.0_linux_x86_64, 94.1GB RAM, 24 cores
https://github.com/torognes/vsearch

Reading file results/clustering/cdr/cov_illu_first_R0_vh/cdr3_clusters/5d93786d-e8b9-4768-b4c7-2cc44c5e9936-IGH.fasta 100%
321 nt in 9 seqs, min 33, max 36, avg 36
Masking 100%
Sorting by length 100%
Counting k-mers 100%
Clustering 100%
Sorting clusters 100%
Writing clusters 100%
Clusters: 4 Size min 1, max 6, avg 2.2
Singletons: 3, 33.3% of seqs, 75.0% of clusters
Multiple alignments 100%
vsearch v2.30.0_linux_x86_64, 94.1GB RAM, 24 cores
https://github.com/torognes/vsearch

Reading file results/clustering/cdr/cov_illu_first_R0_vh/cdr3_clusters/d43384a3-5bac-413b-9da6-c5b1ae4e3e13-IGH.fasta 100%
573 nt in 15 seqs, min 30, max 42, avg 38
Masking 100%
Sorting by length 100%
Counting k-mers 100%
Clustering 100%
Sorting clusters 100%
Writing clusters 100%
Clusters: 8 Size min 1, max 8, avg 1.9
Singletons: 7, 46.7% of seqs, 87.5% of clusters
Multiple alignments 100%
vsearch v2.30.0_linux_x86_64, 94.1GB RAM, 24 cores
https://github.com/torognes/vsearch

Reading file results/clustering/cdr/cov_illu_first_R0_vh/cdr3_clusters/274610f1-f97c-4460-a607-94a4b72b35c1-IGH.fasta 100%
8559 nt in 208 seqs, min 18, max 63, avg 41
Masking 100%
Sorting by length 100%
Counting k-mers 100%
Clustering 100%
Sorting clusters 100%
Writing clusters 100%
Clusters: 201 Size min 1, max 3, avg 1.0
Singletons: 195, 93.8% of seqs, 97.0% of clusters
Multiple alignments 100%
vsearch v2.30.0_linux_x86_64, 94.1GB RAM, 24 cores
https://github.com/torognes/vsearch

Reading file results/clustering/cdr/cov_illu_first_R0_vh/cdr3_clusters/0c668ca5-39f1-4381-bda4-6f560904ebd7-IGH.fasta 100%
1095 nt in 28 seqs, min 30, max 48, avg 39
Masking 100%
Sorting by length 100%
Counting k-mers 100%
Clustering 100%
Sorting clusters 100%
Writing clusters 100%
Clusters: 22 Size min 1, max 3, avg 1.3
Singletons: 18, 64.3% of seqs, 81.8% of clusters
Multiple alignments 100%
vsearch v2.30.0_linux_x86_64, 94.1GB RAM, 24 cores
https://github.com/torognes/vsearch

Reading file results/clustering/cdr/cov_illu_first_R0_vh/cdr3_clusters/f0e6c1f9-64bf-46b0-82ec-23b3ab5ef856-IGH.fasta 100%
1575 nt in 40 seqs, min 27, max 45, avg 39
Masking 100%
Sorting by length 100%
Counting k-mers 100%
Clustering 100%
Sorting clusters 100%
Writing clusters 100%
Clusters: 16 Size min 1, max 22, avg 2.5
Singletons: 14, 35.0% of seqs, 87.5% of clusters
Multiple alignments 100%
vsearch v2.30.0_linux_x86_64, 94.1GB RAM, 24 cores
https://github.com/torognes/vsearch

Reading file results/clustering/cdr/cov_illu_first_R0_vh/cdr3_clusters/7b60a325-7e43-4703-8642-abad81330ab8-IGH.fasta 100%
678 nt in 22 seqs, min 21, max 36, avg 31
Masking 100%
Sorting by length 100%
Counting k-mers 100%
Clustering 100%
Sorting clusters 100%
Writing clusters 100%
Clusters: 21 Size min 1, max 2, avg 1.0
Singletons: 20, 90.9% of seqs, 95.2% of clusters
Multiple alignments 100%
vsearch v2.30.0_linux_x86_64, 94.1GB RAM, 24 cores
https://github.com/torognes/vsearch

Reading file results/clustering/cdr/cov_illu_first_R0_vh/cdr3_clusters/8c36bafe-150b-457a-af83-d809c99b2272-IGH.fasta 100%
1185 nt in 29 seqs, min 30, max 51, avg 41
Masking 100%
Sorting by length 100%
Counting k-mers 100%
Clustering 100%
Sorting clusters 100%
Writing clusters 100%
Clusters: 21 Size min 1, max 6, avg 1.4
Singletons: 18, 62.1% of seqs, 85.7% of clusters
Multiple alignments 100%
vsearch v2.30.0_linux_x86_64, 94.1GB RAM, 24 cores
https://github.com/torognes/vsearch

Reading file results/clustering/cdr/cov_illu_first_R0_vh/cdr3_clusters/e5ba2cc8-0fd4-4205-a957-b2e6b03cc65f-IGH.fasta 100%
621 nt in 12 seqs, min 42, max 60, avg 52
Masking 100%
Sorting by length 100%
Counting k-mers 100%
Clustering 100%
Sorting clusters 100%
Writing clusters 100%
Clusters: 12 Size min 1, max 1, avg 1.0
Singletons: 12, 100.0% of seqs, 100.0% of clusters
Multiple alignments 100%
vsearch v2.30.0_linux_x86_64, 94.1GB RAM, 24 cores
https://github.com/torognes/vsearch

Reading file results/clustering/cdr/cov_illu_first_R0_vh/cdr3_clusters/f1bcb069-8dd5-4f43-9333-89f3520ec04c-IGH.fasta 100%
972 nt in 22 seqs, min 30, max 60, avg 44
Masking 100%
Sorting by length 100%
Counting k-mers 100%
Clustering 100%
Sorting clusters 100%
Writing clusters 100%
Clusters: 21 Size min 1, max 2, avg 1.0
Singletons: 20, 90.9% of seqs, 95.2% of clusters
Multiple alignments 100%
vsearch v2.30.0_linux_x86_64, 94.1GB RAM, 24 cores
https://github.com/torognes/vsearch

Reading file results/clustering/cdr/cov_illu_first_R0_vh/cdr3_clusters/ccf1d8c8-4431-458f-b1d1-9518d709258e-IGH.fasta 100%
198 nt in 5 seqs, min 36, max 45, avg 40
Masking 100%
Sorting by length 100%
Counting k-mers 100%
Clustering 100%
Sorting clusters 100%
Writing clusters 100%
Clusters: 4 Size min 1, max 2, avg 1.2
Singletons: 3, 60.0% of seqs, 75.0% of clusters
Multiple alignments 100%
vsearch v2.30.0_linux_x86_64, 94.1GB RAM, 24 cores
https://github.com/torognes/vsearch

Reading file results/clustering/cdr/cov_illu_first_R0_vh/cdr3_clusters/32429950-6e6c-4c93-8cdd-dfa7da71c217-IGH.fasta 100%
243 nt in 9 seqs, min 18, max 33, avg 27
Masking 100%
Sorting by length 100%
Counting k-mers 100%
Clustering 100%
Sorting clusters 100%
Writing clusters 100%
Clusters: 9 Size min 1, max 1, avg 1.0
Singletons: 9, 100.0% of seqs, 100.0% of clusters
Multiple alignments 100%
vsearch v2.30.0_linux_x86_64, 94.1GB RAM, 24 cores
https://github.com/torognes/vsearch

Reading file results/clustering/cdr/cov_illu_first_R0_vh/cdr3_clusters/9ce98cc9-336c-4bfd-bce4-1f19f8b20717-IGH.fasta 100%
156 nt in 5 seqs, min 21, max 48, avg 31
Masking 100%
Sorting by length 100%
Counting k-mers 100%
Clustering 100%
Sorting clusters 100%
Writing clusters 100%
Clusters: 5 Size min 1, max 1, avg 1.0
Singletons: 5, 100.0% of seqs, 100.0% of clusters
Multiple alignments 100%
vsearch v2.30.0_linux_x86_64, 94.1GB RAM, 24 cores
https://github.com/torognes/vsearch

Reading file results/clustering/cdr/cov_illu_first_R0_vh/cdr3_clusters/116a1b5b-b4b3-44aa-864f-5ba656630111-IGH.fasta 100%
1143 nt in 26 seqs, min 30, max 48, avg 44
Masking 100%
Sorting by length 100%
Counting k-mers 100%
Clustering 100%
Sorting clusters 100%
Writing clusters 100%
Clusters: 20 Size min 1, max 4, avg 1.3
Singletons: 18, 69.2% of seqs, 90.0% of clusters
Multiple alignments 100%
vsearch v2.30.0_linux_x86_64, 94.1GB RAM, 24 cores
https://github.com/torognes/vsearch

Reading file results/clustering/cdr/cov_illu_first_R0_vh/cdr3_clusters/44a24bc9-1417-4005-acd4-2ee8210833fb-IGH.fasta 100%
3489 nt in 94 seqs, min 18, max 54, avg 37
Masking 100%
Sorting by length 100%
Counting k-mers 100%
Clustering 100%
Sorting clusters 100%
Writing clusters 100%
Clusters: 93 Size min 1, max 2, avg 1.0
Singletons: 92, 97.9% of seqs, 98.9% of clusters
Multiple alignments 100%
vsearch v2.30.0_linux_x86_64, 94.1GB RAM, 24 cores
https://github.com/torognes/vsearch

Reading file results/clustering/cdr/cov_illu_first_R0_vh/cdr3_clusters/88de5db6-3b6c-4a9f-9c24-1d8ee39aadc5-IGH.fasta 100%
288 nt in 7 seqs, min 36, max 51, avg 41
Masking 100%
Sorting by length 100%
Counting k-mers 100%
Clustering 100%
Sorting clusters 100%
Writing clusters 100%
Clusters: 7 Size min 1, max 1, avg 1.0
Singletons: 7, 100.0% of seqs, 100.0% of clusters
Multiple alignments 100%
vsearch v2.30.0_linux_x86_64, 94.1GB RAM, 24 cores
https://github.com/torognes/vsearch

Reading file results/clustering/cdr/cov_illu_first_R0_vh/cdr3_clusters/60adddeb-0136-418a-93d8-c888fa38e302-IGH.fasta 100%
297 nt in 9 seqs, min 30, max 39, avg 33
Masking 100%
Sorting by length 100%
Counting k-mers 100%
Clustering 100%
Sorting clusters 100%
Writing clusters 100%
Clusters: 8 Size min 1, max 2, avg 1.1
Singletons: 7, 77.8% of seqs, 87.5% of clusters
Multiple alignments 100%
vsearch v2.30.0_linux_x86_64, 94.1GB RAM, 24 cores
https://github.com/torognes/vsearch

Reading file results/clustering/cdr/cov_illu_first_R0_vh/cdr3_clusters/8599d097-ed01-473c-818a-905a2f174d4f-IGH.fasta 100%
750 nt in 20 seqs, min 27, max 45, avg 38
Masking 100%
Sorting by length 100%
Counting k-mers 100%
Clustering 100%
Sorting clusters 100%
Writing clusters 100%
Clusters: 19 Size min 1, max 2, avg 1.1
Singletons: 18, 90.0% of seqs, 94.7% of clusters
Multiple alignments 100%
vsearch v2.30.0_linux_x86_64, 94.1GB RAM, 24 cores
https://github.com/torognes/vsearch

Reading file results/clustering/cdr/cov_illu_first_R0_vh/cdr3_clusters/90148b50-4d35-4798-9361-2fd0932cf492-IGH.fasta 100%
315 nt in 9 seqs, min 18, max 42, avg 35
Masking 100%
Sorting by length 100%
Counting k-mers 100%
Clustering 100%
Sorting clusters 100%
Writing clusters 100%
Clusters: 8 Size min 1, max 2, avg 1.1
Singletons: 7, 77.8% of seqs, 87.5% of clusters
Multiple alignments 100%
vsearch v2.30.0_linux_x86_64, 94.1GB RAM, 24 cores
https://github.com/torognes/vsearch

Reading file results/clustering/cdr/cov_illu_first_R0_vh/cdr3_clusters/7a9f8cc9-6b95-4f81-8d8d-d87356861be9-IGH.fasta 100%
285 nt in 6 seqs, min 21, max 63, avg 48
Masking 100%
Sorting by length 100%
Counting k-mers 100%
Clustering 100%
Sorting clusters 100%
Writing clusters 100%
Clusters: 6 Size min 1, max 1, avg 1.0
Singletons: 6, 100.0% of seqs, 100.0% of clusters
Multiple alignments 100%
vsearch v2.30.0_linux_x86_64, 94.1GB RAM, 24 cores
https://github.com/torognes/vsearch

Reading file results/clustering/cdr/cov_illu_first_R0_vh/cdr3_clusters/4ff53b0a-4792-4420-9567-7c93e1a16377-IGH.fasta 100%
1029 nt in 24 seqs, min 33, max 66, avg 43
Masking 100%
Sorting by length 100%
Counting k-mers 100%
Clustering 100%
Sorting clusters 100%
Writing clusters 100%
Clusters: 18 Size min 1, max 4, avg 1.3
Singletons: 15, 62.5% of seqs, 83.3% of clusters
Multiple alignments 100%
vsearch v2.30.0_linux_x86_64, 94.1GB RAM, 24 cores
https://github.com/torognes/vsearch

Reading file results/clustering/cdr/cov_illu_first_R0_vh/cdr3_clusters/187bddaf-2c0b-4f30-9f30-f6a2d1a46717-IGH.fasta 100%
659 nt in 17 seqs, min 30, max 45, avg 39
Masking 100%
Sorting by length 100%
Counting k-mers 100%
Clustering 100%
Sorting clusters 100%
Writing clusters 100%
Clusters: 17 Size min 1, max 1, avg 1.0
Singletons: 17, 100.0% of seqs, 100.0% of clusters
Multiple alignments 100%
vsearch v2.30.0_linux_x86_64, 94.1GB RAM, 24 cores
https://github.com/torognes/vsearch

Reading file results/clustering/cdr/cov_illu_first_R0_vh/cdr3_clusters/cc6a35b1-5a85-401c-8ca6-6adca5a1570c-IGH.fasta 100%
2553 nt in 56 seqs, min 33, max 69, avg 46
Masking 100%
Sorting by length 100%
Counting k-mers 100%
Clustering 100%
Sorting clusters 100%
Writing clusters 100%
Clusters: 53 Size min 1, max 3, avg 1.1
Singletons: 51, 91.1% of seqs, 96.2% of clusters
Multiple alignments 100%
vsearch v2.30.0_linux_x86_64, 94.1GB RAM, 24 cores
https://github.com/torognes/vsearch

Reading file results/clustering/cdr/cov_illu_first_R0_vh/cdr3_clusters/088906aa-a759-4b96-a780-8be04c3c52ef-IGH.fasta 100%
288 nt in 8 seqs, min 36, max 36, avg 36
Masking 100%
Sorting by length 100%
Counting k-mers 100%
Clustering 100%
Sorting clusters 100%
Writing clusters 100%
Clusters: 2 Size min 1, max 7, avg 4.0
Singletons: 1, 12.5% of seqs, 50.0% of clusters
Multiple alignments 100%
vsearch v2.30.0_linux_x86_64, 94.1GB RAM, 24 cores
https://github.com/torognes/vsearch

Reading file results/clustering/cdr/cov_illu_first_R0_vh/cdr3_clusters/a0b50bcf-14df-497e-a7e9-4eace97b836a-IGH.fasta 100%
360 nt in 10 seqs, min 36, max 36, avg 36
Masking 100%
Sorting by length 100%
Counting k-mers 100%
Clustering 100%
Sorting clusters 100%
Writing clusters 100%
Clusters: 2 Size min 1, max 9, avg 5.0
Singletons: 1, 10.0% of seqs, 50.0% of clusters
Multiple alignments 100%
vsearch v2.30.0_linux_x86_64, 94.1GB RAM, 24 cores
https://github.com/torognes/vsearch

Reading file results/clustering/cdr/cov_illu_first_R0_vh/cdr3_clusters/5c18442c-fc72-452a-b7b3-85843503d0bb-IGH.fasta 100%
2175 nt in 47 seqs, min 30, max 63, avg 46
Masking 100%
Sorting by length 100%
Counting k-mers 100%
Clustering 100%
Sorting clusters 100%
Writing clusters 100%
Clusters: 43 Size min 1, max 3, avg 1.1
Singletons: 40, 85.1% of seqs, 93.0% of clusters
Multiple alignments 100%
vsearch v2.30.0_linux_x86_64, 94.1GB RAM, 24 cores
https://github.com/torognes/vsearch

Reading file results/clustering/cdr/cov_illu_first_R0_vh/cdr3_clusters/60b7f029-f5bd-48e2-b44b-04533ed54455-IGH.fasta 100%
1737 nt in 32 seqs, min 30, max 69, avg 54
Masking 100%
Sorting by length 100%
Counting k-mers 100%
Clustering 100%
Sorting clusters 100%
Writing clusters 100%
Clusters: 30 Size min 1, max 3, avg 1.1
Singletons: 29, 90.6% of seqs, 96.7% of clusters
Multiple alignments 100%
vsearch v2.30.0_linux_x86_64, 94.1GB RAM, 24 cores
https://github.com/torognes/vsearch

Reading file results/clustering/cdr/cov_illu_first_R0_vh/cdr3_clusters/02168330-c397-46a4-9c67-c221848813dc-IGH.fasta 100%
219 nt in 6 seqs, min 33, max 42, avg 36
Masking 100%
Sorting by length 100%
Counting k-mers 100%
Clustering 100%
Sorting clusters 100%
Writing clusters 100%
Clusters: 6 Size min 1, max 1, avg 1.0
Singletons: 6, 100.0% of seqs, 100.0% of clusters
Multiple alignments 100%
vsearch v2.30.0_linux_x86_64, 94.1GB RAM, 24 cores
https://github.com/torognes/vsearch

Reading file results/clustering/cdr/cov_illu_first_R0_vh/cdr3_clusters/c080f4bb-2462-4848-85a5-b59fed00e1d9-IGH.fasta 100%
144 nt in 5 seqs, min 21, max 36, avg 29
Masking 100%
Sorting by length 100%
Counting k-mers 100%
Clustering 100%
Sorting clusters 100%
Writing clusters 100%
Clusters: 4 Size min 1, max 2, avg 1.2
Singletons: 3, 60.0% of seqs, 75.0% of clusters
Multiple alignments 100%
vsearch v2.30.0_linux_x86_64, 94.1GB RAM, 24 cores
https://github.com/torognes/vsearch

Reading file results/clustering/cdr/cov_illu_first_R0_vh/cdr3_clusters/05b5a925-02d9-419f-b2f9-9da96d59f749-IGH.fasta 100%
198 nt in 6 seqs, min 30, max 36, avg 33
Masking 100%
Sorting by length 100%
Counting k-mers 100%
Clustering 100%
Sorting clusters 100%
Writing clusters 100%
Clusters: 4 Size min 1, max 3, avg 1.5
Singletons: 3, 50.0% of seqs, 75.0% of clusters
Multiple alignments 100%
vsearch v2.30.0_linux_x86_64, 94.1GB RAM, 24 cores
https://github.com/torognes/vsearch

Reading file results/clustering/cdr/cov_illu_first_R0_vh/cdr3_clusters/367f9092-620e-40c6-9820-160b6ffa599a-IGH.fasta 100%
276 nt in 7 seqs, min 30, max 51, avg 39
Masking 100%
Sorting by length 100%
Counting k-mers 100%
Clustering 100%
Sorting clusters 100%
Writing clusters 100%
Clusters: 7 Size min 1, max 1, avg 1.0
Singletons: 7, 100.0% of seqs, 100.0% of clusters
Multiple alignments 100%
vsearch v2.30.0_linux_x86_64, 94.1GB RAM, 24 cores
https://github.com/torognes/vsearch

Reading file results/clustering/cdr/cov_illu_first_R0_vh/cdr3_clusters/0f68082f-eaea-472c-8fff-a75f033e6e6c-IGH.fasta 100%
7101 nt in 156 seqs, min 15, max 63, avg 46
Masking 100%
Sorting by length 100%
Counting k-mers 100%
Clustering 100%
Sorting clusters 100%
Writing clusters 100%
Clusters: 105 Size min 1, max 49, avg 1.5
Singletons: 101, 64.7% of seqs, 96.2% of clusters
Multiple alignments 100%
vsearch v2.30.0_linux_x86_64, 94.1GB RAM, 24 cores
https://github.com/torognes/vsearch

Reading file results/clustering/cdr/cov_illu_first_R0_vh/cdr3_clusters/04b3ee27-a882-46ef-8ca2-e809474d1b82-IGH.fasta 100%
183 nt in 5 seqs, min 30, max 42, avg 37
Masking 100%
Sorting by length 100%
Counting k-mers 100%
Clustering 100%
Sorting clusters 100%
Writing clusters 100%
Clusters: 5 Size min 1, max 1, avg 1.0
Singletons: 5, 100.0% of seqs, 100.0% of clusters
Multiple alignments 100%
vsearch v2.30.0_linux_x86_64, 94.1GB RAM, 24 cores
https://github.com/torognes/vsearch

Reading file results/clustering/cdr/cov_illu_first_R0_vh/cdr3_clusters/48afb140-75b0-4ba8-a6e2-bbf8e285e821-IGH.fasta 100%
1335 nt in 32 seqs, min 18, max 51, avg 42
Masking 100%
Sorting by length 100%
Counting k-mers 100%
Clustering 100%
Sorting clusters 100%
Writing clusters 100%
Clusters: 27 Size min 1, max 5, avg 1.2
Singletons: 25, 78.1% of seqs, 92.6% of clusters
Multiple alignments 100%
vsearch v2.30.0_linux_x86_64, 94.1GB RAM, 24 cores
https://github.com/torognes/vsearch

Reading file results/clustering/cdr/cov_illu_first_R0_vh/cdr3_clusters/91df0ca0-e547-4e7a-842f-3f6a1f4aa5aa-IGH.fasta 100%
228 nt in 5 seqs, min 42, max 48, avg 46
Masking 100%
Sorting by length 100%
Counting k-mers 100%
Clustering 100%
Sorting clusters 100%
Writing clusters 100%
Clusters: 4 Size min 1, max 2, avg 1.2
Singletons: 3, 60.0% of seqs, 75.0% of clusters
Multiple alignments 100%
vsearch v2.30.0_linux_x86_64, 94.1GB RAM, 24 cores
https://github.com/torognes/vsearch

Reading file results/clustering/cdr/cov_illu_first_R0_vh/cdr3_clusters/831169d0-b964-456d-a07c-edccc78628da-IGH.fasta 100%
456 nt in 12 seqs, min 27, max 42, avg 38
Masking 100%
Sorting by length 100%
Counting k-mers 100%
Clustering 100%
Sorting clusters 100%
Writing clusters 100%
Clusters: 11 Size min 1, max 2, avg 1.1
Singletons: 10, 83.3% of seqs, 90.9% of clusters
Multiple alignments 100%
vsearch v2.30.0_linux_x86_64, 94.1GB RAM, 24 cores
https://github.com/torognes/vsearch

Reading file results/clustering/cdr/cov_illu_first_R0_vh/cdr3_clusters/f85f87d4-17ec-4291-9751-7162fe722804-IGH.fasta 100%
1179 nt in 27 seqs, min 27, max 57, avg 44
Masking 100%
Sorting by length 100%
Counting k-mers 100%
Clustering 100%
Sorting clusters 100%
Writing clusters 100%
Clusters: 25 Size min 1, max 2, avg 1.1
Singletons: 23, 85.2% of seqs, 92.0% of clusters
Multiple alignments 100%
vsearch v2.30.0_linux_x86_64, 94.1GB RAM, 24 cores
https://github.com/torognes/vsearch

Reading file results/clustering/cdr/cov_illu_first_R0_vh/cdr3_clusters/2e8372dd-aeab-448b-a8ee-ed4a94dc356c-IGH.fasta 100%
294 nt in 7 seqs, min 30, max 54, avg 42
Masking 100%
Sorting by length 100%
Counting k-mers 100%
Clustering 100%
Sorting clusters 100%
Writing clusters 100%
Clusters: 6 Size min 1, max 2, avg 1.2
Singletons: 5, 71.4% of seqs, 83.3% of clusters
Multiple alignments 100%
vsearch v2.30.0_linux_x86_64, 94.1GB RAM, 24 cores
https://github.com/torognes/vsearch

Reading file results/clustering/cdr/cov_illu_first_R0_vh/cdr3_clusters/1bcb5afb-513f-42aa-8e88-efffe5e28e0f-IGH.fasta 100%
846 nt in 20 seqs, min 30, max 54, avg 42
Masking 100%
Sorting by length 100%
Counting k-mers 100%
Clustering 100%
Sorting clusters 100%
Writing clusters 100%
Clusters: 19 Size min 1, max 2, avg 1.1
Singletons: 18, 90.0% of seqs, 94.7% of clusters
Multiple alignments 100%
vsearch v2.30.0_linux_x86_64, 94.1GB RAM, 24 cores
https://github.com/torognes/vsearch

Reading file results/clustering/cdr/cov_illu_first_R0_vh/cdr3_clusters/d15e441a-2782-4756-8cf2-01d8cc66a1bc-IGH.fasta 100%
1346 nt in 37 seqs, min 30, max 48, avg 36
Masking 100%
Sorting by length 100%
Counting k-mers 100%
Clustering 100%
Sorting clusters 100%
Writing clusters 100%
Clusters: 9 Size min 1, max 13, avg 4.1
Singletons: 6, 16.2% of seqs, 66.7% of clusters
Multiple alignments 100%
vsearch v2.30.0_linux_x86_64, 94.1GB RAM, 24 cores
https://github.com/torognes/vsearch

Reading file results/clustering/cdr/cov_illu_first_R0_vh/cdr3_clusters/fbafd633-db5d-49b4-86e9-512673b7829a-IGH.fasta 100%
18981 nt in 517 seqs, min 18, max 54, avg 37
Masking 100%
Sorting by length 100%
Counting k-mers 100%
Clustering 100%
Sorting clusters 100%
Writing clusters 100%
Clusters: 273 Size min 1, max 41, avg 1.9
Singletons: 204, 39.5% of seqs, 74.7% of clusters
Multiple alignments 100%
vsearch v2.30.0_linux_x86_64, 94.1GB RAM, 24 cores
https://github.com/torognes/vsearch

Reading file results/clustering/cdr/cov_illu_first_R0_vh/cdr3_clusters/c8e060f3-f50e-4e16-b391-165cd43aecd5-IGH.fasta 100%
5661 nt in 147 seqs, min 18, max 57, avg 39
Masking 100%
Sorting by length 100%
Counting k-mers 100%
Clustering 100%
Sorting clusters 100%
Writing clusters 100%
Clusters: 136 Size min 1, max 4, avg 1.1
Singletons: 128, 87.1% of seqs, 94.1% of clusters
Multiple alignments 100%
vsearch v2.30.0_linux_x86_64, 94.1GB RAM, 24 cores
https://github.com/torognes/vsearch

Reading file results/clustering/cdr/cov_illu_first_R0_vh/cdr3_clusters/a0897824-5bf2-42cc-8e09-d846162bdffb-IGH.fasta 100%
1368 nt in 30 seqs, min 33, max 66, avg 46
Masking 100%
Sorting by length 100%
Counting k-mers 100%
Clustering 100%
Sorting clusters 100%
Writing clusters 100%
Clusters: 27 Size min 1, max 4, avg 1.1
Singletons: 26, 86.7% of seqs, 96.3% of clusters
Multiple alignments 100%
vsearch v2.30.0_linux_x86_64, 94.1GB RAM, 24 cores
https://github.com/torognes/vsearch

Reading file results/clustering/cdr/cov_illu_first_R0_vh/cdr3_clusters/8e526973-07b8-47ac-8daa-22f19be58d77-IGH.fasta 100%
1458 nt in 40 seqs, min 15, max 48, avg 36
Masking 100%
Sorting by length 100%
Counting k-mers 100%
Clustering 100%
Sorting clusters 100%
Writing clusters 100%
Clusters: 39 Size min 1, max 2, avg 1.0
Singletons: 38, 95.0% of seqs, 97.4% of clusters
Multiple alignments 100%
vsearch v2.30.0_linux_x86_64, 94.1GB RAM, 24 cores
https://github.com/torognes/vsearch

Reading file results/clustering/cdr/cov_illu_first_R0_vh/cdr3_clusters/6fb1f20f-1350-46f7-823f-2a391018670e-IGH.fasta 100%
2022 nt in 52 seqs, min 21, max 57, avg 39
Masking 100%
Sorting by length 100%
Counting k-mers 100%
Clustering 100%
Sorting clusters 100%
Writing clusters 100%
Clusters: 46 Size min 1, max 7, avg 1.1
Singletons: 45, 86.5% of seqs, 97.8% of clusters
Multiple alignments 100%
vsearch v2.30.0_linux_x86_64, 94.1GB RAM, 24 cores
https://github.com/torognes/vsearch

Reading file results/clustering/cdr/cov_illu_first_R0_vh/cdr3_clusters/95d10b4f-a169-4654-bacf-efa09cc3f3d4-IGH.fasta 100%
13753 nt in 360 seqs, min 18, max 57, avg 38
Masking 100%
Sorting by length 100%
Counting k-mers 100%
Clustering 100%
Sorting clusters 100%
Writing clusters 100%
Clusters: 316 Size min 1, max 6, avg 1.1
Singletons: 285, 79.2% of seqs, 90.2% of clusters
Multiple alignments 100%
vsearch v2.30.0_linux_x86_64, 94.1GB RAM, 24 cores
https://github.com/torognes/vsearch

Reading file results/clustering/cdr/cov_illu_first_R0_vh/cdr3_clusters/eac9abf0-b987-4b6b-b563-c6366816aa7c-IGH.fasta 100%
513 nt in 11 seqs, min 33, max 60, avg 47
Masking 100%
Sorting by length 100%
Counting k-mers 100%
Clustering 100%
Sorting clusters 100%
Writing clusters 100%
Clusters: 10 Size min 1, max 2, avg 1.1
Singletons: 9, 81.8% of seqs, 90.0% of clusters
Multiple alignments 100%
vsearch v2.30.0_linux_x86_64, 94.1GB RAM, 24 cores
https://github.com/torognes/vsearch

Reading file results/clustering/cdr/cov_illu_first_R0_vh/cdr3_clusters/6a03089e-68cb-488c-9e3f-d607185f2c06-IGH.fasta 100%
228 nt in 6 seqs, min 24, max 45, avg 38
Masking 100%
Sorting by length 100%
Counting k-mers 100%
Clustering 100%
Sorting clusters 100%
Writing clusters 100%
Clusters: 6 Size min 1, max 1, avg 1.0
Singletons: 6, 100.0% of seqs, 100.0% of clusters
Multiple alignments 100%
vsearch v2.30.0_linux_x86_64, 94.1GB RAM, 24 cores
https://github.com/torognes/vsearch

Reading file results/clustering/cdr/cov_illu_first_R0_vh/cdr3_clusters/fdf8db83-aaf7-4820-8875-79d6e77d9b42-IGH.fasta 100%
1488 nt in 32 seqs, min 24, max 57, avg 46
Masking 100%
Sorting by length 100%
Counting k-mers 100%
Clustering 100%
Sorting clusters 100%
Writing clusters 100%
Clusters: 30 Size min 1, max 2, avg 1.1
Singletons: 28, 87.5% of seqs, 93.3% of clusters
Multiple alignments 100%
vsearch v2.30.0_linux_x86_64, 94.1GB RAM, 24 cores
https://github.com/torognes/vsearch

Reading file results/clustering/cdr/cov_illu_first_R0_vh/cdr3_clusters/8edfb21f-6360-40ae-aad3-08e53f2c2efd-IGH.fasta 100%
240 nt in 8 seqs, min 27, max 33, avg 30
Masking 100%
Sorting by length 100%
Counting k-mers 100%
Clustering 100%
Sorting clusters 100%
Writing clusters 100%
Clusters: 8 Size min 1, max 1, avg 1.0
Singletons: 8, 100.0% of seqs, 100.0% of clusters
Multiple alignments 100%
vsearch v2.30.0_linux_x86_64, 94.1GB RAM, 24 cores
https://github.com/torognes/vsearch

Reading file results/clustering/cdr/cov_illu_first_R0_vh/cdr3_clusters/02e3f09e-0e6c-44d1-b619-15eaa6477bb7-IGH.fasta 100%
438 nt in 11 seqs, min 24, max 51, avg 40
Masking 100%
Sorting by length 100%
Counting k-mers 100%
Clustering 100%
Sorting clusters 100%
Writing clusters 100%
Clusters: 11 Size min 1, max 1, avg 1.0
Singletons: 11, 100.0% of seqs, 100.0% of clusters
Multiple alignments 100%
vsearch v2.30.0_linux_x86_64, 94.1GB RAM, 24 cores
https://github.com/torognes/vsearch

Reading file results/clustering/cdr/cov_illu_first_R0_vh/cdr3_clusters/0229b755-84c1-4d26-b6f8-a93a9879a943-IGH.fasta 100%
477 nt in 13 seqs, min 27, max 42, avg 37
Masking 100%
Sorting by length 100%
Counting k-mers 100%
Clustering 100%
Sorting clusters 100%
Writing clusters 100%
Clusters: 12 Size min 1, max 2, avg 1.1
Singletons: 11, 84.6% of seqs, 91.7% of clusters
Multiple alignments 100%
vsearch v2.30.0_linux_x86_64, 94.1GB RAM, 24 cores
https://github.com/torognes/vsearch

Reading file results/clustering/cdr/cov_illu_first_R0_vh/cdr3_clusters/ea3c69af-29c4-4700-aff3-c66bd17aefc1-IGH.fasta 100%
1701 nt in 46 seqs, min 36, max 51, avg 37
Masking 100%
Sorting by length 100%
Counting k-mers 100%
Clustering 100%
Sorting clusters 100%
Writing clusters 100%
Clusters: 9 Size min 1, max 38, avg 5.1
Singletons: 8, 17.4% of seqs, 88.9% of clusters
Multiple alignments 100%
vsearch v2.30.0_linux_x86_64, 94.1GB RAM, 24 cores
https://github.com/torognes/vsearch

Reading file results/clustering/cdr/cov_illu_first_R0_vh/cdr3_clusters/42ade23b-5dd2-44db-abd2-d871e3a3b919-IGH.fasta 100%
6045 nt in 149 seqs, min 24, max 66, avg 41
Masking 100%
Sorting by length 100%
Counting k-mers 100%
Clustering 100%
Sorting clusters 100%
Writing clusters 100%
Clusters: 123 Size min 1, max 15, avg 1.2
Singletons: 114, 76.5% of seqs, 92.7% of clusters
Multiple alignments 100%
vsearch v2.30.0_linux_x86_64, 94.1GB RAM, 24 cores
https://github.com/torognes/vsearch

Reading file results/clustering/cdr/cov_illu_first_R0_vh/cdr3_clusters/7094abfd-99b0-4fa3-aa63-0444e75a45ce-IGH.fasta 100%
1221 nt in 34 seqs, min 33, max 36, avg 36
Masking 100%
Sorting by length 100%
Counting k-mers 100%
Clustering 100%
Sorting clusters 100%
Writing clusters 100%
Clusters: 2 Size min 1, max 33, avg 17.0
Singletons: 1, 2.9% of seqs, 50.0% of clusters
Multiple alignments 100%
vsearch v2.30.0_linux_x86_64, 94.1GB RAM, 24 cores
https://github.com/torognes/vsearch

Reading file results/clustering/cdr/cov_illu_first_R0_vh/cdr3_clusters/3e50751e-7bc9-4837-ab95-39b5facd45ca-IGH.fasta 100%
450 nt in 16 seqs, min 15, max 42, avg 28
Masking 100%
Sorting by length 100%
Counting k-mers 100%
Clustering 100%
Sorting clusters 100%
Writing clusters 100%
Clusters: 15 Size min 1, max 2, avg 1.1
Singletons: 14, 87.5% of seqs, 93.3% of clusters
Multiple alignments 100%
vsearch v2.30.0_linux_x86_64, 94.1GB RAM, 24 cores
https://github.com/torognes/vsearch

Reading file results/clustering/cdr/cov_illu_first_R0_vh/cdr3_clusters/81641b13-fd45-481e-ae6d-0547c55ed3f7-IGH.fasta 100%
567 nt in 17 seqs, min 15, max 42, avg 33
Masking 100%
Sorting by length 100%
Counting k-mers 100%
Clustering 100%
Sorting clusters 100%
Writing clusters 100%
Clusters: 17 Size min 1, max 1, avg 1.0
Singletons: 17, 100.0% of seqs, 100.0% of clusters
Multiple alignments 100%
vsearch v2.30.0_linux_x86_64, 94.1GB RAM, 24 cores
https://github.com/torognes/vsearch

Reading file results/clustering/cdr/cov_illu_first_R0_vh/cdr3_clusters/f4b47de8-8e46-406d-a33c-dde32ea71242-IGH.fasta 100%
1329 nt in 42 seqs, min 18, max 39, avg 32
Masking 100%
Sorting by length 100%
Counting k-mers 100%
Clustering 100%
Sorting clusters 100%
Writing clusters 100%
Clusters: 25 Size min 1, max 16, avg 1.7
Singletons: 22, 52.4% of seqs, 88.0% of clusters
Multiple alignments 100%
vsearch v2.30.0_linux_x86_64, 94.1GB RAM, 24 cores
https://github.com/torognes/vsearch

Reading file results/clustering/cdr/cov_illu_first_R0_vh/cdr3_clusters/e4ac1645-c060-4603-abb7-ac6a51cda0a3-IGH.fasta 100%
381 nt in 10 seqs, min 33, max 42, avg 38
Masking 100%
Sorting by length 100%
Counting k-mers 100%
Clustering 100%
Sorting clusters 100%
Writing clusters 100%
Clusters: 9 Size min 1, max 2, avg 1.1
Singletons: 8, 80.0% of seqs, 88.9% of clusters
Multiple alignments 100%
vsearch v2.30.0_linux_x86_64, 94.1GB RAM, 24 cores
https://github.com/torognes/vsearch

Reading file results/clustering/cdr/cov_illu_first_R0_vh/cdr3_clusters/a715eae8-cac2-4823-ac18-0bc7a986e66a-IGK.fasta 100%
0 nt in 0 seqs
minseqlength 6: 5 sequences discarded.
Masking 100%
Sorting by length 100%
Counting k-mers 100%
Clustering 100%
Sorting clusters 100%
Writing clusters 100%
Clusters: 0
Singletons: 0
Multiple alignments 100%
vsearch v2.30.0_linux_x86_64, 94.1GB RAM, 24 cores
https://github.com/torognes/vsearch

Reading file results/clustering/cdr/cov_illu_first_R0_vh/cdr3_clusters/4c2b2a29-629d-4e34-a7d7-affbd2ae116f-IGH.fasta 100%
1245 nt in 25 seqs, min 36, max 66, avg 50
Masking 100%
Sorting by length 100%
Counting k-mers 100%
Clustering 100%
Sorting clusters 100%
Writing clusters 100%
Clusters: 25 Size min 1, max 1, avg 1.0
Singletons: 25, 100.0% of seqs, 100.0% of clusters
Multiple alignments 100%
vsearch v2.30.0_linux_x86_64, 94.1GB RAM, 24 cores
https://github.com/torognes/vsearch

Reading file results/clustering/cdr/cov_illu_first_R0_vh/cdr3_clusters/8c2458a3-3bb0-4ecb-a2d1-af0bf5a6ef36-IGH.fasta 100%
396 nt in 11 seqs, min 24, max 48, avg 36
Masking 100%
Sorting by length 100%
Counting k-mers 100%
Clustering 100%
Sorting clusters 100%
Writing clusters 100%
Clusters: 11 Size min 1, max 1, avg 1.0
Singletons: 11, 100.0% of seqs, 100.0% of clusters
Multiple alignments 100%
vsearch v2.30.0_linux_x86_64, 94.1GB RAM, 24 cores
https://github.com/torognes/vsearch

Reading file results/clustering/cdr/cov_illu_first_R0_vh/cdr3_clusters/0b721213-1dc2-425c-8a41-5fee481033a0-IGH.fasta 100%
2463 nt in 64 seqs, min 30, max 39, avg 38
Masking 100%
Sorting by length 100%
Counting k-mers 100%
Clustering 100%
Sorting clusters 100%
Writing clusters 100%
Clusters: 9 Size min 1, max 55, avg 7.1
Singletons: 7, 10.9% of seqs, 77.8% of clusters
Multiple alignments 100%
vsearch v2.30.0_linux_x86_64, 94.1GB RAM, 24 cores
https://github.com/torognes/vsearch

Reading file results/clustering/cdr/cov_illu_first_R0_vh/cdr3_clusters/0236fb85-771d-45bf-a706-54a3c6ff4c3e-IGH.fasta 100%
222 nt in 8 seqs, min 21, max 30, avg 28
Masking 100%
Sorting by length 100%
Counting k-mers 100%
Clustering 100%
Sorting clusters 100%
Writing clusters 100%
Clusters: 6 Size min 1, max 3, avg 1.3
Singletons: 5, 62.5% of seqs, 83.3% of clusters
Multiple alignments 100%
vsearch v2.30.0_linux_x86_64, 94.1GB RAM, 24 cores
https://github.com/torognes/vsearch

Reading file results/clustering/cdr/cov_illu_first_R0_vh/cdr3_clusters/f87ab72b-cfa1-41ce-827d-c0d7ab1e0cf1-IGH.fasta 100%
225 nt in 9 seqs, min 18, max 33, avg 25
Masking 100%
Sorting by length 100%
Counting k-mers 100%
Clustering 100%
Sorting clusters 100%
Writing clusters 100%
Clusters: 9 Size min 1, max 1, avg 1.0
Singletons: 9, 100.0% of seqs, 100.0% of clusters
Multiple alignments 100%
vsearch v2.30.0_linux_x86_64, 94.1GB RAM, 24 cores
https://github.com/torognes/vsearch

Reading file results/clustering/cdr/cov_illu_first_R0_vh/cdr3_clusters/927d5fd0-0a4f-49c7-ac99-74deba5f4880-IGH.fasta 100%
222 nt in 6 seqs, min 33, max 45, avg 37
Masking 100%
Sorting by length 100%
Counting k-mers 100%
Clustering 100%
Sorting clusters 100%
Writing clusters 100%
Clusters: 6 Size min 1, max 1, avg 1.0
Singletons: 6, 100.0% of seqs, 100.0% of clusters
Multiple alignments 100%
vsearch v2.30.0_linux_x86_64, 94.1GB RAM, 24 cores
https://github.com/torognes/vsearch

Reading file results/clustering/cdr/cov_illu_first_R0_vh/cdr3_clusters/5790c629-a930-4e61-b381-678ae0e600cc-IGH.fasta 100%
22323 nt in 661 seqs, min 18, max 45, avg 34
Masking 100%
Sorting by length 100%
Counting k-mers 100%
Clustering 100%
Sorting clusters 100%
Writing clusters 100%
Clusters: 243 Size min 1, max 148, avg 2.7
Singletons: 174, 26.3% of seqs, 71.6% of clusters
Multiple alignments 100%
vsearch v2.30.0_linux_x86_64, 94.1GB RAM, 24 cores
https://github.com/torognes/vsearch

Reading file results/clustering/cdr/cov_illu_first_R0_vh/cdr3_clusters/135e6d03-7e6a-430f-839f-da01f612d188-IGH.fasta 100%
2850 nt in 87 seqs, min 18, max 51, avg 33
Masking 100%
Sorting by length 100%
Counting k-mers 100%
Clustering 100%
Sorting clusters 100%
Writing clusters 100%
Clusters: 80 Size min 1, max 3, avg 1.1
Singletons: 74, 85.1% of seqs, 92.5% of clusters
Multiple alignments 100%
vsearch v2.30.0_linux_x86_64, 94.1GB RAM, 24 cores
https://github.com/torognes/vsearch

Reading file results/clustering/cdr/cov_illu_first_R0_vh/cdr3_clusters/3c935008-18ac-4888-aea6-8007ccf06c88-IGH.fasta 100%
1200 nt in 28 seqs, min 27, max 60, avg 43
Masking 100%
Sorting by length 100%
Counting k-mers 100%
Clustering 100%
Sorting clusters 100%
Writing clusters 100%
Clusters: 28 Size min 1, max 1, avg 1.0
Singletons: 28, 100.0% of seqs, 100.0% of clusters
Multiple alignments 100%
vsearch v2.30.0_linux_x86_64, 94.1GB RAM, 24 cores
https://github.com/torognes/vsearch

Reading file results/clustering/cdr/cov_illu_first_R0_vh/cdr3_clusters/3afa92d1-23a9-460c-9ac3-c6e584fd58ca-IGH.fasta 100%
1395 nt in 41 seqs, min 27, max 42, avg 34
Masking 100%
Sorting by length 100%
Counting k-mers 100%
Clustering 100%
Sorting clusters 100%
Writing clusters 100%
Clusters: 34 Size min 1, max 4, avg 1.2
Singletons: 30, 73.2% of seqs, 88.2% of clusters
Multiple alignments 100%
vsearch v2.30.0_linux_x86_64, 94.1GB RAM, 24 cores
https://github.com/torognes/vsearch

Reading file results/clustering/cdr/cov_illu_first_R0_vh/cdr3_clusters/d1d0af20-5a31-4c19-9ae3-3ac312b9c7d4-IGH.fasta 100%
225 nt in 7 seqs, min 27, max 36, avg 32
Masking 100%
Sorting by length 100%
Counting k-mers 100%
Clustering 100%
Sorting clusters 100%
Writing clusters 100%
Clusters: 7 Size min 1, max 1, avg 1.0
Singletons: 7, 100.0% of seqs, 100.0% of clusters
Multiple alignments 100%
vsearch v2.30.0_linux_x86_64, 94.1GB RAM, 24 cores
https://github.com/torognes/vsearch

Reading file results/clustering/cdr/cov_illu_first_R0_vh/cdr3_clusters/d1845c7b-3a4c-482d-965e-4d1f98f052c3-IGH.fasta 100%
567 nt in 16 seqs, min 27, max 42, avg 35
Masking 100%
Sorting by length 100%
Counting k-mers 100%
Clustering 100%
Sorting clusters 100%
Writing clusters 100%
Clusters: 15 Size min 1, max 2, avg 1.1
Singletons: 14, 87.5% of seqs, 93.3% of clusters
Multiple alignments 100%
vsearch v2.30.0_linux_x86_64, 94.1GB RAM, 24 cores
https://github.com/torognes/vsearch

Reading file results/clustering/cdr/cov_illu_first_R0_vh/cdr3_clusters/d304e94c-d3a3-4960-9504-1f0c91a794eb-IGH.fasta 100%
189 nt in 6 seqs, min 27, max 39, avg 32
Masking 100%
Sorting by length 100%
Counting k-mers 100%
Clustering 100%
Sorting clusters 100%
Writing clusters 100%
Clusters: 4 Size min 1, max 3, avg 1.5
Singletons: 3, 50.0% of seqs, 75.0% of clusters
Multiple alignments 100%
vsearch v2.30.0_linux_x86_64, 94.1GB RAM, 24 cores
https://github.com/torognes/vsearch

Reading file results/clustering/cdr/cov_illu_first_R0_vh/cdr3_clusters/968ebd0e-3341-4581-8b80-8ba043be14e4-IGH.fasta 100%
414 nt in 10 seqs, min 33, max 45, avg 41
Masking 100%
Sorting by length 100%
Counting k-mers 100%
Clustering 100%
Sorting clusters 100%
Writing clusters 100%
Clusters: 5 Size min 1, max 6, avg 2.0
Singletons: 4, 40.0% of seqs, 80.0% of clusters
Multiple alignments 100%
vsearch v2.30.0_linux_x86_64, 94.1GB RAM, 24 cores
https://github.com/torognes/vsearch

Reading file results/clustering/cdr/cov_illu_first_R0_vh/cdr3_clusters/b9be6fc8-bf90-4cbb-9352-b5f8f41f022e-IGH.fasta 100%
1623 nt in 39 seqs, min 27, max 54, avg 42
Masking 100%
Sorting by length 100%
Counting k-mers 100%
Clustering 100%
Sorting clusters 100%
Writing clusters 100%
Clusters: 35 Size min 1, max 4, avg 1.1
Singletons: 33, 84.6% of seqs, 94.3% of clusters
Multiple alignments 100%
vsearch v2.30.0_linux_x86_64, 94.1GB RAM, 24 cores
https://github.com/torognes/vsearch

Reading file results/clustering/cdr/cov_illu_first_R0_vh/cdr3_clusters/7519a6bc-6a9a-4717-8811-0d07034839d5-IGH.fasta 100%
3641 nt in 110 seqs, min 15, max 45, avg 33
Masking 100%
Sorting by length 100%
Counting k-mers 100%
Clustering 100%
Sorting clusters 100%
Writing clusters 100%
Clusters: 36 Size min 1, max 53, avg 3.1
Singletons: 32, 29.1% of seqs, 88.9% of clusters
Multiple alignments 100%
vsearch v2.30.0_linux_x86_64, 94.1GB RAM, 24 cores
https://github.com/torognes/vsearch

Reading file results/clustering/cdr/cov_illu_first_R0_vh/cdr3_clusters/e21f47c6-b32b-400d-99a7-6b438be43387-IGH.fasta 100%
222 nt in 5 seqs, min 33, max 54, avg 44
Masking 100%
Sorting by length 100%
Counting k-mers 100%
Clustering 100%
Sorting clusters 100%
Writing clusters 100%
Clusters: 5 Size min 1, max 1, avg 1.0
Singletons: 5, 100.0% of seqs, 100.0% of clusters
Multiple alignments 100%
vsearch v2.30.0_linux_x86_64, 94.1GB RAM, 24 cores
https://github.com/torognes/vsearch

Reading file results/clustering/cdr/cov_illu_first_R0_vh/cdr3_clusters/f29d738f-1af8-43bb-abe7-215e0467c6ab-IGH.fasta 100%
1458 nt in 37 seqs, min 24, max 60, avg 39
Masking 100%
Sorting by length 100%
Counting k-mers 100%
Clustering 100%
Sorting clusters 100%
Writing clusters 100%
Clusters: 30 Size min 1, max 5, avg 1.2
Singletons: 26, 70.3% of seqs, 86.7% of clusters
Multiple alignments 100%
vsearch v2.30.0_linux_x86_64, 94.1GB RAM, 24 cores
https://github.com/torognes/vsearch

Reading file results/clustering/cdr/cov_illu_first_R0_vh/cdr3_clusters/05968f02-be61-467e-ba5c-f461986c2bed-IGH.fasta 100%
354 nt in 8 seqs, min 36, max 54, avg 44
Masking 100%
Sorting by length 100%
Counting k-mers 100%
Clustering 100%
Sorting clusters 100%
Writing clusters 100%
Clusters: 8 Size min 1, max 1, avg 1.0
Singletons: 8, 100.0% of seqs, 100.0% of clusters
Multiple alignments 100%
vsearch v2.30.0_linux_x86_64, 94.1GB RAM, 24 cores
https://github.com/torognes/vsearch

Reading file results/clustering/cdr/cov_illu_first_R0_vh/cdr3_clusters/8b5d6699-9929-42c3-b189-1d592d17a0e1-IGH.fasta 100%
639 nt in 17 seqs, min 27, max 51, avg 38
Masking 100%
Sorting by length 100%
Counting k-mers 100%
Clustering 100%
Sorting clusters 100%
Writing clusters 100%
Clusters: 14 Size min 1, max 3, avg 1.2
Singletons: 12, 70.6% of seqs, 85.7% of clusters
Multiple alignments 100%
vsearch v2.30.0_linux_x86_64, 94.1GB RAM, 24 cores
https://github.com/torognes/vsearch

Reading file results/clustering/cdr/cov_illu_first_R0_vh/cdr3_clusters/c05e4ec2-6bf6-4477-867c-55f4c5d8a5bc-IGH.fasta 100%
408 nt in 8 seqs, min 36, max 57, avg 51
Masking 100%
Sorting by length 100%
Counting k-mers 100%
Clustering 100%
Sorting clusters 100%
Writing clusters 100%
Clusters: 7 Size min 1, max 2, avg 1.1
Singletons: 6, 75.0% of seqs, 85.7% of clusters
Multiple alignments 100%
vsearch v2.30.0_linux_x86_64, 94.1GB RAM, 24 cores
https://github.com/torognes/vsearch

Reading file results/clustering/cdr/cov_illu_first_R0_vh/cdr3_clusters/f595b707-c57d-45ef-b299-8084c6a1abdc-IGH.fasta 100%
303 nt in 5 seqs, min 48, max 69, avg 61
Masking 100%
Sorting by length 100%
Counting k-mers 100%
Clustering 100%
Sorting clusters 100%
Writing clusters 100%
Clusters: 5 Size min 1, max 1, avg 1.0
Singletons: 5, 100.0% of seqs, 100.0% of clusters
Multiple alignments 100%
vsearch v2.30.0_linux_x86_64, 94.1GB RAM, 24 cores
https://github.com/torognes/vsearch

Reading file results/clustering/cdr/cov_illu_first_R0_vh/cdr3_clusters/8690c6d5-839d-41ab-99d9-fd908c35640f-IGH.fasta 100%
507 nt in 19 seqs, min 24, max 27, avg 27
Masking 100%
Sorting by length 100%
Counting k-mers 100%
Clustering 100%
Sorting clusters 100%
Writing clusters 100%
Clusters: 7 Size min 1, max 9, avg 2.7
Singletons: 3, 15.8% of seqs, 42.9% of clusters
Multiple alignments 100%
vsearch v2.30.0_linux_x86_64, 94.1GB RAM, 24 cores
https://github.com/torognes/vsearch

Reading file results/clustering/cdr/cov_illu_first_R0_vh/cdr3_clusters/8804666b-fd64-47ec-ad8c-7b5648870b05-IGH.fasta 100%
10404 nt in 199 seqs, min 36, max 78, avg 52
Masking 100%
Sorting by length 100%
Counting k-mers 100%
Clustering 100%
Sorting clusters 100%
Writing clusters 100%
Clusters: 162 Size min 1, max 10, avg 1.2
Singletons: 147, 73.9% of seqs, 90.7% of clusters
Multiple alignments 100%
vsearch v2.30.0_linux_x86_64, 94.1GB RAM, 24 cores
https://github.com/torognes/vsearch

Reading file results/clustering/cdr/cov_illu_first_R0_vh/cdr3_clusters/69f87c70-e62a-4bce-8dae-f12df4430659-IGH.fasta 100%
486 nt in 11 seqs, min 36, max 51, avg 44
Masking 100%
Sorting by length 100%
Counting k-mers 100%
Clustering 100%
Sorting clusters 100%
Writing clusters 100%
Clusters: 8 Size min 1, max 3, avg 1.4
Singletons: 6, 54.5% of seqs, 75.0% of clusters
Multiple alignments 100%
vsearch v2.30.0_linux_x86_64, 94.1GB RAM, 24 cores
https://github.com/torognes/vsearch

Reading file results/clustering/cdr/cov_illu_first_R0_vh/cdr3_clusters/ab8fb0ad-9924-4aef-beba-34111b5fbe61-IGH.fasta 100%
24 nt in 1 seqs, min 24, max 24, avg 24
minseqlength 6: 7 sequences discarded.
Masking 100%
Sorting by length 100%
Counting k-mers 100%
Clustering 100%
Sorting clusters 100%
Writing clusters 100%
Clusters: 1 Size min 1, max 1, avg 1.0
Singletons: 1, 100.0% of seqs, 100.0% of clusters
Multiple alignments 100%
vsearch v2.30.0_linux_x86_64, 94.1GB RAM, 24 cores
https://github.com/torognes/vsearch

Reading file results/clustering/cdr/cov_illu_first_R0_vh/cdr3_clusters/73bc7ffe-bace-4a75-897a-63fe5f3b4edd-IGH.fasta 100%
3624 nt in 86 seqs, min 21, max 63, avg 42
Masking 100%
Sorting by length 100%
Counting k-mers 100%
Clustering 100%
Sorting clusters 100%
Writing clusters 100%
Clusters: 81 Size min 1, max 3, avg 1.1
Singletons: 78, 90.7% of seqs, 96.3% of clusters
Multiple alignments 100%
vsearch v2.30.0_linux_x86_64, 94.1GB RAM, 24 cores
https://github.com/torognes/vsearch

Reading file results/clustering/cdr/cov_illu_first_R0_vh/cdr3_clusters/af918b9b-2bf4-45e3-9931-908f67c2c90d-IGH.fasta 100%
165 nt in 5 seqs, min 33, max 33, avg 33
Masking 100%
Sorting by length 100%
Counting k-mers 100%
Clustering 100%
Sorting clusters 100%
Writing clusters 100%
Clusters: 2 Size min 2, max 3, avg 2.5
Singletons: 0, 0.0% of seqs, 0.0% of clusters
Multiple alignments 100%
vsearch v2.30.0_linux_x86_64, 94.1GB RAM, 24 cores
https://github.com/torognes/vsearch

Reading file results/clustering/cdr/cov_illu_first_R0_vh/cdr3_clusters/ecb5fb9b-d6f9-4702-be0e-dce3ad8dc71d-IGH.fasta 100%
378 nt in 10 seqs, min 21, max 45, avg 38
Masking 100%
Sorting by length 100%
Counting k-mers 100%
Clustering 100%
Sorting clusters 100%
Writing clusters 100%
Clusters: 7 Size min 1, max 4, avg 1.4
Singletons: 6, 60.0% of seqs, 85.7% of clusters
Multiple alignments 100%
vsearch v2.30.0_linux_x86_64, 94.1GB RAM, 24 cores
https://github.com/torognes/vsearch

Reading file results/clustering/cdr/cov_illu_first_R0_vh/cdr3_clusters/a13dc376-f688-4cad-b569-326cb75201d7-IGH.fasta 100%
258 nt in 8 seqs, min 27, max 39, avg 32
Masking 100%
Sorting by length 100%
Counting k-mers 100%
Clustering 100%
Sorting clusters 100%
Writing clusters 100%
Clusters: 8 Size min 1, max 1, avg 1.0
Singletons: 8, 100.0% of seqs, 100.0% of clusters
Multiple alignments 100%
vsearch v2.30.0_linux_x86_64, 94.1GB RAM, 24 cores
https://github.com/torognes/vsearch

Reading file results/clustering/cdr/cov_illu_first_R0_vh/cdr3_clusters/eac3563b-528b-4d54-9e08-ce7b2810a392-IGH.fasta 100%
681 nt in 15 seqs, min 30, max 57, avg 45
Masking 100%
Sorting by length 100%
Counting k-mers 100%
Clustering 100%
Sorting clusters 100%
Writing clusters 100%
Clusters: 15 Size min 1, max 1, avg 1.0
Singletons: 15, 100.0% of seqs, 100.0% of clusters
Multiple alignments 100%
vsearch v2.30.0_linux_x86_64, 94.1GB RAM, 24 cores
https://github.com/torognes/vsearch

Reading file results/clustering/cdr/cov_illu_first_R0_vh/cdr3_clusters/05067a6d-d042-4d10-be7a-4866c71c83c1-IGH.fasta 100%
2346 nt in 59 seqs, min 21, max 69, avg 40
Masking 100%
Sorting by length 100%
Counting k-mers 100%
Clustering 100%
Sorting clusters 100%
Writing clusters 100%
Clusters: 53 Size min 1, max 5, avg 1.1
Singletons: 50, 84.7% of seqs, 94.3% of clusters
Multiple alignments 100%
vsearch v2.30.0_linux_x86_64, 94.1GB RAM, 24 cores
https://github.com/torognes/vsearch

Reading file results/clustering/cdr/cov_illu_first_R0_vh/cdr3_clusters/430e1753-6bf7-4b4c-a76c-8c78a2b7cea5-IGH.fasta 100%
9741 nt in 246 seqs, min 24, max 54, avg 40
Masking 100%
Sorting by length 100%
Counting k-mers 100%
Clustering 100%
Sorting clusters 100%
Writing clusters 100%
Clusters: 120 Size min 1, max 36, avg 2.0
Singletons: 90, 36.6% of seqs, 75.0% of clusters
Multiple alignments 100%
vsearch v2.30.0_linux_x86_64, 94.1GB RAM, 24 cores
https://github.com/torognes/vsearch

Reading file results/clustering/cdr/cov_illu_first_R0_vh/cdr3_clusters/71430292-ba6b-4da5-ab33-49053a248bc4-IGH.fasta 100%
192 nt in 5 seqs, min 36, max 39, avg 38
Masking 100%
Sorting by length 100%
Counting k-mers 100%
Clustering 100%
Sorting clusters 100%
Writing clusters 100%
Clusters: 2 Size min 1, max 4, avg 2.5
Singletons: 1, 20.0% of seqs, 50.0% of clusters
Multiple alignments 100%
vsearch v2.30.0_linux_x86_64, 94.1GB RAM, 24 cores
https://github.com/torognes/vsearch

Reading file results/clustering/cdr/cov_illu_first_R0_vh/cdr3_clusters/5ad45cbe-8467-4c96-9dd8-1bfb0c4cfe69-IGH.fasta 100%
1926 nt in 48 seqs, min 18, max 48, avg 40
Masking 100%
Sorting by length 100%
Counting k-mers 100%
Clustering 100%
Sorting clusters 100%
Writing clusters 100%
Clusters: 42 Size min 1, max 4, avg 1.1
Singletons: 39, 81.2% of seqs, 92.9% of clusters
Multiple alignments 100%
vsearch v2.30.0_linux_x86_64, 94.1GB RAM, 24 cores
https://github.com/torognes/vsearch

Reading file results/clustering/cdr/cov_illu_first_R0_vh/cdr3_clusters/66337e25-10f3-427c-8361-f1731edddf5e-IGH.fasta 100%
582 nt in 13 seqs, min 36, max 51, avg 45
Masking 100%
Sorting by length 100%
Counting k-mers 100%
Clustering 100%
Sorting clusters 100%
Writing clusters 100%
Clusters: 7 Size min 1, max 6, avg 1.9
Singletons: 5, 38.5% of seqs, 71.4% of clusters
Multiple alignments 100%
vsearch v2.30.0_linux_x86_64, 94.1GB RAM, 24 cores
https://github.com/torognes/vsearch

Reading file results/clustering/cdr/cov_illu_first_R0_vh/cdr3_clusters/205704f4-e8ed-4946-9bfd-373063bee33a-IGH.fasta 100%
162 nt in 8 seqs, min 18, max 30, avg 20
Masking 100%
Sorting by length 100%
Counting k-mers 100%
Clustering 100%
Sorting clusters 100%
Writing clusters 100%
Clusters: 5 Size min 1, max 4, avg 1.6
Singletons: 4, 50.0% of seqs, 80.0% of clusters
Multiple alignments 100%
vsearch v2.30.0_linux_x86_64, 94.1GB RAM, 24 cores
https://github.com/torognes/vsearch

Reading file results/clustering/cdr/cov_illu_first_R0_vh/cdr3_clusters/1546a8f3-6452-4d3c-9f3b-325a483aca5f-IGH.fasta 100%
4545 nt in 108 seqs, min 24, max 66, avg 42
Masking 100%
Sorting by length 100%
Counting k-mers 100%
Clustering 100%
Sorting clusters 100%
Writing clusters 100%
Clusters: 95 Size min 1, max 4, avg 1.1
Singletons: 85, 78.7% of seqs, 89.5% of clusters
Multiple alignments 100%
vsearch v2.30.0_linux_x86_64, 94.1GB RAM, 24 cores
https://github.com/torognes/vsearch

Reading file results/clustering/cdr/cov_illu_first_R0_vh/cdr3_clusters/7b36029b-cd4a-419c-81ce-35997980324e-IGH.fasta 100%
885 nt in 33 seqs, min 15, max 45, avg 27
Masking 100%
Sorting by length 100%
Counting k-mers 100%
Clustering 100%
Sorting clusters 100%
Writing clusters 100%
Clusters: 33 Size min 1, max 1, avg 1.0
Singletons: 33, 100.0% of seqs, 100.0% of clusters
Multiple alignments 100%
vsearch v2.30.0_linux_x86_64, 94.1GB RAM, 24 cores
https://github.com/torognes/vsearch

Reading file results/clustering/cdr/cov_illu_first_R0_vh/cdr3_clusters/7f322bef-5a1f-4feb-b3ef-ca71685530eb-IGH.fasta 100%
447 nt in 17 seqs, min 18, max 33, avg 26
Masking 100%
Sorting by length 100%
Counting k-mers 100%
Clustering 100%
Sorting clusters 100%
Writing clusters 100%
Clusters: 15 Size min 1, max 3, avg 1.1
Singletons: 14, 82.4% of seqs, 93.3% of clusters
Multiple alignments 100%
vsearch v2.30.0_linux_x86_64, 94.1GB RAM, 24 cores
https://github.com/torognes/vsearch

Reading file results/clustering/cdr/cov_illu_first_R0_vh/cdr3_clusters/3ff963d3-f1d8-44eb-892a-99cda4f9f459-IGH.fasta 100%
1368 nt in 24 seqs, min 42, max 78, avg 57
Masking 100%
Sorting by length 100%
Counting k-mers 100%
Clustering 100%
Sorting clusters 100%
Writing clusters 100%
Clusters: 23 Size min 1, max 2, avg 1.0
Singletons: 22, 91.7% of seqs, 95.7% of clusters
Multiple alignments 100%
vsearch v2.30.0_linux_x86_64, 94.1GB RAM, 24 cores
https://github.com/torognes/vsearch

Reading file results/clustering/cdr/cov_illu_first_R0_vh/cdr3_clusters/5d95c0dc-8865-49ce-8e52-3aeda6447c30-IGH.fasta 100%
14786 nt in 365 seqs, min 18, max 60, avg 41
Masking 100%
Sorting by length 100%
Counting k-mers 100%
Clustering 100%
Sorting clusters 100%
Writing clusters 100%
Clusters: 319 Size min 1, max 5, avg 1.1
Singletons: 288, 78.9% of seqs, 90.3% of clusters
Multiple alignments 100%
vsearch v2.30.0_linux_x86_64, 94.1GB RAM, 24 cores
https://github.com/torognes/vsearch

Reading file results/clustering/cdr/cov_illu_first_R0_vh/cdr3_clusters/8d68fe2a-33af-4a00-97fd-d017755c5ac1-IGH.fasta 100%
3924 nt in 99 seqs, min 21, max 51, avg 40
Masking 100%
Sorting by length 100%
Counting k-mers 100%
Clustering 100%
Sorting clusters 100%
Writing clusters 100%
Clusters: 94 Size min 1, max 3, avg 1.1
Singletons: 90, 90.9% of seqs, 95.7% of clusters
Multiple alignments 100%
vsearch v2.30.0_linux_x86_64, 94.1GB RAM, 24 cores
https://github.com/torognes/vsearch

Reading file results/clustering/cdr/cov_illu_first_R0_vh/cdr3_clusters/cf49d648-c2d4-4510-80ca-c070f644fad8-IGH.fasta 100%
303 nt in 10 seqs, min 12, max 39, avg 30
Masking 100%
Sorting by length 100%
Counting k-mers 100%
Clustering 100%
Sorting clusters 100%
Writing clusters 100%
Clusters: 10 Size min 1, max 1, avg 1.0
Singletons: 10, 100.0% of seqs, 100.0% of clusters
Multiple alignments 100%
vsearch v2.30.0_linux_x86_64, 94.1GB RAM, 24 cores
https://github.com/torognes/vsearch

Reading file results/clustering/cdr/cov_illu_first_R0_vh/cdr3_clusters/8eded0e9-4cbc-4474-a982-654b4a0fa050-IGH.fasta 100%
109 nt in 5 seqs, min 11, max 29, avg 22
minseqlength 6: 5 sequences discarded.
Masking 100%
Sorting by length 100%
Counting k-mers 100%
Clustering 100%
Sorting clusters 100%
Writing clusters 100%
Clusters: 5 Size min 1, max 1, avg 1.0
Singletons: 5, 100.0% of seqs, 100.0% of clusters
Multiple alignments 100%
vsearch v2.30.0_linux_x86_64, 94.1GB RAM, 24 cores
https://github.com/torognes/vsearch

Reading file results/clustering/cdr/cov_illu_first_R0_vh/cdr3_clusters/5721adcc-b749-47f1-b242-d7d2cadbbcbf-IGH.fasta 100%
1431 nt in 39 seqs, min 24, max 51, avg 37
Masking 100%
Sorting by length 100%
Counting k-mers 100%
Clustering 100%
Sorting clusters 100%
Writing clusters 100%
Clusters: 39 Size min 1, max 1, avg 1.0
Singletons: 39, 100.0% of seqs, 100.0% of clusters
Multiple alignments 100%
vsearch v2.30.0_linux_x86_64, 94.1GB RAM, 24 cores
https://github.com/torognes/vsearch

Reading file results/clustering/cdr/cov_illu_first_R0_vh/cdr3_clusters/961a7ba9-7be0-48bb-b13e-7d844ef16e12-IGH.fasta 100%
234 nt in 7 seqs, min 24, max 39, avg 33
Masking 100%
Sorting by length 100%
Counting k-mers 100%
Clustering 100%
Sorting clusters 100%
Writing clusters 100%
Clusters: 7 Size min 1, max 1, avg 1.0
Singletons: 7, 100.0% of seqs, 100.0% of clusters
Multiple alignments 100%
vsearch v2.30.0_linux_x86_64, 94.1GB RAM, 24 cores
https://github.com/torognes/vsearch

Reading file results/clustering/cdr/cov_illu_first_R0_vh/cdr3_clusters/b47f29cf-ab48-4b33-8dd8-b62393b1c563-IGH.fasta 100%
660 nt in 15 seqs, min 30, max 57, avg 44
Masking 100%
Sorting by length 100%
Counting k-mers 100%
Clustering 100%
Sorting clusters 100%
Writing clusters 100%
Clusters: 15 Size min 1, max 1, avg 1.0
Singletons: 15, 100.0% of seqs, 100.0% of clusters
Multiple alignments 100%
vsearch v2.30.0_linux_x86_64, 94.1GB RAM, 24 cores
https://github.com/torognes/vsearch

Reading file results/clustering/cdr/cov_illu_first_R0_vh/cdr3_clusters/af464168-a0f8-4053-a7dc-9f86f7e0df3d-IGH.fasta 100%
489 nt in 8 seqs, min 51, max 81, avg 61
Masking 100%
Sorting by length 100%
Counting k-mers 100%
Clustering 100%
Sorting clusters 100%
Writing clusters 100%
Clusters: 8 Size min 1, max 1, avg 1.0
Singletons: 8, 100.0% of seqs, 100.0% of clusters
Multiple alignments 100%
vsearch v2.30.0_linux_x86_64, 94.1GB RAM, 24 cores
https://github.com/torognes/vsearch

Reading file results/clustering/cdr/cov_illu_first_R0_vh/cdr3_clusters/dd6f2f4b-4c39-405c-9c29-c6ff4dd59bbd-IGH.fasta 100%
3575 nt in 144 seqs, min 15, max 42, avg 25
Masking 100%
Sorting by length 100%
Counting k-mers 100%
Clustering 100%
Sorting clusters 100%
Writing clusters 100%
Clusters: 91 Size min 1, max 21, avg 1.6
Singletons: 72, 50.0% of seqs, 79.1% of clusters
Multiple alignments 100%
vsearch v2.30.0_linux_x86_64, 94.1GB RAM, 24 cores
https://github.com/torognes/vsearch

Reading file results/clustering/cdr/cov_illu_first_R0_vh/cdr3_clusters/a7cf0a9b-34a4-44c7-9e23-a3708f53580f-IGH.fasta 100%
2659 nt in 64 seqs, min 18, max 57, avg 42
Masking 100%
Sorting by length 100%
Counting k-mers 100%
Clustering 100%
Sorting clusters 100%
Writing clusters 100%
Clusters: 56 Size min 1, max 6, avg 1.1
Singletons: 53, 82.8% of seqs, 94.6% of clusters
Multiple alignments 100%
vsearch v2.30.0_linux_x86_64, 94.1GB RAM, 24 cores
https://github.com/torognes/vsearch

Reading file results/clustering/cdr/cov_illu_first_R0_vh/cdr3_clusters/517d3bd0-151b-422d-b296-ebc5123019c6-IGH.fasta 100%
64602 nt in 1546 seqs, min 21, max 63, avg 42
Masking 100%
Sorting by length 100%
Counting k-mers 100%
Clustering 100%
Sorting clusters 100%
Writing clusters 100%
Clusters: 750 Size min 1, max 155, avg 2.1
Singletons: 535, 34.6% of seqs, 71.3% of clusters
Multiple alignments 100%
vsearch v2.30.0_linux_x86_64, 94.1GB RAM, 24 cores
https://github.com/torognes/vsearch

Reading file results/clustering/cdr/cov_illu_first_R0_vh/cdr3_clusters/9d61b91b-357b-4e77-ab23-e51091840455-IGK.fasta 100%
0 nt in 0 seqs
minseqlength 6: 6 sequences discarded.
Masking 100%
Sorting by length 100%
Counting k-mers 100%
Clustering 100%
Sorting clusters 100%
Writing clusters 100%
Clusters: 0
Singletons: 0
Multiple alignments 100%
vsearch v2.30.0_linux_x86_64, 94.1GB RAM, 24 cores
https://github.com/torognes/vsearch

Reading file results/clustering/cdr/cov_illu_first_R0_vh/cdr3_clusters/41ce5765-992b-4a41-aa47-22b722845587-IGH.fasta 100%
744 nt in 17 seqs, min 30, max 54, avg 44
Masking 100%
Sorting by length 100%
Counting k-mers 100%
Clustering 100%
Sorting clusters 100%
Writing clusters 100%
Clusters: 15 Size min 1, max 3, avg 1.1
Singletons: 14, 82.4% of seqs, 93.3% of clusters
Multiple alignments 100%
vsearch v2.30.0_linux_x86_64, 94.1GB RAM, 24 cores
https://github.com/torognes/vsearch

Reading file results/clustering/cdr/cov_illu_first_R0_vh/cdr3_clusters/e16e4109-4645-4675-a120-d5216a5f3cde-IGH.fasta 100%
7146 nt in 164 seqs, min 24, max 66, avg 44
Masking 100%
Sorting by length 100%
Counting k-mers 100%
Clustering 100%
Sorting clusters 100%
Writing clusters 100%
Clusters: 160 Size min 1, max 2, avg 1.0
Singletons: 156, 95.1% of seqs, 97.5% of clusters
Multiple alignments 100%
vsearch v2.30.0_linux_x86_64, 94.1GB RAM, 24 cores
https://github.com/torognes/vsearch

Reading file results/clustering/cdr/cov_illu_first_R0_vh/cdr3_clusters/4900981a-4b6d-4254-b9f8-731be5885f0c-IGH.fasta 100%
273 nt in 7 seqs, min 21, max 45, avg 39
Masking 100%
Sorting by length 100%
Counting k-mers 100%
Clustering 100%
Sorting clusters 100%
Writing clusters 100%
Clusters: 7 Size min 1, max 1, avg 1.0
Singletons: 7, 100.0% of seqs, 100.0% of clusters
Multiple alignments 100%
vsearch v2.30.0_linux_x86_64, 94.1GB RAM, 24 cores
https://github.com/torognes/vsearch

Reading file results/clustering/cdr/cov_illu_first_R0_vh/cdr3_clusters/954738f5-bdd1-4a05-a95c-e7b114e1ce7d-IGH.fasta 100%
14165 nt in 394 seqs, min 12, max 51, avg 36
Masking 100%
Sorting by length 100%
Counting k-mers 100%
Clustering 100%
Sorting clusters 100%
Writing clusters 100%
Clusters: 343 Size min 1, max 11, avg 1.1
Singletons: 315, 79.9% of seqs, 91.8% of clusters
Multiple alignments 100%
vsearch v2.30.0_linux_x86_64, 94.1GB RAM, 24 cores
https://github.com/torognes/vsearch

Reading file results/clustering/cdr/cov_illu_first_R0_vh/cdr3_clusters/dfde345b-71bd-48e4-863d-bc6e61cdffde-IGH.fasta 100%
819 nt in 22 seqs, min 24, max 39, avg 37
Masking 100%
Sorting by length 100%
Counting k-mers 100%
Clustering 100%
Sorting clusters 100%
Writing clusters 100%
Clusters: 5 Size min 1, max 18, avg 4.4
Singletons: 4, 18.2% of seqs, 80.0% of clusters
Multiple alignments 100%
vsearch v2.30.0_linux_x86_64, 94.1GB RAM, 24 cores
https://github.com/torognes/vsearch

Reading file results/clustering/cdr/cov_illu_first_R0_vh/cdr3_clusters/722a83e0-96af-4d67-915b-44bbf835a70f-IGH.fasta 100%
162 nt in 5 seqs, min 30, max 36, avg 32
Masking 100%
Sorting by length 100%
Counting k-mers 100%
Clustering 100%
Sorting clusters 100%
Writing clusters 100%
Clusters: 4 Size min 1, max 2, avg 1.2
Singletons: 3, 60.0% of seqs, 75.0% of clusters
Multiple alignments 100%
vsearch v2.30.0_linux_x86_64, 94.1GB RAM, 24 cores
https://github.com/torognes/vsearch

Reading file results/clustering/cdr/cov_illu_first_R0_vh/cdr3_clusters/918cb719-40c4-4aee-9313-40e6cb5f7238-IGH.fasta 100%
6747 nt in 182 seqs, min 18, max 51, avg 37
Masking 100%
Sorting by length 100%
Counting k-mers 100%
Clustering 100%
Sorting clusters 100%
Writing clusters 100%
Clusters: 161 Size min 1, max 10, avg 1.1
Singletons: 149, 81.9% of seqs, 92.5% of clusters
Multiple alignments 100%
vsearch v2.30.0_linux_x86_64, 94.1GB RAM, 24 cores
https://github.com/torognes/vsearch

Reading file results/clustering/cdr/cov_illu_first_R0_vh/cdr3_clusters/4b4e89d4-7cc9-4aa5-b02c-bdca5604a94c-IGH.fasta 100%
2229 nt in 77 seqs, min 18, max 36, avg 29
Masking 100%
Sorting by length 100%
Counting k-mers 100%
Clustering 100%
Sorting clusters 100%
Writing clusters 100%
Clusters: 68 Size min 1, max 3, avg 1.1
Singletons: 61, 79.2% of seqs, 89.7% of clusters
Multiple alignments 100%
vsearch v2.30.0_linux_x86_64, 94.1GB RAM, 24 cores
https://github.com/torognes/vsearch

Reading file results/clustering/cdr/cov_illu_first_R0_vh/cdr3_clusters/e05be3ba-3685-4fa6-a295-f4971e85bf92-IGH.fasta 100%
720 nt in 20 seqs, min 30, max 42, avg 36
Masking 100%
Sorting by length 100%
Counting k-mers 100%
Clustering 100%
Sorting clusters 100%
Writing clusters 100%
Clusters: 20 Size min 1, max 1, avg 1.0
Singletons: 20, 100.0% of seqs, 100.0% of clusters
Multiple alignments 100%
vsearch v2.30.0_linux_x86_64, 94.1GB RAM, 24 cores
https://github.com/torognes/vsearch

Reading file results/clustering/cdr/cov_illu_first_R0_vh/cdr3_clusters/5a34d016-8fe6-40b5-a3a0-f937e2361bc7-IGH.fasta 100%
3408 nt in 69 seqs, min 39, max 72, avg 49
Masking 100%
Sorting by length 100%
Counting k-mers 100%
Clustering 100%
Sorting clusters 100%
Writing clusters 100%
Clusters: 53 Size min 1, max 7, avg 1.3
Singletons: 48, 69.6% of seqs, 90.6% of clusters
Multiple alignments 100%
vsearch v2.30.0_linux_x86_64, 94.1GB RAM, 24 cores
https://github.com/torognes/vsearch

Reading file results/clustering/cdr/cov_illu_first_R0_vh/cdr3_clusters/3f006e88-2ebb-460e-ac97-b2af9fa7311a-IGH.fasta 100%
4217 nt in 91 seqs, min 27, max 63, avg 46
Masking 100%
Sorting by length 100%
Counting k-mers 100%
Clustering 100%
Sorting clusters 100%
Writing clusters 100%
Clusters: 88 Size min 1, max 3, avg 1.0
Singletons: 86, 94.5% of seqs, 97.7% of clusters
Multiple alignments 100%
vsearch v2.30.0_linux_x86_64, 94.1GB RAM, 24 cores
https://github.com/torognes/vsearch

Reading file results/clustering/cdr/cov_illu_first_R0_vh/cdr3_clusters/49f75440-f78d-43c8-bfe7-30e1293077c0-IGH.fasta 100%
453 nt in 10 seqs, min 33, max 51, avg 45
Masking 100%
Sorting by length 100%
Counting k-mers 100%
Clustering 100%
Sorting clusters 100%
Writing clusters 100%
Clusters: 7 Size min 1, max 4, avg 1.4
Singletons: 6, 60.0% of seqs, 85.7% of clusters
Multiple alignments 100%
vsearch v2.30.0_linux_x86_64, 94.1GB RAM, 24 cores
https://github.com/torognes/vsearch

Reading file results/clustering/cdr/cov_illu_first_R0_vh/cdr3_clusters/764d60bd-4ac7-4d83-ac10-1d103dac3c1f-IGH.fasta 100%
837 nt in 16 seqs, min 39, max 60, avg 52
Masking 100%
Sorting by length 100%
Counting k-mers 100%
Clustering 100%
Sorting clusters 100%
Writing clusters 100%
Clusters: 13 Size min 1, max 2, avg 1.2
Singletons: 10, 62.5% of seqs, 76.9% of clusters
Multiple alignments 100%
vsearch v2.30.0_linux_x86_64, 94.1GB RAM, 24 cores
https://github.com/torognes/vsearch

Reading file results/clustering/cdr/cov_illu_first_R0_vh/cdr3_clusters/0bc53690-2e1e-46b3-8449-1bc7fc7968d4-IGH.fasta 100%
321 nt in 8 seqs, min 33, max 51, avg 40
Masking 100%
Sorting by length 100%
Counting k-mers 100%
Clustering 100%
Sorting clusters 100%
Writing clusters 100%
Clusters: 7 Size min 1, max 2, avg 1.1
Singletons: 6, 75.0% of seqs, 85.7% of clusters
Multiple alignments 100%
vsearch v2.30.0_linux_x86_64, 94.1GB RAM, 24 cores
https://github.com/torognes/vsearch

Reading file results/clustering/cdr/cov_illu_first_R0_vh/cdr3_clusters/dde10c26-206c-41d7-8149-b279cf64bf5e-IGH.fasta 100%
1797 nt in 37 seqs, min 33, max 72, avg 49
Masking 100%
Sorting by length 100%
Counting k-mers 100%
Clustering 100%
Sorting clusters 100%
Writing clusters 100%
Clusters: 37 Size min 1, max 1, avg 1.0
Singletons: 37, 100.0% of seqs, 100.0% of clusters
Multiple alignments 100%
vsearch v2.30.0_linux_x86_64, 94.1GB RAM, 24 cores
https://github.com/torognes/vsearch

Reading file results/clustering/cdr/cov_illu_first_R0_vh/cdr3_clusters/50d904ed-ad20-4430-babc-9615bf6d2055-IGH.fasta 100%
192 nt in 5 seqs, min 36, max 42, avg 38
Masking 100%
Sorting by length 100%
Counting k-mers 100%
Clustering 100%
Sorting clusters 100%
Writing clusters 100%
Clusters: 4 Size min 1, max 2, avg 1.2
Singletons: 3, 60.0% of seqs, 75.0% of clusters
Multiple alignments 100%
vsearch v2.30.0_linux_x86_64, 94.1GB RAM, 24 cores
https://github.com/torognes/vsearch

Reading file results/clustering/cdr/cov_illu_first_R0_vh/cdr3_clusters/9e91aef2-fb17-4975-b444-b09834504496-IGH.fasta 100%
2799 nt in 67 seqs, min 30, max 54, avg 42
Masking 100%
Sorting by length 100%
Counting k-mers 100%
Clustering 100%
Sorting clusters 100%
Writing clusters 100%
Clusters: 59 Size min 1, max 3, avg 1.1
Singletons: 53, 79.1% of seqs, 89.8% of clusters
Multiple alignments 100%
vsearch v2.30.0_linux_x86_64, 94.1GB RAM, 24 cores
https://github.com/torognes/vsearch

Reading file results/clustering/cdr/cov_illu_first_R0_vh/cdr3_clusters/074b7933-a337-467e-8a78-81a1aad8d5af-IGH.fasta 100%
405 nt in 7 seqs, min 45, max 60, avg 58
Masking 100%
Sorting by length 100%
Counting k-mers 100%
Clustering 100%
Sorting clusters 100%
Writing clusters 100%
Clusters: 2 Size min 1, max 6, avg 3.5
Singletons: 1, 14.3% of seqs, 50.0% of clusters
Multiple alignments 100%
vsearch v2.30.0_linux_x86_64, 94.1GB RAM, 24 cores
https://github.com/torognes/vsearch

Reading file results/clustering/cdr/cov_illu_first_R0_vh/cdr3_clusters/53358d6d-10fe-4eb9-b335-326dc31d34e0-IGH.fasta 100%
78390 nt in 1969 seqs, min 18, max 60, avg 40
Masking 100%
Sorting by length 100%
Counting k-mers 100%
Clustering 100%
Sorting clusters 100%
Writing clusters 100%
Clusters: 693 Size min 1, max 288, avg 2.8
Singletons: 471, 23.9% of seqs, 68.0% of clusters
Multiple alignments 100%
vsearch v2.30.0_linux_x86_64, 94.1GB RAM, 24 cores
https://github.com/torognes/vsearch

Reading file results/clustering/cdr/cov_illu_first_R0_vh/cdr3_clusters/d8ba2391-d70d-4d92-85a6-bbf6326b0732-IGH.fasta 100%
4491 nt in 111 seqs, min 18, max 57, avg 40
Masking 100%
Sorting by length 100%
Counting k-mers 100%
Clustering 100%
Sorting clusters 100%
Writing clusters 100%
Clusters: 106 Size min 1, max 4, avg 1.0
Singletons: 103, 92.8% of seqs, 97.2% of clusters
Multiple alignments 100%
vsearch v2.30.0_linux_x86_64, 94.1GB RAM, 24 cores
https://github.com/torognes/vsearch

Reading file results/clustering/cdr/cov_illu_first_R0_vh/cdr3_clusters/e20cef11-6431-4d63-b242-1a1bec00019a-IGH.fasta 100%
462 nt in 10 seqs, min 36, max 51, avg 46
Masking 100%
Sorting by length 100%
Counting k-mers 100%
Clustering 100%
Sorting clusters 100%
Writing clusters 100%
Clusters: 6 Size min 1, max 5, avg 1.7
Singletons: 5, 50.0% of seqs, 83.3% of clusters
Multiple alignments 100%
vsearch v2.30.0_linux_x86_64, 94.1GB RAM, 24 cores
https://github.com/torognes/vsearch

Reading file results/clustering/cdr/cov_illu_first_R0_vh/cdr3_clusters/a8f3b894-6b70-4d1d-b08b-5f569c5f7aa6-IGH.fasta 100%
240 nt in 5 seqs, min 42, max 54, avg 48
Masking 100%
Sorting by length 100%
Counting k-mers 100%
Clustering 100%
Sorting clusters 100%
Writing clusters 100%
Clusters: 5 Size min 1, max 1, avg 1.0
Singletons: 5, 100.0% of seqs, 100.0% of clusters
Multiple alignments 100%
vsearch v2.30.0_linux_x86_64, 94.1GB RAM, 24 cores
https://github.com/torognes/vsearch

Reading file results/clustering/cdr/cov_illu_first_R0_vh/cdr3_clusters/3437b546-0c98-4a55-810f-8b81eda9e5fa-IGH.fasta 100%
426 nt in 11 seqs, min 27, max 48, avg 39
Masking 100%
Sorting by length 100%
Counting k-mers 100%
Clustering 100%
Sorting clusters 100%
Writing clusters 100%
Clusters: 10 Size min 1, max 2, avg 1.1
Singletons: 9, 81.8% of seqs, 90.0% of clusters
Multiple alignments 100%
vsearch v2.30.0_linux_x86_64, 94.1GB RAM, 24 cores
https://github.com/torognes/vsearch

Reading file results/clustering/cdr/cov_illu_first_R0_vh/cdr3_clusters/d5fcb99b-03a9-4c99-832a-5398a446166b-IGH.fasta 100%
4209 nt in 86 seqs, min 33, max 72, avg 49
Masking 100%
Sorting by length 100%
Counting k-mers 100%
Clustering 100%
Sorting clusters 100%
Writing clusters 100%
Clusters: 84 Size min 1, max 2, avg 1.0
Singletons: 82, 95.3% of seqs, 97.6% of clusters
Multiple alignments 100%
vsearch v2.30.0_linux_x86_64, 94.1GB RAM, 24 cores
https://github.com/torognes/vsearch

Reading file results/clustering/cdr/cov_illu_first_R0_vh/cdr3_clusters/aa3df85d-c1c4-488a-9b9d-2914f2622fd1-IGH.fasta 100%
297 nt in 7 seqs, min 36, max 54, avg 42
Masking 100%
Sorting by length 100%
Counting k-mers 100%
Clustering 100%
Sorting clusters 100%
Writing clusters 100%
Clusters: 6 Size min 1, max 2, avg 1.2
Singletons: 5, 71.4% of seqs, 83.3% of clusters
Multiple alignments 100%
vsearch v2.30.0_linux_x86_64, 94.1GB RAM, 24 cores
https://github.com/torognes/vsearch

Reading file results/clustering/cdr/cov_illu_first_R0_vh/cdr3_clusters/35fd71f6-f385-454f-8073-abb0e9af2905-IGH.fasta 100%
1142 nt in 42 seqs, min 18, max 36, avg 27
Masking 100%
Sorting by length 100%
Counting k-mers 100%
Clustering 100%
Sorting clusters 100%
Writing clusters 100%
Clusters: 9 Size min 1, max 34, avg 4.7
Singletons: 8, 19.0% of seqs, 88.9% of clusters
Multiple alignments 100%
vsearch v2.30.0_linux_x86_64, 94.1GB RAM, 24 cores
https://github.com/torognes/vsearch

Reading file results/clustering/cdr/cov_illu_first_R0_vh/cdr3_clusters/f5d0429d-134c-4549-93e0-e6a3f63eee90-IGH.fasta 100%
1653 nt in 43 seqs, min 27, max 51, avg 38
Masking 100%
Sorting by length 100%
Counting k-mers 100%
Clustering 100%
Sorting clusters 100%
Writing clusters 100%
Clusters: 34 Size min 1, max 10, avg 1.3
Singletons: 33, 76.7% of seqs, 97.1% of clusters
Multiple alignments 100%
vsearch v2.30.0_linux_x86_64, 94.1GB RAM, 24 cores
https://github.com/torognes/vsearch

Reading file results/clustering/cdr/cov_illu_first_R0_vh/cdr3_clusters/ebc2ada3-4ca6-418d-af14-8343e50c28a5-IGH.fasta 100%
588 nt in 17 seqs, min 27, max 48, avg 35
Masking 100%
Sorting by length 100%
Counting k-mers 100%
Clustering 100%
Sorting clusters 100%
Writing clusters 100%
Clusters: 17 Size min 1, max 1, avg 1.0
Singletons: 17, 100.0% of seqs, 100.0% of clusters
Multiple alignments 100%
vsearch v2.30.0_linux_x86_64, 94.1GB RAM, 24 cores
https://github.com/torognes/vsearch

Reading file results/clustering/cdr/cov_illu_first_R0_vh/cdr3_clusters/ca5520ba-a5a1-4d73-b911-1bb46d0bb20b-IGH.fasta 100%
219 nt in 6 seqs, min 33, max 45, avg 36
Masking 100%
Sorting by length 100%
Counting k-mers 100%
Clustering 100%
Sorting clusters 100%
Writing clusters 100%
Clusters: 6 Size min 1, max 1, avg 1.0
Singletons: 6, 100.0% of seqs, 100.0% of clusters
Multiple alignments 100%
vsearch v2.30.0_linux_x86_64, 94.1GB RAM, 24 cores
https://github.com/torognes/vsearch

Reading file results/clustering/cdr/cov_illu_first_R0_vh/cdr3_clusters/5029fd44-32d8-4667-a00b-a813d89eafc7-IGH.fasta 100%
39 nt in 2 seqs, min 11, max 28, avg 20
minseqlength 6: 7 sequences discarded.
Masking 100%
Sorting by length 100%
Counting k-mers 100%
Clustering 100%
Sorting clusters 100%
Writing clusters 100%
Clusters: 2 Size min 1, max 1, avg 1.0
Singletons: 2, 100.0% of seqs, 100.0% of clusters
Multiple alignments 100%
vsearch v2.30.0_linux_x86_64, 94.1GB RAM, 24 cores
https://github.com/torognes/vsearch

Reading file results/clustering/cdr/cov_illu_first_R0_vh/cdr3_clusters/82893114-23a4-4e9a-8285-d989e5d36fb0-IGH.fasta 100%
201 nt in 5 seqs, min 36, max 45, avg 40
Masking 100%
Sorting by length 100%
Counting k-mers 100%
Clustering 100%
Sorting clusters 100%
Writing clusters 100%
Clusters: 5 Size min 1, max 1, avg 1.0
Singletons: 5, 100.0% of seqs, 100.0% of clusters
Multiple alignments 100%
vsearch v2.30.0_linux_x86_64, 94.1GB RAM, 24 cores
https://github.com/torognes/vsearch

Reading file results/clustering/cdr/cov_illu_first_R0_vh/cdr3_clusters/f3bab506-c0f2-4585-b553-0b849407828d-IGH.fasta 100%
3810 nt in 91 seqs, min 15, max 60, avg 42
Masking 100%
Sorting by length 100%
Counting k-mers 100%
Clustering 100%
Sorting clusters 100%
Writing clusters 100%
Clusters: 70 Size min 1, max 20, avg 1.3
Singletons: 68, 74.7% of seqs, 97.1% of clusters
Multiple alignments 100%
vsearch v2.30.0_linux_x86_64, 94.1GB RAM, 24 cores
https://github.com/torognes/vsearch

Reading file results/clustering/cdr/cov_illu_first_R0_vh/cdr3_clusters/11551466-315e-48bd-a49c-992936855808-IGH.fasta 100%
912 nt in 21 seqs, min 33, max 48, avg 43
Masking 100%
Sorting by length 100%
Counting k-mers 100%
Clustering 100%
Sorting clusters 100%
Writing clusters 100%
Clusters: 20 Size min 1, max 2, avg 1.1
Singletons: 19, 90.5% of seqs, 95.0% of clusters
Multiple alignments 100%
vsearch v2.30.0_linux_x86_64, 94.1GB RAM, 24 cores
https://github.com/torognes/vsearch

Reading file results/clustering/cdr/cov_illu_first_R0_vh/cdr3_clusters/07ea4e5b-cb8e-465d-9631-dac2e3337683-IGH.fasta 100%
453 nt in 12 seqs, min 27, max 48, avg 38
Masking 100%
Sorting by length 100%
Counting k-mers 100%
Clustering 100%
Sorting clusters 100%
Writing clusters 100%
Clusters: 12 Size min 1, max 1, avg 1.0
Singletons: 12, 100.0% of seqs, 100.0% of clusters
Multiple alignments 100%
vsearch v2.30.0_linux_x86_64, 94.1GB RAM, 24 cores
https://github.com/torognes/vsearch

Reading file results/clustering/cdr/cov_illu_first_R0_vh/cdr3_clusters/0e077947-c75e-44ee-8474-0e6f92835b77-IGH.fasta 100%
261 nt in 5 seqs, min 42, max 66, avg 52
Masking 100%
Sorting by length 100%
Counting k-mers 100%
Clustering 100%
Sorting clusters 100%
Writing clusters 100%
Clusters: 5 Size min 1, max 1, avg 1.0
Singletons: 5, 100.0% of seqs, 100.0% of clusters
Multiple alignments 100%
vsearch v2.30.0_linux_x86_64, 94.1GB RAM, 24 cores
https://github.com/torognes/vsearch

Reading file results/clustering/cdr/cov_illu_first_R0_vh/cdr3_clusters/5a417068-2418-4c77-ae08-dd8e62e8a0b8-IGH.fasta 100%
5486 nt in 153 seqs, min 18, max 48, avg 36
Masking 100%
Sorting by length 100%
Counting k-mers 100%
Clustering 100%
Sorting clusters 100%
Writing clusters 100%
Clusters: 118 Size min 1, max 10, avg 1.3
Singletons: 101, 66.0% of seqs, 85.6% of clusters
Multiple alignments 100%
vsearch v2.30.0_linux_x86_64, 94.1GB RAM, 24 cores
https://github.com/torognes/vsearch

Reading file results/clustering/cdr/cov_illu_first_R0_vh/cdr3_clusters/c0e16630-f2fc-46f7-a034-2b028a92af61-IGH.fasta 100%
228 nt in 6 seqs, min 33, max 48, avg 38
Masking 100%
Sorting by length 100%
Counting k-mers 100%
Clustering 100%
Sorting clusters 100%
Writing clusters 100%
Clusters: 6 Size min 1, max 1, avg 1.0
Singletons: 6, 100.0% of seqs, 100.0% of clusters
Multiple alignments 100%
vsearch v2.30.0_linux_x86_64, 94.1GB RAM, 24 cores
https://github.com/torognes/vsearch

Reading file results/clustering/cdr/cov_illu_first_R0_vh/cdr3_clusters/0881b97b-10ea-4ef1-91a2-7352a4c851a8-IGH.fasta 100%
315 nt in 9 seqs, min 30, max 36, avg 35
Masking 100%
Sorting by length 100%
Counting k-mers 100%
Clustering 100%
Sorting clusters 100%
Writing clusters 100%
Clusters: 5 Size min 1, max 5, avg 1.8
Singletons: 4, 44.4% of seqs, 80.0% of clusters
Multiple alignments 100%
vsearch v2.30.0_linux_x86_64, 94.1GB RAM, 24 cores
https://github.com/torognes/vsearch

Reading file results/clustering/cdr/cov_illu_first_R0_vh/cdr3_clusters/0d8dfa80-7bd0-4aa2-9291-eacea6428b03-IGH.fasta 100%
873 nt in 26 seqs, min 24, max 42, avg 34
Masking 100%
Sorting by length 100%
Counting k-mers 100%
Clustering 100%
Sorting clusters 100%
Writing clusters 100%
Clusters: 24 Size min 1, max 3, avg 1.1
Singletons: 23, 88.5% of seqs, 95.8% of clusters
Multiple alignments 100%
vsearch v2.30.0_linux_x86_64, 94.1GB RAM, 24 cores
https://github.com/torognes/vsearch

Reading file results/clustering/cdr/cov_illu_first_R0_vh/cdr3_clusters/099906ec-5436-4b6c-9994-ca3df2d317fc-IGH.fasta 100%
333 nt in 8 seqs, min 30, max 51, avg 42
Masking 100%
Sorting by length 100%
Counting k-mers 100%
Clustering 100%
Sorting clusters 100%
Writing clusters 100%
Clusters: 8 Size min 1, max 1, avg 1.0
Singletons: 8, 100.0% of seqs, 100.0% of clusters
Multiple alignments 100%
vsearch v2.30.0_linux_x86_64, 94.1GB RAM, 24 cores
https://github.com/torognes/vsearch

Reading file results/clustering/cdr/cov_illu_first_R0_vh/cdr3_clusters/465a8b73-54cc-458a-92cd-6bc36afd128c-IGH.fasta 100%
270 nt in 7 seqs, min 27, max 48, avg 39
Masking 100%
Sorting by length 100%
Counting k-mers 100%
Clustering 100%
Sorting clusters 100%
Writing clusters 100%
Clusters: 7 Size min 1, max 1, avg 1.0
Singletons: 7, 100.0% of seqs, 100.0% of clusters
Multiple alignments 100%
vsearch v2.30.0_linux_x86_64, 94.1GB RAM, 24 cores
https://github.com/torognes/vsearch

Reading file results/clustering/cdr/cov_illu_first_R0_vh/cdr3_clusters/6b9d6a07-ca75-47e0-b19a-37e0775bb863-IGH.fasta 100%
189 nt in 6 seqs, min 21, max 36, avg 32
Masking 100%
Sorting by length 100%
Counting k-mers 100%
Clustering 100%
Sorting clusters 100%
Writing clusters 100%
Clusters: 3 Size min 1, max 4, avg 2.0
Singletons: 2, 33.3% of seqs, 66.7% of clusters
Multiple alignments 100%
vsearch v2.30.0_linux_x86_64, 94.1GB RAM, 24 cores
https://github.com/torognes/vsearch

Reading file results/clustering/cdr/cov_illu_first_R0_vh/cdr3_clusters/c3c0ecc7-9bcc-49e8-a99d-8ac02e096142-IGH.fasta 100%
732 nt in 23 seqs, min 24, max 36, avg 32
Masking 100%
Sorting by length 100%
Counting k-mers 100%
Clustering 100%
Sorting clusters 100%
Writing clusters 100%
Clusters: 20 Size min 1, max 3, avg 1.1
Singletons: 18, 78.3% of seqs, 90.0% of clusters
Multiple alignments 100%
vsearch v2.30.0_linux_x86_64, 94.1GB RAM, 24 cores
https://github.com/torognes/vsearch

Reading file results/clustering/cdr/cov_illu_first_R0_vh/cdr3_clusters/913e35f8-88e8-481b-a64f-44fa4b43ab4c-IGH.fasta 100%
186 nt in 5 seqs, min 36, max 39, avg 37
Masking 100%
Sorting by length 100%
Counting k-mers 100%
Clustering 100%
Sorting clusters 100%
Writing clusters 100%
Clusters: 5 Size min 1, max 1, avg 1.0
Singletons: 5, 100.0% of seqs, 100.0% of clusters
Multiple alignments 100%
vsearch v2.30.0_linux_x86_64, 94.1GB RAM, 24 cores
https://github.com/torognes/vsearch

Reading file results/clustering/cdr/cov_illu_first_R0_vh/cdr3_clusters/7d32cbe9-2204-4e1c-8926-6bfeccc3a968-IGH.fasta 100%
150 nt in 6 seqs, min 18, max 33, avg 25
Masking 100%
Sorting by length 100%
Counting k-mers 100%
Clustering 100%
Sorting clusters 100%
Writing clusters 100%
Clusters: 6 Size min 1, max 1, avg 1.0
Singletons: 6, 100.0% of seqs, 100.0% of clusters
Multiple alignments 100%
vsearch v2.30.0_linux_x86_64, 94.1GB RAM, 24 cores
https://github.com/torognes/vsearch

Reading file results/clustering/cdr/cov_illu_first_R0_vh/cdr3_clusters/606cd62d-ab13-4010-a049-fcd8f9c8410d-IGH.fasta 100%
252 nt in 7 seqs, min 24, max 54, avg 36
Masking 100%
Sorting by length 100%
Counting k-mers 100%
Clustering 100%
Sorting clusters 100%
Writing clusters 100%
Clusters: 7 Size min 1, max 1, avg 1.0
Singletons: 7, 100.0% of seqs, 100.0% of clusters
Multiple alignments 100%
vsearch v2.30.0_linux_x86_64, 94.1GB RAM, 24 cores
https://github.com/torognes/vsearch

Reading file results/clustering/cdr/cov_illu_first_R0_vh/cdr3_clusters/0258b9cf-4335-4b3f-b099-98b9a14f2cf3-IGH.fasta 100%
420 nt in 10 seqs, min 27, max 45, avg 42
Masking 100%
Sorting by length 100%
Counting k-mers 100%
Clustering 100%
Sorting clusters 100%
Writing clusters 100%
Clusters: 8 Size min 1, max 3, avg 1.2
Singletons: 7, 70.0% of seqs, 87.5% of clusters
Multiple alignments 100%
vsearch v2.30.0_linux_x86_64, 94.1GB RAM, 24 cores
https://github.com/torognes/vsearch

Reading file results/clustering/cdr/cov_illu_first_R0_vh/cdr3_clusters/36f216a4-eb9c-4d17-8726-264b367f7d73-IGH.fasta 100%
3042 nt in 76 seqs, min 15, max 54, avg 40
Masking 100%
Sorting by length 100%
Counting k-mers 100%
Clustering 100%
Sorting clusters 100%
Writing clusters 100%
Clusters: 63 Size min 1, max 11, avg 1.2
Singletons: 59, 77.6% of seqs, 93.7% of clusters
Multiple alignments 100%
vsearch v2.30.0_linux_x86_64, 94.1GB RAM, 24 cores
https://github.com/torognes/vsearch

Reading file results/clustering/cdr/cov_illu_first_R0_vh/cdr3_clusters/6e61dd41-e73f-4339-9203-53d8846e9edd-IGH.fasta 100%
609 nt in 13 seqs, min 36, max 60, avg 47
Masking 100%
Sorting by length 100%
Counting k-mers 100%
Clustering 100%
Sorting clusters 100%
Writing clusters 100%
Clusters: 12 Size min 1, max 2, avg 1.1
Singletons: 11, 84.6% of seqs, 91.7% of clusters
Multiple alignments 100%
vsearch v2.30.0_linux_x86_64, 94.1GB RAM, 24 cores
https://github.com/torognes/vsearch

Reading file results/clustering/cdr/cov_illu_first_R0_vh/cdr3_clusters/0cd019a6-21bf-4e16-afaf-c8e383e89329-IGH.fasta 100%
231 nt in 6 seqs, min 36, max 45, avg 38
Masking 100%
Sorting by length 100%
Counting k-mers 100%
Clustering 100%
Sorting clusters 100%
Writing clusters 100%
Clusters: 6 Size min 1, max 1, avg 1.0
Singletons: 6, 100.0% of seqs, 100.0% of clusters
Multiple alignments 100%
vsearch v2.30.0_linux_x86_64, 94.1GB RAM, 24 cores
https://github.com/torognes/vsearch

Reading file results/clustering/cdr/cov_illu_first_R0_vh/cdr3_clusters/710b464a-68b2-4cb6-ad00-1d7ae8bce7b9-IGH.fasta 100%
231 nt in 5 seqs, min 39, max 51, avg 46
Masking 100%
Sorting by length 100%
Counting k-mers 100%
Clustering 100%
Sorting clusters 100%
Writing clusters 100%
Clusters: 4 Size min 1, max 2, avg 1.2
Singletons: 3, 60.0% of seqs, 75.0% of clusters
Multiple alignments 100%
vsearch v2.30.0_linux_x86_64, 94.1GB RAM, 24 cores
https://github.com/torognes/vsearch

Reading file results/clustering/cdr/cov_illu_first_R0_vh/cdr3_clusters/08446e7d-1a09-42ff-ae75-62bf569af5c9-IGH.fasta 100%
540 nt in 14 seqs, min 27, max 51, avg 39
Masking 100%
Sorting by length 100%
Counting k-mers 100%
Clustering 100%
Sorting clusters 100%
Writing clusters 100%
Clusters: 14 Size min 1, max 1, avg 1.0
Singletons: 14, 100.0% of seqs, 100.0% of clusters
Multiple alignments 100%
vsearch v2.30.0_linux_x86_64, 94.1GB RAM, 24 cores
https://github.com/torognes/vsearch

Reading file results/clustering/cdr/cov_illu_first_R0_vh/cdr3_clusters/0e5a4084-87f0-4230-8909-9018ce4403cd-IGH.fasta 100%
5502 nt in 150 seqs, min 15, max 51, avg 37
Masking 100%
Sorting by length 100%
Counting k-mers 100%
Clustering 100%
Sorting clusters 100%
Writing clusters 100%
Clusters: 128 Size min 1, max 10, avg 1.2
Singletons: 118, 78.7% of seqs, 92.2% of clusters
Multiple alignments 100%
vsearch v2.30.0_linux_x86_64, 94.1GB RAM, 24 cores
https://github.com/torognes/vsearch

Reading file results/clustering/cdr/cov_illu_first_R0_vh/cdr3_clusters/a71e23f7-aa7f-4b83-9b5a-37bd63752780-IGH.fasta 100%
1578 nt in 42 seqs, min 21, max 48, avg 38
Masking 100%
Sorting by length 100%
Counting k-mers 100%
Clustering 100%
Sorting clusters 100%
Writing clusters 100%
Clusters: 34 Size min 1, max 9, avg 1.2
Singletons: 33, 78.6% of seqs, 97.1% of clusters
Multiple alignments 100%
vsearch v2.30.0_linux_x86_64, 94.1GB RAM, 24 cores
https://github.com/torognes/vsearch

Reading file results/clustering/cdr/cov_illu_first_R0_vh/cdr3_clusters/c25be714-fe89-4ede-862c-e5eaa0953ec2-IGH.fasta 100%
375 nt in 9 seqs, min 33, max 54, avg 42
Masking 100%
Sorting by length 100%
Counting k-mers 100%
Clustering 100%
Sorting clusters 100%
Writing clusters 100%
Clusters: 9 Size min 1, max 1, avg 1.0
Singletons: 9, 100.0% of seqs, 100.0% of clusters
Multiple alignments 100%
vsearch v2.30.0_linux_x86_64, 94.1GB RAM, 24 cores
https://github.com/torognes/vsearch

Reading file results/clustering/cdr/cov_illu_first_R0_vh/cdr3_clusters/b09d9326-75a4-47c0-aa3b-28463bc28869-IGH.fasta 100%
291 nt in 7 seqs, min 36, max 45, avg 42
Masking 100%
Sorting by length 100%
Counting k-mers 100%
Clustering 100%
Sorting clusters 100%
Writing clusters 100%
Clusters: 4 Size min 1, max 4, avg 1.8
Singletons: 3, 42.9% of seqs, 75.0% of clusters
Multiple alignments 100%
vsearch v2.30.0_linux_x86_64, 94.1GB RAM, 24 cores
https://github.com/torognes/vsearch

Reading file results/clustering/cdr/cov_illu_first_R0_vh/cdr3_clusters/74a730da-2c44-4413-bc44-a4ec93372625-IGH.fasta 100%
9663 nt in 213 seqs, min 24, max 66, avg 45
Masking 100%
Sorting by length 100%
Counting k-mers 100%
Clustering 100%
Sorting clusters 100%
Writing clusters 100%
Clusters: 202 Size min 1, max 4, avg 1.1
Singletons: 193, 90.6% of seqs, 95.5% of clusters
Multiple alignments 100%
vsearch v2.30.0_linux_x86_64, 94.1GB RAM, 24 cores
https://github.com/torognes/vsearch

Reading file results/clustering/cdr/cov_illu_first_R0_vh/cdr3_clusters/059c0c0d-58f2-4154-bd9e-40a434557357-IGH.fasta 100%
270 nt in 7 seqs, min 33, max 45, avg 39
Masking 100%
Sorting by length 100%
Counting k-mers 100%
Clustering 100%
Sorting clusters 100%
Writing clusters 100%
Clusters: 7 Size min 1, max 1, avg 1.0
Singletons: 7, 100.0% of seqs, 100.0% of clusters
Multiple alignments 100%
vsearch v2.30.0_linux_x86_64, 94.1GB RAM, 24 cores
https://github.com/torognes/vsearch

Reading file results/clustering/cdr/cov_illu_first_R0_vh/cdr3_clusters/9048dd78-de8d-4f08-becd-2b349b2cef7e-IGH.fasta 100%
546 nt in 10 seqs, min 42, max 66, avg 55
Masking 100%
Sorting by length 100%
Counting k-mers 100%
Clustering 100%
Sorting clusters 100%
Writing clusters 100%
Clusters: 9 Size min 1, max 2, avg 1.1
Singletons: 8, 80.0% of seqs, 88.9% of clusters
Multiple alignments 100%
vsearch v2.30.0_linux_x86_64, 94.1GB RAM, 24 cores
https://github.com/torognes/vsearch

Reading file results/clustering/cdr/cov_illu_first_R0_vh/cdr3_clusters/348d60ee-b691-498b-944d-d3582c3a1ad4-IGH.fasta 100%
828 nt in 20 seqs, min 33, max 48, avg 41
Masking 100%
Sorting by length 100%
Counting k-mers 100%
Clustering 100%
Sorting clusters 100%
Writing clusters 100%
Clusters: 10 Size min 1, max 11, avg 2.0
Singletons: 9, 45.0% of seqs, 90.0% of clusters
Multiple alignments 100%
vsearch v2.30.0_linux_x86_64, 94.1GB RAM, 24 cores
https://github.com/torognes/vsearch

Reading file results/clustering/cdr/cov_illu_first_R0_vh/cdr3_clusters/a0eac280-b9c9-4d9c-a4ca-f81433debba0-IGH.fasta 100%
246 nt in 6 seqs, min 18, max 51, avg 41
Masking 100%
Sorting by length 100%
Counting k-mers 100%
Clustering 100%
Sorting clusters 100%
Writing clusters 100%
Clusters: 6 Size min 1, max 1, avg 1.0
Singletons: 6, 100.0% of seqs, 100.0% of clusters
Multiple alignments 100%
vsearch v2.30.0_linux_x86_64, 94.1GB RAM, 24 cores
https://github.com/torognes/vsearch

Reading file results/clustering/cdr/cov_illu_first_R0_vh/cdr3_clusters/4f22d227-77b0-4886-b18d-a94ba05ea0f1-IGH.fasta 100%
20940 nt in 487 seqs, min 24, max 66, avg 43
Masking 100%
Sorting by length 100%
Counting k-mers 100%
Clustering 100%
Sorting clusters 100%
Writing clusters 100%
Clusters: 374 Size min 1, max 15, avg 1.3
Singletons: 323, 66.3% of seqs, 86.4% of clusters
Multiple alignments 100%
vsearch v2.30.0_linux_x86_64, 94.1GB RAM, 24 cores
https://github.com/torognes/vsearch

Reading file results/clustering/cdr/cov_illu_first_R0_vh/cdr3_clusters/2e93a61a-f493-466e-90ad-72cdf67f117d-IGH.fasta 100%
126 nt in 7 seqs, min 18, max 18, avg 18
Masking 100%
Sorting by length 100%
Counting k-mers 100%
Clustering 100%
Sorting clusters 100%
Writing clusters 100%
Clusters: 4 Size min 1, max 4, avg 1.8
Singletons: 3, 42.9% of seqs, 75.0% of clusters
Multiple alignments 100%
vsearch v2.30.0_linux_x86_64, 94.1GB RAM, 24 cores
https://github.com/torognes/vsearch

Reading file results/clustering/cdr/cov_illu_first_R0_vh/cdr3_clusters/518725b2-ba37-4f57-8251-7b0ccca8504d-IGH.fasta 100%
606 nt in 22 seqs, min 18, max 36, avg 28
Masking 100%
Sorting by length 100%
Counting k-mers 100%
Clustering 100%
Sorting clusters 100%
Writing clusters 100%
Clusters: 21 Size min 1, max 2, avg 1.0
Singletons: 20, 90.9% of seqs, 95.2% of clusters
Multiple alignments 100%
vsearch v2.30.0_linux_x86_64, 94.1GB RAM, 24 cores
https://github.com/torognes/vsearch

Reading file results/clustering/cdr/cov_illu_first_R0_vh/cdr3_clusters/1d8fd93b-1cc6-4539-a5cb-6c3b1bf63dc2-IGH.fasta 100%
393 nt in 8 seqs, min 42, max 57, avg 49
Masking 100%
Sorting by length 100%
Counting k-mers 100%
Clustering 100%
Sorting clusters 100%
Writing clusters 100%
Clusters: 8 Size min 1, max 1, avg 1.0
Singletons: 8, 100.0% of seqs, 100.0% of clusters
Multiple alignments 100%
vsearch v2.30.0_linux_x86_64, 94.1GB RAM, 24 cores
https://github.com/torognes/vsearch

Reading file results/clustering/cdr/cov_illu_first_R0_vh/cdr3_clusters/2afeb647-b456-45b9-9ef7-35a2e25a26d6-IGH.fasta 100%
342 nt in 12 seqs, min 21, max 36, avg 28
Masking 100%
Sorting by length 100%
Counting k-mers 100%
Clustering 100%
Sorting clusters 100%
Writing clusters 100%
Clusters: 12 Size min 1, max 1, avg 1.0
Singletons: 12, 100.0% of seqs, 100.0% of clusters
Multiple alignments 100%
vsearch v2.30.0_linux_x86_64, 94.1GB RAM, 24 cores
https://github.com/torognes/vsearch

Reading file results/clustering/cdr/cov_illu_first_R0_vh/cdr3_clusters/4cf6e4a5-4dd5-4326-8e30-f798d167a7d8-IGH.fasta 100%
3780 nt in 103 seqs, min 30, max 42, avg 37
Masking 100%
Sorting by length 100%
Counting k-mers 100%
Clustering 100%
Sorting clusters 100%
Writing clusters 100%
Clusters: 57 Size min 1, max 12, avg 1.8
Singletons: 43, 41.7% of seqs, 75.4% of clusters
Multiple alignments 100%
vsearch v2.30.0_linux_x86_64, 94.1GB RAM, 24 cores
https://github.com/torognes/vsearch

Reading file results/clustering/cdr/cov_illu_first_R0_vh/cdr3_clusters/ca07441b-47bd-4fce-8fc3-1799ad09fd3c-IGH.fasta 100%
504 nt in 11 seqs, min 30, max 66, avg 46
Masking 100%
Sorting by length 100%
Counting k-mers 100%
Clustering 100%
Sorting clusters 100%
Writing clusters 100%
Clusters: 10 Size min 1, max 2, avg 1.1
Singletons: 9, 81.8% of seqs, 90.0% of clusters
Multiple alignments 100%
vsearch v2.30.0_linux_x86_64, 94.1GB RAM, 24 cores
https://github.com/torognes/vsearch

Reading file results/clustering/cdr/cov_illu_first_R0_vh/cdr3_clusters/0c7dfbd4-79ee-4e16-b307-89b3a7881305-IGK.fasta 100%
0 nt in 0 seqs
minseqlength 6: 11966 sequences discarded.
Masking 100%
Sorting by length 100%
Counting k-mers 100%
Clustering 100%
Sorting clusters 100%
Writing clusters 100%
Clusters: 0
Singletons: 0
Multiple alignments 100%
vsearch v2.30.0_linux_x86_64, 94.1GB RAM, 24 cores
https://github.com/torognes/vsearch

Reading file results/clustering/cdr/cov_illu_first_R0_vh/cdr3_clusters/81c9fc73-d0c4-47d9-a8c2-16e43ca0718d-IGH.fasta 100%
1407 nt in 38 seqs, min 18, max 48, avg 37
Masking 100%
Sorting by length 100%
Counting k-mers 100%
Clustering 100%
Sorting clusters 100%
Writing clusters 100%
Clusters: 32 Size min 1, max 3, avg 1.2
Singletons: 28, 73.7% of seqs, 87.5% of clusters
Multiple alignments 100%
vsearch v2.30.0_linux_x86_64, 94.1GB RAM, 24 cores
https://github.com/torognes/vsearch

Reading file results/clustering/cdr/cov_illu_first_R0_vh/cdr3_clusters/d25270af-07e8-41a1-9b46-5155f0eacf0e-IGH.fasta 100%
198 nt in 6 seqs, min 18, max 39, avg 33
Masking 100%
Sorting by length 100%
Counting k-mers 100%
Clustering 100%
Sorting clusters 100%
Writing clusters 100%
Clusters: 5 Size min 1, max 2, avg 1.2
Singletons: 4, 66.7% of seqs, 80.0% of clusters
Multiple alignments 100%
vsearch v2.30.0_linux_x86_64, 94.1GB RAM, 24 cores
https://github.com/torognes/vsearch

Reading file results/clustering/cdr/cov_illu_first_R0_vh/cdr3_clusters/0dcba59d-5e4e-4814-b25e-b65dd4d5ae79-IGH.fasta 100%
705 nt in 19 seqs, min 18, max 45, avg 37
Masking 100%
Sorting by length 100%
Counting k-mers 100%
Clustering 100%
Sorting clusters 100%
Writing clusters 100%
Clusters: 15 Size min 1, max 4, avg 1.3
Singletons: 13, 68.4% of seqs, 86.7% of clusters
Multiple alignments 100%
vsearch v2.30.0_linux_x86_64, 94.1GB RAM, 24 cores
https://github.com/torognes/vsearch

Reading file results/clustering/cdr/cov_illu_first_R0_vh/cdr3_clusters/5c6b0104-0afa-4e3d-b3d8-19ed4e714d2a-IGH.fasta 100%
1233 nt in 25 seqs, min 30, max 63, avg 49
Masking 100%
Sorting by length 100%
Counting k-mers 100%
Clustering 100%
Sorting clusters 100%
Writing clusters 100%
Clusters: 24 Size min 1, max 2, avg 1.0
Singletons: 23, 92.0% of seqs, 95.8% of clusters
Multiple alignments 100%
vsearch v2.30.0_linux_x86_64, 94.1GB RAM, 24 cores
https://github.com/torognes/vsearch

Reading file results/clustering/cdr/cov_illu_first_R0_vh/cdr3_clusters/cfd575b6-79b6-4e94-b5b4-e1ee0870ae62-IGH.fasta 100%
276 nt in 8 seqs, min 24, max 42, avg 34
Masking 100%
Sorting by length 100%
Counting k-mers 100%
Clustering 100%
Sorting clusters 100%
Writing clusters 100%
Clusters: 8 Size min 1, max 1, avg 1.0
Singletons: 8, 100.0% of seqs, 100.0% of clusters
Multiple alignments 100%
vsearch v2.30.0_linux_x86_64, 94.1GB RAM, 24 cores
https://github.com/torognes/vsearch

Reading file results/clustering/cdr/cov_illu_first_R0_vh/cdr3_clusters/0a207ed3-f37b-4f81-9347-7e4af468cefb-IGH.fasta 100%
1830 nt in 45 seqs, min 27, max 54, avg 41
Masking 100%
Sorting by length 100%
Counting k-mers 100%
Clustering 100%
Sorting clusters 100%
Writing clusters 100%
Clusters: 40 Size min 1, max 4, avg 1.1
Singletons: 37, 82.2% of seqs, 92.5% of clusters
Multiple alignments 100%
vsearch v2.30.0_linux_x86_64, 94.1GB RAM, 24 cores
https://github.com/torognes/vsearch

Reading file results/clustering/cdr/cov_illu_first_R0_vh/cdr3_clusters/14d92d81-c2ac-4c33-89cb-8d526659dc8b-IGK.fasta 100%
0 nt in 0 seqs
minseqlength 6: 1199 sequences discarded.
Masking 100%
Sorting by length 100%
Counting k-mers 100%
Clustering 100%
Sorting clusters 100%
Writing clusters 100%
Clusters: 0
Singletons: 0
Multiple alignments 100%
vsearch v2.30.0_linux_x86_64, 94.1GB RAM, 24 cores
https://github.com/torognes/vsearch

Reading file results/clustering/cdr/cov_illu_first_R0_vh/cdr3_clusters/efc77668-2fee-4205-8d51-563f70d2d153-IGH.fasta 100%
160 nt in 5 seqs, min 27, max 39, avg 32
minseqlength 6: 13 sequences discarded.
Masking 100%
Sorting by length 100%
Counting k-mers 100%
Clustering 100%
Sorting clusters 100%
Writing clusters 100%
Clusters: 4 Size min 1, max 2, avg 1.2
Singletons: 3, 60.0% of seqs, 75.0% of clusters
Multiple alignments 100%
vsearch v2.30.0_linux_x86_64, 94.1GB RAM, 24 cores
https://github.com/torognes/vsearch

Reading file results/clustering/cdr/cov_illu_first_R0_vh/cdr3_clusters/29e5ad32-4d54-49fd-8b15-2e10fa671c44-IGH.fasta 100%
1119 nt in 24 seqs, min 33, max 63, avg 47
Masking 100%
Sorting by length 100%
Counting k-mers 100%
Clustering 100%
Sorting clusters 100%
Writing clusters 100%
Clusters: 18 Size min 1, max 4, avg 1.3
Singletons: 15, 62.5% of seqs, 83.3% of clusters
Multiple alignments 100%
vsearch v2.30.0_linux_x86_64, 94.1GB RAM, 24 cores
https://github.com/torognes/vsearch

Reading file results/clustering/cdr/cov_illu_first_R0_vh/cdr3_clusters/1f5cc9ee-efd6-42b3-b8ba-089850ea8b0a-IGH.fasta 100%
1155 nt in 35 seqs, min 18, max 45, avg 33
Masking 100%
Sorting by length 100%
Counting k-mers 100%
Clustering 100%
Sorting clusters 100%
Writing clusters 100%
Clusters: 34 Size min 1, max 2, avg 1.0
Singletons: 33, 94.3% of seqs, 97.1% of clusters
Multiple alignments 100%
vsearch v2.30.0_linux_x86_64, 94.1GB RAM, 24 cores
https://github.com/torognes/vsearch

Reading file results/clustering/cdr/cov_illu_first_R0_vh/cdr3_clusters/e4f026a2-6392-47a0-9f22-de7bbd0390ca-IGH.fasta 100%
234 nt in 7 seqs, min 30, max 39, avg 33
Masking 100%
Sorting by length 100%
Counting k-mers 100%
Clustering 100%
Sorting clusters 100%
Writing clusters 100%
Clusters: 7 Size min 1, max 1, avg 1.0
Singletons: 7, 100.0% of seqs, 100.0% of clusters
Multiple alignments 100%
vsearch v2.30.0_linux_x86_64, 94.1GB RAM, 24 cores
https://github.com/torognes/vsearch

Reading file results/clustering/cdr/cov_illu_first_R0_vh/cdr3_clusters/9a3eaf37-5300-446e-902c-ba6a046f74d9-IGH.fasta 100%
4737 nt in 104 seqs, min 27, max 69, avg 46
Masking 100%
Sorting by length 100%
Counting k-mers 100%
Clustering 100%
Sorting clusters 100%
Writing clusters 100%
Clusters: 97 Size min 1, max 3, avg 1.1
Singletons: 91, 87.5% of seqs, 93.8% of clusters
Multiple alignments 100%
vsearch v2.30.0_linux_x86_64, 94.1GB RAM, 24 cores
https://github.com/torognes/vsearch

Reading file results/clustering/cdr/cov_illu_first_R0_vh/cdr3_clusters/3e3c685b-eced-417e-8bfa-86059108a8f7-IGH.fasta 100%
471 nt in 15 seqs, min 21, max 42, avg 31
Masking 100%
Sorting by length 100%
Counting k-mers 100%
Clustering 100%
Sorting clusters 100%
Writing clusters 100%
Clusters: 14 Size min 1, max 2, avg 1.1
Singletons: 13, 86.7% of seqs, 92.9% of clusters
Multiple alignments 100%
vsearch v2.30.0_linux_x86_64, 94.1GB RAM, 24 cores
https://github.com/torognes/vsearch

Reading file results/clustering/cdr/cov_illu_first_R0_vh/cdr3_clusters/2df7f94b-32fd-4a10-9ec1-09b8078699f2-IGH.fasta 100%
282 nt in 8 seqs, min 30, max 39, avg 35
Masking 100%
Sorting by length 100%
Counting k-mers 100%
Clustering 100%
Sorting clusters 100%
Writing clusters 100%
Clusters: 8 Size min 1, max 1, avg 1.0
Singletons: 8, 100.0% of seqs, 100.0% of clusters
Multiple alignments 100%
vsearch v2.30.0_linux_x86_64, 94.1GB RAM, 24 cores
https://github.com/torognes/vsearch

Reading file results/clustering/cdr/cov_illu_first_R0_vh/cdr3_clusters/584f6001-b5a9-4a9a-913b-031c7158e9a6-IGH.fasta 100%
2844 nt in 68 seqs, min 18, max 51, avg 42
Masking 100%
Sorting by length 100%
Counting k-mers 100%
Clustering 100%
Sorting clusters 100%
Writing clusters 100%
Clusters: 48 Size min 1, max 11, avg 1.4
Singletons: 41, 60.3% of seqs, 85.4% of clusters
Multiple alignments 100%
vsearch v2.30.0_linux_x86_64, 94.1GB RAM, 24 cores
https://github.com/torognes/vsearch

Reading file results/clustering/cdr/cov_illu_first_R0_vh/cdr3_clusters/021671f5-fcc4-49bf-94af-c250f7bb2327-IGH.fasta 100%
4718 nt in 117 seqs, min 18, max 51, avg 40
Masking 100%
Sorting by length 100%
Counting k-mers 100%
Clustering 100%
Sorting clusters 100%
Writing clusters 100%
Clusters: 91 Size min 1, max 17, avg 1.3
Singletons: 83, 70.9% of seqs, 91.2% of clusters
Multiple alignments 100%
vsearch v2.30.0_linux_x86_64, 94.1GB RAM, 24 cores
https://github.com/torognes/vsearch

Reading file results/clustering/cdr/cov_illu_first_R0_vh/cdr3_clusters/d9e62ed1-4b19-4927-a3b2-bc7428c91d95-IGH.fasta 100%
303 nt in 8 seqs, min 27, max 48, avg 38
Masking 100%
Sorting by length 100%
Counting k-mers 100%
Clustering 100%
Sorting clusters 100%
Writing clusters 100%
Clusters: 5 Size min 1, max 4, avg 1.6
Singletons: 4, 50.0% of seqs, 80.0% of clusters
Multiple alignments 100%
vsearch v2.30.0_linux_x86_64, 94.1GB RAM, 24 cores
https://github.com/torognes/vsearch

Reading file results/clustering/cdr/cov_illu_first_R0_vh/cdr3_clusters/75954585-6840-4858-8b81-bae7a5a4d632-IGH.fasta 100%
408 nt in 11 seqs, min 27, max 45, avg 37
Masking 100%
Sorting by length 100%
Counting k-mers 100%
Clustering 100%
Sorting clusters 100%
Writing clusters 100%
Clusters: 11 Size min 1, max 1, avg 1.0
Singletons: 11, 100.0% of seqs, 100.0% of clusters
Multiple alignments 100%
vsearch v2.30.0_linux_x86_64, 94.1GB RAM, 24 cores
https://github.com/torognes/vsearch

Reading file results/clustering/cdr/cov_illu_first_R0_vh/cdr3_clusters/6b9b1818-98cd-4a78-86ae-79e77da78af3-IGH.fasta 100%
873 nt in 25 seqs, min 15, max 48, avg 35
Masking 100%
Sorting by length 100%
Counting k-mers 100%
Clustering 100%
Sorting clusters 100%
Writing clusters 100%
Clusters: 25 Size min 1, max 1, avg 1.0
Singletons: 25, 100.0% of seqs, 100.0% of clusters
Multiple alignments 100%
vsearch v2.30.0_linux_x86_64, 94.1GB RAM, 24 cores
https://github.com/torognes/vsearch

Reading file results/clustering/cdr/cov_illu_first_R0_vh/cdr3_clusters/1f17b1a4-0620-4adf-9a01-f61d6c5d2203-IGH.fasta 100%
708 nt in 19 seqs, min 27, max 51, avg 37
Masking 100%
Sorting by length 100%
Counting k-mers 100%
Clustering 100%
Sorting clusters 100%
Writing clusters 100%
Clusters: 18 Size min 1, max 2, avg 1.1
Singletons: 17, 89.5% of seqs, 94.4% of clusters
Multiple alignments 100%
vsearch v2.30.0_linux_x86_64, 94.1GB RAM, 24 cores
https://github.com/torognes/vsearch

Reading file results/clustering/cdr/cov_illu_first_R0_vh/cdr3_clusters/bec796dd-9014-4c2f-8e07-696ae79d244b-IGH.fasta 100%
2061 nt in 60 seqs, min 21, max 45, avg 34
Masking 100%
Sorting by length 100%
Counting k-mers 100%
Clustering 100%
Sorting clusters 100%
Writing clusters 100%
Clusters: 57 Size min 1, max 2, avg 1.1
Singletons: 54, 90.0% of seqs, 94.7% of clusters
Multiple alignments 100%
vsearch v2.30.0_linux_x86_64, 94.1GB RAM, 24 cores
https://github.com/torognes/vsearch

Reading file results/clustering/cdr/cov_illu_first_R0_vh/cdr3_clusters/f60e60da-a62a-4d94-b2b8-15b8471559a4-IGH.fasta 100%
5023 nt in 143 seqs, min 18, max 51, avg 35
Masking 100%
Sorting by length 100%
Counting k-mers 100%
Clustering 100%
Sorting clusters 100%
Writing clusters 100%
Clusters: 126 Size min 1, max 6, avg 1.1
Singletons: 118, 82.5% of seqs, 93.7% of clusters
Multiple alignments 100%
vsearch v2.30.0_linux_x86_64, 94.1GB RAM, 24 cores
https://github.com/torognes/vsearch

Reading file results/clustering/cdr/cov_illu_first_R0_vh/cdr3_clusters/f2811868-61b5-4d74-9acd-a9bae61f4046-IGK.fasta 100%
0 nt in 0 seqs
minseqlength 6: 8 sequences discarded.
Masking 100%
Sorting by length 100%
Counting k-mers 100%
Clustering 100%
Sorting clusters 100%
Writing clusters 100%
Clusters: 0
Singletons: 0
Multiple alignments 100%
vsearch v2.30.0_linux_x86_64, 94.1GB RAM, 24 cores
https://github.com/torognes/vsearch

Reading file results/clustering/cdr/cov_illu_first_R0_vh/cdr3_clusters/bb6c2759-38e1-41f0-8bde-c454f56bd5f6-IGH.fasta 100%
1062 nt in 21 seqs, min 39, max 60, avg 51
Masking 100%
Sorting by length 100%
Counting k-mers 100%
Clustering 100%
Sorting clusters 100%
Writing clusters 100%
Clusters: 21 Size min 1, max 1, avg 1.0
Singletons: 21, 100.0% of seqs, 100.0% of clusters
Multiple alignments 100%
vsearch v2.30.0_linux_x86_64, 94.1GB RAM, 24 cores
https://github.com/torognes/vsearch

Reading file results/clustering/cdr/cov_illu_first_R0_vh/cdr3_clusters/2cf6c5fb-ac6e-470e-98d1-485861ef4bf6-IGH.fasta 100%
879 nt in 16 seqs, min 36, max 60, avg 55
Masking 100%
Sorting by length 100%
Counting k-mers 100%
Clustering 100%
Sorting clusters 100%
Writing clusters 100%
Clusters: 5 Size min 1, max 12, avg 3.2
Singletons: 4, 25.0% of seqs, 80.0% of clusters
Multiple alignments 100%
vsearch v2.30.0_linux_x86_64, 94.1GB RAM, 24 cores
https://github.com/torognes/vsearch

Reading file results/clustering/cdr/cov_illu_first_R0_vh/cdr3_clusters/144a0f5a-1d44-4b90-9c72-164a6838849f-IGH.fasta 100%
264 nt in 10 seqs, min 18, max 36, avg 26
Masking 100%
Sorting by length 100%
Counting k-mers 100%
Clustering 100%
Sorting clusters 100%
Writing clusters 100%
Clusters: 10 Size min 1, max 1, avg 1.0
Singletons: 10, 100.0% of seqs, 100.0% of clusters
Multiple alignments 100%
vsearch v2.30.0_linux_x86_64, 94.1GB RAM, 24 cores
https://github.com/torognes/vsearch

Reading file results/clustering/cdr/cov_illu_first_R0_vh/cdr3_clusters/bb5af52d-422e-43de-ab10-9cb8b490a2a5-IGH.fasta 100%
7506 nt in 185 seqs, min 15, max 54, avg 41
Masking 100%
Sorting by length 100%
Counting k-mers 100%
Clustering 100%
Sorting clusters 100%
Writing clusters 100%
Clusters: 152 Size min 1, max 10, avg 1.2
Singletons: 138, 74.6% of seqs, 90.8% of clusters
Multiple alignments 100%
vsearch v2.30.0_linux_x86_64, 94.1GB RAM, 24 cores
https://github.com/torognes/vsearch

Reading file results/clustering/cdr/cov_illu_first_R0_vh/cdr3_clusters/013c71f2-60f5-4eec-b2ba-8e9cb5472ca3-IGH.fasta 100%
1209 nt in 33 seqs, min 27, max 48, avg 37
Masking 100%
Sorting by length 100%
Counting k-mers 100%
Clustering 100%
Sorting clusters 100%
Writing clusters 100%
Clusters: 32 Size min 1, max 2, avg 1.0
Singletons: 31, 93.9% of seqs, 96.9% of clusters
Multiple alignments 100%
vsearch v2.30.0_linux_x86_64, 94.1GB RAM, 24 cores
https://github.com/torognes/vsearch

Reading file results/clustering/cdr/cov_illu_first_R0_vh/cdr3_clusters/e3313f7b-794d-415c-940a-0f57b0470b48-IGH.fasta 100%
312 nt in 6 seqs, min 33, max 72, avg 52
Masking 100%
Sorting by length 100%
Counting k-mers 100%
Clustering 100%
Sorting clusters 100%
Writing clusters 100%
Clusters: 6 Size min 1, max 1, avg 1.0
Singletons: 6, 100.0% of seqs, 100.0% of clusters
Multiple alignments 100%
vsearch v2.30.0_linux_x86_64, 94.1GB RAM, 24 cores
https://github.com/torognes/vsearch

Reading file results/clustering/cdr/cov_illu_first_R0_vh/cdr3_clusters/8624ae63-9a97-4d96-adc4-743733816f3e-IGH.fasta 100%
807 nt in 26 seqs, min 18, max 45, avg 31
Masking 100%
Sorting by length 100%
Counting k-mers 100%
Clustering 100%
Sorting clusters 100%
Writing clusters 100%
Clusters: 25 Size min 1, max 2, avg 1.0
Singletons: 24, 92.3% of seqs, 96.0% of clusters
Multiple alignments 100%
vsearch v2.30.0_linux_x86_64, 94.1GB RAM, 24 cores
https://github.com/torognes/vsearch

Reading file results/clustering/cdr/cov_illu_first_R0_vh/cdr3_clusters/182f4a6d-6d11-416f-95de-ba9f56967d1b-IGH.fasta 100%
2403 nt in 67 seqs, min 15, max 48, avg 36
Masking 100%
Sorting by length 100%
Counting k-mers 100%
Clustering 100%
Sorting clusters 100%
Writing clusters 100%
Clusters: 63 Size min 1, max 2, avg 1.1
Singletons: 59, 88.1% of seqs, 93.7% of clusters
Multiple alignments 100%
vsearch v2.30.0_linux_x86_64, 94.1GB RAM, 24 cores
https://github.com/torognes/vsearch

Reading file results/clustering/cdr/cov_illu_first_R0_vh/cdr3_clusters/2ee9036b-a4bc-4250-b506-0a9cc23300f4-IGH.fasta 100%
234 nt in 7 seqs, min 27, max 48, avg 33
Masking 100%
Sorting by length 100%
Counting k-mers 100%
Clustering 100%
Sorting clusters 100%
Writing clusters 100%
Clusters: 7 Size min 1, max 1, avg 1.0
Singletons: 7, 100.0% of seqs, 100.0% of clusters
Multiple alignments 100%
vsearch v2.30.0_linux_x86_64, 94.1GB RAM, 24 cores
https://github.com/torognes/vsearch

Reading file results/clustering/cdr/cov_illu_first_R0_vh/cdr3_clusters/42f4f650-44e5-4aa6-a9ec-a98070fa646c-IGH.fasta 100%
8544 nt in 183 seqs, min 24, max 63, avg 47
Masking 100%
Sorting by length 100%
Counting k-mers 100%
Clustering 100%
Sorting clusters 100%
Writing clusters 100%
Clusters: 167 Size min 1, max 5, avg 1.1
Singletons: 156, 85.2% of seqs, 93.4% of clusters
Multiple alignments 100%
vsearch v2.30.0_linux_x86_64, 94.1GB RAM, 24 cores
https://github.com/torognes/vsearch

Reading file results/clustering/cdr/cov_illu_first_R0_vh/cdr3_clusters/bb6d83ec-6f65-49d2-9a64-a87e026a7ed1-IGH.fasta 100%
3144 nt in 68 seqs, min 27, max 66, avg 46
Masking 100%
Sorting by length 100%
Counting k-mers 100%
Clustering 100%
Sorting clusters 100%
Writing clusters 100%
Clusters: 67 Size min 1, max 2, avg 1.0
Singletons: 66, 97.1% of seqs, 98.5% of clusters
Multiple alignments 100%
vsearch v2.30.0_linux_x86_64, 94.1GB RAM, 24 cores
https://github.com/torognes/vsearch

Reading file results/clustering/cdr/cov_illu_first_R0_vh/cdr3_clusters/5bd9fafe-e63f-456f-9342-b36f566a686f-IGH.fasta 100%
267 nt in 6 seqs, min 33, max 63, avg 44
Masking 100%
Sorting by length 100%
Counting k-mers 100%
Clustering 100%
Sorting clusters 100%
Writing clusters 100%
Clusters: 6 Size min 1, max 1, avg 1.0
Singletons: 6, 100.0% of seqs, 100.0% of clusters
Multiple alignments 100%
vsearch v2.30.0_linux_x86_64, 94.1GB RAM, 24 cores
https://github.com/torognes/vsearch

Reading file results/clustering/cdr/cov_illu_first_R0_vh/cdr3_clusters/71263256-94ab-4be2-b4e0-f00b3058679c-IGH.fasta 100%
195 nt in 5 seqs, min 30, max 48, avg 39
Masking 100%
Sorting by length 100%
Counting k-mers 100%
Clustering 100%
Sorting clusters 100%
Writing clusters 100%
Clusters: 5 Size min 1, max 1, avg 1.0
Singletons: 5, 100.0% of seqs, 100.0% of clusters
Multiple alignments 100%
vsearch v2.30.0_linux_x86_64, 94.1GB RAM, 24 cores
https://github.com/torognes/vsearch

Reading file results/clustering/cdr/cov_illu_first_R0_vh/cdr3_clusters/68c3c7c3-12d2-4c9a-97cd-d442d2fa7aa8-IGH.fasta 100%
528 nt in 12 seqs, min 33, max 48, avg 44
Masking 100%
Sorting by length 100%
Counting k-mers 100%
Clustering 100%
Sorting clusters 100%
Writing clusters 100%
Clusters: 5 Size min 1, max 8, avg 2.4
Singletons: 4, 33.3% of seqs, 80.0% of clusters
Multiple alignments 100%
vsearch v2.30.0_linux_x86_64, 94.1GB RAM, 24 cores
https://github.com/torognes/vsearch

Reading file results/clustering/cdr/cov_illu_first_R0_vh/cdr3_clusters/3cfb5123-5d57-42f8-8a2f-fa931f81bdf9-IGH.fasta 100%
591 nt in 15 seqs, min 30, max 48, avg 39
Masking 100%
Sorting by length 100%
Counting k-mers 100%
Clustering 100%
Sorting clusters 100%
Writing clusters 100%
Clusters: 14 Size min 1, max 2, avg 1.1
Singletons: 13, 86.7% of seqs, 92.9% of clusters
Multiple alignments 100%
vsearch v2.30.0_linux_x86_64, 94.1GB RAM, 24 cores
https://github.com/torognes/vsearch

Reading file results/clustering/cdr/cov_illu_first_R0_vh/cdr3_clusters/1e54272d-53be-487c-b1fe-104a4505c3be-IGH.fasta 100%
228 nt in 8 seqs, min 15, max 36, avg 28
Masking 100%
Sorting by length 100%
Counting k-mers 100%
Clustering 100%
Sorting clusters 100%
Writing clusters 100%
Clusters: 8 Size min 1, max 1, avg 1.0
Singletons: 8, 100.0% of seqs, 100.0% of clusters
Multiple alignments 100%
vsearch v2.30.0_linux_x86_64, 94.1GB RAM, 24 cores
https://github.com/torognes/vsearch

Reading file results/clustering/cdr/cov_illu_first_R0_vh/cdr3_clusters/5bf08fb3-324f-46a1-abab-a24b1c20512c-IGH.fasta 100%
2193 nt in 60 seqs, min 15, max 48, avg 37
Masking 100%
Sorting by length 100%
Counting k-mers 100%
Clustering 100%
Sorting clusters 100%
Writing clusters 100%
Clusters: 54 Size min 1, max 2, avg 1.1
Singletons: 48, 80.0% of seqs, 88.9% of clusters
Multiple alignments 100%
vsearch v2.30.0_linux_x86_64, 94.1GB RAM, 24 cores
https://github.com/torognes/vsearch

Reading file results/clustering/cdr/cov_illu_first_R0_vh/cdr3_clusters/270cb633-b890-4012-922d-6bef5b325eb1-IGH.fasta 100%
4149 nt in 106 seqs, min 18, max 66, avg 39
Masking 100%
Sorting by length 100%
Counting k-mers 100%
Clustering 100%
Sorting clusters 100%
Writing clusters 100%
Clusters: 97 Size min 1, max 5, avg 1.1
Singletons: 91, 85.8% of seqs, 93.8% of clusters
Multiple alignments 100%
vsearch v2.30.0_linux_x86_64, 94.1GB RAM, 24 cores
https://github.com/torognes/vsearch

Reading file results/clustering/cdr/cov_illu_first_R0_vh/cdr3_clusters/268a8183-08c2-4c31-83a0-c03bb29c99c6-IGH.fasta 100%
207 nt in 7 seqs, min 18, max 36, avg 30
Masking 100%
Sorting by length 100%
Counting k-mers 100%
Clustering 100%
Sorting clusters 100%
Writing clusters 100%
Clusters: 7 Size min 1, max 1, avg 1.0
Singletons: 7, 100.0% of seqs, 100.0% of clusters
Multiple alignments 100%
vsearch v2.30.0_linux_x86_64, 94.1GB RAM, 24 cores
https://github.com/torognes/vsearch

Reading file results/clustering/cdr/cov_illu_first_R0_vh/cdr3_clusters/0ccc5267-81f6-446a-aed8-ce6f765aae1e-IGH.fasta 100%
926 nt in 39 seqs, min 18, max 33, avg 24
Masking 100%
Sorting by length 100%
Counting k-mers 100%
Clustering 100%
Sorting clusters 100%
Writing clusters 100%
Clusters: 32 Size min 1, max 4, avg 1.2
Singletons: 28, 71.8% of seqs, 87.5% of clusters
Multiple alignments 100%
vsearch v2.30.0_linux_x86_64, 94.1GB RAM, 24 cores
https://github.com/torognes/vsearch

Reading file results/clustering/cdr/cov_illu_first_R0_vh/cdr3_clusters/e6345aff-e9d8-4301-9d99-1e86d8eea48a-IGH.fasta 100%
378 nt in 9 seqs, min 36, max 54, avg 42
Masking 100%
Sorting by length 100%
Counting k-mers 100%
Clustering 100%
Sorting clusters 100%
Writing clusters 100%
Clusters: 7 Size min 1, max 3, avg 1.3
Singletons: 6, 66.7% of seqs, 85.7% of clusters
Multiple alignments 100%
vsearch v2.30.0_linux_x86_64, 94.1GB RAM, 24 cores
https://github.com/torognes/vsearch

Reading file results/clustering/cdr/cov_illu_first_R0_vh/cdr3_clusters/f206feb3-cf2e-460c-a9e5-2ee23bad5d22-IGH.fasta 100%
4152 nt in 106 seqs, min 18, max 54, avg 39
Masking 100%
Sorting by length 100%
Counting k-mers 100%
Clustering 100%
Sorting clusters 100%
Writing clusters 100%
Clusters: 98 Size min 1, max 3, avg 1.1
Singletons: 92, 86.8% of seqs, 93.9% of clusters
Multiple alignments 100%
vsearch v2.30.0_linux_x86_64, 94.1GB RAM, 24 cores
https://github.com/torognes/vsearch

Reading file results/clustering/cdr/cov_illu_first_R0_vh/cdr3_clusters/07de0261-131d-48bc-b00e-6ba5998736da-IGH.fasta 100%
210 nt in 5 seqs, min 33, max 51, avg 42
Masking 100%
Sorting by length 100%
Counting k-mers 100%
Clustering 100%
Sorting clusters 100%
Writing clusters 100%
Clusters: 4 Size min 1, max 2, avg 1.2
Singletons: 3, 60.0% of seqs, 75.0% of clusters
Multiple alignments 100%
vsearch v2.30.0_linux_x86_64, 94.1GB RAM, 24 cores
https://github.com/torognes/vsearch

Reading file results/clustering/cdr/cov_illu_first_R0_vh/cdr3_clusters/1bfa657d-8ef0-4174-a16d-dcb78b558e55-IGH.fasta 100%
642 nt in 16 seqs, min 33, max 54, avg 40
Masking 100%
Sorting by length 100%
Counting k-mers 100%
Clustering 100%
Sorting clusters 100%
Writing clusters 100%
Clusters: 14 Size min 1, max 3, avg 1.1
Singletons: 13, 81.2% of seqs, 92.9% of clusters
Multiple alignments 100%
vsearch v2.30.0_linux_x86_64, 94.1GB RAM, 24 cores
https://github.com/torognes/vsearch

Reading file results/clustering/cdr/cov_illu_first_R0_vh/cdr3_clusters/c3656ff9-2a33-4a92-81a5-aa44075e279e-IGH.fasta 100%
1788 nt in 62 seqs, min 15, max 39, avg 29
Masking 100%
Sorting by length 100%
Counting k-mers 100%
Clustering 100%
Sorting clusters 100%
Writing clusters 100%
Clusters: 54 Size min 1, max 5, avg 1.1
Singletons: 50, 80.6% of seqs, 92.6% of clusters
Multiple alignments 100%
vsearch v2.30.0_linux_x86_64, 94.1GB RAM, 24 cores
https://github.com/torognes/vsearch

Reading file results/clustering/cdr/cov_illu_first_R0_vh/cdr3_clusters/092d46f0-5b8b-4d30-9896-0ef590e64d45-IGH.fasta 100%
2970 nt in 84 seqs, min 18, max 45, avg 35
Masking 100%
Sorting by length 100%
Counting k-mers 100%
Clustering 100%
Sorting clusters 100%
Writing clusters 100%
Clusters: 75 Size min 1, max 4, avg 1.1
Singletons: 69, 82.1% of seqs, 92.0% of clusters
Multiple alignments 100%
vsearch v2.30.0_linux_x86_64, 94.1GB RAM, 24 cores
https://github.com/torognes/vsearch

Reading file results/clustering/cdr/cov_illu_first_R0_vh/cdr3_clusters/60c40b6a-3795-4c15-8efc-a1b6b3d5dee9-IGH.fasta 100%
270 nt in 7 seqs, min 33, max 45, avg 39
Masking 100%
Sorting by length 100%
Counting k-mers 100%
Clustering 100%
Sorting clusters 100%
Writing clusters 100%
Clusters: 7 Size min 1, max 1, avg 1.0
Singletons: 7, 100.0% of seqs, 100.0% of clusters
Multiple alignments 100%
vsearch v2.30.0_linux_x86_64, 94.1GB RAM, 24 cores
https://github.com/torognes/vsearch

Reading file results/clustering/cdr/cov_illu_first_R0_vh/cdr3_clusters/2e4969e5-866c-4cb6-ba36-49c9d5f33ffc-IGH.fasta 100%
4809 nt in 113 seqs, min 18, max 60, avg 43
Masking 100%
Sorting by length 100%
Counting k-mers 100%
Clustering 100%
Sorting clusters 100%
Writing clusters 100%
Clusters: 89 Size min 1, max 9, avg 1.3
Singletons: 81, 71.7% of seqs, 91.0% of clusters
Multiple alignments 100%
vsearch v2.30.0_linux_x86_64, 94.1GB RAM, 24 cores
https://github.com/torognes/vsearch

Reading file results/clustering/cdr/cov_illu_first_R0_vh/cdr3_clusters/fdd80af1-7657-4a36-993e-6d10a8627adb-IGH.fasta 100%
240 nt in 6 seqs, min 24, max 45, avg 40
Masking 100%
Sorting by length 100%
Counting k-mers 100%
Clustering 100%
Sorting clusters 100%
Writing clusters 100%
Clusters: 6 Size min 1, max 1, avg 1.0
Singletons: 6, 100.0% of seqs, 100.0% of clusters
Multiple alignments 100%
vsearch v2.30.0_linux_x86_64, 94.1GB RAM, 24 cores
https://github.com/torognes/vsearch

Reading file results/clustering/cdr/cov_illu_first_R0_vh/cdr3_clusters/2eda661d-a9d6-4474-817e-55374a8726e2-IGH.fasta 100%
3591 nt in 82 seqs, min 27, max 54, avg 44
Masking 100%
Sorting by length 100%
Counting k-mers 100%
Clustering 100%
Sorting clusters 100%
Writing clusters 100%
Clusters: 63 Size min 1, max 15, avg 1.3
Singletons: 59, 72.0% of seqs, 93.7% of clusters
Multiple alignments 100%
vsearch v2.30.0_linux_x86_64, 94.1GB RAM, 24 cores
https://github.com/torognes/vsearch

Reading file results/clustering/cdr/cov_illu_first_R0_vh/cdr3_clusters/f84b8ad3-479b-48ad-b489-2247875f1c46-IGH.fasta 100%
2883 nt in 75 seqs, min 24, max 54, avg 38
Masking 100%
Sorting by length 100%
Counting k-mers 100%
Clustering 100%
Sorting clusters 100%
Writing clusters 100%
Clusters: 71 Size min 1, max 3, avg 1.1
Singletons: 69, 92.0% of seqs, 97.2% of clusters
Multiple alignments 100%
vsearch v2.30.0_linux_x86_64, 94.1GB RAM, 24 cores
https://github.com/torognes/vsearch

Reading file results/clustering/cdr/cov_illu_first_R0_vh/cdr3_clusters/7a4617d3-3180-4cf5-ab35-0656ffbd452d-IGH.fasta 100%
2337 nt in 58 seqs, min 24, max 51, avg 40
Masking 100%
Sorting by length 100%
Counting k-mers 100%
Clustering 100%
Sorting clusters 100%
Writing clusters 100%
Clusters: 50 Size min 1, max 2, avg 1.2
Singletons: 42, 72.4% of seqs, 84.0% of clusters
Multiple alignments 100%
vsearch v2.30.0_linux_x86_64, 94.1GB RAM, 24 cores
https://github.com/torognes/vsearch

Reading file results/clustering/cdr/cov_illu_first_R0_vh/cdr3_clusters/1243d7aa-f5e7-4542-83e6-25d5f5958d41-IGH.fasta 100%
915 nt in 19 seqs, min 27, max 60, avg 48
Masking 100%
Sorting by length 100%
Counting k-mers 100%
Clustering 100%
Sorting clusters 100%
Writing clusters 100%
Clusters: 16 Size min 1, max 4, avg 1.2
Singletons: 15, 78.9% of seqs, 93.8% of clusters
Multiple alignments 100%
vsearch v2.30.0_linux_x86_64, 94.1GB RAM, 24 cores
https://github.com/torognes/vsearch

Reading file results/clustering/cdr/cov_illu_first_R0_vh/cdr3_clusters/7d805544-7135-46d4-9fee-d8b856d3567b-IGH.fasta 100%
699 nt in 18 seqs, min 30, max 48, avg 39
Masking 100%
Sorting by length 100%
Counting k-mers 100%
Clustering 100%
Sorting clusters 100%
Writing clusters 100%
Clusters: 16 Size min 1, max 3, avg 1.1
Singletons: 15, 83.3% of seqs, 93.8% of clusters
Multiple alignments 100%
vsearch v2.30.0_linux_x86_64, 94.1GB RAM, 24 cores
https://github.com/torognes/vsearch

Reading file results/clustering/cdr/cov_illu_first_R0_vh/cdr3_clusters/a6438cb5-a5e6-47ac-b114-ac325c1fad61-IGH.fasta 100%
992 nt in 30 seqs, min 18, max 42, avg 33
Masking 100%
Sorting by length 100%
Counting k-mers 100%
Clustering 100%
Sorting clusters 100%
Writing clusters 100%
Clusters: 28 Size min 1, max 3, avg 1.1
Singletons: 27, 90.0% of seqs, 96.4% of clusters
Multiple alignments 100%
vsearch v2.30.0_linux_x86_64, 94.1GB RAM, 24 cores
https://github.com/torognes/vsearch

Reading file results/clustering/cdr/cov_illu_first_R0_vh/cdr3_clusters/a7393fd4-d71d-4a27-b49e-6864c52232ed-IGH.fasta 100%
2171 nt in 49 seqs, min 27, max 57, avg 44
Masking 100%
Sorting by length 100%
Counting k-mers 100%
Clustering 100%
Sorting clusters 100%
Writing clusters 100%
Clusters: 47 Size min 1, max 2, avg 1.0
Singletons: 45, 91.8% of seqs, 95.7% of clusters
Multiple alignments 100%
vsearch v2.30.0_linux_x86_64, 94.1GB RAM, 24 cores
https://github.com/torognes/vsearch

Reading file results/clustering/cdr/cov_illu_first_R0_vh/cdr3_clusters/572bb077-4e3e-4265-aeb5-dab413dd99bd-IGH.fasta 100%
2211 nt in 64 seqs, min 21, max 42, avg 35
Masking 100%
Sorting by length 100%
Counting k-mers 100%
Clustering 100%
Sorting clusters 100%
Writing clusters 100%
Clusters: 62 Size min 1, max 3, avg 1.0
Singletons: 61, 95.3% of seqs, 98.4% of clusters
Multiple alignments 100%
vsearch v2.30.0_linux_x86_64, 94.1GB RAM, 24 cores
https://github.com/torognes/vsearch

Reading file results/clustering/cdr/cov_illu_first_R0_vh/cdr3_clusters/9e4c06b9-e87d-4e7c-ba72-2d9e682c6111-IGH.fasta 100%
4023 nt in 85 seqs, min 27, max 66, avg 47
Masking 100%
Sorting by length 100%
Counting k-mers 100%
Clustering 100%
Sorting clusters 100%
Writing clusters 100%
Clusters: 81 Size min 1, max 3, avg 1.0
Singletons: 78, 91.8% of seqs, 96.3% of clusters
Multiple alignments 100%
vsearch v2.30.0_linux_x86_64, 94.1GB RAM, 24 cores
https://github.com/torognes/vsearch

Reading file results/clustering/cdr/cov_illu_first_R0_vh/cdr3_clusters/eee414bb-fed4-4496-9055-1eeeed123b31-IGH.fasta 100%
264 nt in 10 seqs, min 15, max 33, avg 26
Masking 100%
Sorting by length 100%
Counting k-mers 100%
Clustering 100%
Sorting clusters 100%
Writing clusters 100%
Clusters: 10 Size min 1, max 1, avg 1.0
Singletons: 10, 100.0% of seqs, 100.0% of clusters
Multiple alignments 100%
vsearch v2.30.0_linux_x86_64, 94.1GB RAM, 24 cores
https://github.com/torognes/vsearch

Reading file results/clustering/cdr/cov_illu_first_R0_vh/cdr3_clusters/9a84b3af-3d5d-4374-bb5e-379d1a3b76ea-IGH.fasta 100%
927 nt in 22 seqs, min 30, max 54, avg 42
Masking 100%
Sorting by length 100%
Counting k-mers 100%
Clustering 100%
Sorting clusters 100%
Writing clusters 100%
Clusters: 22 Size min 1, max 1, avg 1.0
Singletons: 22, 100.0% of seqs, 100.0% of clusters
Multiple alignments 100%
vsearch v2.30.0_linux_x86_64, 94.1GB RAM, 24 cores
https://github.com/torognes/vsearch

Reading file results/clustering/cdr/cov_illu_first_R0_vh/cdr3_clusters/7224963e-0c0c-4537-80ff-62249fdd2e4b-IGH.fasta 100%
453 nt in 12 seqs, min 30, max 48, avg 38
Masking 100%
Sorting by length 100%
Counting k-mers 100%
Clustering 100%
Sorting clusters 100%
Writing clusters 100%
Clusters: 12 Size min 1, max 1, avg 1.0
Singletons: 12, 100.0% of seqs, 100.0% of clusters
Multiple alignments 100%
vsearch v2.30.0_linux_x86_64, 94.1GB RAM, 24 cores
https://github.com/torognes/vsearch

Reading file results/clustering/cdr/cov_illu_first_R0_vh/cdr3_clusters/91f221a8-ad2e-404b-8900-2b6ef3e7d94d-IGH.fasta 100%
423 nt in 10 seqs, min 30, max 54, avg 42
Masking 100%
Sorting by length 100%
Counting k-mers 100%
Clustering 100%
Sorting clusters 100%
Writing clusters 100%
Clusters: 9 Size min 1, max 2, avg 1.1
Singletons: 8, 80.0% of seqs, 88.9% of clusters
Multiple alignments 100%
vsearch v2.30.0_linux_x86_64, 94.1GB RAM, 24 cores
https://github.com/torognes/vsearch

Reading file results/clustering/cdr/cov_illu_first_R0_vh/cdr3_clusters/73dce4f7-592c-407c-bd76-f4f3822d7dae-IGH.fasta 100%
189 nt in 6 seqs, min 30, max 33, avg 32
Masking 100%
Sorting by length 100%
Counting k-mers 100%
Clustering 100%
Sorting clusters 100%
Writing clusters 100%
Clusters: 5 Size min 1, max 2, avg 1.2
Singletons: 4, 66.7% of seqs, 80.0% of clusters
Multiple alignments 100%
vsearch v2.30.0_linux_x86_64, 94.1GB RAM, 24 cores
https://github.com/torognes/vsearch

Reading file results/clustering/cdr/cov_illu_first_R0_vh/cdr3_clusters/9fa6b8db-e01c-4d0c-9087-f0a7e59078a1-IGH.fasta 100%
729 nt in 18 seqs, min 21, max 60, avg 40
Masking 100%
Sorting by length 100%
Counting k-mers 100%
Clustering 100%
Sorting clusters 100%
Writing clusters 100%
Clusters: 13 Size min 1, max 5, avg 1.4
Singletons: 11, 61.1% of seqs, 84.6% of clusters
Multiple alignments 100%
vsearch v2.30.0_linux_x86_64, 94.1GB RAM, 24 cores
https://github.com/torognes/vsearch

Reading file results/clustering/cdr/cov_illu_first_R0_vh/cdr3_clusters/f8f53feb-bef9-4eae-ac2c-da0e042eb6d4-IGH.fasta 100%
258 nt in 7 seqs, min 27, max 45, avg 37
Masking 100%
Sorting by length 100%
Counting k-mers 100%
Clustering 100%
Sorting clusters 100%
Writing clusters 100%
Clusters: 7 Size min 1, max 1, avg 1.0
Singletons: 7, 100.0% of seqs, 100.0% of clusters
Multiple alignments 100%
vsearch v2.30.0_linux_x86_64, 94.1GB RAM, 24 cores
https://github.com/torognes/vsearch

Reading file results/clustering/cdr/cov_illu_first_R0_vh/cdr3_clusters/b0fcc9a5-fc0e-41f0-9450-c0fccbefe70a-IGH.fasta 100%
981 nt in 26 seqs, min 27, max 45, avg 38
Masking 100%
Sorting by length 100%
Counting k-mers 100%
Clustering 100%
Sorting clusters 100%
Writing clusters 100%
Clusters: 25 Size min 1, max 2, avg 1.0
Singletons: 24, 92.3% of seqs, 96.0% of clusters
Multiple alignments 100%
vsearch v2.30.0_linux_x86_64, 94.1GB RAM, 24 cores
https://github.com/torognes/vsearch

Reading file results/clustering/cdr/cov_illu_first_R0_vh/cdr3_clusters/45168d0b-7888-4a41-9fd7-e7682009ea36-IGH.fasta 100%
315 nt in 9 seqs, min 18, max 42, avg 35
Masking 100%
Sorting by length 100%
Counting k-mers 100%
Clustering 100%
Sorting clusters 100%
Writing clusters 100%
Clusters: 9 Size min 1, max 1, avg 1.0
Singletons: 9, 100.0% of seqs, 100.0% of clusters
Multiple alignments 100%
vsearch v2.30.0_linux_x86_64, 94.1GB RAM, 24 cores
https://github.com/torognes/vsearch

Reading file results/clustering/cdr/cov_illu_first_R0_vh/cdr3_clusters/de04d455-c3ed-47da-b0db-221ab45c894a-IGH.fasta 100%
1011 nt in 19 seqs, min 39, max 63, avg 53
Masking 100%
Sorting by length 100%
Counting k-mers 100%
Clustering 100%
Sorting clusters 100%
Writing clusters 100%
Clusters: 19 Size min 1, max 1, avg 1.0
Singletons: 19, 100.0% of seqs, 100.0% of clusters
Multiple alignments 100%
vsearch v2.30.0_linux_x86_64, 94.1GB RAM, 24 cores
https://github.com/torognes/vsearch

Reading file results/clustering/cdr/cov_illu_first_R0_vh/cdr3_clusters/8bda6aab-5eea-44e2-88ff-98da88375ebb-IGH.fasta 100%
195 nt in 5 seqs, min 33, max 45, avg 39
Masking 100%
Sorting by length 100%
Counting k-mers 100%
Clustering 100%
Sorting clusters 100%
Writing clusters 100%
Clusters: 5 Size min 1, max 1, avg 1.0
Singletons: 5, 100.0% of seqs, 100.0% of clusters
Multiple alignments 100%
vsearch v2.30.0_linux_x86_64, 94.1GB RAM, 24 cores
https://github.com/torognes/vsearch

Reading file results/clustering/cdr/cov_illu_first_R0_vh/cdr3_clusters/6e7009d8-bd17-4322-8b73-029d9b0378b7-IGH.fasta 100%
222 nt in 11 seqs, min 18, max 33, avg 20
Masking 100%
Sorting by length 100%
Counting k-mers 100%
Clustering 100%
Sorting clusters 100%
Writing clusters 100%
Clusters: 9 Size min 1, max 3, avg 1.2
Singletons: 8, 72.7% of seqs, 88.9% of clusters
Multiple alignments 100%
vsearch v2.30.0_linux_x86_64, 94.1GB RAM, 24 cores
https://github.com/torognes/vsearch

Reading file results/clustering/cdr/cov_illu_first_R0_vh/cdr3_clusters/e0af20a3-36af-47a6-882b-9cc43d0ffd1b-IGH.fasta 100%
2121 nt in 60 seqs, min 18, max 48, avg 35
Masking 100%
Sorting by length 100%
Counting k-mers 100%
Clustering 100%
Sorting clusters 100%
Writing clusters 100%
Clusters: 57 Size min 1, max 3, avg 1.1
Singletons: 55, 91.7% of seqs, 96.5% of clusters
Multiple alignments 100%
vsearch v2.30.0_linux_x86_64, 94.1GB RAM, 24 cores
https://github.com/torognes/vsearch

Reading file results/clustering/cdr/cov_illu_first_R0_vh/cdr3_clusters/4bd83591-26ac-4810-8dc6-89c2fbfb0bef-IGH.fasta 100%
879 nt in 22 seqs, min 18, max 51, avg 40
Masking 100%
Sorting by length 100%
Counting k-mers 100%
Clustering 100%
Sorting clusters 100%
Writing clusters 100%
Clusters: 21 Size min 1, max 2, avg 1.0
Singletons: 20, 90.9% of seqs, 95.2% of clusters
Multiple alignments 100%
vsearch v2.30.0_linux_x86_64, 94.1GB RAM, 24 cores
https://github.com/torognes/vsearch

Reading file results/clustering/cdr/cov_illu_first_R0_vh/cdr3_clusters/ea9ac54b-9733-42a3-bda2-5885526709bf-IGH.fasta 100%
348 nt in 9 seqs, min 27, max 45, avg 39
Masking 100%
Sorting by length 100%
Counting k-mers 100%
Clustering 100%
Sorting clusters 100%
Writing clusters 100%
Clusters: 9 Size min 1, max 1, avg 1.0
Singletons: 9, 100.0% of seqs, 100.0% of clusters
Multiple alignments 100%
vsearch v2.30.0_linux_x86_64, 94.1GB RAM, 24 cores
https://github.com/torognes/vsearch

Reading file results/clustering/cdr/cov_illu_first_R0_vh/cdr3_clusters/b1e51cb6-f658-467e-a027-e1cdb3c63d09-IGH.fasta 100%
165 nt in 5 seqs, min 27, max 39, avg 33
Masking 100%
Sorting by length 100%
Counting k-mers 100%
Clustering 100%
Sorting clusters 100%
Writing clusters 100%
Clusters: 5 Size min 1, max 1, avg 1.0
Singletons: 5, 100.0% of seqs, 100.0% of clusters
Multiple alignments 100%
vsearch v2.30.0_linux_x86_64, 94.1GB RAM, 24 cores
https://github.com/torognes/vsearch

Reading file results/clustering/cdr/cov_illu_first_R0_vh/cdr3_clusters/06a0a994-e482-4c9e-a700-0c95623d8e45-IGH.fasta 100%
528 nt in 15 seqs, min 30, max 45, avg 35
Masking 100%
Sorting by length 100%
Counting k-mers 100%
Clustering 100%
Sorting clusters 100%
Writing clusters 100%
Clusters: 9 Size min 1, max 4, avg 1.7
Singletons: 6, 40.0% of seqs, 66.7% of clusters
Multiple alignments 100%
vsearch v2.30.0_linux_x86_64, 94.1GB RAM, 24 cores
https://github.com/torognes/vsearch

Reading file results/clustering/cdr/cov_illu_first_R0_vh/cdr3_clusters/c3c69057-54fe-4f20-9ea9-d721e4a7eda7-IGH.fasta 100%
375 nt in 8 seqs, min 33, max 72, avg 47
Masking 100%
Sorting by length 100%
Counting k-mers 100%
Clustering 100%
Sorting clusters 100%
Writing clusters 100%
Clusters: 8 Size min 1, max 1, avg 1.0
Singletons: 8, 100.0% of seqs, 100.0% of clusters
Multiple alignments 100%
vsearch v2.30.0_linux_x86_64, 94.1GB RAM, 24 cores
https://github.com/torognes/vsearch

Reading file results/clustering/cdr/cov_illu_first_R0_vh/cdr3_clusters/2df3f3fb-8438-4fcf-98ce-290a97e9c1be-IGH.fasta 100%
3849 nt in 101 seqs, min 15, max 63, avg 38
Masking 100%
Sorting by length 100%
Counting k-mers 100%
Clustering 100%
Sorting clusters 100%
Writing clusters 100%
Clusters: 97 Size min 1, max 2, avg 1.0
Singletons: 93, 92.1% of seqs, 95.9% of clusters
Multiple alignments 100%
vsearch v2.30.0_linux_x86_64, 94.1GB RAM, 24 cores
https://github.com/torognes/vsearch

Reading file results/clustering/cdr/cov_illu_first_R0_vh/cdr3_clusters/4022d2d1-6e89-40aa-9aa8-fa88abc37c82-IGH.fasta 100%
237 nt in 6 seqs, min 33, max 45, avg 40
Masking 100%
Sorting by length 100%
Counting k-mers 100%
Clustering 100%
Sorting clusters 100%
Writing clusters 100%
Clusters: 6 Size min 1, max 1, avg 1.0
Singletons: 6, 100.0% of seqs, 100.0% of clusters
Multiple alignments 100%
vsearch v2.30.0_linux_x86_64, 94.1GB RAM, 24 cores
https://github.com/torognes/vsearch

Reading file results/clustering/cdr/cov_illu_first_R0_vh/cdr3_clusters/bbc0a9bc-e4b7-49dc-bfda-ed23d578d4e9-IGH.fasta 100%
657 nt in 12 seqs, min 45, max 66, avg 55
Masking 100%
Sorting by length 100%
Counting k-mers 100%
Clustering 100%
Sorting clusters 100%
Writing clusters 100%
Clusters: 10 Size min 1, max 3, avg 1.2
Singletons: 9, 75.0% of seqs, 90.0% of clusters
Multiple alignments 100%
vsearch v2.30.0_linux_x86_64, 94.1GB RAM, 24 cores
https://github.com/torognes/vsearch

Reading file results/clustering/cdr/cov_illu_first_R0_vh/cdr3_clusters/9fbde817-5f5d-4192-9e56-16a56d00a91d-IGH.fasta 100%
450 nt in 12 seqs, min 24, max 48, avg 38
Masking 100%
Sorting by length 100%
Counting k-mers 100%
Clustering 100%
Sorting clusters 100%
Writing clusters 100%
Clusters: 12 Size min 1, max 1, avg 1.0
Singletons: 12, 100.0% of seqs, 100.0% of clusters
Multiple alignments 100%
vsearch v2.30.0_linux_x86_64, 94.1GB RAM, 24 cores
https://github.com/torognes/vsearch

Reading file results/clustering/cdr/cov_illu_first_R0_vh/cdr3_clusters/0b01daf2-6693-4e30-9bf1-2ebc5ac657f1-IGH.fasta 100%
945 nt in 21 seqs, min 27, max 60, avg 45
Masking 100%
Sorting by length 100%
Counting k-mers 100%
Clustering 100%
Sorting clusters 100%
Writing clusters 100%
Clusters: 21 Size min 1, max 1, avg 1.0
Singletons: 21, 100.0% of seqs, 100.0% of clusters
Multiple alignments 100%
vsearch v2.30.0_linux_x86_64, 94.1GB RAM, 24 cores
https://github.com/torognes/vsearch

Reading file results/clustering/cdr/cov_illu_first_R0_vh/cdr3_clusters/a93ee40e-9398-451e-a827-55c6457910ee-IGH.fasta 100%
516 nt in 17 seqs, min 15, max 42, avg 30
Masking 100%
Sorting by length 100%
Counting k-mers 100%
Clustering 100%
Sorting clusters 100%
Writing clusters 100%
Clusters: 15 Size min 1, max 2, avg 1.1
Singletons: 13, 76.5% of seqs, 86.7% of clusters
Multiple alignments 100%
vsearch v2.30.0_linux_x86_64, 94.1GB RAM, 24 cores
https://github.com/torognes/vsearch

Reading file results/clustering/cdr/cov_illu_first_R0_vh/cdr3_clusters/7f97fc87-766d-461d-bcd3-767914f379a0-IGH.fasta 100%
1893 nt in 50 seqs, min 18, max 48, avg 38
Masking 100%
Sorting by length 100%
Counting k-mers 100%
Clustering 100%
Sorting clusters 100%
Writing clusters 100%
Clusters: 48 Size min 1, max 2, avg 1.0
Singletons: 46, 92.0% of seqs, 95.8% of clusters
Multiple alignments 100%
vsearch v2.30.0_linux_x86_64, 94.1GB RAM, 24 cores
https://github.com/torognes/vsearch

Reading file results/clustering/cdr/cov_illu_first_R0_vh/cdr3_clusters/b0de1717-8f79-434b-9850-0b34aaef621b-IGH.fasta 100%
492 nt in 12 seqs, min 21, max 48, avg 41
Masking 100%
Sorting by length 100%
Counting k-mers 100%
Clustering 100%
Sorting clusters 100%
Writing clusters 100%
Clusters: 6 Size min 1, max 7, avg 2.0
Singletons: 5, 41.7% of seqs, 83.3% of clusters
Multiple alignments 100%
vsearch v2.30.0_linux_x86_64, 94.1GB RAM, 24 cores
https://github.com/torognes/vsearch

Reading file results/clustering/cdr/cov_illu_first_R0_vh/cdr3_clusters/6918ec5b-cd86-48a1-9b32-ce5cdc954c84-IGH.fasta 100%
3054 nt in 77 seqs, min 30, max 54, avg 40
Masking 100%
Sorting by length 100%
Counting k-mers 100%
Clustering 100%
Sorting clusters 100%
Writing clusters 100%
Clusters: 47 Size min 1, max 9, avg 1.6
Singletons: 37, 48.1% of seqs, 78.7% of clusters
Multiple alignments 100%
vsearch v2.30.0_linux_x86_64, 94.1GB RAM, 24 cores
https://github.com/torognes/vsearch

Reading file results/clustering/cdr/cov_illu_first_R0_vh/cdr3_clusters/a4e2f701-2241-439c-96a9-827b64a6e171-IGH.fasta 100%
5982 nt in 157 seqs, min 18, max 57, avg 38
Masking 100%
Sorting by length 100%
Counting k-mers 100%
Clustering 100%
Sorting clusters 100%
Writing clusters 100%
Clusters: 144 Size min 1, max 3, avg 1.1
Singletons: 133, 84.7% of seqs, 92.4% of clusters
Multiple alignments 100%
vsearch v2.30.0_linux_x86_64, 94.1GB RAM, 24 cores
https://github.com/torognes/vsearch

Reading file results/clustering/cdr/cov_illu_first_R0_vh/cdr3_clusters/7f731922-7397-4b73-82d1-2acfb1b4c32b-IGH.fasta 100%
570 nt in 14 seqs, min 30, max 51, avg 41
Masking 100%
Sorting by length 100%
Counting k-mers 100%
Clustering 100%
Sorting clusters 100%
Writing clusters 100%
Clusters: 14 Size min 1, max 1, avg 1.0
Singletons: 14, 100.0% of seqs, 100.0% of clusters
Multiple alignments 100%
vsearch v2.30.0_linux_x86_64, 94.1GB RAM, 24 cores
https://github.com/torognes/vsearch

Reading file results/clustering/cdr/cov_illu_first_R0_vh/cdr3_clusters/ee607bee-9845-435f-8773-f0bcc296a9ee-IGH.fasta 100%
17601 nt in 444 seqs, min 15, max 57, avg 40
Masking 100%
Sorting by length 100%
Counting k-mers 100%
Clustering 100%
Sorting clusters 100%
Writing clusters 100%
Clusters: 378 Size min 1, max 8, avg 1.2
Singletons: 342, 77.0% of seqs, 90.5% of clusters
Multiple alignments 100%
vsearch v2.30.0_linux_x86_64, 94.1GB RAM, 24 cores
https://github.com/torognes/vsearch

Reading file results/clustering/cdr/cov_illu_first_R0_vh/cdr3_clusters/a7507abc-6558-40b7-ae10-2da75bf6fda0-IGH.fasta 100%
732 nt in 14 seqs, min 27, max 66, avg 52
Masking 100%
Sorting by length 100%
Counting k-mers 100%
Clustering 100%
Sorting clusters 100%
Writing clusters 100%
Clusters: 14 Size min 1, max 1, avg 1.0
Singletons: 14, 100.0% of seqs, 100.0% of clusters
Multiple alignments 100%
vsearch v2.30.0_linux_x86_64, 94.1GB RAM, 24 cores
https://github.com/torognes/vsearch

Reading file results/clustering/cdr/cov_illu_first_R0_vh/cdr3_clusters/2a56bcf5-8c39-4a35-b630-8e2f8392f1d4-IGH.fasta 100%
2978 nt in 68 seqs, min 27, max 66, avg 44
Masking 100%
Sorting by length 100%
Counting k-mers 100%
Clustering 100%
Sorting clusters 100%
Writing clusters 100%
Clusters: 67 Size min 1, max 2, avg 1.0
Singletons: 66, 97.1% of seqs, 98.5% of clusters
Multiple alignments 100%
vsearch v2.30.0_linux_x86_64, 94.1GB RAM, 24 cores
https://github.com/torognes/vsearch

Reading file results/clustering/cdr/cov_illu_first_R0_vh/cdr3_clusters/b7bcd490-8f48-47b3-95b5-8af4791a807d-IGH.fasta 100%
984 nt in 38 seqs, min 18, max 36, avg 26
Masking 100%
Sorting by length 100%
Counting k-mers 100%
Clustering 100%
Sorting clusters 100%
Writing clusters 100%
Clusters: 37 Size min 1, max 2, avg 1.0
Singletons: 36, 94.7% of seqs, 97.3% of clusters
Multiple alignments 100%
vsearch v2.30.0_linux_x86_64, 94.1GB RAM, 24 cores
https://github.com/torognes/vsearch

Reading file results/clustering/cdr/cov_illu_first_R0_vh/cdr3_clusters/05058a6f-8bd5-4c87-8135-48d8a142bc59-IGH.fasta 100%
3531 nt in 85 seqs, min 27, max 54, avg 42
Masking 100%
Sorting by length 100%
Counting k-mers 100%
Clustering 100%
Sorting clusters 100%
Writing clusters 100%
Clusters: 77 Size min 1, max 7, avg 1.1
Singletons: 74, 87.1% of seqs, 96.1% of clusters
Multiple alignments 100%
vsearch v2.30.0_linux_x86_64, 94.1GB RAM, 24 cores
https://github.com/torognes/vsearch

Reading file results/clustering/cdr/cov_illu_first_R0_vh/cdr3_clusters/98388950-f8de-4507-8902-f435869e78ac-IGH.fasta 100%
2049 nt in 51 seqs, min 24, max 66, avg 40
Masking 100%
Sorting by length 100%
Counting k-mers 100%
Clustering 100%
Sorting clusters 100%
Writing clusters 100%
Clusters: 44 Size min 1, max 8, avg 1.2
Singletons: 43, 84.3% of seqs, 97.7% of clusters
Multiple alignments 100%
vsearch v2.30.0_linux_x86_64, 94.1GB RAM, 24 cores
https://github.com/torognes/vsearch

Reading file results/clustering/cdr/cov_illu_first_R0_vh/cdr3_clusters/751170b6-25e4-4229-9559-a38d9239d1dc-IGH.fasta 100%
354 nt in 11 seqs, min 24, max 36, avg 32
Masking 100%
Sorting by length 100%
Counting k-mers 100%
Clustering 100%
Sorting clusters 100%
Writing clusters 100%
Clusters: 5 Size min 1, max 7, avg 2.2
Singletons: 4, 36.4% of seqs, 80.0% of clusters
Multiple alignments 100%
vsearch v2.30.0_linux_x86_64, 94.1GB RAM, 24 cores
https://github.com/torognes/vsearch

Reading file results/clustering/cdr/cov_illu_first_R0_vh/cdr3_clusters/614446d0-0326-41ce-b7e9-770ec2e9d4e4-IGH.fasta 100%
417 nt in 10 seqs, min 27, max 51, avg 42
Masking 100%
Sorting by length 100%
Counting k-mers 100%
Clustering 100%
Sorting clusters 100%
Writing clusters 100%
Clusters: 8 Size min 1, max 3, avg 1.2
Singletons: 7, 70.0% of seqs, 87.5% of clusters
Multiple alignments 100%
vsearch v2.30.0_linux_x86_64, 94.1GB RAM, 24 cores
https://github.com/torognes/vsearch

Reading file results/clustering/cdr/cov_illu_first_R0_vh/cdr3_clusters/9c3a9e31-49cf-4df9-a80b-7ac0df4be108-IGH.fasta 100%
1518 nt in 39 seqs, min 18, max 51, avg 39
Masking 100%
Sorting by length 100%
Counting k-mers 100%
Clustering 100%
Sorting clusters 100%
Writing clusters 100%
Clusters: 38 Size min 1, max 2, avg 1.0
Singletons: 37, 94.9% of seqs, 97.4% of clusters
Multiple alignments 100%
vsearch v2.30.0_linux_x86_64, 94.1GB RAM, 24 cores
https://github.com/torognes/vsearch

Reading file results/clustering/cdr/cov_illu_first_R0_vh/cdr3_clusters/01f99e09-efac-4404-b0bd-a0facb65fe82-IGH.fasta 100%
6195 nt in 161 seqs, min 18, max 51, avg 38
Masking 100%
Sorting by length 100%
Counting k-mers 100%
Clustering 100%
Sorting clusters 100%
Writing clusters 100%
Clusters: 131 Size min 1, max 10, avg 1.2
Singletons: 120, 74.5% of seqs, 91.6% of clusters
Multiple alignments 100%
vsearch v2.30.0_linux_x86_64, 94.1GB RAM, 24 cores
https://github.com/torognes/vsearch

Reading file results/clustering/cdr/cov_illu_first_R0_vh/cdr3_clusters/9a6abbde-b067-48f7-84c2-1ff1ec259df1-IGH.fasta 100%
297 nt in 6 seqs, min 33, max 66, avg 50
Masking 100%
Sorting by length 100%
Counting k-mers 100%
Clustering 100%
Sorting clusters 100%
Writing clusters 100%
Clusters: 6 Size min 1, max 1, avg 1.0
Singletons: 6, 100.0% of seqs, 100.0% of clusters
Multiple alignments 100%
vsearch v2.30.0_linux_x86_64, 94.1GB RAM, 24 cores
https://github.com/torognes/vsearch

Reading file results/clustering/cdr/cov_illu_first_R0_vh/cdr3_clusters/b51c0ff0-c8da-4c46-878c-9e011aace1b4-IGH.fasta 100%
2868 nt in 58 seqs, min 30, max 72, avg 49
Masking 100%
Sorting by length 100%
Counting k-mers 100%
Clustering 100%
Sorting clusters 100%
Writing clusters 100%
Clusters: 55 Size min 1, max 2, avg 1.1
Singletons: 52, 89.7% of seqs, 94.5% of clusters
Multiple alignments 100%
vsearch v2.30.0_linux_x86_64, 94.1GB RAM, 24 cores
https://github.com/torognes/vsearch

Reading file results/clustering/cdr/cov_illu_first_R0_vh/cdr3_clusters/2f61c8cc-8e85-4101-a733-8950ad0eaf87-IGH.fasta 100%
2874 nt in 58 seqs, min 39, max 69, avg 50
Masking 100%
Sorting by length 100%
Counting k-mers 100%
Clustering 100%
Sorting clusters 100%
Writing clusters 100%
Clusters: 53 Size min 1, max 3, avg 1.1
Singletons: 50, 86.2% of seqs, 94.3% of clusters
Multiple alignments 100%
vsearch v2.30.0_linux_x86_64, 94.1GB RAM, 24 cores
https://github.com/torognes/vsearch

Reading file results/clustering/cdr/cov_illu_first_R0_vh/cdr3_clusters/2c51dedb-2e4a-4cc7-9e86-80440e83d501-IGH.fasta 100%
216 nt in 5 seqs, min 30, max 48, avg 43
Masking 100%
Sorting by length 100%
Counting k-mers 100%
Clustering 100%
Sorting clusters 100%
Writing clusters 100%
Clusters: 4 Size min 1, max 2, avg 1.2
Singletons: 3, 60.0% of seqs, 75.0% of clusters
Multiple alignments 100%
vsearch v2.30.0_linux_x86_64, 94.1GB RAM, 24 cores
https://github.com/torognes/vsearch

Reading file results/clustering/cdr/cov_illu_first_R0_vh/cdr3_clusters/9d281ce1-3f01-4b1f-aac0-92e5494d418f-IGH.fasta 100%
588 nt in 14 seqs, min 30, max 54, avg 42
Masking 100%
Sorting by length 100%
Counting k-mers 100%
Clustering 100%
Sorting clusters 100%
Writing clusters 100%
Clusters: 12 Size min 1, max 2, avg 1.2
Singletons: 10, 71.4% of seqs, 83.3% of clusters
Multiple alignments 100%
vsearch v2.30.0_linux_x86_64, 94.1GB RAM, 24 cores
https://github.com/torognes/vsearch

Reading file results/clustering/cdr/cov_illu_first_R0_vh/cdr3_clusters/7ca1487e-3767-420c-9b17-c653d0659bf4-IGH.fasta 100%
243 nt in 7 seqs, min 27, max 42, avg 35
Masking 100%
Sorting by length 100%
Counting k-mers 100%
Clustering 100%
Sorting clusters 100%
Writing clusters 100%
Clusters: 6 Size min 1, max 2, avg 1.2
Singletons: 5, 71.4% of seqs, 83.3% of clusters
Multiple alignments 100%
vsearch v2.30.0_linux_x86_64, 94.1GB RAM, 24 cores
https://github.com/torognes/vsearch

Reading file results/clustering/cdr/cov_illu_first_R0_vh/cdr3_clusters/bf0ec67a-422f-4473-8750-10cc75115752-IGH.fasta 100%
210 nt in 7 seqs, min 30, max 30, avg 30
Masking 100%
Sorting by length 100%
Counting k-mers 100%
Clustering 100%
Sorting clusters 100%
Writing clusters 100%
Clusters: 5 Size min 1, max 3, avg 1.4
Singletons: 4, 57.1% of seqs, 80.0% of clusters
Multiple alignments 100%
vsearch v2.30.0_linux_x86_64, 94.1GB RAM, 24 cores
https://github.com/torognes/vsearch

Reading file results/clustering/cdr/cov_illu_first_R0_vh/cdr3_clusters/98f26a78-026e-4fa4-b5f3-17d1961b2bc1-IGH.fasta 100%
387 nt in 11 seqs, min 27, max 45, avg 35
Masking 100%
Sorting by length 100%
Counting k-mers 100%
Clustering 100%
Sorting clusters 100%
Writing clusters 100%
Clusters: 11 Size min 1, max 1, avg 1.0
Singletons: 11, 100.0% of seqs, 100.0% of clusters
Multiple alignments 100%
vsearch v2.30.0_linux_x86_64, 94.1GB RAM, 24 cores
https://github.com/torognes/vsearch

Reading file results/clustering/cdr/cov_illu_first_R0_vh/cdr3_clusters/16cba5f4-84be-4799-869a-81baddf7c5e6-IGH.fasta 100%
1641 nt in 41 seqs, min 27, max 54, avg 40
Masking 100%
Sorting by length 100%
Counting k-mers 100%
Clustering 100%
Sorting clusters 100%
Writing clusters 100%
Clusters: 25 Size min 1, max 8, avg 1.6
Singletons: 21, 51.2% of seqs, 84.0% of clusters
Multiple alignments 100%
vsearch v2.30.0_linux_x86_64, 94.1GB RAM, 24 cores
https://github.com/torognes/vsearch

Reading file results/clustering/cdr/cov_illu_first_R0_vh/cdr3_clusters/2364aa5c-7114-46a3-9112-528988251007-IGH.fasta 100%
411 nt in 14 seqs, min 18, max 39, avg 29
Masking 100%
Sorting by length 100%
Counting k-mers 100%
Clustering 100%
Sorting clusters 100%
Writing clusters 100%
Clusters: 12 Size min 1, max 2, avg 1.2
Singletons: 10, 71.4% of seqs, 83.3% of clusters
Multiple alignments 100%
vsearch v2.30.0_linux_x86_64, 94.1GB RAM, 24 cores
https://github.com/torognes/vsearch

Reading file results/clustering/cdr/cov_illu_first_R0_vh/cdr3_clusters/3c81b45e-6b36-4895-9dc0-4c1a5789d303-IGH.fasta 100%
495 nt in 13 seqs, min 24, max 45, avg 38
Masking 100%
Sorting by length 100%
Counting k-mers 100%
Clustering 100%
Sorting clusters 100%
Writing clusters 100%
Clusters: 13 Size min 1, max 1, avg 1.0
Singletons: 13, 100.0% of seqs, 100.0% of clusters
Multiple alignments 100%
vsearch v2.30.0_linux_x86_64, 94.1GB RAM, 24 cores
https://github.com/torognes/vsearch

Reading file results/clustering/cdr/cov_illu_first_R0_vh/cdr3_clusters/0c016434-ba74-4d99-93e6-35113a3a01aa-IGH.fasta 100%
291 nt in 7 seqs, min 30, max 48, avg 42
Masking 100%
Sorting by length 100%
Counting k-mers 100%
Clustering 100%
Sorting clusters 100%
Writing clusters 100%
Clusters: 6 Size min 1, max 2, avg 1.2
Singletons: 5, 71.4% of seqs, 83.3% of clusters
Multiple alignments 100%
vsearch v2.30.0_linux_x86_64, 94.1GB RAM, 24 cores
https://github.com/torognes/vsearch

Reading file results/clustering/cdr/cov_illu_first_R0_vh/cdr3_clusters/ad7a5262-7f8d-415e-92ea-21e28b8b9508-IGH.fasta 100%
1008 nt in 22 seqs, min 33, max 63, avg 46
Masking 100%
Sorting by length 100%
Counting k-mers 100%
Clustering 100%
Sorting clusters 100%
Writing clusters 100%
Clusters: 22 Size min 1, max 1, avg 1.0
Singletons: 22, 100.0% of seqs, 100.0% of clusters
Multiple alignments 100%
vsearch v2.30.0_linux_x86_64, 94.1GB RAM, 24 cores
https://github.com/torognes/vsearch

Reading file results/clustering/cdr/cov_illu_first_R0_vh/cdr3_clusters/965b9298-1e47-4683-bd8e-93a84eae94ad-IGH.fasta 100%
618 nt in 17 seqs, min 27, max 54, avg 36
Masking 100%
Sorting by length 100%
Counting k-mers 100%
Clustering 100%
Sorting clusters 100%
Writing clusters 100%
Clusters: 13 Size min 1, max 5, avg 1.3
Singletons: 12, 70.6% of seqs, 92.3% of clusters
Multiple alignments 100%
vsearch v2.30.0_linux_x86_64, 94.1GB RAM, 24 cores
https://github.com/torognes/vsearch

Reading file results/clustering/cdr/cov_illu_first_R0_vh/cdr3_clusters/6dd399ac-945d-4063-8cd2-002eff997408-IGH.fasta 100%
177 nt in 10 seqs, min 15, max 18, avg 18
Masking 100%
Sorting by length 100%
Counting k-mers 100%
Clustering 100%
Sorting clusters 100%
Writing clusters 100%
Clusters: 9 Size min 1, max 2, avg 1.1
Singletons: 8, 80.0% of seqs, 88.9% of clusters
Multiple alignments 100%
vsearch v2.30.0_linux_x86_64, 94.1GB RAM, 24 cores
https://github.com/torognes/vsearch

Reading file results/clustering/cdr/cov_illu_first_R0_vh/cdr3_clusters/de1fa139-e9c5-4e19-9a4f-939e798b3509-IGH.fasta 100%
885 nt in 22 seqs, min 30, max 54, avg 40
Masking 100%
Sorting by length 100%
Counting k-mers 100%
Clustering 100%
Sorting clusters 100%
Writing clusters 100%
Clusters: 22 Size min 1, max 1, avg 1.0
Singletons: 22, 100.0% of seqs, 100.0% of clusters
Multiple alignments 100%
vsearch v2.30.0_linux_x86_64, 94.1GB RAM, 24 cores
https://github.com/torognes/vsearch

Reading file results/clustering/cdr/cov_illu_first_R0_vh/cdr3_clusters/71aa692f-7915-44ed-937e-7e423ad6cf4e-IGH.fasta 100%
3726 nt in 87 seqs, min 30, max 72, avg 43
Masking 100%
Sorting by length 100%
Counting k-mers 100%
Clustering 100%
Sorting clusters 100%
Writing clusters 100%
Clusters: 81 Size min 1, max 5, avg 1.1
Singletons: 79, 90.8% of seqs, 97.5% of clusters
Multiple alignments 100%
vsearch v2.30.0_linux_x86_64, 94.1GB RAM, 24 cores
https://github.com/torognes/vsearch

Reading file results/clustering/cdr/cov_illu_first_R0_vh/cdr3_clusters/93e4925a-cce6-4dae-904f-70e5f5a0b6cc-IGH.fasta 100%
471 nt in 12 seqs, min 21, max 51, avg 39
Masking 100%
Sorting by length 100%
Counting k-mers 100%
Clustering 100%
Sorting clusters 100%
Writing clusters 100%
Clusters: 12 Size min 1, max 1, avg 1.0
Singletons: 12, 100.0% of seqs, 100.0% of clusters
Multiple alignments 100%
vsearch v2.30.0_linux_x86_64, 94.1GB RAM, 24 cores
https://github.com/torognes/vsearch

Reading file results/clustering/cdr/cov_illu_first_R0_vh/cdr3_clusters/36c99cc4-d785-4180-ba1f-c37b441bedf8-IGH.fasta 100%
3540 nt in 85 seqs, min 21, max 54, avg 42
Masking 100%
Sorting by length 100%
Counting k-mers 100%
Clustering 100%
Sorting clusters 100%
Writing clusters 100%
Clusters: 73 Size min 1, max 11, avg 1.2
Singletons: 70, 82.4% of seqs, 95.9% of clusters
Multiple alignments 100%
vsearch v2.30.0_linux_x86_64, 94.1GB RAM, 24 cores
https://github.com/torognes/vsearch

Reading file results/clustering/cdr/cov_illu_first_R0_vh/cdr3_clusters/5668d8fe-c168-467f-a896-0896d531f9b9-IGH.fasta 100%
309 nt in 6 seqs, min 30, max 69, avg 52
Masking 100%
Sorting by length 100%
Counting k-mers 100%
Clustering 100%
Sorting clusters 100%
Writing clusters 100%
Clusters: 6 Size min 1, max 1, avg 1.0
Singletons: 6, 100.0% of seqs, 100.0% of clusters
Multiple alignments 100%
vsearch v2.30.0_linux_x86_64, 94.1GB RAM, 24 cores
https://github.com/torognes/vsearch

Reading file results/clustering/cdr/cov_illu_first_R0_vh/cdr3_clusters/605d7118-c847-467f-9d4b-7b07428f0804-IGH.fasta 100%
288 nt in 8 seqs, min 36, max 36, avg 36
Masking 100%
Sorting by length 100%
Counting k-mers 100%
Clustering 100%
Sorting clusters 100%
Writing clusters 100%
Clusters: 2 Size min 2, max 6, avg 4.0
Singletons: 0, 0.0% of seqs, 0.0% of clusters
Multiple alignments 100%
vsearch v2.30.0_linux_x86_64, 94.1GB RAM, 24 cores
https://github.com/torognes/vsearch

Reading file results/clustering/cdr/cov_illu_first_R0_vh/cdr3_clusters/56b5cea6-2ea6-4777-867b-47a08e3ffd66-IGH.fasta 100%
198 nt in 7 seqs, min 21, max 30, avg 28
Masking 100%
Sorting by length 100%
Counting k-mers 100%
Clustering 100%
Sorting clusters 100%
Writing clusters 100%
Clusters: 4 Size min 1, max 4, avg 1.8
Singletons: 3, 42.9% of seqs, 75.0% of clusters
Multiple alignments 100%
vsearch v2.30.0_linux_x86_64, 94.1GB RAM, 24 cores
https://github.com/torognes/vsearch

Reading file results/clustering/cdr/cov_illu_first_R0_vh/cdr3_clusters/b38516d1-9c2c-49fa-9745-e8a9cee6b6b5-IGH.fasta 100%
4454 nt in 103 seqs, min 27, max 63, avg 43
Masking 100%
Sorting by length 100%
Counting k-mers 100%
Clustering 100%
Sorting clusters 100%
Writing clusters 100%
Clusters: 89 Size min 1, max 4, avg 1.2
Singletons: 82, 79.6% of seqs, 92.1% of clusters
Multiple alignments 100%
vsearch v2.30.0_linux_x86_64, 94.1GB RAM, 24 cores
https://github.com/torognes/vsearch

Reading file results/clustering/cdr/cov_illu_first_R0_vh/cdr3_clusters/403051bb-b516-4b4f-ad01-2ce86b6bd834-IGH.fasta 100%
16578 nt in 458 seqs, min 30, max 57, avg 36
Masking 100%
Sorting by length 100%
Counting k-mers 100%
Clustering 100%
Sorting clusters 100%
Writing clusters 100%
Clusters: 55 Size min 1, max 290, avg 8.3
Singletons: 43, 9.4% of seqs, 78.2% of clusters
Multiple alignments 100%
vsearch v2.30.0_linux_x86_64, 94.1GB RAM, 24 cores
https://github.com/torognes/vsearch

Reading file results/clustering/cdr/cov_illu_first_R0_vh/cdr3_clusters/280e64c0-7686-4d09-91f4-268ad6621b00-IGH.fasta 100%
798 nt in 17 seqs, min 30, max 60, avg 47
Masking 100%
Sorting by length 100%
Counting k-mers 100%
Clustering 100%
Sorting clusters 100%
Writing clusters 100%
Clusters: 17 Size min 1, max 1, avg 1.0
Singletons: 17, 100.0% of seqs, 100.0% of clusters
Multiple alignments 100%
vsearch v2.30.0_linux_x86_64, 94.1GB RAM, 24 cores
https://github.com/torognes/vsearch

Reading file results/clustering/cdr/cov_illu_first_R0_vh/cdr3_clusters/1c62bc88-6860-44d1-ac62-0d6b03ab6b77-IGH.fasta 100%
5193 nt in 118 seqs, min 24, max 60, avg 44
Masking 100%
Sorting by length 100%
Counting k-mers 100%
Clustering 100%
Sorting clusters 100%
Writing clusters 100%
Clusters: 113 Size min 1, max 3, avg 1.0
Singletons: 110, 93.2% of seqs, 97.3% of clusters
Multiple alignments 100%
vsearch v2.30.0_linux_x86_64, 94.1GB RAM, 24 cores
https://github.com/torognes/vsearch

Reading file results/clustering/cdr/cov_illu_first_R0_vh/cdr3_clusters/b3c6b196-5403-421e-b585-9141f0e8461f-IGH.fasta 100%
447 nt in 11 seqs, min 30, max 54, avg 41
Masking 100%
Sorting by length 100%
Counting k-mers 100%
Clustering 100%
Sorting clusters 100%
Writing clusters 100%
Clusters: 11 Size min 1, max 1, avg 1.0
Singletons: 11, 100.0% of seqs, 100.0% of clusters
Multiple alignments 100%
vsearch v2.30.0_linux_x86_64, 94.1GB RAM, 24 cores
https://github.com/torognes/vsearch

Reading file results/clustering/cdr/cov_illu_first_R0_vh/cdr3_clusters/42e2bc14-de0b-4621-96da-963f1141eab7-IGH.fasta 100%
288 nt in 6 seqs, min 39, max 51, avg 48
Masking 100%
Sorting by length 100%
Counting k-mers 100%
Clustering 100%
Sorting clusters 100%
Writing clusters 100%
Clusters: 3 Size min 1, max 4, avg 2.0
Singletons: 2, 33.3% of seqs, 66.7% of clusters
Multiple alignments 100%
vsearch v2.30.0_linux_x86_64, 94.1GB RAM, 24 cores
https://github.com/torognes/vsearch

Reading file results/clustering/cdr/cov_illu_first_R0_vh/cdr3_clusters/5bb820b9-852a-4799-a382-0602a0e8fcbc-IGH.fasta 100%
828 nt in 19 seqs, min 33, max 54, avg 44
Masking 100%
Sorting by length 100%
Counting k-mers 100%
Clustering 100%
Sorting clusters 100%
Writing clusters 100%
Clusters: 19 Size min 1, max 1, avg 1.0
Singletons: 19, 100.0% of seqs, 100.0% of clusters
Multiple alignments 100%
vsearch v2.30.0_linux_x86_64, 94.1GB RAM, 24 cores
https://github.com/torognes/vsearch

Reading file results/clustering/cdr/cov_illu_first_R0_vh/cdr3_clusters/31575015-b653-41eb-a81c-ca698404b7c2-IGH.fasta 100%
438 nt in 13 seqs, min 18, max 36, avg 34
Masking 100%
Sorting by length 100%
Counting k-mers 100%
Clustering 100%
Sorting clusters 100%
Writing clusters 100%
Clusters: 5 Size min 1, max 9, avg 2.6
Singletons: 4, 30.8% of seqs, 80.0% of clusters
Multiple alignments 100%
vsearch v2.30.0_linux_x86_64, 94.1GB RAM, 24 cores
https://github.com/torognes/vsearch

Reading file results/clustering/cdr/cov_illu_first_R0_vh/cdr3_clusters/d8971ff5-1ce3-48e9-a1fd-b3282d5ae727-IGH.fasta 100%
95292 nt in 2106 seqs, min 33, max 75, avg 45
Masking 100%
Sorting by length 100%
Counting k-mers 100%
Clustering 100%
Sorting clusters 100%
Writing clusters 100%
Clusters: 872 Size min 1, max 164, avg 2.4
Singletons: 581, 27.6% of seqs, 66.6% of clusters
Multiple alignments 100%
vsearch v2.30.0_linux_x86_64, 94.1GB RAM, 24 cores
https://github.com/torognes/vsearch

Reading file results/clustering/cdr/cov_illu_first_R0_vh/cdr3_clusters/dceaab2e-b56f-41e3-90c2-05979e5c50e6-IGH.fasta 100%
537 nt in 17 seqs, min 18, max 36, avg 32
Masking 100%
Sorting by length 100%
Counting k-mers 100%
Clustering 100%
Sorting clusters 100%
Writing clusters 100%
Clusters: 13 Size min 1, max 4, avg 1.3
Singletons: 11, 64.7% of seqs, 84.6% of clusters
Multiple alignments 100%
vsearch v2.30.0_linux_x86_64, 94.1GB RAM, 24 cores
https://github.com/torognes/vsearch

Reading file results/clustering/cdr/cov_illu_first_R0_vh/cdr3_clusters/65398e1d-6093-49ed-bb0a-d05fe7a76dd2-IGH.fasta 100%
783 nt in 17 seqs, min 36, max 63, avg 46
Masking 100%
Sorting by length 100%
Counting k-mers 100%
Clustering 100%
Sorting clusters 100%
Writing clusters 100%
Clusters: 17 Size min 1, max 1, avg 1.0
Singletons: 17, 100.0% of seqs, 100.0% of clusters
Multiple alignments 100%
vsearch v2.30.0_linux_x86_64, 94.1GB RAM, 24 cores
https://github.com/torognes/vsearch

Reading file results/clustering/cdr/cov_illu_first_R0_vh/cdr3_clusters/74a41f82-8cd8-4542-9a6b-cb982e3d2b66-IGH.fasta 100%
1389 nt in 32 seqs, min 27, max 57, avg 43
Masking 100%
Sorting by length 100%
Counting k-mers 100%
Clustering 100%
Sorting clusters 100%
Writing clusters 100%
Clusters: 26 Size min 1, max 5, avg 1.2
Singletons: 23, 71.9% of seqs, 88.5% of clusters
Multiple alignments 100%
vsearch v2.30.0_linux_x86_64, 94.1GB RAM, 24 cores
https://github.com/torognes/vsearch

Reading file results/clustering/cdr/cov_illu_first_R0_vh/cdr3_clusters/1dea3fdd-6a1f-409f-b087-9ef7d3ffa846-IGH.fasta 100%
420 nt in 20 seqs, min 21, max 21, avg 21
Masking 100%
Sorting by length 100%
Counting k-mers 100%
Clustering 100%
Sorting clusters 100%
Writing clusters 100%
Clusters: 7 Size min 1, max 9, avg 2.9
Singletons: 3, 15.0% of seqs, 42.9% of clusters
Multiple alignments 100%
vsearch v2.30.0_linux_x86_64, 94.1GB RAM, 24 cores
https://github.com/torognes/vsearch

Reading file results/clustering/cdr/cov_illu_first_R0_vh/cdr3_clusters/2b752b38-406f-40d2-999b-765a12dedec5-IGK.fasta 100%
0 nt in 0 seqs
minseqlength 6: 14780 sequences discarded.
Masking 100%
Sorting by length 100%
Counting k-mers 100%
Clustering 100%
Sorting clusters 100%
Writing clusters 100%
Clusters: 0
Singletons: 0
Multiple alignments 100%
vsearch v2.30.0_linux_x86_64, 94.1GB RAM, 24 cores
https://github.com/torognes/vsearch

Reading file results/clustering/cdr/cov_illu_first_R0_vh/cdr3_clusters/2589d0a1-7dc1-4ac2-a0d1-3687dce04a81-IGH.fasta 100%
744 nt in 27 seqs, min 18, max 33, avg 28
Masking 100%
Sorting by length 100%
Counting k-mers 100%
Clustering 100%
Sorting clusters 100%
Writing clusters 100%
Clusters: 25 Size min 1, max 2, avg 1.1
Singletons: 23, 85.2% of seqs, 92.0% of clusters
Multiple alignments 100%
vsearch v2.30.0_linux_x86_64, 94.1GB RAM, 24 cores
https://github.com/torognes/vsearch

Reading file results/clustering/cdr/cov_illu_first_R0_vh/cdr3_clusters/ce7a2c56-2ef7-48d5-a2f7-656c1dcae201-IGH.fasta 100%
732 nt in 20 seqs, min 27, max 48, avg 37
Masking 100%
Sorting by length 100%
Counting k-mers 100%
Clustering 100%
Sorting clusters 100%
Writing clusters 100%
Clusters: 16 Size min 1, max 3, avg 1.2
Singletons: 13, 65.0% of seqs, 81.2% of clusters
Multiple alignments 100%
vsearch v2.30.0_linux_x86_64, 94.1GB RAM, 24 cores
https://github.com/torognes/vsearch

Reading file results/clustering/cdr/cov_illu_first_R0_vh/cdr3_clusters/d695f6e9-f42f-42e0-bc6c-d2269ce7045c-IGH.fasta 100%
231 nt in 7 seqs, min 30, max 36, avg 33
Masking 100%
Sorting by length 100%
Counting k-mers 100%
Clustering 100%
Sorting clusters 100%
Writing clusters 100%
Clusters: 7 Size min 1, max 1, avg 1.0
Singletons: 7, 100.0% of seqs, 100.0% of clusters
Multiple alignments 100%
vsearch v2.30.0_linux_x86_64, 94.1GB RAM, 24 cores
https://github.com/torognes/vsearch

Reading file results/clustering/cdr/cov_illu_first_R0_vh/cdr3_clusters/5a16c1fd-31a0-4d8a-af72-44dc4d09f831-IGH.fasta 100%
1221 nt in 34 seqs, min 30, max 42, avg 36
Masking 100%
Sorting by length 100%
Counting k-mers 100%
Clustering 100%
Sorting clusters 100%
Writing clusters 100%
Clusters: 23 Size min 1, max 7, avg 1.5
Singletons: 21, 61.8% of seqs, 91.3% of clusters
Multiple alignments 100%
vsearch v2.30.0_linux_x86_64, 94.1GB RAM, 24 cores
https://github.com/torognes/vsearch

Reading file results/clustering/cdr/cov_illu_first_R0_vh/cdr3_clusters/8e2aab7a-36e2-4e95-ac8e-01d6ee46e309-IGH.fasta 100%
4368 nt in 100 seqs, min 21, max 57, avg 44
Masking 100%
Sorting by length 100%
Counting k-mers 100%
Clustering 100%
Sorting clusters 100%
Writing clusters 100%
Clusters: 78 Size min 1, max 20, avg 1.3
Singletons: 74, 74.0% of seqs, 94.9% of clusters
Multiple alignments 100%
vsearch v2.30.0_linux_x86_64, 94.1GB RAM, 24 cores
https://github.com/torognes/vsearch

Reading file results/clustering/cdr/cov_illu_first_R0_vh/cdr3_clusters/32df0763-a5b0-4b1e-84a3-cd673f8638bc-IGH.fasta 100%
549 nt in 14 seqs, min 27, max 57, avg 39
Masking 100%
Sorting by length 100%
Counting k-mers 100%
Clustering 100%
Sorting clusters 100%
Writing clusters 100%
Clusters: 14 Size min 1, max 1, avg 1.0
Singletons: 14, 100.0% of seqs, 100.0% of clusters
Multiple alignments 100%
vsearch v2.30.0_linux_x86_64, 94.1GB RAM, 24 cores
https://github.com/torognes/vsearch

Reading file results/clustering/cdr/cov_illu_first_R0_vh/cdr3_clusters/77ef7ac2-4971-44e1-8a4d-1e42c177b621-IGH.fasta 100%
2121 nt in 51 seqs, min 27, max 57, avg 42
Masking 100%
Sorting by length 100%
Counting k-mers 100%
Clustering 100%
Sorting clusters 100%
Writing clusters 100%
Clusters: 49 Size min 1, max 2, avg 1.0
Singletons: 47, 92.2% of seqs, 95.9% of clusters
Multiple alignments 100%
vsearch v2.30.0_linux_x86_64, 94.1GB RAM, 24 cores
https://github.com/torognes/vsearch

Reading file results/clustering/cdr/cov_illu_first_R0_vh/cdr3_clusters/57eb97aa-888e-4dc8-9582-27b4e74b4cb3-IGH.fasta 100%
2118 nt in 47 seqs, min 21, max 63, avg 45
Masking 100%
Sorting by length 100%
Counting k-mers 100%
Clustering 100%
Sorting clusters 100%
Writing clusters 100%
Clusters: 42 Size min 1, max 6, avg 1.1
Singletons: 41, 87.2% of seqs, 97.6% of clusters
Multiple alignments 100%
vsearch v2.30.0_linux_x86_64, 94.1GB RAM, 24 cores
https://github.com/torognes/vsearch

Reading file results/clustering/cdr/cov_illu_first_R0_vh/cdr3_clusters/aa1e7d40-a25c-43d9-aad2-1d5457222f6d-IGH.fasta 100%
573 nt in 15 seqs, min 30, max 51, avg 38
Masking 100%
Sorting by length 100%
Counting k-mers 100%
Clustering 100%
Sorting clusters 100%
Writing clusters 100%
Clusters: 10 Size min 1, max 5, avg 1.5
Singletons: 8, 53.3% of seqs, 80.0% of clusters
Multiple alignments 100%
vsearch v2.30.0_linux_x86_64, 94.1GB RAM, 24 cores
https://github.com/torognes/vsearch

Reading file results/clustering/cdr/cov_illu_first_R0_vh/cdr3_clusters/6d7e917c-eb73-40e4-9add-a0116e5df24f-IGH.fasta 100%
726 nt in 17 seqs, min 36, max 51, avg 43
Masking 100%
Sorting by length 100%
Counting k-mers 100%
Clustering 100%
Sorting clusters 100%
Writing clusters 100%
Clusters: 15 Size min 1, max 3, avg 1.1
Singletons: 14, 82.4% of seqs, 93.3% of clusters
Multiple alignments 100%
vsearch v2.30.0_linux_x86_64, 94.1GB RAM, 24 cores
https://github.com/torognes/vsearch

Reading file results/clustering/cdr/cov_illu_first_R0_vh/cdr3_clusters/c6ad335a-fdc7-4516-9dc0-9d7b26331769-IGH.fasta 100%
4452 nt in 123 seqs, min 15, max 51, avg 36
Masking 100%
Sorting by length 100%
Counting k-mers 100%
Clustering 100%
Sorting clusters 100%
Writing clusters 100%
Clusters: 111 Size min 1, max 5, avg 1.1
Singletons: 105, 85.4% of seqs, 94.6% of clusters
Multiple alignments 100%
vsearch v2.30.0_linux_x86_64, 94.1GB RAM, 24 cores
https://github.com/torognes/vsearch

Reading file results/clustering/cdr/cov_illu_first_R0_vh/cdr3_clusters/eb1fae2e-364f-461b-ac28-fa26d4088c59-IGH.fasta 100%
1158 nt in 29 seqs, min 24, max 51, avg 40
Masking 100%
Sorting by length 100%
Counting k-mers 100%
Clustering 100%
Sorting clusters 100%
Writing clusters 100%
Clusters: 25 Size min 1, max 4, avg 1.2
Singletons: 23, 79.3% of seqs, 92.0% of clusters
Multiple alignments 100%
vsearch v2.30.0_linux_x86_64, 94.1GB RAM, 24 cores
https://github.com/torognes/vsearch

Reading file results/clustering/cdr/cov_illu_first_R0_vh/cdr3_clusters/6daac038-56d1-4012-bcae-bf3e9458b668-IGH.fasta 100%
117 nt in 5 seqs, min 18, max 27, avg 23
Masking 100%
Sorting by length 100%
Counting k-mers 100%
Clustering 100%
Sorting clusters 100%
Writing clusters 100%
Clusters: 5 Size min 1, max 1, avg 1.0
Singletons: 5, 100.0% of seqs, 100.0% of clusters
Multiple alignments 100%
vsearch v2.30.0_linux_x86_64, 94.1GB RAM, 24 cores
https://github.com/torognes/vsearch

Reading file results/clustering/cdr/cov_illu_first_R0_vh/cdr3_clusters/fe9d2098-3eec-4799-a96a-42f5fed8022f-IGH.fasta 100%
306 nt in 11 seqs, min 27, max 30, avg 28
Masking 100%
Sorting by length 100%
Counting k-mers 100%
Clustering 100%
Sorting clusters 100%
Writing clusters 100%
Clusters: 7 Size min 1, max 5, avg 1.6
Singletons: 6, 54.5% of seqs, 85.7% of clusters
Multiple alignments 100%
vsearch v2.30.0_linux_x86_64, 94.1GB RAM, 24 cores
https://github.com/torognes/vsearch

Reading file results/clustering/cdr/cov_illu_first_R0_vh/cdr3_clusters/bd4f62bd-046c-4267-8b74-5acf87e54d23-IGH.fasta 100%
558 nt in 21 seqs, min 18, max 39, avg 27
Masking 100%
Sorting by length 100%
Counting k-mers 100%
Clustering 100%
Sorting clusters 100%
Writing clusters 100%
Clusters: 17 Size min 1, max 3, avg 1.2
Singletons: 15, 71.4% of seqs, 88.2% of clusters
Multiple alignments 100%
vsearch v2.30.0_linux_x86_64, 94.1GB RAM, 24 cores
https://github.com/torognes/vsearch

Reading file results/clustering/cdr/cov_illu_first_R0_vh/cdr3_clusters/4bd7bee0-7f90-4e71-97df-6e88ad99fd8c-IGH.fasta 100%
1362 nt in 41 seqs, min 18, max 45, avg 33
Masking 100%
Sorting by length 100%
Counting k-mers 100%
Clustering 100%
Sorting clusters 100%
Writing clusters 100%
Clusters: 38 Size min 1, max 4, avg 1.1
Singletons: 37, 90.2% of seqs, 97.4% of clusters
Multiple alignments 100%
vsearch v2.30.0_linux_x86_64, 94.1GB RAM, 24 cores
https://github.com/torognes/vsearch

Reading file results/clustering/cdr/cov_illu_first_R0_vh/cdr3_clusters/f3ed9457-d000-49f3-bf07-40b97a9c9cae-IGH.fasta 100%
786 nt in 18 seqs, min 30, max 57, avg 44
Masking 100%
Sorting by length 100%
Counting k-mers 100%
Clustering 100%
Sorting clusters 100%
Writing clusters 100%
Clusters: 18 Size min 1, max 1, avg 1.0
Singletons: 18, 100.0% of seqs, 100.0% of clusters
Multiple alignments 100%
vsearch v2.30.0_linux_x86_64, 94.1GB RAM, 24 cores
https://github.com/torognes/vsearch

Reading file results/clustering/cdr/cov_illu_first_R0_vh/cdr3_clusters/8bbdaec3-01a4-4bad-abae-88dfe1a52c5c-IGH.fasta 100%
5178 nt in 127 seqs, min 18, max 60, avg 41
Masking 100%
Sorting by length 100%
Counting k-mers 100%
Clustering 100%
Sorting clusters 100%
Writing clusters 100%
Clusters: 118 Size min 1, max 3, avg 1.1
Singletons: 111, 87.4% of seqs, 94.1% of clusters
Multiple alignments 100%
vsearch v2.30.0_linux_x86_64, 94.1GB RAM, 24 cores
https://github.com/torognes/vsearch

Reading file results/clustering/cdr/cov_illu_first_R0_vh/cdr3_clusters/c91b46da-e53a-40bd-8bfa-d9f05f5a102d-IGH.fasta 100%
31046 nt in 836 seqs, min 18, max 45, avg 37
Masking 100%
Sorting by length 100%
Counting k-mers 100%
Clustering 100%
Sorting clusters 100%
Writing clusters 100%
Clusters: 287 Size min 1, max 114, avg 2.9
Singletons: 186, 22.2% of seqs, 64.8% of clusters
Multiple alignments 100%
vsearch v2.30.0_linux_x86_64, 94.1GB RAM, 24 cores
https://github.com/torognes/vsearch

Reading file results/clustering/cdr/cov_illu_first_R0_vh/cdr3_clusters/fcf485c1-9148-4bff-9781-5b8b0f8b212a-IGH.fasta 100%
7755 nt in 201 seqs, min 21, max 60, avg 39
Masking 100%
Sorting by length 100%
Counting k-mers 100%
Clustering 100%
Sorting clusters 100%
Writing clusters 100%
Clusters: 140 Size min 1, max 12, avg 1.4
Singletons: 118, 58.7% of seqs, 84.3% of clusters
Multiple alignments 100%
vsearch v2.30.0_linux_x86_64, 94.1GB RAM, 24 cores
https://github.com/torognes/vsearch

Reading file results/clustering/cdr/cov_illu_first_R0_vh/cdr3_clusters/17191778-a974-4cbe-99a2-6fd9b7e74def-IGH.fasta 100%
801 nt in 19 seqs, min 33, max 48, avg 42
Masking 100%
Sorting by length 100%
Counting k-mers 100%
Clustering 100%
Sorting clusters 100%
Writing clusters 100%
Clusters: 6 Size min 1, max 14, avg 3.2
Singletons: 5, 26.3% of seqs, 83.3% of clusters
Multiple alignments 100%
vsearch v2.30.0_linux_x86_64, 94.1GB RAM, 24 cores
https://github.com/torognes/vsearch

Reading file results/clustering/cdr/cov_illu_first_R0_vh/cdr3_clusters/9e8f514f-e57b-419a-b547-36d9d6faf365-IGH.fasta 100%
420 nt in 7 seqs, min 60, max 60, avg 60
Masking 100%
Sorting by length 100%
Counting k-mers 100%
Clustering 100%
Sorting clusters 100%
Writing clusters 100%
Clusters: 2 Size min 3, max 4, avg 3.5
Singletons: 0, 0.0% of seqs, 0.0% of clusters
Multiple alignments 100%
vsearch v2.30.0_linux_x86_64, 94.1GB RAM, 24 cores
https://github.com/torognes/vsearch

Reading file results/clustering/cdr/cov_illu_first_R0_vh/cdr3_clusters/6ffc89f6-a8d4-4560-9d91-7c7efc247370-IGH.fasta 100%
543 nt in 12 seqs, min 30, max 54, avg 45
Masking 100%
Sorting by length 100%
Counting k-mers 100%
Clustering 100%
Sorting clusters 100%
Writing clusters 100%
Clusters: 11 Size min 1, max 2, avg 1.1
Singletons: 10, 83.3% of seqs, 90.9% of clusters
Multiple alignments 100%
vsearch v2.30.0_linux_x86_64, 94.1GB RAM, 24 cores
https://github.com/torognes/vsearch

Reading file results/clustering/cdr/cov_illu_first_R0_vh/cdr3_clusters/0f74fecb-7f0d-43fe-9d13-6b86c325a448-IGH.fasta 100%
19046 nt in 470 seqs, min 27, max 69, avg 41
Masking 100%
Sorting by length 100%
Counting k-mers 100%
Clustering 100%
Sorting clusters 100%
Writing clusters 100%
Clusters: 170 Size min 1, max 234, avg 2.8
Singletons: 139, 29.6% of seqs, 81.8% of clusters
Multiple alignments 100%
vsearch v2.30.0_linux_x86_64, 94.1GB RAM, 24 cores
https://github.com/torognes/vsearch

Reading file results/clustering/cdr/cov_illu_first_R0_vh/cdr3_clusters/bde2c97a-0747-4fd5-ae1e-438e05ede4ef-IGH.fasta 100%
411 nt in 11 seqs, min 30, max 42, avg 37
Masking 100%
Sorting by length 100%
Counting k-mers 100%
Clustering 100%
Sorting clusters 100%
Writing clusters 100%
Clusters: 11 Size min 1, max 1, avg 1.0
Singletons: 11, 100.0% of seqs, 100.0% of clusters
Multiple alignments 100%
vsearch v2.30.0_linux_x86_64, 94.1GB RAM, 24 cores
https://github.com/torognes/vsearch

Reading file results/clustering/cdr/cov_illu_first_R0_vh/cdr3_clusters/275fbd20-7976-4e70-8c33-6df88bf9fc62-IGH.fasta 100%
3843 nt in 85 seqs, min 27, max 60, avg 45
Masking 100%
Sorting by length 100%
Counting k-mers 100%
Clustering 100%
Sorting clusters 100%
Writing clusters 100%
Clusters: 75 Size min 1, max 5, avg 1.1
Singletons: 70, 82.4% of seqs, 93.3% of clusters
Multiple alignments 100%
vsearch v2.30.0_linux_x86_64, 94.1GB RAM, 24 cores
https://github.com/torognes/vsearch

Reading file results/clustering/cdr/cov_illu_first_R0_vh/cdr3_clusters/781af6a5-d358-4cd0-b6ba-7d08b0b82d7e-IGH.fasta 100%
192 nt in 7 seqs, min 18, max 39, avg 27
Masking 100%
Sorting by length 100%
Counting k-mers 100%
Clustering 100%
Sorting clusters 100%
Writing clusters 100%
Clusters: 7 Size min 1, max 1, avg 1.0
Singletons: 7, 100.0% of seqs, 100.0% of clusters
Multiple alignments 100%
vsearch v2.30.0_linux_x86_64, 94.1GB RAM, 24 cores
https://github.com/torognes/vsearch

Reading file results/clustering/cdr/cov_illu_first_R0_vh/cdr3_clusters/22120172-96dc-4b5e-8135-92af489992d7-IGH.fasta 100%
1368 nt in 35 seqs, min 24, max 51, avg 39
Masking 100%
Sorting by length 100%
Counting k-mers 100%
Clustering 100%
Sorting clusters 100%
Writing clusters 100%
Clusters: 34 Size min 1, max 2, avg 1.0
Singletons: 33, 94.3% of seqs, 97.1% of clusters
Multiple alignments 100%
vsearch v2.30.0_linux_x86_64, 94.1GB RAM, 24 cores
https://github.com/torognes/vsearch

Reading file results/clustering/cdr/cov_illu_first_R0_vh/cdr3_clusters/1570279a-757d-4e26-8f72-7dc882a4e42d-IGH.fasta 100%
855 nt in 24 seqs, min 21, max 51, avg 36
Masking 100%
Sorting by length 100%
Counting k-mers 100%
Clustering 100%
Sorting clusters 100%
Writing clusters 100%
Clusters: 21 Size min 1, max 4, avg 1.1
Singletons: 20, 83.3% of seqs, 95.2% of clusters
Multiple alignments 100%
vsearch v2.30.0_linux_x86_64, 94.1GB RAM, 24 cores
https://github.com/torognes/vsearch

Reading file results/clustering/cdr/cov_illu_first_R0_vh/cdr3_clusters/708eb3ca-955c-46ba-8b23-60e1f35bd0a4-IGH.fasta 100%
138 nt in 7 seqs, min 12, max 24, avg 20
Masking 100%
Sorting by length 100%
Counting k-mers 100%
Clustering 100%
Sorting clusters 100%
Writing clusters 100%
Clusters: 7 Size min 1, max 1, avg 1.0
Singletons: 7, 100.0% of seqs, 100.0% of clusters
Multiple alignments 100%
vsearch v2.30.0_linux_x86_64, 94.1GB RAM, 24 cores
https://github.com/torognes/vsearch

Reading file results/clustering/cdr/cov_illu_first_R0_vh/cdr3_clusters/2e4f7845-a3b6-41a7-9a12-db9d35e70daf-IGH.fasta 100%
3179 nt in 74 seqs, min 27, max 66, avg 43
Masking 100%
Sorting by length 100%
Counting k-mers 100%
Clustering 100%
Sorting clusters 100%
Writing clusters 100%
Clusters: 68 Size min 1, max 5, avg 1.1
Singletons: 65, 87.8% of seqs, 95.6% of clusters
Multiple alignments 100%
vsearch v2.30.0_linux_x86_64, 94.1GB RAM, 24 cores
https://github.com/torognes/vsearch

Reading file results/clustering/cdr/cov_illu_first_R0_vh/cdr3_clusters/5b34cae0-d9cf-4879-b520-f428f0562e7d-IGH.fasta 100%
243 nt in 6 seqs, min 30, max 60, avg 40
Masking 100%
Sorting by length 100%
Counting k-mers 100%
Clustering 100%
Sorting clusters 100%
Writing clusters 100%
Clusters: 6 Size min 1, max 1, avg 1.0
Singletons: 6, 100.0% of seqs, 100.0% of clusters
Multiple alignments 100%
vsearch v2.30.0_linux_x86_64, 94.1GB RAM, 24 cores
https://github.com/torognes/vsearch

Reading file results/clustering/cdr/cov_illu_first_R0_vh/cdr3_clusters/8e1dbb0b-7122-4479-8a49-42bac1563b7a-IGH.fasta 100%
291 nt in 8 seqs, min 30, max 51, avg 36
Masking 100%
Sorting by length 100%
Counting k-mers 100%
Clustering 100%
Sorting clusters 100%
Writing clusters 100%
Clusters: 7 Size min 1, max 2, avg 1.1
Singletons: 6, 75.0% of seqs, 85.7% of clusters
Multiple alignments 100%
vsearch v2.30.0_linux_x86_64, 94.1GB RAM, 24 cores
https://github.com/torognes/vsearch

Reading file results/clustering/cdr/cov_illu_first_R0_vh/cdr3_clusters/947bceaf-843d-4914-b4cc-5c9db5760bd9-IGH.fasta 100%
456 nt in 11 seqs, min 27, max 57, avg 41
Masking 100%
Sorting by length 100%
Counting k-mers 100%
Clustering 100%
Sorting clusters 100%
Writing clusters 100%
Clusters: 11 Size min 1, max 1, avg 1.0
Singletons: 11, 100.0% of seqs, 100.0% of clusters
Multiple alignments 100%
vsearch v2.30.0_linux_x86_64, 94.1GB RAM, 24 cores
https://github.com/torognes/vsearch

Reading file results/clustering/cdr/cov_illu_first_R0_vh/cdr3_clusters/52d47e01-c32b-41e8-a63a-7d168903480f-IGH.fasta 100%
3369 nt in 82 seqs, min 18, max 60, avg 41
Masking 100%
Sorting by length 100%
Counting k-mers 100%
Clustering 100%
Sorting clusters 100%
Writing clusters 100%
Clusters: 69 Size min 1, max 12, avg 1.2
Singletons: 66, 80.5% of seqs, 95.7% of clusters
Multiple alignments 100%
vsearch v2.30.0_linux_x86_64, 94.1GB RAM, 24 cores
https://github.com/torognes/vsearch

Reading file results/clustering/cdr/cov_illu_first_R0_vh/cdr3_clusters/9ff04b7f-fffb-471d-9aa4-0dcbaf7aa777-IGH.fasta 100%
13385 nt in 337 seqs, min 18, max 57, avg 40
Masking 100%
Sorting by length 100%
Counting k-mers 100%
Clustering 100%
Sorting clusters 100%
Writing clusters 100%
Clusters: 310 Size min 1, max 9, avg 1.1
Singletons: 295, 87.5% of seqs, 95.2% of clusters
Multiple alignments 100%
vsearch v2.30.0_linux_x86_64, 94.1GB RAM, 24 cores
https://github.com/torognes/vsearch

Reading file results/clustering/cdr/cov_illu_first_R0_vh/cdr3_clusters/1652cd39-3ac8-4f98-8c16-1ea8a188395f-IGH.fasta 100%
1074 nt in 32 seqs, min 21, max 48, avg 34
Masking 100%
Sorting by length 100%
Counting k-mers 100%
Clustering 100%
Sorting clusters 100%
Writing clusters 100%
Clusters: 24 Size min 1, max 7, avg 1.3
Singletons: 21, 65.6% of seqs, 87.5% of clusters
Multiple alignments 100%
vsearch v2.30.0_linux_x86_64, 94.1GB RAM, 24 cores
https://github.com/torognes/vsearch

Reading file results/clustering/cdr/cov_illu_first_R0_vh/cdr3_clusters/5424fe81-87de-40c6-9240-d1088b5c4e5f-IGH.fasta 100%
615 nt in 14 seqs, min 27, max 54, avg 44
Masking 100%
Sorting by length 100%
Counting k-mers 100%
Clustering 100%
Sorting clusters 100%
Writing clusters 100%
Clusters: 13 Size min 1, max 2, avg 1.1
Singletons: 12, 85.7% of seqs, 92.3% of clusters
Multiple alignments 100%
vsearch v2.30.0_linux_x86_64, 94.1GB RAM, 24 cores
https://github.com/torognes/vsearch

Reading file results/clustering/cdr/cov_illu_first_R0_vh/cdr3_clusters/9a93fecc-3db9-4a1f-b92d-027eba5aaf00-IGH.fasta 100%
426 nt in 10 seqs, min 33, max 54, avg 43
Masking 100%
Sorting by length 100%
Counting k-mers 100%
Clustering 100%
Sorting clusters 100%
Writing clusters 100%
Clusters: 9 Size min 1, max 2, avg 1.1
Singletons: 8, 80.0% of seqs, 88.9% of clusters
Multiple alignments 100%
vsearch v2.30.0_linux_x86_64, 94.1GB RAM, 24 cores
https://github.com/torognes/vsearch

Reading file results/clustering/cdr/cov_illu_first_R0_vh/cdr3_clusters/eba4b05a-30ea-45c1-ae0d-7b1019f78c0a-IGH.fasta 100%
12462 nt in 280 seqs, min 30, max 72, avg 45
Masking 100%
Sorting by length 100%
Counting k-mers 100%
Clustering 100%
Sorting clusters 100%
Writing clusters 100%
Clusters: 228 Size min 1, max 27, avg 1.2
Singletons: 213, 76.1% of seqs, 93.4% of clusters
Multiple alignments 100%
vsearch v2.30.0_linux_x86_64, 94.1GB RAM, 24 cores
https://github.com/torognes/vsearch

Reading file results/clustering/cdr/cov_illu_first_R0_vh/cdr3_clusters/e6dbd1f8-f807-4de6-8da0-d9cc3f101320-IGH.fasta 100%
744 nt in 14 seqs, min 33, max 60, avg 53
Masking 100%
Sorting by length 100%
Counting k-mers 100%
Clustering 100%
Sorting clusters 100%
Writing clusters 100%
Clusters: 6 Size min 1, max 9, avg 2.3
Singletons: 5, 35.7% of seqs, 83.3% of clusters
Multiple alignments 100%
vsearch v2.30.0_linux_x86_64, 94.1GB RAM, 24 cores
https://github.com/torognes/vsearch

Reading file results/clustering/cdr/cov_illu_first_R0_vh/cdr3_clusters/dc6d3168-5dcd-46b8-9f87-300e4d54e5ab-IGH.fasta 100%
2499 nt in 70 seqs, min 21, max 39, avg 36
Masking 100%
Sorting by length 100%
Counting k-mers 100%
Clustering 100%
Sorting clusters 100%
Writing clusters 100%
Clusters: 4 Size min 1, max 67, avg 17.5
Singletons: 3, 4.3% of seqs, 75.0% of clusters
Multiple alignments 100%
vsearch v2.30.0_linux_x86_64, 94.1GB RAM, 24 cores
https://github.com/torognes/vsearch

Reading file results/clustering/cdr/cov_illu_first_R0_vh/cdr3_clusters/c76abe5c-8e79-4535-9294-10540a02e913-IGH.fasta 100%
1824 nt in 39 seqs, min 30, max 66, avg 47
Masking 100%
Sorting by length 100%
Counting k-mers 100%
Clustering 100%
Sorting clusters 100%
Writing clusters 100%
Clusters: 30 Size min 1, max 7, avg 1.3
Singletons: 27, 69.2% of seqs, 90.0% of clusters
Multiple alignments 100%
vsearch v2.30.0_linux_x86_64, 94.1GB RAM, 24 cores
https://github.com/torognes/vsearch

Reading file results/clustering/cdr/cov_illu_first_R0_vh/cdr3_clusters/60dc4917-2172-4b39-ad2e-611f040d63ce-IGH.fasta 100%
1980 nt in 54 seqs, min 18, max 51, avg 37
Masking 100%
Sorting by length 100%
Counting k-mers 100%
Clustering 100%
Sorting clusters 100%
Writing clusters 100%
Clusters: 50 Size min 1, max 2, avg 1.1
Singletons: 46, 85.2% of seqs, 92.0% of clusters
Multiple alignments 100%
vsearch v2.30.0_linux_x86_64, 94.1GB RAM, 24 cores
https://github.com/torognes/vsearch

Reading file results/clustering/cdr/cov_illu_first_R0_vh/cdr3_clusters/b370660d-895a-4916-ae1d-763f0cf4fb20-IGH.fasta 100%
1245 nt in 29 seqs, min 30, max 63, avg 43
Masking 100%
Sorting by length 100%
Counting k-mers 100%
Clustering 100%
Sorting clusters 100%
Writing clusters 100%
Clusters: 24 Size min 1, max 2, avg 1.2
Singletons: 19, 65.5% of seqs, 79.2% of clusters
Multiple alignments 100%
vsearch v2.30.0_linux_x86_64, 94.1GB RAM, 24 cores
https://github.com/torognes/vsearch

Reading file results/clustering/cdr/cov_illu_first_R0_vh/cdr3_clusters/115beb19-f219-42ac-8140-d22c126ff39d-IGH.fasta 100%
255 nt in 8 seqs, min 27, max 36, avg 32
Masking 100%
Sorting by length 100%
Counting k-mers 100%
Clustering 100%
Sorting clusters 100%
Writing clusters 100%
Clusters: 8 Size min 1, max 1, avg 1.0
Singletons: 8, 100.0% of seqs, 100.0% of clusters
Multiple alignments 100%
vsearch v2.30.0_linux_x86_64, 94.1GB RAM, 24 cores
https://github.com/torognes/vsearch

Reading file results/clustering/cdr/cov_illu_first_R0_vh/cdr3_clusters/f7ea14f8-c1aa-4845-8357-ca8c1bcebd38-IGH.fasta 100%
1800 nt in 47 seqs, min 27, max 48, avg 38
Masking 100%
Sorting by length 100%
Counting k-mers 100%
Clustering 100%
Sorting clusters 100%
Writing clusters 100%
Clusters: 44 Size min 1, max 3, avg 1.1
Singletons: 42, 89.4% of seqs, 95.5% of clusters
Multiple alignments 100%
