Clusters Ordened By clusters lenght: 
Empty DataFrame
Columns: [0, 1, 2, 3, 4, 5, 6, 7, 8, 9]
Index: []
Clusters Ordened By clusters lenght: 
Empty DataFrame
Columns: [0, 1, 2, 3, 4, 5, 6, 7, 8, 9]
Index: []
Clusters Ordened By clusters lenght: 
Empty DataFrame
Columns: [0, 1, 2, 3, 4, 5, 6, 7, 8, 9]
Index: []
Clusters Ordened By clusters lenght: 
Empty DataFrame
Columns: [0, 1, 2, 3, 4, 5, 6, 7, 8, 9]
Index: []
Clusters Ordened By clusters lenght: 
Empty DataFrame
Columns: [0, 1, 2, 3, 4, 5, 6, 7, 8, 9]
Index: []
Clusters Ordened By clusters lenght: 
Empty DataFrame
Columns: [0, 1, 2, 3, 4, 5, 6, 7, 8, 9]
Index: []
Clusters Ordened By clusters lenght: 
    0  1   2  3  4  5  6  7                                         8  9
30  C  1  23  *  *  *  *  *  cdc80b5e-e99d-4413-84c6-cccd3577d43c-IGH  *
Clusters Ordened By clusters lenght: 
Empty DataFrame
Columns: [0, 1, 2, 3, 4, 5, 6, 7, 8, 9]
Index: []
Clusters Ordened By clusters lenght: 
    0  1  2  3  4  5  6  7                                         8  9
32  C  7  4  *  *  *  *  *  5ac922e4-1a71-43e8-a634-b4d952ed37e3-IGK  *
Clusters Ordened By clusters lenght: 
Empty DataFrame
Columns: [0, 1, 2, 3, 4, 5, 6, 7, 8, 9]
Index: []
Clusters Ordened By clusters lenght: 
Empty DataFrame
Columns: [0, 1, 2, 3, 4, 5, 6, 7, 8, 9]
Index: []
Clusters Ordened By clusters lenght: 
Empty DataFrame
Columns: [0, 1, 2, 3, 4, 5, 6, 7, 8, 9]
Index: []
Clusters Ordened By clusters lenght: 
Empty DataFrame
Columns: [0, 1, 2, 3, 4, 5, 6, 7, 8, 9]
Index: []
Clusters Ordened By clusters lenght: 
Empty DataFrame
Columns: [0, 1, 2, 3, 4, 5, 6, 7, 8, 9]
Index: []
Clusters Ordened By clusters lenght: 
Empty DataFrame
Columns: [0, 1, 2, 3, 4, 5, 6, 7, 8, 9]
Index: []
Clusters Ordened By clusters lenght: 
Empty DataFrame
Columns: [0, 1, 2, 3, 4, 5, 6, 7, 8, 9]
Index: []
Clusters Ordened By clusters lenght: 
Empty DataFrame
Columns: [0, 1, 2, 3, 4, 5, 6, 7, 8, 9]
Index: []
Clusters Ordened By clusters lenght: 
Empty DataFrame
Columns: [0, 1, 2, 3, 4, 5, 6, 7, 8, 9]
Index: []
Clusters Ordened By clusters lenght: 
Empty DataFrame
Columns: [0, 1, 2, 3, 4, 5, 6, 7, 8, 9]
Index: []
Clusters Ordened By clusters lenght: 
Empty DataFrame
Columns: [0, 1, 2, 3, 4, 5, 6, 7, 8, 9]
Index: []
Clusters Ordened By clusters lenght: 
Empty DataFrame
Columns: [0, 1, 2, 3, 4, 5, 6, 7, 8, 9]
Index: []
Clusters Ordened By clusters lenght: 
Empty DataFrame
Columns: [0, 1, 2, 3, 4, 5, 6, 7, 8, 9]
Index: []
Clusters Ordened By clusters lenght: 
Empty DataFrame
Columns: [0, 1, 2, 3, 4, 5, 6, 7, 8, 9]
Index: []
Clusters Ordened By clusters lenght: 
Empty DataFrame
Columns: [0, 1, 2, 3, 4, 5, 6, 7, 8, 9]
Index: []
Clusters Ordened By clusters lenght: 
Empty DataFrame
Columns: [0, 1, 2, 3, 4, 5, 6, 7, 8, 9]
Index: []
Clusters Ordened By clusters lenght: 
Empty DataFrame
Columns: [0, 1, 2, 3, 4, 5, 6, 7, 8, 9]
Index: []
Clusters Ordened By clusters lenght: 
Empty DataFrame
Columns: [0, 1, 2, 3, 4, 5, 6, 7, 8, 9]
Index: []
Clusters Ordened By clusters lenght: 
Empty DataFrame
Columns: [0, 1, 2, 3, 4, 5, 6, 7, 8, 9]
Index: []
Clusters Ordened By clusters lenght: 
Empty DataFrame
Columns: [0, 1, 2, 3, 4, 5, 6, 7, 8, 9]
Index: []
Clusters Ordened By clusters lenght: 
    0   1  2  3  4  5  6  7                                         8  9
60  C   3  7  *  *  *  *  *  ae556a5c-3d40-4dcb-b6e2-3570332fa799-IGK  *
72  C  15  5  *  *  *  *  *  069605d5-e512-4960-8b4f-d4811e86aaaa-IGK  *
77  C  20  4  *  *  *  *  *  43c446f4-020b-4580-9a48-96961b615f54-IGK  *
Clusters Ordened By clusters lenght: 
Empty DataFrame
Columns: [0, 1, 2, 3, 4, 5, 6, 7, 8, 9]
Index: []
Clusters Ordened By clusters lenght: 
Empty DataFrame
Columns: [0, 1, 2, 3, 4, 5, 6, 7, 8, 9]
Index: []
Clusters Ordened By clusters lenght: 
Empty DataFrame
Columns: [0, 1, 2, 3, 4, 5, 6, 7, 8, 9]
Index: []
Clusters Ordened By clusters lenght: 
Empty DataFrame
Columns: [0, 1, 2, 3, 4, 5, 6, 7, 8, 9]
Index: []
Clusters Ordened By clusters lenght: 
Empty DataFrame
Columns: [0, 1, 2, 3, 4, 5, 6, 7, 8, 9]
Index: []
Clusters Ordened By clusters lenght: 
Empty DataFrame
Columns: [0, 1, 2, 3, 4, 5, 6, 7, 8, 9]
Index: []
Clusters Ordened By clusters lenght: 
Empty DataFrame
Columns: [0, 1, 2, 3, 4, 5, 6, 7, 8, 9]
Index: []
Clusters Ordened By clusters lenght: 
    0  1  2  3  4  5  6  7                                         8  9
43  C  6  6  *  *  *  *  *  4ed94a5b-b06e-40e4-862f-f98443673710-IGK  *
42  C  5  4  *  *  *  *  *  49e6f482-4d1a-4f41-9b2b-f0c0aba78292-IGK  *
Clusters Ordened By clusters lenght: 
Empty DataFrame
Columns: [0, 1, 2, 3, 4, 5, 6, 7, 8, 9]
Index: []
Clusters Ordened By clusters lenght: 
Empty DataFrame
Columns: [0, 1, 2, 3, 4, 5, 6, 7, 8, 9]
Index: []
Clusters Ordened By clusters lenght: 
Empty DataFrame
Columns: [0, 1, 2, 3, 4, 5, 6, 7, 8, 9]
Index: []
Clusters Ordened By clusters lenght: 
Empty DataFrame
Columns: [0, 1, 2, 3, 4, 5, 6, 7, 8, 9]
Index: []
Clusters Ordened By clusters lenght: 
Empty DataFrame
Columns: [0, 1, 2, 3, 4, 5, 6, 7, 8, 9]
Index: []
Clusters Ordened By clusters lenght: 
Empty DataFrame
Columns: [0, 1, 2, 3, 4, 5, 6, 7, 8, 9]
Index: []
Clusters Ordened By clusters lenght: 
Empty DataFrame
Columns: [0, 1, 2, 3, 4, 5, 6, 7, 8, 9]
Index: []
Clusters Ordened By clusters lenght: 
Empty DataFrame
Columns: [0, 1, 2, 3, 4, 5, 6, 7, 8, 9]
Index: []
Clusters Ordened By clusters lenght: 
    0  1  2  3  4  5  6  7                                         8  9
23  C  4  5  *  *  *  *  *  01e816e9-927b-4ae2-8cd5-282c1145296a-IGH  *
24  C  5  4  *  *  *  *  *  cba85a05-4f61-4402-a6bb-8f56f9d9bc26-IGH  *
Clusters Ordened By clusters lenght: 
Empty DataFrame
Columns: [0, 1, 2, 3, 4, 5, 6, 7, 8, 9]
Index: []
Clusters Ordened By clusters lenght: 
    0  1  2  3  4  5  6  7                                         8  9
16  C  4  4  *  *  *  *  *  45b5f95e-b5ec-4a4f-8978-eb01ca900e42-IGK  *
Clusters Ordened By clusters lenght: 
Empty DataFrame
Columns: [0, 1, 2, 3, 4, 5, 6, 7, 8, 9]
Index: []
Clusters Ordened By clusters lenght: 
Empty DataFrame
Columns: [0, 1, 2, 3, 4, 5, 6, 7, 8, 9]
Index: []
Clusters Ordened By clusters lenght: 
Empty DataFrame
Columns: [0, 1, 2, 3, 4, 5, 6, 7, 8, 9]
Index: []
Clusters Ordened By clusters lenght: 
Empty DataFrame
Columns: [0, 1, 2, 3, 4, 5, 6, 7, 8, 9]
Index: []
Clusters Ordened By clusters lenght: 
Empty DataFrame
Columns: [0, 1, 2, 3, 4, 5, 6, 7, 8, 9]
Index: []
Clusters Ordened By clusters lenght: 
Empty DataFrame
Columns: [0, 1, 2, 3, 4, 5, 6, 7, 8, 9]
Index: []
Clusters Ordened By clusters lenght: 
Empty DataFrame
Columns: [0, 1, 2, 3, 4, 5, 6, 7, 8, 9]
Index: []
Clusters Ordened By clusters lenght: 
Empty DataFrame
Columns: [0, 1, 2, 3, 4, 5, 6, 7, 8, 9]
Index: []
Clusters Ordened By clusters lenght: 
Empty DataFrame
Columns: [0, 1, 2, 3, 4, 5, 6, 7, 8, 9]
Index: []
Clusters Ordened By clusters lenght: 
Empty DataFrame
Columns: [0, 1, 2, 3, 4, 5, 6, 7, 8, 9]
Index: []
Clusters Ordened By clusters lenght: 
     0   1   2  3  4  5  6  7                                         8  9
115  C  17  11  *  *  *  *  *  55c49efe-9082-4982-b894-9be633b88c32-IGK  *
105  C   7   9  *  *  *  *  *  237094c0-e859-4470-ac7b-c58a4838a44a-IGK  *
106  C   8   8  *  *  *  *  *  36825e9f-428b-4c06-b131-227c42c0f6d8-IGK  *
136  C  38   6  *  *  *  *  *  0695784e-65fc-4817-a758-eedd97a2775f-IGK  *
132  C  34   6  *  *  *  *  *  83fd8ae2-d3f7-43ba-be8a-ae7e4dd48171-IGK  *
104  C   6   5  *  *  *  *  *  1a37e891-6010-423c-b218-459dc416df44-IGK  *
103  C   5   4  *  *  *  *  *  4e727954-b785-455d-b32a-e6140c87b834-IGK  *
122  C  24   4  *  *  *  *  *  4b5a1ddf-338b-40c8-bc09-20ec6b67d691-IGK  *
134  C  36   4  *  *  *  *  *  2efe5cc0-f945-4f86-aceb-bdb309fa9e02-IGK  *
Clusters Ordened By clusters lenght: 
Empty DataFrame
Columns: [0, 1, 2, 3, 4, 5, 6, 7, 8, 9]
Index: []
Clusters Ordened By clusters lenght: 
Empty DataFrame
Columns: [0, 1, 2, 3, 4, 5, 6, 7, 8, 9]
Index: []
Clusters Ordened By clusters lenght: 
    0  1   2  3  4  5  6  7                                         8  9
48  C  0  40  *  *  *  *  *  4d730a34-a541-4907-a0b3-ed5d6302f748-IGH  *
49  C  1   5  *  *  *  *  *  07083568-125f-4435-8bf9-fdd2c7a9c17b-IGH  *
Clusters Ordened By clusters lenght: 
Empty DataFrame
Columns: [0, 1, 2, 3, 4, 5, 6, 7, 8, 9]
Index: []
Clusters Ordened By clusters lenght: 
   0  1  2  3  4  5  6  7                                         8  9
5  C  0  4  *  *  *  *  *  14730a8a-ae33-4eec-b465-7a26757813ef-IGH  *
Clusters Ordened By clusters lenght: 
Empty DataFrame
Columns: [0, 1, 2, 3, 4, 5, 6, 7, 8, 9]
Index: []
Clusters Ordened By clusters lenght: 
Empty DataFrame
Columns: [0, 1, 2, 3, 4, 5, 6, 7, 8, 9]
Index: []
Clusters Ordened By clusters lenght: 
Empty DataFrame
Columns: [0, 1, 2, 3, 4, 5, 6, 7, 8, 9]
Index: []
Clusters Ordened By clusters lenght: 
Empty DataFrame
Columns: [0, 1, 2, 3, 4, 5, 6, 7, 8, 9]
Index: []
Clusters Ordened By clusters lenght: 
Empty DataFrame
Columns: [0, 1, 2, 3, 4, 5, 6, 7, 8, 9]
Index: []
Clusters Ordened By clusters lenght: 
Empty DataFrame
Columns: [0, 1, 2, 3, 4, 5, 6, 7, 8, 9]
Index: []
Clusters Ordened By clusters lenght: 
Empty DataFrame
Columns: [0, 1, 2, 3, 4, 5, 6, 7, 8, 9]
Index: []
Clusters Ordened By clusters lenght: 
Empty DataFrame
Columns: [0, 1, 2, 3, 4, 5, 6, 7, 8, 9]
Index: []
Clusters Ordened By clusters lenght: 
Empty DataFrame
Columns: [0, 1, 2, 3, 4, 5, 6, 7, 8, 9]
Index: []
Clusters Ordened By clusters lenght: 
Empty DataFrame
Columns: [0, 1, 2, 3, 4, 5, 6, 7, 8, 9]
Index: []
Clusters Ordened By clusters lenght: 
Empty DataFrame
Columns: [0, 1, 2, 3, 4, 5, 6, 7, 8, 9]
Index: []
Clusters Ordened By clusters lenght: 
    0  1  2  3  4  5  6  7                                         8  9
56  C  4  6  *  *  *  *  *  50bd7711-80dc-4540-a94d-e876deb8c88d-IGK  *
Clusters Ordened By clusters lenght: 
Empty DataFrame
Columns: [0, 1, 2, 3, 4, 5, 6, 7, 8, 9]
Index: []
Clusters Ordened By clusters lenght: 
Empty DataFrame
Columns: [0, 1, 2, 3, 4, 5, 6, 7, 8, 9]
Index: []
Clusters Ordened By clusters lenght: 
Empty DataFrame
Columns: [0, 1, 2, 3, 4, 5, 6, 7, 8, 9]
Index: []
Clusters Ordened By clusters lenght: 
     0   1  2  3  4  5  6  7                                         8  9
172  C  58  5  *  *  *  *  *  349d9083-d3f7-4313-b7cd-59ebc79b6975-IGK  *
Clusters Ordened By clusters lenght: 
Empty DataFrame
Columns: [0, 1, 2, 3, 4, 5, 6, 7, 8, 9]
Index: []
Clusters Ordened By clusters lenght: 
Empty DataFrame
Columns: [0, 1, 2, 3, 4, 5, 6, 7, 8, 9]
Index: []
Clusters Ordened By clusters lenght: 
Empty DataFrame
Columns: [0, 1, 2, 3, 4, 5, 6, 7, 8, 9]
Index: []
Clusters Ordened By clusters lenght: 
    0  1  2  3  4  5  6  7                                         8  9
25  C  7  5  *  *  *  *  *  1e434dcb-b1bf-4073-9d94-21bff857ab8b-IGK  *
Clusters Ordened By clusters lenght: 
Empty DataFrame
Columns: [0, 1, 2, 3, 4, 5, 6, 7, 8, 9]
Index: []
Clusters Ordened By clusters lenght: 
Empty DataFrame
Columns: [0, 1, 2, 3, 4, 5, 6, 7, 8, 9]
Index: []
Clusters Ordened By clusters lenght: 
Empty DataFrame
Columns: [0, 1, 2, 3, 4, 5, 6, 7, 8, 9]
Index: []
Clusters Ordened By clusters lenght: 
    0  1   2  3  4  5  6  7                                         8  9
42  C  3  12  *  *  *  *  *  caebcaff-b9a7-4cc3-bd02-f633cde2df5d-IGK  *
43  C  4   9  *  *  *  *  *  5c628079-1bd8-4326-a3db-5766f688bb0b-IGK  *
Clusters Ordened By clusters lenght: 
Empty DataFrame
Columns: [0, 1, 2, 3, 4, 5, 6, 7, 8, 9]
Index: []
Clusters Ordened By clusters lenght: 
Empty DataFrame
Columns: [0, 1, 2, 3, 4, 5, 6, 7, 8, 9]
Index: []
Clusters Ordened By clusters lenght: 
Empty DataFrame
Columns: [0, 1, 2, 3, 4, 5, 6, 7, 8, 9]
Index: []
Clusters Ordened By clusters lenght: 
      0    1   2  3  4  5  6  7                                         8  9
1135  C  141  65  *  *  *  *  *  51eed183-8900-4f79-9e83-184d510e3318-IGK  *
1019  C   25  39  *  *  *  *  *  4d1e4854-6b1e-4aa0-b16f-7c0ee637c14a-IGK  *
1245  C  251  32  *  *  *  *  *  6da108c2-8b25-4561-8d22-abe5a38e62d1-IGK  *
1185  C  191  30  *  *  *  *  *  3e13de69-c7d2-4925-8453-b3a8bf9eaf9d-IGK  *
1015  C   21  29  *  *  *  *  *  fc402e36-be0c-4bb8-95a0-f571b259337e-IGK  *
1047  C   53  25  *  *  *  *  *  051d7dd9-7552-43b3-b502-391d692864f8-IGK  *
1056  C   62  23  *  *  *  *  *  2ad6330e-5c97-48c7-9f38-9ab1d801d360-IGK  *
1064  C   70  21  *  *  *  *  *  57c59c77-5c71-46e7-a2e6-184c9117cf84-IGK  *
1043  C   49  20  *  *  *  *  *  ca6c9009-6dda-4db1-8121-e8ad62f884dc-IGK  *
1011  C   17  20  *  *  *  *  *  2945c853-6e10-4508-b746-59073f190321-IGK  *
1134  C  140  20  *  *  *  *  *  4b7bd4b7-d390-4c7b-8982-3aa66f1da993-IGK  *
1006  C   12  19  *  *  *  *  *  d6cb4634-18aa-4593-a08e-026cca853f26-IGK  *
1287  C  293  18  *  *  *  *  *  99a36cc3-7db4-4657-a0f3-54cd30aed3c1-IGK  *
1171  C  177  17  *  *  *  *  *  1821baba-072a-4d8b-a7ad-568c600bcd97-IGK  *
1192  C  198  14  *  *  *  *  *  70335f6f-0b46-4dfc-9d1b-ed00b780cdb3-IGK  *
1127  C  133  13  *  *  *  *  *  2c124822-27d6-4876-a3fc-9cfa8798bf8f-IGK  *
1165  C  171  13  *  *  *  *  *  05e8048d-2873-4aea-8b0a-55201b292ca1-IGK  *
1144  C  150  10  *  *  *  *  *  8d9417db-480f-42f8-ab1d-9f72bd533b11-IGK  *
1020  C   26   9  *  *  *  *  *  615fdd10-19aa-432d-968f-f7773407586b-IGK  *
1046  C   52   9  *  *  *  *  *  02bbdd3e-0f49-409e-80bc-dbaee4438127-IGK  *
1052  C   58   9  *  *  *  *  *  1b46acca-441c-4f64-9799-cedd61fbf18e-IGK  *
1012  C   18   8  *  *  *  *  *  465eef68-a982-4aff-8b7d-9a7c6f1f34cd-IGK  *
1180  C  186   8  *  *  *  *  *  34a7bdc6-21aa-4dec-847b-e11c97d8a50e-IGK  *
1119  C  125   8  *  *  *  *  *  0f4c1ff7-0c3c-4c21-ad45-06f79df1bb98-IGK  *
1292  C  298   8  *  *  *  *  *  408c7400-c926-4aa8-b59a-6b88b6217b8b-IGK  *
1202  C  208   8  *  *  *  *  *  a3202f7a-743f-46f6-8503-a1dc88029c80-IGK  *
1038  C   44   8  *  *  *  *  *  a26373fc-8cf0-4b7b-90df-61e32448e815-IGK  *
1123  C  129   7  *  *  *  *  *  2860583d-98c1-429a-ae2f-dd312edc5123-IGK  *
1035  C   41   7  *  *  *  *  *  4d44a4c4-30e8-4a8c-aefc-e0f105e86cf0-IGK  *
1054  C   60   7  *  *  *  *  *  24c183ad-3fac-41b8-9ea8-e404ab8f13a4-IGK  *
1097  C  103   7  *  *  *  *  *  78df5ce3-894a-4a36-a02b-8fd96b630ac3-IGK  *
1017  C   23   7  *  *  *  *  *  279de53e-1c8f-41b1-8749-e37599bc4fb0-IGK  *
1093  C   99   6  *  *  *  *  *  642d45e1-56cf-4c35-8ecc-229ebf852b43-IGK  *
1155  C  161   6  *  *  *  *  *  d414d5f0-3db9-4115-b0cb-c435d6963054-IGK  *
1053  C   59   6  *  *  *  *  *  20f3cfe8-6ff5-4c0c-b8e5-5f9bec9effb7-IGK  *
1133  C  139   6  *  *  *  *  *  480dc0f1-ce17-4d7a-bce8-49dbf069e35f-IGK  *
1186  C  192   6  *  *  *  *  *  410cd6c0-d091-47ff-9418-607be8290b62-IGK  *
1033  C   39   5  *  *  *  *  *  474b5435-4cf3-4908-8d38-faab825db96f-IGK  *
1025  C   31   5  *  *  *  *  *  ae24296f-6196-4ada-862b-97d56a3d5286-IGK  *
1051  C   57   5  *  *  *  *  *  1afad5f2-59c2-4555-9b5a-d5a090a34dd6-IGK  *
1108  C  114   5  *  *  *  *  *  cd1f0184-2cc5-4336-8519-2e451fd029bc-IGK  *
1090  C   96   5  *  *  *  *  *  38af220a-3810-44b2-9572-a1553e1909a7-IGK  *
1141  C  147   5  *  *  *  *  *  64776e4b-c710-4526-bb2e-6a5da781c591-IGK  *
1166  C  172   5  *  *  *  *  *  06228600-4e98-4ce5-aa23-61b9137095d2-IGK  *
1071  C   77   4  *  *  *  *  *  76baa7bd-bcea-443f-bbe8-5dc882863482-IGK  *
1084  C   90   4  *  *  *  *  *  f9be26f9-b36c-4ccd-b9b6-1cd200d5fb3c-IGK  *
1109  C  115   4  *  *  *  *  *  dcc00733-12d2-482b-9b65-a9bbf0730e55-IGK  *
1118  C  124   4  *  *  *  *  *  0a3e307b-390f-4f47-a4eb-11a768014df2-IGK  *
1181  C  187   4  *  *  *  *  *  35dc0ae5-72f4-4f87-baf3-9000e6c7be49-IGK  *
1191  C  197   4  *  *  *  *  *  5575cea5-7d2c-4288-9034-e29e994a8cdb-IGK  *
1286  C  292   4  *  *  *  *  *  71ad0812-3f0a-406f-a1e2-12463fa2860a-IGK  *
Clusters Ordened By clusters lenght: 
Empty DataFrame
Columns: [0, 1, 2, 3, 4, 5, 6, 7, 8, 9]
Index: []
Clusters Ordened By clusters lenght: 
Empty DataFrame
Columns: [0, 1, 2, 3, 4, 5, 6, 7, 8, 9]
Index: []
Clusters Ordened By clusters lenght: 
Empty DataFrame
Columns: [0, 1, 2, 3, 4, 5, 6, 7, 8, 9]
Index: []
Clusters Ordened By clusters lenght: 
Empty DataFrame
Columns: [0, 1, 2, 3, 4, 5, 6, 7, 8, 9]
Index: []
Clusters Ordened By clusters lenght: 
Empty DataFrame
Columns: [0, 1, 2, 3, 4, 5, 6, 7, 8, 9]
Index: []
Clusters Ordened By clusters lenght: 
Empty DataFrame
Columns: [0, 1, 2, 3, 4, 5, 6, 7, 8, 9]
Index: []
Clusters Ordened By clusters lenght: 
    0   1  2  3  4  5  6  7                                         8  9
79  C  18  6  *  *  *  *  *  47f14fe4-68a9-4714-808e-18fdd06cb224-IGK  *
Clusters Ordened By clusters lenght: 
Empty DataFrame
Columns: [0, 1, 2, 3, 4, 5, 6, 7, 8, 9]
Index: []
Clusters Ordened By clusters lenght: 
Empty DataFrame
Columns: [0, 1, 2, 3, 4, 5, 6, 7, 8, 9]
Index: []
Clusters Ordened By clusters lenght: 
Empty DataFrame
Columns: [0, 1, 2, 3, 4, 5, 6, 7, 8, 9]
Index: []
Clusters Ordened By clusters lenght: 
Empty DataFrame
Columns: [0, 1, 2, 3, 4, 5, 6, 7, 8, 9]
Index: []
Clusters Ordened By clusters lenght: 
     0   1  2  3  4  5  6  7                                         8  9
177  C  32  8  *  *  *  *  *  12e8fc50-cf5f-49e2-9a25-88411c0d382f-IGK  *
190  C  45  7  *  *  *  *  *  364d7917-aefb-4bd2-8a4b-aa3a2c420a28-IGK  *
173  C  28  4  *  *  *  *  *  047f05af-b4e9-4890-9d82-780e44cf832a-IGK  *
Clusters Ordened By clusters lenght: 
Empty DataFrame
Columns: [0, 1, 2, 3, 4, 5, 6, 7, 8, 9]
Index: []
Clusters Ordened By clusters lenght: 
Empty DataFrame
Columns: [0, 1, 2, 3, 4, 5, 6, 7, 8, 9]
Index: []
Clusters Ordened By clusters lenght: 
Empty DataFrame
Columns: [0, 1, 2, 3, 4, 5, 6, 7, 8, 9]
Index: []
Clusters Ordened By clusters lenght: 
Empty DataFrame
Columns: [0, 1, 2, 3, 4, 5, 6, 7, 8, 9]
Index: []
Clusters Ordened By clusters lenght: 
Empty DataFrame
Columns: [0, 1, 2, 3, 4, 5, 6, 7, 8, 9]
Index: []
Clusters Ordened By clusters lenght: 
Empty DataFrame
Columns: [0, 1, 2, 3, 4, 5, 6, 7, 8, 9]
Index: []
Clusters Ordened By clusters lenght: 
Empty DataFrame
Columns: [0, 1, 2, 3, 4, 5, 6, 7, 8, 9]
Index: []
Clusters Ordened By clusters lenght: 
Empty DataFrame
Columns: [0, 1, 2, 3, 4, 5, 6, 7, 8, 9]
Index: []
Clusters Ordened By clusters lenght: 
Empty DataFrame
Columns: [0, 1, 2, 3, 4, 5, 6, 7, 8, 9]
Index: []
Clusters Ordened By clusters lenght: 
Empty DataFrame
Columns: [0, 1, 2, 3, 4, 5, 6, 7, 8, 9]
Index: []
Clusters Ordened By clusters lenght: 
Empty DataFrame
Columns: [0, 1, 2, 3, 4, 5, 6, 7, 8, 9]
Index: []
Clusters Ordened By clusters lenght: 
Empty DataFrame
Columns: [0, 1, 2, 3, 4, 5, 6, 7, 8, 9]
Index: []
Clusters Ordened By clusters lenght: 
Empty DataFrame
Columns: [0, 1, 2, 3, 4, 5, 6, 7, 8, 9]
Index: []
Clusters Ordened By clusters lenght: 
Empty DataFrame
Columns: [0, 1, 2, 3, 4, 5, 6, 7, 8, 9]
Index: []
Clusters Ordened By clusters lenght: 
   0  1  2  3  4  5  6  7                                         8  9
7  C  0  7  *  *  *  *  *  0357f20e-7ce0-4029-b9df-9f2da3f175cb-IGK  *
Clusters Ordened By clusters lenght: 
Empty DataFrame
Columns: [0, 1, 2, 3, 4, 5, 6, 7, 8, 9]
Index: []
Clusters Ordened By clusters lenght: 
    0   1  2  3  4  5  6  7                                         8  9
49  C   3  5  *  *  *  *  *  a7d40530-ffa4-4fcf-abdc-4f05e471e075-IGK  *
56  C  10  5  *  *  *  *  *  e339c846-cdac-486c-a910-0a1e29dc91be-IGK  *
58  C  12  4  *  *  *  *  *  1e3d6555-c074-4749-b809-9f895b32b84b-IGK  *
Clusters Ordened By clusters lenght: 
Empty DataFrame
Columns: [0, 1, 2, 3, 4, 5, 6, 7, 8, 9]
Index: []
Clusters Ordened By clusters lenght: 
Empty DataFrame
Columns: [0, 1, 2, 3, 4, 5, 6, 7, 8, 9]
Index: []
Clusters Ordened By clusters lenght: 
Empty DataFrame
Columns: [0, 1, 2, 3, 4, 5, 6, 7, 8, 9]
Index: []
Clusters Ordened By clusters lenght: 
Empty DataFrame
Columns: [0, 1, 2, 3, 4, 5, 6, 7, 8, 9]
Index: []
Clusters Ordened By clusters lenght: 
Empty DataFrame
Columns: [0, 1, 2, 3, 4, 5, 6, 7, 8, 9]
Index: []
Clusters Ordened By clusters lenght: 
Empty DataFrame
Columns: [0, 1, 2, 3, 4, 5, 6, 7, 8, 9]
Index: []
Clusters Ordened By clusters lenght: 
Empty DataFrame
Columns: [0, 1, 2, 3, 4, 5, 6, 7, 8, 9]
Index: []
Clusters Ordened By clusters lenght: 
Empty DataFrame
Columns: [0, 1, 2, 3, 4, 5, 6, 7, 8, 9]
Index: []
Clusters Ordened By clusters lenght: 
Empty DataFrame
Columns: [0, 1, 2, 3, 4, 5, 6, 7, 8, 9]
Index: []
Clusters Ordened By clusters lenght: 
Empty DataFrame
Columns: [0, 1, 2, 3, 4, 5, 6, 7, 8, 9]
Index: []
Clusters Ordened By clusters lenght: 
    0  1   2  3  4  5  6  7                                         8  9
60  C  6  22  *  *  *  *  *  4b944c9b-542d-4b71-9761-595f90b084d2-IGK  *
Clusters Ordened By clusters lenght: 
Empty DataFrame
Columns: [0, 1, 2, 3, 4, 5, 6, 7, 8, 9]
Index: []
Clusters Ordened By clusters lenght: 
Empty DataFrame
Columns: [0, 1, 2, 3, 4, 5, 6, 7, 8, 9]
Index: []
Clusters Ordened By clusters lenght: 
Empty DataFrame
Columns: [0, 1, 2, 3, 4, 5, 6, 7, 8, 9]
Index: []
Clusters Ordened By clusters lenght: 
Empty DataFrame
Columns: [0, 1, 2, 3, 4, 5, 6, 7, 8, 9]
Index: []
Clusters Ordened By clusters lenght: 
Empty DataFrame
Columns: [0, 1, 2, 3, 4, 5, 6, 7, 8, 9]
Index: []
Clusters Ordened By clusters lenght: 
Empty DataFrame
Columns: [0, 1, 2, 3, 4, 5, 6, 7, 8, 9]
Index: []
Clusters Ordened By clusters lenght: 
Empty DataFrame
Columns: [0, 1, 2, 3, 4, 5, 6, 7, 8, 9]
Index: []
Clusters Ordened By clusters lenght: 
Empty DataFrame
Columns: [0, 1, 2, 3, 4, 5, 6, 7, 8, 9]
Index: []
Clusters Ordened By clusters lenght: 
Empty DataFrame
Columns: [0, 1, 2, 3, 4, 5, 6, 7, 8, 9]
Index: []
Clusters Ordened By clusters lenght: 
Empty DataFrame
Columns: [0, 1, 2, 3, 4, 5, 6, 7, 8, 9]
Index: []
Clusters Ordened By clusters lenght: 
Empty DataFrame
Columns: [0, 1, 2, 3, 4, 5, 6, 7, 8, 9]
Index: []
Clusters Ordened By clusters lenght: 
    0  1  2  3  4  5  6  7                                         8  9
19  C  3  6  *  *  *  *  *  26450f96-f764-4554-a2a2-ddf0d7d2537a-IGK  *
Clusters Ordened By clusters lenght: 
Empty DataFrame
Columns: [0, 1, 2, 3, 4, 5, 6, 7, 8, 9]
Index: []
Clusters Ordened By clusters lenght: 
Empty DataFrame
Columns: [0, 1, 2, 3, 4, 5, 6, 7, 8, 9]
Index: []
Clusters Ordened By clusters lenght: 
Empty DataFrame
Columns: [0, 1, 2, 3, 4, 5, 6, 7, 8, 9]
Index: []
Clusters Ordened By clusters lenght: 
Empty DataFrame
Columns: [0, 1, 2, 3, 4, 5, 6, 7, 8, 9]
Index: []
Clusters Ordened By clusters lenght: 
Empty DataFrame
Columns: [0, 1, 2, 3, 4, 5, 6, 7, 8, 9]
Index: []
Clusters Ordened By clusters lenght: 
Empty DataFrame
Columns: [0, 1, 2, 3, 4, 5, 6, 7, 8, 9]
Index: []
Clusters Ordened By clusters lenght: 
Empty DataFrame
Columns: [0, 1, 2, 3, 4, 5, 6, 7, 8, 9]
Index: []
Clusters Ordened By clusters lenght: 
Empty DataFrame
Columns: [0, 1, 2, 3, 4, 5, 6, 7, 8, 9]
Index: []
Clusters Ordened By clusters lenght: 
Empty DataFrame
Columns: [0, 1, 2, 3, 4, 5, 6, 7, 8, 9]
Index: []
Clusters Ordened By clusters lenght: 
Empty DataFrame
Columns: [0, 1, 2, 3, 4, 5, 6, 7, 8, 9]
Index: []
Clusters Ordened By clusters lenght: 
Empty DataFrame
Columns: [0, 1, 2, 3, 4, 5, 6, 7, 8, 9]
Index: []
Clusters Ordened By clusters lenght: 
Empty DataFrame
Columns: [0, 1, 2, 3, 4, 5, 6, 7, 8, 9]
Index: []
Clusters Ordened By clusters lenght: 
   0  1  2  3  4  5  6  7                                         8  9
8  C  1  5  *  *  *  *  *  367d4972-5d45-4caf-a03a-9c92c57342d5-IGH  *
Clusters Ordened By clusters lenght: 
Empty DataFrame
Columns: [0, 1, 2, 3, 4, 5, 6, 7, 8, 9]
Index: []
Clusters Ordened By clusters lenght: 
Empty DataFrame
Columns: [0, 1, 2, 3, 4, 5, 6, 7, 8, 9]
Index: []
Clusters Ordened By clusters lenght: 
Empty DataFrame
Columns: [0, 1, 2, 3, 4, 5, 6, 7, 8, 9]
Index: []
Clusters Ordened By clusters lenght: 
Empty DataFrame
Columns: [0, 1, 2, 3, 4, 5, 6, 7, 8, 9]
Index: []
Clusters Ordened By clusters lenght: 
Empty DataFrame
Columns: [0, 1, 2, 3, 4, 5, 6, 7, 8, 9]
Index: []
Clusters Ordened By clusters lenght: 
Empty DataFrame
Columns: [0, 1, 2, 3, 4, 5, 6, 7, 8, 9]
Index: []
Clusters Ordened By clusters lenght: 
    0  1  2  3  4  5  6  7                                         8  9
31  C  7  4  *  *  *  *  *  5768be0e-fad5-403b-b953-57be1fcfec01-IGH  *
Clusters Ordened By clusters lenght: 
Empty DataFrame
Columns: [0, 1, 2, 3, 4, 5, 6, 7, 8, 9]
Index: []
Clusters Ordened By clusters lenght: 
Empty DataFrame
Columns: [0, 1, 2, 3, 4, 5, 6, 7, 8, 9]
Index: []
Clusters Ordened By clusters lenght: 
Empty DataFrame
Columns: [0, 1, 2, 3, 4, 5, 6, 7, 8, 9]
Index: []
Clusters Ordened By clusters lenght: 
Empty DataFrame
Columns: [0, 1, 2, 3, 4, 5, 6, 7, 8, 9]
Index: []
Clusters Ordened By clusters lenght: 
Empty DataFrame
Columns: [0, 1, 2, 3, 4, 5, 6, 7, 8, 9]
Index: []
Clusters Ordened By clusters lenght: 
Empty DataFrame
Columns: [0, 1, 2, 3, 4, 5, 6, 7, 8, 9]
Index: []
Clusters Ordened By clusters lenght: 
Empty DataFrame
Columns: [0, 1, 2, 3, 4, 5, 6, 7, 8, 9]
Index: []
Clusters Ordened By clusters lenght: 
Empty DataFrame
Columns: [0, 1, 2, 3, 4, 5, 6, 7, 8, 9]
Index: []
Clusters Ordened By clusters lenght: 
Empty DataFrame
Columns: [0, 1, 2, 3, 4, 5, 6, 7, 8, 9]
Index: []
Clusters Ordened By clusters lenght: 
Empty DataFrame
Columns: [0, 1, 2, 3, 4, 5, 6, 7, 8, 9]
Index: []
Clusters Ordened By clusters lenght: 
Empty DataFrame
Columns: [0, 1, 2, 3, 4, 5, 6, 7, 8, 9]
Index: []
Clusters Ordened By clusters lenght: 
Empty DataFrame
Columns: [0, 1, 2, 3, 4, 5, 6, 7, 8, 9]
Index: []
Clusters Ordened By clusters lenght: 
Empty DataFrame
Columns: [0, 1, 2, 3, 4, 5, 6, 7, 8, 9]
Index: []
Clusters Ordened By clusters lenght: 
Empty DataFrame
Columns: [0, 1, 2, 3, 4, 5, 6, 7, 8, 9]
Index: []
Clusters Ordened By clusters lenght: 
Empty DataFrame
Columns: [0, 1, 2, 3, 4, 5, 6, 7, 8, 9]
Index: []
Clusters Ordened By clusters lenght: 
Empty DataFrame
Columns: [0, 1, 2, 3, 4, 5, 6, 7, 8, 9]
Index: []
Clusters Ordened By clusters lenght: 
Empty DataFrame
Columns: [0, 1, 2, 3, 4, 5, 6, 7, 8, 9]
Index: []
Clusters Ordened By clusters lenght: 
Empty DataFrame
Columns: [0, 1, 2, 3, 4, 5, 6, 7, 8, 9]
Index: []
Clusters Ordened By clusters lenght: 
Empty DataFrame
Columns: [0, 1, 2, 3, 4, 5, 6, 7, 8, 9]
Index: []
Clusters Ordened By clusters lenght: 
Empty DataFrame
Columns: [0, 1, 2, 3, 4, 5, 6, 7, 8, 9]
Index: []
Clusters Ordened By clusters lenght: 
Empty DataFrame
Columns: [0, 1, 2, 3, 4, 5, 6, 7, 8, 9]
Index: []
Clusters Ordened By clusters lenght: 
Empty DataFrame
Columns: [0, 1, 2, 3, 4, 5, 6, 7, 8, 9]
Index: []
Clusters Ordened By clusters lenght: 
Empty DataFrame
Columns: [0, 1, 2, 3, 4, 5, 6, 7, 8, 9]
Index: []
Clusters Ordened By clusters lenght: 
Empty DataFrame
Columns: [0, 1, 2, 3, 4, 5, 6, 7, 8, 9]
Index: []
Clusters Ordened By clusters lenght: 
Empty DataFrame
Columns: [0, 1, 2, 3, 4, 5, 6, 7, 8, 9]
Index: []
Clusters Ordened By clusters lenght: 
Empty DataFrame
Columns: [0, 1, 2, 3, 4, 5, 6, 7, 8, 9]
Index: []
Clusters Ordened By clusters lenght: 
Empty DataFrame
Columns: [0, 1, 2, 3, 4, 5, 6, 7, 8, 9]
Index: []
Clusters Ordened By clusters lenght: 
Empty DataFrame
Columns: [0, 1, 2, 3, 4, 5, 6, 7, 8, 9]
Index: []
Clusters Ordened By clusters lenght: 
Empty DataFrame
Columns: [0, 1, 2, 3, 4, 5, 6, 7, 8, 9]
Index: []
Clusters Ordened By clusters lenght: 
Empty DataFrame
Columns: [0, 1, 2, 3, 4, 5, 6, 7, 8, 9]
Index: []
Clusters Ordened By clusters lenght: 
Empty DataFrame
Columns: [0, 1, 2, 3, 4, 5, 6, 7, 8, 9]
Index: []
Clusters Ordened By clusters lenght: 
Empty DataFrame
Columns: [0, 1, 2, 3, 4, 5, 6, 7, 8, 9]
Index: []
Clusters Ordened By clusters lenght: 
Empty DataFrame
Columns: [0, 1, 2, 3, 4, 5, 6, 7, 8, 9]
Index: []
Clusters Ordened By clusters lenght: 
Empty DataFrame
Columns: [0, 1, 2, 3, 4, 5, 6, 7, 8, 9]
Index: []
Clusters Ordened By clusters lenght: 
    0   1  2  3  4  5  6  7                                         8  9
37  C  16  4  *  *  *  *  *  08b765a8-aa2e-47d3-9cbc-06f778e536cb-IGH  *
Clusters Ordened By clusters lenght: 
     0   1  2  3  4  5  6  7                                         8  9
123  C  55  4  *  *  *  *  *  3fc8b026-834c-4599-bfdd-4651eb87195d-IGH  *
Clusters Ordened By clusters lenght: 
Empty DataFrame
Columns: [0, 1, 2, 3, 4, 5, 6, 7, 8, 9]
Index: []
Clusters Ordened By clusters lenght: 
Empty DataFrame
Columns: [0, 1, 2, 3, 4, 5, 6, 7, 8, 9]
Index: []
Clusters Ordened By clusters lenght: 
Empty DataFrame
Columns: [0, 1, 2, 3, 4, 5, 6, 7, 8, 9]
Index: []
Clusters Ordened By clusters lenght: 
Empty DataFrame
Columns: [0, 1, 2, 3, 4, 5, 6, 7, 8, 9]
Index: []
Clusters Ordened By clusters lenght: 
    0  1  2  3  4  5  6  7                                         8  9
23  C  4  4  *  *  *  *  *  19fb3773-e694-473d-bc17-f686fa7acd08-IGK  *
Clusters Ordened By clusters lenght: 
Empty DataFrame
Columns: [0, 1, 2, 3, 4, 5, 6, 7, 8, 9]
Index: []
Clusters Ordened By clusters lenght: 
Empty DataFrame
Columns: [0, 1, 2, 3, 4, 5, 6, 7, 8, 9]
Index: []
Clusters Ordened By clusters lenght: 
Empty DataFrame
Columns: [0, 1, 2, 3, 4, 5, 6, 7, 8, 9]
Index: []
Clusters Ordened By clusters lenght: 
Empty DataFrame
Columns: [0, 1, 2, 3, 4, 5, 6, 7, 8, 9]
Index: []
Clusters Ordened By clusters lenght: 
Empty DataFrame
Columns: [0, 1, 2, 3, 4, 5, 6, 7, 8, 9]
Index: []
Clusters Ordened By clusters lenght: 
Empty DataFrame
Columns: [0, 1, 2, 3, 4, 5, 6, 7, 8, 9]
Index: []
Clusters Ordened By clusters lenght: 
Empty DataFrame
Columns: [0, 1, 2, 3, 4, 5, 6, 7, 8, 9]
Index: []
Clusters Ordened By clusters lenght: 
   0  1  2  3  4  5  6  7                                         8  9
8  C  0  4  *  *  *  *  *  2a62aa8a-99ea-4834-b82b-a39c436e7452-IGK  *
Clusters Ordened By clusters lenght: 
     0    1  2  3  4  5  6  7                                         8  9
293  C   54  9  *  *  *  *  *  0f7c9eb7-aecb-475e-a8d7-b888d938bdb3-IGK  *
319  C   80  5  *  *  *  *  *  3e3e7d2f-0d8c-402a-98c0-e766d8fe9c32-IGK  *
325  C   86  4  *  *  *  *  *  43d1a7cf-fe47-451a-892c-f38889dd0a86-IGK  *
368  C  129  4  *  *  *  *  *  b9d45815-9bc6-4763-8a26-fa7c945272d4-IGK  *
Clusters Ordened By clusters lenght: 
Empty DataFrame
Columns: [0, 1, 2, 3, 4, 5, 6, 7, 8, 9]
Index: []
Clusters Ordened By clusters lenght: 
Empty DataFrame
Columns: [0, 1, 2, 3, 4, 5, 6, 7, 8, 9]
Index: []
Clusters Ordened By clusters lenght: 
Empty DataFrame
Columns: [0, 1, 2, 3, 4, 5, 6, 7, 8, 9]
Index: []
Clusters Ordened By clusters lenght: 
Empty DataFrame
Columns: [0, 1, 2, 3, 4, 5, 6, 7, 8, 9]
Index: []
Clusters Ordened By clusters lenght: 
Empty DataFrame
Columns: [0, 1, 2, 3, 4, 5, 6, 7, 8, 9]
Index: []
Clusters Ordened By clusters lenght: 
Empty DataFrame
Columns: [0, 1, 2, 3, 4, 5, 6, 7, 8, 9]
Index: []
Clusters Ordened By clusters lenght: 
Empty DataFrame
Columns: [0, 1, 2, 3, 4, 5, 6, 7, 8, 9]
Index: []
Clusters Ordened By clusters lenght: 
Empty DataFrame
Columns: [0, 1, 2, 3, 4, 5, 6, 7, 8, 9]
Index: []
Clusters Ordened By clusters lenght: 
Empty DataFrame
Columns: [0, 1, 2, 3, 4, 5, 6, 7, 8, 9]
Index: []
Clusters Ordened By clusters lenght: 
Empty DataFrame
Columns: [0, 1, 2, 3, 4, 5, 6, 7, 8, 9]
Index: []
Clusters Ordened By clusters lenght: 
Empty DataFrame
Columns: [0, 1, 2, 3, 4, 5, 6, 7, 8, 9]
Index: []
Clusters Ordened By clusters lenght: 
Empty DataFrame
Columns: [0, 1, 2, 3, 4, 5, 6, 7, 8, 9]
Index: []
Clusters Ordened By clusters lenght: 
Empty DataFrame
Columns: [0, 1, 2, 3, 4, 5, 6, 7, 8, 9]
Index: []
Clusters Ordened By clusters lenght: 
Empty DataFrame
Columns: [0, 1, 2, 3, 4, 5, 6, 7, 8, 9]
Index: []
Clusters Ordened By clusters lenght: 
Empty DataFrame
Columns: [0, 1, 2, 3, 4, 5, 6, 7, 8, 9]
Index: []
Clusters Ordened By clusters lenght: 
Empty DataFrame
Columns: [0, 1, 2, 3, 4, 5, 6, 7, 8, 9]
Index: []
Clusters Ordened By clusters lenght: 
Empty DataFrame
Columns: [0, 1, 2, 3, 4, 5, 6, 7, 8, 9]
Index: []
Clusters Ordened By clusters lenght: 
Empty DataFrame
Columns: [0, 1, 2, 3, 4, 5, 6, 7, 8, 9]
Index: []
Clusters Ordened By clusters lenght: 
Empty DataFrame
Columns: [0, 1, 2, 3, 4, 5, 6, 7, 8, 9]
Index: []
Clusters Ordened By clusters lenght: 
Empty DataFrame
Columns: [0, 1, 2, 3, 4, 5, 6, 7, 8, 9]
Index: []
Clusters Ordened By clusters lenght: 
     0   1   2  3  4  5  6  7                                         8  9
136  C  21  15  *  *  *  *  *  072b46df-2c9a-4c64-95e6-e0aec80c21d5-IGK  *
121  C   6   4  *  *  *  *  *  0a7ae362-cbc3-453f-b3ce-2ef0b1766c83-IGK  *
122  C   7   4  *  *  *  *  *  67624bd0-a69b-46a7-b3d3-b99d6c06ec5d-IGK  *
139  C  24   4  *  *  *  *  *  1fbd4a25-c00f-437c-b200-044c0b881dbe-IGK  *
143  C  28   4  *  *  *  *  *  2dd1f8d9-3880-4042-bf7c-302fa830b35b-IGK  *
178  C  63   4  *  *  *  *  *  3bdb8e0c-be3c-401f-bc34-8339fba5806f-IGK  *
Clusters Ordened By clusters lenght: 
Empty DataFrame
Columns: [0, 1, 2, 3, 4, 5, 6, 7, 8, 9]
Index: []
Clusters Ordened By clusters lenght: 
Empty DataFrame
Columns: [0, 1, 2, 3, 4, 5, 6, 7, 8, 9]
Index: []
Clusters Ordened By clusters lenght: 
Empty DataFrame
Columns: [0, 1, 2, 3, 4, 5, 6, 7, 8, 9]
Index: []
Clusters Ordened By clusters lenght: 
Empty DataFrame
Columns: [0, 1, 2, 3, 4, 5, 6, 7, 8, 9]
Index: []
Clusters Ordened By clusters lenght: 
Empty DataFrame
Columns: [0, 1, 2, 3, 4, 5, 6, 7, 8, 9]
Index: []
Clusters Ordened By clusters lenght: 
    0  1  2  3  4  5  6  7                                         8  9
24  C  4  4  *  *  *  *  *  04260601-348e-4d0a-8a57-c5ebeaf39c23-IGH  *
Clusters Ordened By clusters lenght: 
Empty DataFrame
Columns: [0, 1, 2, 3, 4, 5, 6, 7, 8, 9]
Index: []
Clusters Ordened By clusters lenght: 
Empty DataFrame
Columns: [0, 1, 2, 3, 4, 5, 6, 7, 8, 9]
Index: []
Clusters Ordened By clusters lenght: 
Empty DataFrame
Columns: [0, 1, 2, 3, 4, 5, 6, 7, 8, 9]
Index: []
Clusters Ordened By clusters lenght: 
Empty DataFrame
Columns: [0, 1, 2, 3, 4, 5, 6, 7, 8, 9]
Index: []
Clusters Ordened By clusters lenght: 
Empty DataFrame
Columns: [0, 1, 2, 3, 4, 5, 6, 7, 8, 9]
Index: []
Clusters Ordened By clusters lenght: 
Empty DataFrame
Columns: [0, 1, 2, 3, 4, 5, 6, 7, 8, 9]
Index: []
Clusters Ordened By clusters lenght: 
Empty DataFrame
Columns: [0, 1, 2, 3, 4, 5, 6, 7, 8, 9]
Index: []
Clusters Ordened By clusters lenght: 
Empty DataFrame
Columns: [0, 1, 2, 3, 4, 5, 6, 7, 8, 9]
Index: []
Clusters Ordened By clusters lenght: 
Empty DataFrame
Columns: [0, 1, 2, 3, 4, 5, 6, 7, 8, 9]
Index: []
Clusters Ordened By clusters lenght: 
Empty DataFrame
Columns: [0, 1, 2, 3, 4, 5, 6, 7, 8, 9]
Index: []
Clusters Ordened By clusters lenght: 
Empty DataFrame
Columns: [0, 1, 2, 3, 4, 5, 6, 7, 8, 9]
Index: []
Clusters Ordened By clusters lenght: 
Empty DataFrame
Columns: [0, 1, 2, 3, 4, 5, 6, 7, 8, 9]
Index: []
Clusters Ordened By clusters lenght: 
Empty DataFrame
Columns: [0, 1, 2, 3, 4, 5, 6, 7, 8, 9]
Index: []
Clusters Ordened By clusters lenght: 
Empty DataFrame
Columns: [0, 1, 2, 3, 4, 5, 6, 7, 8, 9]
Index: []
Clusters Ordened By clusters lenght: 
Empty DataFrame
Columns: [0, 1, 2, 3, 4, 5, 6, 7, 8, 9]
Index: []
Clusters Ordened By clusters lenght: 
Empty DataFrame
Columns: [0, 1, 2, 3, 4, 5, 6, 7, 8, 9]
Index: []
Clusters Ordened By clusters lenght: 
     0    1  2  3  4  5  6  7                                         8  9
335  C  141  4  *  *  *  *  *  011e45ae-cb2f-488b-ba41-2b41a7d3edda-IGH  *
Clusters Ordened By clusters lenght: 
    0  1  2  3  4  5  6  7                                         8  9
31  C  0  4  *  *  *  *  *  089b667e-eff7-410b-87b6-ce9139f23d1a-IGK  *
Clusters Ordened By clusters lenght: 
Empty DataFrame
Columns: [0, 1, 2, 3, 4, 5, 6, 7, 8, 9]
Index: []
Clusters Ordened By clusters lenght: 
Empty DataFrame
Columns: [0, 1, 2, 3, 4, 5, 6, 7, 8, 9]
Index: []
Clusters Ordened By clusters lenght: 
Empty DataFrame
Columns: [0, 1, 2, 3, 4, 5, 6, 7, 8, 9]
Index: []
Clusters Ordened By clusters lenght: 
Empty DataFrame
Columns: [0, 1, 2, 3, 4, 5, 6, 7, 8, 9]
Index: []
Clusters Ordened By clusters lenght: 
Empty DataFrame
Columns: [0, 1, 2, 3, 4, 5, 6, 7, 8, 9]
Index: []
Clusters Ordened By clusters lenght: 
Empty DataFrame
Columns: [0, 1, 2, 3, 4, 5, 6, 7, 8, 9]
Index: []
Clusters Ordened By clusters lenght: 
Empty DataFrame
Columns: [0, 1, 2, 3, 4, 5, 6, 7, 8, 9]
Index: []
Clusters Ordened By clusters lenght: 
Empty DataFrame
Columns: [0, 1, 2, 3, 4, 5, 6, 7, 8, 9]
Index: []
Clusters Ordened By clusters lenght: 
    0   1   2  3  4  5  6  7                                         8  9
86  C  24  10  *  *  *  *  *  52c4b7de-b3af-4a94-820b-cc90f8ec3feb-IGH  *
68  C   6   6  *  *  *  *  *  69123d6f-11b9-4174-9514-f96ed78aa680-IGH  *
Clusters Ordened By clusters lenght: 
Empty DataFrame
Columns: [0, 1, 2, 3, 4, 5, 6, 7, 8, 9]
Index: []
Clusters Ordened By clusters lenght: 
Empty DataFrame
Columns: [0, 1, 2, 3, 4, 5, 6, 7, 8, 9]
Index: []
Clusters Ordened By clusters lenght: 
    0  1  2  3  4  5  6  7                                         8  9
12  C  2  5  *  *  *  *  *  0c914323-3034-42a1-bbb1-7c29d605e4f1-IGH  *
Clusters Ordened By clusters lenght: 
Empty DataFrame
Columns: [0, 1, 2, 3, 4, 5, 6, 7, 8, 9]
Index: []
Clusters Ordened By clusters lenght: 
Empty DataFrame
Columns: [0, 1, 2, 3, 4, 5, 6, 7, 8, 9]
Index: []
Clusters Ordened By clusters lenght: 
Empty DataFrame
Columns: [0, 1, 2, 3, 4, 5, 6, 7, 8, 9]
Index: []
Clusters Ordened By clusters lenght: 
Empty DataFrame
Columns: [0, 1, 2, 3, 4, 5, 6, 7, 8, 9]
Index: []
Clusters Ordened By clusters lenght: 
Empty DataFrame
Columns: [0, 1, 2, 3, 4, 5, 6, 7, 8, 9]
Index: []
Clusters Ordened By clusters lenght: 
     0   1  2  3  4  5  6  7                                         8  9
288  C  45  5  *  *  *  *  *  603f93e9-e7d1-44b0-8459-6994c79817fb-IGH  *
306  C  63  5  *  *  *  *  *  0e0c44b8-2f55-4167-bf2a-a73e349c4b09-IGH  *
282  C  39  4  *  *  *  *  *  2db0bdb6-ff88-4f7c-9bfe-4924dd8b3888-IGH  *
Clusters Ordened By clusters lenght: 
Empty DataFrame
Columns: [0, 1, 2, 3, 4, 5, 6, 7, 8, 9]
Index: []
Clusters Ordened By clusters lenght: 
Empty DataFrame
Columns: [0, 1, 2, 3, 4, 5, 6, 7, 8, 9]
Index: []
Clusters Ordened By clusters lenght: 
Empty DataFrame
Columns: [0, 1, 2, 3, 4, 5, 6, 7, 8, 9]
Index: []
Clusters Ordened By clusters lenght: 
   0  1  2  3  4  5  6  7                                         8  9
9  C  0  6  *  *  *  *  *  7b96e57a-6399-4a24-95ac-818a5c76b0e6-IGK  *
Clusters Ordened By clusters lenght: 
Empty DataFrame
Columns: [0, 1, 2, 3, 4, 5, 6, 7, 8, 9]
Index: []
Clusters Ordened By clusters lenght: 
Empty DataFrame
Columns: [0, 1, 2, 3, 4, 5, 6, 7, 8, 9]
Index: []
Clusters Ordened By clusters lenght: 
Empty DataFrame
Columns: [0, 1, 2, 3, 4, 5, 6, 7, 8, 9]
Index: []
Clusters Ordened By clusters lenght: 
Empty DataFrame
Columns: [0, 1, 2, 3, 4, 5, 6, 7, 8, 9]
Index: []
Clusters Ordened By clusters lenght: 
Empty DataFrame
Columns: [0, 1, 2, 3, 4, 5, 6, 7, 8, 9]
Index: []
Clusters Ordened By clusters lenght: 
   0  1  2  3  4  5  6  7                                         8  9
9  C  0  5  *  *  *  *  *  75c4a7a7-07f8-4d8d-9c29-b161f38de82d-IGH  *
Clusters Ordened By clusters lenght: 
Empty DataFrame
Columns: [0, 1, 2, 3, 4, 5, 6, 7, 8, 9]
Index: []
Clusters Ordened By clusters lenght: 
Empty DataFrame
Columns: [0, 1, 2, 3, 4, 5, 6, 7, 8, 9]
Index: []
Clusters Ordened By clusters lenght: 
Empty DataFrame
Columns: [0, 1, 2, 3, 4, 5, 6, 7, 8, 9]
Index: []
Clusters Ordened By clusters lenght: 
Empty DataFrame
Columns: [0, 1, 2, 3, 4, 5, 6, 7, 8, 9]
Index: []
Clusters Ordened By clusters lenght: 
Empty DataFrame
Columns: [0, 1, 2, 3, 4, 5, 6, 7, 8, 9]
Index: []
Clusters Ordened By clusters lenght: 
Empty DataFrame
Columns: [0, 1, 2, 3, 4, 5, 6, 7, 8, 9]
Index: []
Clusters Ordened By clusters lenght: 
     0   1   2  3  4  5  6  7                                         8  9
146  C  17  12  *  *  *  *  *  19b2ab51-d2c5-428e-bff1-92434dc3a5c6-IGK  *
138  C   9   9  *  *  *  *  *  17ee7501-e088-4feb-9c20-8b1c8954b187-IGK  *
167  C  38   8  *  *  *  *  *  0cbabc31-c5d9-4ad3-b2c1-433e7e7779d3-IGK  *
133  C   4   7  *  *  *  *  *  18b07ee2-a6a7-4b79-8b6a-4ef81185a03f-IGK  *
144  C  15   4  *  *  *  *  *  9317af2e-3712-43f7-9a10-0247e58ed50d-IGK  *
139  C  10   4  *  *  *  *  *  2f8cdb29-f64c-4985-b7e4-0cddfdd5c4cd-IGK  *
Clusters Ordened By clusters lenght: 
Empty DataFrame
Columns: [0, 1, 2, 3, 4, 5, 6, 7, 8, 9]
Index: []
Clusters Ordened By clusters lenght: 
    0  1  2  3  4  5  6  7                                         8  9
83  C  5  9  *  *  *  *  *  0d2de07d-c7cf-4dcb-a74a-c99a108fc760-IGH  *
Clusters Ordened By clusters lenght: 
Empty DataFrame
Columns: [0, 1, 2, 3, 4, 5, 6, 7, 8, 9]
Index: []
Clusters Ordened By clusters lenght: 
     0   1  2  3  4  5  6  7                                         8  9
142  C  34  5  *  *  *  *  *  22f43669-aa8f-4a63-befb-24d42f5fe0ca-IGK  *
Clusters Ordened By clusters lenght: 
Empty DataFrame
Columns: [0, 1, 2, 3, 4, 5, 6, 7, 8, 9]
Index: []
Clusters Ordened By clusters lenght: 
Empty DataFrame
Columns: [0, 1, 2, 3, 4, 5, 6, 7, 8, 9]
Index: []
Clusters Ordened By clusters lenght: 
Empty DataFrame
Columns: [0, 1, 2, 3, 4, 5, 6, 7, 8, 9]
Index: []
Clusters Ordened By clusters lenght: 
Empty DataFrame
Columns: [0, 1, 2, 3, 4, 5, 6, 7, 8, 9]
Index: []
Clusters Ordened By clusters lenght: 
Empty DataFrame
Columns: [0, 1, 2, 3, 4, 5, 6, 7, 8, 9]
Index: []
Clusters Ordened By clusters lenght: 
   0  1  2  3  4  5  6  7                                         8  9
8  C  0  6  *  *  *  *  *  0332c997-a8c0-40d6-bc8e-e9a63b114431-IGK  *
Clusters Ordened By clusters lenght: 
   0  1  2  3  4  5  6  7                                         8  9
8  C  1  4  *  *  *  *  *  20bf718c-d9d6-4115-9265-5e065fc9de55-IGK  *
Clusters Ordened By clusters lenght: 
Empty DataFrame
Columns: [0, 1, 2, 3, 4, 5, 6, 7, 8, 9]
Index: []
Clusters Ordened By clusters lenght: 
   0  1  2  3  4  5  6  7                                         8  9
5  C  0  4  *  *  *  *  *  929efae3-5ab6-421c-be48-afe60b1fafff-IGK  *
Clusters Ordened By clusters lenght: 
Empty DataFrame
Columns: [0, 1, 2, 3, 4, 5, 6, 7, 8, 9]
Index: []
Clusters Ordened By clusters lenght: 
Empty DataFrame
Columns: [0, 1, 2, 3, 4, 5, 6, 7, 8, 9]
Index: []
Clusters Ordened By clusters lenght: 
Empty DataFrame
Columns: [0, 1, 2, 3, 4, 5, 6, 7, 8, 9]
Index: []
Clusters Ordened By clusters lenght: 
Empty DataFrame
Columns: [0, 1, 2, 3, 4, 5, 6, 7, 8, 9]
Index: []
Clusters Ordened By clusters lenght: 
Empty DataFrame
Columns: [0, 1, 2, 3, 4, 5, 6, 7, 8, 9]
Index: []
Clusters Ordened By clusters lenght: 
Empty DataFrame
Columns: [0, 1, 2, 3, 4, 5, 6, 7, 8, 9]
Index: []
Clusters Ordened By clusters lenght: 
Empty DataFrame
Columns: [0, 1, 2, 3, 4, 5, 6, 7, 8, 9]
Index: []
Clusters Ordened By clusters lenght: 
Empty DataFrame
Columns: [0, 1, 2, 3, 4, 5, 6, 7, 8, 9]
Index: []
Clusters Ordened By clusters lenght: 
Empty DataFrame
Columns: [0, 1, 2, 3, 4, 5, 6, 7, 8, 9]
Index: []
Clusters Ordened By clusters lenght: 
Empty DataFrame
Columns: [0, 1, 2, 3, 4, 5, 6, 7, 8, 9]
Index: []
Clusters Ordened By clusters lenght: 
Empty DataFrame
Columns: [0, 1, 2, 3, 4, 5, 6, 7, 8, 9]
Index: []
Clusters Ordened By clusters lenght: 
Empty DataFrame
Columns: [0, 1, 2, 3, 4, 5, 6, 7, 8, 9]
Index: []
Clusters Ordened By clusters lenght: 
Empty DataFrame
Columns: [0, 1, 2, 3, 4, 5, 6, 7, 8, 9]
Index: []
Clusters Ordened By clusters lenght: 
Empty DataFrame
Columns: [0, 1, 2, 3, 4, 5, 6, 7, 8, 9]
Index: []
Clusters Ordened By clusters lenght: 
Empty DataFrame
Columns: [0, 1, 2, 3, 4, 5, 6, 7, 8, 9]
Index: []
Clusters Ordened By clusters lenght: 
     0   1  2  3  4  5  6  7                                         8  9
214  C  74  4  *  *  *  *  *  25341b7f-f057-4aa8-97d9-9eb8a1549567-IGH  *
Clusters Ordened By clusters lenght: 
Empty DataFrame
Columns: [0, 1, 2, 3, 4, 5, 6, 7, 8, 9]
Index: []
Clusters Ordened By clusters lenght: 
Empty DataFrame
Columns: [0, 1, 2, 3, 4, 5, 6, 7, 8, 9]
Index: []
Clusters Ordened By clusters lenght: 
Empty DataFrame
Columns: [0, 1, 2, 3, 4, 5, 6, 7, 8, 9]
Index: []
Clusters Ordened By clusters lenght: 
Empty DataFrame
Columns: [0, 1, 2, 3, 4, 5, 6, 7, 8, 9]
Index: []
Clusters Ordened By clusters lenght: 
Empty DataFrame
Columns: [0, 1, 2, 3, 4, 5, 6, 7, 8, 9]
Index: []
Clusters Ordened By clusters lenght: 
Empty DataFrame
Columns: [0, 1, 2, 3, 4, 5, 6, 7, 8, 9]
Index: []
Clusters Ordened By clusters lenght: 
Empty DataFrame
Columns: [0, 1, 2, 3, 4, 5, 6, 7, 8, 9]
Index: []
Clusters Ordened By clusters lenght: 
Empty DataFrame
Columns: [0, 1, 2, 3, 4, 5, 6, 7, 8, 9]
Index: []
Clusters Ordened By clusters lenght: 
Empty DataFrame
Columns: [0, 1, 2, 3, 4, 5, 6, 7, 8, 9]
Index: []
Clusters Ordened By clusters lenght: 
Empty DataFrame
Columns: [0, 1, 2, 3, 4, 5, 6, 7, 8, 9]
Index: []
Clusters Ordened By clusters lenght: 
Empty DataFrame
Columns: [0, 1, 2, 3, 4, 5, 6, 7, 8, 9]
Index: []
Clusters Ordened By clusters lenght: 
Empty DataFrame
Columns: [0, 1, 2, 3, 4, 5, 6, 7, 8, 9]
Index: []
Clusters Ordened By clusters lenght: 
Empty DataFrame
Columns: [0, 1, 2, 3, 4, 5, 6, 7, 8, 9]
Index: []
Clusters Ordened By clusters lenght: 
Empty DataFrame
Columns: [0, 1, 2, 3, 4, 5, 6, 7, 8, 9]
Index: []
Clusters Ordened By clusters lenght: 
Empty DataFrame
Columns: [0, 1, 2, 3, 4, 5, 6, 7, 8, 9]
Index: []
Clusters Ordened By clusters lenght: 
Empty DataFrame
Columns: [0, 1, 2, 3, 4, 5, 6, 7, 8, 9]
Index: []
Clusters Ordened By clusters lenght: 
Empty DataFrame
Columns: [0, 1, 2, 3, 4, 5, 6, 7, 8, 9]
Index: []
Clusters Ordened By clusters lenght: 
Empty DataFrame
Columns: [0, 1, 2, 3, 4, 5, 6, 7, 8, 9]
Index: []
Clusters Ordened By clusters lenght: 
Empty DataFrame
Columns: [0, 1, 2, 3, 4, 5, 6, 7, 8, 9]
Index: []
Clusters Ordened By clusters lenght: 
Empty DataFrame
Columns: [0, 1, 2, 3, 4, 5, 6, 7, 8, 9]
Index: []
Clusters Ordened By clusters lenght: 
Empty DataFrame
Columns: [0, 1, 2, 3, 4, 5, 6, 7, 8, 9]
Index: []
Clusters Ordened By clusters lenght: 
Empty DataFrame
Columns: [0, 1, 2, 3, 4, 5, 6, 7, 8, 9]
Index: []
Clusters Ordened By clusters lenght: 
Empty DataFrame
Columns: [0, 1, 2, 3, 4, 5, 6, 7, 8, 9]
Index: []
Clusters Ordened By clusters lenght: 
Empty DataFrame
Columns: [0, 1, 2, 3, 4, 5, 6, 7, 8, 9]
Index: []
Clusters Ordened By clusters lenght: 
Empty DataFrame
Columns: [0, 1, 2, 3, 4, 5, 6, 7, 8, 9]
Index: []
Clusters Ordened By clusters lenght: 
Empty DataFrame
Columns: [0, 1, 2, 3, 4, 5, 6, 7, 8, 9]
Index: []
Clusters Ordened By clusters lenght: 
Empty DataFrame
Columns: [0, 1, 2, 3, 4, 5, 6, 7, 8, 9]
Index: []
Clusters Ordened By clusters lenght: 
Empty DataFrame
Columns: [0, 1, 2, 3, 4, 5, 6, 7, 8, 9]
Index: []
Clusters Ordened By clusters lenght: 
Empty DataFrame
Columns: [0, 1, 2, 3, 4, 5, 6, 7, 8, 9]
Index: []
Clusters Ordened By clusters lenght: 
Empty DataFrame
Columns: [0, 1, 2, 3, 4, 5, 6, 7, 8, 9]
Index: []
Clusters Ordened By clusters lenght: 
Empty DataFrame
Columns: [0, 1, 2, 3, 4, 5, 6, 7, 8, 9]
Index: []
Clusters Ordened By clusters lenght: 
Empty DataFrame
Columns: [0, 1, 2, 3, 4, 5, 6, 7, 8, 9]
Index: []
Clusters Ordened By clusters lenght: 
Empty DataFrame
Columns: [0, 1, 2, 3, 4, 5, 6, 7, 8, 9]
Index: []
Clusters Ordened By clusters lenght: 
    0  1   2  3  4  5  6  7                                         8  9
11  C  0  11  *  *  *  *  *  06631cf1-db3a-4a5d-abde-b017c5d78755-IGK  *
Clusters Ordened By clusters lenght: 
Empty DataFrame
Columns: [0, 1, 2, 3, 4, 5, 6, 7, 8, 9]
Index: []
Clusters Ordened By clusters lenght: 
     0   1   2  3  4  5  6  7                                         8  9
269  C  48  19  *  *  *  *  *  a580630b-bd6a-443c-9fbf-374db43fad3e-IGK  *
272  C  51  12  *  *  *  *  *  ec1823b5-add0-4b4e-8fc6-e3d82207a403-IGK  *
258  C  37   9  *  *  *  *  *  1d3a9ab7-57b2-45a5-a739-05e61ffa7d81-IGK  *
255  C  34   9  *  *  *  *  *  13704ce9-1e45-4472-824c-ef789261b78d-IGK  *
228  C   7   8  *  *  *  *  *  076a0ac4-723e-47c1-a556-53481a802787-IGK  *
227  C   6   6  *  *  *  *  *  07521b05-78cb-4513-8d31-a0d83827b87a-IGK  *
241  C  20   6  *  *  *  *  *  a01e6800-cc5f-4742-82f8-61fa012db13e-IGK  *
231  C  10   6  *  *  *  *  *  499d8fbe-5b1a-472c-8937-c158344c0174-IGK  *
229  C   8   6  *  *  *  *  *  2ee09c3c-ff22-4455-821c-a9393e3ae1f9-IGK  *
232  C  11   5  *  *  *  *  *  4f028778-6d10-4a21-aab7-eb54f8319492-IGK  *
285  C  64   5  *  *  *  *  *  74e456cb-4dbb-4463-806b-63f7920a3a9c-IGK  *
279  C  58   5  *  *  *  *  *  3e82d73b-e472-4bba-91f3-c40a90ceafa7-IGK  *
265  C  44   5  *  *  *  *  *  78f3423c-bce1-4575-93c6-12d60c9e8b0f-IGK  *
257  C  36   4  *  *  *  *  *  18e77faf-9b9b-48e8-af94-a4c16e3b63ff-IGK  *
263  C  42   4  *  *  *  *  *  70960ec5-5beb-4394-b6f0-dba8867dc71a-IGK  *
275  C  54   4  *  *  *  *  *  09b87c79-4c00-4021-8e4a-8aa30681fe55-IGK  *
301  C  80   4  *  *  *  *  *  03f5a1bf-8c3f-4f88-ac78-fd49cd6644be-IGK  *
306  C  85   4  *  *  *  *  *  533b2704-6156-4c88-b43b-cead3dcefd91-IGK  *
Clusters Ordened By clusters lenght: 
Empty DataFrame
Columns: [0, 1, 2, 3, 4, 5, 6, 7, 8, 9]
Index: []
Clusters Ordened By clusters lenght: 
Empty DataFrame
Columns: [0, 1, 2, 3, 4, 5, 6, 7, 8, 9]
Index: []
Clusters Ordened By clusters lenght: 
Empty DataFrame
Columns: [0, 1, 2, 3, 4, 5, 6, 7, 8, 9]
Index: []
Clusters Ordened By clusters lenght: 
Empty DataFrame
Columns: [0, 1, 2, 3, 4, 5, 6, 7, 8, 9]
Index: []
Clusters Ordened By clusters lenght: 
Empty DataFrame
Columns: [0, 1, 2, 3, 4, 5, 6, 7, 8, 9]
Index: []
Clusters Ordened By clusters lenght: 
    0  1   2  3  4  5  6  7                                         8  9
38  C  2  15  *  *  *  *  *  22a6dc0b-238a-4da9-88a6-f769b2017941-IGK  *
44  C  8   5  *  *  *  *  *  2e3bed3d-617a-439c-9836-ea418ec291fd-IGK  *
Clusters Ordened By clusters lenght: 
     0    1  2  3  4  5  6  7                                         8  9
258  C   46  6  *  *  *  *  *  08f6f3c4-62eb-44c7-b8bd-ff59e462f164-IGK  *
268  C   56  5  *  *  *  *  *  2ba98dcb-f6fe-4b54-9ff0-31fe7ba8788f-IGK  *
266  C   54  4  *  *  *  *  *  237160a6-c513-4d2e-af55-727118860413-IGK  *
279  C   67  4  *  *  *  *  *  4362b71a-2e03-4b73-b83b-c8869f1203e8-IGK  *
313  C  101  4  *  *  *  *  *  9e28d5ad-3643-4298-9f23-9a167536969e-IGK  *
Clusters Ordened By clusters lenght: 
Empty DataFrame
Columns: [0, 1, 2, 3, 4, 5, 6, 7, 8, 9]
Index: []
Clusters Ordened By clusters lenght: 
Empty DataFrame
Columns: [0, 1, 2, 3, 4, 5, 6, 7, 8, 9]
Index: []
Clusters Ordened By clusters lenght: 
Empty DataFrame
Columns: [0, 1, 2, 3, 4, 5, 6, 7, 8, 9]
Index: []
Clusters Ordened By clusters lenght: 
Empty DataFrame
Columns: [0, 1, 2, 3, 4, 5, 6, 7, 8, 9]
Index: []
Clusters Ordened By clusters lenght: 
Empty DataFrame
Columns: [0, 1, 2, 3, 4, 5, 6, 7, 8, 9]
Index: []
Clusters Ordened By clusters lenght: 
Empty DataFrame
Columns: [0, 1, 2, 3, 4, 5, 6, 7, 8, 9]
Index: []
Clusters Ordened By clusters lenght: 
Empty DataFrame
Columns: [0, 1, 2, 3, 4, 5, 6, 7, 8, 9]
Index: []
Clusters Ordened By clusters lenght: 
Empty DataFrame
Columns: [0, 1, 2, 3, 4, 5, 6, 7, 8, 9]
Index: []
Clusters Ordened By clusters lenght: 
Empty DataFrame
Columns: [0, 1, 2, 3, 4, 5, 6, 7, 8, 9]
Index: []
Clusters Ordened By clusters lenght: 
Empty DataFrame
Columns: [0, 1, 2, 3, 4, 5, 6, 7, 8, 9]
Index: []
Clusters Ordened By clusters lenght: 
Empty DataFrame
Columns: [0, 1, 2, 3, 4, 5, 6, 7, 8, 9]
Index: []
Clusters Ordened By clusters lenght: 
Empty DataFrame
Columns: [0, 1, 2, 3, 4, 5, 6, 7, 8, 9]
Index: []
Clusters Ordened By clusters lenght: 
Empty DataFrame
Columns: [0, 1, 2, 3, 4, 5, 6, 7, 8, 9]
Index: []
Clusters Ordened By clusters lenght: 
    0   1  2  3  4  5  6  7                                         8  9
61  C   1  6  *  *  *  *  *  4fa24330-898b-43a8-982f-147fc6e637fc-IGK  *
68  C   8  6  *  *  *  *  *  d3797e87-1025-4bd1-be61-879eaf511a43-IGK  *
66  C   6  5  *  *  *  *  *  21b53da8-fc44-45a1-8801-6f26aa97f02f-IGK  *
75  C  15  5  *  *  *  *  *  645535e0-eab1-40c0-add2-10c73f3e9958-IGK  *
90  C  30  5  *  *  *  *  *  63fa9353-b72e-43f9-8115-e6da0b7df6f0-IGK  *
Clusters Ordened By clusters lenght: 
Empty DataFrame
Columns: [0, 1, 2, 3, 4, 5, 6, 7, 8, 9]
Index: []
Clusters Ordened By clusters lenght: 
Empty DataFrame
Columns: [0, 1, 2, 3, 4, 5, 6, 7, 8, 9]
Index: []
Clusters Ordened By clusters lenght: 
Empty DataFrame
Columns: [0, 1, 2, 3, 4, 5, 6, 7, 8, 9]
Index: []
Clusters Ordened By clusters lenght: 
Empty DataFrame
Columns: [0, 1, 2, 3, 4, 5, 6, 7, 8, 9]
Index: []
Clusters Ordened By clusters lenght: 
   0  1  2  3  4  5  6  7                                         8  9
5  C  0  5  *  *  *  *  *  33ead7a7-aa3a-46b7-a2d7-95a9ad2dd181-IGH  *
Clusters Ordened By clusters lenght: 
Empty DataFrame
Columns: [0, 1, 2, 3, 4, 5, 6, 7, 8, 9]
Index: []
Clusters Ordened By clusters lenght: 
Empty DataFrame
Columns: [0, 1, 2, 3, 4, 5, 6, 7, 8, 9]
Index: []
Clusters Ordened By clusters lenght: 
Empty DataFrame
Columns: [0, 1, 2, 3, 4, 5, 6, 7, 8, 9]
Index: []
Clusters Ordened By clusters lenght: 
Empty DataFrame
Columns: [0, 1, 2, 3, 4, 5, 6, 7, 8, 9]
Index: []
Clusters Ordened By clusters lenght: 
Empty DataFrame
Columns: [0, 1, 2, 3, 4, 5, 6, 7, 8, 9]
Index: []
Clusters Ordened By clusters lenght: 
Empty DataFrame
Columns: [0, 1, 2, 3, 4, 5, 6, 7, 8, 9]
Index: []
Clusters Ordened By clusters lenght: 
Empty DataFrame
Columns: [0, 1, 2, 3, 4, 5, 6, 7, 8, 9]
Index: []
Clusters Ordened By clusters lenght: 
Empty DataFrame
Columns: [0, 1, 2, 3, 4, 5, 6, 7, 8, 9]
Index: []
Clusters Ordened By clusters lenght: 
Empty DataFrame
Columns: [0, 1, 2, 3, 4, 5, 6, 7, 8, 9]
Index: []
Clusters Ordened By clusters lenght: 
Empty DataFrame
Columns: [0, 1, 2, 3, 4, 5, 6, 7, 8, 9]
Index: []
Clusters Ordened By clusters lenght: 
Empty DataFrame
Columns: [0, 1, 2, 3, 4, 5, 6, 7, 8, 9]
Index: []
Clusters Ordened By clusters lenght: 
Empty DataFrame
Columns: [0, 1, 2, 3, 4, 5, 6, 7, 8, 9]
Index: []
Clusters Ordened By clusters lenght: 
Empty DataFrame
Columns: [0, 1, 2, 3, 4, 5, 6, 7, 8, 9]
Index: []
Clusters Ordened By clusters lenght: 
Empty DataFrame
Columns: [0, 1, 2, 3, 4, 5, 6, 7, 8, 9]
Index: []
Clusters Ordened By clusters lenght: 
Empty DataFrame
Columns: [0, 1, 2, 3, 4, 5, 6, 7, 8, 9]
Index: []
Clusters Ordened By clusters lenght: 
Empty DataFrame
Columns: [0, 1, 2, 3, 4, 5, 6, 7, 8, 9]
Index: []
Clusters Ordened By clusters lenght: 
Empty DataFrame
Columns: [0, 1, 2, 3, 4, 5, 6, 7, 8, 9]
Index: []
Clusters Ordened By clusters lenght: 
   0  1  2  3  4  5  6  7                                         8  9
8  C  2  4  *  *  *  *  *  1f1ffebf-e278-4088-801d-c38550029948-IGK  *
Clusters Ordened By clusters lenght: 
Empty DataFrame
Columns: [0, 1, 2, 3, 4, 5, 6, 7, 8, 9]
Index: []
Clusters Ordened By clusters lenght: 
Empty DataFrame
Columns: [0, 1, 2, 3, 4, 5, 6, 7, 8, 9]
Index: []
Clusters Ordened By clusters lenght: 
Empty DataFrame
Columns: [0, 1, 2, 3, 4, 5, 6, 7, 8, 9]
Index: []
Clusters Ordened By clusters lenght: 
Empty DataFrame
Columns: [0, 1, 2, 3, 4, 5, 6, 7, 8, 9]
Index: []
Clusters Ordened By clusters lenght: 
Empty DataFrame
Columns: [0, 1, 2, 3, 4, 5, 6, 7, 8, 9]
Index: []
Clusters Ordened By clusters lenght: 
Empty DataFrame
Columns: [0, 1, 2, 3, 4, 5, 6, 7, 8, 9]
Index: []
Clusters Ordened By clusters lenght: 
Empty DataFrame
Columns: [0, 1, 2, 3, 4, 5, 6, 7, 8, 9]
Index: []
Clusters Ordened By clusters lenght: 
Empty DataFrame
Columns: [0, 1, 2, 3, 4, 5, 6, 7, 8, 9]
Index: []
Clusters Ordened By clusters lenght: 
Empty DataFrame
Columns: [0, 1, 2, 3, 4, 5, 6, 7, 8, 9]
Index: []
Clusters Ordened By clusters lenght: 
Empty DataFrame
Columns: [0, 1, 2, 3, 4, 5, 6, 7, 8, 9]
Index: []
Clusters Ordened By clusters lenght: 
Empty DataFrame
Columns: [0, 1, 2, 3, 4, 5, 6, 7, 8, 9]
Index: []
Clusters Ordened By clusters lenght: 
Empty DataFrame
Columns: [0, 1, 2, 3, 4, 5, 6, 7, 8, 9]
Index: []
Clusters Ordened By clusters lenght: 
Empty DataFrame
Columns: [0, 1, 2, 3, 4, 5, 6, 7, 8, 9]
Index: []
Clusters Ordened By clusters lenght: 
     0   1  2  3  4  5  6  7                                         8  9
103  C   8  7  *  *  *  *  *  140d318e-0655-4496-82f1-a2a1f542cf21-IGK  *
128  C  33  7  *  *  *  *  *  5dfec951-b568-4d73-99b0-b9b46a28f630-IGK  *
105  C  10  4  *  *  *  *  *  50a3ce5c-2ca0-43fe-b0ca-75479d6db516-IGK  *
110  C  15  4  *  *  *  *  *  093ac449-cb76-4428-9ea6-e223bc3dfa62-IGK  *
Clusters Ordened By clusters lenght: 
Empty DataFrame
Columns: [0, 1, 2, 3, 4, 5, 6, 7, 8, 9]
Index: []
Clusters Ordened By clusters lenght: 
Empty DataFrame
Columns: [0, 1, 2, 3, 4, 5, 6, 7, 8, 9]
Index: []
Clusters Ordened By clusters lenght: 
Empty DataFrame
Columns: [0, 1, 2, 3, 4, 5, 6, 7, 8, 9]
Index: []
Clusters Ordened By clusters lenght: 
Empty DataFrame
Columns: [0, 1, 2, 3, 4, 5, 6, 7, 8, 9]
Index: []
Clusters Ordened By clusters lenght: 
Empty DataFrame
Columns: [0, 1, 2, 3, 4, 5, 6, 7, 8, 9]
Index: []
Clusters Ordened By clusters lenght: 
Empty DataFrame
Columns: [0, 1, 2, 3, 4, 5, 6, 7, 8, 9]
Index: []
Clusters Ordened By clusters lenght: 
Empty DataFrame
Columns: [0, 1, 2, 3, 4, 5, 6, 7, 8, 9]
Index: []
Clusters Ordened By clusters lenght: 
Empty DataFrame
Columns: [0, 1, 2, 3, 4, 5, 6, 7, 8, 9]
Index: []
Clusters Ordened By clusters lenght: 
Empty DataFrame
Columns: [0, 1, 2, 3, 4, 5, 6, 7, 8, 9]
Index: []
Clusters Ordened By clusters lenght: 
Empty DataFrame
Columns: [0, 1, 2, 3, 4, 5, 6, 7, 8, 9]
Index: []
Clusters Ordened By clusters lenght: 
Empty DataFrame
Columns: [0, 1, 2, 3, 4, 5, 6, 7, 8, 9]
Index: []
Clusters Ordened By clusters lenght: 
Empty DataFrame
Columns: [0, 1, 2, 3, 4, 5, 6, 7, 8, 9]
Index: []
Clusters Ordened By clusters lenght: 
Empty DataFrame
Columns: [0, 1, 2, 3, 4, 5, 6, 7, 8, 9]
Index: []
Clusters Ordened By clusters lenght: 
Empty DataFrame
Columns: [0, 1, 2, 3, 4, 5, 6, 7, 8, 9]
Index: []
Clusters Ordened By clusters lenght: 
Empty DataFrame
Columns: [0, 1, 2, 3, 4, 5, 6, 7, 8, 9]
Index: []
Clusters Ordened By clusters lenght: 
Empty DataFrame
Columns: [0, 1, 2, 3, 4, 5, 6, 7, 8, 9]
Index: []
Clusters Ordened By clusters lenght: 
Empty DataFrame
Columns: [0, 1, 2, 3, 4, 5, 6, 7, 8, 9]
Index: []
Clusters Ordened By clusters lenght: 
Empty DataFrame
Columns: [0, 1, 2, 3, 4, 5, 6, 7, 8, 9]
Index: []
Clusters Ordened By clusters lenght: 
Empty DataFrame
Columns: [0, 1, 2, 3, 4, 5, 6, 7, 8, 9]
Index: []
Clusters Ordened By clusters lenght: 
Empty DataFrame
Columns: [0, 1, 2, 3, 4, 5, 6, 7, 8, 9]
Index: []
Clusters Ordened By clusters lenght: 
Empty DataFrame
Columns: [0, 1, 2, 3, 4, 5, 6, 7, 8, 9]
Index: []
Clusters Ordened By clusters lenght: 
Empty DataFrame
Columns: [0, 1, 2, 3, 4, 5, 6, 7, 8, 9]
Index: []
Clusters Ordened By clusters lenght: 
Empty DataFrame
Columns: [0, 1, 2, 3, 4, 5, 6, 7, 8, 9]
Index: []
Clusters Ordened By clusters lenght: 
Empty DataFrame
Columns: [0, 1, 2, 3, 4, 5, 6, 7, 8, 9]
Index: []
Clusters Ordened By clusters lenght: 
Empty DataFrame
Columns: [0, 1, 2, 3, 4, 5, 6, 7, 8, 9]
Index: []
Clusters Ordened By clusters lenght: 
Empty DataFrame
Columns: [0, 1, 2, 3, 4, 5, 6, 7, 8, 9]
Index: []
Clusters Ordened By clusters lenght: 
Empty DataFrame
Columns: [0, 1, 2, 3, 4, 5, 6, 7, 8, 9]
Index: []
Clusters Ordened By clusters lenght: 
Empty DataFrame
Columns: [0, 1, 2, 3, 4, 5, 6, 7, 8, 9]
Index: []
Clusters Ordened By clusters lenght: 
Empty DataFrame
Columns: [0, 1, 2, 3, 4, 5, 6, 7, 8, 9]
Index: []
Clusters Ordened By clusters lenght: 
Empty DataFrame
Columns: [0, 1, 2, 3, 4, 5, 6, 7, 8, 9]
Index: []
Clusters Ordened By clusters lenght: 
Empty DataFrame
Columns: [0, 1, 2, 3, 4, 5, 6, 7, 8, 9]
Index: []
Clusters Ordened By clusters lenght: 
Empty DataFrame
Columns: [0, 1, 2, 3, 4, 5, 6, 7, 8, 9]
Index: []
Clusters Ordened By clusters lenght: 
Empty DataFrame
Columns: [0, 1, 2, 3, 4, 5, 6, 7, 8, 9]
Index: []
Clusters Ordened By clusters lenght: 
    0   1  2  3  4  5  6  7                                         8  9
81  C  12  6  *  *  *  *  *  1ab93a9b-88e2-42dc-b6b3-9f30779a68ca-IGK  *
Clusters Ordened By clusters lenght: 
Empty DataFrame
Columns: [0, 1, 2, 3, 4, 5, 6, 7, 8, 9]
Index: []
Clusters Ordened By clusters lenght: 
Empty DataFrame
Columns: [0, 1, 2, 3, 4, 5, 6, 7, 8, 9]
Index: []
Clusters Ordened By clusters lenght: 
Empty DataFrame
Columns: [0, 1, 2, 3, 4, 5, 6, 7, 8, 9]
Index: []
Clusters Ordened By clusters lenght: 
Empty DataFrame
Columns: [0, 1, 2, 3, 4, 5, 6, 7, 8, 9]
Index: []
Clusters Ordened By clusters lenght: 
Empty DataFrame
Columns: [0, 1, 2, 3, 4, 5, 6, 7, 8, 9]
Index: []
Clusters Ordened By clusters lenght: 
Empty DataFrame
Columns: [0, 1, 2, 3, 4, 5, 6, 7, 8, 9]
Index: []
Clusters Ordened By clusters lenght: 
    0  1   2  3  4  5  6  7                                         8  9
40  C  3  11  *  *  *  *  *  00ac77ac-c6f5-44b2-b05f-8c381d7effb2-IGK  *
38  C  1   6  *  *  *  *  *  0ab53807-2272-4bdc-8c5f-68a29e7987f7-IGK  *
Clusters Ordened By clusters lenght: 
Empty DataFrame
Columns: [0, 1, 2, 3, 4, 5, 6, 7, 8, 9]
Index: []
Clusters Ordened By clusters lenght: 
Empty DataFrame
Columns: [0, 1, 2, 3, 4, 5, 6, 7, 8, 9]
Index: []
Clusters Ordened By clusters lenght: 
    0   1  2  3  4  5  6  7                                         8  9
55  C  10  9  *  *  *  *  *  1f7e693b-82a1-4062-8da0-03711edeed0a-IGK  *
52  C   7  7  *  *  *  *  *  8fdcc7fa-e872-4b8c-ba29-f75afe11c08b-IGK  *
Clusters Ordened By clusters lenght: 
Empty DataFrame
Columns: [0, 1, 2, 3, 4, 5, 6, 7, 8, 9]
Index: []
Clusters Ordened By clusters lenght: 
Empty DataFrame
Columns: [0, 1, 2, 3, 4, 5, 6, 7, 8, 9]
Index: []
Clusters Ordened By clusters lenght: 
Empty DataFrame
Columns: [0, 1, 2, 3, 4, 5, 6, 7, 8, 9]
Index: []
Clusters Ordened By clusters lenght: 
Empty DataFrame
Columns: [0, 1, 2, 3, 4, 5, 6, 7, 8, 9]
Index: []
Clusters Ordened By clusters lenght: 
Empty DataFrame
Columns: [0, 1, 2, 3, 4, 5, 6, 7, 8, 9]
Index: []
Clusters Ordened By clusters lenght: 
Empty DataFrame
Columns: [0, 1, 2, 3, 4, 5, 6, 7, 8, 9]
Index: []
Clusters Ordened By clusters lenght: 
Empty DataFrame
Columns: [0, 1, 2, 3, 4, 5, 6, 7, 8, 9]
Index: []
Clusters Ordened By clusters lenght: 
Empty DataFrame
Columns: [0, 1, 2, 3, 4, 5, 6, 7, 8, 9]
Index: []
Clusters Ordened By clusters lenght: 
Empty DataFrame
Columns: [0, 1, 2, 3, 4, 5, 6, 7, 8, 9]
Index: []
Clusters Ordened By clusters lenght: 
Empty DataFrame
Columns: [0, 1, 2, 3, 4, 5, 6, 7, 8, 9]
Index: []
Clusters Ordened By clusters lenght: 
Empty DataFrame
Columns: [0, 1, 2, 3, 4, 5, 6, 7, 8, 9]
Index: []
Clusters Ordened By clusters lenght: 
Empty DataFrame
Columns: [0, 1, 2, 3, 4, 5, 6, 7, 8, 9]
Index: []
Clusters Ordened By clusters lenght: 
Empty DataFrame
Columns: [0, 1, 2, 3, 4, 5, 6, 7, 8, 9]
Index: []
Clusters Ordened By clusters lenght: 
Empty DataFrame
Columns: [0, 1, 2, 3, 4, 5, 6, 7, 8, 9]
Index: []
Clusters Ordened By clusters lenght: 
Empty DataFrame
Columns: [0, 1, 2, 3, 4, 5, 6, 7, 8, 9]
Index: []
Clusters Ordened By clusters lenght: 
Empty DataFrame
Columns: [0, 1, 2, 3, 4, 5, 6, 7, 8, 9]
Index: []
Clusters Ordened By clusters lenght: 
Empty DataFrame
Columns: [0, 1, 2, 3, 4, 5, 6, 7, 8, 9]
Index: []
Clusters Ordened By clusters lenght: 
Empty DataFrame
Columns: [0, 1, 2, 3, 4, 5, 6, 7, 8, 9]
Index: []
Clusters Ordened By clusters lenght: 
Empty DataFrame
Columns: [0, 1, 2, 3, 4, 5, 6, 7, 8, 9]
Index: []
Clusters Ordened By clusters lenght: 
Empty DataFrame
Columns: [0, 1, 2, 3, 4, 5, 6, 7, 8, 9]
Index: []
Clusters Ordened By clusters lenght: 
Empty DataFrame
Columns: [0, 1, 2, 3, 4, 5, 6, 7, 8, 9]
Index: []
Clusters Ordened By clusters lenght: 
Empty DataFrame
Columns: [0, 1, 2, 3, 4, 5, 6, 7, 8, 9]
Index: []
Clusters Ordened By clusters lenght: 
     0   1   2  3  4  5  6  7                                         8  9
193  C  41  11  *  *  *  *  *  e2394516-cfbc-4f13-ae57-b9596b81fab4-IGK  *
189  C  37   5  *  *  *  *  *  3f8e5c7d-8770-4784-8983-f9a88c5ee069-IGK  *
157  C   5   4  *  *  *  *  *  66254524-0c4f-4c1d-88bd-b2093fd0e0e3-IGK  *
172  C  20   4  *  *  *  *  *  77577c5f-63e6-47f1-be5b-bb2a53a1561b-IGK  *
197  C  45   4  *  *  *  *  *  0dda19c1-2c72-41bc-ad3d-c846f5917aa5-IGK  *
Clusters Ordened By clusters lenght: 
Empty DataFrame
Columns: [0, 1, 2, 3, 4, 5, 6, 7, 8, 9]
Index: []
Clusters Ordened By clusters lenght: 
Empty DataFrame
Columns: [0, 1, 2, 3, 4, 5, 6, 7, 8, 9]
Index: []
Clusters Ordened By clusters lenght: 
Empty DataFrame
Columns: [0, 1, 2, 3, 4, 5, 6, 7, 8, 9]
Index: []
Clusters Ordened By clusters lenght: 
     0   1  2  3  4  5  6  7                                         8  9
223  C  34  7  *  *  *  *  *  32ad4a03-bf0b-434e-ad8c-d5cce3a6a9ae-IGK  *
254  C  65  6  *  *  *  *  *  776d31a5-43e6-43a4-a668-eb5fb6fd6241-IGK  *
214  C  25  6  *  *  *  *  *  1822a7b3-df17-4eaa-894d-2e2495300ba5-IGK  *
210  C  21  4  *  *  *  *  *  15f6a946-0faa-47c8-91e2-d96fbe3c9aad-IGK  *
266  C  77  4  *  *  *  *  *  8a813731-0279-431f-93ae-5755eaa1b95b-IGK  *
Clusters Ordened By clusters lenght: 
Empty DataFrame
Columns: [0, 1, 2, 3, 4, 5, 6, 7, 8, 9]
Index: []
Clusters Ordened By clusters lenght: 
Empty DataFrame
Columns: [0, 1, 2, 3, 4, 5, 6, 7, 8, 9]
Index: []
Clusters Ordened By clusters lenght: 
Empty DataFrame
Columns: [0, 1, 2, 3, 4, 5, 6, 7, 8, 9]
Index: []
Clusters Ordened By clusters lenght: 
    0  1  2  3  4  5  6  7                                         8  9
24  C  5  4  *  *  *  *  *  24b514f6-6e1d-4c71-b960-9213548360f9-IGK  *
Clusters Ordened By clusters lenght: 
Empty DataFrame
Columns: [0, 1, 2, 3, 4, 5, 6, 7, 8, 9]
Index: []
Clusters Ordened By clusters lenght: 
Empty DataFrame
Columns: [0, 1, 2, 3, 4, 5, 6, 7, 8, 9]
Index: []
Clusters Ordened By clusters lenght: 
Empty DataFrame
Columns: [0, 1, 2, 3, 4, 5, 6, 7, 8, 9]
Index: []
Clusters Ordened By clusters lenght: 
Empty DataFrame
Columns: [0, 1, 2, 3, 4, 5, 6, 7, 8, 9]
Index: []
Clusters Ordened By clusters lenght: 
Empty DataFrame
Columns: [0, 1, 2, 3, 4, 5, 6, 7, 8, 9]
Index: []
Clusters Ordened By clusters lenght: 
Empty DataFrame
Columns: [0, 1, 2, 3, 4, 5, 6, 7, 8, 9]
Index: []
Clusters Ordened By clusters lenght: 
Empty DataFrame
Columns: [0, 1, 2, 3, 4, 5, 6, 7, 8, 9]
Index: []
Clusters Ordened By clusters lenght: 
Empty DataFrame
Columns: [0, 1, 2, 3, 4, 5, 6, 7, 8, 9]
Index: []
Clusters Ordened By clusters lenght: 
Empty DataFrame
Columns: [0, 1, 2, 3, 4, 5, 6, 7, 8, 9]
Index: []
Clusters Ordened By clusters lenght: 
Empty DataFrame
Columns: [0, 1, 2, 3, 4, 5, 6, 7, 8, 9]
Index: []
Clusters Ordened By clusters lenght: 
Empty DataFrame
Columns: [0, 1, 2, 3, 4, 5, 6, 7, 8, 9]
Index: []
Clusters Ordened By clusters lenght: 
Empty DataFrame
Columns: [0, 1, 2, 3, 4, 5, 6, 7, 8, 9]
Index: []
Clusters Ordened By clusters lenght: 
Empty DataFrame
Columns: [0, 1, 2, 3, 4, 5, 6, 7, 8, 9]
Index: []
Clusters Ordened By clusters lenght: 
Empty DataFrame
Columns: [0, 1, 2, 3, 4, 5, 6, 7, 8, 9]
Index: []
Clusters Ordened By clusters lenght: 
Empty DataFrame
Columns: [0, 1, 2, 3, 4, 5, 6, 7, 8, 9]
Index: []
Clusters Ordened By clusters lenght: 
Empty DataFrame
Columns: [0, 1, 2, 3, 4, 5, 6, 7, 8, 9]
Index: []
Clusters Ordened By clusters lenght: 
Empty DataFrame
Columns: [0, 1, 2, 3, 4, 5, 6, 7, 8, 9]
Index: []
Clusters Ordened By clusters lenght: 
    0  1  2  3  4  5  6  7                                         8  9
19  C  3  5  *  *  *  *  *  2284fb67-6db7-4d82-9d68-8d63fbf08399-IGH  *
17  C  1  4  *  *  *  *  *  1a71718d-6086-4f72-a105-ee321b7a3ace-IGH  *
Clusters Ordened By clusters lenght: 
Empty DataFrame
Columns: [0, 1, 2, 3, 4, 5, 6, 7, 8, 9]
Index: []
Clusters Ordened By clusters lenght: 
Empty DataFrame
Columns: [0, 1, 2, 3, 4, 5, 6, 7, 8, 9]
Index: []
Clusters Ordened By clusters lenght: 
Empty DataFrame
Columns: [0, 1, 2, 3, 4, 5, 6, 7, 8, 9]
Index: []
Clusters Ordened By clusters lenght: 
Empty DataFrame
Columns: [0, 1, 2, 3, 4, 5, 6, 7, 8, 9]
Index: []
Clusters Ordened By clusters lenght: 
Empty DataFrame
Columns: [0, 1, 2, 3, 4, 5, 6, 7, 8, 9]
Index: []
Clusters Ordened By clusters lenght: 
Empty DataFrame
Columns: [0, 1, 2, 3, 4, 5, 6, 7, 8, 9]
Index: []
Clusters Ordened By clusters lenght: 
Empty DataFrame
Columns: [0, 1, 2, 3, 4, 5, 6, 7, 8, 9]
Index: []
Clusters Ordened By clusters lenght: 
Empty DataFrame
Columns: [0, 1, 2, 3, 4, 5, 6, 7, 8, 9]
Index: []
Clusters Ordened By clusters lenght: 
Empty DataFrame
Columns: [0, 1, 2, 3, 4, 5, 6, 7, 8, 9]
Index: []
Clusters Ordened By clusters lenght: 
Empty DataFrame
Columns: [0, 1, 2, 3, 4, 5, 6, 7, 8, 9]
Index: []
Clusters Ordened By clusters lenght: 
Empty DataFrame
Columns: [0, 1, 2, 3, 4, 5, 6, 7, 8, 9]
Index: []
Clusters Ordened By clusters lenght: 
Empty DataFrame
Columns: [0, 1, 2, 3, 4, 5, 6, 7, 8, 9]
Index: []
Clusters Ordened By clusters lenght: 
Empty DataFrame
Columns: [0, 1, 2, 3, 4, 5, 6, 7, 8, 9]
Index: []
Clusters Ordened By clusters lenght: 
Empty DataFrame
Columns: [0, 1, 2, 3, 4, 5, 6, 7, 8, 9]
Index: []
Clusters Ordened By clusters lenght: 
Empty DataFrame
Columns: [0, 1, 2, 3, 4, 5, 6, 7, 8, 9]
Index: []
Clusters Ordened By clusters lenght: 
Empty DataFrame
Columns: [0, 1, 2, 3, 4, 5, 6, 7, 8, 9]
Index: []
Clusters Ordened By clusters lenght: 
Empty DataFrame
Columns: [0, 1, 2, 3, 4, 5, 6, 7, 8, 9]
Index: []
Clusters Ordened By clusters lenght: 
Empty DataFrame
Columns: [0, 1, 2, 3, 4, 5, 6, 7, 8, 9]
Index: []
Clusters Ordened By clusters lenght: 
Empty DataFrame
Columns: [0, 1, 2, 3, 4, 5, 6, 7, 8, 9]
Index: []
Clusters Ordened By clusters lenght: 
Empty DataFrame
Columns: [0, 1, 2, 3, 4, 5, 6, 7, 8, 9]
Index: []
Clusters Ordened By clusters lenght: 
Empty DataFrame
Columns: [0, 1, 2, 3, 4, 5, 6, 7, 8, 9]
Index: []
Clusters Ordened By clusters lenght: 
Empty DataFrame
Columns: [0, 1, 2, 3, 4, 5, 6, 7, 8, 9]
Index: []
Clusters Ordened By clusters lenght: 
Empty DataFrame
Columns: [0, 1, 2, 3, 4, 5, 6, 7, 8, 9]
Index: []
Clusters Ordened By clusters lenght: 
Empty DataFrame
Columns: [0, 1, 2, 3, 4, 5, 6, 7, 8, 9]
Index: []
Clusters Ordened By clusters lenght: 
Empty DataFrame
Columns: [0, 1, 2, 3, 4, 5, 6, 7, 8, 9]
Index: []
Clusters Ordened By clusters lenght: 
Empty DataFrame
Columns: [0, 1, 2, 3, 4, 5, 6, 7, 8, 9]
Index: []
Clusters Ordened By clusters lenght: 
Empty DataFrame
Columns: [0, 1, 2, 3, 4, 5, 6, 7, 8, 9]
Index: []
Clusters Ordened By clusters lenght: 
Empty DataFrame
Columns: [0, 1, 2, 3, 4, 5, 6, 7, 8, 9]
Index: []
Clusters Ordened By clusters lenght: 
Empty DataFrame
Columns: [0, 1, 2, 3, 4, 5, 6, 7, 8, 9]
Index: []
Clusters Ordened By clusters lenght: 
Empty DataFrame
Columns: [0, 1, 2, 3, 4, 5, 6, 7, 8, 9]
Index: []
Clusters Ordened By clusters lenght: 
Empty DataFrame
Columns: [0, 1, 2, 3, 4, 5, 6, 7, 8, 9]
Index: []
Clusters Ordened By clusters lenght: 
   0  1  2  3  4  5  6  7                                         8  9
7  C  0  7  *  *  *  *  *  119a4494-34f2-4c68-ba8f-2adcd3d554ff-IGH  *
Clusters Ordened By clusters lenght: 
Empty DataFrame
Columns: [0, 1, 2, 3, 4, 5, 6, 7, 8, 9]
Index: []
Clusters Ordened By clusters lenght: 
Empty DataFrame
Columns: [0, 1, 2, 3, 4, 5, 6, 7, 8, 9]
Index: []
Clusters Ordened By clusters lenght: 
Empty DataFrame
Columns: [0, 1, 2, 3, 4, 5, 6, 7, 8, 9]
Index: []
Clusters Ordened By clusters lenght: 
Empty DataFrame
Columns: [0, 1, 2, 3, 4, 5, 6, 7, 8, 9]
Index: []
Clusters Ordened By clusters lenght: 
Empty DataFrame
Columns: [0, 1, 2, 3, 4, 5, 6, 7, 8, 9]
Index: []
Clusters Ordened By clusters lenght: 
Empty DataFrame
Columns: [0, 1, 2, 3, 4, 5, 6, 7, 8, 9]
Index: []
Clusters Ordened By clusters lenght: 
   0  1  2  3  4  5  6  7                                         8  9
8  C  0  5  *  *  *  *  *  5486dd45-34c3-4f1f-a9fa-a6da466c2664-IGH  *
Clusters Ordened By clusters lenght: 
Empty DataFrame
Columns: [0, 1, 2, 3, 4, 5, 6, 7, 8, 9]
Index: []
Clusters Ordened By clusters lenght: 
Empty DataFrame
Columns: [0, 1, 2, 3, 4, 5, 6, 7, 8, 9]
Index: []
Clusters Ordened By clusters lenght: 
Empty DataFrame
Columns: [0, 1, 2, 3, 4, 5, 6, 7, 8, 9]
Index: []
Clusters Ordened By clusters lenght: 
Empty DataFrame
Columns: [0, 1, 2, 3, 4, 5, 6, 7, 8, 9]
Index: []
Clusters Ordened By clusters lenght: 
Empty DataFrame
Columns: [0, 1, 2, 3, 4, 5, 6, 7, 8, 9]
Index: []
Clusters Ordened By clusters lenght: 
Empty DataFrame
Columns: [0, 1, 2, 3, 4, 5, 6, 7, 8, 9]
Index: []
Clusters Ordened By clusters lenght: 
Empty DataFrame
Columns: [0, 1, 2, 3, 4, 5, 6, 7, 8, 9]
Index: []
Clusters Ordened By clusters lenght: 
Empty DataFrame
Columns: [0, 1, 2, 3, 4, 5, 6, 7, 8, 9]
Index: []
Clusters Ordened By clusters lenght: 
Empty DataFrame
Columns: [0, 1, 2, 3, 4, 5, 6, 7, 8, 9]
Index: []
Clusters Ordened By clusters lenght: 
Empty DataFrame
Columns: [0, 1, 2, 3, 4, 5, 6, 7, 8, 9]
Index: []
Clusters Ordened By clusters lenght: 
Empty DataFrame
Columns: [0, 1, 2, 3, 4, 5, 6, 7, 8, 9]
Index: []
Clusters Ordened By clusters lenght: 
Empty DataFrame
Columns: [0, 1, 2, 3, 4, 5, 6, 7, 8, 9]
Index: []
Clusters Ordened By clusters lenght: 
Empty DataFrame
Columns: [0, 1, 2, 3, 4, 5, 6, 7, 8, 9]
Index: []
Clusters Ordened By clusters lenght: 
Empty DataFrame
Columns: [0, 1, 2, 3, 4, 5, 6, 7, 8, 9]
Index: []
Clusters Ordened By clusters lenght: 
Empty DataFrame
Columns: [0, 1, 2, 3, 4, 5, 6, 7, 8, 9]
Index: []
Clusters Ordened By clusters lenght: 
Empty DataFrame
Columns: [0, 1, 2, 3, 4, 5, 6, 7, 8, 9]
Index: []
Clusters Ordened By clusters lenght: 
Empty DataFrame
Columns: [0, 1, 2, 3, 4, 5, 6, 7, 8, 9]
Index: []
Clusters Ordened By clusters lenght: 
Empty DataFrame
Columns: [0, 1, 2, 3, 4, 5, 6, 7, 8, 9]
Index: []
Clusters Ordened By clusters lenght: 
Empty DataFrame
Columns: [0, 1, 2, 3, 4, 5, 6, 7, 8, 9]
Index: []
Clusters Ordened By clusters lenght: 
Empty DataFrame
Columns: [0, 1, 2, 3, 4, 5, 6, 7, 8, 9]
Index: []
Clusters Ordened By clusters lenght: 
Empty DataFrame
Columns: [0, 1, 2, 3, 4, 5, 6, 7, 8, 9]
Index: []
Clusters Ordened By clusters lenght: 
Empty DataFrame
Columns: [0, 1, 2, 3, 4, 5, 6, 7, 8, 9]
Index: []
Clusters Ordened By clusters lenght: 
Empty DataFrame
Columns: [0, 1, 2, 3, 4, 5, 6, 7, 8, 9]
Index: []
Clusters Ordened By clusters lenght: 
Empty DataFrame
Columns: [0, 1, 2, 3, 4, 5, 6, 7, 8, 9]
Index: []
Clusters Ordened By clusters lenght: 
Empty DataFrame
Columns: [0, 1, 2, 3, 4, 5, 6, 7, 8, 9]
Index: []
Clusters Ordened By clusters lenght: 
    0  1  2  3  4  5  6  7                                         8  9
12  C  2  4  *  *  *  *  *  434140cd-debf-478d-8887-7a2345bd1b8e-IGK  *
Clusters Ordened By clusters lenght: 
Empty DataFrame
Columns: [0, 1, 2, 3, 4, 5, 6, 7, 8, 9]
Index: []
Clusters Ordened By clusters lenght: 
    0   1  2  3  4  5  6  7                                         8  9
59  C  12  5  *  *  *  *  *  0d9b0cae-52d8-41e8-918c-c55ae5a8e058-IGK  *
Clusters Ordened By clusters lenght: 
Empty DataFrame
Columns: [0, 1, 2, 3, 4, 5, 6, 7, 8, 9]
Index: []
Clusters Ordened By clusters lenght: 
Empty DataFrame
Columns: [0, 1, 2, 3, 4, 5, 6, 7, 8, 9]
Index: []
Clusters Ordened By clusters lenght: 
Empty DataFrame
Columns: [0, 1, 2, 3, 4, 5, 6, 7, 8, 9]
Index: []
Clusters Ordened By clusters lenght: 
Empty DataFrame
Columns: [0, 1, 2, 3, 4, 5, 6, 7, 8, 9]
Index: []
Clusters Ordened By clusters lenght: 
Empty DataFrame
Columns: [0, 1, 2, 3, 4, 5, 6, 7, 8, 9]
Index: []
Clusters Ordened By clusters lenght: 
Empty DataFrame
Columns: [0, 1, 2, 3, 4, 5, 6, 7, 8, 9]
Index: []
Clusters Ordened By clusters lenght: 
Empty DataFrame
Columns: [0, 1, 2, 3, 4, 5, 6, 7, 8, 9]
Index: []
Clusters Ordened By clusters lenght: 
    0  1  2  3  4  5  6  7                                         8  9
20  C  5  9  *  *  *  *  *  40d91968-10ea-4cc4-910b-eed938a3fcfb-IGH  *
Clusters Ordened By clusters lenght: 
Empty DataFrame
Columns: [0, 1, 2, 3, 4, 5, 6, 7, 8, 9]
Index: []
Clusters Ordened By clusters lenght: 
Empty DataFrame
Columns: [0, 1, 2, 3, 4, 5, 6, 7, 8, 9]
Index: []
Clusters Ordened By clusters lenght: 
Empty DataFrame
Columns: [0, 1, 2, 3, 4, 5, 6, 7, 8, 9]
Index: []
Clusters Ordened By clusters lenght: 
Empty DataFrame
Columns: [0, 1, 2, 3, 4, 5, 6, 7, 8, 9]
Index: []
Clusters Ordened By clusters lenght: 
Empty DataFrame
Columns: [0, 1, 2, 3, 4, 5, 6, 7, 8, 9]
Index: []
Clusters Ordened By clusters lenght: 
     0   1  2  3  4  5  6  7                                         8  9
244  C  56  4  *  *  *  *  *  98e22587-a585-4532-8c79-2f781a3541dd-IGH  *
Clusters Ordened By clusters lenght: 
Empty DataFrame
Columns: [0, 1, 2, 3, 4, 5, 6, 7, 8, 9]
Index: []
Clusters Ordened By clusters lenght: 
Empty DataFrame
Columns: [0, 1, 2, 3, 4, 5, 6, 7, 8, 9]
Index: []
Clusters Ordened By clusters lenght: 
Empty DataFrame
Columns: [0, 1, 2, 3, 4, 5, 6, 7, 8, 9]
Index: []
Clusters Ordened By clusters lenght: 
Empty DataFrame
Columns: [0, 1, 2, 3, 4, 5, 6, 7, 8, 9]
Index: []
Clusters Ordened By clusters lenght: 
Empty DataFrame
Columns: [0, 1, 2, 3, 4, 5, 6, 7, 8, 9]
Index: []
Clusters Ordened By clusters lenght: 
Empty DataFrame
Columns: [0, 1, 2, 3, 4, 5, 6, 7, 8, 9]
Index: []
Clusters Ordened By clusters lenght: 
Empty DataFrame
Columns: [0, 1, 2, 3, 4, 5, 6, 7, 8, 9]
Index: []
Clusters Ordened By clusters lenght: 
   0  1  2  3  4  5  6  7                                         8  9
5  C  0  5  *  *  *  *  *  48cfdd28-8d7c-43bd-8b4e-16b9508c9d0f-IGH  *
Clusters Ordened By clusters lenght: 
    0  1  2  3  4  5  6  7                                         8  9
73  C  5  6  *  *  *  *  *  e925b40a-eb52-49fd-8496-1b51afdde675-IGK  *
Clusters Ordened By clusters lenght: 
Empty DataFrame
Columns: [0, 1, 2, 3, 4, 5, 6, 7, 8, 9]
Index: []
Clusters Ordened By clusters lenght: 
Empty DataFrame
Columns: [0, 1, 2, 3, 4, 5, 6, 7, 8, 9]
Index: []
Clusters Ordened By clusters lenght: 
Empty DataFrame
Columns: [0, 1, 2, 3, 4, 5, 6, 7, 8, 9]
Index: []
Clusters Ordened By clusters lenght: 
Empty DataFrame
Columns: [0, 1, 2, 3, 4, 5, 6, 7, 8, 9]
Index: []
Clusters Ordened By clusters lenght: 
    0  1  2  3  4  5  6  7                                         8  9
38  C  6  4  *  *  *  *  *  c73a9da8-7aa1-41c8-ad9f-b4851d360a3a-IGK  *
41  C  9  4  *  *  *  *  *  41132505-9c57-4ae5-8056-3837e7ca4388-IGK  *
Clusters Ordened By clusters lenght: 
Empty DataFrame
Columns: [0, 1, 2, 3, 4, 5, 6, 7, 8, 9]
Index: []
Clusters Ordened By clusters lenght: 
Empty DataFrame
Columns: [0, 1, 2, 3, 4, 5, 6, 7, 8, 9]
Index: []
Clusters Ordened By clusters lenght: 
Empty DataFrame
Columns: [0, 1, 2, 3, 4, 5, 6, 7, 8, 9]
Index: []
Clusters Ordened By clusters lenght: 
Empty DataFrame
Columns: [0, 1, 2, 3, 4, 5, 6, 7, 8, 9]
Index: []
Clusters Ordened By clusters lenght: 
Empty DataFrame
Columns: [0, 1, 2, 3, 4, 5, 6, 7, 8, 9]
Index: []
Clusters Ordened By clusters lenght: 
Empty DataFrame
Columns: [0, 1, 2, 3, 4, 5, 6, 7, 8, 9]
Index: []
Clusters Ordened By clusters lenght: 
Empty DataFrame
Columns: [0, 1, 2, 3, 4, 5, 6, 7, 8, 9]
Index: []
Clusters Ordened By clusters lenght: 
Empty DataFrame
Columns: [0, 1, 2, 3, 4, 5, 6, 7, 8, 9]
Index: []
Clusters Ordened By clusters lenght: 
Empty DataFrame
Columns: [0, 1, 2, 3, 4, 5, 6, 7, 8, 9]
Index: []
Clusters Ordened By clusters lenght: 
Empty DataFrame
Columns: [0, 1, 2, 3, 4, 5, 6, 7, 8, 9]
Index: []
Clusters Ordened By clusters lenght: 
Empty DataFrame
Columns: [0, 1, 2, 3, 4, 5, 6, 7, 8, 9]
Index: []
Clusters Ordened By clusters lenght: 
Empty DataFrame
Columns: [0, 1, 2, 3, 4, 5, 6, 7, 8, 9]
Index: []
Clusters Ordened By clusters lenght: 
Empty DataFrame
Columns: [0, 1, 2, 3, 4, 5, 6, 7, 8, 9]
Index: []
Clusters Ordened By clusters lenght: 
Empty DataFrame
Columns: [0, 1, 2, 3, 4, 5, 6, 7, 8, 9]
Index: []
Clusters Ordened By clusters lenght: 
Empty DataFrame
Columns: [0, 1, 2, 3, 4, 5, 6, 7, 8, 9]
Index: []
Clusters Ordened By clusters lenght: 
    0   1  2  3  4  5  6  7                                         8  9
32  C  11  4  *  *  *  *  *  3092faa4-d113-4ebe-9720-6ce8cfe57af9-IGK  *
Clusters Ordened By clusters lenght: 
Empty DataFrame
Columns: [0, 1, 2, 3, 4, 5, 6, 7, 8, 9]
Index: []
Clusters Ordened By clusters lenght: 
Empty DataFrame
Columns: [0, 1, 2, 3, 4, 5, 6, 7, 8, 9]
Index: []
Clusters Ordened By clusters lenght: 
Empty DataFrame
Columns: [0, 1, 2, 3, 4, 5, 6, 7, 8, 9]
Index: []
Clusters Ordened By clusters lenght: 
Empty DataFrame
Columns: [0, 1, 2, 3, 4, 5, 6, 7, 8, 9]
Index: []
Clusters Ordened By clusters lenght: 
Empty DataFrame
Columns: [0, 1, 2, 3, 4, 5, 6, 7, 8, 9]
Index: []
Clusters Ordened By clusters lenght: 
Empty DataFrame
Columns: [0, 1, 2, 3, 4, 5, 6, 7, 8, 9]
Index: []
Clusters Ordened By clusters lenght: 
    0  1  2  3  4  5  6  7                                         8  9
26  C  0  4  *  *  *  *  *  0c3e75e0-40db-45b4-94b8-87d668e19f6d-IGK  *
Clusters Ordened By clusters lenght: 
Empty DataFrame
Columns: [0, 1, 2, 3, 4, 5, 6, 7, 8, 9]
Index: []
Clusters Ordened By clusters lenght: 
Empty DataFrame
Columns: [0, 1, 2, 3, 4, 5, 6, 7, 8, 9]
Index: []
Clusters Ordened By clusters lenght: 
     0  1  2  3  4  5  6  7                                         8  9
112  C  7  4  *  *  *  *  *  7d0ab03d-777a-4025-82c9-ff56ebda126b-IGH  *
Clusters Ordened By clusters lenght: 
Empty DataFrame
Columns: [0, 1, 2, 3, 4, 5, 6, 7, 8, 9]
Index: []
Clusters Ordened By clusters lenght: 
    0  1  2  3  4  5  6  7                                         8  9
22  C  3  9  *  *  *  *  *  261b0c02-b3dd-46ce-9734-ad9d986907f5-IGH  *
Clusters Ordened By clusters lenght: 
     0   1  2  3  4  5  6  7                                         8  9
112  C  20  5  *  *  *  *  *  06e0e20c-750c-424e-ac54-0937c94aa861-IGK  *
Clusters Ordened By clusters lenght: 
Empty DataFrame
Columns: [0, 1, 2, 3, 4, 5, 6, 7, 8, 9]
Index: []
Clusters Ordened By clusters lenght: 
Empty DataFrame
Columns: [0, 1, 2, 3, 4, 5, 6, 7, 8, 9]
Index: []
Clusters Ordened By clusters lenght: 
Empty DataFrame
Columns: [0, 1, 2, 3, 4, 5, 6, 7, 8, 9]
Index: []
Clusters Ordened By clusters lenght: 
Empty DataFrame
Columns: [0, 1, 2, 3, 4, 5, 6, 7, 8, 9]
Index: []
Clusters Ordened By clusters lenght: 
    0  1  2  3  4  5  6  7                                         8  9
14  C  2  5  *  *  *  *  *  5da5514b-0064-4c33-b07e-0ca0b09aa0f2-IGH  *
Clusters Ordened By clusters lenght: 
Empty DataFrame
Columns: [0, 1, 2, 3, 4, 5, 6, 7, 8, 9]
Index: []
Clusters Ordened By clusters lenght: 
Empty DataFrame
Columns: [0, 1, 2, 3, 4, 5, 6, 7, 8, 9]
Index: []
Clusters Ordened By clusters lenght: 
Empty DataFrame
Columns: [0, 1, 2, 3, 4, 5, 6, 7, 8, 9]
Index: []
Clusters Ordened By clusters lenght: 
Empty DataFrame
Columns: [0, 1, 2, 3, 4, 5, 6, 7, 8, 9]
Index: []
Clusters Ordened By clusters lenght: 
Empty DataFrame
Columns: [0, 1, 2, 3, 4, 5, 6, 7, 8, 9]
Index: []
Clusters Ordened By clusters lenght: 
Empty DataFrame
Columns: [0, 1, 2, 3, 4, 5, 6, 7, 8, 9]
Index: []
Clusters Ordened By clusters lenght: 
Empty DataFrame
Columns: [0, 1, 2, 3, 4, 5, 6, 7, 8, 9]
Index: []
Clusters Ordened By clusters lenght: 
Empty DataFrame
Columns: [0, 1, 2, 3, 4, 5, 6, 7, 8, 9]
Index: []
Clusters Ordened By clusters lenght: 
Empty DataFrame
Columns: [0, 1, 2, 3, 4, 5, 6, 7, 8, 9]
Index: []
Clusters Ordened By clusters lenght: 
Empty DataFrame
Columns: [0, 1, 2, 3, 4, 5, 6, 7, 8, 9]
Index: []
Clusters Ordened By clusters lenght: 
Empty DataFrame
Columns: [0, 1, 2, 3, 4, 5, 6, 7, 8, 9]
Index: []
Clusters Ordened By clusters lenght: 
Empty DataFrame
Columns: [0, 1, 2, 3, 4, 5, 6, 7, 8, 9]
Index: []
Clusters Ordened By clusters lenght: 
Empty DataFrame
Columns: [0, 1, 2, 3, 4, 5, 6, 7, 8, 9]
Index: []
Clusters Ordened By clusters lenght: 
Empty DataFrame
Columns: [0, 1, 2, 3, 4, 5, 6, 7, 8, 9]
Index: []
Clusters Ordened By clusters lenght: 
Empty DataFrame
Columns: [0, 1, 2, 3, 4, 5, 6, 7, 8, 9]
Index: []
Clusters Ordened By clusters lenght: 
Empty DataFrame
Columns: [0, 1, 2, 3, 4, 5, 6, 7, 8, 9]
Index: []
Clusters Ordened By clusters lenght: 
Empty DataFrame
Columns: [0, 1, 2, 3, 4, 5, 6, 7, 8, 9]
Index: []
Clusters Ordened By clusters lenght: 
Empty DataFrame
Columns: [0, 1, 2, 3, 4, 5, 6, 7, 8, 9]
Index: []
Clusters Ordened By clusters lenght: 
Empty DataFrame
Columns: [0, 1, 2, 3, 4, 5, 6, 7, 8, 9]
Index: []
Clusters Ordened By clusters lenght: 
    0  1  2  3  4  5  6  7                                         8  9
33  C  7  6  *  *  *  *  *  0598fecf-f5ae-4d2a-9fac-3d37cc48c62f-IGK  *
27  C  1  5  *  *  *  *  *  4a235172-71b7-4472-932c-682a18beab37-IGK  *
Clusters Ordened By clusters lenght: 
Empty DataFrame
Columns: [0, 1, 2, 3, 4, 5, 6, 7, 8, 9]
Index: []
Clusters Ordened By clusters lenght: 
Empty DataFrame
Columns: [0, 1, 2, 3, 4, 5, 6, 7, 8, 9]
Index: []
Clusters Ordened By clusters lenght: 
     0   1  2  3  4  5  6  7                                         8  9
196  C  32  5  *  *  *  *  *  0e172bc2-145b-4892-bb4e-ac8adda8b3e6-IGK  *
Clusters Ordened By clusters lenght: 
Empty DataFrame
Columns: [0, 1, 2, 3, 4, 5, 6, 7, 8, 9]
Index: []
Clusters Ordened By clusters lenght: 
Empty DataFrame
Columns: [0, 1, 2, 3, 4, 5, 6, 7, 8, 9]
Index: []
Clusters Ordened By clusters lenght: 
Empty DataFrame
Columns: [0, 1, 2, 3, 4, 5, 6, 7, 8, 9]
Index: []
Clusters Ordened By clusters lenght: 
Empty DataFrame
Columns: [0, 1, 2, 3, 4, 5, 6, 7, 8, 9]
Index: []
Clusters Ordened By clusters lenght: 
Empty DataFrame
Columns: [0, 1, 2, 3, 4, 5, 6, 7, 8, 9]
Index: []
Clusters Ordened By clusters lenght: 
Empty DataFrame
Columns: [0, 1, 2, 3, 4, 5, 6, 7, 8, 9]
Index: []
Clusters Ordened By clusters lenght: 
Empty DataFrame
Columns: [0, 1, 2, 3, 4, 5, 6, 7, 8, 9]
Index: []
Clusters Ordened By clusters lenght: 
Empty DataFrame
Columns: [0, 1, 2, 3, 4, 5, 6, 7, 8, 9]
Index: []
Clusters Ordened By clusters lenght: 
    0  1  2  3  4  5  6  7                                         8  9
20  C  4  4  *  *  *  *  *  0ea92d41-5ee7-42d0-87e7-e592d5c34b5a-IGK  *
Clusters Ordened By clusters lenght: 
Empty DataFrame
Columns: [0, 1, 2, 3, 4, 5, 6, 7, 8, 9]
Index: []
Clusters Ordened By clusters lenght: 
Empty DataFrame
Columns: [0, 1, 2, 3, 4, 5, 6, 7, 8, 9]
Index: []
Clusters Ordened By clusters lenght: 
Empty DataFrame
Columns: [0, 1, 2, 3, 4, 5, 6, 7, 8, 9]
Index: []
Clusters Ordened By clusters lenght: 
Empty DataFrame
Columns: [0, 1, 2, 3, 4, 5, 6, 7, 8, 9]
Index: []
Clusters Ordened By clusters lenght: 
Empty DataFrame
Columns: [0, 1, 2, 3, 4, 5, 6, 7, 8, 9]
Index: []
Clusters Ordened By clusters lenght: 
Empty DataFrame
Columns: [0, 1, 2, 3, 4, 5, 6, 7, 8, 9]
Index: []
Clusters Ordened By clusters lenght: 
Empty DataFrame
Columns: [0, 1, 2, 3, 4, 5, 6, 7, 8, 9]
Index: []
Clusters Ordened By clusters lenght: 
Empty DataFrame
Columns: [0, 1, 2, 3, 4, 5, 6, 7, 8, 9]
Index: []
Clusters Ordened By clusters lenght: 
Empty DataFrame
Columns: [0, 1, 2, 3, 4, 5, 6, 7, 8, 9]
Index: []
Clusters Ordened By clusters lenght: 
Empty DataFrame
Columns: [0, 1, 2, 3, 4, 5, 6, 7, 8, 9]
Index: []
Clusters Ordened By clusters lenght: 
Empty DataFrame
Columns: [0, 1, 2, 3, 4, 5, 6, 7, 8, 9]
Index: []
Clusters Ordened By clusters lenght: 
Empty DataFrame
Columns: [0, 1, 2, 3, 4, 5, 6, 7, 8, 9]
Index: []
Clusters Ordened By clusters lenght: 
Empty DataFrame
Columns: [0, 1, 2, 3, 4, 5, 6, 7, 8, 9]
Index: []
Clusters Ordened By clusters lenght: 
Empty DataFrame
Columns: [0, 1, 2, 3, 4, 5, 6, 7, 8, 9]
Index: []
Clusters Ordened By clusters lenght: 
Empty DataFrame
Columns: [0, 1, 2, 3, 4, 5, 6, 7, 8, 9]
Index: []
Clusters Ordened By clusters lenght: 
Empty DataFrame
Columns: [0, 1, 2, 3, 4, 5, 6, 7, 8, 9]
Index: []
Clusters Ordened By clusters lenght: 
Empty DataFrame
Columns: [0, 1, 2, 3, 4, 5, 6, 7, 8, 9]
Index: []
Clusters Ordened By clusters lenght: 
Empty DataFrame
Columns: [0, 1, 2, 3, 4, 5, 6, 7, 8, 9]
Index: []
Clusters Ordened By clusters lenght: 
Empty DataFrame
Columns: [0, 1, 2, 3, 4, 5, 6, 7, 8, 9]
Index: []
Clusters Ordened By clusters lenght: 
Empty DataFrame
Columns: [0, 1, 2, 3, 4, 5, 6, 7, 8, 9]
Index: []
Clusters Ordened By clusters lenght: 
Empty DataFrame
Columns: [0, 1, 2, 3, 4, 5, 6, 7, 8, 9]
Index: []
Clusters Ordened By clusters lenght: 
Empty DataFrame
Columns: [0, 1, 2, 3, 4, 5, 6, 7, 8, 9]
Index: []
Clusters Ordened By clusters lenght: 
Empty DataFrame
Columns: [0, 1, 2, 3, 4, 5, 6, 7, 8, 9]
Index: []
Clusters Ordened By clusters lenght: 
    0  1   2  3  4  5  6  7                                         8  9
20  C  1  10  *  *  *  *  *  0acdec7b-41a7-4b35-97f5-7b992e903858-IGK  *
Clusters Ordened By clusters lenght: 
Empty DataFrame
Columns: [0, 1, 2, 3, 4, 5, 6, 7, 8, 9]
Index: []
Clusters Ordened By clusters lenght: 
Empty DataFrame
Columns: [0, 1, 2, 3, 4, 5, 6, 7, 8, 9]
Index: []
Clusters Ordened By clusters lenght: 
Empty DataFrame
Columns: [0, 1, 2, 3, 4, 5, 6, 7, 8, 9]
Index: []
Clusters Ordened By clusters lenght: 
Empty DataFrame
Columns: [0, 1, 2, 3, 4, 5, 6, 7, 8, 9]
Index: []
Clusters Ordened By clusters lenght: 
Empty DataFrame
Columns: [0, 1, 2, 3, 4, 5, 6, 7, 8, 9]
Index: []
Clusters Ordened By clusters lenght: 
Empty DataFrame
Columns: [0, 1, 2, 3, 4, 5, 6, 7, 8, 9]
Index: []
Clusters Ordened By clusters lenght: 
Empty DataFrame
Columns: [0, 1, 2, 3, 4, 5, 6, 7, 8, 9]
Index: []
Clusters Ordened By clusters lenght: 
Empty DataFrame
Columns: [0, 1, 2, 3, 4, 5, 6, 7, 8, 9]
Index: []
Clusters Ordened By clusters lenght: 
Empty DataFrame
Columns: [0, 1, 2, 3, 4, 5, 6, 7, 8, 9]
Index: []
Clusters Ordened By clusters lenght: 
Empty DataFrame
Columns: [0, 1, 2, 3, 4, 5, 6, 7, 8, 9]
Index: []
Clusters Ordened By clusters lenght: 
Empty DataFrame
Columns: [0, 1, 2, 3, 4, 5, 6, 7, 8, 9]
Index: []
Clusters Ordened By clusters lenght: 
Empty DataFrame
Columns: [0, 1, 2, 3, 4, 5, 6, 7, 8, 9]
Index: []
Clusters Ordened By clusters lenght: 
Empty DataFrame
Columns: [0, 1, 2, 3, 4, 5, 6, 7, 8, 9]
Index: []
Clusters Ordened By clusters lenght: 
Empty DataFrame
Columns: [0, 1, 2, 3, 4, 5, 6, 7, 8, 9]
Index: []
Clusters Ordened By clusters lenght: 
Empty DataFrame
Columns: [0, 1, 2, 3, 4, 5, 6, 7, 8, 9]
Index: []
Clusters Ordened By clusters lenght: 
Empty DataFrame
Columns: [0, 1, 2, 3, 4, 5, 6, 7, 8, 9]
Index: []
Clusters Ordened By clusters lenght: 
Empty DataFrame
Columns: [0, 1, 2, 3, 4, 5, 6, 7, 8, 9]
Index: []
Clusters Ordened By clusters lenght: 
Empty DataFrame
Columns: [0, 1, 2, 3, 4, 5, 6, 7, 8, 9]
Index: []
Clusters Ordened By clusters lenght: 
Empty DataFrame
Columns: [0, 1, 2, 3, 4, 5, 6, 7, 8, 9]
Index: []
Clusters Ordened By clusters lenght: 
Empty DataFrame
Columns: [0, 1, 2, 3, 4, 5, 6, 7, 8, 9]
Index: []
Clusters Ordened By clusters lenght: 
Empty DataFrame
Columns: [0, 1, 2, 3, 4, 5, 6, 7, 8, 9]
Index: []
Clusters Ordened By clusters lenght: 
Empty DataFrame
Columns: [0, 1, 2, 3, 4, 5, 6, 7, 8, 9]
Index: []
Clusters Ordened By clusters lenght: 
Empty DataFrame
Columns: [0, 1, 2, 3, 4, 5, 6, 7, 8, 9]
Index: []
Clusters Ordened By clusters lenght: 
Empty DataFrame
Columns: [0, 1, 2, 3, 4, 5, 6, 7, 8, 9]
Index: []
Clusters Ordened By clusters lenght: 
Empty DataFrame
Columns: [0, 1, 2, 3, 4, 5, 6, 7, 8, 9]
Index: []
Clusters Ordened By clusters lenght: 
Empty DataFrame
Columns: [0, 1, 2, 3, 4, 5, 6, 7, 8, 9]
Index: []
Clusters Ordened By clusters lenght: 
Empty DataFrame
Columns: [0, 1, 2, 3, 4, 5, 6, 7, 8, 9]
Index: []
Clusters Ordened By clusters lenght: 
Empty DataFrame
Columns: [0, 1, 2, 3, 4, 5, 6, 7, 8, 9]
Index: []
Clusters Ordened By clusters lenght: 
Empty DataFrame
Columns: [0, 1, 2, 3, 4, 5, 6, 7, 8, 9]
Index: []
Clusters Ordened By clusters lenght: 
Empty DataFrame
Columns: [0, 1, 2, 3, 4, 5, 6, 7, 8, 9]
Index: []
Clusters Ordened By clusters lenght: 
Empty DataFrame
Columns: [0, 1, 2, 3, 4, 5, 6, 7, 8, 9]
Index: []
Clusters Ordened By clusters lenght: 
Empty DataFrame
Columns: [0, 1, 2, 3, 4, 5, 6, 7, 8, 9]
Index: []
Clusters Ordened By clusters lenght: 
Empty DataFrame
Columns: [0, 1, 2, 3, 4, 5, 6, 7, 8, 9]
Index: []
Clusters Ordened By clusters lenght: 
Empty DataFrame
Columns: [0, 1, 2, 3, 4, 5, 6, 7, 8, 9]
Index: []
Clusters Ordened By clusters lenght: 
Empty DataFrame
Columns: [0, 1, 2, 3, 4, 5, 6, 7, 8, 9]
Index: []
Clusters Ordened By clusters lenght: 
Empty DataFrame
Columns: [0, 1, 2, 3, 4, 5, 6, 7, 8, 9]
Index: []
Clusters Ordened By clusters lenght: 
Empty DataFrame
Columns: [0, 1, 2, 3, 4, 5, 6, 7, 8, 9]
Index: []
Clusters Ordened By clusters lenght: 
Empty DataFrame
Columns: [0, 1, 2, 3, 4, 5, 6, 7, 8, 9]
Index: []
Clusters Ordened By clusters lenght: 
Empty DataFrame
Columns: [0, 1, 2, 3, 4, 5, 6, 7, 8, 9]
Index: []
Clusters Ordened By clusters lenght: 
Empty DataFrame
Columns: [0, 1, 2, 3, 4, 5, 6, 7, 8, 9]
Index: []
Clusters Ordened By clusters lenght: 
Empty DataFrame
Columns: [0, 1, 2, 3, 4, 5, 6, 7, 8, 9]
Index: []
Clusters Ordened By clusters lenght: 
     0   1  2  3  4  5  6  7                                         8  9
293  C  92  4  *  *  *  *  *  428edc8e-a01b-4e99-b08e-96b578761f93-IGK  *
Clusters Ordened By clusters lenght: 
Empty DataFrame
Columns: [0, 1, 2, 3, 4, 5, 6, 7, 8, 9]
Index: []
Clusters Ordened By clusters lenght: 
   0  1  2  3  4  5  6  7                                         8  9
5  C  0  5  *  *  *  *  *  0c718349-c86d-4b90-a3b5-592312333bb5-IGK  *
Clusters Ordened By clusters lenght: 
Empty DataFrame
Columns: [0, 1, 2, 3, 4, 5, 6, 7, 8, 9]
Index: []
Clusters Ordened By clusters lenght: 
Empty DataFrame
Columns: [0, 1, 2, 3, 4, 5, 6, 7, 8, 9]
Index: []
Clusters Ordened By clusters lenght: 
Empty DataFrame
Columns: [0, 1, 2, 3, 4, 5, 6, 7, 8, 9]
Index: []
Clusters Ordened By clusters lenght: 
Empty DataFrame
Columns: [0, 1, 2, 3, 4, 5, 6, 7, 8, 9]
Index: []
Clusters Ordened By clusters lenght: 
Empty DataFrame
Columns: [0, 1, 2, 3, 4, 5, 6, 7, 8, 9]
Index: []
Clusters Ordened By clusters lenght: 
    0   1  2  3  4  5  6  7                                         8  9
63  C  12  6  *  *  *  *  *  01e48ebf-9eb1-4a05-a952-b89110e9d1e1-IGK  *
Clusters Ordened By clusters lenght: 
Empty DataFrame
Columns: [0, 1, 2, 3, 4, 5, 6, 7, 8, 9]
Index: []
Clusters Ordened By clusters lenght: 
Empty DataFrame
Columns: [0, 1, 2, 3, 4, 5, 6, 7, 8, 9]
Index: []
Clusters Ordened By clusters lenght: 
Empty DataFrame
Columns: [0, 1, 2, 3, 4, 5, 6, 7, 8, 9]
Index: []
Clusters Ordened By clusters lenght: 
Empty DataFrame
Columns: [0, 1, 2, 3, 4, 5, 6, 7, 8, 9]
Index: []
Clusters Ordened By clusters lenght: 
Empty DataFrame
Columns: [0, 1, 2, 3, 4, 5, 6, 7, 8, 9]
Index: []
Clusters Ordened By clusters lenght: 
Empty DataFrame
Columns: [0, 1, 2, 3, 4, 5, 6, 7, 8, 9]
Index: []
Clusters Ordened By clusters lenght: 
Empty DataFrame
Columns: [0, 1, 2, 3, 4, 5, 6, 7, 8, 9]
Index: []
Clusters Ordened By clusters lenght: 
Empty DataFrame
Columns: [0, 1, 2, 3, 4, 5, 6, 7, 8, 9]
Index: []
Clusters Ordened By clusters lenght: 
Empty DataFrame
Columns: [0, 1, 2, 3, 4, 5, 6, 7, 8, 9]
Index: []
Clusters Ordened By clusters lenght: 
Empty DataFrame
Columns: [0, 1, 2, 3, 4, 5, 6, 7, 8, 9]
Index: []
Clusters Ordened By clusters lenght: 
    0  1   2  3  4  5  6  7                                         8  9
12  C  0  10  *  *  *  *  *  022f6bcf-e76b-4bb0-9287-ed8533fa1e21-IGH  *
Clusters Ordened By clusters lenght: 
Empty DataFrame
Columns: [0, 1, 2, 3, 4, 5, 6, 7, 8, 9]
Index: []
Clusters Ordened By clusters lenght: 
Empty DataFrame
Columns: [0, 1, 2, 3, 4, 5, 6, 7, 8, 9]
Index: []
Clusters Ordened By clusters lenght: 
Empty DataFrame
Columns: [0, 1, 2, 3, 4, 5, 6, 7, 8, 9]
Index: []
Clusters Ordened By clusters lenght: 
Empty DataFrame
Columns: [0, 1, 2, 3, 4, 5, 6, 7, 8, 9]
Index: []
Clusters Ordened By clusters lenght: 
    0  1  2  3  4  5  6  7                                         8  9
27  C  7  4  *  *  *  *  *  39a7e90d-0d52-4674-bd40-8c80b714e61a-IGK  *
Clusters Ordened By clusters lenght: 
Empty DataFrame
Columns: [0, 1, 2, 3, 4, 5, 6, 7, 8, 9]
Index: []
Clusters Ordened By clusters lenght: 
Empty DataFrame
Columns: [0, 1, 2, 3, 4, 5, 6, 7, 8, 9]
Index: []
Clusters Ordened By clusters lenght: 
Empty DataFrame
Columns: [0, 1, 2, 3, 4, 5, 6, 7, 8, 9]
Index: []
Clusters Ordened By clusters lenght: 
Empty DataFrame
Columns: [0, 1, 2, 3, 4, 5, 6, 7, 8, 9]
Index: []
Clusters Ordened By clusters lenght: 
Empty DataFrame
Columns: [0, 1, 2, 3, 4, 5, 6, 7, 8, 9]
Index: []
Clusters Ordened By clusters lenght: 
Empty DataFrame
Columns: [0, 1, 2, 3, 4, 5, 6, 7, 8, 9]
Index: []
Clusters Ordened By clusters lenght: 
Empty DataFrame
Columns: [0, 1, 2, 3, 4, 5, 6, 7, 8, 9]
Index: []
Clusters Ordened By clusters lenght: 
Empty DataFrame
Columns: [0, 1, 2, 3, 4, 5, 6, 7, 8, 9]
Index: []
Clusters Ordened By clusters lenght: 
Empty DataFrame
Columns: [0, 1, 2, 3, 4, 5, 6, 7, 8, 9]
Index: []
Clusters Ordened By clusters lenght: 
    0  1  2  3  4  5  6  7                                         8  9
14  C  2  6  *  *  *  *  *  5ca6469e-8554-43d9-90c9-59e711f1754a-IGK  *
Clusters Ordened By clusters lenght: 
Empty DataFrame
Columns: [0, 1, 2, 3, 4, 5, 6, 7, 8, 9]
Index: []
Clusters Ordened By clusters lenght: 
Empty DataFrame
Columns: [0, 1, 2, 3, 4, 5, 6, 7, 8, 9]
Index: []
Clusters Ordened By clusters lenght: 
Empty DataFrame
Columns: [0, 1, 2, 3, 4, 5, 6, 7, 8, 9]
Index: []
Clusters Ordened By clusters lenght: 
Empty DataFrame
Columns: [0, 1, 2, 3, 4, 5, 6, 7, 8, 9]
Index: []
Clusters Ordened By clusters lenght: 
Empty DataFrame
Columns: [0, 1, 2, 3, 4, 5, 6, 7, 8, 9]
Index: []
Clusters Ordened By clusters lenght: 
Empty DataFrame
Columns: [0, 1, 2, 3, 4, 5, 6, 7, 8, 9]
Index: []
Clusters Ordened By clusters lenght: 
Empty DataFrame
Columns: [0, 1, 2, 3, 4, 5, 6, 7, 8, 9]
Index: []
Clusters Ordened By clusters lenght: 
Empty DataFrame
Columns: [0, 1, 2, 3, 4, 5, 6, 7, 8, 9]
Index: []
Clusters Ordened By clusters lenght: 
Empty DataFrame
Columns: [0, 1, 2, 3, 4, 5, 6, 7, 8, 9]
Index: []
Clusters Ordened By clusters lenght: 
Empty DataFrame
Columns: [0, 1, 2, 3, 4, 5, 6, 7, 8, 9]
Index: []
Clusters Ordened By clusters lenght: 
Empty DataFrame
Columns: [0, 1, 2, 3, 4, 5, 6, 7, 8, 9]
Index: []
Clusters Ordened By clusters lenght: 
Empty DataFrame
Columns: [0, 1, 2, 3, 4, 5, 6, 7, 8, 9]
Index: []
Clusters Ordened By clusters lenght: 
Empty DataFrame
Columns: [0, 1, 2, 3, 4, 5, 6, 7, 8, 9]
Index: []
Clusters Ordened By clusters lenght: 
Empty DataFrame
Columns: [0, 1, 2, 3, 4, 5, 6, 7, 8, 9]
Index: []
Clusters Ordened By clusters lenght: 
Empty DataFrame
Columns: [0, 1, 2, 3, 4, 5, 6, 7, 8, 9]
Index: []
Clusters Ordened By clusters lenght: 
Empty DataFrame
Columns: [0, 1, 2, 3, 4, 5, 6, 7, 8, 9]
Index: []
Clusters Ordened By clusters lenght: 
Empty DataFrame
Columns: [0, 1, 2, 3, 4, 5, 6, 7, 8, 9]
Index: []
Clusters Ordened By clusters lenght: 
Empty DataFrame
Columns: [0, 1, 2, 3, 4, 5, 6, 7, 8, 9]
Index: []
Clusters Ordened By clusters lenght: 
Empty DataFrame
Columns: [0, 1, 2, 3, 4, 5, 6, 7, 8, 9]
Index: []
Clusters Ordened By clusters lenght: 
Empty DataFrame
Columns: [0, 1, 2, 3, 4, 5, 6, 7, 8, 9]
Index: []
Clusters Ordened By clusters lenght: 
Empty DataFrame
Columns: [0, 1, 2, 3, 4, 5, 6, 7, 8, 9]
Index: []
Clusters Ordened By clusters lenght: 
Empty DataFrame
Columns: [0, 1, 2, 3, 4, 5, 6, 7, 8, 9]
Index: []
Clusters Ordened By clusters lenght: 
Empty DataFrame
Columns: [0, 1, 2, 3, 4, 5, 6, 7, 8, 9]
Index: []
Clusters Ordened By clusters lenght: 
   0  1  2  3  4  5  6  7                                         8  9
9  C  1  4  *  *  *  *  *  6a97aca2-84f8-43b3-98b5-9ff5e7b39b02-IGK  *
Clusters Ordened By clusters lenght: 
Empty DataFrame
Columns: [0, 1, 2, 3, 4, 5, 6, 7, 8, 9]
Index: []
Clusters Ordened By clusters lenght: 
Empty DataFrame
Columns: [0, 1, 2, 3, 4, 5, 6, 7, 8, 9]
Index: []
Clusters Ordened By clusters lenght: 
Empty DataFrame
Columns: [0, 1, 2, 3, 4, 5, 6, 7, 8, 9]
Index: []
Clusters Ordened By clusters lenght: 
Empty DataFrame
Columns: [0, 1, 2, 3, 4, 5, 6, 7, 8, 9]
Index: []
Clusters Ordened By clusters lenght: 
Empty DataFrame
Columns: [0, 1, 2, 3, 4, 5, 6, 7, 8, 9]
Index: []
Clusters Ordened By clusters lenght: 
Empty DataFrame
Columns: [0, 1, 2, 3, 4, 5, 6, 7, 8, 9]
Index: []
Clusters Ordened By clusters lenght: 
Empty DataFrame
Columns: [0, 1, 2, 3, 4, 5, 6, 7, 8, 9]
Index: []
Clusters Ordened By clusters lenght: 
Empty DataFrame
Columns: [0, 1, 2, 3, 4, 5, 6, 7, 8, 9]
Index: []
Clusters Ordened By clusters lenght: 
Empty DataFrame
Columns: [0, 1, 2, 3, 4, 5, 6, 7, 8, 9]
Index: []
Clusters Ordened By clusters lenght: 
Empty DataFrame
Columns: [0, 1, 2, 3, 4, 5, 6, 7, 8, 9]
Index: []
Clusters Ordened By clusters lenght: 
Empty DataFrame
Columns: [0, 1, 2, 3, 4, 5, 6, 7, 8, 9]
Index: []
Clusters Ordened By clusters lenght: 
Empty DataFrame
Columns: [0, 1, 2, 3, 4, 5, 6, 7, 8, 9]
Index: []
Clusters Ordened By clusters lenght: 
Empty DataFrame
Columns: [0, 1, 2, 3, 4, 5, 6, 7, 8, 9]
Index: []
Clusters Ordened By clusters lenght: 
Empty DataFrame
Columns: [0, 1, 2, 3, 4, 5, 6, 7, 8, 9]
Index: []
Clusters Ordened By clusters lenght: 
Empty DataFrame
Columns: [0, 1, 2, 3, 4, 5, 6, 7, 8, 9]
Index: []
Clusters Ordened By clusters lenght: 
Empty DataFrame
Columns: [0, 1, 2, 3, 4, 5, 6, 7, 8, 9]
Index: []
Clusters Ordened By clusters lenght: 
Empty DataFrame
Columns: [0, 1, 2, 3, 4, 5, 6, 7, 8, 9]
Index: []
Clusters Ordened By clusters lenght: 
Empty DataFrame
Columns: [0, 1, 2, 3, 4, 5, 6, 7, 8, 9]
Index: []
Clusters Ordened By clusters lenght: 
Empty DataFrame
Columns: [0, 1, 2, 3, 4, 5, 6, 7, 8, 9]
Index: []
Clusters Ordened By clusters lenght: 
    0  1  2  3  4  5  6  7                                         8  9
52  C  2  7  *  *  *  *  *  194b8629-525b-4143-a9d8-a28bc67c4225-IGK  *
56  C  6  6  *  *  *  *  *  0baa6a5f-e928-44ea-91d9-d675abb1b026-IGK  *
Clusters Ordened By clusters lenght: 
Empty DataFrame
Columns: [0, 1, 2, 3, 4, 5, 6, 7, 8, 9]
Index: []
Clusters Ordened By clusters lenght: 
Empty DataFrame
Columns: [0, 1, 2, 3, 4, 5, 6, 7, 8, 9]
Index: []
Clusters Ordened By clusters lenght: 
Empty DataFrame
Columns: [0, 1, 2, 3, 4, 5, 6, 7, 8, 9]
Index: []
Clusters Ordened By clusters lenght: 
Empty DataFrame
Columns: [0, 1, 2, 3, 4, 5, 6, 7, 8, 9]
Index: []
Clusters Ordened By clusters lenght: 
Empty DataFrame
Columns: [0, 1, 2, 3, 4, 5, 6, 7, 8, 9]
Index: []
Clusters Ordened By clusters lenght: 
Empty DataFrame
Columns: [0, 1, 2, 3, 4, 5, 6, 7, 8, 9]
Index: []
Clusters Ordened By clusters lenght: 
    0   1  2  3  4  5  6  7                                         8  9
58  C  24  4  *  *  *  *  *  34f5b1bb-33fd-406f-80ee-a2ebc13c78b1-IGH  *
Clusters Ordened By clusters lenght: 
Empty DataFrame
Columns: [0, 1, 2, 3, 4, 5, 6, 7, 8, 9]
Index: []
Clusters Ordened By clusters lenght: 
Empty DataFrame
Columns: [0, 1, 2, 3, 4, 5, 6, 7, 8, 9]
Index: []
Clusters Ordened By clusters lenght: 
Empty DataFrame
Columns: [0, 1, 2, 3, 4, 5, 6, 7, 8, 9]
Index: []
Clusters Ordened By clusters lenght: 
Empty DataFrame
Columns: [0, 1, 2, 3, 4, 5, 6, 7, 8, 9]
Index: []
Clusters Ordened By clusters lenght: 
Empty DataFrame
Columns: [0, 1, 2, 3, 4, 5, 6, 7, 8, 9]
Index: []
Clusters Ordened By clusters lenght: 
Empty DataFrame
Columns: [0, 1, 2, 3, 4, 5, 6, 7, 8, 9]
Index: []
Clusters Ordened By clusters lenght: 
Empty DataFrame
Columns: [0, 1, 2, 3, 4, 5, 6, 7, 8, 9]
Index: []
Clusters Ordened By clusters lenght: 
Empty DataFrame
Columns: [0, 1, 2, 3, 4, 5, 6, 7, 8, 9]
Index: []
Clusters Ordened By clusters lenght: 
Empty DataFrame
Columns: [0, 1, 2, 3, 4, 5, 6, 7, 8, 9]
Index: []
Clusters Ordened By clusters lenght: 
Empty DataFrame
Columns: [0, 1, 2, 3, 4, 5, 6, 7, 8, 9]
Index: []
Clusters Ordened By clusters lenght: 
   0  1  2  3  4  5  6  7                                         8  9
9  C  1  6  *  *  *  *  *  390abb5a-b0e8-474f-b3d0-193ed1cb1075-IGH  *
Clusters Ordened By clusters lenght: 
Empty DataFrame
Columns: [0, 1, 2, 3, 4, 5, 6, 7, 8, 9]
Index: []
Clusters Ordened By clusters lenght: 
   0  1  2  3  4  5  6  7                                         8  9
4  C  0  4  *  *  *  *  *  3131439a-0cc8-4de9-a850-2e0d1110abc2-IGK  *
Clusters Ordened By clusters lenght: 
Empty DataFrame
Columns: [0, 1, 2, 3, 4, 5, 6, 7, 8, 9]
Index: []
Clusters Ordened By clusters lenght: 
Empty DataFrame
Columns: [0, 1, 2, 3, 4, 5, 6, 7, 8, 9]
Index: []
Clusters Ordened By clusters lenght: 
Empty DataFrame
Columns: [0, 1, 2, 3, 4, 5, 6, 7, 8, 9]
Index: []
Clusters Ordened By clusters lenght: 
Empty DataFrame
Columns: [0, 1, 2, 3, 4, 5, 6, 7, 8, 9]
Index: []
Clusters Ordened By clusters lenght: 
Empty DataFrame
Columns: [0, 1, 2, 3, 4, 5, 6, 7, 8, 9]
Index: []
Clusters Ordened By clusters lenght: 
    0   1  2  3  4  5  6  7                                         8  9
44  C  13  4  *  *  *  *  *  041a68bc-0c96-473e-84f5-c5171e9556cc-IGK  *
Clusters Ordened By clusters lenght: 
    0  1  2  3  4  5  6  7                                         8  9
21  C  5  8  *  *  *  *  *  2ab80af0-9c65-4fa0-a6dd-394da85d4420-IGH  *
Clusters Ordened By clusters lenght: 
Empty DataFrame
Columns: [0, 1, 2, 3, 4, 5, 6, 7, 8, 9]
Index: []
Clusters Ordened By clusters lenght: 
Empty DataFrame
Columns: [0, 1, 2, 3, 4, 5, 6, 7, 8, 9]
Index: []
Clusters Ordened By clusters lenght: 
Empty DataFrame
Columns: [0, 1, 2, 3, 4, 5, 6, 7, 8, 9]
Index: []
Clusters Ordened By clusters lenght: 
Empty DataFrame
Columns: [0, 1, 2, 3, 4, 5, 6, 7, 8, 9]
Index: []
Clusters Ordened By clusters lenght: 
Empty DataFrame
Columns: [0, 1, 2, 3, 4, 5, 6, 7, 8, 9]
Index: []
Clusters Ordened By clusters lenght: 
Empty DataFrame
Columns: [0, 1, 2, 3, 4, 5, 6, 7, 8, 9]
Index: []
Clusters Ordened By clusters lenght: 
Empty DataFrame
Columns: [0, 1, 2, 3, 4, 5, 6, 7, 8, 9]
Index: []
Clusters Ordened By clusters lenght: 
Empty DataFrame
Columns: [0, 1, 2, 3, 4, 5, 6, 7, 8, 9]
Index: []
Clusters Ordened By clusters lenght: 
Empty DataFrame
Columns: [0, 1, 2, 3, 4, 5, 6, 7, 8, 9]
Index: []
Clusters Ordened By clusters lenght: 
Empty DataFrame
Columns: [0, 1, 2, 3, 4, 5, 6, 7, 8, 9]
Index: []
Clusters Ordened By clusters lenght: 
    0  1   2  3  4  5  6  7                                         8  9
30  C  1  23  *  *  *  *  *  cdc80b5e-e99d-4413-84c6-cccd3577d43c-IGH  *
Clusters Ordened By clusters lenght: 
Empty DataFrame
Columns: [0, 1, 2, 3, 4, 5, 6, 7, 8, 9]
Index: []
Clusters Ordened By clusters lenght: 
    0  1  2  3  4  5  6  7                                         8  9
32  C  7  4  *  *  *  *  *  5ac922e4-1a71-43e8-a634-b4d952ed37e3-IGK  *
Clusters Ordened By clusters lenght: 
Empty DataFrame
Columns: [0, 1, 2, 3, 4, 5, 6, 7, 8, 9]
Index: []
Clusters Ordened By clusters lenght: 
Empty DataFrame
Columns: [0, 1, 2, 3, 4, 5, 6, 7, 8, 9]
Index: []
Clusters Ordened By clusters lenght: 
Empty DataFrame
Columns: [0, 1, 2, 3, 4, 5, 6, 7, 8, 9]
Index: []
Clusters Ordened By clusters lenght: 
Empty DataFrame
Columns: [0, 1, 2, 3, 4, 5, 6, 7, 8, 9]
Index: []
Clusters Ordened By clusters lenght: 
Empty DataFrame
Columns: [0, 1, 2, 3, 4, 5, 6, 7, 8, 9]
Index: []
Clusters Ordened By clusters lenght: 
Empty DataFrame
Columns: [0, 1, 2, 3, 4, 5, 6, 7, 8, 9]
Index: []
Clusters Ordened By clusters lenght: 
Empty DataFrame
Columns: [0, 1, 2, 3, 4, 5, 6, 7, 8, 9]
Index: []
Clusters Ordened By clusters lenght: 
Empty DataFrame
Columns: [0, 1, 2, 3, 4, 5, 6, 7, 8, 9]
Index: []
Clusters Ordened By clusters lenght: 
Empty DataFrame
Columns: [0, 1, 2, 3, 4, 5, 6, 7, 8, 9]
Index: []
Clusters Ordened By clusters lenght: 
Empty DataFrame
Columns: [0, 1, 2, 3, 4, 5, 6, 7, 8, 9]
Index: []
Clusters Ordened By clusters lenght: 
Empty DataFrame
Columns: [0, 1, 2, 3, 4, 5, 6, 7, 8, 9]
Index: []
Clusters Ordened By clusters lenght: 
Empty DataFrame
Columns: [0, 1, 2, 3, 4, 5, 6, 7, 8, 9]
Index: []
Clusters Ordened By clusters lenght: 
Empty DataFrame
Columns: [0, 1, 2, 3, 4, 5, 6, 7, 8, 9]
Index: []
Clusters Ordened By clusters lenght: 
Empty DataFrame
Columns: [0, 1, 2, 3, 4, 5, 6, 7, 8, 9]
Index: []
Clusters Ordened By clusters lenght: 
Empty DataFrame
Columns: [0, 1, 2, 3, 4, 5, 6, 7, 8, 9]
Index: []
Clusters Ordened By clusters lenght: 
Empty DataFrame
Columns: [0, 1, 2, 3, 4, 5, 6, 7, 8, 9]
Index: []
Clusters Ordened By clusters lenght: 
Empty DataFrame
Columns: [0, 1, 2, 3, 4, 5, 6, 7, 8, 9]
Index: []
Clusters Ordened By clusters lenght: 
Empty DataFrame
Columns: [0, 1, 2, 3, 4, 5, 6, 7, 8, 9]
Index: []
Clusters Ordened By clusters lenght: 
Empty DataFrame
Columns: [0, 1, 2, 3, 4, 5, 6, 7, 8, 9]
Index: []
Clusters Ordened By clusters lenght: 
Empty DataFrame
Columns: [0, 1, 2, 3, 4, 5, 6, 7, 8, 9]
Index: []
Clusters Ordened By clusters lenght: 
    0   1  2  3  4  5  6  7                                         8  9
60  C   3  7  *  *  *  *  *  ae556a5c-3d40-4dcb-b6e2-3570332fa799-IGK  *
72  C  15  5  *  *  *  *  *  069605d5-e512-4960-8b4f-d4811e86aaaa-IGK  *
77  C  20  4  *  *  *  *  *  43c446f4-020b-4580-9a48-96961b615f54-IGK  *
Clusters Ordened By clusters lenght: 
Empty DataFrame
Columns: [0, 1, 2, 3, 4, 5, 6, 7, 8, 9]
Index: []
Clusters Ordened By clusters lenght: 
Empty DataFrame
Columns: [0, 1, 2, 3, 4, 5, 6, 7, 8, 9]
Index: []
Clusters Ordened By clusters lenght: 
Empty DataFrame
Columns: [0, 1, 2, 3, 4, 5, 6, 7, 8, 9]
Index: []
Clusters Ordened By clusters lenght: 
Empty DataFrame
Columns: [0, 1, 2, 3, 4, 5, 6, 7, 8, 9]
Index: []
Clusters Ordened By clusters lenght: 
Empty DataFrame
Columns: [0, 1, 2, 3, 4, 5, 6, 7, 8, 9]
Index: []
Clusters Ordened By clusters lenght: 
Empty DataFrame
Columns: [0, 1, 2, 3, 4, 5, 6, 7, 8, 9]
Index: []
Clusters Ordened By clusters lenght: 
Empty DataFrame
Columns: [0, 1, 2, 3, 4, 5, 6, 7, 8, 9]
Index: []
Clusters Ordened By clusters lenght: 
    0  1  2  3  4  5  6  7                                         8  9
43  C  6  6  *  *  *  *  *  4ed94a5b-b06e-40e4-862f-f98443673710-IGK  *
42  C  5  4  *  *  *  *  *  49e6f482-4d1a-4f41-9b2b-f0c0aba78292-IGK  *
Clusters Ordened By clusters lenght: 
Empty DataFrame
Columns: [0, 1, 2, 3, 4, 5, 6, 7, 8, 9]
Index: []
Clusters Ordened By clusters lenght: 
Empty DataFrame
Columns: [0, 1, 2, 3, 4, 5, 6, 7, 8, 9]
Index: []
Clusters Ordened By clusters lenght: 
Empty DataFrame
Columns: [0, 1, 2, 3, 4, 5, 6, 7, 8, 9]
Index: []
Clusters Ordened By clusters lenght: 
Empty DataFrame
Columns: [0, 1, 2, 3, 4, 5, 6, 7, 8, 9]
Index: []
Clusters Ordened By clusters lenght: 
Empty DataFrame
Columns: [0, 1, 2, 3, 4, 5, 6, 7, 8, 9]
Index: []
Clusters Ordened By clusters lenght: 
Empty DataFrame
Columns: [0, 1, 2, 3, 4, 5, 6, 7, 8, 9]
Index: []
Clusters Ordened By clusters lenght: 
Empty DataFrame
Columns: [0, 1, 2, 3, 4, 5, 6, 7, 8, 9]
Index: []
Clusters Ordened By clusters lenght: 
Empty DataFrame
Columns: [0, 1, 2, 3, 4, 5, 6, 7, 8, 9]
Index: []
Clusters Ordened By clusters lenght: 
    0  1  2  3  4  5  6  7                                         8  9
23  C  4  5  *  *  *  *  *  01e816e9-927b-4ae2-8cd5-282c1145296a-IGH  *
24  C  5  4  *  *  *  *  *  cba85a05-4f61-4402-a6bb-8f56f9d9bc26-IGH  *
Clusters Ordened By clusters lenght: 
Empty DataFrame
Columns: [0, 1, 2, 3, 4, 5, 6, 7, 8, 9]
Index: []
Clusters Ordened By clusters lenght: 
    0  1  2  3  4  5  6  7                                         8  9
16  C  4  4  *  *  *  *  *  45b5f95e-b5ec-4a4f-8978-eb01ca900e42-IGK  *
Clusters Ordened By clusters lenght: 
Empty DataFrame
Columns: [0, 1, 2, 3, 4, 5, 6, 7, 8, 9]
Index: []
Clusters Ordened By clusters lenght: 
Empty DataFrame
Columns: [0, 1, 2, 3, 4, 5, 6, 7, 8, 9]
Index: []
Clusters Ordened By clusters lenght: 
Empty DataFrame
Columns: [0, 1, 2, 3, 4, 5, 6, 7, 8, 9]
Index: []
Clusters Ordened By clusters lenght: 
Empty DataFrame
Columns: [0, 1, 2, 3, 4, 5, 6, 7, 8, 9]
Index: []
Clusters Ordened By clusters lenght: 
Empty DataFrame
Columns: [0, 1, 2, 3, 4, 5, 6, 7, 8, 9]
Index: []
Clusters Ordened By clusters lenght: 
Empty DataFrame
Columns: [0, 1, 2, 3, 4, 5, 6, 7, 8, 9]
Index: []
Clusters Ordened By clusters lenght: 
Empty DataFrame
Columns: [0, 1, 2, 3, 4, 5, 6, 7, 8, 9]
Index: []
Clusters Ordened By clusters lenght: 
Empty DataFrame
Columns: [0, 1, 2, 3, 4, 5, 6, 7, 8, 9]
Index: []
Clusters Ordened By clusters lenght: 
Empty DataFrame
Columns: [0, 1, 2, 3, 4, 5, 6, 7, 8, 9]
Index: []
Clusters Ordened By clusters lenght: 
Empty DataFrame
Columns: [0, 1, 2, 3, 4, 5, 6, 7, 8, 9]
Index: []
Clusters Ordened By clusters lenght: 
     0   1   2  3  4  5  6  7                                         8  9
115  C  17  11  *  *  *  *  *  55c49efe-9082-4982-b894-9be633b88c32-IGK  *
105  C   7   9  *  *  *  *  *  237094c0-e859-4470-ac7b-c58a4838a44a-IGK  *
106  C   8   8  *  *  *  *  *  36825e9f-428b-4c06-b131-227c42c0f6d8-IGK  *
136  C  38   6  *  *  *  *  *  0695784e-65fc-4817-a758-eedd97a2775f-IGK  *
132  C  34   6  *  *  *  *  *  83fd8ae2-d3f7-43ba-be8a-ae7e4dd48171-IGK  *
104  C   6   5  *  *  *  *  *  1a37e891-6010-423c-b218-459dc416df44-IGK  *
103  C   5   4  *  *  *  *  *  4e727954-b785-455d-b32a-e6140c87b834-IGK  *
122  C  24   4  *  *  *  *  *  4b5a1ddf-338b-40c8-bc09-20ec6b67d691-IGK  *
134  C  36   4  *  *  *  *  *  2efe5cc0-f945-4f86-aceb-bdb309fa9e02-IGK  *
Clusters Ordened By clusters lenght: 
Empty DataFrame
Columns: [0, 1, 2, 3, 4, 5, 6, 7, 8, 9]
Index: []
Clusters Ordened By clusters lenght: 
Empty DataFrame
Columns: [0, 1, 2, 3, 4, 5, 6, 7, 8, 9]
Index: []
Clusters Ordened By clusters lenght: 
    0  1   2  3  4  5  6  7                                         8  9
48  C  0  40  *  *  *  *  *  4d730a34-a541-4907-a0b3-ed5d6302f748-IGH  *
49  C  1   5  *  *  *  *  *  07083568-125f-4435-8bf9-fdd2c7a9c17b-IGH  *
Clusters Ordened By clusters lenght: 
Empty DataFrame
Columns: [0, 1, 2, 3, 4, 5, 6, 7, 8, 9]
Index: []
Clusters Ordened By clusters lenght: 
   0  1  2  3  4  5  6  7                                         8  9
5  C  0  4  *  *  *  *  *  14730a8a-ae33-4eec-b465-7a26757813ef-IGH  *
Clusters Ordened By clusters lenght: 
Empty DataFrame
Columns: [0, 1, 2, 3, 4, 5, 6, 7, 8, 9]
Index: []
Clusters Ordened By clusters lenght: 
Empty DataFrame
Columns: [0, 1, 2, 3, 4, 5, 6, 7, 8, 9]
Index: []
Clusters Ordened By clusters lenght: 
Empty DataFrame
Columns: [0, 1, 2, 3, 4, 5, 6, 7, 8, 9]
Index: []
Clusters Ordened By clusters lenght: 
Empty DataFrame
Columns: [0, 1, 2, 3, 4, 5, 6, 7, 8, 9]
Index: []
Clusters Ordened By clusters lenght: 
Empty DataFrame
Columns: [0, 1, 2, 3, 4, 5, 6, 7, 8, 9]
Index: []
Clusters Ordened By clusters lenght: 
Empty DataFrame
Columns: [0, 1, 2, 3, 4, 5, 6, 7, 8, 9]
Index: []
Clusters Ordened By clusters lenght: 
Empty DataFrame
Columns: [0, 1, 2, 3, 4, 5, 6, 7, 8, 9]
Index: []
Clusters Ordened By clusters lenght: 
Empty DataFrame
Columns: [0, 1, 2, 3, 4, 5, 6, 7, 8, 9]
Index: []
Clusters Ordened By clusters lenght: 
Empty DataFrame
Columns: [0, 1, 2, 3, 4, 5, 6, 7, 8, 9]
Index: []
Clusters Ordened By clusters lenght: 
Empty DataFrame
Columns: [0, 1, 2, 3, 4, 5, 6, 7, 8, 9]
Index: []
Clusters Ordened By clusters lenght: 
Empty DataFrame
Columns: [0, 1, 2, 3, 4, 5, 6, 7, 8, 9]
Index: []
Clusters Ordened By clusters lenght: 
    0  1  2  3  4  5  6  7                                         8  9
56  C  4  6  *  *  *  *  *  50bd7711-80dc-4540-a94d-e876deb8c88d-IGK  *
Clusters Ordened By clusters lenght: 
Empty DataFrame
Columns: [0, 1, 2, 3, 4, 5, 6, 7, 8, 9]
Index: []
Clusters Ordened By clusters lenght: 
Empty DataFrame
Columns: [0, 1, 2, 3, 4, 5, 6, 7, 8, 9]
Index: []
Clusters Ordened By clusters lenght: 
Empty DataFrame
Columns: [0, 1, 2, 3, 4, 5, 6, 7, 8, 9]
Index: []
Clusters Ordened By clusters lenght: 
     0   1  2  3  4  5  6  7                                         8  9
172  C  58  5  *  *  *  *  *  349d9083-d3f7-4313-b7cd-59ebc79b6975-IGK  *
Clusters Ordened By clusters lenght: 
Empty DataFrame
Columns: [0, 1, 2, 3, 4, 5, 6, 7, 8, 9]
Index: []
Clusters Ordened By clusters lenght: 
Empty DataFrame
Columns: [0, 1, 2, 3, 4, 5, 6, 7, 8, 9]
Index: []
Clusters Ordened By clusters lenght: 
Empty DataFrame
Columns: [0, 1, 2, 3, 4, 5, 6, 7, 8, 9]
Index: []
Clusters Ordened By clusters lenght: 
    0  1  2  3  4  5  6  7                                         8  9
25  C  7  5  *  *  *  *  *  1e434dcb-b1bf-4073-9d94-21bff857ab8b-IGK  *
Clusters Ordened By clusters lenght: 
Empty DataFrame
Columns: [0, 1, 2, 3, 4, 5, 6, 7, 8, 9]
Index: []
Clusters Ordened By clusters lenght: 
Empty DataFrame
Columns: [0, 1, 2, 3, 4, 5, 6, 7, 8, 9]
Index: []
Clusters Ordened By clusters lenght: 
Empty DataFrame
Columns: [0, 1, 2, 3, 4, 5, 6, 7, 8, 9]
Index: []
Clusters Ordened By clusters lenght: 
    0  1   2  3  4  5  6  7                                         8  9
42  C  3  12  *  *  *  *  *  caebcaff-b9a7-4cc3-bd02-f633cde2df5d-IGK  *
43  C  4   9  *  *  *  *  *  5c628079-1bd8-4326-a3db-5766f688bb0b-IGK  *
Clusters Ordened By clusters lenght: 
Empty DataFrame
Columns: [0, 1, 2, 3, 4, 5, 6, 7, 8, 9]
Index: []
Clusters Ordened By clusters lenght: 
Empty DataFrame
Columns: [0, 1, 2, 3, 4, 5, 6, 7, 8, 9]
Index: []
Clusters Ordened By clusters lenght: 
Empty DataFrame
Columns: [0, 1, 2, 3, 4, 5, 6, 7, 8, 9]
Index: []
Clusters Ordened By clusters lenght: 
      0    1   2  3  4  5  6  7                                         8  9
1135  C  141  65  *  *  *  *  *  51eed183-8900-4f79-9e83-184d510e3318-IGK  *
1019  C   25  39  *  *  *  *  *  4d1e4854-6b1e-4aa0-b16f-7c0ee637c14a-IGK  *
1245  C  251  32  *  *  *  *  *  6da108c2-8b25-4561-8d22-abe5a38e62d1-IGK  *
1185  C  191  30  *  *  *  *  *  3e13de69-c7d2-4925-8453-b3a8bf9eaf9d-IGK  *
1015  C   21  29  *  *  *  *  *  fc402e36-be0c-4bb8-95a0-f571b259337e-IGK  *
1047  C   53  25  *  *  *  *  *  051d7dd9-7552-43b3-b502-391d692864f8-IGK  *
1056  C   62  23  *  *  *  *  *  2ad6330e-5c97-48c7-9f38-9ab1d801d360-IGK  *
1064  C   70  21  *  *  *  *  *  57c59c77-5c71-46e7-a2e6-184c9117cf84-IGK  *
1043  C   49  20  *  *  *  *  *  ca6c9009-6dda-4db1-8121-e8ad62f884dc-IGK  *
1011  C   17  20  *  *  *  *  *  2945c853-6e10-4508-b746-59073f190321-IGK  *
1134  C  140  20  *  *  *  *  *  4b7bd4b7-d390-4c7b-8982-3aa66f1da993-IGK  *
1006  C   12  19  *  *  *  *  *  d6cb4634-18aa-4593-a08e-026cca853f26-IGK  *
1287  C  293  18  *  *  *  *  *  99a36cc3-7db4-4657-a0f3-54cd30aed3c1-IGK  *
1171  C  177  17  *  *  *  *  *  1821baba-072a-4d8b-a7ad-568c600bcd97-IGK  *
1192  C  198  14  *  *  *  *  *  70335f6f-0b46-4dfc-9d1b-ed00b780cdb3-IGK  *
1127  C  133  13  *  *  *  *  *  2c124822-27d6-4876-a3fc-9cfa8798bf8f-IGK  *
1165  C  171  13  *  *  *  *  *  05e8048d-2873-4aea-8b0a-55201b292ca1-IGK  *
1144  C  150  10  *  *  *  *  *  8d9417db-480f-42f8-ab1d-9f72bd533b11-IGK  *
1020  C   26   9  *  *  *  *  *  615fdd10-19aa-432d-968f-f7773407586b-IGK  *
1046  C   52   9  *  *  *  *  *  02bbdd3e-0f49-409e-80bc-dbaee4438127-IGK  *
1052  C   58   9  *  *  *  *  *  1b46acca-441c-4f64-9799-cedd61fbf18e-IGK  *
1012  C   18   8  *  *  *  *  *  465eef68-a982-4aff-8b7d-9a7c6f1f34cd-IGK  *
1180  C  186   8  *  *  *  *  *  34a7bdc6-21aa-4dec-847b-e11c97d8a50e-IGK  *
1119  C  125   8  *  *  *  *  *  0f4c1ff7-0c3c-4c21-ad45-06f79df1bb98-IGK  *
1292  C  298   8  *  *  *  *  *  408c7400-c926-4aa8-b59a-6b88b6217b8b-IGK  *
1202  C  208   8  *  *  *  *  *  a3202f7a-743f-46f6-8503-a1dc88029c80-IGK  *
1038  C   44   8  *  *  *  *  *  a26373fc-8cf0-4b7b-90df-61e32448e815-IGK  *
1123  C  129   7  *  *  *  *  *  2860583d-98c1-429a-ae2f-dd312edc5123-IGK  *
1035  C   41   7  *  *  *  *  *  4d44a4c4-30e8-4a8c-aefc-e0f105e86cf0-IGK  *
1054  C   60   7  *  *  *  *  *  24c183ad-3fac-41b8-9ea8-e404ab8f13a4-IGK  *
1097  C  103   7  *  *  *  *  *  78df5ce3-894a-4a36-a02b-8fd96b630ac3-IGK  *
1017  C   23   7  *  *  *  *  *  279de53e-1c8f-41b1-8749-e37599bc4fb0-IGK  *
1093  C   99   6  *  *  *  *  *  642d45e1-56cf-4c35-8ecc-229ebf852b43-IGK  *
1155  C  161   6  *  *  *  *  *  d414d5f0-3db9-4115-b0cb-c435d6963054-IGK  *
1053  C   59   6  *  *  *  *  *  20f3cfe8-6ff5-4c0c-b8e5-5f9bec9effb7-IGK  *
1133  C  139   6  *  *  *  *  *  480dc0f1-ce17-4d7a-bce8-49dbf069e35f-IGK  *
1186  C  192   6  *  *  *  *  *  410cd6c0-d091-47ff-9418-607be8290b62-IGK  *
1033  C   39   5  *  *  *  *  *  474b5435-4cf3-4908-8d38-faab825db96f-IGK  *
1025  C   31   5  *  *  *  *  *  ae24296f-6196-4ada-862b-97d56a3d5286-IGK  *
1051  C   57   5  *  *  *  *  *  1afad5f2-59c2-4555-9b5a-d5a090a34dd6-IGK  *
1108  C  114   5  *  *  *  *  *  cd1f0184-2cc5-4336-8519-2e451fd029bc-IGK  *
1090  C   96   5  *  *  *  *  *  38af220a-3810-44b2-9572-a1553e1909a7-IGK  *
1141  C  147   5  *  *  *  *  *  64776e4b-c710-4526-bb2e-6a5da781c591-IGK  *
1166  C  172   5  *  *  *  *  *  06228600-4e98-4ce5-aa23-61b9137095d2-IGK  *
1071  C   77   4  *  *  *  *  *  76baa7bd-bcea-443f-bbe8-5dc882863482-IGK  *
1084  C   90   4  *  *  *  *  *  f9be26f9-b36c-4ccd-b9b6-1cd200d5fb3c-IGK  *
1109  C  115   4  *  *  *  *  *  dcc00733-12d2-482b-9b65-a9bbf0730e55-IGK  *
1118  C  124   4  *  *  *  *  *  0a3e307b-390f-4f47-a4eb-11a768014df2-IGK  *
1181  C  187   4  *  *  *  *  *  35dc0ae5-72f4-4f87-baf3-9000e6c7be49-IGK  *
1191  C  197   4  *  *  *  *  *  5575cea5-7d2c-4288-9034-e29e994a8cdb-IGK  *
1286  C  292   4  *  *  *  *  *  71ad0812-3f0a-406f-a1e2-12463fa2860a-IGK  *
Clusters Ordened By clusters lenght: 
Empty DataFrame
Columns: [0, 1, 2, 3, 4, 5, 6, 7, 8, 9]
Index: []
Clusters Ordened By clusters lenght: 
Empty DataFrame
Columns: [0, 1, 2, 3, 4, 5, 6, 7, 8, 9]
Index: []
Clusters Ordened By clusters lenght: 
Empty DataFrame
Columns: [0, 1, 2, 3, 4, 5, 6, 7, 8, 9]
Index: []
Clusters Ordened By clusters lenght: 
Empty DataFrame
Columns: [0, 1, 2, 3, 4, 5, 6, 7, 8, 9]
Index: []
Clusters Ordened By clusters lenght: 
Empty DataFrame
Columns: [0, 1, 2, 3, 4, 5, 6, 7, 8, 9]
Index: []
Clusters Ordened By clusters lenght: 
Empty DataFrame
Columns: [0, 1, 2, 3, 4, 5, 6, 7, 8, 9]
Index: []
Clusters Ordened By clusters lenght: 
    0   1  2  3  4  5  6  7                                         8  9
79  C  18  6  *  *  *  *  *  47f14fe4-68a9-4714-808e-18fdd06cb224-IGK  *
Clusters Ordened By clusters lenght: 
Empty DataFrame
Columns: [0, 1, 2, 3, 4, 5, 6, 7, 8, 9]
Index: []
Clusters Ordened By clusters lenght: 
Empty DataFrame
Columns: [0, 1, 2, 3, 4, 5, 6, 7, 8, 9]
Index: []
Clusters Ordened By clusters lenght: 
Empty DataFrame
Columns: [0, 1, 2, 3, 4, 5, 6, 7, 8, 9]
Index: []
Clusters Ordened By clusters lenght: 
Empty DataFrame
Columns: [0, 1, 2, 3, 4, 5, 6, 7, 8, 9]
Index: []
Clusters Ordened By clusters lenght: 
     0   1  2  3  4  5  6  7                                         8  9
177  C  32  8  *  *  *  *  *  12e8fc50-cf5f-49e2-9a25-88411c0d382f-IGK  *
190  C  45  7  *  *  *  *  *  364d7917-aefb-4bd2-8a4b-aa3a2c420a28-IGK  *
173  C  28  4  *  *  *  *  *  047f05af-b4e9-4890-9d82-780e44cf832a-IGK  *
Clusters Ordened By clusters lenght: 
Empty DataFrame
Columns: [0, 1, 2, 3, 4, 5, 6, 7, 8, 9]
Index: []
Clusters Ordened By clusters lenght: 
Empty DataFrame
Columns: [0, 1, 2, 3, 4, 5, 6, 7, 8, 9]
Index: []
Clusters Ordened By clusters lenght: 
Empty DataFrame
Columns: [0, 1, 2, 3, 4, 5, 6, 7, 8, 9]
Index: []
Clusters Ordened By clusters lenght: 
Empty DataFrame
Columns: [0, 1, 2, 3, 4, 5, 6, 7, 8, 9]
Index: []
Clusters Ordened By clusters lenght: 
Empty DataFrame
Columns: [0, 1, 2, 3, 4, 5, 6, 7, 8, 9]
Index: []
Clusters Ordened By clusters lenght: 
Empty DataFrame
Columns: [0, 1, 2, 3, 4, 5, 6, 7, 8, 9]
Index: []
Clusters Ordened By clusters lenght: 
Empty DataFrame
Columns: [0, 1, 2, 3, 4, 5, 6, 7, 8, 9]
Index: []
Clusters Ordened By clusters lenght: 
Empty DataFrame
Columns: [0, 1, 2, 3, 4, 5, 6, 7, 8, 9]
Index: []
Clusters Ordened By clusters lenght: 
Empty DataFrame
Columns: [0, 1, 2, 3, 4, 5, 6, 7, 8, 9]
Index: []
Clusters Ordened By clusters lenght: 
Empty DataFrame
Columns: [0, 1, 2, 3, 4, 5, 6, 7, 8, 9]
Index: []
Clusters Ordened By clusters lenght: 
Empty DataFrame
Columns: [0, 1, 2, 3, 4, 5, 6, 7, 8, 9]
Index: []
Clusters Ordened By clusters lenght: 
Empty DataFrame
Columns: [0, 1, 2, 3, 4, 5, 6, 7, 8, 9]
Index: []
Clusters Ordened By clusters lenght: 
Empty DataFrame
Columns: [0, 1, 2, 3, 4, 5, 6, 7, 8, 9]
Index: []
Clusters Ordened By clusters lenght: 
Empty DataFrame
Columns: [0, 1, 2, 3, 4, 5, 6, 7, 8, 9]
Index: []
Clusters Ordened By clusters lenght: 
   0  1  2  3  4  5  6  7                                         8  9
7  C  0  7  *  *  *  *  *  0357f20e-7ce0-4029-b9df-9f2da3f175cb-IGK  *
Clusters Ordened By clusters lenght: 
Empty DataFrame
Columns: [0, 1, 2, 3, 4, 5, 6, 7, 8, 9]
Index: []
Clusters Ordened By clusters lenght: 
    0   1  2  3  4  5  6  7                                         8  9
49  C   3  5  *  *  *  *  *  a7d40530-ffa4-4fcf-abdc-4f05e471e075-IGK  *
56  C  10  5  *  *  *  *  *  e339c846-cdac-486c-a910-0a1e29dc91be-IGK  *
58  C  12  4  *  *  *  *  *  1e3d6555-c074-4749-b809-9f895b32b84b-IGK  *
Clusters Ordened By clusters lenght: 
Empty DataFrame
Columns: [0, 1, 2, 3, 4, 5, 6, 7, 8, 9]
Index: []
Clusters Ordened By clusters lenght: 
Empty DataFrame
Columns: [0, 1, 2, 3, 4, 5, 6, 7, 8, 9]
Index: []
Clusters Ordened By clusters lenght: 
Empty DataFrame
Columns: [0, 1, 2, 3, 4, 5, 6, 7, 8, 9]
Index: []
Clusters Ordened By clusters lenght: 
Empty DataFrame
Columns: [0, 1, 2, 3, 4, 5, 6, 7, 8, 9]
Index: []
Clusters Ordened By clusters lenght: 
Empty DataFrame
Columns: [0, 1, 2, 3, 4, 5, 6, 7, 8, 9]
Index: []
Clusters Ordened By clusters lenght: 
Empty DataFrame
Columns: [0, 1, 2, 3, 4, 5, 6, 7, 8, 9]
Index: []
Clusters Ordened By clusters lenght: 
Empty DataFrame
Columns: [0, 1, 2, 3, 4, 5, 6, 7, 8, 9]
Index: []
Clusters Ordened By clusters lenght: 
Empty DataFrame
Columns: [0, 1, 2, 3, 4, 5, 6, 7, 8, 9]
Index: []
Clusters Ordened By clusters lenght: 
Empty DataFrame
Columns: [0, 1, 2, 3, 4, 5, 6, 7, 8, 9]
Index: []
Clusters Ordened By clusters lenght: 
Empty DataFrame
Columns: [0, 1, 2, 3, 4, 5, 6, 7, 8, 9]
Index: []
Clusters Ordened By clusters lenght: 
    0  1   2  3  4  5  6  7                                         8  9
60  C  6  22  *  *  *  *  *  4b944c9b-542d-4b71-9761-595f90b084d2-IGK  *
Clusters Ordened By clusters lenght: 
Empty DataFrame
Columns: [0, 1, 2, 3, 4, 5, 6, 7, 8, 9]
Index: []
Clusters Ordened By clusters lenght: 
Empty DataFrame
Columns: [0, 1, 2, 3, 4, 5, 6, 7, 8, 9]
Index: []
Clusters Ordened By clusters lenght: 
Empty DataFrame
Columns: [0, 1, 2, 3, 4, 5, 6, 7, 8, 9]
Index: []
Clusters Ordened By clusters lenght: 
Empty DataFrame
Columns: [0, 1, 2, 3, 4, 5, 6, 7, 8, 9]
Index: []
Clusters Ordened By clusters lenght: 
Empty DataFrame
Columns: [0, 1, 2, 3, 4, 5, 6, 7, 8, 9]
Index: []
Clusters Ordened By clusters lenght: 
Empty DataFrame
Columns: [0, 1, 2, 3, 4, 5, 6, 7, 8, 9]
Index: []
Clusters Ordened By clusters lenght: 
Empty DataFrame
Columns: [0, 1, 2, 3, 4, 5, 6, 7, 8, 9]
Index: []
Clusters Ordened By clusters lenght: 
Empty DataFrame
Columns: [0, 1, 2, 3, 4, 5, 6, 7, 8, 9]
Index: []
Clusters Ordened By clusters lenght: 
Empty DataFrame
Columns: [0, 1, 2, 3, 4, 5, 6, 7, 8, 9]
Index: []
Clusters Ordened By clusters lenght: 
Empty DataFrame
Columns: [0, 1, 2, 3, 4, 5, 6, 7, 8, 9]
Index: []
Clusters Ordened By clusters lenght: 
Empty DataFrame
Columns: [0, 1, 2, 3, 4, 5, 6, 7, 8, 9]
Index: []
Clusters Ordened By clusters lenght: 
    0  1  2  3  4  5  6  7                                         8  9
19  C  3  6  *  *  *  *  *  26450f96-f764-4554-a2a2-ddf0d7d2537a-IGK  *
Clusters Ordened By clusters lenght: 
Empty DataFrame
Columns: [0, 1, 2, 3, 4, 5, 6, 7, 8, 9]
Index: []
Clusters Ordened By clusters lenght: 
Empty DataFrame
Columns: [0, 1, 2, 3, 4, 5, 6, 7, 8, 9]
Index: []
Clusters Ordened By clusters lenght: 
Empty DataFrame
Columns: [0, 1, 2, 3, 4, 5, 6, 7, 8, 9]
Index: []
Clusters Ordened By clusters lenght: 
Empty DataFrame
Columns: [0, 1, 2, 3, 4, 5, 6, 7, 8, 9]
Index: []
Clusters Ordened By clusters lenght: 
Empty DataFrame
Columns: [0, 1, 2, 3, 4, 5, 6, 7, 8, 9]
Index: []
Clusters Ordened By clusters lenght: 
Empty DataFrame
Columns: [0, 1, 2, 3, 4, 5, 6, 7, 8, 9]
Index: []
Clusters Ordened By clusters lenght: 
Empty DataFrame
Columns: [0, 1, 2, 3, 4, 5, 6, 7, 8, 9]
Index: []
Clusters Ordened By clusters lenght: 
Empty DataFrame
Columns: [0, 1, 2, 3, 4, 5, 6, 7, 8, 9]
Index: []
Clusters Ordened By clusters lenght: 
Empty DataFrame
Columns: [0, 1, 2, 3, 4, 5, 6, 7, 8, 9]
Index: []
Clusters Ordened By clusters lenght: 
Empty DataFrame
Columns: [0, 1, 2, 3, 4, 5, 6, 7, 8, 9]
Index: []
Clusters Ordened By clusters lenght: 
Empty DataFrame
Columns: [0, 1, 2, 3, 4, 5, 6, 7, 8, 9]
Index: []
Clusters Ordened By clusters lenght: 
Empty DataFrame
Columns: [0, 1, 2, 3, 4, 5, 6, 7, 8, 9]
Index: []
Clusters Ordened By clusters lenght: 
   0  1  2  3  4  5  6  7                                         8  9
8  C  1  5  *  *  *  *  *  367d4972-5d45-4caf-a03a-9c92c57342d5-IGH  *
Clusters Ordened By clusters lenght: 
Empty DataFrame
Columns: [0, 1, 2, 3, 4, 5, 6, 7, 8, 9]
Index: []
Clusters Ordened By clusters lenght: 
Empty DataFrame
Columns: [0, 1, 2, 3, 4, 5, 6, 7, 8, 9]
Index: []
Clusters Ordened By clusters lenght: 
Empty DataFrame
Columns: [0, 1, 2, 3, 4, 5, 6, 7, 8, 9]
Index: []
Clusters Ordened By clusters lenght: 
Empty DataFrame
Columns: [0, 1, 2, 3, 4, 5, 6, 7, 8, 9]
Index: []
Clusters Ordened By clusters lenght: 
Empty DataFrame
Columns: [0, 1, 2, 3, 4, 5, 6, 7, 8, 9]
Index: []
Clusters Ordened By clusters lenght: 
Empty DataFrame
Columns: [0, 1, 2, 3, 4, 5, 6, 7, 8, 9]
Index: []
Clusters Ordened By clusters lenght: 
    0  1  2  3  4  5  6  7                                         8  9
31  C  7  4  *  *  *  *  *  5768be0e-fad5-403b-b953-57be1fcfec01-IGH  *
Clusters Ordened By clusters lenght: 
Empty DataFrame
Columns: [0, 1, 2, 3, 4, 5, 6, 7, 8, 9]
Index: []
Clusters Ordened By clusters lenght: 
Empty DataFrame
Columns: [0, 1, 2, 3, 4, 5, 6, 7, 8, 9]
Index: []
Clusters Ordened By clusters lenght: 
Empty DataFrame
Columns: [0, 1, 2, 3, 4, 5, 6, 7, 8, 9]
Index: []
Clusters Ordened By clusters lenght: 
Empty DataFrame
Columns: [0, 1, 2, 3, 4, 5, 6, 7, 8, 9]
Index: []
Clusters Ordened By clusters lenght: 
Empty DataFrame
Columns: [0, 1, 2, 3, 4, 5, 6, 7, 8, 9]
Index: []
Clusters Ordened By clusters lenght: 
Empty DataFrame
Columns: [0, 1, 2, 3, 4, 5, 6, 7, 8, 9]
Index: []
Clusters Ordened By clusters lenght: 
Empty DataFrame
Columns: [0, 1, 2, 3, 4, 5, 6, 7, 8, 9]
Index: []
Clusters Ordened By clusters lenght: 
Empty DataFrame
Columns: [0, 1, 2, 3, 4, 5, 6, 7, 8, 9]
Index: []
Clusters Ordened By clusters lenght: 
Empty DataFrame
Columns: [0, 1, 2, 3, 4, 5, 6, 7, 8, 9]
Index: []
Clusters Ordened By clusters lenght: 
Empty DataFrame
Columns: [0, 1, 2, 3, 4, 5, 6, 7, 8, 9]
Index: []
Clusters Ordened By clusters lenght: 
Empty DataFrame
Columns: [0, 1, 2, 3, 4, 5, 6, 7, 8, 9]
Index: []
Clusters Ordened By clusters lenght: 
Empty DataFrame
Columns: [0, 1, 2, 3, 4, 5, 6, 7, 8, 9]
Index: []
Clusters Ordened By clusters lenght: 
Empty DataFrame
Columns: [0, 1, 2, 3, 4, 5, 6, 7, 8, 9]
Index: []
Clusters Ordened By clusters lenght: 
Empty DataFrame
Columns: [0, 1, 2, 3, 4, 5, 6, 7, 8, 9]
Index: []
Clusters Ordened By clusters lenght: 
Empty DataFrame
Columns: [0, 1, 2, 3, 4, 5, 6, 7, 8, 9]
Index: []
Clusters Ordened By clusters lenght: 
Empty DataFrame
Columns: [0, 1, 2, 3, 4, 5, 6, 7, 8, 9]
Index: []
Clusters Ordened By clusters lenght: 
Empty DataFrame
Columns: [0, 1, 2, 3, 4, 5, 6, 7, 8, 9]
Index: []
Clusters Ordened By clusters lenght: 
Empty DataFrame
Columns: [0, 1, 2, 3, 4, 5, 6, 7, 8, 9]
Index: []
Clusters Ordened By clusters lenght: 
Empty DataFrame
Columns: [0, 1, 2, 3, 4, 5, 6, 7, 8, 9]
Index: []
Clusters Ordened By clusters lenght: 
Empty DataFrame
Columns: [0, 1, 2, 3, 4, 5, 6, 7, 8, 9]
Index: []
Clusters Ordened By clusters lenght: 
Empty DataFrame
Columns: [0, 1, 2, 3, 4, 5, 6, 7, 8, 9]
Index: []
Clusters Ordened By clusters lenght: 
Empty DataFrame
Columns: [0, 1, 2, 3, 4, 5, 6, 7, 8, 9]
Index: []
Clusters Ordened By clusters lenght: 
Empty DataFrame
Columns: [0, 1, 2, 3, 4, 5, 6, 7, 8, 9]
Index: []
Clusters Ordened By clusters lenght: 
Empty DataFrame
Columns: [0, 1, 2, 3, 4, 5, 6, 7, 8, 9]
Index: []
Clusters Ordened By clusters lenght: 
Empty DataFrame
Columns: [0, 1, 2, 3, 4, 5, 6, 7, 8, 9]
Index: []
Clusters Ordened By clusters lenght: 
Empty DataFrame
Columns: [0, 1, 2, 3, 4, 5, 6, 7, 8, 9]
Index: []
Clusters Ordened By clusters lenght: 
Empty DataFrame
Columns: [0, 1, 2, 3, 4, 5, 6, 7, 8, 9]
Index: []
Clusters Ordened By clusters lenght: 
Empty DataFrame
Columns: [0, 1, 2, 3, 4, 5, 6, 7, 8, 9]
Index: []
Clusters Ordened By clusters lenght: 
Empty DataFrame
Columns: [0, 1, 2, 3, 4, 5, 6, 7, 8, 9]
Index: []
Clusters Ordened By clusters lenght: 
Empty DataFrame
Columns: [0, 1, 2, 3, 4, 5, 6, 7, 8, 9]
Index: []
Clusters Ordened By clusters lenght: 
Empty DataFrame
Columns: [0, 1, 2, 3, 4, 5, 6, 7, 8, 9]
Index: []
Clusters Ordened By clusters lenght: 
Empty DataFrame
Columns: [0, 1, 2, 3, 4, 5, 6, 7, 8, 9]
Index: []
Clusters Ordened By clusters lenght: 
Empty DataFrame
Columns: [0, 1, 2, 3, 4, 5, 6, 7, 8, 9]
Index: []
Clusters Ordened By clusters lenght: 
Empty DataFrame
Columns: [0, 1, 2, 3, 4, 5, 6, 7, 8, 9]
Index: []
Clusters Ordened By clusters lenght: 
    0   1  2  3  4  5  6  7                                         8  9
37  C  16  4  *  *  *  *  *  08b765a8-aa2e-47d3-9cbc-06f778e536cb-IGH  *
Clusters Ordened By clusters lenght: 
     0   1  2  3  4  5  6  7                                         8  9
123  C  55  4  *  *  *  *  *  3fc8b026-834c-4599-bfdd-4651eb87195d-IGH  *
Clusters Ordened By clusters lenght: 
Empty DataFrame
Columns: [0, 1, 2, 3, 4, 5, 6, 7, 8, 9]
Index: []
Clusters Ordened By clusters lenght: 
Empty DataFrame
Columns: [0, 1, 2, 3, 4, 5, 6, 7, 8, 9]
Index: []
Clusters Ordened By clusters lenght: 
Empty DataFrame
Columns: [0, 1, 2, 3, 4, 5, 6, 7, 8, 9]
Index: []
Clusters Ordened By clusters lenght: 
Empty DataFrame
Columns: [0, 1, 2, 3, 4, 5, 6, 7, 8, 9]
Index: []
Clusters Ordened By clusters lenght: 
    0  1  2  3  4  5  6  7                                         8  9
23  C  4  4  *  *  *  *  *  19fb3773-e694-473d-bc17-f686fa7acd08-IGK  *
Clusters Ordened By clusters lenght: 
Empty DataFrame
Columns: [0, 1, 2, 3, 4, 5, 6, 7, 8, 9]
Index: []
Clusters Ordened By clusters lenght: 
Empty DataFrame
Columns: [0, 1, 2, 3, 4, 5, 6, 7, 8, 9]
Index: []
Clusters Ordened By clusters lenght: 
Empty DataFrame
Columns: [0, 1, 2, 3, 4, 5, 6, 7, 8, 9]
Index: []
Clusters Ordened By clusters lenght: 
Empty DataFrame
Columns: [0, 1, 2, 3, 4, 5, 6, 7, 8, 9]
Index: []
Clusters Ordened By clusters lenght: 
Empty DataFrame
Columns: [0, 1, 2, 3, 4, 5, 6, 7, 8, 9]
Index: []
Clusters Ordened By clusters lenght: 
Empty DataFrame
Columns: [0, 1, 2, 3, 4, 5, 6, 7, 8, 9]
Index: []
Clusters Ordened By clusters lenght: 
Empty DataFrame
Columns: [0, 1, 2, 3, 4, 5, 6, 7, 8, 9]
Index: []
Clusters Ordened By clusters lenght: 
   0  1  2  3  4  5  6  7                                         8  9
8  C  0  4  *  *  *  *  *  2a62aa8a-99ea-4834-b82b-a39c436e7452-IGK  *
Clusters Ordened By clusters lenght: 
     0    1  2  3  4  5  6  7                                         8  9
293  C   54  9  *  *  *  *  *  0f7c9eb7-aecb-475e-a8d7-b888d938bdb3-IGK  *
319  C   80  5  *  *  *  *  *  3e3e7d2f-0d8c-402a-98c0-e766d8fe9c32-IGK  *
325  C   86  4  *  *  *  *  *  43d1a7cf-fe47-451a-892c-f38889dd0a86-IGK  *
368  C  129  4  *  *  *  *  *  b9d45815-9bc6-4763-8a26-fa7c945272d4-IGK  *
Clusters Ordened By clusters lenght: 
Empty DataFrame
Columns: [0, 1, 2, 3, 4, 5, 6, 7, 8, 9]
Index: []
Clusters Ordened By clusters lenght: 
Empty DataFrame
Columns: [0, 1, 2, 3, 4, 5, 6, 7, 8, 9]
Index: []
Clusters Ordened By clusters lenght: 
Empty DataFrame
Columns: [0, 1, 2, 3, 4, 5, 6, 7, 8, 9]
Index: []
Clusters Ordened By clusters lenght: 
Empty DataFrame
Columns: [0, 1, 2, 3, 4, 5, 6, 7, 8, 9]
Index: []
Clusters Ordened By clusters lenght: 
Empty DataFrame
Columns: [0, 1, 2, 3, 4, 5, 6, 7, 8, 9]
Index: []
Clusters Ordened By clusters lenght: 
Empty DataFrame
Columns: [0, 1, 2, 3, 4, 5, 6, 7, 8, 9]
Index: []
Clusters Ordened By clusters lenght: 
Empty DataFrame
Columns: [0, 1, 2, 3, 4, 5, 6, 7, 8, 9]
Index: []
Clusters Ordened By clusters lenght: 
Empty DataFrame
Columns: [0, 1, 2, 3, 4, 5, 6, 7, 8, 9]
Index: []
Clusters Ordened By clusters lenght: 
Empty DataFrame
Columns: [0, 1, 2, 3, 4, 5, 6, 7, 8, 9]
Index: []
Clusters Ordened By clusters lenght: 
Empty DataFrame
Columns: [0, 1, 2, 3, 4, 5, 6, 7, 8, 9]
Index: []
Clusters Ordened By clusters lenght: 
Empty DataFrame
Columns: [0, 1, 2, 3, 4, 5, 6, 7, 8, 9]
Index: []
Clusters Ordened By clusters lenght: 
Empty DataFrame
Columns: [0, 1, 2, 3, 4, 5, 6, 7, 8, 9]
Index: []
Clusters Ordened By clusters lenght: 
Empty DataFrame
Columns: [0, 1, 2, 3, 4, 5, 6, 7, 8, 9]
Index: []
Clusters Ordened By clusters lenght: 
Empty DataFrame
Columns: [0, 1, 2, 3, 4, 5, 6, 7, 8, 9]
Index: []
Clusters Ordened By clusters lenght: 
Empty DataFrame
Columns: [0, 1, 2, 3, 4, 5, 6, 7, 8, 9]
Index: []
Clusters Ordened By clusters lenght: 
Empty DataFrame
Columns: [0, 1, 2, 3, 4, 5, 6, 7, 8, 9]
Index: []
Clusters Ordened By clusters lenght: 
Empty DataFrame
Columns: [0, 1, 2, 3, 4, 5, 6, 7, 8, 9]
Index: []
Clusters Ordened By clusters lenght: 
Empty DataFrame
Columns: [0, 1, 2, 3, 4, 5, 6, 7, 8, 9]
Index: []
Clusters Ordened By clusters lenght: 
Empty DataFrame
Columns: [0, 1, 2, 3, 4, 5, 6, 7, 8, 9]
Index: []
Clusters Ordened By clusters lenght: 
Empty DataFrame
Columns: [0, 1, 2, 3, 4, 5, 6, 7, 8, 9]
Index: []
Clusters Ordened By clusters lenght: 
     0   1   2  3  4  5  6  7                                         8  9
136  C  21  15  *  *  *  *  *  072b46df-2c9a-4c64-95e6-e0aec80c21d5-IGK  *
121  C   6   4  *  *  *  *  *  0a7ae362-cbc3-453f-b3ce-2ef0b1766c83-IGK  *
122  C   7   4  *  *  *  *  *  67624bd0-a69b-46a7-b3d3-b99d6c06ec5d-IGK  *
139  C  24   4  *  *  *  *  *  1fbd4a25-c00f-437c-b200-044c0b881dbe-IGK  *
143  C  28   4  *  *  *  *  *  2dd1f8d9-3880-4042-bf7c-302fa830b35b-IGK  *
178  C  63   4  *  *  *  *  *  3bdb8e0c-be3c-401f-bc34-8339fba5806f-IGK  *
Clusters Ordened By clusters lenght: 
Empty DataFrame
Columns: [0, 1, 2, 3, 4, 5, 6, 7, 8, 9]
Index: []
Clusters Ordened By clusters lenght: 
Empty DataFrame
Columns: [0, 1, 2, 3, 4, 5, 6, 7, 8, 9]
Index: []
Clusters Ordened By clusters lenght: 
Empty DataFrame
Columns: [0, 1, 2, 3, 4, 5, 6, 7, 8, 9]
Index: []
Clusters Ordened By clusters lenght: 
Empty DataFrame
Columns: [0, 1, 2, 3, 4, 5, 6, 7, 8, 9]
Index: []
Clusters Ordened By clusters lenght: 
Empty DataFrame
Columns: [0, 1, 2, 3, 4, 5, 6, 7, 8, 9]
Index: []
Clusters Ordened By clusters lenght: 
    0  1  2  3  4  5  6  7                                         8  9
24  C  4  4  *  *  *  *  *  04260601-348e-4d0a-8a57-c5ebeaf39c23-IGH  *
Clusters Ordened By clusters lenght: 
Empty DataFrame
Columns: [0, 1, 2, 3, 4, 5, 6, 7, 8, 9]
Index: []
Clusters Ordened By clusters lenght: 
Empty DataFrame
Columns: [0, 1, 2, 3, 4, 5, 6, 7, 8, 9]
Index: []
Clusters Ordened By clusters lenght: 
Empty DataFrame
Columns: [0, 1, 2, 3, 4, 5, 6, 7, 8, 9]
Index: []
Clusters Ordened By clusters lenght: 
Empty DataFrame
Columns: [0, 1, 2, 3, 4, 5, 6, 7, 8, 9]
Index: []
Clusters Ordened By clusters lenght: 
Empty DataFrame
Columns: [0, 1, 2, 3, 4, 5, 6, 7, 8, 9]
Index: []
Clusters Ordened By clusters lenght: 
Empty DataFrame
Columns: [0, 1, 2, 3, 4, 5, 6, 7, 8, 9]
Index: []
Clusters Ordened By clusters lenght: 
Empty DataFrame
Columns: [0, 1, 2, 3, 4, 5, 6, 7, 8, 9]
Index: []
Clusters Ordened By clusters lenght: 
Empty DataFrame
Columns: [0, 1, 2, 3, 4, 5, 6, 7, 8, 9]
Index: []
Clusters Ordened By clusters lenght: 
Empty DataFrame
Columns: [0, 1, 2, 3, 4, 5, 6, 7, 8, 9]
Index: []
Clusters Ordened By clusters lenght: 
Empty DataFrame
Columns: [0, 1, 2, 3, 4, 5, 6, 7, 8, 9]
Index: []
Clusters Ordened By clusters lenght: 
Empty DataFrame
Columns: [0, 1, 2, 3, 4, 5, 6, 7, 8, 9]
Index: []
Clusters Ordened By clusters lenght: 
Empty DataFrame
Columns: [0, 1, 2, 3, 4, 5, 6, 7, 8, 9]
Index: []
Clusters Ordened By clusters lenght: 
Empty DataFrame
Columns: [0, 1, 2, 3, 4, 5, 6, 7, 8, 9]
Index: []
Clusters Ordened By clusters lenght: 
Empty DataFrame
Columns: [0, 1, 2, 3, 4, 5, 6, 7, 8, 9]
Index: []
Clusters Ordened By clusters lenght: 
Empty DataFrame
Columns: [0, 1, 2, 3, 4, 5, 6, 7, 8, 9]
Index: []
Clusters Ordened By clusters lenght: 
Empty DataFrame
Columns: [0, 1, 2, 3, 4, 5, 6, 7, 8, 9]
Index: []
Clusters Ordened By clusters lenght: 
     0    1  2  3  4  5  6  7                                         8  9
335  C  141  4  *  *  *  *  *  011e45ae-cb2f-488b-ba41-2b41a7d3edda-IGH  *
Clusters Ordened By clusters lenght: 
    0  1  2  3  4  5  6  7                                         8  9
31  C  0  4  *  *  *  *  *  089b667e-eff7-410b-87b6-ce9139f23d1a-IGK  *
Clusters Ordened By clusters lenght: 
Empty DataFrame
Columns: [0, 1, 2, 3, 4, 5, 6, 7, 8, 9]
Index: []
Clusters Ordened By clusters lenght: 
Empty DataFrame
Columns: [0, 1, 2, 3, 4, 5, 6, 7, 8, 9]
Index: []
Clusters Ordened By clusters lenght: 
Empty DataFrame
Columns: [0, 1, 2, 3, 4, 5, 6, 7, 8, 9]
Index: []
Clusters Ordened By clusters lenght: 
Empty DataFrame
Columns: [0, 1, 2, 3, 4, 5, 6, 7, 8, 9]
Index: []
Clusters Ordened By clusters lenght: 
Empty DataFrame
Columns: [0, 1, 2, 3, 4, 5, 6, 7, 8, 9]
Index: []
Clusters Ordened By clusters lenght: 
Empty DataFrame
Columns: [0, 1, 2, 3, 4, 5, 6, 7, 8, 9]
Index: []
Clusters Ordened By clusters lenght: 
Empty DataFrame
Columns: [0, 1, 2, 3, 4, 5, 6, 7, 8, 9]
Index: []
Clusters Ordened By clusters lenght: 
Empty DataFrame
Columns: [0, 1, 2, 3, 4, 5, 6, 7, 8, 9]
Index: []
Clusters Ordened By clusters lenght: 
    0   1   2  3  4  5  6  7                                         8  9
86  C  24  10  *  *  *  *  *  52c4b7de-b3af-4a94-820b-cc90f8ec3feb-IGH  *
68  C   6   6  *  *  *  *  *  69123d6f-11b9-4174-9514-f96ed78aa680-IGH  *
Clusters Ordened By clusters lenght: 
Empty DataFrame
Columns: [0, 1, 2, 3, 4, 5, 6, 7, 8, 9]
Index: []
Clusters Ordened By clusters lenght: 
Empty DataFrame
Columns: [0, 1, 2, 3, 4, 5, 6, 7, 8, 9]
Index: []
Clusters Ordened By clusters lenght: 
    0  1  2  3  4  5  6  7                                         8  9
12  C  2  5  *  *  *  *  *  0c914323-3034-42a1-bbb1-7c29d605e4f1-IGH  *
Clusters Ordened By clusters lenght: 
Empty DataFrame
Columns: [0, 1, 2, 3, 4, 5, 6, 7, 8, 9]
Index: []
Clusters Ordened By clusters lenght: 
Empty DataFrame
Columns: [0, 1, 2, 3, 4, 5, 6, 7, 8, 9]
Index: []
Clusters Ordened By clusters lenght: 
Empty DataFrame
Columns: [0, 1, 2, 3, 4, 5, 6, 7, 8, 9]
Index: []
Clusters Ordened By clusters lenght: 
Empty DataFrame
Columns: [0, 1, 2, 3, 4, 5, 6, 7, 8, 9]
Index: []
Clusters Ordened By clusters lenght: 
Empty DataFrame
Columns: [0, 1, 2, 3, 4, 5, 6, 7, 8, 9]
Index: []
Clusters Ordened By clusters lenght: 
     0   1  2  3  4  5  6  7                                         8  9
288  C  45  5  *  *  *  *  *  603f93e9-e7d1-44b0-8459-6994c79817fb-IGH  *
306  C  63  5  *  *  *  *  *  0e0c44b8-2f55-4167-bf2a-a73e349c4b09-IGH  *
282  C  39  4  *  *  *  *  *  2db0bdb6-ff88-4f7c-9bfe-4924dd8b3888-IGH  *
Clusters Ordened By clusters lenght: 
Empty DataFrame
Columns: [0, 1, 2, 3, 4, 5, 6, 7, 8, 9]
Index: []
Clusters Ordened By clusters lenght: 
Empty DataFrame
Columns: [0, 1, 2, 3, 4, 5, 6, 7, 8, 9]
Index: []
Clusters Ordened By clusters lenght: 
Empty DataFrame
Columns: [0, 1, 2, 3, 4, 5, 6, 7, 8, 9]
Index: []
Clusters Ordened By clusters lenght: 
   0  1  2  3  4  5  6  7                                         8  9
9  C  0  6  *  *  *  *  *  7b96e57a-6399-4a24-95ac-818a5c76b0e6-IGK  *
Clusters Ordened By clusters lenght: 
Empty DataFrame
Columns: [0, 1, 2, 3, 4, 5, 6, 7, 8, 9]
Index: []
Clusters Ordened By clusters lenght: 
Empty DataFrame
Columns: [0, 1, 2, 3, 4, 5, 6, 7, 8, 9]
Index: []
Clusters Ordened By clusters lenght: 
Empty DataFrame
Columns: [0, 1, 2, 3, 4, 5, 6, 7, 8, 9]
Index: []
Clusters Ordened By clusters lenght: 
Empty DataFrame
Columns: [0, 1, 2, 3, 4, 5, 6, 7, 8, 9]
Index: []
Clusters Ordened By clusters lenght: 
Empty DataFrame
Columns: [0, 1, 2, 3, 4, 5, 6, 7, 8, 9]
Index: []
Clusters Ordened By clusters lenght: 
   0  1  2  3  4  5  6  7                                         8  9
9  C  0  5  *  *  *  *  *  75c4a7a7-07f8-4d8d-9c29-b161f38de82d-IGH  *
Clusters Ordened By clusters lenght: 
Empty DataFrame
Columns: [0, 1, 2, 3, 4, 5, 6, 7, 8, 9]
Index: []
Clusters Ordened By clusters lenght: 
Empty DataFrame
Columns: [0, 1, 2, 3, 4, 5, 6, 7, 8, 9]
Index: []
Clusters Ordened By clusters lenght: 
Empty DataFrame
Columns: [0, 1, 2, 3, 4, 5, 6, 7, 8, 9]
Index: []
Clusters Ordened By clusters lenght: 
Empty DataFrame
Columns: [0, 1, 2, 3, 4, 5, 6, 7, 8, 9]
Index: []
Clusters Ordened By clusters lenght: 
Empty DataFrame
Columns: [0, 1, 2, 3, 4, 5, 6, 7, 8, 9]
Index: []
Clusters Ordened By clusters lenght: 
Empty DataFrame
Columns: [0, 1, 2, 3, 4, 5, 6, 7, 8, 9]
Index: []
Clusters Ordened By clusters lenght: 
     0   1   2  3  4  5  6  7                                         8  9
146  C  17  12  *  *  *  *  *  19b2ab51-d2c5-428e-bff1-92434dc3a5c6-IGK  *
138  C   9   9  *  *  *  *  *  17ee7501-e088-4feb-9c20-8b1c8954b187-IGK  *
167  C  38   8  *  *  *  *  *  0cbabc31-c5d9-4ad3-b2c1-433e7e7779d3-IGK  *
133  C   4   7  *  *  *  *  *  18b07ee2-a6a7-4b79-8b6a-4ef81185a03f-IGK  *
144  C  15   4  *  *  *  *  *  9317af2e-3712-43f7-9a10-0247e58ed50d-IGK  *
139  C  10   4  *  *  *  *  *  2f8cdb29-f64c-4985-b7e4-0cddfdd5c4cd-IGK  *
Clusters Ordened By clusters lenght: 
Empty DataFrame
Columns: [0, 1, 2, 3, 4, 5, 6, 7, 8, 9]
Index: []
Clusters Ordened By clusters lenght: 
    0  1  2  3  4  5  6  7                                         8  9
83  C  5  9  *  *  *  *  *  0d2de07d-c7cf-4dcb-a74a-c99a108fc760-IGH  *
Clusters Ordened By clusters lenght: 
Empty DataFrame
Columns: [0, 1, 2, 3, 4, 5, 6, 7, 8, 9]
Index: []
Clusters Ordened By clusters lenght: 
     0   1  2  3  4  5  6  7                                         8  9
142  C  34  5  *  *  *  *  *  22f43669-aa8f-4a63-befb-24d42f5fe0ca-IGK  *
Clusters Ordened By clusters lenght: 
Empty DataFrame
Columns: [0, 1, 2, 3, 4, 5, 6, 7, 8, 9]
Index: []
Clusters Ordened By clusters lenght: 
Empty DataFrame
Columns: [0, 1, 2, 3, 4, 5, 6, 7, 8, 9]
Index: []
Clusters Ordened By clusters lenght: 
Empty DataFrame
Columns: [0, 1, 2, 3, 4, 5, 6, 7, 8, 9]
Index: []
Clusters Ordened By clusters lenght: 
Empty DataFrame
Columns: [0, 1, 2, 3, 4, 5, 6, 7, 8, 9]
Index: []
Clusters Ordened By clusters lenght: 
Empty DataFrame
Columns: [0, 1, 2, 3, 4, 5, 6, 7, 8, 9]
Index: []
Clusters Ordened By clusters lenght: 
   0  1  2  3  4  5  6  7                                         8  9
8  C  0  6  *  *  *  *  *  0332c997-a8c0-40d6-bc8e-e9a63b114431-IGK  *
Clusters Ordened By clusters lenght: 
   0  1  2  3  4  5  6  7                                         8  9
8  C  1  4  *  *  *  *  *  20bf718c-d9d6-4115-9265-5e065fc9de55-IGK  *
Clusters Ordened By clusters lenght: 
Empty DataFrame
Columns: [0, 1, 2, 3, 4, 5, 6, 7, 8, 9]
Index: []
Clusters Ordened By clusters lenght: 
   0  1  2  3  4  5  6  7                                         8  9
5  C  0  4  *  *  *  *  *  929efae3-5ab6-421c-be48-afe60b1fafff-IGK  *
Clusters Ordened By clusters lenght: 
Empty DataFrame
Columns: [0, 1, 2, 3, 4, 5, 6, 7, 8, 9]
Index: []
Clusters Ordened By clusters lenght: 
Empty DataFrame
Columns: [0, 1, 2, 3, 4, 5, 6, 7, 8, 9]
Index: []
Clusters Ordened By clusters lenght: 
Empty DataFrame
Columns: [0, 1, 2, 3, 4, 5, 6, 7, 8, 9]
Index: []
Clusters Ordened By clusters lenght: 
Empty DataFrame
Columns: [0, 1, 2, 3, 4, 5, 6, 7, 8, 9]
Index: []
Clusters Ordened By clusters lenght: 
Empty DataFrame
Columns: [0, 1, 2, 3, 4, 5, 6, 7, 8, 9]
Index: []
Clusters Ordened By clusters lenght: 
Empty DataFrame
Columns: [0, 1, 2, 3, 4, 5, 6, 7, 8, 9]
Index: []
Clusters Ordened By clusters lenght: 
Empty DataFrame
Columns: [0, 1, 2, 3, 4, 5, 6, 7, 8, 9]
Index: []
Clusters Ordened By clusters lenght: 
Empty DataFrame
Columns: [0, 1, 2, 3, 4, 5, 6, 7, 8, 9]
Index: []
Clusters Ordened By clusters lenght: 
Empty DataFrame
Columns: [0, 1, 2, 3, 4, 5, 6, 7, 8, 9]
Index: []
Clusters Ordened By clusters lenght: 
Empty DataFrame
Columns: [0, 1, 2, 3, 4, 5, 6, 7, 8, 9]
Index: []
Clusters Ordened By clusters lenght: 
Empty DataFrame
Columns: [0, 1, 2, 3, 4, 5, 6, 7, 8, 9]
Index: []
Clusters Ordened By clusters lenght: 
Empty DataFrame
Columns: [0, 1, 2, 3, 4, 5, 6, 7, 8, 9]
Index: []
Clusters Ordened By clusters lenght: 
Empty DataFrame
Columns: [0, 1, 2, 3, 4, 5, 6, 7, 8, 9]
Index: []
Clusters Ordened By clusters lenght: 
Empty DataFrame
Columns: [0, 1, 2, 3, 4, 5, 6, 7, 8, 9]
Index: []
Clusters Ordened By clusters lenght: 
Empty DataFrame
Columns: [0, 1, 2, 3, 4, 5, 6, 7, 8, 9]
Index: []
Clusters Ordened By clusters lenght: 
     0   1  2  3  4  5  6  7                                         8  9
214  C  74  4  *  *  *  *  *  25341b7f-f057-4aa8-97d9-9eb8a1549567-IGH  *
Clusters Ordened By clusters lenght: 
Empty DataFrame
Columns: [0, 1, 2, 3, 4, 5, 6, 7, 8, 9]
Index: []
Clusters Ordened By clusters lenght: 
Empty DataFrame
Columns: [0, 1, 2, 3, 4, 5, 6, 7, 8, 9]
Index: []
Clusters Ordened By clusters lenght: 
Empty DataFrame
Columns: [0, 1, 2, 3, 4, 5, 6, 7, 8, 9]
Index: []
Clusters Ordened By clusters lenght: 
Empty DataFrame
Columns: [0, 1, 2, 3, 4, 5, 6, 7, 8, 9]
Index: []
Clusters Ordened By clusters lenght: 
Empty DataFrame
Columns: [0, 1, 2, 3, 4, 5, 6, 7, 8, 9]
Index: []
Clusters Ordened By clusters lenght: 
Empty DataFrame
Columns: [0, 1, 2, 3, 4, 5, 6, 7, 8, 9]
Index: []
Clusters Ordened By clusters lenght: 
Empty DataFrame
Columns: [0, 1, 2, 3, 4, 5, 6, 7, 8, 9]
Index: []
Clusters Ordened By clusters lenght: 
Empty DataFrame
Columns: [0, 1, 2, 3, 4, 5, 6, 7, 8, 9]
Index: []
Clusters Ordened By clusters lenght: 
Empty DataFrame
Columns: [0, 1, 2, 3, 4, 5, 6, 7, 8, 9]
Index: []
Clusters Ordened By clusters lenght: 
Empty DataFrame
Columns: [0, 1, 2, 3, 4, 5, 6, 7, 8, 9]
Index: []
Clusters Ordened By clusters lenght: 
Empty DataFrame
Columns: [0, 1, 2, 3, 4, 5, 6, 7, 8, 9]
Index: []
Clusters Ordened By clusters lenght: 
Empty DataFrame
Columns: [0, 1, 2, 3, 4, 5, 6, 7, 8, 9]
Index: []
Clusters Ordened By clusters lenght: 
Empty DataFrame
Columns: [0, 1, 2, 3, 4, 5, 6, 7, 8, 9]
Index: []
Clusters Ordened By clusters lenght: 
Empty DataFrame
Columns: [0, 1, 2, 3, 4, 5, 6, 7, 8, 9]
Index: []
Clusters Ordened By clusters lenght: 
Empty DataFrame
Columns: [0, 1, 2, 3, 4, 5, 6, 7, 8, 9]
Index: []
Clusters Ordened By clusters lenght: 
Empty DataFrame
Columns: [0, 1, 2, 3, 4, 5, 6, 7, 8, 9]
Index: []
Clusters Ordened By clusters lenght: 
Empty DataFrame
Columns: [0, 1, 2, 3, 4, 5, 6, 7, 8, 9]
Index: []
Clusters Ordened By clusters lenght: 
Empty DataFrame
Columns: [0, 1, 2, 3, 4, 5, 6, 7, 8, 9]
Index: []
Clusters Ordened By clusters lenght: 
Empty DataFrame
Columns: [0, 1, 2, 3, 4, 5, 6, 7, 8, 9]
Index: []
Clusters Ordened By clusters lenght: 
Empty DataFrame
Columns: [0, 1, 2, 3, 4, 5, 6, 7, 8, 9]
Index: []
Clusters Ordened By clusters lenght: 
Empty DataFrame
Columns: [0, 1, 2, 3, 4, 5, 6, 7, 8, 9]
Index: []
Clusters Ordened By clusters lenght: 
Empty DataFrame
Columns: [0, 1, 2, 3, 4, 5, 6, 7, 8, 9]
Index: []
Clusters Ordened By clusters lenght: 
Empty DataFrame
Columns: [0, 1, 2, 3, 4, 5, 6, 7, 8, 9]
Index: []
Clusters Ordened By clusters lenght: 
Empty DataFrame
Columns: [0, 1, 2, 3, 4, 5, 6, 7, 8, 9]
Index: []
Clusters Ordened By clusters lenght: 
Empty DataFrame
Columns: [0, 1, 2, 3, 4, 5, 6, 7, 8, 9]
Index: []
Clusters Ordened By clusters lenght: 
Empty DataFrame
Columns: [0, 1, 2, 3, 4, 5, 6, 7, 8, 9]
Index: []
Clusters Ordened By clusters lenght: 
Empty DataFrame
Columns: [0, 1, 2, 3, 4, 5, 6, 7, 8, 9]
Index: []
Clusters Ordened By clusters lenght: 
Empty DataFrame
Columns: [0, 1, 2, 3, 4, 5, 6, 7, 8, 9]
Index: []
Clusters Ordened By clusters lenght: 
Empty DataFrame
Columns: [0, 1, 2, 3, 4, 5, 6, 7, 8, 9]
Index: []
Clusters Ordened By clusters lenght: 
Empty DataFrame
Columns: [0, 1, 2, 3, 4, 5, 6, 7, 8, 9]
Index: []
Clusters Ordened By clusters lenght: 
Empty DataFrame
Columns: [0, 1, 2, 3, 4, 5, 6, 7, 8, 9]
Index: []
Clusters Ordened By clusters lenght: 
Empty DataFrame
Columns: [0, 1, 2, 3, 4, 5, 6, 7, 8, 9]
Index: []
Clusters Ordened By clusters lenght: 
Empty DataFrame
Columns: [0, 1, 2, 3, 4, 5, 6, 7, 8, 9]
Index: []
Clusters Ordened By clusters lenght: 
    0  1   2  3  4  5  6  7                                         8  9
11  C  0  11  *  *  *  *  *  06631cf1-db3a-4a5d-abde-b017c5d78755-IGK  *
Clusters Ordened By clusters lenght: 
Empty DataFrame
Columns: [0, 1, 2, 3, 4, 5, 6, 7, 8, 9]
Index: []
Clusters Ordened By clusters lenght: 
     0   1   2  3  4  5  6  7                                         8  9
269  C  48  19  *  *  *  *  *  a580630b-bd6a-443c-9fbf-374db43fad3e-IGK  *
272  C  51  12  *  *  *  *  *  ec1823b5-add0-4b4e-8fc6-e3d82207a403-IGK  *
258  C  37   9  *  *  *  *  *  1d3a9ab7-57b2-45a5-a739-05e61ffa7d81-IGK  *
255  C  34   9  *  *  *  *  *  13704ce9-1e45-4472-824c-ef789261b78d-IGK  *
228  C   7   8  *  *  *  *  *  076a0ac4-723e-47c1-a556-53481a802787-IGK  *
227  C   6   6  *  *  *  *  *  07521b05-78cb-4513-8d31-a0d83827b87a-IGK  *
241  C  20   6  *  *  *  *  *  a01e6800-cc5f-4742-82f8-61fa012db13e-IGK  *
231  C  10   6  *  *  *  *  *  499d8fbe-5b1a-472c-8937-c158344c0174-IGK  *
229  C   8   6  *  *  *  *  *  2ee09c3c-ff22-4455-821c-a9393e3ae1f9-IGK  *
232  C  11   5  *  *  *  *  *  4f028778-6d10-4a21-aab7-eb54f8319492-IGK  *
285  C  64   5  *  *  *  *  *  74e456cb-4dbb-4463-806b-63f7920a3a9c-IGK  *
279  C  58   5  *  *  *  *  *  3e82d73b-e472-4bba-91f3-c40a90ceafa7-IGK  *
265  C  44   5  *  *  *  *  *  78f3423c-bce1-4575-93c6-12d60c9e8b0f-IGK  *
257  C  36   4  *  *  *  *  *  18e77faf-9b9b-48e8-af94-a4c16e3b63ff-IGK  *
263  C  42   4  *  *  *  *  *  70960ec5-5beb-4394-b6f0-dba8867dc71a-IGK  *
275  C  54   4  *  *  *  *  *  09b87c79-4c00-4021-8e4a-8aa30681fe55-IGK  *
301  C  80   4  *  *  *  *  *  03f5a1bf-8c3f-4f88-ac78-fd49cd6644be-IGK  *
306  C  85   4  *  *  *  *  *  533b2704-6156-4c88-b43b-cead3dcefd91-IGK  *
Clusters Ordened By clusters lenght: 
Empty DataFrame
Columns: [0, 1, 2, 3, 4, 5, 6, 7, 8, 9]
Index: []
Clusters Ordened By clusters lenght: 
Empty DataFrame
Columns: [0, 1, 2, 3, 4, 5, 6, 7, 8, 9]
Index: []
Clusters Ordened By clusters lenght: 
Empty DataFrame
Columns: [0, 1, 2, 3, 4, 5, 6, 7, 8, 9]
Index: []
Clusters Ordened By clusters lenght: 
Empty DataFrame
Columns: [0, 1, 2, 3, 4, 5, 6, 7, 8, 9]
Index: []
Clusters Ordened By clusters lenght: 
Empty DataFrame
Columns: [0, 1, 2, 3, 4, 5, 6, 7, 8, 9]
Index: []
Clusters Ordened By clusters lenght: 
    0  1   2  3  4  5  6  7                                         8  9
38  C  2  15  *  *  *  *  *  22a6dc0b-238a-4da9-88a6-f769b2017941-IGK  *
44  C  8   5  *  *  *  *  *  2e3bed3d-617a-439c-9836-ea418ec291fd-IGK  *
Clusters Ordened By clusters lenght: 
     0    1  2  3  4  5  6  7                                         8  9
258  C   46  6  *  *  *  *  *  08f6f3c4-62eb-44c7-b8bd-ff59e462f164-IGK  *
268  C   56  5  *  *  *  *  *  2ba98dcb-f6fe-4b54-9ff0-31fe7ba8788f-IGK  *
266  C   54  4  *  *  *  *  *  237160a6-c513-4d2e-af55-727118860413-IGK  *
279  C   67  4  *  *  *  *  *  4362b71a-2e03-4b73-b83b-c8869f1203e8-IGK  *
313  C  101  4  *  *  *  *  *  9e28d5ad-3643-4298-9f23-9a167536969e-IGK  *
Clusters Ordened By clusters lenght: 
Empty DataFrame
Columns: [0, 1, 2, 3, 4, 5, 6, 7, 8, 9]
Index: []
Clusters Ordened By clusters lenght: 
Empty DataFrame
Columns: [0, 1, 2, 3, 4, 5, 6, 7, 8, 9]
Index: []
Clusters Ordened By clusters lenght: 
Empty DataFrame
Columns: [0, 1, 2, 3, 4, 5, 6, 7, 8, 9]
Index: []
Clusters Ordened By clusters lenght: 
Empty DataFrame
Columns: [0, 1, 2, 3, 4, 5, 6, 7, 8, 9]
Index: []
Clusters Ordened By clusters lenght: 
Empty DataFrame
Columns: [0, 1, 2, 3, 4, 5, 6, 7, 8, 9]
Index: []
Clusters Ordened By clusters lenght: 
Empty DataFrame
Columns: [0, 1, 2, 3, 4, 5, 6, 7, 8, 9]
Index: []
Clusters Ordened By clusters lenght: 
Empty DataFrame
Columns: [0, 1, 2, 3, 4, 5, 6, 7, 8, 9]
Index: []
Clusters Ordened By clusters lenght: 
Empty DataFrame
Columns: [0, 1, 2, 3, 4, 5, 6, 7, 8, 9]
Index: []
Clusters Ordened By clusters lenght: 
Empty DataFrame
Columns: [0, 1, 2, 3, 4, 5, 6, 7, 8, 9]
Index: []
Clusters Ordened By clusters lenght: 
Empty DataFrame
Columns: [0, 1, 2, 3, 4, 5, 6, 7, 8, 9]
Index: []
Clusters Ordened By clusters lenght: 
Empty DataFrame
Columns: [0, 1, 2, 3, 4, 5, 6, 7, 8, 9]
Index: []
Clusters Ordened By clusters lenght: 
Empty DataFrame
Columns: [0, 1, 2, 3, 4, 5, 6, 7, 8, 9]
Index: []
Clusters Ordened By clusters lenght: 
Empty DataFrame
Columns: [0, 1, 2, 3, 4, 5, 6, 7, 8, 9]
Index: []
Clusters Ordened By clusters lenght: 
    0   1  2  3  4  5  6  7                                         8  9
61  C   1  6  *  *  *  *  *  4fa24330-898b-43a8-982f-147fc6e637fc-IGK  *
68  C   8  6  *  *  *  *  *  d3797e87-1025-4bd1-be61-879eaf511a43-IGK  *
66  C   6  5  *  *  *  *  *  21b53da8-fc44-45a1-8801-6f26aa97f02f-IGK  *
75  C  15  5  *  *  *  *  *  645535e0-eab1-40c0-add2-10c73f3e9958-IGK  *
90  C  30  5  *  *  *  *  *  63fa9353-b72e-43f9-8115-e6da0b7df6f0-IGK  *
Clusters Ordened By clusters lenght: 
Empty DataFrame
Columns: [0, 1, 2, 3, 4, 5, 6, 7, 8, 9]
Index: []
Clusters Ordened By clusters lenght: 
Empty DataFrame
Columns: [0, 1, 2, 3, 4, 5, 6, 7, 8, 9]
Index: []
Clusters Ordened By clusters lenght: 
Empty DataFrame
Columns: [0, 1, 2, 3, 4, 5, 6, 7, 8, 9]
Index: []
Clusters Ordened By clusters lenght: 
Empty DataFrame
Columns: [0, 1, 2, 3, 4, 5, 6, 7, 8, 9]
Index: []
Clusters Ordened By clusters lenght: 
   0  1  2  3  4  5  6  7                                         8  9
5  C  0  5  *  *  *  *  *  33ead7a7-aa3a-46b7-a2d7-95a9ad2dd181-IGH  *
Clusters Ordened By clusters lenght: 
Empty DataFrame
Columns: [0, 1, 2, 3, 4, 5, 6, 7, 8, 9]
Index: []
Clusters Ordened By clusters lenght: 
Empty DataFrame
Columns: [0, 1, 2, 3, 4, 5, 6, 7, 8, 9]
Index: []
Clusters Ordened By clusters lenght: 
Empty DataFrame
Columns: [0, 1, 2, 3, 4, 5, 6, 7, 8, 9]
Index: []
Clusters Ordened By clusters lenght: 
Empty DataFrame
Columns: [0, 1, 2, 3, 4, 5, 6, 7, 8, 9]
Index: []
Clusters Ordened By clusters lenght: 
Empty DataFrame
Columns: [0, 1, 2, 3, 4, 5, 6, 7, 8, 9]
Index: []
Clusters Ordened By clusters lenght: 
Empty DataFrame
Columns: [0, 1, 2, 3, 4, 5, 6, 7, 8, 9]
Index: []
Clusters Ordened By clusters lenght: 
Empty DataFrame
Columns: [0, 1, 2, 3, 4, 5, 6, 7, 8, 9]
Index: []
Clusters Ordened By clusters lenght: 
Empty DataFrame
Columns: [0, 1, 2, 3, 4, 5, 6, 7, 8, 9]
Index: []
Clusters Ordened By clusters lenght: 
Empty DataFrame
Columns: [0, 1, 2, 3, 4, 5, 6, 7, 8, 9]
Index: []
Clusters Ordened By clusters lenght: 
Empty DataFrame
Columns: [0, 1, 2, 3, 4, 5, 6, 7, 8, 9]
Index: []
Clusters Ordened By clusters lenght: 
Empty DataFrame
Columns: [0, 1, 2, 3, 4, 5, 6, 7, 8, 9]
Index: []
Clusters Ordened By clusters lenght: 
Empty DataFrame
Columns: [0, 1, 2, 3, 4, 5, 6, 7, 8, 9]
Index: []
Clusters Ordened By clusters lenght: 
Empty DataFrame
Columns: [0, 1, 2, 3, 4, 5, 6, 7, 8, 9]
Index: []
Clusters Ordened By clusters lenght: 
Empty DataFrame
Columns: [0, 1, 2, 3, 4, 5, 6, 7, 8, 9]
Index: []
Clusters Ordened By clusters lenght: 
Empty DataFrame
Columns: [0, 1, 2, 3, 4, 5, 6, 7, 8, 9]
Index: []
Clusters Ordened By clusters lenght: 
Empty DataFrame
Columns: [0, 1, 2, 3, 4, 5, 6, 7, 8, 9]
Index: []
Clusters Ordened By clusters lenght: 
Empty DataFrame
Columns: [0, 1, 2, 3, 4, 5, 6, 7, 8, 9]
Index: []
Clusters Ordened By clusters lenght: 
   0  1  2  3  4  5  6  7                                         8  9
8  C  2  4  *  *  *  *  *  1f1ffebf-e278-4088-801d-c38550029948-IGK  *
Clusters Ordened By clusters lenght: 
Empty DataFrame
Columns: [0, 1, 2, 3, 4, 5, 6, 7, 8, 9]
Index: []
Clusters Ordened By clusters lenght: 
Empty DataFrame
Columns: [0, 1, 2, 3, 4, 5, 6, 7, 8, 9]
Index: []
Clusters Ordened By clusters lenght: 
Empty DataFrame
Columns: [0, 1, 2, 3, 4, 5, 6, 7, 8, 9]
Index: []
Clusters Ordened By clusters lenght: 
Empty DataFrame
Columns: [0, 1, 2, 3, 4, 5, 6, 7, 8, 9]
Index: []
Clusters Ordened By clusters lenght: 
Empty DataFrame
Columns: [0, 1, 2, 3, 4, 5, 6, 7, 8, 9]
Index: []
Clusters Ordened By clusters lenght: 
Empty DataFrame
Columns: [0, 1, 2, 3, 4, 5, 6, 7, 8, 9]
Index: []
Clusters Ordened By clusters lenght: 
Empty DataFrame
Columns: [0, 1, 2, 3, 4, 5, 6, 7, 8, 9]
Index: []
Clusters Ordened By clusters lenght: 
Empty DataFrame
Columns: [0, 1, 2, 3, 4, 5, 6, 7, 8, 9]
Index: []
Clusters Ordened By clusters lenght: 
Empty DataFrame
Columns: [0, 1, 2, 3, 4, 5, 6, 7, 8, 9]
Index: []
Clusters Ordened By clusters lenght: 
Empty DataFrame
Columns: [0, 1, 2, 3, 4, 5, 6, 7, 8, 9]
Index: []
Clusters Ordened By clusters lenght: 
Empty DataFrame
Columns: [0, 1, 2, 3, 4, 5, 6, 7, 8, 9]
Index: []
Clusters Ordened By clusters lenght: 
Empty DataFrame
Columns: [0, 1, 2, 3, 4, 5, 6, 7, 8, 9]
Index: []
Clusters Ordened By clusters lenght: 
Empty DataFrame
Columns: [0, 1, 2, 3, 4, 5, 6, 7, 8, 9]
Index: []
Clusters Ordened By clusters lenght: 
     0   1  2  3  4  5  6  7                                         8  9
103  C   8  7  *  *  *  *  *  140d318e-0655-4496-82f1-a2a1f542cf21-IGK  *
128  C  33  7  *  *  *  *  *  5dfec951-b568-4d73-99b0-b9b46a28f630-IGK  *
105  C  10  4  *  *  *  *  *  50a3ce5c-2ca0-43fe-b0ca-75479d6db516-IGK  *
110  C  15  4  *  *  *  *  *  093ac449-cb76-4428-9ea6-e223bc3dfa62-IGK  *
Clusters Ordened By clusters lenght: 
Empty DataFrame
Columns: [0, 1, 2, 3, 4, 5, 6, 7, 8, 9]
Index: []
Clusters Ordened By clusters lenght: 
Empty DataFrame
Columns: [0, 1, 2, 3, 4, 5, 6, 7, 8, 9]
Index: []
Clusters Ordened By clusters lenght: 
Empty DataFrame
Columns: [0, 1, 2, 3, 4, 5, 6, 7, 8, 9]
Index: []
Clusters Ordened By clusters lenght: 
Empty DataFrame
Columns: [0, 1, 2, 3, 4, 5, 6, 7, 8, 9]
Index: []
Clusters Ordened By clusters lenght: 
Empty DataFrame
Columns: [0, 1, 2, 3, 4, 5, 6, 7, 8, 9]
Index: []
Clusters Ordened By clusters lenght: 
Empty DataFrame
Columns: [0, 1, 2, 3, 4, 5, 6, 7, 8, 9]
Index: []
Clusters Ordened By clusters lenght: 
Empty DataFrame
Columns: [0, 1, 2, 3, 4, 5, 6, 7, 8, 9]
Index: []
Clusters Ordened By clusters lenght: 
Empty DataFrame
Columns: [0, 1, 2, 3, 4, 5, 6, 7, 8, 9]
Index: []
Clusters Ordened By clusters lenght: 
Empty DataFrame
Columns: [0, 1, 2, 3, 4, 5, 6, 7, 8, 9]
Index: []
Clusters Ordened By clusters lenght: 
Empty DataFrame
Columns: [0, 1, 2, 3, 4, 5, 6, 7, 8, 9]
Index: []
Clusters Ordened By clusters lenght: 
Empty DataFrame
Columns: [0, 1, 2, 3, 4, 5, 6, 7, 8, 9]
Index: []
Clusters Ordened By clusters lenght: 
Empty DataFrame
Columns: [0, 1, 2, 3, 4, 5, 6, 7, 8, 9]
Index: []
Clusters Ordened By clusters lenght: 
Empty DataFrame
Columns: [0, 1, 2, 3, 4, 5, 6, 7, 8, 9]
Index: []
Clusters Ordened By clusters lenght: 
Empty DataFrame
Columns: [0, 1, 2, 3, 4, 5, 6, 7, 8, 9]
Index: []
Clusters Ordened By clusters lenght: 
Empty DataFrame
Columns: [0, 1, 2, 3, 4, 5, 6, 7, 8, 9]
Index: []
Clusters Ordened By clusters lenght: 
Empty DataFrame
Columns: [0, 1, 2, 3, 4, 5, 6, 7, 8, 9]
Index: []
Clusters Ordened By clusters lenght: 
Empty DataFrame
Columns: [0, 1, 2, 3, 4, 5, 6, 7, 8, 9]
Index: []
Clusters Ordened By clusters lenght: 
Empty DataFrame
Columns: [0, 1, 2, 3, 4, 5, 6, 7, 8, 9]
Index: []
Clusters Ordened By clusters lenght: 
Empty DataFrame
Columns: [0, 1, 2, 3, 4, 5, 6, 7, 8, 9]
Index: []
Clusters Ordened By clusters lenght: 
Empty DataFrame
Columns: [0, 1, 2, 3, 4, 5, 6, 7, 8, 9]
Index: []
Clusters Ordened By clusters lenght: 
Empty DataFrame
Columns: [0, 1, 2, 3, 4, 5, 6, 7, 8, 9]
Index: []
Clusters Ordened By clusters lenght: 
Empty DataFrame
Columns: [0, 1, 2, 3, 4, 5, 6, 7, 8, 9]
Index: []
Clusters Ordened By clusters lenght: 
Empty DataFrame
Columns: [0, 1, 2, 3, 4, 5, 6, 7, 8, 9]
Index: []
Clusters Ordened By clusters lenght: 
Empty DataFrame
Columns: [0, 1, 2, 3, 4, 5, 6, 7, 8, 9]
Index: []
Clusters Ordened By clusters lenght: 
Empty DataFrame
Columns: [0, 1, 2, 3, 4, 5, 6, 7, 8, 9]
Index: []
Clusters Ordened By clusters lenght: 
Empty DataFrame
Columns: [0, 1, 2, 3, 4, 5, 6, 7, 8, 9]
Index: []
Clusters Ordened By clusters lenght: 
Empty DataFrame
Columns: [0, 1, 2, 3, 4, 5, 6, 7, 8, 9]
Index: []
Clusters Ordened By clusters lenght: 
Empty DataFrame
Columns: [0, 1, 2, 3, 4, 5, 6, 7, 8, 9]
Index: []
Clusters Ordened By clusters lenght: 
Empty DataFrame
Columns: [0, 1, 2, 3, 4, 5, 6, 7, 8, 9]
Index: []
Clusters Ordened By clusters lenght: 
Empty DataFrame
Columns: [0, 1, 2, 3, 4, 5, 6, 7, 8, 9]
Index: []
Clusters Ordened By clusters lenght: 
Empty DataFrame
Columns: [0, 1, 2, 3, 4, 5, 6, 7, 8, 9]
Index: []
Clusters Ordened By clusters lenght: 
Empty DataFrame
Columns: [0, 1, 2, 3, 4, 5, 6, 7, 8, 9]
Index: []
Clusters Ordened By clusters lenght: 
Empty DataFrame
Columns: [0, 1, 2, 3, 4, 5, 6, 7, 8, 9]
Index: []
Clusters Ordened By clusters lenght: 
    0   1  2  3  4  5  6  7                                         8  9
81  C  12  6  *  *  *  *  *  1ab93a9b-88e2-42dc-b6b3-9f30779a68ca-IGK  *
Clusters Ordened By clusters lenght: 
Empty DataFrame
Columns: [0, 1, 2, 3, 4, 5, 6, 7, 8, 9]
Index: []
Clusters Ordened By clusters lenght: 
Empty DataFrame
Columns: [0, 1, 2, 3, 4, 5, 6, 7, 8, 9]
Index: []
Clusters Ordened By clusters lenght: 
Empty DataFrame
Columns: [0, 1, 2, 3, 4, 5, 6, 7, 8, 9]
Index: []
Clusters Ordened By clusters lenght: 
Empty DataFrame
Columns: [0, 1, 2, 3, 4, 5, 6, 7, 8, 9]
Index: []
Clusters Ordened By clusters lenght: 
Empty DataFrame
Columns: [0, 1, 2, 3, 4, 5, 6, 7, 8, 9]
Index: []
Clusters Ordened By clusters lenght: 
Empty DataFrame
Columns: [0, 1, 2, 3, 4, 5, 6, 7, 8, 9]
Index: []
Clusters Ordened By clusters lenght: 
    0  1   2  3  4  5  6  7                                         8  9
40  C  3  11  *  *  *  *  *  00ac77ac-c6f5-44b2-b05f-8c381d7effb2-IGK  *
38  C  1   6  *  *  *  *  *  0ab53807-2272-4bdc-8c5f-68a29e7987f7-IGK  *
Clusters Ordened By clusters lenght: 
Empty DataFrame
Columns: [0, 1, 2, 3, 4, 5, 6, 7, 8, 9]
Index: []
Clusters Ordened By clusters lenght: 
Empty DataFrame
Columns: [0, 1, 2, 3, 4, 5, 6, 7, 8, 9]
Index: []
Clusters Ordened By clusters lenght: 
    0   1  2  3  4  5  6  7                                         8  9
55  C  10  9  *  *  *  *  *  1f7e693b-82a1-4062-8da0-03711edeed0a-IGK  *
52  C   7  7  *  *  *  *  *  8fdcc7fa-e872-4b8c-ba29-f75afe11c08b-IGK  *
Clusters Ordened By clusters lenght: 
Empty DataFrame
Columns: [0, 1, 2, 3, 4, 5, 6, 7, 8, 9]
Index: []
Clusters Ordened By clusters lenght: 
Empty DataFrame
Columns: [0, 1, 2, 3, 4, 5, 6, 7, 8, 9]
Index: []
Clusters Ordened By clusters lenght: 
Empty DataFrame
Columns: [0, 1, 2, 3, 4, 5, 6, 7, 8, 9]
Index: []
Clusters Ordened By clusters lenght: 
Empty DataFrame
Columns: [0, 1, 2, 3, 4, 5, 6, 7, 8, 9]
Index: []
Clusters Ordened By clusters lenght: 
Empty DataFrame
Columns: [0, 1, 2, 3, 4, 5, 6, 7, 8, 9]
Index: []
Clusters Ordened By clusters lenght: 
Empty DataFrame
Columns: [0, 1, 2, 3, 4, 5, 6, 7, 8, 9]
Index: []
Clusters Ordened By clusters lenght: 
Empty DataFrame
Columns: [0, 1, 2, 3, 4, 5, 6, 7, 8, 9]
Index: []
Clusters Ordened By clusters lenght: 
Empty DataFrame
Columns: [0, 1, 2, 3, 4, 5, 6, 7, 8, 9]
Index: []
Clusters Ordened By clusters lenght: 
Empty DataFrame
Columns: [0, 1, 2, 3, 4, 5, 6, 7, 8, 9]
Index: []
Clusters Ordened By clusters lenght: 
Empty DataFrame
Columns: [0, 1, 2, 3, 4, 5, 6, 7, 8, 9]
Index: []
Clusters Ordened By clusters lenght: 
Empty DataFrame
Columns: [0, 1, 2, 3, 4, 5, 6, 7, 8, 9]
Index: []
Clusters Ordened By clusters lenght: 
Empty DataFrame
Columns: [0, 1, 2, 3, 4, 5, 6, 7, 8, 9]
Index: []
Clusters Ordened By clusters lenght: 
Empty DataFrame
Columns: [0, 1, 2, 3, 4, 5, 6, 7, 8, 9]
Index: []
Clusters Ordened By clusters lenght: 
Empty DataFrame
Columns: [0, 1, 2, 3, 4, 5, 6, 7, 8, 9]
Index: []
Clusters Ordened By clusters lenght: 
Empty DataFrame
Columns: [0, 1, 2, 3, 4, 5, 6, 7, 8, 9]
Index: []
Clusters Ordened By clusters lenght: 
Empty DataFrame
Columns: [0, 1, 2, 3, 4, 5, 6, 7, 8, 9]
Index: []
Clusters Ordened By clusters lenght: 
Empty DataFrame
Columns: [0, 1, 2, 3, 4, 5, 6, 7, 8, 9]
Index: []
Clusters Ordened By clusters lenght: 
Empty DataFrame
Columns: [0, 1, 2, 3, 4, 5, 6, 7, 8, 9]
Index: []
Clusters Ordened By clusters lenght: 
Empty DataFrame
Columns: [0, 1, 2, 3, 4, 5, 6, 7, 8, 9]
Index: []
Clusters Ordened By clusters lenght: 
Empty DataFrame
Columns: [0, 1, 2, 3, 4, 5, 6, 7, 8, 9]
Index: []
Clusters Ordened By clusters lenght: 
Empty DataFrame
Columns: [0, 1, 2, 3, 4, 5, 6, 7, 8, 9]
Index: []
Clusters Ordened By clusters lenght: 
Empty DataFrame
Columns: [0, 1, 2, 3, 4, 5, 6, 7, 8, 9]
Index: []
Clusters Ordened By clusters lenght: 
     0   1   2  3  4  5  6  7                                         8  9
193  C  41  11  *  *  *  *  *  e2394516-cfbc-4f13-ae57-b9596b81fab4-IGK  *
189  C  37   5  *  *  *  *  *  3f8e5c7d-8770-4784-8983-f9a88c5ee069-IGK  *
157  C   5   4  *  *  *  *  *  66254524-0c4f-4c1d-88bd-b2093fd0e0e3-IGK  *
172  C  20   4  *  *  *  *  *  77577c5f-63e6-47f1-be5b-bb2a53a1561b-IGK  *
197  C  45   4  *  *  *  *  *  0dda19c1-2c72-41bc-ad3d-c846f5917aa5-IGK  *
Clusters Ordened By clusters lenght: 
Empty DataFrame
Columns: [0, 1, 2, 3, 4, 5, 6, 7, 8, 9]
Index: []
Clusters Ordened By clusters lenght: 
Empty DataFrame
Columns: [0, 1, 2, 3, 4, 5, 6, 7, 8, 9]
Index: []
Clusters Ordened By clusters lenght: 
Empty DataFrame
Columns: [0, 1, 2, 3, 4, 5, 6, 7, 8, 9]
Index: []
Clusters Ordened By clusters lenght: 
     0   1  2  3  4  5  6  7                                         8  9
223  C  34  7  *  *  *  *  *  32ad4a03-bf0b-434e-ad8c-d5cce3a6a9ae-IGK  *
254  C  65  6  *  *  *  *  *  776d31a5-43e6-43a4-a668-eb5fb6fd6241-IGK  *
214  C  25  6  *  *  *  *  *  1822a7b3-df17-4eaa-894d-2e2495300ba5-IGK  *
210  C  21  4  *  *  *  *  *  15f6a946-0faa-47c8-91e2-d96fbe3c9aad-IGK  *
266  C  77  4  *  *  *  *  *  8a813731-0279-431f-93ae-5755eaa1b95b-IGK  *
Clusters Ordened By clusters lenght: 
Empty DataFrame
Columns: [0, 1, 2, 3, 4, 5, 6, 7, 8, 9]
Index: []
Clusters Ordened By clusters lenght: 
Empty DataFrame
Columns: [0, 1, 2, 3, 4, 5, 6, 7, 8, 9]
Index: []
Clusters Ordened By clusters lenght: 
Empty DataFrame
Columns: [0, 1, 2, 3, 4, 5, 6, 7, 8, 9]
Index: []
Clusters Ordened By clusters lenght: 
    0  1  2  3  4  5  6  7                                         8  9
24  C  5  4  *  *  *  *  *  24b514f6-6e1d-4c71-b960-9213548360f9-IGK  *
Clusters Ordened By clusters lenght: 
Empty DataFrame
Columns: [0, 1, 2, 3, 4, 5, 6, 7, 8, 9]
Index: []
Clusters Ordened By clusters lenght: 
Empty DataFrame
Columns: [0, 1, 2, 3, 4, 5, 6, 7, 8, 9]
Index: []
Clusters Ordened By clusters lenght: 
Empty DataFrame
Columns: [0, 1, 2, 3, 4, 5, 6, 7, 8, 9]
Index: []
Clusters Ordened By clusters lenght: 
Empty DataFrame
Columns: [0, 1, 2, 3, 4, 5, 6, 7, 8, 9]
Index: []
Clusters Ordened By clusters lenght: 
Empty DataFrame
Columns: [0, 1, 2, 3, 4, 5, 6, 7, 8, 9]
Index: []
Clusters Ordened By clusters lenght: 
Empty DataFrame
Columns: [0, 1, 2, 3, 4, 5, 6, 7, 8, 9]
Index: []
Clusters Ordened By clusters lenght: 
Empty DataFrame
Columns: [0, 1, 2, 3, 4, 5, 6, 7, 8, 9]
Index: []
Clusters Ordened By clusters lenght: 
Empty DataFrame
Columns: [0, 1, 2, 3, 4, 5, 6, 7, 8, 9]
Index: []
Clusters Ordened By clusters lenght: 
Empty DataFrame
Columns: [0, 1, 2, 3, 4, 5, 6, 7, 8, 9]
Index: []
Clusters Ordened By clusters lenght: 
Empty DataFrame
Columns: [0, 1, 2, 3, 4, 5, 6, 7, 8, 9]
Index: []
Clusters Ordened By clusters lenght: 
Empty DataFrame
Columns: [0, 1, 2, 3, 4, 5, 6, 7, 8, 9]
Index: []
Clusters Ordened By clusters lenght: 
Empty DataFrame
Columns: [0, 1, 2, 3, 4, 5, 6, 7, 8, 9]
Index: []
Clusters Ordened By clusters lenght: 
Empty DataFrame
Columns: [0, 1, 2, 3, 4, 5, 6, 7, 8, 9]
Index: []
Clusters Ordened By clusters lenght: 
Empty DataFrame
Columns: [0, 1, 2, 3, 4, 5, 6, 7, 8, 9]
Index: []
Clusters Ordened By clusters lenght: 
Empty DataFrame
Columns: [0, 1, 2, 3, 4, 5, 6, 7, 8, 9]
Index: []
Clusters Ordened By clusters lenght: 
Empty DataFrame
Columns: [0, 1, 2, 3, 4, 5, 6, 7, 8, 9]
Index: []
Clusters Ordened By clusters lenght: 
Empty DataFrame
Columns: [0, 1, 2, 3, 4, 5, 6, 7, 8, 9]
Index: []
Clusters Ordened By clusters lenght: 
    0  1  2  3  4  5  6  7                                         8  9
19  C  3  5  *  *  *  *  *  2284fb67-6db7-4d82-9d68-8d63fbf08399-IGH  *
17  C  1  4  *  *  *  *  *  1a71718d-6086-4f72-a105-ee321b7a3ace-IGH  *
Clusters Ordened By clusters lenght: 
Empty DataFrame
Columns: [0, 1, 2, 3, 4, 5, 6, 7, 8, 9]
Index: []
Clusters Ordened By clusters lenght: 
Empty DataFrame
Columns: [0, 1, 2, 3, 4, 5, 6, 7, 8, 9]
Index: []
Clusters Ordened By clusters lenght: 
Empty DataFrame
Columns: [0, 1, 2, 3, 4, 5, 6, 7, 8, 9]
Index: []
Clusters Ordened By clusters lenght: 
Empty DataFrame
Columns: [0, 1, 2, 3, 4, 5, 6, 7, 8, 9]
Index: []
Clusters Ordened By clusters lenght: 
Empty DataFrame
Columns: [0, 1, 2, 3, 4, 5, 6, 7, 8, 9]
Index: []
Clusters Ordened By clusters lenght: 
Empty DataFrame
Columns: [0, 1, 2, 3, 4, 5, 6, 7, 8, 9]
Index: []
Clusters Ordened By clusters lenght: 
Empty DataFrame
Columns: [0, 1, 2, 3, 4, 5, 6, 7, 8, 9]
Index: []
Clusters Ordened By clusters lenght: 
Empty DataFrame
Columns: [0, 1, 2, 3, 4, 5, 6, 7, 8, 9]
Index: []
Clusters Ordened By clusters lenght: 
Empty DataFrame
Columns: [0, 1, 2, 3, 4, 5, 6, 7, 8, 9]
Index: []
Clusters Ordened By clusters lenght: 
Empty DataFrame
Columns: [0, 1, 2, 3, 4, 5, 6, 7, 8, 9]
Index: []
Clusters Ordened By clusters lenght: 
Empty DataFrame
Columns: [0, 1, 2, 3, 4, 5, 6, 7, 8, 9]
Index: []
Clusters Ordened By clusters lenght: 
Empty DataFrame
Columns: [0, 1, 2, 3, 4, 5, 6, 7, 8, 9]
Index: []
Clusters Ordened By clusters lenght: 
Empty DataFrame
Columns: [0, 1, 2, 3, 4, 5, 6, 7, 8, 9]
Index: []
Clusters Ordened By clusters lenght: 
Empty DataFrame
Columns: [0, 1, 2, 3, 4, 5, 6, 7, 8, 9]
Index: []
Clusters Ordened By clusters lenght: 
Empty DataFrame
Columns: [0, 1, 2, 3, 4, 5, 6, 7, 8, 9]
Index: []
Clusters Ordened By clusters lenght: 
Empty DataFrame
Columns: [0, 1, 2, 3, 4, 5, 6, 7, 8, 9]
Index: []
Clusters Ordened By clusters lenght: 
Empty DataFrame
Columns: [0, 1, 2, 3, 4, 5, 6, 7, 8, 9]
Index: []
Clusters Ordened By clusters lenght: 
Empty DataFrame
Columns: [0, 1, 2, 3, 4, 5, 6, 7, 8, 9]
Index: []
Clusters Ordened By clusters lenght: 
Empty DataFrame
Columns: [0, 1, 2, 3, 4, 5, 6, 7, 8, 9]
Index: []
Clusters Ordened By clusters lenght: 
Empty DataFrame
Columns: [0, 1, 2, 3, 4, 5, 6, 7, 8, 9]
Index: []
Clusters Ordened By clusters lenght: 
Empty DataFrame
Columns: [0, 1, 2, 3, 4, 5, 6, 7, 8, 9]
Index: []
Clusters Ordened By clusters lenght: 
Empty DataFrame
Columns: [0, 1, 2, 3, 4, 5, 6, 7, 8, 9]
Index: []
Clusters Ordened By clusters lenght: 
Empty DataFrame
Columns: [0, 1, 2, 3, 4, 5, 6, 7, 8, 9]
Index: []
Clusters Ordened By clusters lenght: 
Empty DataFrame
Columns: [0, 1, 2, 3, 4, 5, 6, 7, 8, 9]
Index: []
Clusters Ordened By clusters lenght: 
Empty DataFrame
Columns: [0, 1, 2, 3, 4, 5, 6, 7, 8, 9]
Index: []
Clusters Ordened By clusters lenght: 
Empty DataFrame
Columns: [0, 1, 2, 3, 4, 5, 6, 7, 8, 9]
Index: []
Clusters Ordened By clusters lenght: 
Empty DataFrame
Columns: [0, 1, 2, 3, 4, 5, 6, 7, 8, 9]
Index: []
Clusters Ordened By clusters lenght: 
Empty DataFrame
Columns: [0, 1, 2, 3, 4, 5, 6, 7, 8, 9]
Index: []
Clusters Ordened By clusters lenght: 
Empty DataFrame
Columns: [0, 1, 2, 3, 4, 5, 6, 7, 8, 9]
Index: []
Clusters Ordened By clusters lenght: 
Empty DataFrame
Columns: [0, 1, 2, 3, 4, 5, 6, 7, 8, 9]
Index: []
Clusters Ordened By clusters lenght: 
Empty DataFrame
Columns: [0, 1, 2, 3, 4, 5, 6, 7, 8, 9]
Index: []
Clusters Ordened By clusters lenght: 
   0  1  2  3  4  5  6  7                                         8  9
7  C  0  7  *  *  *  *  *  119a4494-34f2-4c68-ba8f-2adcd3d554ff-IGH  *
Clusters Ordened By clusters lenght: 
Empty DataFrame
Columns: [0, 1, 2, 3, 4, 5, 6, 7, 8, 9]
Index: []
Clusters Ordened By clusters lenght: 
Empty DataFrame
Columns: [0, 1, 2, 3, 4, 5, 6, 7, 8, 9]
Index: []
Clusters Ordened By clusters lenght: 
Empty DataFrame
Columns: [0, 1, 2, 3, 4, 5, 6, 7, 8, 9]
Index: []
Clusters Ordened By clusters lenght: 
Empty DataFrame
Columns: [0, 1, 2, 3, 4, 5, 6, 7, 8, 9]
Index: []
Clusters Ordened By clusters lenght: 
Empty DataFrame
Columns: [0, 1, 2, 3, 4, 5, 6, 7, 8, 9]
Index: []
Clusters Ordened By clusters lenght: 
Empty DataFrame
Columns: [0, 1, 2, 3, 4, 5, 6, 7, 8, 9]
Index: []
Clusters Ordened By clusters lenght: 
   0  1  2  3  4  5  6  7                                         8  9
8  C  0  5  *  *  *  *  *  5486dd45-34c3-4f1f-a9fa-a6da466c2664-IGH  *
Clusters Ordened By clusters lenght: 
Empty DataFrame
Columns: [0, 1, 2, 3, 4, 5, 6, 7, 8, 9]
Index: []
Clusters Ordened By clusters lenght: 
Empty DataFrame
Columns: [0, 1, 2, 3, 4, 5, 6, 7, 8, 9]
Index: []
Clusters Ordened By clusters lenght: 
Empty DataFrame
Columns: [0, 1, 2, 3, 4, 5, 6, 7, 8, 9]
Index: []
Clusters Ordened By clusters lenght: 
Empty DataFrame
Columns: [0, 1, 2, 3, 4, 5, 6, 7, 8, 9]
Index: []
Clusters Ordened By clusters lenght: 
Empty DataFrame
Columns: [0, 1, 2, 3, 4, 5, 6, 7, 8, 9]
Index: []
Clusters Ordened By clusters lenght: 
Empty DataFrame
Columns: [0, 1, 2, 3, 4, 5, 6, 7, 8, 9]
Index: []
Clusters Ordened By clusters lenght: 
Empty DataFrame
Columns: [0, 1, 2, 3, 4, 5, 6, 7, 8, 9]
Index: []
Clusters Ordened By clusters lenght: 
Empty DataFrame
Columns: [0, 1, 2, 3, 4, 5, 6, 7, 8, 9]
Index: []
Clusters Ordened By clusters lenght: 
Empty DataFrame
Columns: [0, 1, 2, 3, 4, 5, 6, 7, 8, 9]
Index: []
Clusters Ordened By clusters lenght: 
Empty DataFrame
Columns: [0, 1, 2, 3, 4, 5, 6, 7, 8, 9]
Index: []
Clusters Ordened By clusters lenght: 
Empty DataFrame
Columns: [0, 1, 2, 3, 4, 5, 6, 7, 8, 9]
Index: []
Clusters Ordened By clusters lenght: 
Empty DataFrame
Columns: [0, 1, 2, 3, 4, 5, 6, 7, 8, 9]
Index: []
Clusters Ordened By clusters lenght: 
Empty DataFrame
Columns: [0, 1, 2, 3, 4, 5, 6, 7, 8, 9]
Index: []
Clusters Ordened By clusters lenght: 
Empty DataFrame
Columns: [0, 1, 2, 3, 4, 5, 6, 7, 8, 9]
Index: []
Clusters Ordened By clusters lenght: 
Empty DataFrame
Columns: [0, 1, 2, 3, 4, 5, 6, 7, 8, 9]
Index: []
Clusters Ordened By clusters lenght: 
Empty DataFrame
Columns: [0, 1, 2, 3, 4, 5, 6, 7, 8, 9]
Index: []
Clusters Ordened By clusters lenght: 
Empty DataFrame
Columns: [0, 1, 2, 3, 4, 5, 6, 7, 8, 9]
Index: []
Clusters Ordened By clusters lenght: 
Empty DataFrame
Columns: [0, 1, 2, 3, 4, 5, 6, 7, 8, 9]
Index: []
Clusters Ordened By clusters lenght: 
Empty DataFrame
Columns: [0, 1, 2, 3, 4, 5, 6, 7, 8, 9]
Index: []
Clusters Ordened By clusters lenght: 
Empty DataFrame
Columns: [0, 1, 2, 3, 4, 5, 6, 7, 8, 9]
Index: []
Clusters Ordened By clusters lenght: 
Empty DataFrame
Columns: [0, 1, 2, 3, 4, 5, 6, 7, 8, 9]
Index: []
Clusters Ordened By clusters lenght: 
Empty DataFrame
Columns: [0, 1, 2, 3, 4, 5, 6, 7, 8, 9]
Index: []
Clusters Ordened By clusters lenght: 
Empty DataFrame
Columns: [0, 1, 2, 3, 4, 5, 6, 7, 8, 9]
Index: []
Clusters Ordened By clusters lenght: 
Empty DataFrame
Columns: [0, 1, 2, 3, 4, 5, 6, 7, 8, 9]
Index: []
Clusters Ordened By clusters lenght: 
Empty DataFrame
Columns: [0, 1, 2, 3, 4, 5, 6, 7, 8, 9]
Index: []
Clusters Ordened By clusters lenght: 
    0  1  2  3  4  5  6  7                                         8  9
12  C  2  4  *  *  *  *  *  434140cd-debf-478d-8887-7a2345bd1b8e-IGK  *
Clusters Ordened By clusters lenght: 
Empty DataFrame
Columns: [0, 1, 2, 3, 4, 5, 6, 7, 8, 9]
Index: []
Clusters Ordened By clusters lenght: 
    0   1  2  3  4  5  6  7                                         8  9
59  C  12  5  *  *  *  *  *  0d9b0cae-52d8-41e8-918c-c55ae5a8e058-IGK  *
Clusters Ordened By clusters lenght: 
Empty DataFrame
Columns: [0, 1, 2, 3, 4, 5, 6, 7, 8, 9]
Index: []
Clusters Ordened By clusters lenght: 
Empty DataFrame
Columns: [0, 1, 2, 3, 4, 5, 6, 7, 8, 9]
Index: []
Clusters Ordened By clusters lenght: 
Empty DataFrame
Columns: [0, 1, 2, 3, 4, 5, 6, 7, 8, 9]
Index: []
Clusters Ordened By clusters lenght: 
Empty DataFrame
Columns: [0, 1, 2, 3, 4, 5, 6, 7, 8, 9]
Index: []
Clusters Ordened By clusters lenght: 
Empty DataFrame
Columns: [0, 1, 2, 3, 4, 5, 6, 7, 8, 9]
Index: []
Clusters Ordened By clusters lenght: 
Empty DataFrame
Columns: [0, 1, 2, 3, 4, 5, 6, 7, 8, 9]
Index: []
Clusters Ordened By clusters lenght: 
Empty DataFrame
Columns: [0, 1, 2, 3, 4, 5, 6, 7, 8, 9]
Index: []
Clusters Ordened By clusters lenght: 
    0  1  2  3  4  5  6  7                                         8  9
20  C  5  9  *  *  *  *  *  40d91968-10ea-4cc4-910b-eed938a3fcfb-IGH  *
Clusters Ordened By clusters lenght: 
Empty DataFrame
Columns: [0, 1, 2, 3, 4, 5, 6, 7, 8, 9]
Index: []
Clusters Ordened By clusters lenght: 
Empty DataFrame
Columns: [0, 1, 2, 3, 4, 5, 6, 7, 8, 9]
Index: []
Clusters Ordened By clusters lenght: 
Empty DataFrame
Columns: [0, 1, 2, 3, 4, 5, 6, 7, 8, 9]
Index: []
Clusters Ordened By clusters lenght: 
Empty DataFrame
Columns: [0, 1, 2, 3, 4, 5, 6, 7, 8, 9]
Index: []
Clusters Ordened By clusters lenght: 
Empty DataFrame
Columns: [0, 1, 2, 3, 4, 5, 6, 7, 8, 9]
Index: []
Clusters Ordened By clusters lenght: 
     0   1  2  3  4  5  6  7                                         8  9
244  C  56  4  *  *  *  *  *  98e22587-a585-4532-8c79-2f781a3541dd-IGH  *
Clusters Ordened By clusters lenght: 
Empty DataFrame
Columns: [0, 1, 2, 3, 4, 5, 6, 7, 8, 9]
Index: []
Clusters Ordened By clusters lenght: 
Empty DataFrame
Columns: [0, 1, 2, 3, 4, 5, 6, 7, 8, 9]
Index: []
Clusters Ordened By clusters lenght: 
Empty DataFrame
Columns: [0, 1, 2, 3, 4, 5, 6, 7, 8, 9]
Index: []
Clusters Ordened By clusters lenght: 
Empty DataFrame
Columns: [0, 1, 2, 3, 4, 5, 6, 7, 8, 9]
Index: []
Clusters Ordened By clusters lenght: 
Empty DataFrame
Columns: [0, 1, 2, 3, 4, 5, 6, 7, 8, 9]
Index: []
Clusters Ordened By clusters lenght: 
Empty DataFrame
Columns: [0, 1, 2, 3, 4, 5, 6, 7, 8, 9]
Index: []
Clusters Ordened By clusters lenght: 
Empty DataFrame
Columns: [0, 1, 2, 3, 4, 5, 6, 7, 8, 9]
Index: []
Clusters Ordened By clusters lenght: 
   0  1  2  3  4  5  6  7                                         8  9
5  C  0  5  *  *  *  *  *  48cfdd28-8d7c-43bd-8b4e-16b9508c9d0f-IGH  *
Clusters Ordened By clusters lenght: 
    0  1  2  3  4  5  6  7                                         8  9
73  C  5  6  *  *  *  *  *  e925b40a-eb52-49fd-8496-1b51afdde675-IGK  *
Clusters Ordened By clusters lenght: 
Empty DataFrame
Columns: [0, 1, 2, 3, 4, 5, 6, 7, 8, 9]
Index: []
Clusters Ordened By clusters lenght: 
Empty DataFrame
Columns: [0, 1, 2, 3, 4, 5, 6, 7, 8, 9]
Index: []
Clusters Ordened By clusters lenght: 
Empty DataFrame
Columns: [0, 1, 2, 3, 4, 5, 6, 7, 8, 9]
Index: []
Clusters Ordened By clusters lenght: 
Empty DataFrame
Columns: [0, 1, 2, 3, 4, 5, 6, 7, 8, 9]
Index: []
Clusters Ordened By clusters lenght: 
    0  1  2  3  4  5  6  7                                         8  9
38  C  6  4  *  *  *  *  *  c73a9da8-7aa1-41c8-ad9f-b4851d360a3a-IGK  *
41  C  9  4  *  *  *  *  *  41132505-9c57-4ae5-8056-3837e7ca4388-IGK  *
Clusters Ordened By clusters lenght: 
Empty DataFrame
Columns: [0, 1, 2, 3, 4, 5, 6, 7, 8, 9]
Index: []
Clusters Ordened By clusters lenght: 
Empty DataFrame
Columns: [0, 1, 2, 3, 4, 5, 6, 7, 8, 9]
Index: []
Clusters Ordened By clusters lenght: 
Empty DataFrame
Columns: [0, 1, 2, 3, 4, 5, 6, 7, 8, 9]
Index: []
Clusters Ordened By clusters lenght: 
Empty DataFrame
Columns: [0, 1, 2, 3, 4, 5, 6, 7, 8, 9]
Index: []
Clusters Ordened By clusters lenght: 
Empty DataFrame
Columns: [0, 1, 2, 3, 4, 5, 6, 7, 8, 9]
Index: []
Clusters Ordened By clusters lenght: 
Empty DataFrame
Columns: [0, 1, 2, 3, 4, 5, 6, 7, 8, 9]
Index: []
Clusters Ordened By clusters lenght: 
Empty DataFrame
Columns: [0, 1, 2, 3, 4, 5, 6, 7, 8, 9]
Index: []
Clusters Ordened By clusters lenght: 
Empty DataFrame
Columns: [0, 1, 2, 3, 4, 5, 6, 7, 8, 9]
Index: []
Clusters Ordened By clusters lenght: 
Empty DataFrame
Columns: [0, 1, 2, 3, 4, 5, 6, 7, 8, 9]
Index: []
Clusters Ordened By clusters lenght: 
Empty DataFrame
Columns: [0, 1, 2, 3, 4, 5, 6, 7, 8, 9]
Index: []
Clusters Ordened By clusters lenght: 
Empty DataFrame
Columns: [0, 1, 2, 3, 4, 5, 6, 7, 8, 9]
Index: []
Clusters Ordened By clusters lenght: 
Empty DataFrame
Columns: [0, 1, 2, 3, 4, 5, 6, 7, 8, 9]
Index: []
Clusters Ordened By clusters lenght: 
Empty DataFrame
Columns: [0, 1, 2, 3, 4, 5, 6, 7, 8, 9]
Index: []
Clusters Ordened By clusters lenght: 
Empty DataFrame
Columns: [0, 1, 2, 3, 4, 5, 6, 7, 8, 9]
Index: []
Clusters Ordened By clusters lenght: 
Empty DataFrame
Columns: [0, 1, 2, 3, 4, 5, 6, 7, 8, 9]
Index: []
Clusters Ordened By clusters lenght: 
    0   1  2  3  4  5  6  7                                         8  9
32  C  11  4  *  *  *  *  *  3092faa4-d113-4ebe-9720-6ce8cfe57af9-IGK  *
Clusters Ordened By clusters lenght: 
Empty DataFrame
Columns: [0, 1, 2, 3, 4, 5, 6, 7, 8, 9]
Index: []
Clusters Ordened By clusters lenght: 
Empty DataFrame
Columns: [0, 1, 2, 3, 4, 5, 6, 7, 8, 9]
Index: []
Clusters Ordened By clusters lenght: 
Empty DataFrame
Columns: [0, 1, 2, 3, 4, 5, 6, 7, 8, 9]
Index: []
Clusters Ordened By clusters lenght: 
Empty DataFrame
Columns: [0, 1, 2, 3, 4, 5, 6, 7, 8, 9]
Index: []
Clusters Ordened By clusters lenght: 
Empty DataFrame
Columns: [0, 1, 2, 3, 4, 5, 6, 7, 8, 9]
Index: []
Clusters Ordened By clusters lenght: 
Empty DataFrame
Columns: [0, 1, 2, 3, 4, 5, 6, 7, 8, 9]
Index: []
Clusters Ordened By clusters lenght: 
    0  1  2  3  4  5  6  7                                         8  9
26  C  0  4  *  *  *  *  *  0c3e75e0-40db-45b4-94b8-87d668e19f6d-IGK  *
Clusters Ordened By clusters lenght: 
Empty DataFrame
Columns: [0, 1, 2, 3, 4, 5, 6, 7, 8, 9]
Index: []
Clusters Ordened By clusters lenght: 
Empty DataFrame
Columns: [0, 1, 2, 3, 4, 5, 6, 7, 8, 9]
Index: []
Clusters Ordened By clusters lenght: 
     0  1  2  3  4  5  6  7                                         8  9
112  C  7  4  *  *  *  *  *  7d0ab03d-777a-4025-82c9-ff56ebda126b-IGH  *
Clusters Ordened By clusters lenght: 
Empty DataFrame
Columns: [0, 1, 2, 3, 4, 5, 6, 7, 8, 9]
Index: []
Clusters Ordened By clusters lenght: 
    0  1  2  3  4  5  6  7                                         8  9
22  C  3  9  *  *  *  *  *  261b0c02-b3dd-46ce-9734-ad9d986907f5-IGH  *
Clusters Ordened By clusters lenght: 
     0   1  2  3  4  5  6  7                                         8  9
112  C  20  5  *  *  *  *  *  06e0e20c-750c-424e-ac54-0937c94aa861-IGK  *
Clusters Ordened By clusters lenght: 
Empty DataFrame
Columns: [0, 1, 2, 3, 4, 5, 6, 7, 8, 9]
Index: []
Clusters Ordened By clusters lenght: 
Empty DataFrame
Columns: [0, 1, 2, 3, 4, 5, 6, 7, 8, 9]
Index: []
Clusters Ordened By clusters lenght: 
Empty DataFrame
Columns: [0, 1, 2, 3, 4, 5, 6, 7, 8, 9]
Index: []
Clusters Ordened By clusters lenght: 
Empty DataFrame
Columns: [0, 1, 2, 3, 4, 5, 6, 7, 8, 9]
Index: []
Clusters Ordened By clusters lenght: 
    0  1  2  3  4  5  6  7                                         8  9
14  C  2  5  *  *  *  *  *  5da5514b-0064-4c33-b07e-0ca0b09aa0f2-IGH  *
Clusters Ordened By clusters lenght: 
Empty DataFrame
Columns: [0, 1, 2, 3, 4, 5, 6, 7, 8, 9]
Index: []
Clusters Ordened By clusters lenght: 
Empty DataFrame
Columns: [0, 1, 2, 3, 4, 5, 6, 7, 8, 9]
Index: []
Clusters Ordened By clusters lenght: 
Empty DataFrame
Columns: [0, 1, 2, 3, 4, 5, 6, 7, 8, 9]
Index: []
Clusters Ordened By clusters lenght: 
Empty DataFrame
Columns: [0, 1, 2, 3, 4, 5, 6, 7, 8, 9]
Index: []
Clusters Ordened By clusters lenght: 
Empty DataFrame
Columns: [0, 1, 2, 3, 4, 5, 6, 7, 8, 9]
Index: []
Clusters Ordened By clusters lenght: 
Empty DataFrame
Columns: [0, 1, 2, 3, 4, 5, 6, 7, 8, 9]
Index: []
Clusters Ordened By clusters lenght: 
Empty DataFrame
Columns: [0, 1, 2, 3, 4, 5, 6, 7, 8, 9]
Index: []
Clusters Ordened By clusters lenght: 
Empty DataFrame
Columns: [0, 1, 2, 3, 4, 5, 6, 7, 8, 9]
Index: []
Clusters Ordened By clusters lenght: 
Empty DataFrame
Columns: [0, 1, 2, 3, 4, 5, 6, 7, 8, 9]
Index: []
Clusters Ordened By clusters lenght: 
Empty DataFrame
Columns: [0, 1, 2, 3, 4, 5, 6, 7, 8, 9]
Index: []
Clusters Ordened By clusters lenght: 
Empty DataFrame
Columns: [0, 1, 2, 3, 4, 5, 6, 7, 8, 9]
Index: []
Clusters Ordened By clusters lenght: 
Empty DataFrame
Columns: [0, 1, 2, 3, 4, 5, 6, 7, 8, 9]
Index: []
Clusters Ordened By clusters lenght: 
Empty DataFrame
Columns: [0, 1, 2, 3, 4, 5, 6, 7, 8, 9]
Index: []
Clusters Ordened By clusters lenght: 
Empty DataFrame
Columns: [0, 1, 2, 3, 4, 5, 6, 7, 8, 9]
Index: []
Clusters Ordened By clusters lenght: 
Empty DataFrame
Columns: [0, 1, 2, 3, 4, 5, 6, 7, 8, 9]
Index: []
Clusters Ordened By clusters lenght: 
Empty DataFrame
Columns: [0, 1, 2, 3, 4, 5, 6, 7, 8, 9]
Index: []
Clusters Ordened By clusters lenght: 
Empty DataFrame
Columns: [0, 1, 2, 3, 4, 5, 6, 7, 8, 9]
Index: []
Clusters Ordened By clusters lenght: 
Empty DataFrame
Columns: [0, 1, 2, 3, 4, 5, 6, 7, 8, 9]
Index: []
Clusters Ordened By clusters lenght: 
Empty DataFrame
Columns: [0, 1, 2, 3, 4, 5, 6, 7, 8, 9]
Index: []
Clusters Ordened By clusters lenght: 
    0  1  2  3  4  5  6  7                                         8  9
33  C  7  6  *  *  *  *  *  0598fecf-f5ae-4d2a-9fac-3d37cc48c62f-IGK  *
27  C  1  5  *  *  *  *  *  4a235172-71b7-4472-932c-682a18beab37-IGK  *
Clusters Ordened By clusters lenght: 
Empty DataFrame
Columns: [0, 1, 2, 3, 4, 5, 6, 7, 8, 9]
Index: []
Clusters Ordened By clusters lenght: 
Empty DataFrame
Columns: [0, 1, 2, 3, 4, 5, 6, 7, 8, 9]
Index: []
Clusters Ordened By clusters lenght: 
     0   1  2  3  4  5  6  7                                         8  9
196  C  32  5  *  *  *  *  *  0e172bc2-145b-4892-bb4e-ac8adda8b3e6-IGK  *
Clusters Ordened By clusters lenght: 
Empty DataFrame
Columns: [0, 1, 2, 3, 4, 5, 6, 7, 8, 9]
Index: []
Clusters Ordened By clusters lenght: 
Empty DataFrame
Columns: [0, 1, 2, 3, 4, 5, 6, 7, 8, 9]
Index: []
Clusters Ordened By clusters lenght: 
Empty DataFrame
Columns: [0, 1, 2, 3, 4, 5, 6, 7, 8, 9]
Index: []
Clusters Ordened By clusters lenght: 
Empty DataFrame
Columns: [0, 1, 2, 3, 4, 5, 6, 7, 8, 9]
Index: []
Clusters Ordened By clusters lenght: 
Empty DataFrame
Columns: [0, 1, 2, 3, 4, 5, 6, 7, 8, 9]
Index: []
Clusters Ordened By clusters lenght: 
Empty DataFrame
Columns: [0, 1, 2, 3, 4, 5, 6, 7, 8, 9]
Index: []
Clusters Ordened By clusters lenght: 
Empty DataFrame
Columns: [0, 1, 2, 3, 4, 5, 6, 7, 8, 9]
Index: []
Clusters Ordened By clusters lenght: 
Empty DataFrame
Columns: [0, 1, 2, 3, 4, 5, 6, 7, 8, 9]
Index: []
Clusters Ordened By clusters lenght: 
    0  1  2  3  4  5  6  7                                         8  9
20  C  4  4  *  *  *  *  *  0ea92d41-5ee7-42d0-87e7-e592d5c34b5a-IGK  *
Clusters Ordened By clusters lenght: 
Empty DataFrame
Columns: [0, 1, 2, 3, 4, 5, 6, 7, 8, 9]
Index: []
Clusters Ordened By clusters lenght: 
Empty DataFrame
Columns: [0, 1, 2, 3, 4, 5, 6, 7, 8, 9]
Index: []
Clusters Ordened By clusters lenght: 
Empty DataFrame
Columns: [0, 1, 2, 3, 4, 5, 6, 7, 8, 9]
Index: []
Clusters Ordened By clusters lenght: 
Empty DataFrame
Columns: [0, 1, 2, 3, 4, 5, 6, 7, 8, 9]
Index: []
Clusters Ordened By clusters lenght: 
Empty DataFrame
Columns: [0, 1, 2, 3, 4, 5, 6, 7, 8, 9]
Index: []
Clusters Ordened By clusters lenght: 
Empty DataFrame
Columns: [0, 1, 2, 3, 4, 5, 6, 7, 8, 9]
Index: []
Clusters Ordened By clusters lenght: 
Empty DataFrame
Columns: [0, 1, 2, 3, 4, 5, 6, 7, 8, 9]
Index: []
Clusters Ordened By clusters lenght: 
Empty DataFrame
Columns: [0, 1, 2, 3, 4, 5, 6, 7, 8, 9]
Index: []
Clusters Ordened By clusters lenght: 
Empty DataFrame
Columns: [0, 1, 2, 3, 4, 5, 6, 7, 8, 9]
Index: []
Clusters Ordened By clusters lenght: 
Empty DataFrame
Columns: [0, 1, 2, 3, 4, 5, 6, 7, 8, 9]
Index: []
Clusters Ordened By clusters lenght: 
Empty DataFrame
Columns: [0, 1, 2, 3, 4, 5, 6, 7, 8, 9]
Index: []
Clusters Ordened By clusters lenght: 
Empty DataFrame
Columns: [0, 1, 2, 3, 4, 5, 6, 7, 8, 9]
Index: []
Clusters Ordened By clusters lenght: 
Empty DataFrame
Columns: [0, 1, 2, 3, 4, 5, 6, 7, 8, 9]
Index: []
Clusters Ordened By clusters lenght: 
Empty DataFrame
Columns: [0, 1, 2, 3, 4, 5, 6, 7, 8, 9]
Index: []
Clusters Ordened By clusters lenght: 
Empty DataFrame
Columns: [0, 1, 2, 3, 4, 5, 6, 7, 8, 9]
Index: []
Clusters Ordened By clusters lenght: 
Empty DataFrame
Columns: [0, 1, 2, 3, 4, 5, 6, 7, 8, 9]
Index: []
Clusters Ordened By clusters lenght: 
Empty DataFrame
Columns: [0, 1, 2, 3, 4, 5, 6, 7, 8, 9]
Index: []
Clusters Ordened By clusters lenght: 
Empty DataFrame
Columns: [0, 1, 2, 3, 4, 5, 6, 7, 8, 9]
Index: []
Clusters Ordened By clusters lenght: 
Empty DataFrame
Columns: [0, 1, 2, 3, 4, 5, 6, 7, 8, 9]
Index: []
Clusters Ordened By clusters lenght: 
Empty DataFrame
Columns: [0, 1, 2, 3, 4, 5, 6, 7, 8, 9]
Index: []
Clusters Ordened By clusters lenght: 
Empty DataFrame
Columns: [0, 1, 2, 3, 4, 5, 6, 7, 8, 9]
Index: []
Clusters Ordened By clusters lenght: 
Empty DataFrame
Columns: [0, 1, 2, 3, 4, 5, 6, 7, 8, 9]
Index: []
Clusters Ordened By clusters lenght: 
Empty DataFrame
Columns: [0, 1, 2, 3, 4, 5, 6, 7, 8, 9]
Index: []
Clusters Ordened By clusters lenght: 
    0  1   2  3  4  5  6  7                                         8  9
20  C  1  10  *  *  *  *  *  0acdec7b-41a7-4b35-97f5-7b992e903858-IGK  *
Clusters Ordened By clusters lenght: 
Empty DataFrame
Columns: [0, 1, 2, 3, 4, 5, 6, 7, 8, 9]
Index: []
Clusters Ordened By clusters lenght: 
Empty DataFrame
Columns: [0, 1, 2, 3, 4, 5, 6, 7, 8, 9]
Index: []
Clusters Ordened By clusters lenght: 
Empty DataFrame
Columns: [0, 1, 2, 3, 4, 5, 6, 7, 8, 9]
Index: []
Clusters Ordened By clusters lenght: 
Empty DataFrame
Columns: [0, 1, 2, 3, 4, 5, 6, 7, 8, 9]
Index: []
Clusters Ordened By clusters lenght: 
Empty DataFrame
Columns: [0, 1, 2, 3, 4, 5, 6, 7, 8, 9]
Index: []
Clusters Ordened By clusters lenght: 
Empty DataFrame
Columns: [0, 1, 2, 3, 4, 5, 6, 7, 8, 9]
Index: []
Clusters Ordened By clusters lenght: 
Empty DataFrame
Columns: [0, 1, 2, 3, 4, 5, 6, 7, 8, 9]
Index: []
Clusters Ordened By clusters lenght: 
Empty DataFrame
Columns: [0, 1, 2, 3, 4, 5, 6, 7, 8, 9]
Index: []
Clusters Ordened By clusters lenght: 
Empty DataFrame
Columns: [0, 1, 2, 3, 4, 5, 6, 7, 8, 9]
Index: []
Clusters Ordened By clusters lenght: 
Empty DataFrame
Columns: [0, 1, 2, 3, 4, 5, 6, 7, 8, 9]
Index: []
Clusters Ordened By clusters lenght: 
Empty DataFrame
Columns: [0, 1, 2, 3, 4, 5, 6, 7, 8, 9]
Index: []
Clusters Ordened By clusters lenght: 
Empty DataFrame
Columns: [0, 1, 2, 3, 4, 5, 6, 7, 8, 9]
Index: []
Clusters Ordened By clusters lenght: 
Empty DataFrame
Columns: [0, 1, 2, 3, 4, 5, 6, 7, 8, 9]
Index: []
Clusters Ordened By clusters lenght: 
Empty DataFrame
Columns: [0, 1, 2, 3, 4, 5, 6, 7, 8, 9]
Index: []
Clusters Ordened By clusters lenght: 
Empty DataFrame
Columns: [0, 1, 2, 3, 4, 5, 6, 7, 8, 9]
Index: []
Clusters Ordened By clusters lenght: 
Empty DataFrame
Columns: [0, 1, 2, 3, 4, 5, 6, 7, 8, 9]
Index: []
Clusters Ordened By clusters lenght: 
Empty DataFrame
Columns: [0, 1, 2, 3, 4, 5, 6, 7, 8, 9]
Index: []
Clusters Ordened By clusters lenght: 
Empty DataFrame
Columns: [0, 1, 2, 3, 4, 5, 6, 7, 8, 9]
Index: []
Clusters Ordened By clusters lenght: 
Empty DataFrame
Columns: [0, 1, 2, 3, 4, 5, 6, 7, 8, 9]
Index: []
Clusters Ordened By clusters lenght: 
Empty DataFrame
Columns: [0, 1, 2, 3, 4, 5, 6, 7, 8, 9]
Index: []
Clusters Ordened By clusters lenght: 
Empty DataFrame
Columns: [0, 1, 2, 3, 4, 5, 6, 7, 8, 9]
Index: []
Clusters Ordened By clusters lenght: 
Empty DataFrame
Columns: [0, 1, 2, 3, 4, 5, 6, 7, 8, 9]
Index: []
Clusters Ordened By clusters lenght: 
Empty DataFrame
Columns: [0, 1, 2, 3, 4, 5, 6, 7, 8, 9]
Index: []
Clusters Ordened By clusters lenght: 
Empty DataFrame
Columns: [0, 1, 2, 3, 4, 5, 6, 7, 8, 9]
Index: []
Clusters Ordened By clusters lenght: 
Empty DataFrame
Columns: [0, 1, 2, 3, 4, 5, 6, 7, 8, 9]
Index: []
Clusters Ordened By clusters lenght: 
Empty DataFrame
Columns: [0, 1, 2, 3, 4, 5, 6, 7, 8, 9]
Index: []
Clusters Ordened By clusters lenght: 
Empty DataFrame
Columns: [0, 1, 2, 3, 4, 5, 6, 7, 8, 9]
Index: []
Clusters Ordened By clusters lenght: 
Empty DataFrame
Columns: [0, 1, 2, 3, 4, 5, 6, 7, 8, 9]
Index: []
Clusters Ordened By clusters lenght: 
Empty DataFrame
Columns: [0, 1, 2, 3, 4, 5, 6, 7, 8, 9]
Index: []
Clusters Ordened By clusters lenght: 
Empty DataFrame
Columns: [0, 1, 2, 3, 4, 5, 6, 7, 8, 9]
Index: []
Clusters Ordened By clusters lenght: 
Empty DataFrame
Columns: [0, 1, 2, 3, 4, 5, 6, 7, 8, 9]
Index: []
Clusters Ordened By clusters lenght: 
Empty DataFrame
Columns: [0, 1, 2, 3, 4, 5, 6, 7, 8, 9]
Index: []
Clusters Ordened By clusters lenght: 
Empty DataFrame
Columns: [0, 1, 2, 3, 4, 5, 6, 7, 8, 9]
Index: []
Clusters Ordened By clusters lenght: 
Empty DataFrame
Columns: [0, 1, 2, 3, 4, 5, 6, 7, 8, 9]
Index: []
Clusters Ordened By clusters lenght: 
Empty DataFrame
Columns: [0, 1, 2, 3, 4, 5, 6, 7, 8, 9]
Index: []
Clusters Ordened By clusters lenght: 
Empty DataFrame
Columns: [0, 1, 2, 3, 4, 5, 6, 7, 8, 9]
Index: []
Clusters Ordened By clusters lenght: 
Empty DataFrame
Columns: [0, 1, 2, 3, 4, 5, 6, 7, 8, 9]
Index: []
Clusters Ordened By clusters lenght: 
Empty DataFrame
Columns: [0, 1, 2, 3, 4, 5, 6, 7, 8, 9]
Index: []
Clusters Ordened By clusters lenght: 
Empty DataFrame
Columns: [0, 1, 2, 3, 4, 5, 6, 7, 8, 9]
Index: []
Clusters Ordened By clusters lenght: 
Empty DataFrame
Columns: [0, 1, 2, 3, 4, 5, 6, 7, 8, 9]
Index: []
Clusters Ordened By clusters lenght: 
Empty DataFrame
Columns: [0, 1, 2, 3, 4, 5, 6, 7, 8, 9]
Index: []
Clusters Ordened By clusters lenght: 
     0   1  2  3  4  5  6  7                                         8  9
293  C  92  4  *  *  *  *  *  428edc8e-a01b-4e99-b08e-96b578761f93-IGK  *
Clusters Ordened By clusters lenght: 
Empty DataFrame
Columns: [0, 1, 2, 3, 4, 5, 6, 7, 8, 9]
Index: []
Clusters Ordened By clusters lenght: 
   0  1  2  3  4  5  6  7                                         8  9
5  C  0  5  *  *  *  *  *  0c718349-c86d-4b90-a3b5-592312333bb5-IGK  *
Clusters Ordened By clusters lenght: 
Empty DataFrame
Columns: [0, 1, 2, 3, 4, 5, 6, 7, 8, 9]
Index: []
Clusters Ordened By clusters lenght: 
Empty DataFrame
Columns: [0, 1, 2, 3, 4, 5, 6, 7, 8, 9]
Index: []
Clusters Ordened By clusters lenght: 
Empty DataFrame
Columns: [0, 1, 2, 3, 4, 5, 6, 7, 8, 9]
Index: []
Clusters Ordened By clusters lenght: 
Empty DataFrame
Columns: [0, 1, 2, 3, 4, 5, 6, 7, 8, 9]
Index: []
Clusters Ordened By clusters lenght: 
Empty DataFrame
Columns: [0, 1, 2, 3, 4, 5, 6, 7, 8, 9]
Index: []
Clusters Ordened By clusters lenght: 
    0   1  2  3  4  5  6  7                                         8  9
63  C  12  6  *  *  *  *  *  01e48ebf-9eb1-4a05-a952-b89110e9d1e1-IGK  *
Clusters Ordened By clusters lenght: 
Empty DataFrame
Columns: [0, 1, 2, 3, 4, 5, 6, 7, 8, 9]
Index: []
Clusters Ordened By clusters lenght: 
Empty DataFrame
Columns: [0, 1, 2, 3, 4, 5, 6, 7, 8, 9]
Index: []
Clusters Ordened By clusters lenght: 
Empty DataFrame
Columns: [0, 1, 2, 3, 4, 5, 6, 7, 8, 9]
Index: []
Clusters Ordened By clusters lenght: 
Empty DataFrame
Columns: [0, 1, 2, 3, 4, 5, 6, 7, 8, 9]
Index: []
Clusters Ordened By clusters lenght: 
Empty DataFrame
Columns: [0, 1, 2, 3, 4, 5, 6, 7, 8, 9]
Index: []
Clusters Ordened By clusters lenght: 
Empty DataFrame
Columns: [0, 1, 2, 3, 4, 5, 6, 7, 8, 9]
Index: []
Clusters Ordened By clusters lenght: 
Empty DataFrame
Columns: [0, 1, 2, 3, 4, 5, 6, 7, 8, 9]
Index: []
Clusters Ordened By clusters lenght: 
Empty DataFrame
Columns: [0, 1, 2, 3, 4, 5, 6, 7, 8, 9]
Index: []
Clusters Ordened By clusters lenght: 
Empty DataFrame
Columns: [0, 1, 2, 3, 4, 5, 6, 7, 8, 9]
Index: []
Clusters Ordened By clusters lenght: 
Empty DataFrame
Columns: [0, 1, 2, 3, 4, 5, 6, 7, 8, 9]
Index: []
Clusters Ordened By clusters lenght: 
    0  1   2  3  4  5  6  7                                         8  9
12  C  0  10  *  *  *  *  *  022f6bcf-e76b-4bb0-9287-ed8533fa1e21-IGH  *
Clusters Ordened By clusters lenght: 
Empty DataFrame
Columns: [0, 1, 2, 3, 4, 5, 6, 7, 8, 9]
Index: []
Clusters Ordened By clusters lenght: 
Empty DataFrame
Columns: [0, 1, 2, 3, 4, 5, 6, 7, 8, 9]
Index: []
Clusters Ordened By clusters lenght: 
Empty DataFrame
Columns: [0, 1, 2, 3, 4, 5, 6, 7, 8, 9]
Index: []
Clusters Ordened By clusters lenght: 
Empty DataFrame
Columns: [0, 1, 2, 3, 4, 5, 6, 7, 8, 9]
Index: []
Clusters Ordened By clusters lenght: 
    0  1  2  3  4  5  6  7                                         8  9
27  C  7  4  *  *  *  *  *  39a7e90d-0d52-4674-bd40-8c80b714e61a-IGK  *
Clusters Ordened By clusters lenght: 
Empty DataFrame
Columns: [0, 1, 2, 3, 4, 5, 6, 7, 8, 9]
Index: []
Clusters Ordened By clusters lenght: 
Empty DataFrame
Columns: [0, 1, 2, 3, 4, 5, 6, 7, 8, 9]
Index: []
Clusters Ordened By clusters lenght: 
Empty DataFrame
Columns: [0, 1, 2, 3, 4, 5, 6, 7, 8, 9]
Index: []
Clusters Ordened By clusters lenght: 
Empty DataFrame
Columns: [0, 1, 2, 3, 4, 5, 6, 7, 8, 9]
Index: []
Clusters Ordened By clusters lenght: 
Empty DataFrame
Columns: [0, 1, 2, 3, 4, 5, 6, 7, 8, 9]
Index: []
Clusters Ordened By clusters lenght: 
Empty DataFrame
Columns: [0, 1, 2, 3, 4, 5, 6, 7, 8, 9]
Index: []
Clusters Ordened By clusters lenght: 
Empty DataFrame
Columns: [0, 1, 2, 3, 4, 5, 6, 7, 8, 9]
Index: []
Clusters Ordened By clusters lenght: 
Empty DataFrame
Columns: [0, 1, 2, 3, 4, 5, 6, 7, 8, 9]
Index: []
Clusters Ordened By clusters lenght: 
Empty DataFrame
Columns: [0, 1, 2, 3, 4, 5, 6, 7, 8, 9]
Index: []
Clusters Ordened By clusters lenght: 
    0  1  2  3  4  5  6  7                                         8  9
14  C  2  6  *  *  *  *  *  5ca6469e-8554-43d9-90c9-59e711f1754a-IGK  *
Clusters Ordened By clusters lenght: 
Empty DataFrame
Columns: [0, 1, 2, 3, 4, 5, 6, 7, 8, 9]
Index: []
Clusters Ordened By clusters lenght: 
Empty DataFrame
Columns: [0, 1, 2, 3, 4, 5, 6, 7, 8, 9]
Index: []
Clusters Ordened By clusters lenght: 
Empty DataFrame
Columns: [0, 1, 2, 3, 4, 5, 6, 7, 8, 9]
Index: []
Clusters Ordened By clusters lenght: 
Empty DataFrame
Columns: [0, 1, 2, 3, 4, 5, 6, 7, 8, 9]
Index: []
Clusters Ordened By clusters lenght: 
Empty DataFrame
Columns: [0, 1, 2, 3, 4, 5, 6, 7, 8, 9]
Index: []
Clusters Ordened By clusters lenght: 
Empty DataFrame
Columns: [0, 1, 2, 3, 4, 5, 6, 7, 8, 9]
Index: []
Clusters Ordened By clusters lenght: 
Empty DataFrame
Columns: [0, 1, 2, 3, 4, 5, 6, 7, 8, 9]
Index: []
Clusters Ordened By clusters lenght: 
Empty DataFrame
Columns: [0, 1, 2, 3, 4, 5, 6, 7, 8, 9]
Index: []
Clusters Ordened By clusters lenght: 
Empty DataFrame
Columns: [0, 1, 2, 3, 4, 5, 6, 7, 8, 9]
Index: []
Clusters Ordened By clusters lenght: 
Empty DataFrame
Columns: [0, 1, 2, 3, 4, 5, 6, 7, 8, 9]
Index: []
Clusters Ordened By clusters lenght: 
Empty DataFrame
Columns: [0, 1, 2, 3, 4, 5, 6, 7, 8, 9]
Index: []
Clusters Ordened By clusters lenght: 
Empty DataFrame
Columns: [0, 1, 2, 3, 4, 5, 6, 7, 8, 9]
Index: []
Clusters Ordened By clusters lenght: 
Empty DataFrame
Columns: [0, 1, 2, 3, 4, 5, 6, 7, 8, 9]
Index: []
Clusters Ordened By clusters lenght: 
Empty DataFrame
Columns: [0, 1, 2, 3, 4, 5, 6, 7, 8, 9]
Index: []
Clusters Ordened By clusters lenght: 
Empty DataFrame
Columns: [0, 1, 2, 3, 4, 5, 6, 7, 8, 9]
Index: []
Clusters Ordened By clusters lenght: 
Empty DataFrame
Columns: [0, 1, 2, 3, 4, 5, 6, 7, 8, 9]
Index: []
Clusters Ordened By clusters lenght: 
Empty DataFrame
Columns: [0, 1, 2, 3, 4, 5, 6, 7, 8, 9]
Index: []
Clusters Ordened By clusters lenght: 
Empty DataFrame
Columns: [0, 1, 2, 3, 4, 5, 6, 7, 8, 9]
Index: []
Clusters Ordened By clusters lenght: 
Empty DataFrame
Columns: [0, 1, 2, 3, 4, 5, 6, 7, 8, 9]
Index: []
Clusters Ordened By clusters lenght: 
Empty DataFrame
Columns: [0, 1, 2, 3, 4, 5, 6, 7, 8, 9]
Index: []
Clusters Ordened By clusters lenght: 
Empty DataFrame
Columns: [0, 1, 2, 3, 4, 5, 6, 7, 8, 9]
Index: []
Clusters Ordened By clusters lenght: 
Empty DataFrame
Columns: [0, 1, 2, 3, 4, 5, 6, 7, 8, 9]
Index: []
Clusters Ordened By clusters lenght: 
Empty DataFrame
Columns: [0, 1, 2, 3, 4, 5, 6, 7, 8, 9]
Index: []
Clusters Ordened By clusters lenght: 
   0  1  2  3  4  5  6  7                                         8  9
9  C  1  4  *  *  *  *  *  6a97aca2-84f8-43b3-98b5-9ff5e7b39b02-IGK  *
Clusters Ordened By clusters lenght: 
Empty DataFrame
Columns: [0, 1, 2, 3, 4, 5, 6, 7, 8, 9]
Index: []
Clusters Ordened By clusters lenght: 
Empty DataFrame
Columns: [0, 1, 2, 3, 4, 5, 6, 7, 8, 9]
Index: []
Clusters Ordened By clusters lenght: 
Empty DataFrame
Columns: [0, 1, 2, 3, 4, 5, 6, 7, 8, 9]
Index: []
Clusters Ordened By clusters lenght: 
Empty DataFrame
Columns: [0, 1, 2, 3, 4, 5, 6, 7, 8, 9]
Index: []
Clusters Ordened By clusters lenght: 
Empty DataFrame
Columns: [0, 1, 2, 3, 4, 5, 6, 7, 8, 9]
Index: []
Clusters Ordened By clusters lenght: 
Empty DataFrame
Columns: [0, 1, 2, 3, 4, 5, 6, 7, 8, 9]
Index: []
Clusters Ordened By clusters lenght: 
Empty DataFrame
Columns: [0, 1, 2, 3, 4, 5, 6, 7, 8, 9]
Index: []
Clusters Ordened By clusters lenght: 
Empty DataFrame
Columns: [0, 1, 2, 3, 4, 5, 6, 7, 8, 9]
Index: []
Clusters Ordened By clusters lenght: 
Empty DataFrame
Columns: [0, 1, 2, 3, 4, 5, 6, 7, 8, 9]
Index: []
Clusters Ordened By clusters lenght: 
Empty DataFrame
Columns: [0, 1, 2, 3, 4, 5, 6, 7, 8, 9]
Index: []
Clusters Ordened By clusters lenght: 
Empty DataFrame
Columns: [0, 1, 2, 3, 4, 5, 6, 7, 8, 9]
Index: []
Clusters Ordened By clusters lenght: 
Empty DataFrame
Columns: [0, 1, 2, 3, 4, 5, 6, 7, 8, 9]
Index: []
Clusters Ordened By clusters lenght: 
Empty DataFrame
Columns: [0, 1, 2, 3, 4, 5, 6, 7, 8, 9]
Index: []
Clusters Ordened By clusters lenght: 
Empty DataFrame
Columns: [0, 1, 2, 3, 4, 5, 6, 7, 8, 9]
Index: []
Clusters Ordened By clusters lenght: 
Empty DataFrame
Columns: [0, 1, 2, 3, 4, 5, 6, 7, 8, 9]
Index: []
Clusters Ordened By clusters lenght: 
Empty DataFrame
Columns: [0, 1, 2, 3, 4, 5, 6, 7, 8, 9]
Index: []
Clusters Ordened By clusters lenght: 
Empty DataFrame
Columns: [0, 1, 2, 3, 4, 5, 6, 7, 8, 9]
Index: []
Clusters Ordened By clusters lenght: 
Empty DataFrame
Columns: [0, 1, 2, 3, 4, 5, 6, 7, 8, 9]
Index: []
Clusters Ordened By clusters lenght: 
Empty DataFrame
Columns: [0, 1, 2, 3, 4, 5, 6, 7, 8, 9]
Index: []
Clusters Ordened By clusters lenght: 
    0  1  2  3  4  5  6  7                                         8  9
52  C  2  7  *  *  *  *  *  194b8629-525b-4143-a9d8-a28bc67c4225-IGK  *
56  C  6  6  *  *  *  *  *  0baa6a5f-e928-44ea-91d9-d675abb1b026-IGK  *
Clusters Ordened By clusters lenght: 
Empty DataFrame
Columns: [0, 1, 2, 3, 4, 5, 6, 7, 8, 9]
Index: []
Clusters Ordened By clusters lenght: 
Empty DataFrame
Columns: [0, 1, 2, 3, 4, 5, 6, 7, 8, 9]
Index: []
Clusters Ordened By clusters lenght: 
Empty DataFrame
Columns: [0, 1, 2, 3, 4, 5, 6, 7, 8, 9]
Index: []
Clusters Ordened By clusters lenght: 
Empty DataFrame
Columns: [0, 1, 2, 3, 4, 5, 6, 7, 8, 9]
Index: []
Clusters Ordened By clusters lenght: 
Empty DataFrame
Columns: [0, 1, 2, 3, 4, 5, 6, 7, 8, 9]
Index: []
Clusters Ordened By clusters lenght: 
Empty DataFrame
Columns: [0, 1, 2, 3, 4, 5, 6, 7, 8, 9]
Index: []
Clusters Ordened By clusters lenght: 
    0   1  2  3  4  5  6  7                                         8  9
58  C  24  4  *  *  *  *  *  34f5b1bb-33fd-406f-80ee-a2ebc13c78b1-IGH  *
Clusters Ordened By clusters lenght: 
Empty DataFrame
Columns: [0, 1, 2, 3, 4, 5, 6, 7, 8, 9]
Index: []
Clusters Ordened By clusters lenght: 
Empty DataFrame
Columns: [0, 1, 2, 3, 4, 5, 6, 7, 8, 9]
Index: []
Clusters Ordened By clusters lenght: 
Empty DataFrame
Columns: [0, 1, 2, 3, 4, 5, 6, 7, 8, 9]
Index: []
Clusters Ordened By clusters lenght: 
Empty DataFrame
Columns: [0, 1, 2, 3, 4, 5, 6, 7, 8, 9]
Index: []
Clusters Ordened By clusters lenght: 
Empty DataFrame
Columns: [0, 1, 2, 3, 4, 5, 6, 7, 8, 9]
Index: []
Clusters Ordened By clusters lenght: 
Empty DataFrame
Columns: [0, 1, 2, 3, 4, 5, 6, 7, 8, 9]
Index: []
Clusters Ordened By clusters lenght: 
Empty DataFrame
Columns: [0, 1, 2, 3, 4, 5, 6, 7, 8, 9]
Index: []
Clusters Ordened By clusters lenght: 
Empty DataFrame
Columns: [0, 1, 2, 3, 4, 5, 6, 7, 8, 9]
Index: []
Clusters Ordened By clusters lenght: 
Empty DataFrame
Columns: [0, 1, 2, 3, 4, 5, 6, 7, 8, 9]
Index: []
Clusters Ordened By clusters lenght: 
Empty DataFrame
Columns: [0, 1, 2, 3, 4, 5, 6, 7, 8, 9]
Index: []
Clusters Ordened By clusters lenght: 
   0  1  2  3  4  5  6  7                                         8  9
9  C  1  6  *  *  *  *  *  390abb5a-b0e8-474f-b3d0-193ed1cb1075-IGH  *
Clusters Ordened By clusters lenght: 
Empty DataFrame
Columns: [0, 1, 2, 3, 4, 5, 6, 7, 8, 9]
Index: []
Clusters Ordened By clusters lenght: 
   0  1  2  3  4  5  6  7                                         8  9
4  C  0  4  *  *  *  *  *  3131439a-0cc8-4de9-a850-2e0d1110abc2-IGK  *
Clusters Ordened By clusters lenght: 
Empty DataFrame
Columns: [0, 1, 2, 3, 4, 5, 6, 7, 8, 9]
Index: []
Clusters Ordened By clusters lenght: 
Empty DataFrame
Columns: [0, 1, 2, 3, 4, 5, 6, 7, 8, 9]
Index: []
Clusters Ordened By clusters lenght: 
Empty DataFrame
Columns: [0, 1, 2, 3, 4, 5, 6, 7, 8, 9]
Index: []
Clusters Ordened By clusters lenght: 
Empty DataFrame
Columns: [0, 1, 2, 3, 4, 5, 6, 7, 8, 9]
Index: []
Clusters Ordened By clusters lenght: 
Empty DataFrame
Columns: [0, 1, 2, 3, 4, 5, 6, 7, 8, 9]
Index: []
Clusters Ordened By clusters lenght: 
    0   1  2  3  4  5  6  7                                         8  9
44  C  13  4  *  *  *  *  *  041a68bc-0c96-473e-84f5-c5171e9556cc-IGK  *
Clusters Ordened By clusters lenght: 
    0  1  2  3  4  5  6  7                                         8  9
21  C  5  8  *  *  *  *  *  2ab80af0-9c65-4fa0-a6dd-394da85d4420-IGH  *
Clusters Ordened By clusters lenght: 
Empty DataFrame
Columns: [0, 1, 2, 3, 4, 5, 6, 7, 8, 9]
Index: []
Clusters Ordened By clusters lenght: 
Empty DataFrame
Columns: [0, 1, 2, 3, 4, 5, 6, 7, 8, 9]
Index: []
Clusters Ordened By clusters lenght: 
Empty DataFrame
Columns: [0, 1, 2, 3, 4, 5, 6, 7, 8, 9]
Index: []
Clusters Ordened By clusters lenght: 
Empty DataFrame
Columns: [0, 1, 2, 3, 4, 5, 6, 7, 8, 9]
Index: []
