Clusters Ordened By clusters lenght: 
     0   1    2  3  4  5  6  7                                         8  9
367  C  50  195  *  *  *  *  *  00d45283-9b85-4127-a42f-039d9be374e9-IGH  *
408  C  91    7  *  *  *  *  *  35ef0378-57b0-425d-8bca-b988bbe7a648-IGH  *
Clusters Ordened By clusters lenght: 
    0  1  2  3  4  5  6  7                                         8  9
15  C  2  6  *  *  *  *  *  264a640d-c61e-40b0-8b7c-ea4363a57a27-IGH  *
Clusters Ordened By clusters lenght: 
     0   1  2  3  4  5  6  7                                         8  9
140  C  19  6  *  *  *  *  *  0d14e86e-6941-4758-bfc4-ba5d5680c2f8-IGH  *
196  C  75  5  *  *  *  *  *  05784ee9-867b-4e71-a71b-01114107aac4-IGH  *
127  C   6  4  *  *  *  *  *  4efc1d3a-9f4b-46fe-a73d-17274d8c5121-IGH  *
178  C  57  4  *  *  *  *  *  44b503cd-002a-46e6-bdf1-f2d6bae0f45c-IGH  *
Clusters Ordened By clusters lenght: 
     0   1  2  3  4  5  6  7                                         8  9
196  C  86  4  *  *  *  *  *  2654c647-d562-455b-8147-61ebf21bf20d-IGH  *
Clusters Ordened By clusters lenght: 
Empty DataFrame
Columns: [0, 1, 2, 3, 4, 5, 6, 7, 8, 9]
Index: []
Clusters Ordened By clusters lenght: 
    0  1  2  3  4  5  6  7                                         8  9
21  C  3  5  *  *  *  *  *  0d432aa3-7007-4c2a-8679-2cbb6ccb7fec-IGH  *
Clusters Ordened By clusters lenght: 
Empty DataFrame
Columns: [0, 1, 2, 3, 4, 5, 6, 7, 8, 9]
Index: []
Clusters Ordened By clusters lenght: 
Empty DataFrame
Columns: [0, 1, 2, 3, 4, 5, 6, 7, 8, 9]
Index: []
Clusters Ordened By clusters lenght: 
Empty DataFrame
Columns: [0, 1, 2, 3, 4, 5, 6, 7, 8, 9]
Index: []
Clusters Ordened By clusters lenght: 
     0   1   2  3  4  5  6  7                                         8  9
257  C  38  24  *  *  *  *  *  002ab3a7-ccd7-4f6f-8035-dbda1d0cc8a2-IGH  *
260  C  41  13  *  *  *  *  *  05afbd97-643d-4dee-b6d2-41678c45e6f9-IGH  *
310  C  91   9  *  *  *  *  *  0b741166-aff1-47e5-85c4-3a60f1ed2bf4-IGH  *
229  C  10   5  *  *  *  *  *  12bb9bc4-5969-4a88-b271-54d98d04ed70-IGH  *
282  C  63   4  *  *  *  *  *  8c09b659-9c10-4834-8b30-1c4b53608e01-IGH  *
305  C  86   4  *  *  *  *  *  0177ea8d-064e-4148-bd7d-c6813e6ba2e6-IGH  *
Clusters Ordened By clusters lenght: 
    0  1  2  3  4  5  6  7                                         8  9
49  C  3  4  *  *  *  *  *  19dd2991-3542-47d1-a577-e663c3cd224e-IGH  *
Clusters Ordened By clusters lenght: 
Empty DataFrame
Columns: [0, 1, 2, 3, 4, 5, 6, 7, 8, 9]
Index: []
Clusters Ordened By clusters lenght: 
Empty DataFrame
Columns: [0, 1, 2, 3, 4, 5, 6, 7, 8, 9]
Index: []
Clusters Ordened By clusters lenght: 
    0  1   2  3  4  5  6  7                                         8  9
32  C  0  25  *  *  *  *  *  19a6878d-66bd-4628-80eb-26c3ff7c0aa0-IGH  *
Clusters Ordened By clusters lenght: 
    0  1  2  3  4  5  6  7                                         8  9
14  C  0  9  *  *  *  *  *  10b50507-ec66-4eb6-9597-a678c5b6a7f0-IGH  *
Clusters Ordened By clusters lenght: 
    0  1   2  3  4  5  6  7                                         8  9
36  C  0  31  *  *  *  *  *  06bab95a-7ae8-4a24-bd4f-725cf549b2e5-IGH  *
Clusters Ordened By clusters lenght: 
Empty DataFrame
Columns: [0, 1, 2, 3, 4, 5, 6, 7, 8, 9]
Index: []
Clusters Ordened By clusters lenght: 
Empty DataFrame
Columns: [0, 1, 2, 3, 4, 5, 6, 7, 8, 9]
Index: []
Clusters Ordened By clusters lenght: 
    0   1  2  3  4  5  6  7                                         8  9
78  C  24  8  *  *  *  *  *  254a8be6-e502-4528-aa68-38a49f6582f6-IGH  *
57  C   3  5  *  *  *  *  *  55b06e6c-5571-4cee-98b5-ca3ecdb4d0cd-IGH  *
66  C  12  5  *  *  *  *  *  15e351c1-abe2-4b87-8adb-ff3104e92afd-IGH  *
76  C  22  4  *  *  *  *  *  153c2cc5-56ac-4741-a550-70a6e16537e2-IGH  *
Clusters Ordened By clusters lenght: 
Empty DataFrame
Columns: [0, 1, 2, 3, 4, 5, 6, 7, 8, 9]
Index: []
Clusters Ordened By clusters lenght: 
    0  1  2  3  4  5  6  7                                         8  9
16  C  0  7  *  *  *  *  *  037c26a2-9d8c-433f-b86a-db8ff476520a-IGH  *
Clusters Ordened By clusters lenght: 
     0   1  2  3  4  5  6  7                                         8  9
102  C  22  5  *  *  *  *  *  443ce8cb-24a4-4fad-9380-5f8f37ef39eb-IGH  *
Clusters Ordened By clusters lenght: 
      0     1   2  3  4  5  6  7                                         8  9
2565  C   993  13  *  *  *  *  *  6b702595-8563-4396-b73b-b13f6b9f3c09-IGH  *
1892  C   320  11  *  *  *  *  *  04a0b22c-e239-46fe-beff-0bbf820ff405-IGH  *
2079  C   507  10  *  *  *  *  *  02dc6639-7235-4dd2-9359-9a31dac051eb-IGH  *
2599  C  1027   9  *  *  *  *  *  16f1c883-bf61-41be-bb0b-9fc3b0d78008-IGH  *
1919  C   347   9  *  *  *  *  *  1c96e369-8c5a-4e6d-b73c-d8cf48ca3316-IGH  *
1656  C    84   9  *  *  *  *  *  3ccbdeb1-f880-477b-bc72-0b2a6ac46a74-IGH  *
2331  C   759   8  *  *  *  *  *  12263748-0819-4e55-bf3a-0ad5a8092766-IGH  *
1889  C   317   7  *  *  *  *  *  00097cb4-713a-4f52-bc68-02ce383e627e-IGH  *
2338  C   766   5  *  *  *  *  *  159eb26c-c0f9-4a29-a7c5-67d2a7c4bdaf-IGH  *
1654  C    82   4  *  *  *  *  *  36c14485-000f-4049-9db3-7aa59109627b-IGH  *
1576  C     4   4  *  *  *  *  *  2f1f754e-0f19-4771-9fd5-f079a492bd67-IGH  *
2078  C   506   4  *  *  *  *  *  028d7a77-c0e5-4910-b066-4b73ac8b7ee0-IGH  *
1950  C   378   4  *  *  *  *  *  44e11b1a-a028-48d7-8893-8bd5a4d44001-IGH  *
1934  C   362   4  *  *  *  *  *  30e07eb6-7115-4816-a218-b0145506a1d9-IGH  *
2315  C   743   4  *  *  *  *  *  01d40a8b-b90b-4f9e-95b5-0e6f10ffef41-IGH  *
2179  C   607   4  *  *  *  *  *  6803a947-bf92-4d70-bf05-2aa26ac9c628-IGH  *
2161  C   589   4  *  *  *  *  *  53db5e69-d014-4de8-9cea-2e4af3127d1c-IGH  *
2350  C   778   4  *  *  *  *  *  23856925-4f2a-431c-8b5c-d2c0b1aaa2c7-IGH  *
2354  C   782   4  *  *  *  *  *  28e40d3f-68d2-44f4-9225-082418346e99-IGH  *
2576  C  1004   4  *  *  *  *  *  060941df-c5e5-4516-8927-8948ae808202-IGH  *
2577  C  1005   4  *  *  *  *  *  06434dd8-0bd8-460f-a23e-a92dfac223a1-IGH  *
2709  C  1137   4  *  *  *  *  *  7fb39bc5-8909-4536-b0fe-cff3e5904ee3-IGH  *
Clusters Ordened By clusters lenght: 
    0  1   2  3  4  5  6  7                                         8  9
38  C  4  10  *  *  *  *  *  02ea952f-796b-46eb-94a0-a9c4d8a17687-IGH  *
40  C  6  10  *  *  *  *  *  24e5f9aa-9ebd-4421-9a37-e131bc90b530-IGH  *
Clusters Ordened By clusters lenght: 
     0   1  2  3  4  5  6  7                                         8  9
174  C  37  6  *  *  *  *  *  0d7593b9-07a4-450a-87d2-497db8b3565e-IGH  *
160  C  23  5  *  *  *  *  *  435ebb7a-14eb-4e5a-b3cb-1d39e8a08c00-IGH  *
201  C  64  5  *  *  *  *  *  0064d36a-cbe1-4c3b-849a-cf2a3bbf5605-IGH  *
Clusters Ordened By clusters lenght: 
Empty DataFrame
Columns: [0, 1, 2, 3, 4, 5, 6, 7, 8, 9]
Index: []
Clusters Ordened By clusters lenght: 
Empty DataFrame
Columns: [0, 1, 2, 3, 4, 5, 6, 7, 8, 9]
Index: []
Clusters Ordened By clusters lenght: 
Empty DataFrame
Columns: [0, 1, 2, 3, 4, 5, 6, 7, 8, 9]
Index: []
Clusters Ordened By clusters lenght: 
     0   1  2  3  4  5  6  7                                         8  9
241  C  68  5  *  *  *  *  *  7eed5f02-cd9b-415f-9550-c7ae77533370-IGH  *
230  C  57  4  *  *  *  *  *  0fc4b3bf-c9c2-4315-a3d7-5d453a1e50a3-IGH  *
238  C  65  4  *  *  *  *  *  642268a5-ced8-496a-beec-a04cbf89c17b-IGH  *
253  C  80  4  *  *  *  *  *  3fe9d587-a39b-4230-b774-b25d0781a2de-IGH  *
Clusters Ordened By clusters lenght: 
    0  1  2  3  4  5  6  7                                         8  9
40  C  0  4  *  *  *  *  *  1aaab170-ece3-4fb3-86ac-94f203c0a99e-IGH  *
Clusters Ordened By clusters lenght: 
     0   1  2  3  4  5  6  7                                         8  9
157  C  30  9  *  *  *  *  *  1732bcb2-f6cc-4cd2-aea9-74b12a66116e-IGH  *
Clusters Ordened By clusters lenght: 
     0   1    2  3  4  5  6  7                                         8  9
631  C   2  338  *  *  *  *  *  08765973-428c-41f7-9aaf-1ed2ed0bd62c-IGH  *
630  C   1  178  *  *  *  *  *  00ea5788-e894-4177-81e9-ae7df3463a3d-IGH  *
639  C  10   14  *  *  *  *  *  4c31205d-1c70-44ce-8f50-499ebbdb5d31-IGH  *
636  C   7    8  *  *  *  *  *  34f3abf3-40ae-46ba-b327-6865045abd69-IGH  *
635  C   6    5  *  *  *  *  *  34038827-7cac-4d26-81c7-3cb89d97d668-IGH  *
Clusters Ordened By clusters lenght: 
    0  1  2  3  4  5  6  7                                         8  9
49  C  7  6  *  *  *  *  *  2b294885-600d-40b5-8641-8c14d07ef46d-IGH  *
Clusters Ordened By clusters lenght: 
Empty DataFrame
Columns: [0, 1, 2, 3, 4, 5, 6, 7, 8, 9]
Index: []
Clusters Ordened By clusters lenght: 
Empty DataFrame
Columns: [0, 1, 2, 3, 4, 5, 6, 7, 8, 9]
Index: []
Clusters Ordened By clusters lenght: 
Empty DataFrame
Columns: [0, 1, 2, 3, 4, 5, 6, 7, 8, 9]
Index: []
Clusters Ordened By clusters lenght: 
Empty DataFrame
Columns: [0, 1, 2, 3, 4, 5, 6, 7, 8, 9]
Index: []
Clusters Ordened By clusters lenght: 
Empty DataFrame
Columns: [0, 1, 2, 3, 4, 5, 6, 7, 8, 9]
Index: []
Clusters Ordened By clusters lenght: 
    0  1   2  3  4  5  6  7                                         8  9
62  C  9  23  *  *  *  *  *  00d1f585-799d-45e5-930e-10088da7235a-IGH  *
Clusters Ordened By clusters lenght: 
Empty DataFrame
Columns: [0, 1, 2, 3, 4, 5, 6, 7, 8, 9]
Index: []
Clusters Ordened By clusters lenght: 
Empty DataFrame
Columns: [0, 1, 2, 3, 4, 5, 6, 7, 8, 9]
Index: []
Clusters Ordened By clusters lenght: 
   0  1  2  3  4  5  6  7                                         8  9
7  C  0  4  *  *  *  *  *  19900b7a-f23b-4f4a-a362-d7d91affe3b3-IGH  *
Clusters Ordened By clusters lenght: 
   0  1  2  3  4  5  6  7                                         8  9
9  C  0  6  *  *  *  *  *  3a93c50c-0c3f-4744-9b74-64bb67686c2b-IGH  *
Clusters Ordened By clusters lenght: 
Empty DataFrame
Columns: [0, 1, 2, 3, 4, 5, 6, 7, 8, 9]
Index: []
Clusters Ordened By clusters lenght: 
    0   1  2  3  4  5  6  7                                         8  9
71  C   0  6  *  *  *  *  *  12a422e2-77c2-4b21-9d76-c884fc0a8d2f-IGH  *
98  C  27  5  *  *  *  *  *  3701b3ea-a604-48e3-853c-6e02f19e540f-IGH  *
Clusters Ordened By clusters lenght: 
    0  1   2  3  4  5  6  7                                         8  9
16  C  0  14  *  *  *  *  *  00a0d7a1-7bfc-4851-b3cc-488485cee7ab-IGH  *
Clusters Ordened By clusters lenght: 
Empty DataFrame
Columns: [0, 1, 2, 3, 4, 5, 6, 7, 8, 9]
Index: []
Clusters Ordened By clusters lenght: 
     0   1    2  3  4  5  6  7                                         8  9
476  C   1  289  *  *  *  *  *  00f26b7e-2e55-4030-ae23-0f1d04a231b0-IGH  *
478  C   3   23  *  *  *  *  *  02371c00-ff8c-4e47-93e5-b5d56b5c9d79-IGH  *
482  C   7   10  *  *  *  *  *  18378919-8fd1-45e5-b7ea-1d225870aa8b-IGH  *
496  C  21    8  *  *  *  *  *  4408a957-7df2-4064-9638-ae2bfb236e9d-IGH  *
497  C  22    7  *  *  *  *  *  451efc9b-bba4-4f4a-a1df-48c5a92f4346-IGH  *
480  C   5    6  *  *  *  *  *  0bae0372-3f1d-4cb6-8153-d94b4f594bee-IGH  *
502  C  27    5  *  *  *  *  *  5b936d10-2dad-4d74-bf30-d17c8bb86ff7-IGH  *
483  C   8    4  *  *  *  *  *  1a56d44c-5c69-4a03-b59b-32dcd1339afd-IGH  *
488  C  13    4  *  *  *  *  *  227f9c56-d0e3-45f0-97ff-9c6a09c0084f-IGH  *
507  C  32    4  *  *  *  *  *  670b0d64-fab3-4a9b-bd78-f02883be9c82-IGH  *
Clusters Ordened By clusters lenght: 
    0  1  2  3  4  5  6  7                                         8  9
20  C  5  4  *  *  *  *  *  35f33786-ca63-4001-bc13-63044d229622-IGH  *
Clusters Ordened By clusters lenght: 
     0    1  2  3  4  5  6  7                                         8  9
343  C  123  9  *  *  *  *  *  08522542-85bf-4d99-8f91-db8f95d69529-IGH  *
348  C  128  8  *  *  *  *  *  16e91f14-26d0-4e03-89f8-72a161740d28-IGH  *
Clusters Ordened By clusters lenght: 
    0  1  2  3  4  5  6  7                                         8  9
61  C  4  9  *  *  *  *  *  14f347f1-486f-4635-9594-162b7fccc687-IGH  *
66  C  9  4  *  *  *  *  *  38539b35-f354-44bf-9021-626f68edca6e-IGH  *
Clusters Ordened By clusters lenght: 
    0  1   2  3  4  5  6  7                                         8  9
25  C  6  11  *  *  *  *  *  1564a97f-29f5-4dfe-a193-967f567b603e-IGH  *
Clusters Ordened By clusters lenght: 
   0  1  2  3  4  5  6  7                                         8  9
5  C  0  4  *  *  *  *  *  6112f20c-1a59-4e74-949c-fabeac200211-IGH  *
Clusters Ordened By clusters lenght: 
     0   1   2  3  4  5  6  7                                         8  9
187  C  16  26  *  *  *  *  *  043ba163-a93c-49fe-87ee-ce4a0955b1d3-IGH  *
211  C  40  25  *  *  *  *  *  05f2a6bc-bc58-40ae-b015-439302c192e1-IGH  *
217  C  46   6  *  *  *  *  *  0fac885a-dcab-4b92-abe4-9c623e08fa62-IGH  *
210  C  39   4  *  *  *  *  *  049e6413-e80d-4e49-92db-7ff4317c78ff-IGH  *
Clusters Ordened By clusters lenght: 
Empty DataFrame
Columns: [0, 1, 2, 3, 4, 5, 6, 7, 8, 9]
Index: []
Clusters Ordened By clusters lenght: 
      0     1   2  3  4  5  6  7                                         8  9
6862  C  2206  22  *  *  *  *  *  03ab9808-6d80-4045-923d-ae54e0d1a774-IGH  *
5536  C   880  18  *  *  *  *  *  15b84964-1c2f-4997-9b2c-43014828f836-IGH  *
5883  C  1227  17  *  *  *  *  *  025ebc8e-872c-42af-96d6-bb5046b6b750-IGH  *
4956  C   300  16  *  *  *  *  *  3c51d207-5d15-4ccd-9540-a7c4419de2a2-IGH  *
4949  C   293  15  *  *  *  *  *  2c84c32c-f669-43ca-a2b4-fbab696422c7-IGH  *
...  ..   ...  .. .. .. .. .. ..                                       ... ..
7574  C  2918   4  *  *  *  *  *  7e5a0607-4e56-494c-8750-09fc04d3fc94-IGH  *
7786  C  3130   4  *  *  *  *  *  07a4f24a-918f-483b-8030-b03b196c7f5d-IGH  *
7881  C  3225   4  *  *  *  *  *  46fb2665-d400-42f7-a9b9-7fb59df0f700-IGH  *
7887  C  3231   4  *  *  *  *  *  4a981d7e-95a9-4eae-a5ec-549bfb8c67c7-IGH  *
7898  C  3242   4  *  *  *  *  *  53ad8008-0a7a-430f-a088-44bc4b6ce4a3-IGH  *

[116 rows x 10 columns]
Clusters Ordened By clusters lenght: 
Empty DataFrame
Columns: [0, 1, 2, 3, 4, 5, 6, 7, 8, 9]
Index: []
Clusters Ordened By clusters lenght: 
Empty DataFrame
Columns: [0, 1, 2, 3, 4, 5, 6, 7, 8, 9]
Index: []
Clusters Ordened By clusters lenght: 
Empty DataFrame
Columns: [0, 1, 2, 3, 4, 5, 6, 7, 8, 9]
Index: []
Clusters Ordened By clusters lenght: 
Empty DataFrame
Columns: [0, 1, 2, 3, 4, 5, 6, 7, 8, 9]
Index: []
Clusters Ordened By clusters lenght: 
Empty DataFrame
Columns: [0, 1, 2, 3, 4, 5, 6, 7, 8, 9]
Index: []
Clusters Ordened By clusters lenght: 
Empty DataFrame
Columns: [0, 1, 2, 3, 4, 5, 6, 7, 8, 9]
Index: []
Clusters Ordened By clusters lenght: 
      0     1   2  3  4  5  6  7                                         8  9
2027  C   129  25  *  *  *  *  *  01de2662-0a5a-43db-91f4-465aaf22ec6c-IGH  *
2031  C   133  25  *  *  *  *  *  04707065-dfa5-4a04-95e8-f16d6efdc33d-IGH  *
3201  C  1303  10  *  *  *  *  *  24f45615-5f9c-4b14-92ee-076aa56394ee-IGH  *
2805  C   907  10  *  *  *  *  *  13582ef1-13c7-4603-afb0-f37ac0eed118-IGH  *
2840  C   942  10  *  *  *  *  *  452200f6-720e-416b-8226-f4f0295db353-IGH  *
3118  C  1220   9  *  *  *  *  *  5b17b4d4-1b82-47db-8fa5-bbbd720242ae-IGH  *
2578  C   680   8  *  *  *  *  *  24d54311-2174-47f2-a77c-8b1e57d30fab-IGH  *
2946  C  1048   7  *  *  *  *  *  02e00ed5-954f-4e77-ae23-f04103805ee2-IGH  *
2817  C   919   7  *  *  *  *  *  1f4aa315-f522-4d9e-9afa-865532c50cdd-IGH  *
2996  C  1098   6  *  *  *  *  *  563984a6-9eb4-437d-b288-eeedd13baf90-IGH  *
3127  C  1229   6  *  *  *  *  *  6e011168-91cb-4087-b57e-c025971b7d11-IGH  *
2976  C  1078   6  *  *  *  *  *  35952e72-0a05-4378-9b38-4696271dba8d-IGH  *
3088  C  1190   6  *  *  *  *  *  012f9cdf-b3c9-4ec3-a148-4966bf0d205b-IGH  *
1929  C    31   6  *  *  *  *  *  253c8c14-cff0-44f4-a309-04aff66ef19d-IGH  *
2584  C   686   6  *  *  *  *  *  2879281c-a536-446f-9064-7788c611597a-IGH  *
2551  C   653   5  *  *  *  *  *  0ebc1157-a822-4635-9c0b-191b80c4517b-IGH  *
2035  C   137   5  *  *  *  *  *  088a1ba1-5d87-4ca7-8cb5-d143dd45675c-IGH  *
3296  C  1398   5  *  *  *  *  *  47e3c17f-7515-4c32-b4fd-cf0a7aa9a4e9-IGH  *
3200  C  1302   5  *  *  *  *  *  24293f5c-6020-49a6-b6d7-2e8d651fb571-IGH  *
2796  C   898   5  *  *  *  *  *  0d567f40-60df-4d88-a4a4-fcfd20a6e55b-IGH  *
3191  C  1293   5  *  *  *  *  *  0b796d4a-79c0-4b0b-a068-6640a9e8c009-IGH  *
2306  C   408   5  *  *  *  *  *  1ef67474-0f8b-4487-9aba-8bf8991115d6-IGH  *
2564  C   666   5  *  *  *  *  *  1ac9367a-a1f0-4f42-a575-fa27e4e0c37b-IGH  *
2323  C   425   5  *  *  *  *  *  32dd4f2e-e7a1-46b7-b9b5-9b7a9c6d1c9c-IGH  *
2047  C   149   4  *  *  *  *  *  1355d546-60f7-452c-aaff-32bf9e2e24db-IGH  *
2298  C   400   4  *  *  *  *  *  168759e0-a92e-43ca-9ebe-3fd0825e238e-IGH  *
2286  C   388   4  *  *  *  *  *  0d81c06e-f318-4e21-8920-c1e86e89a146-IGH  *
2110  C   212   4  *  *  *  *  *  56e8a40d-c855-4206-991e-d70ec766fbab-IGH  *
2081  C   183   4  *  *  *  *  *  379a0dea-b4eb-48ba-b043-90a5663538f6-IGH  *
2310  C   412   4  *  *  *  *  *  2363d1bb-c025-4198-9ad5-08e74b818408-IGH  *
2572  C   674   4  *  *  *  *  *  1df82e5e-7e4d-46b2-b492-6f59d9aac24e-IGH  *
2811  C   913   4  *  *  *  *  *  1aca277c-b92f-415a-a7ca-d44da9153db2-IGH  *
2814  C   916   4  *  *  *  *  *  1e5b684d-52eb-4bdf-bb75-6970a0226c9a-IGH  *
2851  C   953   4  *  *  *  *  *  5ce09b70-0157-42b7-b54f-722da81bd739-IGH  *
2833  C   935   4  *  *  *  *  *  3d24213a-e487-4cf0-a40f-67ee5ce1ae6a-IGH  *
2951  C  1053   4  *  *  *  *  *  0ed7b919-806a-4f2a-837d-76f517c8c72d-IGH  *
2995  C  1097   4  *  *  *  *  *  4d1dfeae-2a6c-49e4-9706-e56860c6bd19-IGH  *
3094  C  1196   4  *  *  *  *  *  13afec0e-09bf-4256-9331-82d46a27c0c2-IGH  *
3203  C  1305   4  *  *  *  *  *  2fb2834e-2932-4076-9f3e-328a6b5dbe8a-IGH  *
3282  C  1384   4  *  *  *  *  *  07e72a35-2dc8-4882-bc4a-e6766233ea9b-IGH  *
3297  C  1399   4  *  *  *  *  *  4a15a075-cb08-4275-aabd-f5b170a34088-IGH  *
Clusters Ordened By clusters lenght: 
     0    1   2  3  4  5  6  7                                         8  9
521  C  173  33  *  *  *  *  *  0a43d58f-09c8-457f-a353-4fb2839c52a1-IGH  *
484  C  136  29  *  *  *  *  *  24489751-dec4-48a6-8c23-cc78288b7aa7-IGH  *
357  C    9  16  *  *  *  *  *  019c5ac1-d36f-4c9f-8d02-032ea7736ea9-IGH  *
531  C  183   7  *  *  *  *  *  27eea538-699a-4cf1-88d5-9e5623522a6b-IGH  *
502  C  154   6  *  *  *  *  *  712421a0-13ee-435b-87dc-6475af45059c-IGH  *
362  C   14   5  *  *  *  *  *  5a72bb9c-562a-4eb2-b39a-a15458df8880-IGH  *
350  C    2   4  *  *  *  *  *  56ba8fbf-c589-465b-9d83-523bc990df72-IGH  *
352  C    4   4  *  *  *  *  *  7881a1b9-f53f-4f88-8781-adbb62038df9-IGH  *
519  C  171   4  *  *  *  *  *  08a7d5a7-b5a6-4d10-a54f-a6e366fc8662-IGH  *
Clusters Ordened By clusters lenght: 
     0   1   2  3  4  5  6  7                                         8  9
146  C  31  21  *  *  *  *  *  1d8e739f-171c-44c9-9935-281a73f3a2b7-IGH  *
116  C   1  14  *  *  *  *  *  0525d1e8-871b-48e0-a6b1-1e4ad7078619-IGH  *
129  C  14   7  *  *  *  *  *  26a6f241-f1ba-4e64-ae80-3e77fd91b351-IGH  *
115  C   0   5  *  *  *  *  *  9df2d784-0a50-45a0-a28c-0508a8cf695d-IGH  *
118  C   3   4  *  *  *  *  *  118b210d-f6a4-42b2-9be5-eff459f35b0f-IGH  *
123  C   8   4  *  *  *  *  *  39ff5b1c-4903-450e-8f78-597d10b9f27c-IGH  *
147  C  32   4  *  *  *  *  *  2139ba65-d2c0-47b2-bf2d-d1d324074e5d-IGH  *
Clusters Ordened By clusters lenght: 
    0  1   2  3  4  5  6  7                                         8  9
22  C  0  18  *  *  *  *  *  024dc09f-4090-4cad-a4e9-3253d8f44cc0-IGH  *
Clusters Ordened By clusters lenght: 
      0    1    2  3  4  5  6  7                                         8  9
1252  C  266  167  *  *  *  *  *  00ddf552-7ca3-4ebc-8b92-2cbd5e799d60-IGH  *
1263  C  277   70  *  *  *  *  *  0bc140df-dab7-44e6-a9d6-5a0007143290-IGH  *
1193  C  207   41  *  *  *  *  *  00303188-ed67-4751-adfc-89b26e36f40e-IGH  *
1258  C  272   26  *  *  *  *  *  053985a8-131a-44ce-bbd9-6d8a1bf8c6e5-IGH  *
1254  C  268   21  *  *  *  *  *  01006b4e-ddd5-4f19-b543-ae309c1890ea-IGH  *
1289  C  303   19  *  *  *  *  *  2a9ca04f-8daa-413f-9254-fd07aba6cb4b-IGH  *
1104  C  118   18  *  *  *  *  *  1229b5da-6b72-48d4-b02a-f256783be646-IGH  *
1291  C  305   18  *  *  *  *  *  2f92a078-6876-47bb-aea5-7ed444844f7a-IGH  *
1268  C  282   14  *  *  *  *  *  1196113f-afd7-4f26-a6c1-f69188dd6fbe-IGH  *
1260  C  274   10  *  *  *  *  *  077f9ec8-1b9d-42ef-b227-d7e94eaae260-IGH  *
1295  C  309    7  *  *  *  *  *  36392344-d8f3-4ca4-86f8-1b480d573aa4-IGH  *
1194  C  208    7  *  *  *  *  *  045311a0-959c-4fce-a84f-61648dd559ae-IGH  *
1301  C  315    6  *  *  *  *  *  39adf919-b23e-4d51-8a3a-49ee7d0e81ff-IGH  *
1256  C  270    6  *  *  *  *  *  0415ae53-8707-4009-8e0a-f301b48bb3b0-IGH  *
1108  C  122    6  *  *  *  *  *  2a332c97-dfde-422c-9198-bffdfae94a11-IGH  *
1288  C  302    5  *  *  *  *  *  28e9469c-ba51-433f-bb79-d82c9d9a084a-IGH  *
1214  C  228    5  *  *  *  *  *  474e463f-49fc-445d-a9fe-a2cdf700405b-IGH  *
990   C    4    5  *  *  *  *  *  1d6c8084-28a1-4be9-88a8-a2d06155cbda-IGH  *
1267  C  281    5  *  *  *  *  *  112426a1-c297-4e3a-99f3-e31b3b8c8c6f-IGH  *
1001  C   15    4  *  *  *  *  *  6dc99644-f80a-41b7-b21b-55c104c95cbc-IGH  *
1261  C  275    4  *  *  *  *  *  094486d0-c554-461e-bac6-535fb4ce51bc-IGH  *
1279  C  293    4  *  *  *  *  *  1c6f3c4d-08de-49c5-b86e-aac5ec20e6e5-IGH  *
1312  C  326    4  *  *  *  *  *  4a017be8-902e-4c05-bd2b-d18f280ff50a-IGH  *
Clusters Ordened By clusters lenght: 
Empty DataFrame
Columns: [0, 1, 2, 3, 4, 5, 6, 7, 8, 9]
Index: []
Clusters Ordened By clusters lenght: 
      0     1    2  3  4  5  6  7                                         8  9
4668  C  1777  106  *  *  *  *  *  02663295-6666-480a-a63c-b9178f12af62-IGH  *
3594  C   703   20  *  *  *  *  *  03398a47-86b9-4c24-b611-ddc8773f1ead-IGH  *
4125  C  1234   16  *  *  *  *  *  10f0077f-6b21-4990-9832-10ba904b2d19-IGH  *
3832  C   941   15  *  *  *  *  *  00000c9b-9108-4a79-9e34-45bea0208db9-IGH  *
3253  C   362   14  *  *  *  *  *  290287e4-ce36-4ac5-b06a-4f73ada48da6-IGH  *
3099  C   208   11  *  *  *  *  *  1c72e1c8-3ca0-4b3a-9493-d7ed6b605eb6-IGH  *
4683  C  1792   11  *  *  *  *  *  0d9de80b-0aed-4c73-b1c2-7e9f0dd301dd-IGH  *
4670  C  1779   10  *  *  *  *  *  036112d7-2ac4-4f61-ac76-ecb8e8638432-IGH  *
3388  C   497   10  *  *  *  *  *  01e96b1f-6e04-4d21-86a0-536debe865d4-IGH  *
4687  C  1796   10  *  *  *  *  *  119cf56a-6da0-4da0-a6c8-6f925990b4a5-IGH  *
3226  C   335    9  *  *  *  *  *  10c89467-789f-4798-bbf5-793835f4e2c8-IGH  *
3836  C   945    9  *  *  *  *  *  023dc8ad-4c7e-4761-8b20-8f51ec668833-IGH  *
4165  C  1274    8  *  *  *  *  *  27642b57-cb57-4c5d-89a7-c693920482f9-IGH  *
4157  C  1266    7  *  *  *  *  *  200ece84-23e9-426d-9e82-bb55f9743c41-IGH  *
4161  C  1270    7  *  *  *  *  *  2362afc3-afe9-4d67-a5d9-bc9c5669738b-IGH  *
4122  C  1231    7  *  *  *  *  *  102570c2-af2a-451c-8908-e81f20c363fd-IGH  *
4910  C  2019    7  *  *  *  *  *  03ce260d-ff26-4d62-b1d5-dad0973b2a16-IGH  *
4917  C  2026    7  *  *  *  *  *  0c4e38ac-69f6-43e5-abe9-c8e342140711-IGH  *
3859  C   968    6  *  *  *  *  *  0ee1e8e0-0940-4392-ad0a-370c4406e38a-IGH  *
4932  C  2041    6  *  *  *  *  *  1f9cb17f-2ab0-4e1e-8d27-7c2ebbabc2b5-IGH  *
4193  C  1302    6  *  *  *  *  *  394d1bdd-9261-4f76-b5ef-bde0d727eb9f-IGH  *
4325  C  1434    6  *  *  *  *  *  ac051094-ce27-47d3-912b-e759125d80b7-IGH  *
4480  C  1589    6  *  *  *  *  *  39c8aaef-497a-41ca-acc7-2b364dc72b7d-IGH  *
4749  C  1858    6  *  *  *  *  *  4bedecf2-7c2f-4306-9813-0ed86f5a45ae-IGH  *
4140  C  1249    6  *  *  *  *  *  177663e7-f15a-4268-992d-7077b878f73f-IGH  *
4919  C  2028    5  *  *  *  *  *  0f92f5b8-b39c-4250-b836-f7cdcb2b9ec0-IGH  *
4758  C  1867    5  *  *  *  *  *  50e0291c-4283-49b3-8823-4ea3937396e7-IGH  *
3225  C   334    5  *  *  *  *  *  0d5a9ae3-086c-4eb4-803a-c8ad06178e50-IGH  *
3597  C   706    5  *  *  *  *  *  0511354b-a68c-478e-a2ea-bc60a92386fa-IGH  *
3708  C   817    5  *  *  *  *  *  79e1323a-8bdb-4b56-b54c-b36105e4e8ac-IGH  *
4672  C  1781    5  *  *  *  *  *  048d6eb1-f40c-4dd1-b10f-a22570ce1f96-IGH  *
3413  C   522    5  *  *  *  *  *  1b1135c4-9ea0-4f72-94ab-2a6a0582b758-IGH  *
3211  C   320    5  *  *  *  *  *  00d2bb1b-210c-4724-83eb-532abf11cad8-IGH  *
3139  C   248    4  *  *  *  *  *  5df91273-66a5-47ce-8215-991cfc70ff5c-IGH  *
3091  C   200    4  *  *  *  *  *  0f8272a6-9dbd-4b92-9429-da59bb82048a-IGH  *
3591  C   700    4  *  *  *  *  *  00d0b7c8-dd9a-425e-9588-93c6f577a597-IGH  *
3422  C   531    4  *  *  *  *  *  2832f5d4-0c96-4bb5-9794-2c6a37a0531e-IGH  *
3458  C   567    4  *  *  *  *  *  58f542d6-adc6-4ccb-ad09-97b53eaf8d47-IGH  *
3216  C   325    4  *  *  *  *  *  05c5b093-3072-4eb4-8a10-f96f9f7a31a8-IGH  *
3990  C  1099    4  *  *  *  *  *  8bb8d76c-7f3a-4025-b34a-5b2a776d337f-IGH  *
3894  C  1003    4  *  *  *  *  *  2cca1472-7c37-49c9-9ac2-91d426771e0d-IGH  *
3893  C  1002    4  *  *  *  *  *  2c799a99-f78a-4c33-9a37-98864eb0e154-IGH  *
3861  C   970    4  *  *  *  *  *  10293e4d-72b2-4550-81d7-713b21b256e9-IGH  *
4205  C  1314    4  *  *  *  *  *  3fef07b1-fbd0-47a4-8b12-c6a5eadbd6b2-IGH  *
4115  C  1224    4  *  *  *  *  *  046fd204-32e0-47e5-bad1-689a4c6bf0cd-IGH  *
4208  C  1317    4  *  *  *  *  *  446f941a-f626-47af-b17a-167bc17c6cde-IGH  *
4250  C  1359    4  *  *  *  *  *  5c0ad249-5897-4ab6-951c-7595a8935a97-IGH  *
4330  C  1439    4  *  *  *  *  *  b29c0c2e-7e74-4992-967d-b44eaa5556bb-IGH  *
4399  C  1508    4  *  *  *  *  *  01385ee0-fc0f-4a46-b4e0-515e67ab584b-IGH  *
4690  C  1799    4  *  *  *  *  *  13e18984-bb40-4dfd-b9e5-5f63f9752327-IGH  *
4695  C  1804    4  *  *  *  *  *  189423e7-2380-4b06-a445-9a5ebb93fdc4-IGH  *
4701  C  1810    4  *  *  *  *  *  1b3a610e-d0c2-4ec0-b888-73fac616de12-IGH  *
4769  C  1878    4  *  *  *  *  *  6022369b-68e2-4ec3-85c6-574395da40c3-IGH  *
4930  C  2039    4  *  *  *  *  *  1dc9a2b6-e391-4d8f-9fd6-961f9b4895e3-IGH  *
4939  C  2048    4  *  *  *  *  *  2b741c07-fb29-4dce-9568-4b27ced83f21-IGH  *
Clusters Ordened By clusters lenght: 
    0  1   2  3  4  5  6  7                                         8  9
21  C  0  17  *  *  *  *  *  009bc0c1-9de5-4b85-9d01-802bdf965b26-IGH  *
Clusters Ordened By clusters lenght: 
     0  1    2  3  4  5  6  7                                         8  9
207  C  0  164  *  *  *  *  *  0862a1fd-46ea-43ad-947b-a04c7ecdd25b-IGH  *
Clusters Ordened By clusters lenght: 
Empty DataFrame
Columns: [0, 1, 2, 3, 4, 5, 6, 7, 8, 9]
Index: []
Clusters Ordened By clusters lenght: 
Empty DataFrame
Columns: [0, 1, 2, 3, 4, 5, 6, 7, 8, 9]
Index: []
Clusters Ordened By clusters lenght: 
    0  1   2  3  4  5  6  7                                         8  9
18  C  0  14  *  *  *  *  *  1011d2ec-6104-434d-9f69-55ae4e7094ee-IGH  *
Clusters Ordened By clusters lenght: 
Empty DataFrame
Columns: [0, 1, 2, 3, 4, 5, 6, 7, 8, 9]
Index: []
Clusters Ordened By clusters lenght: 
Empty DataFrame
Columns: [0, 1, 2, 3, 4, 5, 6, 7, 8, 9]
Index: []
Clusters Ordened By clusters lenght: 
      0    1   2  3  4  5  6  7                                         8  9
638   C   35  14  *  *  *  *  *  0cc3d4fd-4df2-4f25-a558-49b65e4dc6c4-IGH  *
728   C  125  12  *  *  *  *  *  273fc7c3-6ed5-4559-935d-5aea8d8085ff-IGH  *
945   C  342  11  *  *  *  *  *  0cbbffcb-1946-418f-838b-7c9f80c36bed-IGH  *
765   C  162   6  *  *  *  *  *  163fca36-8456-4d4f-8aa5-612a3ac0f43e-IGH  *
604   C    1   4  *  *  *  *  *  270bfb94-4235-4bd1-bcb8-f686e530ebe7-IGH  *
664   C   61   4  *  *  *  *  *  0a76b741-b8cf-4612-91e1-3cee1340e025-IGH  *
773   C  170   4  *  *  *  *  *  3e50489f-8a1c-47c7-a2f8-70aa275b4b8a-IGH  *
837   C  234   4  *  *  *  *  *  6acabe77-33b0-4d8f-9f23-8634cb92031e-IGH  *
1051  C  448   4  *  *  *  *  *  72e829ba-8d4f-4135-a0eb-ea58701700f2-IGH  *
Clusters Ordened By clusters lenght: 
Empty DataFrame
Columns: [0, 1, 2, 3, 4, 5, 6, 7, 8, 9]
Index: []
Clusters Ordened By clusters lenght: 
    0  1  2  3  4  5  6  7                                         8  9
10  C  1  4  *  *  *  *  *  4aae3783-3a5e-4c17-99cc-0eda311c5a63-IGH  *
Clusters Ordened By clusters lenght: 
Empty DataFrame
Columns: [0, 1, 2, 3, 4, 5, 6, 7, 8, 9]
Index: []
Clusters Ordened By clusters lenght: 
Empty DataFrame
Columns: [0, 1, 2, 3, 4, 5, 6, 7, 8, 9]
Index: []
Clusters Ordened By clusters lenght: 
     0    1   2  3  4  5  6  7                                         8  9
500  C  124  77  *  *  *  *  *  0b81322e-41c8-4426-8032-a188ca56f5de-IGH  *
502  C  126  16  *  *  *  *  *  0eadf9ce-fd7b-4bad-821e-65a9fe89eac5-IGH  *
504  C  128   7  *  *  *  *  *  11a6c123-9b8a-4069-a29b-493c1ac95204-IGH  *
567  C  191   4  *  *  *  *  *  1783d01e-ad0e-4e96-9133-1866160d0c6a-IGH  *
Clusters Ordened By clusters lenght: 
    0  1  2  3  4  5  6  7                                         8  9
74  C  8  4  *  *  *  *  *  17850e57-cfdb-41fc-afe4-b96f933eec9f-IGH  *
Clusters Ordened By clusters lenght: 
Empty DataFrame
Columns: [0, 1, 2, 3, 4, 5, 6, 7, 8, 9]
Index: []
Clusters Ordened By clusters lenght: 
     0   1  2  3  4  5  6  7                                         8  9
166  C  52  8  *  *  *  *  *  2618b7e2-6891-431f-93e0-719913ac3780-IGH  *
115  C   1  6  *  *  *  *  *  1548ec04-2738-4512-911b-7460b79ebee2-IGH  *
Clusters Ordened By clusters lenght: 
    0  1   2  3  4  5  6  7                                         8  9
65  C  6  23  *  *  *  *  *  0d7af331-4d3b-4436-aaca-7a0f6cec0d21-IGK  *
63  C  4  13  *  *  *  *  *  041ce49a-412d-4ccd-8f39-4974d88d236e-IGK  *
Clusters Ordened By clusters lenght: 
     0    1   2  3  4  5  6  7                                         8  9
425  C  100  37  *  *  *  *  *  03fea3cc-edc3-45a3-bca9-80a985ec8531-IGH  *
430  C  105  20  *  *  *  *  *  0c2d0d25-f744-4fe0-8823-c40ee598ca6a-IGH  *
427  C  102  13  *  *  *  *  *  0860d3bb-dc02-4dc8-9379-537afa5efa37-IGH  *
441  C  116  13  *  *  *  *  *  32449214-fc81-4bfd-8c2f-d2870e91a76d-IGH  *
434  C  109   9  *  *  *  *  *  138063c0-98aa-47a5-a610-69c63577f45c-IGH  *
432  C  107   6  *  *  *  *  *  12723204-e448-44ba-8bc7-9ad423a8bd10-IGH  *
428  C  103   5  *  *  *  *  *  0a6e9119-9b36-4061-878c-f8113b0d860a-IGH  *
426  C  101   5  *  *  *  *  *  072676a5-90f0-47da-a2d8-03ca6fc05a91-IGH  *
436  C  111   5  *  *  *  *  *  1a0c708d-36b6-4319-8820-dc7abc74b691-IGH  *
400  C   75   4  *  *  *  *  *  217d7330-2264-431e-bf1b-2a264aa954cf-IGH  *
342  C   17   4  *  *  *  *  *  204285a4-81f6-498c-849a-870476a1e0d3-IGH  *
446  C  121   4  *  *  *  *  *  4484cf47-0f01-4cb8-89e6-d31ac6a908d3-IGH  *
456  C  131   4  *  *  *  *  *  8aa75053-f80f-4feb-97d6-fb2dc29d241b-IGH  *
Clusters Ordened By clusters lenght: 
    0   1  2  3  4  5  6  7                                         8  9
66  C  18  5  *  *  *  *  *  473bed67-6c86-4ad2-8d08-cc89da31b7bf-IGH  *
Clusters Ordened By clusters lenght: 
      0    1     2  3  4  5  6  7                                         8  9
1846  C   10  1559  *  *  *  *  *  269389a1-1a5d-4a81-8b1c-3d4e129ad1d1-IGH  *
1870  C   34    18  *  *  *  *  *  08d61b2a-57cb-4c1f-8835-9b169644060f-IGH  *
1874  C   38    11  *  *  *  *  *  0c9463fa-aa11-464d-ad4a-8744aca51a55-IGH  *
1890  C   54    10  *  *  *  *  *  36f358b6-a907-45b1-ae80-51e27ce97180-IGH  *
1963  C  127     9  *  *  *  *  *  023b733d-4cd3-4366-b324-ea36552dac2f-IGH  *
1900  C   64     8  *  *  *  *  *  4fd57fb6-c32b-40ac-a1dd-1e980d7860ba-IGH  *
1881  C   45     7  *  *  *  *  *  18ea770a-8ac5-45fc-b71c-a5f5fb00b16c-IGH  *
1906  C   70     7  *  *  *  *  *  5931e496-d28b-48ac-8eb7-811c45c9c376-IGH  *
1903  C   67     7  *  *  *  *  *  5647aa77-77cd-4730-897d-47007bdd6a6a-IGH  *
1911  C   75     6  *  *  *  *  *  6cee04cd-d281-4b1b-89db-3939640b9913-IGH  *
1898  C   62     6  *  *  *  *  *  4ad53375-2e71-4fb4-a18b-cbf1abfe557c-IGH  *
1923  C   87     5  *  *  *  *  *  8fa4e6aa-9fe4-4ac2-be34-e39dfbd7aa96-IGH  *
1902  C   66     5  *  *  *  *  *  51a368e6-31e0-4210-b5bd-05671bef7791-IGH  *
1876  C   40     4  *  *  *  *  *  0e3bf310-faef-44c2-b79f-6887c5e81e50-IGH  *
1873  C   37     4  *  *  *  *  *  0b896e4b-a5b3-4216-b8e6-393cf126a637-IGH  *
1894  C   58     4  *  *  *  *  *  39ff02c9-1e8b-46ac-ae4e-255fc09342bf-IGH  *
1921  C   85     4  *  *  *  *  *  8e13bc0d-ba30-4c86-bc9c-2f38fef1f939-IGH  *
1928  C   92     4  *  *  *  *  *  9342a8c2-b61a-4621-ba00-b53164c84f8e-IGH  *
1931  C   95     4  *  *  *  *  *  9e604382-8466-4b43-8793-45b06f6660ba-IGH  *
1946  C  110     4  *  *  *  *  *  c0208244-f105-434f-90a0-eae23371df25-IGH  *
1973  C  137     4  *  *  *  *  *  91ffb441-304a-4cf0-9d6b-1df298327862-IGH  *
Clusters Ordened By clusters lenght: 
Empty DataFrame
Columns: [0, 1, 2, 3, 4, 5, 6, 7, 8, 9]
Index: []
Clusters Ordened By clusters lenght: 
     0   1  2  3  4  5  6  7                                         8  9
109  C  39  4  *  *  *  *  *  058aa942-927c-4c49-a45e-987e5e2ec9ba-IGH  *
Clusters Ordened By clusters lenght: 
    0  1   2  3  4  5  6  7                                         8  9
40  C  4  19  *  *  *  *  *  0598b107-1a9a-4a71-94b0-d96152122c37-IGH  *
Clusters Ordened By clusters lenght: 
    0  1   2  3  4  5  6  7                                         8  9
31  C  0  23  *  *  *  *  *  098c8f0d-34ec-402c-bf22-1eb62e15ee0b-IGH  *
35  C  4   5  *  *  *  *  *  1b91e455-f9d8-42f1-b95c-4a57bf091e93-IGH  *
Clusters Ordened By clusters lenght: 
     0  1  2  3  4  5  6  7                                         8  9
148  C  4  5  *  *  *  *  *  1cb4c37a-194f-453c-9245-82f6745e46e3-IGH  *
Clusters Ordened By clusters lenght: 
Empty DataFrame
Columns: [0, 1, 2, 3, 4, 5, 6, 7, 8, 9]
Index: []
Clusters Ordened By clusters lenght: 
Empty DataFrame
Columns: [0, 1, 2, 3, 4, 5, 6, 7, 8, 9]
Index: []
Clusters Ordened By clusters lenght: 
     0   1   2  3  4  5  6  7                                         8  9
119  C  25  36  *  *  *  *  *  02bb126d-c0ed-422f-9848-1e1187de6555-IGH  *
132  C  38   5  *  *  *  *  *  15d6b376-ebda-47be-a439-58820d7acd9b-IGH  *
Clusters Ordened By clusters lenght: 
Empty DataFrame
Columns: [0, 1, 2, 3, 4, 5, 6, 7, 8, 9]
Index: []
Clusters Ordened By clusters lenght: 
Empty DataFrame
Columns: [0, 1, 2, 3, 4, 5, 6, 7, 8, 9]
Index: []
Clusters Ordened By clusters lenght: 
    0  1   2  3  4  5  6  7                                         8  9
36  C  4  18  *  *  *  *  *  03f134d6-f27c-4de0-b748-51ddd2afc266-IGH  *
Clusters Ordened By clusters lenght: 
Empty DataFrame
Columns: [0, 1, 2, 3, 4, 5, 6, 7, 8, 9]
Index: []
Clusters Ordened By clusters lenght: 
Empty DataFrame
Columns: [0, 1, 2, 3, 4, 5, 6, 7, 8, 9]
Index: []
Clusters Ordened By clusters lenght: 
     0   1   2  3  4  5  6  7                                         8  9
110  C  34  29  *  *  *  *  *  12d870b1-89ca-46ad-8882-2d881fe1d131-IGH  *
111  C  35   8  *  *  *  *  *  18368f09-c746-40a9-9088-49459b2bcfd1-IGH  *
Clusters Ordened By clusters lenght: 
      0    1    2  3  4  5  6  7                                         8  9
904   C   34  284  *  *  *  *  *  01068f55-4508-4b42-bd20-d93a50f04195-IGH  *
1081  C  211   39  *  *  *  *  *  029837bd-9bb2-4508-9447-57d8455809ad-IGH  *
1151  C  281   30  *  *  *  *  *  0c99974a-68ba-48bf-814b-a5f2c4496cdb-IGH  *
1095  C  225   27  *  *  *  *  *  3bc4d0e5-3b36-4768-b9be-eb6e792d3bbf-IGH  *
1080  C  210    8  *  *  *  *  *  00efad4d-4ead-4e75-bacf-db878dc40987-IGH  *
987   C  117    8  *  *  *  *  *  20dabffe-fd86-4371-b45d-cda95ff34e7e-IGH  *
989   C  119    8  *  *  *  *  *  2ec32c53-4057-45a7-9d6b-4cb7c9500851-IGH  *
1156  C  286    7  *  *  *  *  *  13e05a44-f7b8-43d8-8114-e274d02904c7-IGH  *
1030  C  160    6  *  *  *  *  *  1c3e379e-f0a9-470d-a8b7-1b40d487f53d-IGH  *
966   C   96    5  *  *  *  *  *  70d0f00a-0f3d-4598-9185-6f62f18e4381-IGH  *
1145  C  275    5  *  *  *  *  *  01c35e0e-9c21-4004-8f95-dba618c09d8c-IGH  *
929   C   59    4  *  *  *  *  *  2dc800ce-c8f5-4ed5-b98b-afd9835dd226-IGH  *
991   C  121    4  *  *  *  *  *  3482264d-c069-4937-93bd-7c667f31cb76-IGH  *
988   C  118    4  *  *  *  *  *  2a05fbc4-1fba-4469-b068-30b49af29263-IGH  *
1108  C  238    4  *  *  *  *  *  6879ef8b-b775-4c24-93b3-da1d116b4c12-IGH  *
1103  C  233    4  *  *  *  *  *  5ba4ef24-88b3-4c05-9ab3-02d02c8e0b48-IGH  *
1093  C  223    4  *  *  *  *  *  33c1d6b7-da24-43aa-a564-8c8b18058d77-IGH  *
1155  C  285    4  *  *  *  *  *  0f61fd10-296a-469a-b57d-bad0fea23fec-IGH  *
Clusters Ordened By clusters lenght: 
     0   1    2  3  4  5  6  7                                         8  9
427  C   2  252  *  *  *  *  *  02ef9457-85dd-476b-9de8-f23ed419966f-IGH  *
430  C   5   46  *  *  *  *  *  0da7ed71-593d-4a99-aa10-75b51888bf5e-IGH  *
426  C   1   36  *  *  *  *  *  01590527-fdfb-4f42-a4c9-afc5f8866696-IGH  *
429  C   4   24  *  *  *  *  *  0a2a8d14-6018-47a3-9160-ed1e70354e62-IGH  *
442  C  17    5  *  *  *  *  *  40cff0f8-b61b-4fd8-b14d-e7c344f5b77a-IGH  *
425  C   0    4  *  *  *  *  *  0148da40-eb5d-473c-9cae-5d7b6fbc976c-IGH  *
Clusters Ordened By clusters lenght: 
   0  1  2  3  4  5  6  7                                         8  9
8  C  0  7  *  *  *  *  *  0a31f532-115c-40d6-973f-2a5f66f642ba-IGH  *
Clusters Ordened By clusters lenght: 
   0  1  2  3  4  5  6  7                                         8  9
5  C  0  5  *  *  *  *  *  52715a89-c8bc-47e5-8dd7-edcb42a60cb0-IGH  *
Clusters Ordened By clusters lenght: 
Empty DataFrame
Columns: [0, 1, 2, 3, 4, 5, 6, 7, 8, 9]
Index: []
Clusters Ordened By clusters lenght: 
      0     1   2  3  4  5  6  7                                         8  9
3861  C  1451  45  *  *  *  *  *  03342f3c-5467-47da-9879-ff5834ed0e3f-IGH  *
3872  C  1462  22  *  *  *  *  *  0cd01928-7085-402d-851b-18d4778fe314-IGH  *
3391  C   981  15  *  *  *  *  *  06f99b14-c5c4-47fa-9fa6-333f4df829fe-IGH  *
2674  C   264  15  *  *  *  *  *  1d8b537c-7671-49ef-9574-cab5135944d9-IGH  *
3928  C  1518  14  *  *  *  *  *  45af0e47-d6b6-4658-a7ce-d70b52af0cb2-IGH  *
...  ..   ...  .. .. .. .. .. ..                                       ... ..
3706  C  1296   4  *  *  *  *  *  42f12d09-f606-40da-870b-e22977b256ed-IGH  *
3711  C  1301   4  *  *  *  *  *  44d59535-0d08-429d-8d65-35f10313d258-IGH  *
3746  C  1336   4  *  *  *  *  *  741e377d-2ac0-42cd-89cf-77f798313f5f-IGH  *
3879  C  1469   4  *  *  *  *  *  116ad8d4-74ad-4ade-8785-fe2be890fca1-IGH  *
3898  C  1488   4  *  *  *  *  *  2c55b9ff-9717-498e-b5db-5e7b2d05bcfb-IGH  *

[68 rows x 10 columns]
Clusters Ordened By clusters lenght: 
Empty DataFrame
Columns: [0, 1, 2, 3, 4, 5, 6, 7, 8, 9]
Index: []
Clusters Ordened By clusters lenght: 
     0    1  2  3  4  5  6  7                                         8  9
356  C  154  7  *  *  *  *  *  2958396b-8470-4f3a-817c-f29a8f1b9bd8-IGH  *
Clusters Ordened By clusters lenght: 
    0  1  2  3  4  5  6  7                                         8  9
20  C  7  6  *  *  *  *  *  1c2bda44-9e8d-4955-bdd6-33e74525b665-IGH  *
Clusters Ordened By clusters lenght: 
     0    1  2  3  4  5  6  7                                         8  9
404  C  106  7  *  *  *  *  *  4c075510-092d-49a9-aae7-7b28f203bd5f-IGH  *
524  C  226  6  *  *  *  *  *  27638a15-9d4d-49d0-9819-e7bb60d09c75-IGH  *
523  C  225  6  *  *  *  *  *  0ab965c1-f3da-4476-8318-01a352be94e2-IGH  *
337  C   39  4  *  *  *  *  *  1e12d220-5a86-4af5-95eb-a70ae648ed3a-IGH  *
487  C  189  4  *  *  *  *  *  26e76232-e3a9-4a9f-8249-0b7bf9de27e5-IGH  *
Clusters Ordened By clusters lenght: 
Empty DataFrame
Columns: [0, 1, 2, 3, 4, 5, 6, 7, 8, 9]
Index: []
Clusters Ordened By clusters lenght: 
     0    1   2  3  4  5  6  7                                         8  9
314  C   35  41  *  *  *  *  *  048d202e-7be6-4c52-aac1-0f71c3b21e1b-IGH  *
315  C   36  15  *  *  *  *  *  0828d4e1-ef8e-486f-ac99-fc5eb2dd7c5d-IGH  *
286  C    7  10  *  *  *  *  *  003cb318-4bf7-4cad-ae44-7b18e2a813be-IGH  *
319  C   40   9  *  *  *  *  *  13edefb4-baa1-4ad9-8aec-db8feebfd317-IGH  *
281  C    2   7  *  *  *  *  *  5a22bf93-91d5-4dc7-80a9-b5fe5d6a1439-IGH  *
406  C  127   5  *  *  *  *  *  29fef07b-f2d2-42c3-8ed0-40dee5a88f1a-IGH  *
323  C   44   4  *  *  *  *  *  491e8f5a-5934-41d4-89bd-23534660eb3c-IGH  *
Clusters Ordened By clusters lenght: 
Empty DataFrame
Columns: [0, 1, 2, 3, 4, 5, 6, 7, 8, 9]
Index: []
Clusters Ordened By clusters lenght: 
    0  1   2  3  4  5  6  7                                         8  9
31  C  0  30  *  *  *  *  *  1c4486ef-a157-4849-95ec-402020dbddc9-IGH  *
Clusters Ordened By clusters lenght: 
    0   1  2  3  4  5  6  7                                         8  9
49  C  21  4  *  *  *  *  *  1ed536ea-e881-4506-a014-4b1f14a1023f-IGH  *
Clusters Ordened By clusters lenght: 
Empty DataFrame
Columns: [0, 1, 2, 3, 4, 5, 6, 7, 8, 9]
Index: []
Clusters Ordened By clusters lenght: 
Empty DataFrame
Columns: [0, 1, 2, 3, 4, 5, 6, 7, 8, 9]
Index: []
Clusters Ordened By clusters lenght: 
Empty DataFrame
Columns: [0, 1, 2, 3, 4, 5, 6, 7, 8, 9]
Index: []
Clusters Ordened By clusters lenght: 
Empty DataFrame
Columns: [0, 1, 2, 3, 4, 5, 6, 7, 8, 9]
Index: []
Clusters Ordened By clusters lenght: 
Empty DataFrame
Columns: [0, 1, 2, 3, 4, 5, 6, 7, 8, 9]
Index: []
Clusters Ordened By clusters lenght: 
     0    1  2  3  4  5  6  7                                         8  9
344  C  106  6  *  *  *  *  *  36de78a5-bcb6-432b-8f4a-20bee5090b1e-IGH  *
Clusters Ordened By clusters lenght: 
     0    1  2  3  4  5  6  7                                         8  9
276  C    5  6  *  *  *  *  *  00e002ba-48e6-4b71-aeac-6eb8d3025d50-IGH  *
329  C   58  5  *  *  *  *  *  28a714f0-883d-47b4-8ddd-f39e16935ac4-IGH  *
303  C   32  4  *  *  *  *  *  39823544-83c7-4719-871f-a4f9c9b6c81b-IGH  *
419  C  148  4  *  *  *  *  *  26b855b9-30d8-4963-b60a-76edcbc394e9-IGH  *
Clusters Ordened By clusters lenght: 
   0  1  2  3  4  5  6  7                                         8  9
7  C  1  5  *  *  *  *  *  02087e21-b591-43d2-9642-78ea967b5529-IGK  *
Clusters Ordened By clusters lenght: 
Empty DataFrame
Columns: [0, 1, 2, 3, 4, 5, 6, 7, 8, 9]
Index: []
Clusters Ordened By clusters lenght: 
     0   1  2  3  4  5  6  7                                         8  9
279  C  48  6  *  *  *  *  *  1edd763f-2488-495d-af31-9b22e91613f9-IGH  *
Clusters Ordened By clusters lenght: 
    0  1   2  3  4  5  6  7                                         8  9
34  C  0  18  *  *  *  *  *  3d03fde3-bd1a-455c-91d9-6230c874656e-IGH  *
Clusters Ordened By clusters lenght: 
     0   1  2  3  4  5  6  7                                         8  9
150  C  46  4  *  *  *  *  *  5599160c-c175-4492-8d66-284a146666fe-IGH  *
Clusters Ordened By clusters lenght: 
Empty DataFrame
Columns: [0, 1, 2, 3, 4, 5, 6, 7, 8, 9]
Index: []
Clusters Ordened By clusters lenght: 
     0   1   2  3  4  5  6  7                                         8  9
226  C  76  49  *  *  *  *  *  02d2cc29-7eb6-4f33-a61a-6bfa07dc0776-IGH  *
169  C  19   8  *  *  *  *  *  150bfc38-ac53-4c68-be36-18718587a372-IGH  *
Clusters Ordened By clusters lenght: 
    0  1  2  3  4  5  6  7                                         8  9
28  C  0  8  *  *  *  *  *  0b867ac7-8a88-495f-8a0c-49740e7789b5-IGH  *
Clusters Ordened By clusters lenght: 
Empty DataFrame
Columns: [0, 1, 2, 3, 4, 5, 6, 7, 8, 9]
Index: []
Clusters Ordened By clusters lenght: 
    0   1  2  3  4  5  6  7                                         8  9
43  C  14  6  *  *  *  *  *  3d9ede6d-1ac7-4039-aed8-b44775b3bb09-IGH  *
Clusters Ordened By clusters lenght: 
      0   1    2  3  4  5  6  7                                         8  9
1014  C   3  815  *  *  *  *  *  0006e2fd-056a-4243-965a-97804595f2e7-IGH  *
1018  C   7   24  *  *  *  *  *  034535dd-d927-42d7-be7f-be159505178f-IGH  *
1019  C   8   24  *  *  *  *  *  036f7327-4c6d-43da-8f52-44d126f7a27c-IGH  *
1032  C  21   11  *  *  *  *  *  21853f00-e81e-4110-b4c1-6c76fa1b3e7b-IGH  *
1041  C  30    7  *  *  *  *  *  361a1533-1dd2-41d1-bd82-1bc2f6264f2b-IGH  *
1067  C  56    6  *  *  *  *  *  87d8af02-7cc4-4b6d-969f-83d57045fe75-IGH  *
1023  C  12    6  *  *  *  *  *  075585d7-abe2-4974-ab42-4c5b9bfe71c9-IGH  *
1025  C  14    6  *  *  *  *  *  0b66c656-3e6d-4ec0-8ec3-2edd49538a82-IGH  *
1035  C  24    5  *  *  *  *  *  2765aa36-ebc6-4bac-96ab-f68c8319bfa5-IGH  *
1020  C   9    4  *  *  *  *  *  04532f34-6e2a-4aab-96f0-703f360928b6-IGH  *
1015  C   4    4  *  *  *  *  *  020c2e4f-5205-4115-839c-f4c711dfe9cb-IGH  *
1026  C  15    4  *  *  *  *  *  1153cf2e-0a3f-49ac-a37c-b0ea540a0b75-IGH  *
1040  C  29    4  *  *  *  *  *  336b34bb-064b-4793-844c-34c208dc09c9-IGH  *
Clusters Ordened By clusters lenght: 
Empty DataFrame
Columns: [0, 1, 2, 3, 4, 5, 6, 7, 8, 9]
Index: []
Clusters Ordened By clusters lenght: 
Empty DataFrame
Columns: [0, 1, 2, 3, 4, 5, 6, 7, 8, 9]
Index: []
Clusters Ordened By clusters lenght: 
Empty DataFrame
Columns: [0, 1, 2, 3, 4, 5, 6, 7, 8, 9]
Index: []
Clusters Ordened By clusters lenght: 
Empty DataFrame
Columns: [0, 1, 2, 3, 4, 5, 6, 7, 8, 9]
Index: []
Clusters Ordened By clusters lenght: 
    0   1   2  3  4  5  6  7                                         8  9
62  C  12  14  *  *  *  *  *  07290105-beaf-4f1a-bf64-aa04a3721c17-IGH  *
65  C  15   4  *  *  *  *  *  270becaa-75e4-43f8-a86e-e90e8095695e-IGH  *
Clusters Ordened By clusters lenght: 
Empty DataFrame
Columns: [0, 1, 2, 3, 4, 5, 6, 7, 8, 9]
Index: []
Clusters Ordened By clusters lenght: 
     0    1  2  3  4  5  6  7                                         8  9
711  C  302  8  *  *  *  *  *  1e240e81-13c2-4511-b2dc-a72dac6a6610-IGH  *
439  C   30  5  *  *  *  *  *  177b51e6-d4b8-4386-a6fd-f3a4b9858d94-IGH  *
712  C  303  5  *  *  *  *  *  2337cbb8-6c09-45a8-815c-bddeaf8fa79d-IGH  *
Clusters Ordened By clusters lenght: 
Empty DataFrame
Columns: [0, 1, 2, 3, 4, 5, 6, 7, 8, 9]
Index: []
Clusters Ordened By clusters lenght: 
     0  1   2  3  4  5  6  7                                         8  9
138  C  1  63  *  *  *  *  *  01707a8f-4042-4c85-9f82-77acaf6e4971-IGH  *
137  C  0  28  *  *  *  *  *  00a1d77d-9800-4815-960f-7e4267308005-IGH  *
Clusters Ordened By clusters lenght: 
Empty DataFrame
Columns: [0, 1, 2, 3, 4, 5, 6, 7, 8, 9]
Index: []
Clusters Ordened By clusters lenght: 
    0   1  2  3  4  5  6  7                                         8  9
72  C  28  5  *  *  *  *  *  17534f13-9c24-4251-8b92-68c2eebd54aa-IGH  *
53  C   9  4  *  *  *  *  *  39abdd19-9d9d-42ee-9bd2-4e5662c4088b-IGH  *
Clusters Ordened By clusters lenght: 
    0   1  2  3  4  5  6  7                                         8  9
85  C  35  4  *  *  *  *  *  409c323a-0a64-4389-9b6f-bfc9c5dfabc6-IGH  *
Clusters Ordened By clusters lenght: 
      0    1   2  3  4  5  6  7                                         8  9
1304  C  414  48  *  *  *  *  *  03eed8cf-03f1-44c7-b30b-b524507f2bcb-IGH  *
1384  C  494  33  *  *  *  *  *  04bdcb5e-151d-40f4-8963-a3b4c67d1885-IGH  *
1162  C  272  15  *  *  *  *  *  15868405-4cda-4019-9af6-87b24a1b4176-IGH  *
1012  C  122   7  *  *  *  *  *  045a5ad8-59a1-4f70-a349-c0d3fcc219a5-IGH  *
1309  C  419   6  *  *  *  *  *  0b229f70-d42b-4bb1-baaa-bbd17796c425-IGH  *
1241  C  351   6  *  *  *  *  *  212cfaaf-609d-40b3-8dfc-7f213102526c-IGH  *
1389  C  499   6  *  *  *  *  *  11d44b65-7a04-4977-87c8-0711e0f2ccee-IGH  *
1189  C  299   6  *  *  *  *  *  61eb03a0-1faa-48b0-858f-401cb4a193c2-IGH  *
1078  C  188   5  *  *  *  *  *  09a6b02f-733f-45fc-bd30-23b0d8951a22-IGH  *
1238  C  348   5  *  *  *  *  *  12df5500-9dd1-441d-91d9-232b2a710e3a-IGH  *
1393  C  503   5  *  *  *  *  *  1d868845-9508-43d5-befa-3115372ce334-IGH  *
1311  C  421   5  *  *  *  *  *  0f7dbab1-10aa-4cc1-b6b3-64bf653fc60a-IGH  *
1154  C  264   4  *  *  *  *  *  01489874-13a7-4d06-9ea8-39e97a4e362a-IGH  *
1316  C  426   4  *  *  *  *  *  2131f633-4de8-425f-8fd8-c7d173e8c7fc-IGH  *
1314  C  424   4  *  *  *  *  *  1706cb2d-ea10-4c7f-846b-8b4d37c07707-IGH  *
1396  C  506   4  *  *  *  *  *  2b5b44ba-7812-4d7e-9d7a-c787aebbe3be-IGH  *
1405  C  515   4  *  *  *  *  *  4f9f1bf9-c951-4491-8ab1-eddc64786a30-IGH  *
1472  C  582   4  *  *  *  *  *  3370fe2b-507d-4174-b789-f849e39f714c-IGH  *
Clusters Ordened By clusters lenght: 
     0    1   2  3  4  5  6  7                                         8  9
341  C   44  16  *  *  *  *  *  0906a5d7-3778-446a-a5f9-f8d821b3bdfe-IGH  *
300  C    3   7  *  *  *  *  *  643a22f5-5d9e-4ff9-8381-fb68c645a915-IGH  *
499  C  202   5  *  *  *  *  *  1874bd50-6782-4767-bb03-fa083b083640-IGH  *
317  C   20   4  *  *  *  *  *  21f30a30-abd3-4919-a04a-b972364d6d48-IGH  *
306  C    9   4  *  *  *  *  *  acd97787-b56e-423e-bc6f-138ea9f41831-IGH  *
326  C   29   4  *  *  *  *  *  517178bf-aaa8-454d-8af6-c4b74c244f0a-IGH  *
344  C   47   4  *  *  *  *  *  20fedc94-ec9a-49d1-bde2-84f438cbdda8-IGH  *
439  C  142   4  *  *  *  *  *  0adbb5be-69f4-4440-8203-b86b8a692192-IGH  *
517  C  220   4  *  *  *  *  *  0e7b671c-49d0-4df2-bd54-32222e0c6d08-IGH  *
Clusters Ordened By clusters lenght: 
   0  1  2  3  4  5  6  7                                         8  9
9  C  0  8  *  *  *  *  *  0aff93ca-822a-4bf3-9c07-47c5b038d15e-IGH  *
Clusters Ordened By clusters lenght: 
     0    1   2  3  4  5  6  7                                         8  9
777  C  284  45  *  *  *  *  *  00b74d00-0c72-4540-acfc-b04e57a25c58-IGH  *
576  C   83  19  *  *  *  *  *  0285ba79-5672-47b1-9b79-639c48f96a7a-IGH  *
785  C  292   8  *  *  *  *  *  1b3625b4-ffe2-410c-b182-48121a9377db-IGH  *
834  C  341   8  *  *  *  *  *  135f0d51-4ed8-47bd-bdbf-0f71fcb3c1b2-IGH  *
Clusters Ordened By clusters lenght: 
Empty DataFrame
Columns: [0, 1, 2, 3, 4, 5, 6, 7, 8, 9]
Index: []
Clusters Ordened By clusters lenght: 
Empty DataFrame
Columns: [0, 1, 2, 3, 4, 5, 6, 7, 8, 9]
Index: []
Clusters Ordened By clusters lenght: 
     0    1   2  3  4  5  6  7                                         8  9
381  C   12  86  *  *  *  *  *  07edd8b0-1793-4d05-90c7-32376818d453-IGH  *
486  C  117  14  *  *  *  *  *  2ca5ec2e-5953-4e5e-9e8c-33b7a527bc83-IGH  *
538  C  169  11  *  *  *  *  *  122c66bd-e456-495e-bbab-d01681811074-IGH  *
382  C   13  10  *  *  *  *  *  08d777e0-b058-4dd2-8a80-9ffa4e8b4713-IGH  *
581  C  212   4  *  *  *  *  *  7657cfbb-b4f3-4b17-b9ad-d1adfad20248-IGH  *
Clusters Ordened By clusters lenght: 
Empty DataFrame
Columns: [0, 1, 2, 3, 4, 5, 6, 7, 8, 9]
Index: []
Clusters Ordened By clusters lenght: 
     0    1   2  3  4  5  6  7                                         8  9
483  C  122  11  *  *  *  *  *  2cb43f1a-4280-486c-8163-84a8148cc02b-IGH  *
427  C   66   5  *  *  *  *  *  2d5b9a6d-1741-4332-ab8a-2285fbf50c01-IGH  *
564  C  203   5  *  *  *  *  *  4f3924d0-cb4a-429b-8590-63792c2fabcc-IGH  *
418  C   57   4  *  *  *  *  *  08b974a4-f8ae-49b9-bcc2-28a8da860176-IGH  *
Clusters Ordened By clusters lenght: 
Empty DataFrame
Columns: [0, 1, 2, 3, 4, 5, 6, 7, 8, 9]
Index: []
Clusters Ordened By clusters lenght: 
     0   1   2  3  4  5  6  7                                         8  9
150  C  28  40  *  *  *  *  *  017969da-ac20-4733-ab59-40f424c4daa2-IGH  *
161  C  39   7  *  *  *  *  *  67d87f9e-69b5-4054-9ccb-3a317ae8f6f2-IGH  *
152  C  30   6  *  *  *  *  *  0a30d7aa-566e-413d-9346-4ecb4f16f9f1-IGH  *
134  C  12   4  *  *  *  *  *  5119e048-34ad-45f0-9487-4cb6d945b79d-IGH  *
Clusters Ordened By clusters lenght: 
     0   1  2  3  4  5  6  7                                         8  9
145  C  47  8  *  *  *  *  *  0587b32b-7ea3-4e6a-adc2-d3ac5f5f9b59-IGH  *
Clusters Ordened By clusters lenght: 
     0    1   2  3  4  5  6  7                                         8  9
464  C    0  39  *  *  *  *  *  024ccea4-49e4-4672-9e8d-af20e5b48ee0-IGH  *
575  C  111  30  *  *  *  *  *  02313990-ce80-4e34-a4a9-728b567f2c23-IGH  *
663  C  199  23  *  *  *  *  *  026a49a3-72e4-44ad-ac22-9b5d5f9f63c9-IGH  *
521  C   57  13  *  *  *  *  *  018346c2-d254-42c5-a5a6-64f51f94e05b-IGH  *
664  C  200  11  *  *  *  *  *  04aa9c8b-e9b0-4f09-9c7a-561836a2d989-IGH  *
675  C  211  10  *  *  *  *  *  28faa6c6-0564-4110-a3e4-baf61be5e775-IGH  *
676  C  212   7  *  *  *  *  *  2b9b0920-659e-44df-be50-910870828066-IGH  *
670  C  206   6  *  *  *  *  *  1710acc3-7d50-40d0-80e4-2c3b4d5d2793-IGH  *
499  C   35   6  *  *  *  *  *  06690edd-1cb4-4108-9e75-f130f1d347f1-IGH  *
580  C  116   5  *  *  *  *  *  15537c87-1e0f-40b8-a3a3-a594eafbfa71-IGH  *
485  C   21   4  *  *  *  *  *  3a611679-5526-4851-98b1-9585874453ed-IGH  *
593  C  129   4  *  *  *  *  *  40183fff-3b36-4a58-bbc8-873c92cc7dbe-IGH  *
669  C  205   4  *  *  *  *  *  12fabf58-2f07-4d6d-ac2d-bb880e6f9a73-IGH  *
Clusters Ordened By clusters lenght: 
      0    1     2  3  4  5  6  7                                         8  9
5620  C   11  3141  *  *  *  *  *  538a24ba-73eb-4c2d-abe8-13e8f7287e1d-IGH  *
5621  C   12   854  *  *  *  *  *  00017fee-a3a4-404e-b48d-1f85e12234fe-IGH  *
5622  C   13   591  *  *  *  *  *  006dd693-d0f2-46b9-a199-9eac257d238f-IGH  *
5637  C   28   110  *  *  *  *  *  048a2ffb-401b-4c2f-b65a-bea6e30b74ba-IGH  *
5641  C   32   106  *  *  *  *  *  05ae88ab-91e5-4c6e-aa65-0a2ad81336fa-IGH  *
5749  C  140    37  *  *  *  *  *  4932a412-0bcc-4d64-828b-4dd84f641e2f-IGH  *
5626  C   17    28  *  *  *  *  *  00ded307-c1a9-4dc6-b6bd-5015f15a7caa-IGH  *
5799  C  190    22  *  *  *  *  *  8a2e0fee-4e71-42c8-883b-fd8bfb08715e-IGH  *
5639  C   30    21  *  *  *  *  *  0596e91c-375e-45a5-8b68-af8b3d301b5d-IGH  *
5649  C   40    19  *  *  *  *  *  093b6a87-6dac-439a-b88a-1124296f68f3-IGH  *
5681  C   72    19  *  *  *  *  *  174f1549-465b-4efe-9337-433326576ded-IGH  *
5628  C   19    19  *  *  *  *  *  02f7ce30-1a0a-40cf-9323-868e1abdf0cc-IGH  *
5662  C   53    18  *  *  *  *  *  0ed9897c-5e3b-4f88-946a-b8f583b37541-IGH  *
5652  C   43    17  *  *  *  *  *  0a6dbcc9-3783-4fd8-94f1-94692e9f9bdc-IGH  *
5627  C   18    17  *  *  *  *  *  014f1949-c9b6-42a8-9505-1f882efcc23d-IGH  *
5675  C   66    16  *  *  *  *  *  134632ea-e33f-4d8e-bd6d-f81e1ea5a4db-IGH  *
5688  C   79    15  *  *  *  *  *  1afa75ba-cfd2-4fc1-9410-a9cffdf04197-IGH  *
5664  C   55    15  *  *  *  *  *  0ef34f35-4679-445c-aa56-6b030d4be5a1-IGH  *
5677  C   68    15  *  *  *  *  *  1375edf3-3034-4591-b777-c40c2e85d45b-IGH  *
5668  C   59    12  *  *  *  *  *  10d3b4bb-86a0-4466-9550-75cf607f3ded-IGH  *
5655  C   46    11  *  *  *  *  *  0c0fd505-482a-42cc-aaf3-8e8a83126b12-IGH  *
5656  C   47    10  *  *  *  *  *  0cfac95d-c04d-42ae-a766-d8af2f50b6c2-IGH  *
5717  C  108    10  *  *  *  *  *  2f1407ed-1989-4fe8-91ec-48508ed52a39-IGH  *
5697  C   88     9  *  *  *  *  *  1e96e2f7-137c-49ad-af09-f1b7131c4b4d-IGH  *
5691  C   82     9  *  *  *  *  *  1c42024e-904d-4eb0-8e4b-0e3f4a2f9002-IGH  *
5657  C   48     9  *  *  *  *  *  0d140cc8-5ed1-452a-981f-4d63cf8f62e9-IGH  *
5625  C   16     9  *  *  *  *  *  00a8c88f-6274-4699-9709-eb36878d4a03-IGH  *
5726  C  117     8  *  *  *  *  *  382bb15f-cbab-498c-877b-704b8149d7c4-IGH  *
5734  C  125     8  *  *  *  *  *  3f333bfe-d921-4277-8a5d-a2ba4a0f0759-IGH  *
5751  C  142     8  *  *  *  *  *  49c5ed50-7d12-4514-89f2-95a633ba4784-IGH  *
5744  C  135     7  *  *  *  *  *  453a26b0-68d1-4c52-a889-f890450091e0-IGH  *
5770  C  161     7  *  *  *  *  *  5c9ad7ae-e616-49bb-bcbb-509c582151b3-IGH  *
5699  C   90     7  *  *  *  *  *  20d07190-771a-47de-a739-c9e74ce3273e-IGH  *
5647  C   38     7  *  *  *  *  *  090280f9-c1d5-4b37-ad38-4280a13df8b1-IGH  *
5678  C   69     6  *  *  *  *  *  143eb243-c393-4181-8243-46215e76f281-IGH  *
5746  C  137     6  *  *  *  *  *  483ff331-66d3-4624-92b0-343837f9ee1a-IGH  *
5710  C  101     6  *  *  *  *  *  2a1c30da-ddfd-45a2-971b-cee1f28e9652-IGH  *
5707  C   98     6  *  *  *  *  *  27f59fd0-f47a-40fd-9fa4-9b3e0a054c56-IGH  *
5701  C   92     6  *  *  *  *  *  2122761e-9e6e-43bb-9cce-97b2f047d330-IGH  *
5759  C  150     5  *  *  *  *  *  51128324-2f44-4a54-9111-cc96ffd07eb9-IGH  *
5645  C   36     5  *  *  *  *  *  08000315-c2c3-4bfb-a193-f44ad7b7dd06-IGH  *
5640  C   31     5  *  *  *  *  *  05a59fed-b656-48d3-a2fd-104d44e2dec0-IGH  *
5738  C  129     5  *  *  *  *  *  433aeb33-7c10-40e8-a497-1fe3fe591695-IGH  *
5728  C  119     5  *  *  *  *  *  39f4017c-87ed-4610-a893-7f9a185f40bc-IGH  *
5692  C   83     5  *  *  *  *  *  1c42b688-53be-4577-9356-3b89bb44af23-IGH  *
5646  C   37     4  *  *  *  *  *  0898c3ad-6ba5-4b5e-9f58-a961e4797165-IGH  *
5648  C   39     4  *  *  *  *  *  091b5ba8-9f71-43fe-9b5f-4ee191a048bf-IGH  *
5633  C   24     4  *  *  *  *  *  0450e039-1f8b-4e42-ab0d-182bb904d5d3-IGH  *
5669  C   60     4  *  *  *  *  *  11e712bd-7abc-48eb-a0d5-97a1dc21eaca-IGH  *
5694  C   85     4  *  *  *  *  *  1cc79dae-0945-43a7-bb25-5b795f64b126-IGH  *
5709  C  100     4  *  *  *  *  *  28a8e219-5df5-4245-922c-0fa5dc926e43-IGH  *
5767  C  158     4  *  *  *  *  *  5a988ad6-63e6-40aa-b78c-7a7f56914340-IGH  *
5765  C  156     4  *  *  *  *  *  55a3b304-384e-4dd3-9d39-1a863466a6d9-IGH  *
Clusters Ordened By clusters lenght: 
   0  1  2  3  4  5  6  7                                         8  9
9  C  0  4  *  *  *  *  *  2fc4b988-f2d7-4944-8d6b-dec4482088fd-IGH  *
Clusters Ordened By clusters lenght: 
Empty DataFrame
Columns: [0, 1, 2, 3, 4, 5, 6, 7, 8, 9]
Index: []
Clusters Ordened By clusters lenght: 
    0  1   2  3  4  5  6  7                                         8  9
14  C  0  10  *  *  *  *  *  41f351cc-30c0-468e-8171-eebe797dbf7c-IGH  *
Clusters Ordened By clusters lenght: 
   0  1  2  3  4  5  6  7                                         8  9
9  C  1  4  *  *  *  *  *  306eb1f5-1d04-40b5-9753-c8fa7a55912d-IGH  *
Clusters Ordened By clusters lenght: 
    0  1   2  3  4  5  6  7                                         8  9
18  C  2  10  *  *  *  *  *  305c370e-f1da-4764-88ac-abadca7836b0-IGH  *
Clusters Ordened By clusters lenght: 
      0    1   2  3  4  5  6  7                                         8  9
1498  C  583  11  *  *  *  *  *  0d6bd729-98df-4e76-bc5d-f4f893627c74-IGH  *
963   C   48  10  *  *  *  *  *  02c48faa-39f5-4d1f-b077-1283735bac31-IGH  *
1463  C  548   9  *  *  *  *  *  16773bac-4a27-488e-b8a8-5a66a9034df7-IGH  *
1502  C  587   8  *  *  *  *  *  18d8254c-da10-4f11-97ff-fa3fe5ef66cb-IGH  *
1269  C  354   8  *  *  *  *  *  239071e0-ffb1-47a2-a02d-37ebfbf70911-IGH  *
1371  C  456   7  *  *  *  *  *  02be5b31-0285-428e-8fe0-701ad8ca1f8e-IGH  *
1191  C  276   6  *  *  *  *  *  2b56044f-5c3e-4bb3-b7a3-ef1a66b15e41-IGH  *
1181  C  266   6  *  *  *  *  *  01e80439-ecce-40db-9351-a7fe8bea0777-IGH  *
1458  C  543   6  *  *  *  *  *  00ca012d-2f2b-4cf1-9250-f92d8df30736-IGH  *
1093  C  178   5  *  *  *  *  *  042aef5e-d0f7-431c-bb0e-a45732d37dd7-IGH  *
1099  C  184   5  *  *  *  *  *  0c5d5b9e-0068-4966-90a2-48c8edcea4a0-IGH  *
1378  C  463   5  *  *  *  *  *  1f06ecaa-74a8-42be-bf0d-e3090aefb868-IGH  *
1196  C  281   5  *  *  *  *  *  36f2c79d-0a78-44b6-8116-18712f88f805-IGH  *
1333  C  418   5  *  *  *  *  *  4ef0f8d6-d945-4c90-acfd-d19b5d3d88e4-IGH  *
1258  C  343   5  *  *  *  *  *  026a3f57-fac0-4177-8e51-410d4cf5c5a5-IGH  *
1019  C  104   4  *  *  *  *  *  06ec96ee-bace-4241-ad2b-0b2cf4003a9e-IGH  *
1384  C  469   4  *  *  *  *  *  33f1e253-e637-42fa-9e6f-9050bee49269-IGH  *
1264  C  349   4  *  *  *  *  *  1255e129-85b1-485c-9705-d12d2bed9e7e-IGH  *
1327  C  412   4  *  *  *  *  *  3bd30abb-abd2-48fe-a5a7-4f8a2e83f959-IGH  *
1459  C  544   4  *  *  *  *  *  02ab0b0e-ffb9-4ccb-98c3-4355708882f7-IGH  *
1432  C  517   4  *  *  *  *  *  447ae312-984d-4179-9012-a844ddd8b6ef-IGH  *
1514  C  599   4  *  *  *  *  *  33534395-dd63-46d0-a043-e0c832e61bcf-IGH  *
1559  C  644   4  *  *  *  *  *  2568418b-cd3e-4147-819b-2836fcdbb7ef-IGH  *
Clusters Ordened By clusters lenght: 
Empty DataFrame
Columns: [0, 1, 2, 3, 4, 5, 6, 7, 8, 9]
Index: []
Clusters Ordened By clusters lenght: 
Empty DataFrame
Columns: [0, 1, 2, 3, 4, 5, 6, 7, 8, 9]
Index: []
Clusters Ordened By clusters lenght: 
     0    1  2  3  4  5  6  7                                         8  9
529  C   40  7  *  *  *  *  *  21c42d13-5837-425b-a667-f6c21d90bcdb-IGH  *
685  C  196  7  *  *  *  *  *  7ccfef07-9739-4366-9082-7446f6efbb8f-IGH  *
837  C  348  6  *  *  *  *  *  4da35165-6adc-4886-8519-bd7c88296928-IGH  *
567  C   78  6  *  *  *  *  *  2da4ef95-7440-4849-b115-d81ef56c74f6-IGH  *
721  C  232  5  *  *  *  *  *  26433f4a-b5f7-424e-aef3-816e12944f7b-IGH  *
491  C    2  5  *  *  *  *  *  63324b41-aad4-4947-ac02-e003c3f4a52b-IGH  *
490  C    1  4  *  *  *  *  *  5ac0ae79-e012-4c8b-a35f-de8d75ebddac-IGH  *
628  C  139  4  *  *  *  *  *  5f31fbca-026b-40fc-8974-5878d876b6cf-IGH  *
714  C  225  4  *  *  *  *  *  01b7c39e-56e2-45c0-9375-b0282a159651-IGH  *
727  C  238  4  *  *  *  *  *  45a319d1-0103-4593-9e02-484726d58053-IGH  *
833  C  344  4  *  *  *  *  *  27a1e875-6da0-41c3-912b-603a37c7ca15-IGH  *
856  C  367  4  *  *  *  *  *  4434acac-5f80-46d8-8341-a086d2f990b2-IGH  *
Clusters Ordened By clusters lenght: 
   0  1  2  3  4  5  6  7                                         8  9
5  C  0  5  *  *  *  *  *  1be8f9fd-934e-467b-bc3b-b1324a18c3f3-IGH  *
Clusters Ordened By clusters lenght: 
     0   1   2  3  4  5  6  7                                         8  9
166  C  60  19  *  *  *  *  *  07b05331-9619-4496-8b90-8531fa2b13e1-IGH  *
Clusters Ordened By clusters lenght: 
     0   1  2  3  4  5  6  7                                         8  9
138  C  48  8  *  *  *  *  *  10a3026c-a72d-4e87-a7a9-d502a6ba5c0f-IGH  *
90   C   0  6  *  *  *  *  *  17abe642-ca27-4634-a92f-46faa8bbc3ff-IGH  *
132  C  42  6  *  *  *  *  *  4991480a-3565-414d-b0ed-0647c5caef91-IGH  *
129  C  39  4  *  *  *  *  *  095d3b67-9658-4c29-9e51-1df796ade41d-IGH  *
144  C  54  4  *  *  *  *  *  47262c25-ce23-4978-8c9d-9ec86406f28f-IGH  *
Clusters Ordened By clusters lenght: 
    0  1  2  3  4  5  6  7                                         8  9
14  C  1  4  *  *  *  *  *  40e08fe6-da7c-4b62-8530-2d8d70bc543b-IGH  *
Clusters Ordened By clusters lenght: 
    0  1  2  3  4  5  6  7                                         8  9
12  C  1  6  *  *  *  *  *  16bcd380-3508-4792-a176-f0853483d884-IGH  *
Clusters Ordened By clusters lenght: 
     0   1  2  3  4  5  6  7                                         8  9
92   C   5  8  *  *  *  *  *  2822386e-f763-46dc-9a26-4723f97e5bf9-IGH  *
91   C   4  6  *  *  *  *  *  1fe66c2f-930e-4d14-8be5-bcab61670887-IGH  *
146  C  59  4  *  *  *  *  *  3b8c27af-d0e9-4114-9d31-085214602fae-IGH  *
Clusters Ordened By clusters lenght: 
     0    1   2  3  4  5  6  7                                         8  9
653  C  175  49  *  *  *  *  *  01ede1e6-49d1-4cc7-907f-b8b4ea5ff005-IGH  *
674  C  196  17  *  *  *  *  *  2c1ee246-99d8-4feb-bb7e-ba57f8a0c35e-IGH  *
654  C  176   8  *  *  *  *  *  02fbbac5-0af5-4db0-a5ee-93595823a0f6-IGH  *
747  C  269   6  *  *  *  *  *  05a9cd67-99c1-432c-bfce-1164271ed106-IGH  *
492  C   14   6  *  *  *  *  *  046f349c-6720-4548-a9fe-e7822679be23-IGH  *
551  C   73   4  *  *  *  *  *  108d52e4-373e-4318-90b9-2f3facad1568-IGH  *
682  C  204   4  *  *  *  *  *  4c590094-525e-48ed-9231-c498096f62ce-IGH  *
Clusters Ordened By clusters lenght: 
   0  1  2  3  4  5  6  7                                         8  9
9  C  0  4  *  *  *  *  *  0516c7c6-cc93-460f-8147-1b485b100f30-IGH  *
Clusters Ordened By clusters lenght: 
      0    1   2  3  4  5  6  7                                         8  9
654   C    0  11  *  *  *  *  *  1698353b-290a-465d-9af5-3914c8cb9d9b-IGH  *
847   C  193   9  *  *  *  *  *  07060329-bac6-4c51-9339-11f276a131d3-IGH  *
1129  C  475   9  *  *  *  *  *  0986781e-32a4-47e9-bc1a-f053ee7abae6-IGH  *
1088  C  434   7  *  *  *  *  *  01262f05-748c-40c7-b7f8-b3b2ca05ba8b-IGH  *
760   C  106   7  *  *  *  *  *  3078506f-0d31-409f-9607-ea7d8c82739e-IGH  *
1031  C  377   5  *  *  *  *  *  1beb2dfc-4bb0-40b6-b826-97edd97ac1d5-IGH  *
1132  C  478   5  *  *  *  *  *  17a814b8-6b6a-4a44-b5aa-cdc646c04c92-IGH  *
973   C  319   4  *  *  *  *  *  2dfac890-e72d-45d8-a1f4-e892b707b854-IGH  *
968   C  314   4  *  *  *  *  *  0ad89a39-e1a3-4197-b488-024a01630c43-IGH  *
907   C  253   4  *  *  *  *  *  2249bf2b-8934-45cd-a3e8-4f5721b86e49-IGH  *
1037  C  383   4  *  *  *  *  *  2fe01653-d31f-4478-bdc8-c94fef531017-IGH  *
1107  C  453   4  *  *  *  *  *  5bf61900-6813-490e-8045-3ef24498c851-IGH  *
1091  C  437   4  *  *  *  *  *  044228e3-fb8c-4840-ba98-0189b696a90f-IGH  *
1131  C  477   4  *  *  *  *  *  167cb71e-a90b-430c-bac2-3d76551b5f5d-IGH  *
1136  C  482   4  *  *  *  *  *  40f881e8-39a1-406a-95ab-81aacb657b46-IGH  *
Clusters Ordened By clusters lenght: 
Empty DataFrame
Columns: [0, 1, 2, 3, 4, 5, 6, 7, 8, 9]
Index: []
Clusters Ordened By clusters lenght: 
Empty DataFrame
Columns: [0, 1, 2, 3, 4, 5, 6, 7, 8, 9]
Index: []
Clusters Ordened By clusters lenght: 
Empty DataFrame
Columns: [0, 1, 2, 3, 4, 5, 6, 7, 8, 9]
Index: []
Clusters Ordened By clusters lenght: 
Empty DataFrame
Columns: [0, 1, 2, 3, 4, 5, 6, 7, 8, 9]
Index: []
Clusters Ordened By clusters lenght: 
Empty DataFrame
Columns: [0, 1, 2, 3, 4, 5, 6, 7, 8, 9]
Index: []
Clusters Ordened By clusters lenght: 
Empty DataFrame
Columns: [0, 1, 2, 3, 4, 5, 6, 7, 8, 9]
Index: []
Clusters Ordened By clusters lenght: 
Empty DataFrame
Columns: [0, 1, 2, 3, 4, 5, 6, 7, 8, 9]
Index: []
Clusters Ordened By clusters lenght: 
     0   1    2  3  4  5  6  7                                         8  9
321  C   2  201  *  *  *  *  *  013b1485-a932-480d-b0ee-f06411e09373-IGH  *
337  C  18   14  *  *  *  *  *  42837a69-5f8c-486b-bf20-762da2bc3f51-IGH  *
329  C  10    9  *  *  *  *  *  19031057-da79-4fd4-9cef-ea1c439fbeee-IGH  *
331  C  12    5  *  *  *  *  *  1ef36e53-2db4-4d23-92a3-300204d4a2dc-IGH  *
330  C  11    5  *  *  *  *  *  1e38d406-b615-464a-a3f9-edde632b5e0c-IGH  *
327  C   8    4  *  *  *  *  *  12852baa-6297-4546-bbf7-bd4f53108a8b-IGH  *
342  C  23    4  *  *  *  *  *  5824cad8-f9e5-431f-9e5d-0b3307a9ceb6-IGH  *
Clusters Ordened By clusters lenght: 
    0  1  2  3  4  5  6  7                                         8  9
14  C  3  7  *  *  *  *  *  19369d8c-235b-4cfd-be8e-c7f0dd157b9d-IGH  *
Clusters Ordened By clusters lenght: 
   0  1  2  3  4  5  6  7                                         8  9
6  C  0  5  *  *  *  *  *  3ab148b9-abb8-4bb9-952f-1a2746021650-IGH  *
Clusters Ordened By clusters lenght: 
Empty DataFrame
Columns: [0, 1, 2, 3, 4, 5, 6, 7, 8, 9]
Index: []
Clusters Ordened By clusters lenght: 
     0   1  2  3  4  5  6  7                                         8  9
162  C  44  4  *  *  *  *  *  0608945c-7cfc-43d6-87f0-bbf9d04fc437-IGH  *
168  C  50  4  *  *  *  *  *  223d8d58-9388-4b7f-ac1b-f27da4c252fd-IGH  *
Clusters Ordened By clusters lenght: 
    0  1  2  3  4  5  6  7                                         8  9
14  C  1  5  *  *  *  *  *  31daaa84-fca5-424a-ae34-88a07acc316f-IGH  *
Clusters Ordened By clusters lenght: 
    0  1  2  3  4  5  6  7                                         8  9
21  C  4  5  *  *  *  *  *  33e70f47-3030-43ae-8661-7db1d1989ae3-IGH  *
Clusters Ordened By clusters lenght: 
    0  1   2  3  4  5  6  7                                         8  9
53  C  0  44  *  *  *  *  *  0c08c8c1-a4e5-46bf-bdb8-5e82dcd2f168-IGH  *
Clusters Ordened By clusters lenght: 
Empty DataFrame
Columns: [0, 1, 2, 3, 4, 5, 6, 7, 8, 9]
Index: []
Clusters Ordened By clusters lenght: 
Empty DataFrame
Columns: [0, 1, 2, 3, 4, 5, 6, 7, 8, 9]
Index: []
Clusters Ordened By clusters lenght: 
     0    1   2  3  4  5  6  7                                         8  9
867  C  350  15  *  *  *  *  *  05389c14-56e0-4edc-b6c7-ff7d52e98ab8-IGH  *
842  C  325   6  *  *  *  *  *  47c03785-19f1-4276-a2b5-8697e748bd16-IGH  *
674  C  157   5  *  *  *  *  *  4c13d37c-9951-47ef-8f7b-8bcb90a1a7ef-IGH  *
876  C  359   5  *  *  *  *  *  482a7293-7046-44f7-b195-3801037a0530-IGH  *
805  C  288   4  *  *  *  *  *  8b672ecc-6d96-4e36-834c-d192c19f2db1-IGH  *
671  C  154   4  *  *  *  *  *  454f545d-b198-4ba9-b232-4a6aa1cc5515-IGH  *
734  C  217   4  *  *  *  *  *  3da93452-c37d-4cf1-92e5-70fae97bde51-IGH  *
778  C  261   4  *  *  *  *  *  119f317e-0611-4aa5-9b4a-7d4488f7d8cb-IGH  *
830  C  313   4  *  *  *  *  *  0d81869e-c113-4b4e-998e-4ead363717fb-IGH  *
827  C  310   4  *  *  *  *  *  092d122c-8c72-40e4-a296-2acc3715f59b-IGH  *
806  C  289   4  *  *  *  *  *  9771df97-b80e-42bf-95ee-925411ec2236-IGH  *
835  C  318   4  *  *  *  *  *  17c0602c-a134-4634-88ae-7f06945de53d-IGH  *
850  C  333   4  *  *  *  *  *  8b344e13-49c6-40d9-b9f0-117b22f9efa4-IGH  *
836  C  319   4  *  *  *  *  *  1d3fc2a6-b9e7-415c-8f41-ab46d9b1cb3c-IGH  *
870  C  353   4  *  *  *  *  *  18b4b83a-de99-4cea-b5ae-fbfe77b01279-IGH  *
893  C  376   4  *  *  *  *  *  0c35b612-d5c8-426a-b11c-4e9a09e6a282-IGH  *
Clusters Ordened By clusters lenght: 
Empty DataFrame
Columns: [0, 1, 2, 3, 4, 5, 6, 7, 8, 9]
Index: []
Clusters Ordened By clusters lenght: 
      0     1   2  3  4  5  6  7                                         8  9
2981  C  1077  21  *  *  *  *  *  02e13010-859d-4335-b594-d1a968d945d4-IGH  *
2977  C  1073  10  *  *  *  *  *  01f0f952-c3cf-418c-9319-949fac572128-IGH  *
2259  C   355  10  *  *  *  *  *  20773494-946d-41b4-bc5d-6ff11c0ba934-IGH  *
2237  C   333   9  *  *  *  *  *  0178b419-0bdb-4f51-a509-62b6d48e5d26-IGH  *
2668  C   764   9  *  *  *  *  *  0c9f0806-21be-4b2a-8dc9-bf12247cb737-IGH  *
2706  C   802   7  *  *  *  *  *  23a9fe4b-8852-4023-aaa9-86115113a9d9-IGH  *
3133  C  1229   7  *  *  *  *  *  5a9f402d-f473-469b-940d-eb2529517e20-IGH  *
3021  C  1117   7  *  *  *  *  *  19feec96-997c-430f-993d-17439f2dd472-IGH  *
2250  C   346   7  *  *  *  *  *  12d1f91d-567f-4bc2-a8b4-8633dc112b92-IGH  *
2139  C   235   6  *  *  *  *  *  381d7c7d-6a0c-4bc3-a476-5cca8fec7e8e-IGH  *
2517  C   613   5  *  *  *  *  *  5bd6c106-7fc7-415a-ab97-af4077a8fa80-IGH  *
3086  C  1182   5  *  *  *  *  *  3f2328cd-09c2-4a47-86b7-f24359d41466-IGH  *
3171  C  1267   5  *  *  *  *  *  6c728526-f9e7-4ee6-8b53-f9b0b1d007c4-IGH  *
2615  C   711   4  *  *  *  *  *  dd128e9e-b419-4c7f-8553-78aac65237cf-IGH  *
2470  C   566   4  *  *  *  *  *  30249c06-5539-4904-9638-67cf55123a50-IGH  *
2018  C   114   4  *  *  *  *  *  0143c92a-7655-4dca-92d3-dc67b58a030d-IGH  *
2058  C   154   4  *  *  *  *  *  5523b6ca-907d-414b-a153-42891504fae1-IGH  *
2434  C   530   4  *  *  *  *  *  0df0495b-2a27-41b2-95e9-7c3c5fa65a10-IGH  *
2163  C   259   4  *  *  *  *  *  6dbe9c32-0345-4c1c-b0d1-23744c93b754-IGH  *
2984  C  1080   4  *  *  *  *  *  06561a4b-8477-4a30-bcf9-8305c7a56b9e-IGH  *
2732  C   828   4  *  *  *  *  *  364711f1-8127-44d6-83d1-11e7d5d80ee9-IGH  *
2674  C   770   4  *  *  *  *  *  0e6a8a12-843b-47a7-b0c6-41b3e727ed88-IGH  *
2695  C   791   4  *  *  *  *  *  1c07a3a6-a3ba-436e-ab5e-155e01e694e0-IGH  *
3059  C  1155   4  *  *  *  *  *  302163ee-215b-42b4-a0ea-1c373052adc0-IGH  *
3035  C  1131   4  *  *  *  *  *  223c12dd-df24-4f34-874f-e5552b3ca558-IGH  *
3100  C  1196   4  *  *  *  *  *  4a630697-589c-4512-9f82-f7c6ed861dd1-IGH  *
3197  C  1293   4  *  *  *  *  *  7ad1037d-91a1-4d57-b05f-fc2c6dff0370-IGH  *
Clusters Ordened By clusters lenght: 
    0  1   2  3  4  5  6  7                                         8  9
12  C  0  10  *  *  *  *  *  0704b825-abe3-40f9-85c2-9f95efa3a910-IGH  *
Clusters Ordened By clusters lenght: 
Empty DataFrame
Columns: [0, 1, 2, 3, 4, 5, 6, 7, 8, 9]
Index: []
Clusters Ordened By clusters lenght: 
Empty DataFrame
Columns: [0, 1, 2, 3, 4, 5, 6, 7, 8, 9]
Index: []
Clusters Ordened By clusters lenght: 
Empty DataFrame
Columns: [0, 1, 2, 3, 4, 5, 6, 7, 8, 9]
Index: []
Clusters Ordened By clusters lenght: 
     0   1  2  3  4  5  6  7                                         8  9
148  C  66  4  *  *  *  *  *  83d905bb-bbf5-4342-a714-7255933d79c7-IGH  *
Clusters Ordened By clusters lenght: 
     0  1   2  3  4  5  6  7                                         8  9
106  C  3  16  *  *  *  *  *  12320dd5-bb9a-444f-a733-cbd67acc4de4-IGH  *
108  C  5   6  *  *  *  *  *  1f420dab-d5c2-422c-9747-dbac0e063ab6-IGH  *
Clusters Ordened By clusters lenght: 
Empty DataFrame
Columns: [0, 1, 2, 3, 4, 5, 6, 7, 8, 9]
Index: []
Clusters Ordened By clusters lenght: 
     0   1  2  3  4  5  6  7                                         8  9
120  C   3  5  *  *  *  *  *  2da931d9-1bbf-449d-9eaf-bb8d0d4f1810-IGH  *
188  C  71  5  *  *  *  *  *  2d7c7a0c-fba7-4bd6-a759-028cc54a60bf-IGH  *
199  C  82  4  *  *  *  *  *  00934d53-0fc0-41c8-a861-add6a9eac0ca-IGH  *
Clusters Ordened By clusters lenght: 
Empty DataFrame
Columns: [0, 1, 2, 3, 4, 5, 6, 7, 8, 9]
Index: []
Clusters Ordened By clusters lenght: 
Empty DataFrame
Columns: [0, 1, 2, 3, 4, 5, 6, 7, 8, 9]
Index: []
Clusters Ordened By clusters lenght: 
    0  1  2  3  4  5  6  7                                         8  9
25  C  3  7  *  *  *  *  *  49acb317-5a56-4e68-a3a7-8dfac2131144-IGH  *
Clusters Ordened By clusters lenght: 
    0  1   2  3  4  5  6  7                                         8  9
95  C  1  22  *  *  *  *  *  081eac7c-5035-4b51-a7ee-85817d17c48d-IGH  *
Clusters Ordened By clusters lenght: 
      0     1   2  3  4  5  6  7                                         8  9
2694  C  1209  15  *  *  *  *  *  0314a035-6efb-4f17-8ee8-972a7c6c1c7c-IGH  *
1719  C   234  11  *  *  *  *  *  15beab84-5447-42ea-a411-f66e474fb85c-IGH  *
2418  C   933   8  *  *  *  *  *  00a0cd78-9dfe-48bb-9fed-502e066d580b-IGH  *
2430  C   945   8  *  *  *  *  *  17ae5ff0-65d7-45f2-935b-b3023d689b58-IGH  *
1573  C    88   5  *  *  *  *  *  50fe498a-2ae6-49e3-9d09-fed29fc6218e-IGH  *
2108  C   623   4  *  *  *  *  *  03f9bef6-bea6-48c6-b380-b3b78c262419-IGH  *
1759  C   274   4  *  *  *  *  *  49ccf0df-266e-4607-81a4-9d9bcd73c495-IGH  *
1523  C    38   4  *  *  *  *  *  040e8c22-452b-4579-97c2-bbfdcf08d938-IGH  *
2112  C   627   4  *  *  *  *  *  08c4c8c1-3a78-4178-b63a-43701f4a341d-IGH  *
2296  C   811   4  *  *  *  *  *  031ab00c-5278-4134-b836-8b59b0ffbea3-IGH  *
2115  C   630   4  *  *  *  *  *  0c8e66e2-3b08-4a17-beb4-92cfe9a142f8-IGH  *
2557  C  1072   4  *  *  *  *  *  239d70eb-befc-4a67-982c-2b3acae53b1b-IGH  *
2647  C  1162   4  *  *  *  *  *  3cd27269-8239-4d17-b82d-7f9ff66d42ad-IGH  *
Clusters Ordened By clusters lenght: 
     0    1   2  3  4  5  6  7                                         8  9
357  C   75  53  *  *  *  *  *  1ed9042b-1690-40f1-b957-2037bfb4430b-IGH  *
356  C   74   9  *  *  *  *  *  04424047-873d-4b1f-a5ec-fa2a0790eb94-IGH  *
400  C  118   7  *  *  *  *  *  0c76e506-eed4-454f-8e03-061859ef9858-IGH  *
416  C  134   7  *  *  *  *  *  457a6754-5bf1-4464-a7b8-4a7a87c98710-IGH  *
409  C  127   5  *  *  *  *  *  2a179039-b6af-46f7-932b-9e64ec14e7f7-IGH  *
408  C  126   5  *  *  *  *  *  2978db42-4051-4a4f-8ec2-787af676b9a0-IGH  *
397  C  115   5  *  *  *  *  *  0a24fd0e-cff7-4a04-b7bb-d00b7d19dc66-IGH  *
318  C   36   4  *  *  *  *  *  007aa06e-041b-44e6-b9b3-94e4b5f3e7c5-IGH  *
394  C  112   4  *  *  *  *  *  05622101-8c42-4208-8253-4c2fde8e5c0f-IGH  *
406  C  124   4  *  *  *  *  *  2565ec03-9ea1-4f9f-8d23-9a3e9998eb50-IGH  *
423  C  141   4  *  *  *  *  *  7fff7c53-a98f-4251-ac28-3a90224a0f0c-IGH  *
Clusters Ordened By clusters lenght: 
      0     1   2  3  4  5  6  7                                         8  9
2430  C   815  41  *  *  *  *  *  01256d0e-32fc-425c-8b3a-474a52a66f00-IGH  *
2569  C   954  38  *  *  *  *  *  10f53407-b6fd-475b-a0b2-a93e49055a7d-IGH  *
2163  C   548  22  *  *  *  *  *  19114dd7-1671-45ab-936c-fede25c1ade4-IGH  *
1810  C   195  21  *  *  *  *  *  129d312a-30b1-4080-bf55-2e8756d65f3b-IGH  *
2449  C   834  15  *  *  *  *  *  17a9891b-1f32-4fc5-9813-e333615199f7-IGH  *
1629  C    14  12  *  *  *  *  *  06dadeb3-cc96-462c-a8ea-c43765a47daf-IGH  *
2462  C   847  11  *  *  *  *  *  27706e98-8400-495f-8fcf-3a9632a8c8be-IGH  *
2428  C   813  11  *  *  *  *  *  001324a1-e3b2-42b0-b75c-578f82da8ca8-IGH  *
1679  C    64  10  *  *  *  *  *  4eb54967-c084-4e64-a15e-2d585d1161bd-IGH  *
2157  C   542  10  *  *  *  *  *  12ffe2bf-ff5f-4acf-8f99-4dab6cdd0f23-IGH  *
2458  C   843   8  *  *  *  *  *  24a4871a-6b86-4243-8544-e27c22dc5d58-IGH  *
1802  C   187   7  *  *  *  *  *  08d452ba-6274-41e2-bed3-7b01c40571bf-IGH  *
1805  C   190   7  *  *  *  *  *  0bfb6422-ccdc-45eb-a06b-1839871f49cc-IGH  *
2604  C   989   6  *  *  *  *  *  525cbf62-f27d-4c9b-ac7b-b6a2d52d0f33-IGH  *
2584  C   969   6  *  *  *  *  *  2ee19790-29d7-41d0-9206-ec2372b73750-IGH  *
1847  C   232   6  *  *  *  *  *  3e09ae34-4773-4d40-9a14-f496c3660128-IGH  *
2447  C   832   6  *  *  *  *  *  17190b05-e27c-499d-85f5-8c1af20895cd-IGH  *
2280  C   665   5  *  *  *  *  *  027ab1fd-e090-4f39-aeda-7b731060f457-IGH  *
2439  C   824   5  *  *  *  *  *  09421935-46de-4cd2-9cb1-fe1e0f4df01e-IGH  *
2675  C  1060   5  *  *  *  *  *  0e576927-35fc-4388-a5dd-7b8eb227a0d8-IGH  *
2565  C   950   5  *  *  *  *  *  09366c62-8cd4-4115-9898-f7176dc23ba5-IGH  *
2330  C   715   5  *  *  *  *  *  448548f1-83c1-426f-8733-e0a0d84e8664-IGH  *
2009  C   394   5  *  *  *  *  *  165915ea-c49a-40da-a22a-0fcbfd9713f1-IGH  *
2169  C   554   5  *  *  *  *  *  1c593940-8a84-49a4-9766-e6928294e00b-IGH  *
1799  C   184   4  *  *  *  *  *  05e2ce2b-44f9-4438-9cad-fe000265e05c-IGH  *
1698  C    83   4  *  *  *  *  *  6c8f5bf8-6090-4acb-b026-4693e997769a-IGH  *
1631  C    16   4  *  *  *  *  *  08362ff5-6b64-4bcd-a548-f49b9cd2d964-IGH  *
1800  C   185   4  *  *  *  *  *  077147c4-290a-46cd-9b4f-6ffa3bab15f2-IGH  *
1846  C   231   4  *  *  *  *  *  3c729de5-e11e-4f6a-8efc-4279a14d7cf3-IGH  *
1907  C   292   4  *  *  *  *  *  91063f6a-309a-41df-aec7-bc83a809cfb6-IGH  *
2060  C   445   4  *  *  *  *  *  6850f6c6-2f1d-4c56-a78e-495e3a045bba-IGH  *
2283  C   668   4  *  *  *  *  *  05425a11-512c-4ed3-a97f-344ec7250e37-IGH  *
2204  C   589   4  *  *  *  *  *  60c454e2-f919-4756-8978-27fe458aa47f-IGH  *
2436  C   821   4  *  *  *  *  *  078f515d-2283-4ad3-a57d-f5ac15cdfb27-IGH  *
2445  C   830   4  *  *  *  *  *  13f3740c-a658-46f6-80f3-48fa58e14303-IGH  *
2492  C   877   4  *  *  *  *  *  71641ca1-55f6-468e-b4cf-9255a1ce7a74-IGH  *
2525  C   910   4  *  *  *  *  *  b1ea6778-71bc-4bf8-92f9-f60fd7856539-IGH  *
2508  C   893   4  *  *  *  *  *  97af4081-7e8d-44f6-9960-177c64b200d4-IGH  *
2674  C  1059   4  *  *  *  *  *  0b358fd8-439f-464a-bf87-addf43c5f7de-IGH  *
Clusters Ordened By clusters lenght: 
Empty DataFrame
Columns: [0, 1, 2, 3, 4, 5, 6, 7, 8, 9]
Index: []
Clusters Ordened By clusters lenght: 
    0  1  2  3  4  5  6  7                                         8  9
27  C  7  4  *  *  *  *  *  2dabd012-20db-46a7-a382-3d4e6f68b0e9-IGH  *
Clusters Ordened By clusters lenght: 
      0     1   2  3  4  5  6  7                                         8  9
2556  C   540  63  *  *  *  *  *  01fc9515-aeb1-4d72-82a8-b76e6075bfea-IGH  *
2416  C   400  15  *  *  *  *  *  0dc6159f-0869-4c99-8220-cac7baedc3a0-IGH  *
3478  C  1462  13  *  *  *  *  *  4a988197-8f3f-4c9a-b941-874f582c4e63-IGH  *
2572  C   556  10  *  *  *  *  *  1399a817-bc8c-4e47-b92e-3ef8566a3ea6-IGH  *
2798  C   782  10  *  *  *  *  *  2014cd0f-7137-4bfd-963c-2af394aee615-IGH  *
2900  C   884   8  *  *  *  *  *  931f7484-ecea-4ac2-80c2-3e0cb65c3d82-IGH  *
3444  C  1428   8  *  *  *  *  *  1b794ef5-db8d-4b7a-91d4-5094ef3d60e4-IGH  *
2428  C   412   7  *  *  *  *  *  26ea3fda-7002-4498-9a84-afe96e1994c0-IGH  *
2446  C   430   7  *  *  *  *  *  3e090a32-d0fe-4cd1-b3df-01d0b04909d9-IGH  *
2804  C   788   7  *  *  *  *  *  2b8f9c00-1602-4ef1-97a8-b8963f5787c3-IGH  *
3020  C  1004   6  *  *  *  *  *  1a5bd633-c850-460a-9114-973fcaf33364-IGH  *
2116  C   100   6  *  *  *  *  *  1e661e1f-933a-4466-8147-2e693e2abb2b-IGH  *
2805  C   789   6  *  *  *  *  *  2bedba05-8f77-4476-8871-49de8b17cde5-IGH  *
3190  C  1174   6  *  *  *  *  *  041df9aa-94af-416b-b572-769e97480eb3-IGH  *
3115  C  1099   6  *  *  *  *  *  a0572ec6-f671-45ed-9b0d-339643146c54-IGH  *
2330  C   314   6  *  *  *  *  *  539780cb-e33d-4a62-926c-02a902f6bbe0-IGH  *
3434  C  1418   5  *  *  *  *  *  0bab9888-2b6b-41f3-aedf-7a1eddb13d43-IGH  *
2837  C   821   5  *  *  *  *  *  51daeaa0-3ef9-4690-b051-86e6fd41a6a7-IGH  *
3011  C   995   5  *  *  *  *  *  160aa36f-0ee7-468d-9c68-65d40931e3b3-IGH  *
2410  C   394   5  *  *  *  *  *  04566ddf-4a49-4b32-8f3a-126fb81e6985-IGH  *
3436  C  1420   5  *  *  *  *  *  0c0b22bf-6dd5-4f4e-8daf-f42612972815-IGH  *
2291  C   275   4  *  *  *  *  *  12f63dd2-51a3-4db4-ab8a-07914825c153-IGH  *
2409  C   393   4  *  *  *  *  *  025ca626-2cae-475c-acd8-ecd0b6a0c82c-IGH  *
2574  C   558   4  *  *  *  *  *  16391f74-bcf2-4762-b14d-3c053715ff3d-IGH  *
2433  C   417   4  *  *  *  *  *  2c9195f3-6990-4810-bfce-25d949a04f6f-IGH  *
2483  C   467   4  *  *  *  *  *  79754c16-e010-4081-8bc3-04f54f6410cf-IGH  *
2810  C   794   4  *  *  *  *  *  32b7adeb-ae80-4ad6-9cac-6f304d9acc64-IGH  *
3207  C  1191   4  *  *  *  *  *  0e860c8d-b415-4c60-b331-2dc7da5b24d0-IGH  *
2911  C   895   4  *  *  *  *  *  a5dc45ef-6bc2-43e0-88ee-bd986295c181-IGH  *
3146  C  1130   4  *  *  *  *  *  c5936ebd-f74e-4b28-a804-83add3eb7f56-IGH  *
3216  C  1200   4  *  *  *  *  *  148cbb66-5398-4702-9cc3-65e7037a72f7-IGH  *
3265  C  1249   4  *  *  *  *  *  4b95ab28-4789-42e8-9e86-e18b57067e68-IGH  *
3438  C  1422   4  *  *  *  *  *  10de38ea-5476-4714-b7bc-a8cde8e92a83-IGH  *
3480  C  1464   4  *  *  *  *  *  4b8239e6-30b7-40c8-a708-159ceb97cc4d-IGH  *
Clusters Ordened By clusters lenght: 
Empty DataFrame
Columns: [0, 1, 2, 3, 4, 5, 6, 7, 8, 9]
Index: []
Clusters Ordened By clusters lenght: 
Empty DataFrame
Columns: [0, 1, 2, 3, 4, 5, 6, 7, 8, 9]
Index: []
Clusters Ordened By clusters lenght: 
Empty DataFrame
Columns: [0, 1, 2, 3, 4, 5, 6, 7, 8, 9]
Index: []
Clusters Ordened By clusters lenght: 
     0   1  2  3  4  5  6  7                                         8  9
225  C  80  5  *  *  *  *  *  04d86544-6817-4ef9-b84e-4a3a31f15d1b-IGH  *
162  C  17  4  *  *  *  *  *  0f052c10-c608-451e-a6c6-1ac2730d3a47-IGH  *
210  C  65  4  *  *  *  *  *  38ad8191-ac56-45ce-a64d-0bb939de40bf-IGH  *
Clusters Ordened By clusters lenght: 
Empty DataFrame
Columns: [0, 1, 2, 3, 4, 5, 6, 7, 8, 9]
Index: []
Clusters Ordened By clusters lenght: 
Empty DataFrame
Columns: [0, 1, 2, 3, 4, 5, 6, 7, 8, 9]
Index: []
Clusters Ordened By clusters lenght: 
    0  1  2  3  4  5  6  7                                         8  9
30  C  0  7  *  *  *  *  *  38b8fba2-e975-4e85-bc81-5c36e7fb5434-IGH  *
Clusters Ordened By clusters lenght: 
Empty DataFrame
Columns: [0, 1, 2, 3, 4, 5, 6, 7, 8, 9]
Index: []
Clusters Ordened By clusters lenght: 
    0  1  2  3  4  5  6  7                                         8  9
35  C  9  5  *  *  *  *  *  23f15cae-3977-44d7-8305-8d9bc9c9998d-IGH  *
Clusters Ordened By clusters lenght: 
Empty DataFrame
Columns: [0, 1, 2, 3, 4, 5, 6, 7, 8, 9]
Index: []
Clusters Ordened By clusters lenght: 
   0  1  2  3  4  5  6  7                                         8  9
9  C  1  5  *  *  *  *  *  403788d2-1a7c-4046-865b-8532b953f2cc-IGH  *
Clusters Ordened By clusters lenght: 
     0   1  2  3  4  5  6  7                                         8  9
137  C  33  9  *  *  *  *  *  14b69d21-5c89-4aa4-bfab-101f4e6b0274-IGH  *
Clusters Ordened By clusters lenght: 
Empty DataFrame
Columns: [0, 1, 2, 3, 4, 5, 6, 7, 8, 9]
Index: []
Clusters Ordened By clusters lenght: 
    0  1  2  3  4  5  6  7                                         8  9
28  C  5  4  *  *  *  *  *  2a77f902-fc23-430f-a3e0-cab4080c96ce-IGH  *
Clusters Ordened By clusters lenght: 
Empty DataFrame
Columns: [0, 1, 2, 3, 4, 5, 6, 7, 8, 9]
Index: []
Clusters Ordened By clusters lenght: 
    0   1  2  3  4  5  6  7                                         8  9
64  C  12  6  *  *  *  *  *  1992a7d9-e838-4ca4-8315-458d9be61dee-IGH  *
Clusters Ordened By clusters lenght: 
    0  1   2  3  4  5  6  7                                         8  9
27  C  6  12  *  *  *  *  *  2567ef61-20cd-4ef9-92f3-aee5e5cd01c7-IGH  *
Clusters Ordened By clusters lenght: 
     0  1   2  3  4  5  6  7                                         8  9
144  C  9  83  *  *  *  *  *  34a0a5f6-4083-4cdd-9c48-efaa71204167-IGH  *
139  C  4  20  *  *  *  *  *  03471955-93c2-41fb-8fe1-402c7b4a853d-IGH  *
142  C  7   7  *  *  *  *  *  08a508ac-9f51-4448-88d5-cb6a507dd80e-IGH  *
143  C  8   6  *  *  *  *  *  0fc718a4-c0de-40e5-82fe-d1ba40d2223f-IGH  *
Clusters Ordened By clusters lenght: 
      0    1   2  3  4  5  6  7                                         8  9
1763  C  605  27  *  *  *  *  *  0873fec0-4dd2-402d-a7fe-494d2fbf3c1a-IGH  *
1435  C  277  18  *  *  *  *  *  060af840-e66a-41d2-bc54-78287fea4323-IGH  *
1428  C  270  12  *  *  *  *  *  01506938-620f-4767-aea3-8062351518a6-IGH  *
2008  C  850  11  *  *  *  *  *  150a8f18-275b-4e46-892c-02dabac71b6e-IGH  *
1771  C  613  10  *  *  *  *  *  1e0e6c89-f792-4820-ab70-ddde8934cdd4-IGH  *
2015  C  857   8  *  *  *  *  *  52688a82-29c1-4ac9-b28d-b6d9deee26b2-IGH  *
1764  C  606   8  *  *  *  *  *  0c805592-3831-4e55-a85c-dd388a09c7a6-IGH  *
1782  C  624   7  *  *  *  *  *  32080fa8-29d5-4c14-85a1-b0080730915f-IGH  *
1651  C  493   6  *  *  *  *  *  1f6f09ed-d6d4-4074-aed9-3ed55fec1f41-IGH  *
1869  C  711   6  *  *  *  *  *  0ce95309-81cf-41cb-8790-1f43e69efe96-IGH  *
1625  C  467   5  *  *  *  *  *  0481d3f7-400b-4488-bff0-5639e892deb4-IGH  *
1633  C  475   5  *  *  *  *  *  0c7f8fb0-a267-4569-a71c-06bf5088f937-IGH  *
1442  C  284   5  *  *  *  *  *  100fdb84-667a-4f8c-af86-fa1e25a2e767-IGH  *
1946  C  788   5  *  *  *  *  *  066a68e1-ecd9-4e47-89c1-33fb0e9e24a0-IGH  *
1441  C  283   4  *  *  *  *  *  0facf987-6d4b-4466-a2bb-a0c862c2ebee-IGH  *
2005  C  847   4  *  *  *  *  *  0651f2d0-c649-4b4f-a494-2cea76972e96-IGH  *
1958  C  800   4  *  *  *  *  *  2d5bb468-f2bd-4563-94c6-8a6aa6daa63f-IGH  *
2009  C  851   4  *  *  *  *  *  21471027-093b-4a3f-9f04-b3c32903bd9c-IGH  *
2036  C  878   4  *  *  *  *  *  048509ce-8841-47c4-98cc-ff9e79fb4bbf-IGH  *
Clusters Ordened By clusters lenght: 
    0  1   2  3  4  5  6  7                                         8  9
18  C  0  15  *  *  *  *  *  03a6b792-36b4-4693-8e14-41373e24f844-IGH  *
Clusters Ordened By clusters lenght: 
Empty DataFrame
Columns: [0, 1, 2, 3, 4, 5, 6, 7, 8, 9]
Index: []
Clusters Ordened By clusters lenght: 
Empty DataFrame
Columns: [0, 1, 2, 3, 4, 5, 6, 7, 8, 9]
Index: []
Clusters Ordened By clusters lenght: 
Empty DataFrame
Columns: [0, 1, 2, 3, 4, 5, 6, 7, 8, 9]
Index: []
Clusters Ordened By clusters lenght: 
     0    1   2  3  4  5  6  7                                         8  9
323  C   97  46  *  *  *  *  *  52c8a443-2d00-40ba-a0b1-0c396713bd32-IGH  *
357  C  131   9  *  *  *  *  *  1cbd51be-6877-447b-b57e-203c5ab38786-IGH  *
Clusters Ordened By clusters lenght: 
Empty DataFrame
Columns: [0, 1, 2, 3, 4, 5, 6, 7, 8, 9]
Index: []
Clusters Ordened By clusters lenght: 
Empty DataFrame
Columns: [0, 1, 2, 3, 4, 5, 6, 7, 8, 9]
Index: []
Clusters Ordened By clusters lenght: 
   0  1  2  3  4  5  6  7                                         8  9
6  C  0  4  *  *  *  *  *  09615ffb-aa18-4849-b3d5-1e04180ef812-IGH  *
Clusters Ordened By clusters lenght: 
   0  1  2  3  4  5  6  7                                         8  9
9  C  0  8  *  *  *  *  *  19f34de8-74c3-4ded-8f92-a34fd919ebcb-IGH  *
Clusters Ordened By clusters lenght: 
Empty DataFrame
Columns: [0, 1, 2, 3, 4, 5, 6, 7, 8, 9]
Index: []
Clusters Ordened By clusters lenght: 
    0   1   2  3  4  5  6  7                                         8  9
75  C  17  14  *  *  *  *  *  0825edd9-a18d-4e58-b1d1-3f5c7a1ba3e7-IGH  *
58  C   0   5  *  *  *  *  *  387b6326-eb92-4764-a847-f408fa9a4099-IGH  *
Clusters Ordened By clusters lenght: 
Empty DataFrame
Columns: [0, 1, 2, 3, 4, 5, 6, 7, 8, 9]
Index: []
Clusters Ordened By clusters lenght: 
    0  1   2  3  4  5  6  7                                         8  9
36  C  0  22  *  *  *  *  *  4377f9d7-7952-47ee-bd91-ebbf8ead861e-IGH  *
Clusters Ordened By clusters lenght: 
   0  1  2  3  4  5  6  7                                         8  9
6  C  1  4  *  *  *  *  *  520c766f-bdfb-41e3-8967-f0ee551a270a-IGH  *
Clusters Ordened By clusters lenght: 
     0    1   2  3  4  5  6  7                                         8  9
823  C  340  14  *  *  *  *  *  02a7cd20-a30e-4b1d-8ac5-4c6e2d2a29a4-IGH  *
857  C  374   8  *  *  *  *  *  2c0fd49a-741a-40b0-800f-a4fb00baf70f-IGH  *
710  C  227   4  *  *  *  *  *  2bd2a75c-9e99-4753-b948-2b35809da99c-IGH  *
622  C  139   4  *  *  *  *  *  4557f6f2-2b2d-43c4-bbd5-2721aea40e88-IGH  *
Clusters Ordened By clusters lenght: 
Empty DataFrame
Columns: [0, 1, 2, 3, 4, 5, 6, 7, 8, 9]
Index: []
Clusters Ordened By clusters lenght: 
   0  1  2  3  4  5  6  7                                         8  9
7  C  0  7  *  *  *  *  *  21c76b1a-9d16-459c-838a-8416d69c0775-IGH  *
Clusters Ordened By clusters lenght: 
    0   1  2  3  4  5  6  7                                         8  9
87  C  12  4  *  *  *  *  *  05879f23-19ac-4478-b89b-f43bcfe37bf6-IGH  *
Clusters Ordened By clusters lenght: 
Empty DataFrame
Columns: [0, 1, 2, 3, 4, 5, 6, 7, 8, 9]
Index: []
Clusters Ordened By clusters lenght: 
      0    1   2  3  4  5  6  7                                         8  9
1122  C  452  11  *  *  *  *  *  115df899-99ed-4b97-975a-7d1c3dfabbed-IGH  *
1126  C  456  10  *  *  *  *  *  2ba3e11f-cce3-431d-bd15-d7507dbaed6f-IGH  *
796   C  126   8  *  *  *  *  *  1c2f6eec-b81f-4806-a6de-5d33f899717d-IGH  *
1119  C  449   8  *  *  *  *  *  05bbce69-c1e3-4e9d-80a3-5430bd499f0f-IGH  *
1117  C  447   8  *  *  *  *  *  048607e1-b19e-4d0a-8e4d-3087876318f0-IGH  *
1128  C  458   8  *  *  *  *  *  3a630d24-2bcc-4679-8479-8b8a6a59c276-IGH  *
1069  C  399   5  *  *  *  *  *  3950af3b-b579-4557-887b-ca9fd7a6d89f-IGH  *
1071  C  401   5  *  *  *  *  *  3cfe1eec-27f3-424a-878a-6d8d2f448e5e-IGH  *
996   C  326   4  *  *  *  *  *  445b671b-7bac-4b48-b2fc-eff2f728b3ed-IGH  *
1057  C  387   4  *  *  *  *  *  15736628-369d-411f-9f96-7f6a3cef5123-IGH  *
905   C  235   4  *  *  *  *  *  0c751176-903d-4cd8-9202-afdba15ef1c9-IGH  *
980   C  310   4  *  *  *  *  *  145affb7-87b2-4d4e-bbe8-d50476002103-IGH  *
792   C  122   4  *  *  *  *  *  133625aa-9d60-400d-9353-744f36c777af-IGH  *
1123  C  453   4  *  *  *  *  *  1c2957a4-199b-46e0-99d0-1b8bee3d68ab-IGH  *
1149  C  479   4  *  *  *  *  *  91715e01-eea8-4b56-ab00-2c3d1bccefe9-IGH  *
1188  C  518   4  *  *  *  *  *  04cdb677-ee59-4cf6-9d7a-155d85718711-IGH  *
Clusters Ordened By clusters lenght: 
Empty DataFrame
Columns: [0, 1, 2, 3, 4, 5, 6, 7, 8, 9]
Index: []
Clusters Ordened By clusters lenght: 
Empty DataFrame
Columns: [0, 1, 2, 3, 4, 5, 6, 7, 8, 9]
Index: []
Clusters Ordened By clusters lenght: 
Empty DataFrame
Columns: [0, 1, 2, 3, 4, 5, 6, 7, 8, 9]
Index: []
Clusters Ordened By clusters lenght: 
   0  1  2  3  4  5  6  7                                         8  9
7  C  0  4  *  *  *  *  *  18b3d8f3-405f-4c0f-968e-0a3cd8826baf-IGH  *
Clusters Ordened By clusters lenght: 
    0  1   2  3  4  5  6  7                                         8  9
21  C  0  16  *  *  *  *  *  13b32714-f696-4fd1-837c-3c0d3c2bb344-IGK  *
Clusters Ordened By clusters lenght: 
    0   1   2  3  4  5  6  7                                         8  9
96  C  32  10  *  *  *  *  *  0562a496-a531-426f-9b84-3f35591a2547-IGH  *
89  C  25   5  *  *  *  *  *  1ae46315-2263-42c8-8bcb-9755ccba261a-IGH  *
Clusters Ordened By clusters lenght: 
     0   1   2  3  4  5  6  7                                         8  9
87   C   2  25  *  *  *  *  *  19ef6519-acdf-4327-8787-24c33f5207cd-IGH  *
118  C  33   7  *  *  *  *  *  4b33ee9c-473e-401d-81b1-65eaa9b8315a-IGH  *
86   C   1   6  *  *  *  *  *  0f8dcd80-dc35-4f52-b079-f0c1226be15d-IGH  *
124  C  39   4  *  *  *  *  *  8ed83a89-d754-4d51-a753-031db033ee28-IGH  *
Clusters Ordened By clusters lenght: 
     0    1   2  3  4  5  6  7                                         8  9
329  C   91  24  *  *  *  *  *  0e492923-3218-411f-877a-9d04514c1840-IGH  *
338  C  100  10  *  *  *  *  *  27367867-b733-47ec-92d9-37d39a7db84b-IGH  *
327  C   89   9  *  *  *  *  *  0c1e10a5-db46-42bc-ad99-ac9ef78db664-IGH  *
289  C   51   6  *  *  *  *  *  08d75f8a-9375-4886-a25e-e0841efe7d31-IGH  *
252  C   14   4  *  *  *  *  *  40dcafc1-7491-49fa-a87e-ed0f03d4777e-IGH  *
334  C   96   4  *  *  *  *  *  1a0d37fe-f51d-46fd-a545-c41f4a6aab4b-IGH  *
336  C   98   4  *  *  *  *  *  1e53519d-4e7c-4581-88c1-ae6128a8fdd3-IGH  *
Clusters Ordened By clusters lenght: 
     0    1    2  3  4  5  6  7                                         8  9
803  C  115  503  *  *  *  *  *  00958f70-eae8-487f-a9c6-39e0903a2800-IGH  *
806  C  118    7  *  *  *  *  *  080e5d29-9f2f-4041-a5ac-8dfb63aa81e2-IGH  *
814  C  126    4  *  *  *  *  *  4700543a-6b3b-42e0-8528-9ae2293740a4-IGH  *
Clusters Ordened By clusters lenght: 
Empty DataFrame
Columns: [0, 1, 2, 3, 4, 5, 6, 7, 8, 9]
Index: []
Clusters Ordened By clusters lenght: 
Empty DataFrame
Columns: [0, 1, 2, 3, 4, 5, 6, 7, 8, 9]
Index: []
Clusters Ordened By clusters lenght: 
     0    1  2  3  4  5  6  7                                         8  9
273  C  115  4  *  *  *  *  *  1cdb90dd-683d-4bb8-9589-0901c1f3ca48-IGH  *
283  C  125  4  *  *  *  *  *  052dcde0-06a3-4e45-9bce-3b69db33eb2e-IGH  *
Clusters Ordened By clusters lenght: 
Empty DataFrame
Columns: [0, 1, 2, 3, 4, 5, 6, 7, 8, 9]
Index: []
Clusters Ordened By clusters lenght: 
    0  1  2  3  4  5  6  7                                         8  9
43  C  0  4  *  *  *  *  *  01dd1416-cb55-4ba3-81ac-aa605f5b464a-IGH  *
Clusters Ordened By clusters lenght: 
    0  1  2  3  4  5  6  7                                         8  9
17  C  5  6  *  *  *  *  *  0a8c4ee6-7c8b-4131-aa1d-3812765042be-IGH  *
Clusters Ordened By clusters lenght: 
    0  1  2  3  4  5  6  7                                         8  9
63  C  2  8  *  *  *  *  *  4088f2e4-6440-4930-b52d-bb8a253a3788-IGH  *
Clusters Ordened By clusters lenght: 
Empty DataFrame
Columns: [0, 1, 2, 3, 4, 5, 6, 7, 8, 9]
Index: []
Clusters Ordened By clusters lenght: 
     0    1   2  3  4  5  6  7                                         8  9
596  C  241  15  *  *  *  *  *  0c8f3187-8f5b-42e4-92fa-65ed77b32d08-IGH  *
577  C  222  12  *  *  *  *  *  05380abb-71b5-4a8a-a543-fdfd63405cc3-IGH  *
544  C  189   7  *  *  *  *  *  58c99b6d-0985-422e-9d68-c3e9ce3e5154-IGH  *
583  C  228   5  *  *  *  *  *  3425ad8e-e1c9-4f90-860f-b0ca9b47402b-IGH  *
Clusters Ordened By clusters lenght: 
    0   1  2  3  4  5  6  7                                         8  9
44  C  15  5  *  *  *  *  *  76f71eb7-2ed5-4f1c-b987-4b2828cf1716-IGH  *
Clusters Ordened By clusters lenght: 
    0   1  2  3  4  5  6  7                                         8  9
51  C  11  5  *  *  *  *  *  02ce5882-c86c-4b25-a9db-9c5741fbb14f-IGH  *
Clusters Ordened By clusters lenght: 
     0   1   2  3  4  5  6  7                                         8  9
249  C  49  83  *  *  *  *  *  00d99766-1119-436d-9c3a-60c58651e622-IGH  *
271  C  71   7  *  *  *  *  *  25b8ed85-c274-4f91-8712-443fa8c77cfd-IGH  *
280  C  80   5  *  *  *  *  *  1eed23fe-738f-4995-873a-8916be8c930f-IGH  *
Clusters Ordened By clusters lenght: 
      0    1   2  3  4  5  6  7                                         8  9
1431  C  354  19  *  *  *  *  *  1310f0f0-1e25-450f-a8ed-8157aac0a8c6-IGH  *
1323  C  246  18  *  *  *  *  *  1a811f39-1c1c-4d18-aaf9-3b5a91fc1637-IGH  *
1556  C  479  13  *  *  *  *  *  011b36b1-7852-4e6a-bfd5-dc551da68b74-IGH  *
1691  C  614  12  *  *  *  *  *  3c465be8-cac2-4785-80af-cace72bb2223-IGH  *
1560  C  483  12  *  *  *  *  *  0c2727fb-ae15-4050-89bc-27f578b87fbe-IGH  *
1436  C  359  12  *  *  *  *  *  189885b0-fa76-4e10-80f8-e4ebefe0973d-IGH  *
1320  C  243  10  *  *  *  *  *  110db0aa-b2fd-4e5c-83a9-8fc7cfe86bd7-IGH  *
1589  C  512   9  *  *  *  *  *  4ba6e8f6-30da-4d77-a20d-3c11f5d6fef3-IGH  *
1458  C  381   9  *  *  *  *  *  4705442d-47d4-4326-94a9-c2dfa702d4e6-IGH  *
1325  C  248   8  *  *  *  *  *  1ffbdbff-aece-4aad-ba78-24e8636cd494-IGH  *
1324  C  247   8  *  *  *  *  *  1a874c72-5f8e-410a-b4db-79f848b44e63-IGH  *
1094  C   17   7  *  *  *  *  *  1c33d34d-e0dd-464f-98c8-2668d87ef21d-IGH  *
1757  C  680   7  *  *  *  *  *  00db7a47-4848-4103-9374-95af2a3bdcfb-IGH  *
1681  C  604   7  *  *  *  *  *  21727cc5-86f5-442f-885d-38e2b5037e8e-IGH  *
1675  C  598   6  *  *  *  *  *  16c6db64-5fb5-46e2-8de6-aea055221cdd-IGH  *
1342  C  265   4  *  *  *  *  *  525550cc-4cb1-4e86-8d39-7535425c8c29-IGH  *
1665  C  588   4  *  *  *  *  *  035ea528-a572-4f27-8494-e6c94323cfae-IGH  *
1810  C  733   4  *  *  *  *  *  10448318-76e4-4438-872e-5d8c3337448f-IGH  *
1813  C  736   4  *  *  *  *  *  20d22a9d-3b3e-462b-844d-6ce63f58ec01-IGH  *
Clusters Ordened By clusters lenght: 
Empty DataFrame
Columns: [0, 1, 2, 3, 4, 5, 6, 7, 8, 9]
Index: []
Clusters Ordened By clusters lenght: 
Empty DataFrame
Columns: [0, 1, 2, 3, 4, 5, 6, 7, 8, 9]
Index: []
Clusters Ordened By clusters lenght: 
    0  1  2  3  4  5  6  7                                         8  9
36  C  7  5  *  *  *  *  *  54e21514-aa54-4bfb-b0ec-e76c60b8a166-IGH  *
Clusters Ordened By clusters lenght: 
Empty DataFrame
Columns: [0, 1, 2, 3, 4, 5, 6, 7, 8, 9]
Index: []
Clusters Ordened By clusters lenght: 
Empty DataFrame
Columns: [0, 1, 2, 3, 4, 5, 6, 7, 8, 9]
Index: []
Clusters Ordened By clusters lenght: 
Empty DataFrame
Columns: [0, 1, 2, 3, 4, 5, 6, 7, 8, 9]
Index: []
Clusters Ordened By clusters lenght: 
Empty DataFrame
Columns: [0, 1, 2, 3, 4, 5, 6, 7, 8, 9]
Index: []
Clusters Ordened By clusters lenght: 
     0   1   2  3  4  5  6  7                                         8  9
197  C  17  25  *  *  *  *  *  09f8ebc5-95e1-41d1-88ae-981aa6b9f67e-IGH  *
200  C  20  23  *  *  *  *  *  20b17331-69a2-44cc-aa0c-6c6ade9ba41e-IGH  *
199  C  19   7  *  *  *  *  *  0d013afa-cb78-4863-8fa7-0aac5c1bee29-IGH  *
261  C  81   6  *  *  *  *  *  16926432-93b8-48f3-8829-ab44ae8f0d48-IGH  *
217  C  37   4  *  *  *  *  *  04587d78-427a-4648-a46f-2bd1c59f8b4f-IGH  *
269  C  89   4  *  *  *  *  *  65e19d31-7659-4da2-812b-8139a8001e39-IGH  *
Clusters Ordened By clusters lenght: 
Empty DataFrame
Columns: [0, 1, 2, 3, 4, 5, 6, 7, 8, 9]
Index: []
Clusters Ordened By clusters lenght: 
Empty DataFrame
Columns: [0, 1, 2, 3, 4, 5, 6, 7, 8, 9]
Index: []
Clusters Ordened By clusters lenght: 
Empty DataFrame
Columns: [0, 1, 2, 3, 4, 5, 6, 7, 8, 9]
Index: []
Clusters Ordened By clusters lenght: 
   0  1  2  3  4  5  6  7                                         8  9
5  C  0  4  *  *  *  *  *  3e7b3d29-379d-48e0-a931-5ac8f5355d22-IGH  *
Clusters Ordened By clusters lenght: 
    0   1  2  3  4  5  6  7                                         8  9
66  C  10  9  *  *  *  *  *  13bb480f-5bd4-4e24-b239-342b457d0e25-IGH  *
73  C  17  4  *  *  *  *  *  2fc6673f-4abe-41cb-aca4-6a52f966f816-IGH  *
Clusters Ordened By clusters lenght: 
   0  1  2  3  4  5  6  7                                         8  9
5  C  0  4  *  *  *  *  *  0dbfbf9b-4a7a-4727-b372-034f8c7bb90b-IGK  *
Clusters Ordened By clusters lenght: 
    0  1   2  3  4  5  6  7                                         8  9
53  C  5  34  *  *  *  *  *  084f15f2-ce6f-4c8f-9280-52e38525bada-IGH  *
Clusters Ordened By clusters lenght: 
     0   1    2  3  4  5  6  7                                         8  9
422  C  31  203  *  *  *  *  *  70c9aeca-37fe-45a3-b428-f446b14f7113-IGH  *
426  C  35   15  *  *  *  *  *  037076f9-b033-4fd3-a53e-28d099e4a4ea-IGH  *
458  C  67   14  *  *  *  *  *  63b8e524-28d1-4a89-a793-3bfe4eb3be75-IGH  *
407  C  16    7  *  *  *  *  *  0053ae1b-1b02-40b4-bc99-e463cecedc6e-IGH  *
430  C  39    6  *  *  *  *  *  0b10ed3c-6b57-44e4-a40e-73aecd2bb098-IGH  *
442  C  51    5  *  *  *  *  *  2b2ff480-785b-415c-97a3-e1b620d24ae6-IGH  *
427  C  36    5  *  *  *  *  *  04fab973-fad9-4cb4-8945-ad2fd8279402-IGH  *
412  C  21    4  *  *  *  *  *  6c4145d3-27a5-46af-b100-3a9a9036cc41-IGH  *
429  C  38    4  *  *  *  *  *  0a568760-0c7b-470c-bc0b-92273c8a5313-IGH  *
450  C  59    4  *  *  *  *  *  455a4bae-6b4f-403e-ac62-ef1b1e9c12a4-IGH  *
Clusters Ordened By clusters lenght: 
     0    1   2  3  4  5  6  7                                         8  9
479  C  207  11  *  *  *  *  *  1b80596b-c297-42ed-9377-0640c43ae27e-IGH  *
478  C  206  11  *  *  *  *  *  05743db0-0a9f-422d-ba8f-6493f1bea535-IGH  *
272  C    0   6  *  *  *  *  *  079217a7-348d-421f-971c-6cc873fb87ec-IGH  *
311  C   39   6  *  *  *  *  *  13c4ffab-f0f8-4852-bb5b-566fefdba205-IGH  *
284  C   12   4  *  *  *  *  *  015e5a0e-1843-4280-8efe-3436d2159830-IGH  *
Clusters Ordened By clusters lenght: 
    0  1   2  3  4  5  6  7                                         8  9
34  C  1  26  *  *  *  *  *  0bf0bb93-399a-4a3d-9365-e28ec0644903-IGH  *
Clusters Ordened By clusters lenght: 
Empty DataFrame
Columns: [0, 1, 2, 3, 4, 5, 6, 7, 8, 9]
Index: []
Clusters Ordened By clusters lenght: 
Empty DataFrame
Columns: [0, 1, 2, 3, 4, 5, 6, 7, 8, 9]
Index: []
Clusters Ordened By clusters lenght: 
    0  1   2  3  4  5  6  7                                         8  9
17  C  0  14  *  *  *  *  *  17ffe218-eacd-4fec-b9ad-7faeac70777c-IGH  *
Clusters Ordened By clusters lenght: 
   0  1  2  3  4  5  6  7                                         8  9
7  C  0  6  *  *  *  *  *  1d4afa58-eeae-4ea7-a2d6-7d194f0ef803-IGH  *
Clusters Ordened By clusters lenght: 
Empty DataFrame
Columns: [0, 1, 2, 3, 4, 5, 6, 7, 8, 9]
Index: []
Clusters Ordened By clusters lenght: 
    0  1  2  3  4  5  6  7                                         8  9
35  C  0  4  *  *  *  *  *  0e92498e-1008-42bb-aefc-cde78063b593-IGH  *
43  C  8  4  *  *  *  *  *  00ab74ad-ff6c-4529-ac96-641a047e886e-IGH  *
Clusters Ordened By clusters lenght: 
      0     1   2  3  4  5  6  7                                         8  9
5159  C  1729  97  *  *  *  *  *  04100a76-c44a-441e-bdff-5a31e6335624-IGH  *
5364  C  1934  54  *  *  *  *  *  01b78315-0e78-446d-b94a-d934ef1d6749-IGH  *
4653  C  1223  52  *  *  *  *  *  00e4db95-00be-43a8-9d14-d68650944115-IGH  *
5175  C  1745  36  *  *  *  *  *  10a154a2-6eb2-4ffe-b717-850149252294-IGH  *
4113  C   683  36  *  *  *  *  *  01d95439-0290-4766-b1d2-61b043498bed-IGH  *
...  ..   ...  .. .. .. .. .. ..                                       ... ..
5390  C  1960   4  *  *  *  *  *  1b984bc0-9182-449e-9592-ea26e0426553-IGH  *
5408  C  1978   4  *  *  *  *  *  309a4948-ba10-46e9-bc9c-99316fe2dfe3-IGH  *
5421  C  1991   4  *  *  *  *  *  3e508fe0-5897-453b-ba05-03895e74e82b-IGH  *
5447  C  2017   4  *  *  *  *  *  5a2240fe-fe85-4726-b3e5-f67f0fd0d5d2-IGH  *
5564  C  2134   4  *  *  *  *  *  0817751f-4c24-4892-8ca6-6f6d381d95a4-IGH  *

[78 rows x 10 columns]
Clusters Ordened By clusters lenght: 
Empty DataFrame
Columns: [0, 1, 2, 3, 4, 5, 6, 7, 8, 9]
Index: []
Clusters Ordened By clusters lenght: 
    0  1  2  3  4  5  6  7                                         8  9
68  C  5  7  *  *  *  *  *  286bce64-678e-4c3e-a845-6a3008f3b000-IGH  *
70  C  7  7  *  *  *  *  *  3326b619-5e70-42db-8fd1-24300f18f587-IGH  *
69  C  6  4  *  *  *  *  *  28947d91-a2e7-4766-b558-7cff1ac7942d-IGH  *
Clusters Ordened By clusters lenght: 
     0    1   2  3  4  5  6  7                                         8  9
342  C  138  27  *  *  *  *  *  11980ea4-8b81-4a99-a5b4-bd4e34d2e263-IGH  *
341  C  137   5  *  *  *  *  *  0122a6f8-84ce-43c7-a72e-7b14c626f113-IGH  *
323  C  119   4  *  *  *  *  *  155500e4-ad21-4620-add2-5f5606d84563-IGH  *
Clusters Ordened By clusters lenght: 
     0    1  2  3  4  5  6  7                                         8  9
408  C  137  6  *  *  *  *  *  1e253dda-0c10-49fd-8977-0b7c90f8bf87-IGH  *
405  C  134  5  *  *  *  *  *  1800497b-fac7-4910-bc63-b0b102ad1f72-IGH  *
419  C  148  5  *  *  *  *  *  4ceca80d-40bc-4b1f-a156-bcb42d82520e-IGH  *
484  C  213  4  *  *  *  *  *  2b71042e-3b43-4d8e-87d4-7399ef96f752-IGH  *
Clusters Ordened By clusters lenght: 
Empty DataFrame
Columns: [0, 1, 2, 3, 4, 5, 6, 7, 8, 9]
Index: []
Clusters Ordened By clusters lenght: 
     0   1   2  3  4  5  6  7                                         8  9
112  C  33  19  *  *  *  *  *  03b5554d-007a-49de-a42c-a84eac94c318-IGH  *
Clusters Ordened By clusters lenght: 
Empty DataFrame
Columns: [0, 1, 2, 3, 4, 5, 6, 7, 8, 9]
Index: []
Clusters Ordened By clusters lenght: 
Empty DataFrame
Columns: [0, 1, 2, 3, 4, 5, 6, 7, 8, 9]
Index: []
Clusters Ordened By clusters lenght: 
    0  1  2  3  4  5  6  7                                         8  9
23  C  0  4  *  *  *  *  *  14921353-4dcd-4b0e-8752-f8bc11beea46-IGH  *
26  C  3  4  *  *  *  *  *  45e7ec82-787c-4724-a4b9-0c30d861c694-IGH  *
Clusters Ordened By clusters lenght: 
Empty DataFrame
Columns: [0, 1, 2, 3, 4, 5, 6, 7, 8, 9]
Index: []
Clusters Ordened By clusters lenght: 
Empty DataFrame
Columns: [0, 1, 2, 3, 4, 5, 6, 7, 8, 9]
Index: []
Clusters Ordened By clusters lenght: 
Empty DataFrame
Columns: [0, 1, 2, 3, 4, 5, 6, 7, 8, 9]
Index: []
Clusters Ordened By clusters lenght: 
     0    1  2  3  4  5  6  7                                         8  9
418  C   85  5  *  *  *  *  *  0924af86-b28f-43eb-a039-8cf8bf4918c4-IGH  *
568  C  235  5  *  *  *  *  *  19164c93-e54d-48da-a2ba-8cffa248e14d-IGH  *
Clusters Ordened By clusters lenght: 
Empty DataFrame
Columns: [0, 1, 2, 3, 4, 5, 6, 7, 8, 9]
Index: []
Clusters Ordened By clusters lenght: 
     0    1   2  3  4  5  6  7                                         8  9
156  C    0  27  *  *  *  *  *  02ad4d7a-c98a-43a9-b222-65535ee4f6ff-IGH  *
256  C  100   5  *  *  *  *  *  0cbddeee-b062-4195-97db-117f6164185a-IGH  *
Clusters Ordened By clusters lenght: 
Empty DataFrame
Columns: [0, 1, 2, 3, 4, 5, 6, 7, 8, 9]
Index: []
Clusters Ordened By clusters lenght: 
   0  1  2  3  4  5  6  7                                         8  9
6  C  0  4  *  *  *  *  *  48b23bca-6fe8-4661-908d-e32126c235d0-IGH  *
Clusters Ordened By clusters lenght: 
Empty DataFrame
Columns: [0, 1, 2, 3, 4, 5, 6, 7, 8, 9]
Index: []
Clusters Ordened By clusters lenght: 
Empty DataFrame
Columns: [0, 1, 2, 3, 4, 5, 6, 7, 8, 9]
Index: []
Clusters Ordened By clusters lenght: 
Empty DataFrame
Columns: [0, 1, 2, 3, 4, 5, 6, 7, 8, 9]
Index: []
Clusters Ordened By clusters lenght: 
     0  1   2  3  4  5  6  7                                         8  9
111  C  1  58  *  *  *  *  *  0cf29781-0697-4e33-9bd4-dcc977683ce2-IGH  *
112  C  2  15  *  *  *  *  *  4bdea761-6a40-4c62-bcc5-25a198a5c48a-IGH  *
Clusters Ordened By clusters lenght: 
Empty DataFrame
Columns: [0, 1, 2, 3, 4, 5, 6, 7, 8, 9]
Index: []
Clusters Ordened By clusters lenght: 
    0  1  2  3  4  5  6  7                                         8  9
21  C  3  5  *  *  *  *  *  330d48c0-508e-4968-8498-0a52d2b8041e-IGH  *
Clusters Ordened By clusters lenght: 
    0  1  2  3  4  5  6  7                                         8  9
33  C  5  5  *  *  *  *  *  21ba8146-5d6b-4719-9ffe-f15128dc504d-IGH  *
Clusters Ordened By clusters lenght: 
    0  1   2  3  4  5  6  7                                         8  9
19  C  1  12  *  *  *  *  *  03682411-b71a-4f29-a094-33ac261ed460-IGH  *
Clusters Ordened By clusters lenght: 
    0   1  2  3  4  5  6  7                                         8  9
96  C  19  4  *  *  *  *  *  1bcf5c95-a29c-4fbd-b3a2-2ba4ad0b1105-IGH  *
Clusters Ordened By clusters lenght: 
Empty DataFrame
Columns: [0, 1, 2, 3, 4, 5, 6, 7, 8, 9]
Index: []
Clusters Ordened By clusters lenght: 
Empty DataFrame
Columns: [0, 1, 2, 3, 4, 5, 6, 7, 8, 9]
Index: []
Clusters Ordened By clusters lenght: 
     0   1   2  3  4  5  6  7                                         8  9
310  C  69  51  *  *  *  *  *  03d4e83f-367e-4029-8a75-fce2eee33046-IGH  *
263  C  22  34  *  *  *  *  *  083eaf64-b2a0-4bf7-bf8d-77d7a88bec35-IGH  *
241  C   0  15  *  *  *  *  *  0039843e-8d40-4021-8c64-64048476cfe8-IGH  *
Clusters Ordened By clusters lenght: 
    0  1  2  3  4  5  6  7                                         8  9
26  C  4  4  *  *  *  *  *  1c72c7df-1283-4669-9957-9fb9fe5fcd99-IGH  *
Clusters Ordened By clusters lenght: 
Empty DataFrame
Columns: [0, 1, 2, 3, 4, 5, 6, 7, 8, 9]
Index: []
Clusters Ordened By clusters lenght: 
     0  1   2  3  4  5  6  7                                         8  9
130  C  0  47  *  *  *  *  *  011a1150-5baa-4103-b435-e6b6ef3a95b9-IGH  *
131  C  1  34  *  *  *  *  *  08dd043f-c0ae-4901-9096-a79a63eb5b29-IGH  *
132  C  2  18  *  *  *  *  *  343ac7f2-be47-4d5b-93c2-84535c4881cd-IGH  *
133  C  3  15  *  *  *  *  *  5131e921-df55-445e-ac0d-3de35c254f8f-IGH  *
136  C  6  11  *  *  *  *  *  8dc465c3-70be-4d16-8fb9-9e4a79999f2c-IGH  *
Clusters Ordened By clusters lenght: 
Empty DataFrame
Columns: [0, 1, 2, 3, 4, 5, 6, 7, 8, 9]
Index: []
Clusters Ordened By clusters lenght: 
Empty DataFrame
Columns: [0, 1, 2, 3, 4, 5, 6, 7, 8, 9]
Index: []
Clusters Ordened By clusters lenght: 
Empty DataFrame
Columns: [0, 1, 2, 3, 4, 5, 6, 7, 8, 9]
Index: []
Clusters Ordened By clusters lenght: 
     0    1   2  3  4  5  6  7                                         8  9
697  C  136  22  *  *  *  *  *  170526f4-fedd-4d09-9642-72009b30797f-IGH  *
690  C  129  15  *  *  *  *  *  05a00eb2-bf98-490b-b87a-25fc8319f3c5-IGH  *
853  C  292   9  *  *  *  *  *  024bb1e5-d643-4738-899d-ad84cc515a71-IGH  *
985  C  424   5  *  *  *  *  *  14f4cacf-5b80-4db4-bb91-6a61281f2583-IGH  *
694  C  133   4  *  *  *  *  *  1252a8e5-6bc8-4913-bf18-4fe65c30c1be-IGH  *
721  C  160   4  *  *  *  *  *  3b037c4c-22fc-4bcd-95e0-afdee99b6a5b-IGH  *
864  C  303   4  *  *  *  *  *  2566fa91-7d81-46cc-b1e3-f3dc358f1c76-IGH  *
Clusters Ordened By clusters lenght: 
Empty DataFrame
Columns: [0, 1, 2, 3, 4, 5, 6, 7, 8, 9]
Index: []
Clusters Ordened By clusters lenght: 
Empty DataFrame
Columns: [0, 1, 2, 3, 4, 5, 6, 7, 8, 9]
Index: []
Clusters Ordened By clusters lenght: 
    0  1  2  3  4  5  6  7                                         8  9
16  C  0  9  *  *  *  *  *  25af92bc-0dfb-493e-ab3c-832cea430c6c-IGH  *
Clusters Ordened By clusters lenght: 
Empty DataFrame
Columns: [0, 1, 2, 3, 4, 5, 6, 7, 8, 9]
Index: []
Clusters Ordened By clusters lenght: 
     0   1   2  3  4  5  6  7                                         8  9
245  C  88  19  *  *  *  *  *  03d468d3-58f7-4392-b851-ee6abc00c89e-IGH  *
Clusters Ordened By clusters lenght: 
    0  1  2  3  4  5  6  7                                         8  9
26  C  2  8  *  *  *  *  *  031e0a38-fa94-493c-b231-f27b97824d50-IGH  *
25  C  1  4  *  *  *  *  *  1a4f58b1-6e43-4d3e-a352-dfc0dd37aa6e-IGH  *
28  C  4  4  *  *  *  *  *  3027dc41-b5d1-4b90-8b93-862f16be7166-IGH  *
29  C  5  4  *  *  *  *  *  4800e114-7a9a-4bf8-a9b2-8757384d9361-IGH  *
Clusters Ordened By clusters lenght: 
Empty DataFrame
Columns: [0, 1, 2, 3, 4, 5, 6, 7, 8, 9]
Index: []
Clusters Ordened By clusters lenght: 
      0     1   2  3  4  5  6  7                                         8  9
5644  C  2281  66  *  *  *  *  *  137b47eb-ee2f-44e7-8be4-7c5037d6065d-IGH  *
5008  C  1645  50  *  *  *  *  *  016fa43d-e94e-444a-b336-14030808dc22-IGH  *
5494  C  2131  46  *  *  *  *  *  06a67dfc-bca8-4dbe-a816-d761bb84df9b-IGH  *
5017  C  1654  43  *  *  *  *  *  076ddd7d-bed6-4337-aa28-58c8311d04b0-IGH  *
5635  C  2272  19  *  *  *  *  *  082be333-eb7f-4004-b204-7fb6c70fcc1a-IGH  *
...  ..   ...  .. .. .. .. .. ..                                       ... ..
5670  C  2307   4  *  *  *  *  *  58b294c3-b60b-41ff-881d-db52885ccd1e-IGH  *
5687  C  2324   4  *  *  *  *  *  7a77323a-fb3f-4e06-a794-377d3b1be174-IGH  *
5695  C  2332   4  *  *  *  *  *  82b79104-67b7-4629-add9-6a239bb030e5-IGH  *
5805  C  2442   4  *  *  *  *  *  4055db10-027e-4992-9d21-6b7bb666a06b-IGH  *
5856  C  2493   4  *  *  *  *  *  d6928792-a1d6-4176-b9b6-03e7d8af840d-IGH  *

[61 rows x 10 columns]
Clusters Ordened By clusters lenght: 
Empty DataFrame
Columns: [0, 1, 2, 3, 4, 5, 6, 7, 8, 9]
Index: []
Clusters Ordened By clusters lenght: 
     0    1  2  3  4  5  6  7                                         8  9
527  C  207  6  *  *  *  *  *  2722f958-ae2e-4d0b-a06a-9ff19233c220-IGH  *
524  C  204  6  *  *  *  *  *  09c3ee10-6869-4568-a166-4df5c1645679-IGH  *
556  C  236  6  *  *  *  *  *  6ef4cca4-2746-40c4-9246-c9d8c17a7de8-IGH  *
546  C  226  6  *  *  *  *  *  03394620-4e09-42aa-9cca-7372a0b7c1e1-IGH  *
389  C   69  4  *  *  *  *  *  71609bd9-5728-4b7e-a197-764e287d8880-IGH  *
391  C   71  4  *  *  *  *  *  7db756dc-0f47-436e-9317-280d4345d49c-IGH  *
530  C  210  4  *  *  *  *  *  313b4619-3bca-4aec-bab2-13f445171730-IGH  *
552  C  232  4  *  *  *  *  *  46bd4cb4-741c-411c-a8db-0cd80523b0d3-IGH  *
Clusters Ordened By clusters lenght: 
    0  1   2  3  4  5  6  7                                         8  9
26  C  1  11  *  *  *  *  *  210608bc-9323-4db9-bc57-0f4fccd64620-IGH  *
Clusters Ordened By clusters lenght: 
Empty DataFrame
Columns: [0, 1, 2, 3, 4, 5, 6, 7, 8, 9]
Index: []
Clusters Ordened By clusters lenght: 
     0   1  2  3  4  5  6  7                                         8  9
150  C   7  7  *  *  *  *  *  071e21fc-f998-4b7f-b2c7-3fe07dc8ae85-IGH  *
193  C  50  6  *  *  *  *  *  26019d62-5a3d-4e9d-92dc-71e56a1c0eb1-IGH  *
167  C  24  5  *  *  *  *  *  07ed14c9-f036-4c7c-8fe7-40a15170ec93-IGH  *
235  C  92  5  *  *  *  *  *  104ffc7a-d906-4b46-a263-6415766ca852-IGH  *
192  C  49  5  *  *  *  *  *  1912d04c-1385-4169-be2b-a28813c66be4-IGH  *
178  C  35  4  *  *  *  *  *  226b9aae-38a1-4c17-9c68-6f4da8955763-IGH  *
195  C  52  4  *  *  *  *  *  3bccc5d3-51d0-4123-9577-357b68f41870-IGH  *
Clusters Ordened By clusters lenght: 
      0    1  2  3  4  5  6  7                                         8  9
668   C   56  7  *  *  *  *  *  08b7bb6a-ccdf-4fff-a05a-83d62ea4a2b7-IGH  *
712   C  100  7  *  *  *  *  *  64faa611-2860-47a3-836c-3f891b729fe3-IGH  *
1059  C  447  5  *  *  *  *  *  2e4fcd2d-f682-4864-92f7-24962b44ed40-IGH  *
674   C   62  4  *  *  *  *  *  5a3a3bab-2631-4b7c-8555-e817701e6395-IGH  *
752   C  140  4  *  *  *  *  *  2370a2ad-0e94-4306-860b-735c5ae43f22-IGH  *
915   C  303  4  *  *  *  *  *  93e311b5-543a-4210-a779-3f81cde4c182-IGH  *
972   C  360  4  *  *  *  *  *  24b611e6-db41-4141-b5d4-00a86a25275a-IGH  *
Clusters Ordened By clusters lenght: 
Empty DataFrame
Columns: [0, 1, 2, 3, 4, 5, 6, 7, 8, 9]
Index: []
Clusters Ordened By clusters lenght: 
Empty DataFrame
Columns: [0, 1, 2, 3, 4, 5, 6, 7, 8, 9]
Index: []
Clusters Ordened By clusters lenght: 
     0   1  2  3  4  5  6  7                                         8  9
209  C  78  9  *  *  *  *  *  0af1f322-0671-4c6b-bfca-a485b7e17f83-IGH  *
Clusters Ordened By clusters lenght: 
     0   1   2  3  4  5  6  7                                         8  9
778  C  93  10  *  *  *  *  *  025f5d35-1456-4612-8ae6-edb0193932a9-IGH  *
779  C  94   7  *  *  *  *  *  059b7e37-aaa0-4d10-871a-378f816c9ee4-IGH  *
Clusters Ordened By clusters lenght: 
    0  1  2  3  4  5  6  7                                         8  9
34  C  2  5  *  *  *  *  *  0b49c6e4-90ed-4c1a-9a2d-d16aec52e1c8-IGH  *
36  C  4  5  *  *  *  *  *  496cc120-cd34-4b04-92db-a08e5efdb8b0-IGH  *
Clusters Ordened By clusters lenght: 
Empty DataFrame
Columns: [0, 1, 2, 3, 4, 5, 6, 7, 8, 9]
Index: []
Clusters Ordened By clusters lenght: 
Empty DataFrame
Columns: [0, 1, 2, 3, 4, 5, 6, 7, 8, 9]
Index: []
Clusters Ordened By clusters lenght: 
     0    1  2  3  4  5  6  7                                         8  9
575  C  106  9  *  *  *  *  *  0895c31b-a924-4bb7-8360-59ce776bb6d0-IGH  *
647  C  178  7  *  *  *  *  *  104e2133-790d-48b2-a273-34d89d6a1d77-IGH  *
812  C  343  7  *  *  *  *  *  1fa46347-08a4-4c8e-ac21-3a98f82293a8-IGH  *
579  C  110  5  *  *  *  *  *  25f914e1-054a-42fe-ab5a-7a46340361ce-IGH  *
821  C  352  5  *  *  *  *  *  a53801fe-5734-4362-9d04-4e85f36d169e-IGH  *
580  C  111  5  *  *  *  *  *  291c4d23-a82f-485e-aee8-637f054b52b5-IGH  *
765  C  296  5  *  *  *  *  *  107e1b59-084f-40cd-adca-50e6885befdd-IGH  *
536  C   67  4  *  *  *  *  *  3c5b121c-6669-4ed8-a540-06e0e8421ad7-IGH  *
744  C  275  4  *  *  *  *  *  3211ba88-c629-4bee-8914-e288477477e5-IGH  *
583  C  114  4  *  *  *  *  *  36fe27b8-636a-4ee2-97b3-76119df5da2f-IGH  *
788  C  319  4  *  *  *  *  *  086ba636-b9d7-4099-aee6-3dbdbf93f5a0-IGH  *
776  C  307  4  *  *  *  *  *  5d611f5b-cb0a-461a-8c38-fb0a704b74bf-IGH  *
Clusters Ordened By clusters lenght: 
Empty DataFrame
Columns: [0, 1, 2, 3, 4, 5, 6, 7, 8, 9]
Index: []
Clusters Ordened By clusters lenght: 
Empty DataFrame
Columns: [0, 1, 2, 3, 4, 5, 6, 7, 8, 9]
Index: []
Clusters Ordened By clusters lenght: 
     0   1  2  3  4  5  6  7                                         8  9
129  C  40  8  *  *  *  *  *  08e56ee2-8e30-4223-b5a4-afd3fd9592ba-IGH  *
91   C   2  5  *  *  *  *  *  0c449ff5-e26a-4163-9745-8341da24c497-IGH  *
137  C  48  5  *  *  *  *  *  6143d1c4-a0e0-408f-9a1c-24e09733cf45-IGH  *
118  C  29  4  *  *  *  *  *  53afef1f-c8ec-4f36-9533-6f2f6dfae0c9-IGH  *
131  C  42  4  *  *  *  *  *  1cb18991-dab7-497c-bc26-da5299fd3569-IGH  *
Clusters Ordened By clusters lenght: 
    0   1   2  3  4  5  6  7                                         8  9
77  C  10  42  *  *  *  *  *  1bc6bdd1-1df6-4670-9f9f-545c15bf019e-IGK  *
70  C   3   8  *  *  *  *  *  11df5f46-e930-423d-bf75-9ec43984d556-IGK  *
Clusters Ordened By clusters lenght: 
Empty DataFrame
Columns: [0, 1, 2, 3, 4, 5, 6, 7, 8, 9]
Index: []
Clusters Ordened By clusters lenght: 
Empty DataFrame
Columns: [0, 1, 2, 3, 4, 5, 6, 7, 8, 9]
Index: []
Clusters Ordened By clusters lenght: 
Empty DataFrame
Columns: [0, 1, 2, 3, 4, 5, 6, 7, 8, 9]
Index: []
Clusters Ordened By clusters lenght: 
      0    1   2  3  4  5  6  7                                         8  9
1465  C  179  15  *  *  *  *  *  19137e6e-08c5-47a2-a88f-217e06054c90-IGH  *
2184  C  898  12  *  *  *  *  *  159634b5-7638-4525-b090-c87f38e35cbc-IGH  *
1963  C  677  11  *  *  *  *  *  00dd2b07-1d90-4f8a-b756-8af432c23d2c-IGH  *
1698  C  412  11  *  *  *  *  *  28c77c1b-bd16-4df9-8806-288a6a2efcb0-IGH  *
1839  C  553  10  *  *  *  *  *  093474a2-681a-4bb5-a576-4caa346942e3-IGH  *
1357  C   71  10  *  *  *  *  *  0213bf20-95a0-416a-8e45-fb7174840c1b-IGH  *
1675  C  389   9  *  *  *  *  *  120ff2be-8b89-4cff-acb9-5251f2814b75-IGH  *
2190  C  904   8  *  *  *  *  *  46b9c1fd-9796-4b5b-a306-be7aa4fe3f47-IGH  *
1693  C  407   6  *  *  *  *  *  23d9adc7-6e42-41c1-a599-2f4e8a33ca3f-IGH  *
1680  C  394   6  *  *  *  *  *  18bf5097-801f-4c69-a6c2-4c7b92a1b50a-IGH  *
1824  C  538   6  *  *  *  *  *  01750790-3f16-4a21-9d69-ab8995b609cd-IGH  *
1838  C  552   6  *  *  *  *  *  090d4c03-d295-41b4-8ff9-5ffb62c200be-IGH  *
1976  C  690   6  *  *  *  *  *  11a87268-195f-48ee-9332-52a3fe77d6b2-IGH  *
1971  C  685   5  *  *  *  *  *  0b935d3d-5dbc-4843-a362-859a449a2aff-IGH  *
1700  C  414   5  *  *  *  *  *  2ab639f8-94c0-4860-a3be-1f0936b66435-IGH  *
1463  C  177   5  *  *  *  *  *  104e5155-39be-4cc1-b070-eabf54a27b5c-IGH  *
1667  C  381   5  *  *  *  *  *  079aa4a5-ae3f-4854-8abd-882580302e07-IGH  *
1603  C  317   5  *  *  *  *  *  74e685b4-9e3e-4173-ad90-d2652542ab69-IGH  *
1856  C  570   5  *  *  *  *  *  2098b3a3-d47a-4eff-9b59-6aedd1d66954-IGH  *
1358  C   72   4  *  *  *  *  *  0215740a-2594-4148-8232-a27dedd993bb-IGH  *
1458  C  172   4  *  *  *  *  *  0856ba19-e414-45fb-927f-77af78815f66-IGH  *
1416  C  130   4  *  *  *  *  *  88068bb9-a599-4eba-895f-def915d2409b-IGH  *
1469  C  183   4  *  *  *  *  *  24607f30-8ad2-4a81-a353-543c22e1ef3a-IGH  *
1486  C  200   4  *  *  *  *  *  47ee1450-5239-467c-aefa-1882d287db44-IGH  *
1560  C  274   4  *  *  *  *  *  23340847-6de4-45a6-a98d-d7cc818a0b6c-IGH  *
1567  C  281   4  *  *  *  *  *  2cc06dd4-1233-487f-916a-1c8681c568be-IGH  *
1699  C  413   4  *  *  *  *  *  29493d42-1c36-4851-b355-146645ec0c52-IGH  *
1576  C  290   4  *  *  *  *  *  3e19564c-0423-482b-8d37-aa2f2b2aac33-IGH  *
1827  C  541   4  *  *  *  *  *  02b81e26-7e50-452e-a725-812a60ffb4d1-IGH  *
1846  C  560   4  *  *  *  *  *  153ad9e5-194c-4611-8dd6-93a2c93a5e68-IGH  *
1878  C  592   4  *  *  *  *  *  3678ebbd-f7b9-434a-ac32-0d02fc484164-IGH  *
1882  C  596   4  *  *  *  *  *  3a23e954-8a06-4b48-aed3-e2bcb383d758-IGH  *
1964  C  678   4  *  *  *  *  *  016df61f-fbf9-4d45-8e12-ed9a4d8ddecb-IGH  *
2180  C  894   4  *  *  *  *  *  006c628a-5a9b-47ea-83c8-4406c8265c10-IGH  *
Clusters Ordened By clusters lenght: 
    0  1  2  3  4  5  6  7                                         8  9
15  C  1  4  *  *  *  *  *  6deaf59c-8552-458f-b1af-1ea90fcc03bd-IGH  *
Clusters Ordened By clusters lenght: 
     0    1   2  3  4  5  6  7                                         8  9
319  C   83  11  *  *  *  *  *  0708066c-9ea0-41cc-a22f-f7327540216c-IGH  *
396  C  160   6  *  *  *  *  *  06c24f98-b855-4ef9-ac62-fc22a281567c-IGH  *
340  C  104   6  *  *  *  *  *  29f8f755-88fb-4da4-ab68-b6751d30b713-IGH  *
293  C   57   4  *  *  *  *  *  3d0c9ade-a134-4d01-a01c-e655c76352ea-IGH  *
367  C  131   4  *  *  *  *  *  391ca333-031b-4151-8edf-4598b72fd706-IGH  *
Clusters Ordened By clusters lenght: 
    0  1   2  3  4  5  6  7                                         8  9
65  C  8  31  *  *  *  *  *  0c4392be-e958-4a54-9503-9fd53f26907d-IGH  *
Clusters Ordened By clusters lenght: 
Empty DataFrame
Columns: [0, 1, 2, 3, 4, 5, 6, 7, 8, 9]
Index: []
Clusters Ordened By clusters lenght: 
Empty DataFrame
Columns: [0, 1, 2, 3, 4, 5, 6, 7, 8, 9]
Index: []
Clusters Ordened By clusters lenght: 
    0  1  2  3  4  5  6  7                                         8  9
17  C  2  5  *  *  *  *  *  23de744b-5ec6-4cec-a285-df5a5b228425-IGH  *
20  C  5  5  *  *  *  *  *  703fe7e5-8dff-4a6d-9e99-29b5494043f4-IGH  *
Clusters Ordened By clusters lenght: 
    0  1  2  3  4  5  6  7                                         8  9
27  C  0  9  *  *  *  *  *  0a910d05-0d42-439f-8bef-24ee4cf559bf-IGH  *
36  C  9  4  *  *  *  *  *  11907c10-1fcb-4026-9ad5-c3a017066426-IGH  *
Clusters Ordened By clusters lenght: 
     0   1   2  3  4  5  6  7                                         8  9
120  C  20  11  *  *  *  *  *  04d7d068-3c7f-4b5b-847a-b282844912f0-IGH  *
124  C  24   5  *  *  *  *  *  0c74279e-eb8e-40b2-8d4d-1e12d5d3c5ef-IGH  *
Clusters Ordened By clusters lenght: 
Empty DataFrame
Columns: [0, 1, 2, 3, 4, 5, 6, 7, 8, 9]
Index: []
Clusters Ordened By clusters lenght: 
    0  1   2  3  4  5  6  7                                         8  9
28  C  1  10  *  *  *  *  *  1eef4724-f392-4239-822f-8a2d3feee5e0-IGH  *
36  C  9   4  *  *  *  *  *  4185ad12-a38a-43ae-b21a-97f3528a31fa-IGH  *
Clusters Ordened By clusters lenght: 
     0    1   2  3  4  5  6  7                                         8  9
407  C   60  75  *  *  *  *  *  02f65ad3-6061-4c1f-88ad-000b6cbab6c5-IGH  *
415  C   68   8  *  *  *  *  *  23e54673-a25b-4423-8bfb-a922bddeaa72-IGH  *
427  C   80   7  *  *  *  *  *  50fe0b0c-eb8a-4430-a3ba-4efb8dbfa701-IGH  *
408  C   61   7  *  *  *  *  *  034e95fc-1b5a-452b-a422-b496926f6257-IGH  *
406  C   59   6  *  *  *  *  *  114bc452-cdca-468a-af30-0ac19868898b-IGH  *
486  C  139   6  *  *  *  *  *  3a5c284c-7b97-4900-96fa-31fb32b2f319-IGH  *
413  C   66   5  *  *  *  *  *  1d8b6639-f9e8-4ffa-b1df-6620243f16b0-IGH  *
409  C   62   4  *  *  *  *  *  04b6d09d-bfda-40a9-b21e-e1c51cf1d2ad-IGH  *
421  C   74   4  *  *  *  *  *  37c6965d-1660-4c3f-85f5-0cf93119dd42-IGH  *
477  C  130   4  *  *  *  *  *  03e97e6e-fd51-41c7-8c80-6761ebf217b9-IGH  *
Clusters Ordened By clusters lenght: 
Empty DataFrame
Columns: [0, 1, 2, 3, 4, 5, 6, 7, 8, 9]
Index: []
Clusters Ordened By clusters lenght: 
    0  1   2  3  4  5  6  7                                         8  9
47  C  0  10  *  *  *  *  *  04afdc2b-72d1-4165-b61c-d342aa9aabbe-IGH  *
Clusters Ordened By clusters lenght: 
     0    1  2  3  4  5  6  7                                         8  9
245  C   24  5  *  *  *  *  *  06d00839-0bf3-4983-a62e-9daa6c69a309-IGH  *
294  C   73  4  *  *  *  *  *  26e89af0-b21f-4238-8d37-750aad3ddaa2-IGH  *
332  C  111  4  *  *  *  *  *  2c50f4c6-cb0d-4acb-b272-deb4fa2c5892-IGH  *
369  C  148  4  *  *  *  *  *  c0e46e49-e4e2-493c-9172-d56058375dcd-IGH  *
391  C  170  4  *  *  *  *  *  51c8d472-0b40-4a00-8a36-36441db56161-IGH  *
Clusters Ordened By clusters lenght: 
Empty DataFrame
Columns: [0, 1, 2, 3, 4, 5, 6, 7, 8, 9]
Index: []
Clusters Ordened By clusters lenght: 
    0  1  2  3  4  5  6  7                                         8  9
10  C  1  5  *  *  *  *  *  0155fc9a-cf81-4641-8460-7e135486419f-IGH  *
Clusters Ordened By clusters lenght: 
     0   1  2  3  4  5  6  7                                         8  9
133  C  46  4  *  *  *  *  *  3d5ca89c-369a-4bf5-92a9-e0824051257b-IGH  *
Clusters Ordened By clusters lenght: 
     0   1   2  3  4  5  6  7                                         8  9
123  C  11  58  *  *  *  *  *  003fad3e-c7e0-43ea-a782-5ded659faf6f-IGH  *
126  C  14  10  *  *  *  *  *  4764b0ca-59bc-446d-a25a-bae52374594f-IGH  *
147  C  35   4  *  *  *  *  *  9b3dd3f0-6d54-4154-a5b8-d17afffd6327-IGH  *
Clusters Ordened By clusters lenght: 
    0  1   2  3  4  5  6  7                                         8  9
29  C  2  11  *  *  *  *  *  02ac8dd5-7198-4dd6-8d80-7f49622545d3-IGH  *
28  C  1  10  *  *  *  *  *  00420159-fd55-478d-b636-4af95b3d2403-IGH  *
Clusters Ordened By clusters lenght: 
      0    1   2  3  4  5  6  7                                         8  9
1707  C  539  69  *  *  *  *  *  01119512-aa65-48ac-aa7c-88acd1c5a6fd-IGH  *
1702  C  534  27  *  *  *  *  *  001f6157-0f24-4d25-86a1-ed4bc94f155b-IGH  *
1609  C  441  18  *  *  *  *  *  009d42bd-2e71-461d-b523-5ead25cdafa6-IGH  *
1706  C  538  13  *  *  *  *  *  00edb376-d833-48bc-a548-9a16eec3c175-IGH  *
1722  C  554  13  *  *  *  *  *  0f466300-8aaa-4cd5-9679-074c11e0d0f7-IGH  *
1745  C  577  11  *  *  *  *  *  32008cf7-cae5-4f15-9c9d-ef149e146af3-IGH  *
1499  C  331  10  *  *  *  *  *  1ef79aea-3fbb-4eb7-8755-9b70280160ac-IGH  *
1412  C  244  10  *  *  *  *  *  2556ed25-0876-4b5c-abb3-7a78603feaa5-IGH  *
1721  C  553  10  *  *  *  *  *  0ed5b8c8-245f-4173-9ed9-97ae467e9329-IGH  *
1711  C  543   8  *  *  *  *  *  05587156-2e23-46e0-9bba-1954a01be13a-IGH  *
1830  C  662   7  *  *  *  *  *  26f08c79-7fe8-4654-a379-4df66a681e36-IGH  *
1708  C  540   7  *  *  *  *  *  0259cdab-06f8-4481-9ee5-9ddb56a992c1-IGH  *
1746  C  578   6  *  *  *  *  *  3310a441-2b93-4667-900d-323dabd28a28-IGH  *
1406  C  238   6  *  *  *  *  *  18746e28-e9be-474a-806f-b6d5db41d0d0-IGH  *
1705  C  537   6  *  *  *  *  *  0084cbcb-406b-4cbe-b571-c342297184a8-IGH  *
1731  C  563   6  *  *  *  *  *  1a6c1ce9-fae9-4861-bb78-05c2372edc1d-IGH  *
1818  C  650   6  *  *  *  *  *  0156a0c9-fbb5-4d02-a4b8-1d667887036e-IGH  *
1773  C  605   5  *  *  *  *  *  7bccb226-b75f-4d99-878c-d0b1073e3dca-IGH  *
1522  C  354   5  *  *  *  *  *  2c7a0c84-3bcf-4ac2-8eae-0122415be30e-IGH  *
1540  C  372   5  *  *  *  *  *  6b90060f-7242-42ac-90d1-fe1edfca6aae-IGH  *
1510  C  342   5  *  *  *  *  *  1295668e-8ad9-490c-b133-bbb5821099f8-IGH  *
1864  C  696   5  *  *  *  *  *  8d44ede8-4a20-47b0-97cc-7d27c27fd6fd-IGH  *
1715  C  547   5  *  *  *  *  *  087e17e1-5609-40f4-9403-2dce566347a5-IGH  *
1703  C  535   5  *  *  *  *  *  001f6eab-c516-4f09-80b3-c978bd855042-IGH  *
1741  C  573   5  *  *  *  *  *  2cce89be-fc4d-4b0c-9dba-e0a85a2838f0-IGH  *
1734  C  566   5  *  *  *  *  *  1f51020c-8f74-44bc-be2b-f81d125b571d-IGH  *
1726  C  558   5  *  *  *  *  *  14036708-ed92-469b-b881-939cbc906242-IGH  *
1732  C  564   5  *  *  *  *  *  1d4d04c1-e847-4a4a-b271-297a5a457578-IGH  *
1549  C  381   4  *  *  *  *  *  7e6ded0a-5546-45fb-9047-56a002b7d6d9-IGH  *
1269  C  101   4  *  *  *  *  *  854c42ac-c3e5-47a0-8095-e991657533de-IGH  *
1728  C  560   4  *  *  *  *  *  15ae3dbb-97ff-4264-ac4e-f359f05e76cb-IGH  *
1661  C  493   4  *  *  *  *  *  799adb20-408a-4f47-abc9-9fc6c5bd529b-IGH  *
1790  C  622   4  *  *  *  *  *  ae08b00d-8906-4ae3-9aae-5490fcd57865-IGH  *
1747  C  579   4  *  *  *  *  *  3671c56f-adf6-4e7d-82fa-6fe7ee6f7a94-IGH  *
1744  C  576   4  *  *  *  *  *  30a0e48a-7c93-4c67-9072-5ce487cfb009-IGH  *
1855  C  687   4  *  *  *  *  *  71e60f36-be7b-48e2-9f8d-b18b2b2079c3-IGH  *
1891  C  723   4  *  *  *  *  *  35b36fc3-5377-4b7a-a1c7-bd9fd12b246d-IGH  *
1893  C  725   4  *  *  *  *  *  3f6e7ae8-ded0-46b4-b704-be2c8913643d-IGH  *
1907  C  739   4  *  *  *  *  *  29317797-4677-4e95-9b2f-6ae8b1d8a108-IGH  *
1919  C  751   4  *  *  *  *  *  0af22ef3-d1ef-4195-a563-84630e4a2e77-IGH  *
Clusters Ordened By clusters lenght: 
Empty DataFrame
Columns: [0, 1, 2, 3, 4, 5, 6, 7, 8, 9]
Index: []
Clusters Ordened By clusters lenght: 
    0   1  2  3  4  5  6  7                                         8  9
43  C  13  5  *  *  *  *  *  09995e06-672e-4261-b249-64e64652ea37-IGH  *
44  C  14  5  *  *  *  *  *  0ec7c472-f967-4c05-a8a6-c8a41c78cbce-IGH  *
Clusters Ordened By clusters lenght: 
      0    1    2  3  4  5  6  7                                         8  9
1678  C   23  994  *  *  *  *  *  0096084c-84ba-4c36-8de0-2cfefe901e7c-IGH  *
1679  C   24   75  *  *  *  *  *  00a8bf05-e50c-46b7-bed4-f48efb174e71-IGH  *
1692  C   37   73  *  *  *  *  *  06b87ab2-ca5b-4655-b844-cddf9c8233e8-IGH  *
1688  C   33   62  *  *  *  *  *  051023f4-8b68-4cf0-b90b-4c0981f8e5f4-IGH  *
1693  C   38   53  *  *  *  *  *  0727335e-c479-431b-8c83-5f38b8bc49e7-IGH  *
1720  C   65   16  *  *  *  *  *  1b13fad9-bed9-40ae-a25a-ded66180ac01-IGH  *
1680  C   25   13  *  *  *  *  *  00f9247a-3574-49ae-8bef-4887b45087c3-IGH  *
1694  C   39   12  *  *  *  *  *  0944304f-1ac7-4207-a237-e7af9b2fc21c-IGH  *
1690  C   35   11  *  *  *  *  *  05e7d948-3575-4347-9b76-375eee0a8b41-IGH  *
1717  C   62   10  *  *  *  *  *  18909d63-f2fb-4893-b499-2a6eba9c6deb-IGH  *
1713  C   58    9  *  *  *  *  *  178ad8de-4290-4e84-bbe9-ab85ff3cf838-IGH  *
1677  C   22    8  *  *  *  *  *  0084f7d7-eb24-4b0d-8980-6f9fcb2cc00c-IGH  *
1854  C  199    8  *  *  *  *  *  dc633689-ac75-4252-8938-de0a5119c5cc-IGH  *
1703  C   48    8  *  *  *  *  *  0fd5f88a-de6a-42f9-a266-6f06bcde8cf0-IGH  *
1762  C  107    7  *  *  *  *  *  50725e3d-4c7a-4ab6-89c5-b29e25537546-IGH  *
1704  C   49    7  *  *  *  *  *  0fdd0a7d-3792-42fe-86ea-4a6b6717c399-IGH  *
1685  C   30    7  *  *  *  *  *  035a5bcb-76fb-4008-98b4-f52affea0f13-IGH  *
1662  C    7    6  *  *  *  *  *  123de332-d3cc-4d62-bedb-6a51517cc775-IGH  *
1700  C   45    6  *  *  *  *  *  0ecc66e4-6e22-4d26-a844-baf05a4bda8a-IGH  *
1681  C   26    6  *  *  *  *  *  0113cf15-25c6-4327-add2-04c280eee222-IGH  *
1718  C   63    6  *  *  *  *  *  1a6f2da2-25bb-4912-b1de-0356a575cc18-IGH  *
1682  C   27    5  *  *  *  *  *  01cfdfe2-854c-4289-9cdd-773cf0b766ad-IGH  *
1756  C  101    5  *  *  *  *  *  44073afc-49cc-43a2-8a57-8588af3e9f0c-IGH  *
1732  C   77    5  *  *  *  *  *  244b61ab-0fee-4a80-9792-aab21097b151-IGH  *
1749  C   94    4  *  *  *  *  *  3c1dcabd-aaaf-4d86-a065-abd577bc8cf0-IGH  *
1798  C  143    4  *  *  *  *  *  7d618157-3646-41a0-8950-75eb66b5cd95-IGH  *
Clusters Ordened By clusters lenght: 
    0  1  2  3  4  5  6  7                                         8  9
19  C  7  4  *  *  *  *  *  10ab048d-2e0f-4c66-98b3-1fad59c702d3-IGH  *
Clusters Ordened By clusters lenght: 
Empty DataFrame
Columns: [0, 1, 2, 3, 4, 5, 6, 7, 8, 9]
Index: []
Clusters Ordened By clusters lenght: 
      0     1   2  3  4  5  6  7                                         8  9
1635  C   284  39  *  *  *  *  *  02c7f798-2f94-4534-8fc5-cf97ff123c66-IGH  *
2388  C  1037  18  *  *  *  *  *  07ab7653-da88-4e0e-ab9e-62fe3c5c98b3-IGH  *
2185  C   834  13  *  *  *  *  *  1a60eadb-2299-456a-ae95-ae02376d6441-IGH  *
1657  C   306  13  *  *  *  *  *  221bfcd2-8e2c-4918-ab14-d795182f740d-IGH  *
2392  C  1041   8  *  *  *  *  *  16a218e4-4c99-4f1c-a870-9089facf3aed-IGH  *
1980  C   629   7  *  *  *  *  *  019633f0-af2c-4904-b512-1ecce8e87eba-IGH  *
1439  C    88   6  *  *  *  *  *  809bb0a8-2eb6-4f89-b94a-8bd159174e63-IGH  *
1419  C    68   5  *  *  *  *  *  1588adbc-9c1c-4879-abf3-4d5b56c6c129-IGH  *
1650  C   299   5  *  *  *  *  *  1b291c66-1b36-4f2a-b999-e3833d97e863-IGH  *
1478  C   127   5  *  *  *  *  *  3e687183-922b-4a5e-8874-2e730dc981cc-IGH  *
1706  C   355   5  *  *  *  *  *  636a8601-ba33-4250-a4dc-e33a413651ce-IGH  *
1749  C   398   4  *  *  *  *  *  9e9d3362-b4e8-4f31-8292-944694fe039d-IGH  *
1548  C   197   4  *  *  *  *  *  21a56d59-052c-4cf5-be07-b024b1cbc5ff-IGH  *
1579  C   228   4  *  *  *  *  *  697bd889-680a-4ea6-b4d0-d8281e826041-IGH  *
2047  C   696   4  *  *  *  *  *  52e4904d-8e2e-4479-8dbb-e721cc2c1033-IGH  *
1882  C   531   4  *  *  *  *  *  605c3fbb-5fa4-4ed7-aa92-abfda97f7eb7-IGH  *
1817  C   466   4  *  *  *  *  *  04d538d1-d786-4154-bbda-710acd362c8a-IGH  *
2165  C   814   4  *  *  *  *  *  056362ba-91d9-40f6-bce2-ba8d48b357d3-IGH  *
Clusters Ordened By clusters lenght: 
Empty DataFrame
Columns: [0, 1, 2, 3, 4, 5, 6, 7, 8, 9]
Index: []
Clusters Ordened By clusters lenght: 
     0  1    2  3  4  5  6  7                                         8  9
358  C  3  347  *  *  *  *  *  0088a2b8-7b89-4b54-8e07-df258180334e-IGH  *
Clusters Ordened By clusters lenght: 
Empty DataFrame
Columns: [0, 1, 2, 3, 4, 5, 6, 7, 8, 9]
Index: []
Clusters Ordened By clusters lenght: 
Empty DataFrame
Columns: [0, 1, 2, 3, 4, 5, 6, 7, 8, 9]
Index: []
Clusters Ordened By clusters lenght: 
    0  1   2  3  4  5  6  7                                         8  9
17  C  1  10  *  *  *  *  *  18b1da66-f4bd-428a-9ce9-d268a1ad4558-IGH  *
Clusters Ordened By clusters lenght: 
     0   1   2  3  4  5  6  7                                         8  9
275  C  96  14  *  *  *  *  *  1421c73c-9a8a-4976-b038-890d4b9884fa-IGH  *
208  C  29   8  *  *  *  *  *  03e2085e-fae6-4d7e-a914-e56ef6fe4dc3-IGH  *
213  C  34   7  *  *  *  *  *  49adc71b-8a88-483e-aa2d-4ed56c2a797e-IGH  *
216  C  37   4  *  *  *  *  *  5eafbf70-f8de-43b7-8b84-f5715cef7a82-IGH  *
Clusters Ordened By clusters lenght: 
Empty DataFrame
Columns: [0, 1, 2, 3, 4, 5, 6, 7, 8, 9]
Index: []
Clusters Ordened By clusters lenght: 
Empty DataFrame
Columns: [0, 1, 2, 3, 4, 5, 6, 7, 8, 9]
Index: []
Clusters Ordened By clusters lenght: 
     0   1  2  3  4  5  6  7                                         8  9
140  C  11  5  *  *  *  *  *  024d6eb1-c1f5-49d8-8d2e-dfb535799687-IGH  *
Clusters Ordened By clusters lenght: 
     0    1   2  3  4  5  6  7                                         8  9
793  C  237  17  *  *  *  *  *  0ce72099-df07-4bdf-885a-a2cfbd756db6-IGH  *
911  C  355   8  *  *  *  *  *  205ede87-f851-4d76-8284-6077cfbb158a-IGH  *
708  C  152   5  *  *  *  *  *  00dba7f0-9540-4b3b-b78c-982e9bfa9b6f-IGH  *
659  C  103   4  *  *  *  *  *  293d989a-2836-48b4-9ad6-9c89c5cf6a32-IGH  *
682  C  126   4  *  *  *  *  *  9adc632a-d256-4f11-b003-fe21f7610bef-IGH  *
790  C  234   4  *  *  *  *  *  0c058a1d-ca7a-45a0-b9a2-94130000946f-IGH  *
786  C  230   4  *  *  *  *  *  0375e417-a8b5-473b-9c40-03cc9bb64e62-IGH  *
800  C  244   4  *  *  *  *  *  2678756d-0e1b-49ac-9100-7e0f15f82bef-IGH  *
919  C  363   4  *  *  *  *  *  3dd075f5-df93-4543-af07-aab50f109d0a-IGH  *
Clusters Ordened By clusters lenght: 
Empty DataFrame
Columns: [0, 1, 2, 3, 4, 5, 6, 7, 8, 9]
Index: []
Clusters Ordened By clusters lenght: 
      0    1   2  3  4  5  6  7                                         8  9
693   C    7  84  *  *  *  *  *  0203b128-d686-4af3-b473-be53f0251668-IGH  *
847   C  161  11  *  *  *  *  *  1faa857c-97c9-4499-b2a3-bb9a72e3b32b-IGH  *
845   C  159   7  *  *  *  *  *  0fde4ef4-486c-4157-bf3a-29c43b1c1bae-IGH  *
765   C   79   6  *  *  *  *  *  05d59f6f-7df8-45ef-82ab-263210144d74-IGH  *
971   C  285   6  *  *  *  *  *  174f962a-14dd-4312-a47f-047a431c0f5d-IGH  *
1088  C  402   6  *  *  *  *  *  07be8b79-e3c6-4ff1-99fc-0f72e554f95b-IGH  *
1150  C  464   5  *  *  *  *  *  359da6f6-4dde-4e52-a931-a9f82ec74966-IGH  *
Clusters Ordened By clusters lenght: 
    0  1  2  3  4  5  6  7                                         8  9
34  C  0  4  *  *  *  *  *  1e377c2b-bf3f-456a-968c-e076ae22000b-IGH  *
Clusters Ordened By clusters lenght: 
    0  1  2  3  4  5  6  7                                         8  9
24  C  8  5  *  *  *  *  *  09505654-b243-4dd0-916c-621bcb925ef6-IGH  *
Clusters Ordened By clusters lenght: 
     0  1    2  3  4  5  6  7                                         8  9
159  C  0  126  *  *  *  *  *  04b13ac1-fc1a-4299-b5fe-e22afb7a5122-IGH  *
Clusters Ordened By clusters lenght: 
   0  1  2  3  4  5  6  7                                         8  9
9  C  0  8  *  *  *  *  *  0b6b0c87-2054-4bcc-b5f6-7410fffc39d7-IGH  *
Clusters Ordened By clusters lenght: 
    0   1  2  3  4  5  6  7                                         8  9
61  C  21  5  *  *  *  *  *  04274300-9cfb-445d-be9a-8f2eff1577e6-IGH  *
69  C  29  4  *  *  *  *  *  593a772b-c52c-4a77-87df-2d658ded3327-IGH  *
Clusters Ordened By clusters lenght: 
     0    1  2  3  4  5  6  7                                         8  9
363  C  167  4  *  *  *  *  *  03bffee7-f902-4b81-a687-5efacfe0a440-IGH  *
Clusters Ordened By clusters lenght: 
   0  1  2  3  4  5  6  7                                         8  9
6  C  0  6  *  *  *  *  *  439fccb0-ade0-4b44-98a8-8512646776b9-IGH  *
Clusters Ordened By clusters lenght: 
Empty DataFrame
Columns: [0, 1, 2, 3, 4, 5, 6, 7, 8, 9]
Index: []
Clusters Ordened By clusters lenght: 
     0   1   2  3  4  5  6  7                                         8  9
176  C  49  51  *  *  *  *  *  01dcf228-3911-40cf-90ac-b4495ae6fcd0-IGH  *
Clusters Ordened By clusters lenght: 
Empty DataFrame
Columns: [0, 1, 2, 3, 4, 5, 6, 7, 8, 9]
Index: []
Clusters Ordened By clusters lenght: 
     0   1   2  3  4  5  6  7                                         8  9
157  C  41  26  *  *  *  *  *  02d6df70-5d1d-4dac-b138-4bba299870af-IGH  *
Clusters Ordened By clusters lenght: 
    0  1  2  3  4  5  6  7                                         8  9
12  C  2  7  *  *  *  *  *  439fccb0-ade0-4b44-98a8-8512646776b9-IGH  *
Clusters Ordened By clusters lenght: 
     0    1  2  3  4  5  6  7                                         8  9
296  C   61  8  *  *  *  *  *  0d60694a-61d7-4399-949e-e3fdbd1bb875-IGH  *
325  C   90  8  *  *  *  *  *  3ad5abd7-b49c-4324-bff8-4c1a4ad520e7-IGH  *
323  C   88  6  *  *  *  *  *  0b9a5437-dea6-4f61-9cb7-e62cb6612f4a-IGH  *
400  C  165  6  *  *  *  *  *  0a0bd69b-b96f-45ff-bbac-4ef9561fbe16-IGH  *
386  C  151  6  *  *  *  *  *  2231c438-d3a8-4e1c-ada0-66e0ce323038-IGH  *
374  C  139  5  *  *  *  *  *  07040596-f098-4a8d-ba5c-1f7c0c7d7034-IGH  *
351  C  116  4  *  *  *  *  *  1c1ea9cb-585c-440f-8e02-ec502ccd4124-IGH  *
353  C  118  4  *  *  *  *  *  28db27d0-3179-4c4e-84f8-d93c6e4dd12f-IGH  *
Clusters Ordened By clusters lenght: 
     0    1   2  3  4  5  6  7                                         8  9
565  C   71  76  *  *  *  *  *  08406367-592a-4ef8-aeb4-9a0196833202-IGH  *
567  C   73  70  *  *  *  *  *  098067c8-6ed2-4e35-9978-e4d7b54d0626-IGH  *
591  C   97  14  *  *  *  *  *  1efc8bf2-d214-4c2a-be51-cc04fc281332-IGH  *
568  C   74  13  *  *  *  *  *  0a1d852f-6f9b-4a83-b5a4-633a68c21475-IGH  *
532  C   38  13  *  *  *  *  *  0956bf2c-3573-471c-95bb-899971507222-IGH  *
566  C   72   8  *  *  *  *  *  09393db8-d649-44e2-b1c9-c3197031be72-IGH  *
564  C   70   7  *  *  *  *  *  06bd3be8-80bc-4f0d-bb69-a76f519a96d4-IGH  *
561  C   67   7  *  *  *  *  *  043fdef6-e3ff-4304-8398-6bdc3b5932df-IGH  *
599  C  105   6  *  *  *  *  *  2612bf4f-ebf5-4c1e-87e7-a9ed24d759fe-IGH  *
573  C   79   5  *  *  *  *  *  0cd6aa6a-b2e0-45da-8897-8b96dfb7a442-IGH  *
698  C  204   5  *  *  *  *  *  029c30d4-245d-45d5-9843-fc43ad20ec42-IGH  *
590  C   96   5  *  *  *  *  *  1c3bb014-9889-462f-ad02-f38c07be98fe-IGH  *
574  C   80   4  *  *  *  *  *  0dc44ce8-14ce-4405-a5c4-b140f5e82a41-IGH  *
588  C   94   4  *  *  *  *  *  1983b339-5395-4843-9d36-81e2074b1c6d-IGH  *
600  C  106   4  *  *  *  *  *  26785b30-1a02-422b-84d8-75103a1b3056-IGH  *
611  C  117   4  *  *  *  *  *  3a264696-09d6-49c7-bbb5-7a412e8d4d92-IGH  *
Clusters Ordened By clusters lenght: 
Empty DataFrame
Columns: [0, 1, 2, 3, 4, 5, 6, 7, 8, 9]
Index: []
Clusters Ordened By clusters lenght: 
    0   1  2  3  4  5  6  7                                         8  9
62  C  11  4  *  *  *  *  *  3212b29b-40f6-4976-8e79-8d934857e53b-IGH  *
Clusters Ordened By clusters lenght: 
     0    1   2  3  4  5  6  7                                         8  9
440  C    7  54  *  *  *  *  *  1eb2127f-50e9-4847-a07d-b8b385795291-IGH  *
510  C   77  30  *  *  *  *  *  060face8-1a2a-4723-a94a-164a8798200c-IGH  *
641  C  208  18  *  *  *  *  *  07800229-ba49-404e-9c82-786101558497-IGH  *
681  C  248   6  *  *  *  *  *  31010e18-aabb-4713-96f1-fa41d226c3fd-IGH  *
508  C   75   6  *  *  *  *  *  02916768-a487-48ba-86a9-d939f765cb1d-IGH  *
644  C  211   5  *  *  *  *  *  0e318c54-797d-452b-a501-98214cd8b493-IGH  *
580  C  147   5  *  *  *  *  *  0052372c-ba61-4b93-95f3-25866ac0de74-IGH  *
555  C  122   4  *  *  *  *  *  9438ec37-973a-42a8-81b3-614e7d335245-IGH  *
621  C  188   4  *  *  *  *  *  b5efc68c-71b2-4256-a6a3-0e6e44d58ad4-IGH  *
Clusters Ordened By clusters lenght: 
Empty DataFrame
Columns: [0, 1, 2, 3, 4, 5, 6, 7, 8, 9]
Index: []
Clusters Ordened By clusters lenght: 
     0   1   2  3  4  5  6  7                                         8  9
289  C  31  53  *  *  *  *  *  0307c8c6-09e7-431a-b744-8ca50febb813-IGH  *
288  C  30  26  *  *  *  *  *  025b49c2-53b0-48ff-8dcd-8d18c3ba72b4-IGH  *
290  C  32  19  *  *  *  *  *  03e4cf7a-5435-486a-85d5-710e7595e6a8-IGH  *
294  C  36  18  *  *  *  *  *  0a54b618-5280-451d-9c4b-8d3fb65bf0fe-IGH  *
286  C  28  14  *  *  *  *  *  015f14d5-5be5-4034-8759-095279f9b867-IGH  *
293  C  35   9  *  *  *  *  *  0a17db68-7eb7-460b-8356-4a8ffa4045c7-IGH  *
277  C  19   4  *  *  *  *  *  781746af-d9b4-4424-96a2-44a5d263bf37-IGH  *
300  C  42   4  *  *  *  *  *  1fe55b3f-3a65-43fc-bd44-49df8edc07d1-IGH  *
310  C  52   4  *  *  *  *  *  4183d640-c855-483c-9f4b-264a949af98e-IGH  *
Clusters Ordened By clusters lenght: 
    0  1   2  3  4  5  6  7                                         8  9
41  C  5  11  *  *  *  *  *  01c48867-5307-4aeb-96eb-dac482540ec3-IGH  *
42  C  6   6  *  *  *  *  *  5aac365a-7829-41ae-b3df-6b013accdf3e-IGH  *
Clusters Ordened By clusters lenght: 
     0   1   2  3  4  5  6  7                                         8  9
130  C   0  29  *  *  *  *  *  008963c5-adb0-4d9d-8f28-4c35dd4508ff-IGH  *
149  C  19   4  *  *  *  *  *  4f62f719-ddfc-4592-8896-6d214e4dcdd0-IGH  *
Clusters Ordened By clusters lenght: 
      0     1    2  3  4  5  6  7                                         8  9
4121  C  1454  334  *  *  *  *  *  00396582-1359-4a93-8580-18b3bbf377aa-IGH  *
4122  C  1455   86  *  *  *  *  *  00e530a4-d6ae-4aee-9807-9fa5e12789e1-IGH  *
4272  C  1605   19  *  *  *  *  *  069f06cf-0c38-4008-b5d8-8f6380f02855-IGH  *
4124  C  1457   15  *  *  *  *  *  01d4542c-a45e-4bae-ab76-a11eb7ec0cd9-IGH  *
3713  C  1046   14  *  *  *  *  *  061a20d3-27d7-4ecb-8582-769694e0588c-IGH  *
3076  C   409   11  *  *  *  *  *  0907c4c0-6921-4e7e-802e-bdeb737af7c3-IGH  *
2898  C   231   10  *  *  *  *  *  0ef9772e-1837-4e83-9c60-eaf33bd69c50-IGH  *
4135  C  1468    9  *  *  *  *  *  0f74d9b7-9575-471c-a6e6-c8e01019bbe4-IGH  *
4286  C  1619    9  *  *  *  *  *  1bb8f8c5-c12f-48ac-8bb0-a7480ee492cd-IGH  *
4419  C  1752    8  *  *  *  *  *  118b4d30-658f-42b1-a835-9d4d7e932059-IGH  *
3538  C   871    8  *  *  *  *  *  3d41f508-cbd2-4f76-9ed6-23b80bb6282f-IGH  *
4207  C  1540    7  *  *  *  *  *  8c6310c8-4c0b-4c89-ad0f-a663d6ebf6c4-IGH  *
4288  C  1621    7  *  *  *  *  *  1ec9d564-4998-4b61-a34f-a715427953f3-IGH  *
3760  C  1093    7  *  *  *  *  *  42160165-45fb-452b-a78f-e7542e7181ea-IGH  *
4167  C  1500    7  *  *  *  *  *  45b9cff6-de24-4fbb-844c-7600216db713-IGH  *
3956  C  1289    7  *  *  *  *  *  3260e30c-48b4-4efa-b47d-beaecd11412e-IGH  *
3925  C  1258    7  *  *  *  *  *  0eaa5a8b-7075-477d-b8e1-6dbbc9d5ad45-IGH  *
3074  C   407    6  *  *  *  *  *  06a9c570-436c-42e0-a71e-4b9c9dc5e5bf-IGH  *
2902  C   235    6  *  *  *  *  *  10cca7b7-7777-4651-96e7-af1dc8052403-IGH  *
4287  C  1620    6  *  *  *  *  *  1ec50605-5478-4b6d-ba91-883ba2776ea1-IGH  *
4284  C  1617    5  *  *  *  *  *  10cd0d7f-d4a1-4bb0-aa77-0ac00ab089f1-IGH  *
4359  C  1692    5  *  *  *  *  *  0290047c-3b7c-45f3-bf9e-c0b88797fcae-IGH  *
3506  C   839    5  *  *  *  *  *  19610514-1316-461e-aefb-6f7362130773-IGH  *
3075  C   408    5  *  *  *  *  *  08ccf185-9a03-47d8-baac-1dc7114cd6fd-IGH  *
2911  C   244    5  *  *  *  *  *  1c446957-593d-4103-9426-aa0ae194168d-IGH  *
4140  C  1473    5  *  *  *  *  *  1dab9420-5728-4860-810c-c28c3e8b684b-IGH  *
4208  C  1541    5  *  *  *  *  *  8d251cd6-691f-4dbe-a4e1-feb6d90420cf-IGH  *
4362  C  1695    5  *  *  *  *  *  12430378-ad46-471a-b037-0d0d5142df1c-IGH  *
3485  C   818    5  *  *  *  *  *  03f07571-87ed-4d19-ad67-7dffa0187978-IGH  *
3088  C   421    5  *  *  *  *  *  167a8e99-5557-4dc3-84be-8fae73f857d1-IGH  *
4139  C  1472    5  *  *  *  *  *  1d7a5bea-8e45-4869-a7d2-3d7f12818129-IGH  *
3490  C   823    4  *  *  *  *  *  0626d145-d3fb-468b-bfae-b253921b4c27-IGH  *
3342  C   675    4  *  *  *  *  *  4a293fff-88d7-494a-bd2a-0240c36e3766-IGH  *
3100  C   433    4  *  *  *  *  *  1e2fd52d-bbfd-46bc-bc16-8f3961634439-IGH  *
2925  C   258    4  *  *  *  *  *  270cd160-d2ea-41d4-9999-1a7407187938-IGH  *
2945  C   278    4  *  *  *  *  *  42416f4a-7239-44bf-88f6-a84938594cca-IGH  *
3734  C  1067    4  *  *  *  *  *  1793012c-dfba-4a3c-af7e-0210b87ab319-IGH  *
3777  C  1110    4  *  *  *  *  *  5f109b7b-80c2-4e91-b14e-8972f50b817e-IGH  *
3913  C  1246    4  *  *  *  *  *  07e44b42-25d4-49df-b02d-a0ef604e42c7-IGH  *
4133  C  1466    4  *  *  *  *  *  0eb5de30-3569-4fea-a84c-4730840216ec-IGH  *
4130  C  1463    4  *  *  *  *  *  09423c7b-c391-4a7e-bc2b-79df36b42fe3-IGH  *
3620  C   953    4  *  *  *  *  *  9392a43d-c1e4-4017-9460-2ad5492c7971-IGH  *
3550  C   883    4  *  *  *  *  *  47ff0e26-4d65-4bc2-b0cf-e0b147f2cc6b-IGH  *
3716  C  1049    4  *  *  *  *  *  07c9d54d-ff0f-4475-8fcd-14b2c17b07d6-IGH  *
4147  C  1480    4  *  *  *  *  *  2a3b4d17-c4e7-49b5-a619-b89d030da4c5-IGH  *
4186  C  1519    4  *  *  *  *  *  65578efe-dc7d-4020-a095-08f868383ed2-IGH  *
4274  C  1607    4  *  *  *  *  *  074157ae-5e80-4cdf-8908-2a1062d31516-IGH  *
Clusters Ordened By clusters lenght: 
     0   1   2  3  4  5  6  7                                         8  9
205  C  54  38  *  *  *  *  *  0fbfe7ff-aa19-47e8-87fd-4ddabfaa8008-IGH  *
197  C  46  13  *  *  *  *  *  4e317c9e-5163-4e23-a250-c2a61836ee7b-IGH  *
198  C  47   9  *  *  *  *  *  5682e3cc-1a49-4f3f-8efe-9f31917f37b9-IGH  *
191  C  40   5  *  *  *  *  *  25f00d33-517d-4901-a93a-ff0bb0420a34-IGH  *
192  C  41   5  *  *  *  *  *  2a70f018-e971-4ff6-bdae-f31a389cefb6-IGH  *
190  C  39   4  *  *  *  *  *  0e3f4c78-7879-420c-84ef-91a6138fe630-IGH  *
178  C  27   4  *  *  *  *  *  087d5c0c-27a4-4319-a6a9-0d6ee5f79bd9-IGH  *
Clusters Ordened By clusters lenght: 
     0   1    2  3  4  5  6  7                                         8  9
367  C  50  195  *  *  *  *  *  00d45283-9b85-4127-a42f-039d9be374e9-IGH  *
408  C  91    7  *  *  *  *  *  35ef0378-57b0-425d-8bca-b988bbe7a648-IGH  *
Clusters Ordened By clusters lenght: 
    0  1  2  3  4  5  6  7                                         8  9
15  C  2  6  *  *  *  *  *  264a640d-c61e-40b0-8b7c-ea4363a57a27-IGH  *
Clusters Ordened By clusters lenght: 
     0   1  2  3  4  5  6  7                                         8  9
140  C  19  6  *  *  *  *  *  0d14e86e-6941-4758-bfc4-ba5d5680c2f8-IGH  *
196  C  75  5  *  *  *  *  *  05784ee9-867b-4e71-a71b-01114107aac4-IGH  *
127  C   6  4  *  *  *  *  *  4efc1d3a-9f4b-46fe-a73d-17274d8c5121-IGH  *
178  C  57  4  *  *  *  *  *  44b503cd-002a-46e6-bdf1-f2d6bae0f45c-IGH  *
Clusters Ordened By clusters lenght: 
     0   1  2  3  4  5  6  7                                         8  9
196  C  86  4  *  *  *  *  *  2654c647-d562-455b-8147-61ebf21bf20d-IGH  *
Clusters Ordened By clusters lenght: 
Empty DataFrame
Columns: [0, 1, 2, 3, 4, 5, 6, 7, 8, 9]
Index: []
Clusters Ordened By clusters lenght: 
    0  1  2  3  4  5  6  7                                         8  9
21  C  3  5  *  *  *  *  *  0d432aa3-7007-4c2a-8679-2cbb6ccb7fec-IGH  *
Clusters Ordened By clusters lenght: 
Empty DataFrame
Columns: [0, 1, 2, 3, 4, 5, 6, 7, 8, 9]
Index: []
Clusters Ordened By clusters lenght: 
Empty DataFrame
Columns: [0, 1, 2, 3, 4, 5, 6, 7, 8, 9]
Index: []
Clusters Ordened By clusters lenght: 
Empty DataFrame
Columns: [0, 1, 2, 3, 4, 5, 6, 7, 8, 9]
Index: []
Clusters Ordened By clusters lenght: 
     0   1   2  3  4  5  6  7                                         8  9
257  C  38  24  *  *  *  *  *  002ab3a7-ccd7-4f6f-8035-dbda1d0cc8a2-IGH  *
260  C  41  13  *  *  *  *  *  05afbd97-643d-4dee-b6d2-41678c45e6f9-IGH  *
310  C  91   9  *  *  *  *  *  0b741166-aff1-47e5-85c4-3a60f1ed2bf4-IGH  *
229  C  10   5  *  *  *  *  *  12bb9bc4-5969-4a88-b271-54d98d04ed70-IGH  *
282  C  63   4  *  *  *  *  *  8c09b659-9c10-4834-8b30-1c4b53608e01-IGH  *
305  C  86   4  *  *  *  *  *  0177ea8d-064e-4148-bd7d-c6813e6ba2e6-IGH  *
Clusters Ordened By clusters lenght: 
    0  1  2  3  4  5  6  7                                         8  9
49  C  3  4  *  *  *  *  *  19dd2991-3542-47d1-a577-e663c3cd224e-IGH  *
Clusters Ordened By clusters lenght: 
Empty DataFrame
Columns: [0, 1, 2, 3, 4, 5, 6, 7, 8, 9]
Index: []
Clusters Ordened By clusters lenght: 
Empty DataFrame
Columns: [0, 1, 2, 3, 4, 5, 6, 7, 8, 9]
Index: []
Clusters Ordened By clusters lenght: 
    0  1   2  3  4  5  6  7                                         8  9
32  C  0  25  *  *  *  *  *  19a6878d-66bd-4628-80eb-26c3ff7c0aa0-IGH  *
Clusters Ordened By clusters lenght: 
    0  1  2  3  4  5  6  7                                         8  9
14  C  0  9  *  *  *  *  *  10b50507-ec66-4eb6-9597-a678c5b6a7f0-IGH  *
Clusters Ordened By clusters lenght: 
    0  1   2  3  4  5  6  7                                         8  9
36  C  0  31  *  *  *  *  *  06bab95a-7ae8-4a24-bd4f-725cf549b2e5-IGH  *
Clusters Ordened By clusters lenght: 
Empty DataFrame
Columns: [0, 1, 2, 3, 4, 5, 6, 7, 8, 9]
Index: []
Clusters Ordened By clusters lenght: 
Empty DataFrame
Columns: [0, 1, 2, 3, 4, 5, 6, 7, 8, 9]
Index: []
Clusters Ordened By clusters lenght: 
    0   1  2  3  4  5  6  7                                         8  9
78  C  24  8  *  *  *  *  *  254a8be6-e502-4528-aa68-38a49f6582f6-IGH  *
57  C   3  5  *  *  *  *  *  55b06e6c-5571-4cee-98b5-ca3ecdb4d0cd-IGH  *
66  C  12  5  *  *  *  *  *  15e351c1-abe2-4b87-8adb-ff3104e92afd-IGH  *
76  C  22  4  *  *  *  *  *  153c2cc5-56ac-4741-a550-70a6e16537e2-IGH  *
Clusters Ordened By clusters lenght: 
Empty DataFrame
Columns: [0, 1, 2, 3, 4, 5, 6, 7, 8, 9]
Index: []
Clusters Ordened By clusters lenght: 
    0  1  2  3  4  5  6  7                                         8  9
16  C  0  7  *  *  *  *  *  037c26a2-9d8c-433f-b86a-db8ff476520a-IGH  *
Clusters Ordened By clusters lenght: 
     0   1  2  3  4  5  6  7                                         8  9
102  C  22  5  *  *  *  *  *  443ce8cb-24a4-4fad-9380-5f8f37ef39eb-IGH  *
Clusters Ordened By clusters lenght: 
      0     1   2  3  4  5  6  7                                         8  9
2565  C   993  13  *  *  *  *  *  6b702595-8563-4396-b73b-b13f6b9f3c09-IGH  *
1892  C   320  11  *  *  *  *  *  04a0b22c-e239-46fe-beff-0bbf820ff405-IGH  *
2079  C   507  10  *  *  *  *  *  02dc6639-7235-4dd2-9359-9a31dac051eb-IGH  *
2599  C  1027   9  *  *  *  *  *  16f1c883-bf61-41be-bb0b-9fc3b0d78008-IGH  *
1919  C   347   9  *  *  *  *  *  1c96e369-8c5a-4e6d-b73c-d8cf48ca3316-IGH  *
1656  C    84   9  *  *  *  *  *  3ccbdeb1-f880-477b-bc72-0b2a6ac46a74-IGH  *
2331  C   759   8  *  *  *  *  *  12263748-0819-4e55-bf3a-0ad5a8092766-IGH  *
1889  C   317   7  *  *  *  *  *  00097cb4-713a-4f52-bc68-02ce383e627e-IGH  *
2338  C   766   5  *  *  *  *  *  159eb26c-c0f9-4a29-a7c5-67d2a7c4bdaf-IGH  *
1654  C    82   4  *  *  *  *  *  36c14485-000f-4049-9db3-7aa59109627b-IGH  *
1576  C     4   4  *  *  *  *  *  2f1f754e-0f19-4771-9fd5-f079a492bd67-IGH  *
2078  C   506   4  *  *  *  *  *  028d7a77-c0e5-4910-b066-4b73ac8b7ee0-IGH  *
1950  C   378   4  *  *  *  *  *  44e11b1a-a028-48d7-8893-8bd5a4d44001-IGH  *
1934  C   362   4  *  *  *  *  *  30e07eb6-7115-4816-a218-b0145506a1d9-IGH  *
2315  C   743   4  *  *  *  *  *  01d40a8b-b90b-4f9e-95b5-0e6f10ffef41-IGH  *
2179  C   607   4  *  *  *  *  *  6803a947-bf92-4d70-bf05-2aa26ac9c628-IGH  *
2161  C   589   4  *  *  *  *  *  53db5e69-d014-4de8-9cea-2e4af3127d1c-IGH  *
2350  C   778   4  *  *  *  *  *  23856925-4f2a-431c-8b5c-d2c0b1aaa2c7-IGH  *
2354  C   782   4  *  *  *  *  *  28e40d3f-68d2-44f4-9225-082418346e99-IGH  *
2576  C  1004   4  *  *  *  *  *  060941df-c5e5-4516-8927-8948ae808202-IGH  *
2577  C  1005   4  *  *  *  *  *  06434dd8-0bd8-460f-a23e-a92dfac223a1-IGH  *
2709  C  1137   4  *  *  *  *  *  7fb39bc5-8909-4536-b0fe-cff3e5904ee3-IGH  *
Clusters Ordened By clusters lenght: 
    0  1   2  3  4  5  6  7                                         8  9
38  C  4  10  *  *  *  *  *  02ea952f-796b-46eb-94a0-a9c4d8a17687-IGH  *
40  C  6  10  *  *  *  *  *  24e5f9aa-9ebd-4421-9a37-e131bc90b530-IGH  *
Clusters Ordened By clusters lenght: 
     0   1  2  3  4  5  6  7                                         8  9
174  C  37  6  *  *  *  *  *  0d7593b9-07a4-450a-87d2-497db8b3565e-IGH  *
160  C  23  5  *  *  *  *  *  435ebb7a-14eb-4e5a-b3cb-1d39e8a08c00-IGH  *
201  C  64  5  *  *  *  *  *  0064d36a-cbe1-4c3b-849a-cf2a3bbf5605-IGH  *
Clusters Ordened By clusters lenght: 
Empty DataFrame
Columns: [0, 1, 2, 3, 4, 5, 6, 7, 8, 9]
Index: []
Clusters Ordened By clusters lenght: 
Empty DataFrame
Columns: [0, 1, 2, 3, 4, 5, 6, 7, 8, 9]
Index: []
Clusters Ordened By clusters lenght: 
Empty DataFrame
Columns: [0, 1, 2, 3, 4, 5, 6, 7, 8, 9]
Index: []
Clusters Ordened By clusters lenght: 
     0   1  2  3  4  5  6  7                                         8  9
241  C  68  5  *  *  *  *  *  7eed5f02-cd9b-415f-9550-c7ae77533370-IGH  *
230  C  57  4  *  *  *  *  *  0fc4b3bf-c9c2-4315-a3d7-5d453a1e50a3-IGH  *
238  C  65  4  *  *  *  *  *  642268a5-ced8-496a-beec-a04cbf89c17b-IGH  *
253  C  80  4  *  *  *  *  *  3fe9d587-a39b-4230-b774-b25d0781a2de-IGH  *
Clusters Ordened By clusters lenght: 
    0  1  2  3  4  5  6  7                                         8  9
40  C  0  4  *  *  *  *  *  1aaab170-ece3-4fb3-86ac-94f203c0a99e-IGH  *
Clusters Ordened By clusters lenght: 
     0   1  2  3  4  5  6  7                                         8  9
157  C  30  9  *  *  *  *  *  1732bcb2-f6cc-4cd2-aea9-74b12a66116e-IGH  *
Clusters Ordened By clusters lenght: 
     0   1    2  3  4  5  6  7                                         8  9
631  C   2  338  *  *  *  *  *  08765973-428c-41f7-9aaf-1ed2ed0bd62c-IGH  *
630  C   1  178  *  *  *  *  *  00ea5788-e894-4177-81e9-ae7df3463a3d-IGH  *
639  C  10   14  *  *  *  *  *  4c31205d-1c70-44ce-8f50-499ebbdb5d31-IGH  *
636  C   7    8  *  *  *  *  *  34f3abf3-40ae-46ba-b327-6865045abd69-IGH  *
635  C   6    5  *  *  *  *  *  34038827-7cac-4d26-81c7-3cb89d97d668-IGH  *
Clusters Ordened By clusters lenght: 
    0  1  2  3  4  5  6  7                                         8  9
49  C  7  6  *  *  *  *  *  2b294885-600d-40b5-8641-8c14d07ef46d-IGH  *
Clusters Ordened By clusters lenght: 
Empty DataFrame
Columns: [0, 1, 2, 3, 4, 5, 6, 7, 8, 9]
Index: []
Clusters Ordened By clusters lenght: 
Empty DataFrame
Columns: [0, 1, 2, 3, 4, 5, 6, 7, 8, 9]
Index: []
Clusters Ordened By clusters lenght: 
Empty DataFrame
Columns: [0, 1, 2, 3, 4, 5, 6, 7, 8, 9]
Index: []
Clusters Ordened By clusters lenght: 
Empty DataFrame
Columns: [0, 1, 2, 3, 4, 5, 6, 7, 8, 9]
Index: []
Clusters Ordened By clusters lenght: 
Empty DataFrame
Columns: [0, 1, 2, 3, 4, 5, 6, 7, 8, 9]
Index: []
Clusters Ordened By clusters lenght: 
    0  1   2  3  4  5  6  7                                         8  9
62  C  9  23  *  *  *  *  *  00d1f585-799d-45e5-930e-10088da7235a-IGH  *
Clusters Ordened By clusters lenght: 
Empty DataFrame
Columns: [0, 1, 2, 3, 4, 5, 6, 7, 8, 9]
Index: []
Clusters Ordened By clusters lenght: 
Empty DataFrame
Columns: [0, 1, 2, 3, 4, 5, 6, 7, 8, 9]
Index: []
Clusters Ordened By clusters lenght: 
   0  1  2  3  4  5  6  7                                         8  9
7  C  0  4  *  *  *  *  *  19900b7a-f23b-4f4a-a362-d7d91affe3b3-IGH  *
Clusters Ordened By clusters lenght: 
   0  1  2  3  4  5  6  7                                         8  9
9  C  0  6  *  *  *  *  *  3a93c50c-0c3f-4744-9b74-64bb67686c2b-IGH  *
Clusters Ordened By clusters lenght: 
Empty DataFrame
Columns: [0, 1, 2, 3, 4, 5, 6, 7, 8, 9]
Index: []
Clusters Ordened By clusters lenght: 
    0   1  2  3  4  5  6  7                                         8  9
71  C   0  6  *  *  *  *  *  12a422e2-77c2-4b21-9d76-c884fc0a8d2f-IGH  *
98  C  27  5  *  *  *  *  *  3701b3ea-a604-48e3-853c-6e02f19e540f-IGH  *
Clusters Ordened By clusters lenght: 
    0  1   2  3  4  5  6  7                                         8  9
16  C  0  14  *  *  *  *  *  00a0d7a1-7bfc-4851-b3cc-488485cee7ab-IGH  *
Clusters Ordened By clusters lenght: 
Empty DataFrame
Columns: [0, 1, 2, 3, 4, 5, 6, 7, 8, 9]
Index: []
Clusters Ordened By clusters lenght: 
     0   1    2  3  4  5  6  7                                         8  9
476  C   1  289  *  *  *  *  *  00f26b7e-2e55-4030-ae23-0f1d04a231b0-IGH  *
478  C   3   23  *  *  *  *  *  02371c00-ff8c-4e47-93e5-b5d56b5c9d79-IGH  *
482  C   7   10  *  *  *  *  *  18378919-8fd1-45e5-b7ea-1d225870aa8b-IGH  *
496  C  21    8  *  *  *  *  *  4408a957-7df2-4064-9638-ae2bfb236e9d-IGH  *
497  C  22    7  *  *  *  *  *  451efc9b-bba4-4f4a-a1df-48c5a92f4346-IGH  *
480  C   5    6  *  *  *  *  *  0bae0372-3f1d-4cb6-8153-d94b4f594bee-IGH  *
502  C  27    5  *  *  *  *  *  5b936d10-2dad-4d74-bf30-d17c8bb86ff7-IGH  *
483  C   8    4  *  *  *  *  *  1a56d44c-5c69-4a03-b59b-32dcd1339afd-IGH  *
488  C  13    4  *  *  *  *  *  227f9c56-d0e3-45f0-97ff-9c6a09c0084f-IGH  *
507  C  32    4  *  *  *  *  *  670b0d64-fab3-4a9b-bd78-f02883be9c82-IGH  *
Clusters Ordened By clusters lenght: 
    0  1  2  3  4  5  6  7                                         8  9
20  C  5  4  *  *  *  *  *  35f33786-ca63-4001-bc13-63044d229622-IGH  *
Clusters Ordened By clusters lenght: 
     0    1  2  3  4  5  6  7                                         8  9
343  C  123  9  *  *  *  *  *  08522542-85bf-4d99-8f91-db8f95d69529-IGH  *
348  C  128  8  *  *  *  *  *  16e91f14-26d0-4e03-89f8-72a161740d28-IGH  *
Clusters Ordened By clusters lenght: 
    0  1  2  3  4  5  6  7                                         8  9
61  C  4  9  *  *  *  *  *  14f347f1-486f-4635-9594-162b7fccc687-IGH  *
66  C  9  4  *  *  *  *  *  38539b35-f354-44bf-9021-626f68edca6e-IGH  *
Clusters Ordened By clusters lenght: 
    0  1   2  3  4  5  6  7                                         8  9
25  C  6  11  *  *  *  *  *  1564a97f-29f5-4dfe-a193-967f567b603e-IGH  *
Clusters Ordened By clusters lenght: 
   0  1  2  3  4  5  6  7                                         8  9
5  C  0  4  *  *  *  *  *  6112f20c-1a59-4e74-949c-fabeac200211-IGH  *
Clusters Ordened By clusters lenght: 
     0   1   2  3  4  5  6  7                                         8  9
187  C  16  26  *  *  *  *  *  043ba163-a93c-49fe-87ee-ce4a0955b1d3-IGH  *
211  C  40  25  *  *  *  *  *  05f2a6bc-bc58-40ae-b015-439302c192e1-IGH  *
217  C  46   6  *  *  *  *  *  0fac885a-dcab-4b92-abe4-9c623e08fa62-IGH  *
210  C  39   4  *  *  *  *  *  049e6413-e80d-4e49-92db-7ff4317c78ff-IGH  *
Clusters Ordened By clusters lenght: 
Empty DataFrame
Columns: [0, 1, 2, 3, 4, 5, 6, 7, 8, 9]
Index: []
Clusters Ordened By clusters lenght: 
      0     1   2  3  4  5  6  7                                         8  9
6862  C  2206  22  *  *  *  *  *  03ab9808-6d80-4045-923d-ae54e0d1a774-IGH  *
5536  C   880  18  *  *  *  *  *  15b84964-1c2f-4997-9b2c-43014828f836-IGH  *
5883  C  1227  17  *  *  *  *  *  025ebc8e-872c-42af-96d6-bb5046b6b750-IGH  *
4956  C   300  16  *  *  *  *  *  3c51d207-5d15-4ccd-9540-a7c4419de2a2-IGH  *
4949  C   293  15  *  *  *  *  *  2c84c32c-f669-43ca-a2b4-fbab696422c7-IGH  *
...  ..   ...  .. .. .. .. .. ..                                       ... ..
7574  C  2918   4  *  *  *  *  *  7e5a0607-4e56-494c-8750-09fc04d3fc94-IGH  *
7786  C  3130   4  *  *  *  *  *  07a4f24a-918f-483b-8030-b03b196c7f5d-IGH  *
7881  C  3225   4  *  *  *  *  *  46fb2665-d400-42f7-a9b9-7fb59df0f700-IGH  *
7887  C  3231   4  *  *  *  *  *  4a981d7e-95a9-4eae-a5ec-549bfb8c67c7-IGH  *
7898  C  3242   4  *  *  *  *  *  53ad8008-0a7a-430f-a088-44bc4b6ce4a3-IGH  *

[116 rows x 10 columns]
Clusters Ordened By clusters lenght: 
Empty DataFrame
Columns: [0, 1, 2, 3, 4, 5, 6, 7, 8, 9]
Index: []
Clusters Ordened By clusters lenght: 
Empty DataFrame
Columns: [0, 1, 2, 3, 4, 5, 6, 7, 8, 9]
Index: []
Clusters Ordened By clusters lenght: 
Empty DataFrame
Columns: [0, 1, 2, 3, 4, 5, 6, 7, 8, 9]
Index: []
Clusters Ordened By clusters lenght: 
Empty DataFrame
Columns: [0, 1, 2, 3, 4, 5, 6, 7, 8, 9]
Index: []
Clusters Ordened By clusters lenght: 
Empty DataFrame
Columns: [0, 1, 2, 3, 4, 5, 6, 7, 8, 9]
Index: []
Clusters Ordened By clusters lenght: 
Empty DataFrame
Columns: [0, 1, 2, 3, 4, 5, 6, 7, 8, 9]
Index: []
Clusters Ordened By clusters lenght: 
      0     1   2  3  4  5  6  7                                         8  9
2027  C   129  25  *  *  *  *  *  01de2662-0a5a-43db-91f4-465aaf22ec6c-IGH  *
2031  C   133  25  *  *  *  *  *  04707065-dfa5-4a04-95e8-f16d6efdc33d-IGH  *
3201  C  1303  10  *  *  *  *  *  24f45615-5f9c-4b14-92ee-076aa56394ee-IGH  *
2805  C   907  10  *  *  *  *  *  13582ef1-13c7-4603-afb0-f37ac0eed118-IGH  *
2840  C   942  10  *  *  *  *  *  452200f6-720e-416b-8226-f4f0295db353-IGH  *
3118  C  1220   9  *  *  *  *  *  5b17b4d4-1b82-47db-8fa5-bbbd720242ae-IGH  *
2578  C   680   8  *  *  *  *  *  24d54311-2174-47f2-a77c-8b1e57d30fab-IGH  *
2946  C  1048   7  *  *  *  *  *  02e00ed5-954f-4e77-ae23-f04103805ee2-IGH  *
2817  C   919   7  *  *  *  *  *  1f4aa315-f522-4d9e-9afa-865532c50cdd-IGH  *
2996  C  1098   6  *  *  *  *  *  563984a6-9eb4-437d-b288-eeedd13baf90-IGH  *
3127  C  1229   6  *  *  *  *  *  6e011168-91cb-4087-b57e-c025971b7d11-IGH  *
2976  C  1078   6  *  *  *  *  *  35952e72-0a05-4378-9b38-4696271dba8d-IGH  *
3088  C  1190   6  *  *  *  *  *  012f9cdf-b3c9-4ec3-a148-4966bf0d205b-IGH  *
1929  C    31   6  *  *  *  *  *  253c8c14-cff0-44f4-a309-04aff66ef19d-IGH  *
2584  C   686   6  *  *  *  *  *  2879281c-a536-446f-9064-7788c611597a-IGH  *
2551  C   653   5  *  *  *  *  *  0ebc1157-a822-4635-9c0b-191b80c4517b-IGH  *
2035  C   137   5  *  *  *  *  *  088a1ba1-5d87-4ca7-8cb5-d143dd45675c-IGH  *
3296  C  1398   5  *  *  *  *  *  47e3c17f-7515-4c32-b4fd-cf0a7aa9a4e9-IGH  *
3200  C  1302   5  *  *  *  *  *  24293f5c-6020-49a6-b6d7-2e8d651fb571-IGH  *
2796  C   898   5  *  *  *  *  *  0d567f40-60df-4d88-a4a4-fcfd20a6e55b-IGH  *
3191  C  1293   5  *  *  *  *  *  0b796d4a-79c0-4b0b-a068-6640a9e8c009-IGH  *
2306  C   408   5  *  *  *  *  *  1ef67474-0f8b-4487-9aba-8bf8991115d6-IGH  *
2564  C   666   5  *  *  *  *  *  1ac9367a-a1f0-4f42-a575-fa27e4e0c37b-IGH  *
2323  C   425   5  *  *  *  *  *  32dd4f2e-e7a1-46b7-b9b5-9b7a9c6d1c9c-IGH  *
2047  C   149   4  *  *  *  *  *  1355d546-60f7-452c-aaff-32bf9e2e24db-IGH  *
2298  C   400   4  *  *  *  *  *  168759e0-a92e-43ca-9ebe-3fd0825e238e-IGH  *
2286  C   388   4  *  *  *  *  *  0d81c06e-f318-4e21-8920-c1e86e89a146-IGH  *
2110  C   212   4  *  *  *  *  *  56e8a40d-c855-4206-991e-d70ec766fbab-IGH  *
2081  C   183   4  *  *  *  *  *  379a0dea-b4eb-48ba-b043-90a5663538f6-IGH  *
2310  C   412   4  *  *  *  *  *  2363d1bb-c025-4198-9ad5-08e74b818408-IGH  *
2572  C   674   4  *  *  *  *  *  1df82e5e-7e4d-46b2-b492-6f59d9aac24e-IGH  *
2811  C   913   4  *  *  *  *  *  1aca277c-b92f-415a-a7ca-d44da9153db2-IGH  *
2814  C   916   4  *  *  *  *  *  1e5b684d-52eb-4bdf-bb75-6970a0226c9a-IGH  *
2851  C   953   4  *  *  *  *  *  5ce09b70-0157-42b7-b54f-722da81bd739-IGH  *
2833  C   935   4  *  *  *  *  *  3d24213a-e487-4cf0-a40f-67ee5ce1ae6a-IGH  *
2951  C  1053   4  *  *  *  *  *  0ed7b919-806a-4f2a-837d-76f517c8c72d-IGH  *
2995  C  1097   4  *  *  *  *  *  4d1dfeae-2a6c-49e4-9706-e56860c6bd19-IGH  *
3094  C  1196   4  *  *  *  *  *  13afec0e-09bf-4256-9331-82d46a27c0c2-IGH  *
3203  C  1305   4  *  *  *  *  *  2fb2834e-2932-4076-9f3e-328a6b5dbe8a-IGH  *
3282  C  1384   4  *  *  *  *  *  07e72a35-2dc8-4882-bc4a-e6766233ea9b-IGH  *
3297  C  1399   4  *  *  *  *  *  4a15a075-cb08-4275-aabd-f5b170a34088-IGH  *
Clusters Ordened By clusters lenght: 
     0    1   2  3  4  5  6  7                                         8  9
521  C  173  33  *  *  *  *  *  0a43d58f-09c8-457f-a353-4fb2839c52a1-IGH  *
484  C  136  29  *  *  *  *  *  24489751-dec4-48a6-8c23-cc78288b7aa7-IGH  *
357  C    9  16  *  *  *  *  *  019c5ac1-d36f-4c9f-8d02-032ea7736ea9-IGH  *
531  C  183   7  *  *  *  *  *  27eea538-699a-4cf1-88d5-9e5623522a6b-IGH  *
502  C  154   6  *  *  *  *  *  712421a0-13ee-435b-87dc-6475af45059c-IGH  *
362  C   14   5  *  *  *  *  *  5a72bb9c-562a-4eb2-b39a-a15458df8880-IGH  *
350  C    2   4  *  *  *  *  *  56ba8fbf-c589-465b-9d83-523bc990df72-IGH  *
352  C    4   4  *  *  *  *  *  7881a1b9-f53f-4f88-8781-adbb62038df9-IGH  *
519  C  171   4  *  *  *  *  *  08a7d5a7-b5a6-4d10-a54f-a6e366fc8662-IGH  *
Clusters Ordened By clusters lenght: 
     0   1   2  3  4  5  6  7                                         8  9
146  C  31  21  *  *  *  *  *  1d8e739f-171c-44c9-9935-281a73f3a2b7-IGH  *
116  C   1  14  *  *  *  *  *  0525d1e8-871b-48e0-a6b1-1e4ad7078619-IGH  *
129  C  14   7  *  *  *  *  *  26a6f241-f1ba-4e64-ae80-3e77fd91b351-IGH  *
115  C   0   5  *  *  *  *  *  9df2d784-0a50-45a0-a28c-0508a8cf695d-IGH  *
118  C   3   4  *  *  *  *  *  118b210d-f6a4-42b2-9be5-eff459f35b0f-IGH  *
123  C   8   4  *  *  *  *  *  39ff5b1c-4903-450e-8f78-597d10b9f27c-IGH  *
147  C  32   4  *  *  *  *  *  2139ba65-d2c0-47b2-bf2d-d1d324074e5d-IGH  *
Clusters Ordened By clusters lenght: 
    0  1   2  3  4  5  6  7                                         8  9
22  C  0  18  *  *  *  *  *  024dc09f-4090-4cad-a4e9-3253d8f44cc0-IGH  *
Clusters Ordened By clusters lenght: 
      0    1    2  3  4  5  6  7                                         8  9
1252  C  266  167  *  *  *  *  *  00ddf552-7ca3-4ebc-8b92-2cbd5e799d60-IGH  *
1263  C  277   70  *  *  *  *  *  0bc140df-dab7-44e6-a9d6-5a0007143290-IGH  *
1193  C  207   41  *  *  *  *  *  00303188-ed67-4751-adfc-89b26e36f40e-IGH  *
1258  C  272   26  *  *  *  *  *  053985a8-131a-44ce-bbd9-6d8a1bf8c6e5-IGH  *
1254  C  268   21  *  *  *  *  *  01006b4e-ddd5-4f19-b543-ae309c1890ea-IGH  *
1289  C  303   19  *  *  *  *  *  2a9ca04f-8daa-413f-9254-fd07aba6cb4b-IGH  *
1104  C  118   18  *  *  *  *  *  1229b5da-6b72-48d4-b02a-f256783be646-IGH  *
1291  C  305   18  *  *  *  *  *  2f92a078-6876-47bb-aea5-7ed444844f7a-IGH  *
1268  C  282   14  *  *  *  *  *  1196113f-afd7-4f26-a6c1-f69188dd6fbe-IGH  *
1260  C  274   10  *  *  *  *  *  077f9ec8-1b9d-42ef-b227-d7e94eaae260-IGH  *
1295  C  309    7  *  *  *  *  *  36392344-d8f3-4ca4-86f8-1b480d573aa4-IGH  *
1194  C  208    7  *  *  *  *  *  045311a0-959c-4fce-a84f-61648dd559ae-IGH  *
1301  C  315    6  *  *  *  *  *  39adf919-b23e-4d51-8a3a-49ee7d0e81ff-IGH  *
1256  C  270    6  *  *  *  *  *  0415ae53-8707-4009-8e0a-f301b48bb3b0-IGH  *
1108  C  122    6  *  *  *  *  *  2a332c97-dfde-422c-9198-bffdfae94a11-IGH  *
1288  C  302    5  *  *  *  *  *  28e9469c-ba51-433f-bb79-d82c9d9a084a-IGH  *
1214  C  228    5  *  *  *  *  *  474e463f-49fc-445d-a9fe-a2cdf700405b-IGH  *
990   C    4    5  *  *  *  *  *  1d6c8084-28a1-4be9-88a8-a2d06155cbda-IGH  *
1267  C  281    5  *  *  *  *  *  112426a1-c297-4e3a-99f3-e31b3b8c8c6f-IGH  *
1001  C   15    4  *  *  *  *  *  6dc99644-f80a-41b7-b21b-55c104c95cbc-IGH  *
1261  C  275    4  *  *  *  *  *  094486d0-c554-461e-bac6-535fb4ce51bc-IGH  *
1279  C  293    4  *  *  *  *  *  1c6f3c4d-08de-49c5-b86e-aac5ec20e6e5-IGH  *
1312  C  326    4  *  *  *  *  *  4a017be8-902e-4c05-bd2b-d18f280ff50a-IGH  *
Clusters Ordened By clusters lenght: 
Empty DataFrame
Columns: [0, 1, 2, 3, 4, 5, 6, 7, 8, 9]
Index: []
Clusters Ordened By clusters lenght: 
      0     1    2  3  4  5  6  7                                         8  9
4668  C  1777  106  *  *  *  *  *  02663295-6666-480a-a63c-b9178f12af62-IGH  *
3594  C   703   20  *  *  *  *  *  03398a47-86b9-4c24-b611-ddc8773f1ead-IGH  *
4125  C  1234   16  *  *  *  *  *  10f0077f-6b21-4990-9832-10ba904b2d19-IGH  *
3832  C   941   15  *  *  *  *  *  00000c9b-9108-4a79-9e34-45bea0208db9-IGH  *
3253  C   362   14  *  *  *  *  *  290287e4-ce36-4ac5-b06a-4f73ada48da6-IGH  *
3099  C   208   11  *  *  *  *  *  1c72e1c8-3ca0-4b3a-9493-d7ed6b605eb6-IGH  *
4683  C  1792   11  *  *  *  *  *  0d9de80b-0aed-4c73-b1c2-7e9f0dd301dd-IGH  *
4670  C  1779   10  *  *  *  *  *  036112d7-2ac4-4f61-ac76-ecb8e8638432-IGH  *
3388  C   497   10  *  *  *  *  *  01e96b1f-6e04-4d21-86a0-536debe865d4-IGH  *
4687  C  1796   10  *  *  *  *  *  119cf56a-6da0-4da0-a6c8-6f925990b4a5-IGH  *
3226  C   335    9  *  *  *  *  *  10c89467-789f-4798-bbf5-793835f4e2c8-IGH  *
3836  C   945    9  *  *  *  *  *  023dc8ad-4c7e-4761-8b20-8f51ec668833-IGH  *
4165  C  1274    8  *  *  *  *  *  27642b57-cb57-4c5d-89a7-c693920482f9-IGH  *
4157  C  1266    7  *  *  *  *  *  200ece84-23e9-426d-9e82-bb55f9743c41-IGH  *
4161  C  1270    7  *  *  *  *  *  2362afc3-afe9-4d67-a5d9-bc9c5669738b-IGH  *
4122  C  1231    7  *  *  *  *  *  102570c2-af2a-451c-8908-e81f20c363fd-IGH  *
4910  C  2019    7  *  *  *  *  *  03ce260d-ff26-4d62-b1d5-dad0973b2a16-IGH  *
4917  C  2026    7  *  *  *  *  *  0c4e38ac-69f6-43e5-abe9-c8e342140711-IGH  *
3859  C   968    6  *  *  *  *  *  0ee1e8e0-0940-4392-ad0a-370c4406e38a-IGH  *
4932  C  2041    6  *  *  *  *  *  1f9cb17f-2ab0-4e1e-8d27-7c2ebbabc2b5-IGH  *
4193  C  1302    6  *  *  *  *  *  394d1bdd-9261-4f76-b5ef-bde0d727eb9f-IGH  *
4325  C  1434    6  *  *  *  *  *  ac051094-ce27-47d3-912b-e759125d80b7-IGH  *
4480  C  1589    6  *  *  *  *  *  39c8aaef-497a-41ca-acc7-2b364dc72b7d-IGH  *
4749  C  1858    6  *  *  *  *  *  4bedecf2-7c2f-4306-9813-0ed86f5a45ae-IGH  *
4140  C  1249    6  *  *  *  *  *  177663e7-f15a-4268-992d-7077b878f73f-IGH  *
4919  C  2028    5  *  *  *  *  *  0f92f5b8-b39c-4250-b836-f7cdcb2b9ec0-IGH  *
4758  C  1867    5  *  *  *  *  *  50e0291c-4283-49b3-8823-4ea3937396e7-IGH  *
3225  C   334    5  *  *  *  *  *  0d5a9ae3-086c-4eb4-803a-c8ad06178e50-IGH  *
3597  C   706    5  *  *  *  *  *  0511354b-a68c-478e-a2ea-bc60a92386fa-IGH  *
3708  C   817    5  *  *  *  *  *  79e1323a-8bdb-4b56-b54c-b36105e4e8ac-IGH  *
4672  C  1781    5  *  *  *  *  *  048d6eb1-f40c-4dd1-b10f-a22570ce1f96-IGH  *
3413  C   522    5  *  *  *  *  *  1b1135c4-9ea0-4f72-94ab-2a6a0582b758-IGH  *
3211  C   320    5  *  *  *  *  *  00d2bb1b-210c-4724-83eb-532abf11cad8-IGH  *
3139  C   248    4  *  *  *  *  *  5df91273-66a5-47ce-8215-991cfc70ff5c-IGH  *
3091  C   200    4  *  *  *  *  *  0f8272a6-9dbd-4b92-9429-da59bb82048a-IGH  *
3591  C   700    4  *  *  *  *  *  00d0b7c8-dd9a-425e-9588-93c6f577a597-IGH  *
3422  C   531    4  *  *  *  *  *  2832f5d4-0c96-4bb5-9794-2c6a37a0531e-IGH  *
3458  C   567    4  *  *  *  *  *  58f542d6-adc6-4ccb-ad09-97b53eaf8d47-IGH  *
3216  C   325    4  *  *  *  *  *  05c5b093-3072-4eb4-8a10-f96f9f7a31a8-IGH  *
3990  C  1099    4  *  *  *  *  *  8bb8d76c-7f3a-4025-b34a-5b2a776d337f-IGH  *
3894  C  1003    4  *  *  *  *  *  2cca1472-7c37-49c9-9ac2-91d426771e0d-IGH  *
3893  C  1002    4  *  *  *  *  *  2c799a99-f78a-4c33-9a37-98864eb0e154-IGH  *
3861  C   970    4  *  *  *  *  *  10293e4d-72b2-4550-81d7-713b21b256e9-IGH  *
4205  C  1314    4  *  *  *  *  *  3fef07b1-fbd0-47a4-8b12-c6a5eadbd6b2-IGH  *
4115  C  1224    4  *  *  *  *  *  046fd204-32e0-47e5-bad1-689a4c6bf0cd-IGH  *
4208  C  1317    4  *  *  *  *  *  446f941a-f626-47af-b17a-167bc17c6cde-IGH  *
4250  C  1359    4  *  *  *  *  *  5c0ad249-5897-4ab6-951c-7595a8935a97-IGH  *
4330  C  1439    4  *  *  *  *  *  b29c0c2e-7e74-4992-967d-b44eaa5556bb-IGH  *
4399  C  1508    4  *  *  *  *  *  01385ee0-fc0f-4a46-b4e0-515e67ab584b-IGH  *
4690  C  1799    4  *  *  *  *  *  13e18984-bb40-4dfd-b9e5-5f63f9752327-IGH  *
4695  C  1804    4  *  *  *  *  *  189423e7-2380-4b06-a445-9a5ebb93fdc4-IGH  *
4701  C  1810    4  *  *  *  *  *  1b3a610e-d0c2-4ec0-b888-73fac616de12-IGH  *
4769  C  1878    4  *  *  *  *  *  6022369b-68e2-4ec3-85c6-574395da40c3-IGH  *
4930  C  2039    4  *  *  *  *  *  1dc9a2b6-e391-4d8f-9fd6-961f9b4895e3-IGH  *
4939  C  2048    4  *  *  *  *  *  2b741c07-fb29-4dce-9568-4b27ced83f21-IGH  *
Clusters Ordened By clusters lenght: 
    0  1   2  3  4  5  6  7                                         8  9
21  C  0  17  *  *  *  *  *  009bc0c1-9de5-4b85-9d01-802bdf965b26-IGH  *
Clusters Ordened By clusters lenght: 
     0  1    2  3  4  5  6  7                                         8  9
207  C  0  164  *  *  *  *  *  0862a1fd-46ea-43ad-947b-a04c7ecdd25b-IGH  *
Clusters Ordened By clusters lenght: 
Empty DataFrame
Columns: [0, 1, 2, 3, 4, 5, 6, 7, 8, 9]
Index: []
Clusters Ordened By clusters lenght: 
Empty DataFrame
Columns: [0, 1, 2, 3, 4, 5, 6, 7, 8, 9]
Index: []
Clusters Ordened By clusters lenght: 
    0  1   2  3  4  5  6  7                                         8  9
18  C  0  14  *  *  *  *  *  1011d2ec-6104-434d-9f69-55ae4e7094ee-IGH  *
Clusters Ordened By clusters lenght: 
Empty DataFrame
Columns: [0, 1, 2, 3, 4, 5, 6, 7, 8, 9]
Index: []
Clusters Ordened By clusters lenght: 
Empty DataFrame
Columns: [0, 1, 2, 3, 4, 5, 6, 7, 8, 9]
Index: []
Clusters Ordened By clusters lenght: 
      0    1   2  3  4  5  6  7                                         8  9
638   C   35  14  *  *  *  *  *  0cc3d4fd-4df2-4f25-a558-49b65e4dc6c4-IGH  *
728   C  125  12  *  *  *  *  *  273fc7c3-6ed5-4559-935d-5aea8d8085ff-IGH  *
945   C  342  11  *  *  *  *  *  0cbbffcb-1946-418f-838b-7c9f80c36bed-IGH  *
765   C  162   6  *  *  *  *  *  163fca36-8456-4d4f-8aa5-612a3ac0f43e-IGH  *
604   C    1   4  *  *  *  *  *  270bfb94-4235-4bd1-bcb8-f686e530ebe7-IGH  *
664   C   61   4  *  *  *  *  *  0a76b741-b8cf-4612-91e1-3cee1340e025-IGH  *
773   C  170   4  *  *  *  *  *  3e50489f-8a1c-47c7-a2f8-70aa275b4b8a-IGH  *
837   C  234   4  *  *  *  *  *  6acabe77-33b0-4d8f-9f23-8634cb92031e-IGH  *
1051  C  448   4  *  *  *  *  *  72e829ba-8d4f-4135-a0eb-ea58701700f2-IGH  *
Clusters Ordened By clusters lenght: 
Empty DataFrame
Columns: [0, 1, 2, 3, 4, 5, 6, 7, 8, 9]
Index: []
Clusters Ordened By clusters lenght: 
    0  1  2  3  4  5  6  7                                         8  9
10  C  1  4  *  *  *  *  *  4aae3783-3a5e-4c17-99cc-0eda311c5a63-IGH  *
Clusters Ordened By clusters lenght: 
Empty DataFrame
Columns: [0, 1, 2, 3, 4, 5, 6, 7, 8, 9]
Index: []
Clusters Ordened By clusters lenght: 
Empty DataFrame
Columns: [0, 1, 2, 3, 4, 5, 6, 7, 8, 9]
Index: []
Clusters Ordened By clusters lenght: 
     0    1   2  3  4  5  6  7                                         8  9
500  C  124  77  *  *  *  *  *  0b81322e-41c8-4426-8032-a188ca56f5de-IGH  *
502  C  126  16  *  *  *  *  *  0eadf9ce-fd7b-4bad-821e-65a9fe89eac5-IGH  *
504  C  128   7  *  *  *  *  *  11a6c123-9b8a-4069-a29b-493c1ac95204-IGH  *
567  C  191   4  *  *  *  *  *  1783d01e-ad0e-4e96-9133-1866160d0c6a-IGH  *
Clusters Ordened By clusters lenght: 
    0  1  2  3  4  5  6  7                                         8  9
74  C  8  4  *  *  *  *  *  17850e57-cfdb-41fc-afe4-b96f933eec9f-IGH  *
Clusters Ordened By clusters lenght: 
Empty DataFrame
Columns: [0, 1, 2, 3, 4, 5, 6, 7, 8, 9]
Index: []
Clusters Ordened By clusters lenght: 
     0   1  2  3  4  5  6  7                                         8  9
166  C  52  8  *  *  *  *  *  2618b7e2-6891-431f-93e0-719913ac3780-IGH  *
115  C   1  6  *  *  *  *  *  1548ec04-2738-4512-911b-7460b79ebee2-IGH  *
Clusters Ordened By clusters lenght: 
    0  1   2  3  4  5  6  7                                         8  9
65  C  6  23  *  *  *  *  *  0d7af331-4d3b-4436-aaca-7a0f6cec0d21-IGK  *
63  C  4  13  *  *  *  *  *  041ce49a-412d-4ccd-8f39-4974d88d236e-IGK  *
Clusters Ordened By clusters lenght: 
     0    1   2  3  4  5  6  7                                         8  9
425  C  100  37  *  *  *  *  *  03fea3cc-edc3-45a3-bca9-80a985ec8531-IGH  *
430  C  105  20  *  *  *  *  *  0c2d0d25-f744-4fe0-8823-c40ee598ca6a-IGH  *
427  C  102  13  *  *  *  *  *  0860d3bb-dc02-4dc8-9379-537afa5efa37-IGH  *
441  C  116  13  *  *  *  *  *  32449214-fc81-4bfd-8c2f-d2870e91a76d-IGH  *
434  C  109   9  *  *  *  *  *  138063c0-98aa-47a5-a610-69c63577f45c-IGH  *
432  C  107   6  *  *  *  *  *  12723204-e448-44ba-8bc7-9ad423a8bd10-IGH  *
428  C  103   5  *  *  *  *  *  0a6e9119-9b36-4061-878c-f8113b0d860a-IGH  *
426  C  101   5  *  *  *  *  *  072676a5-90f0-47da-a2d8-03ca6fc05a91-IGH  *
436  C  111   5  *  *  *  *  *  1a0c708d-36b6-4319-8820-dc7abc74b691-IGH  *
400  C   75   4  *  *  *  *  *  217d7330-2264-431e-bf1b-2a264aa954cf-IGH  *
342  C   17   4  *  *  *  *  *  204285a4-81f6-498c-849a-870476a1e0d3-IGH  *
446  C  121   4  *  *  *  *  *  4484cf47-0f01-4cb8-89e6-d31ac6a908d3-IGH  *
456  C  131   4  *  *  *  *  *  8aa75053-f80f-4feb-97d6-fb2dc29d241b-IGH  *
Clusters Ordened By clusters lenght: 
    0   1  2  3  4  5  6  7                                         8  9
66  C  18  5  *  *  *  *  *  473bed67-6c86-4ad2-8d08-cc89da31b7bf-IGH  *
Clusters Ordened By clusters lenght: 
      0    1     2  3  4  5  6  7                                         8  9
1846  C   10  1559  *  *  *  *  *  269389a1-1a5d-4a81-8b1c-3d4e129ad1d1-IGH  *
1870  C   34    18  *  *  *  *  *  08d61b2a-57cb-4c1f-8835-9b169644060f-IGH  *
1874  C   38    11  *  *  *  *  *  0c9463fa-aa11-464d-ad4a-8744aca51a55-IGH  *
1890  C   54    10  *  *  *  *  *  36f358b6-a907-45b1-ae80-51e27ce97180-IGH  *
1963  C  127     9  *  *  *  *  *  023b733d-4cd3-4366-b324-ea36552dac2f-IGH  *
1900  C   64     8  *  *  *  *  *  4fd57fb6-c32b-40ac-a1dd-1e980d7860ba-IGH  *
1881  C   45     7  *  *  *  *  *  18ea770a-8ac5-45fc-b71c-a5f5fb00b16c-IGH  *
1906  C   70     7  *  *  *  *  *  5931e496-d28b-48ac-8eb7-811c45c9c376-IGH  *
1903  C   67     7  *  *  *  *  *  5647aa77-77cd-4730-897d-47007bdd6a6a-IGH  *
1911  C   75     6  *  *  *  *  *  6cee04cd-d281-4b1b-89db-3939640b9913-IGH  *
1898  C   62     6  *  *  *  *  *  4ad53375-2e71-4fb4-a18b-cbf1abfe557c-IGH  *
1923  C   87     5  *  *  *  *  *  8fa4e6aa-9fe4-4ac2-be34-e39dfbd7aa96-IGH  *
1902  C   66     5  *  *  *  *  *  51a368e6-31e0-4210-b5bd-05671bef7791-IGH  *
1876  C   40     4  *  *  *  *  *  0e3bf310-faef-44c2-b79f-6887c5e81e50-IGH  *
1873  C   37     4  *  *  *  *  *  0b896e4b-a5b3-4216-b8e6-393cf126a637-IGH  *
1894  C   58     4  *  *  *  *  *  39ff02c9-1e8b-46ac-ae4e-255fc09342bf-IGH  *
1921  C   85     4  *  *  *  *  *  8e13bc0d-ba30-4c86-bc9c-2f38fef1f939-IGH  *
1928  C   92     4  *  *  *  *  *  9342a8c2-b61a-4621-ba00-b53164c84f8e-IGH  *
1931  C   95     4  *  *  *  *  *  9e604382-8466-4b43-8793-45b06f6660ba-IGH  *
1946  C  110     4  *  *  *  *  *  c0208244-f105-434f-90a0-eae23371df25-IGH  *
1973  C  137     4  *  *  *  *  *  91ffb441-304a-4cf0-9d6b-1df298327862-IGH  *
Clusters Ordened By clusters lenght: 
Empty DataFrame
Columns: [0, 1, 2, 3, 4, 5, 6, 7, 8, 9]
Index: []
Clusters Ordened By clusters lenght: 
     0   1  2  3  4  5  6  7                                         8  9
109  C  39  4  *  *  *  *  *  058aa942-927c-4c49-a45e-987e5e2ec9ba-IGH  *
Clusters Ordened By clusters lenght: 
    0  1   2  3  4  5  6  7                                         8  9
40  C  4  19  *  *  *  *  *  0598b107-1a9a-4a71-94b0-d96152122c37-IGH  *
Clusters Ordened By clusters lenght: 
    0  1   2  3  4  5  6  7                                         8  9
31  C  0  23  *  *  *  *  *  098c8f0d-34ec-402c-bf22-1eb62e15ee0b-IGH  *
35  C  4   5  *  *  *  *  *  1b91e455-f9d8-42f1-b95c-4a57bf091e93-IGH  *
Clusters Ordened By clusters lenght: 
     0  1  2  3  4  5  6  7                                         8  9
148  C  4  5  *  *  *  *  *  1cb4c37a-194f-453c-9245-82f6745e46e3-IGH  *
Clusters Ordened By clusters lenght: 
Empty DataFrame
Columns: [0, 1, 2, 3, 4, 5, 6, 7, 8, 9]
Index: []
Clusters Ordened By clusters lenght: 
Empty DataFrame
Columns: [0, 1, 2, 3, 4, 5, 6, 7, 8, 9]
Index: []
Clusters Ordened By clusters lenght: 
     0   1   2  3  4  5  6  7                                         8  9
119  C  25  36  *  *  *  *  *  02bb126d-c0ed-422f-9848-1e1187de6555-IGH  *
132  C  38   5  *  *  *  *  *  15d6b376-ebda-47be-a439-58820d7acd9b-IGH  *
Clusters Ordened By clusters lenght: 
Empty DataFrame
Columns: [0, 1, 2, 3, 4, 5, 6, 7, 8, 9]
Index: []
Clusters Ordened By clusters lenght: 
Empty DataFrame
Columns: [0, 1, 2, 3, 4, 5, 6, 7, 8, 9]
Index: []
Clusters Ordened By clusters lenght: 
    0  1   2  3  4  5  6  7                                         8  9
36  C  4  18  *  *  *  *  *  03f134d6-f27c-4de0-b748-51ddd2afc266-IGH  *
Clusters Ordened By clusters lenght: 
Empty DataFrame
Columns: [0, 1, 2, 3, 4, 5, 6, 7, 8, 9]
Index: []
Clusters Ordened By clusters lenght: 
Empty DataFrame
Columns: [0, 1, 2, 3, 4, 5, 6, 7, 8, 9]
Index: []
Clusters Ordened By clusters lenght: 
     0   1   2  3  4  5  6  7                                         8  9
110  C  34  29  *  *  *  *  *  12d870b1-89ca-46ad-8882-2d881fe1d131-IGH  *
111  C  35   8  *  *  *  *  *  18368f09-c746-40a9-9088-49459b2bcfd1-IGH  *
Clusters Ordened By clusters lenght: 
      0    1    2  3  4  5  6  7                                         8  9
904   C   34  284  *  *  *  *  *  01068f55-4508-4b42-bd20-d93a50f04195-IGH  *
1081  C  211   39  *  *  *  *  *  029837bd-9bb2-4508-9447-57d8455809ad-IGH  *
1151  C  281   30  *  *  *  *  *  0c99974a-68ba-48bf-814b-a5f2c4496cdb-IGH  *
1095  C  225   27  *  *  *  *  *  3bc4d0e5-3b36-4768-b9be-eb6e792d3bbf-IGH  *
1080  C  210    8  *  *  *  *  *  00efad4d-4ead-4e75-bacf-db878dc40987-IGH  *
987   C  117    8  *  *  *  *  *  20dabffe-fd86-4371-b45d-cda95ff34e7e-IGH  *
989   C  119    8  *  *  *  *  *  2ec32c53-4057-45a7-9d6b-4cb7c9500851-IGH  *
1156  C  286    7  *  *  *  *  *  13e05a44-f7b8-43d8-8114-e274d02904c7-IGH  *
1030  C  160    6  *  *  *  *  *  1c3e379e-f0a9-470d-a8b7-1b40d487f53d-IGH  *
966   C   96    5  *  *  *  *  *  70d0f00a-0f3d-4598-9185-6f62f18e4381-IGH  *
1145  C  275    5  *  *  *  *  *  01c35e0e-9c21-4004-8f95-dba618c09d8c-IGH  *
929   C   59    4  *  *  *  *  *  2dc800ce-c8f5-4ed5-b98b-afd9835dd226-IGH  *
991   C  121    4  *  *  *  *  *  3482264d-c069-4937-93bd-7c667f31cb76-IGH  *
988   C  118    4  *  *  *  *  *  2a05fbc4-1fba-4469-b068-30b49af29263-IGH  *
1108  C  238    4  *  *  *  *  *  6879ef8b-b775-4c24-93b3-da1d116b4c12-IGH  *
1103  C  233    4  *  *  *  *  *  5ba4ef24-88b3-4c05-9ab3-02d02c8e0b48-IGH  *
1093  C  223    4  *  *  *  *  *  33c1d6b7-da24-43aa-a564-8c8b18058d77-IGH  *
1155  C  285    4  *  *  *  *  *  0f61fd10-296a-469a-b57d-bad0fea23fec-IGH  *
Clusters Ordened By clusters lenght: 
     0   1    2  3  4  5  6  7                                         8  9
427  C   2  252  *  *  *  *  *  02ef9457-85dd-476b-9de8-f23ed419966f-IGH  *
430  C   5   46  *  *  *  *  *  0da7ed71-593d-4a99-aa10-75b51888bf5e-IGH  *
426  C   1   36  *  *  *  *  *  01590527-fdfb-4f42-a4c9-afc5f8866696-IGH  *
429  C   4   24  *  *  *  *  *  0a2a8d14-6018-47a3-9160-ed1e70354e62-IGH  *
442  C  17    5  *  *  *  *  *  40cff0f8-b61b-4fd8-b14d-e7c344f5b77a-IGH  *
425  C   0    4  *  *  *  *  *  0148da40-eb5d-473c-9cae-5d7b6fbc976c-IGH  *
Clusters Ordened By clusters lenght: 
   0  1  2  3  4  5  6  7                                         8  9
8  C  0  7  *  *  *  *  *  0a31f532-115c-40d6-973f-2a5f66f642ba-IGH  *
Clusters Ordened By clusters lenght: 
   0  1  2  3  4  5  6  7                                         8  9
5  C  0  5  *  *  *  *  *  52715a89-c8bc-47e5-8dd7-edcb42a60cb0-IGH  *
Clusters Ordened By clusters lenght: 
Empty DataFrame
Columns: [0, 1, 2, 3, 4, 5, 6, 7, 8, 9]
Index: []
Clusters Ordened By clusters lenght: 
      0     1   2  3  4  5  6  7                                         8  9
3861  C  1451  45  *  *  *  *  *  03342f3c-5467-47da-9879-ff5834ed0e3f-IGH  *
3872  C  1462  22  *  *  *  *  *  0cd01928-7085-402d-851b-18d4778fe314-IGH  *
3391  C   981  15  *  *  *  *  *  06f99b14-c5c4-47fa-9fa6-333f4df829fe-IGH  *
2674  C   264  15  *  *  *  *  *  1d8b537c-7671-49ef-9574-cab5135944d9-IGH  *
3928  C  1518  14  *  *  *  *  *  45af0e47-d6b6-4658-a7ce-d70b52af0cb2-IGH  *
...  ..   ...  .. .. .. .. .. ..                                       ... ..
3706  C  1296   4  *  *  *  *  *  42f12d09-f606-40da-870b-e22977b256ed-IGH  *
3711  C  1301   4  *  *  *  *  *  44d59535-0d08-429d-8d65-35f10313d258-IGH  *
3746  C  1336   4  *  *  *  *  *  741e377d-2ac0-42cd-89cf-77f798313f5f-IGH  *
3879  C  1469   4  *  *  *  *  *  116ad8d4-74ad-4ade-8785-fe2be890fca1-IGH  *
3898  C  1488   4  *  *  *  *  *  2c55b9ff-9717-498e-b5db-5e7b2d05bcfb-IGH  *

[68 rows x 10 columns]
Clusters Ordened By clusters lenght: 
Empty DataFrame
Columns: [0, 1, 2, 3, 4, 5, 6, 7, 8, 9]
Index: []
Clusters Ordened By clusters lenght: 
     0    1  2  3  4  5  6  7                                         8  9
356  C  154  7  *  *  *  *  *  2958396b-8470-4f3a-817c-f29a8f1b9bd8-IGH  *
Clusters Ordened By clusters lenght: 
    0  1  2  3  4  5  6  7                                         8  9
20  C  7  6  *  *  *  *  *  1c2bda44-9e8d-4955-bdd6-33e74525b665-IGH  *
Clusters Ordened By clusters lenght: 
     0    1  2  3  4  5  6  7                                         8  9
404  C  106  7  *  *  *  *  *  4c075510-092d-49a9-aae7-7b28f203bd5f-IGH  *
524  C  226  6  *  *  *  *  *  27638a15-9d4d-49d0-9819-e7bb60d09c75-IGH  *
523  C  225  6  *  *  *  *  *  0ab965c1-f3da-4476-8318-01a352be94e2-IGH  *
337  C   39  4  *  *  *  *  *  1e12d220-5a86-4af5-95eb-a70ae648ed3a-IGH  *
487  C  189  4  *  *  *  *  *  26e76232-e3a9-4a9f-8249-0b7bf9de27e5-IGH  *
Clusters Ordened By clusters lenght: 
Empty DataFrame
Columns: [0, 1, 2, 3, 4, 5, 6, 7, 8, 9]
Index: []
Clusters Ordened By clusters lenght: 
     0    1   2  3  4  5  6  7                                         8  9
314  C   35  41  *  *  *  *  *  048d202e-7be6-4c52-aac1-0f71c3b21e1b-IGH  *
315  C   36  15  *  *  *  *  *  0828d4e1-ef8e-486f-ac99-fc5eb2dd7c5d-IGH  *
286  C    7  10  *  *  *  *  *  003cb318-4bf7-4cad-ae44-7b18e2a813be-IGH  *
319  C   40   9  *  *  *  *  *  13edefb4-baa1-4ad9-8aec-db8feebfd317-IGH  *
281  C    2   7  *  *  *  *  *  5a22bf93-91d5-4dc7-80a9-b5fe5d6a1439-IGH  *
406  C  127   5  *  *  *  *  *  29fef07b-f2d2-42c3-8ed0-40dee5a88f1a-IGH  *
323  C   44   4  *  *  *  *  *  491e8f5a-5934-41d4-89bd-23534660eb3c-IGH  *
Clusters Ordened By clusters lenght: 
Empty DataFrame
Columns: [0, 1, 2, 3, 4, 5, 6, 7, 8, 9]
Index: []
Clusters Ordened By clusters lenght: 
    0  1   2  3  4  5  6  7                                         8  9
31  C  0  30  *  *  *  *  *  1c4486ef-a157-4849-95ec-402020dbddc9-IGH  *
Clusters Ordened By clusters lenght: 
    0   1  2  3  4  5  6  7                                         8  9
49  C  21  4  *  *  *  *  *  1ed536ea-e881-4506-a014-4b1f14a1023f-IGH  *
Clusters Ordened By clusters lenght: 
Empty DataFrame
Columns: [0, 1, 2, 3, 4, 5, 6, 7, 8, 9]
Index: []
Clusters Ordened By clusters lenght: 
Empty DataFrame
Columns: [0, 1, 2, 3, 4, 5, 6, 7, 8, 9]
Index: []
Clusters Ordened By clusters lenght: 
Empty DataFrame
Columns: [0, 1, 2, 3, 4, 5, 6, 7, 8, 9]
Index: []
Clusters Ordened By clusters lenght: 
Empty DataFrame
Columns: [0, 1, 2, 3, 4, 5, 6, 7, 8, 9]
Index: []
Clusters Ordened By clusters lenght: 
Empty DataFrame
Columns: [0, 1, 2, 3, 4, 5, 6, 7, 8, 9]
Index: []
Clusters Ordened By clusters lenght: 
     0    1  2  3  4  5  6  7                                         8  9
344  C  106  6  *  *  *  *  *  36de78a5-bcb6-432b-8f4a-20bee5090b1e-IGH  *
Clusters Ordened By clusters lenght: 
     0    1  2  3  4  5  6  7                                         8  9
276  C    5  6  *  *  *  *  *  00e002ba-48e6-4b71-aeac-6eb8d3025d50-IGH  *
329  C   58  5  *  *  *  *  *  28a714f0-883d-47b4-8ddd-f39e16935ac4-IGH  *
303  C   32  4  *  *  *  *  *  39823544-83c7-4719-871f-a4f9c9b6c81b-IGH  *
419  C  148  4  *  *  *  *  *  26b855b9-30d8-4963-b60a-76edcbc394e9-IGH  *
Clusters Ordened By clusters lenght: 
   0  1  2  3  4  5  6  7                                         8  9
7  C  1  5  *  *  *  *  *  02087e21-b591-43d2-9642-78ea967b5529-IGK  *
Clusters Ordened By clusters lenght: 
Empty DataFrame
Columns: [0, 1, 2, 3, 4, 5, 6, 7, 8, 9]
Index: []
Clusters Ordened By clusters lenght: 
     0   1  2  3  4  5  6  7                                         8  9
279  C  48  6  *  *  *  *  *  1edd763f-2488-495d-af31-9b22e91613f9-IGH  *
Clusters Ordened By clusters lenght: 
    0  1   2  3  4  5  6  7                                         8  9
34  C  0  18  *  *  *  *  *  3d03fde3-bd1a-455c-91d9-6230c874656e-IGH  *
Clusters Ordened By clusters lenght: 
     0   1  2  3  4  5  6  7                                         8  9
150  C  46  4  *  *  *  *  *  5599160c-c175-4492-8d66-284a146666fe-IGH  *
Clusters Ordened By clusters lenght: 
Empty DataFrame
Columns: [0, 1, 2, 3, 4, 5, 6, 7, 8, 9]
Index: []
Clusters Ordened By clusters lenght: 
     0   1   2  3  4  5  6  7                                         8  9
226  C  76  49  *  *  *  *  *  02d2cc29-7eb6-4f33-a61a-6bfa07dc0776-IGH  *
169  C  19   8  *  *  *  *  *  150bfc38-ac53-4c68-be36-18718587a372-IGH  *
Clusters Ordened By clusters lenght: 
    0  1  2  3  4  5  6  7                                         8  9
28  C  0  8  *  *  *  *  *  0b867ac7-8a88-495f-8a0c-49740e7789b5-IGH  *
Clusters Ordened By clusters lenght: 
Empty DataFrame
Columns: [0, 1, 2, 3, 4, 5, 6, 7, 8, 9]
Index: []
Clusters Ordened By clusters lenght: 
    0   1  2  3  4  5  6  7                                         8  9
43  C  14  6  *  *  *  *  *  3d9ede6d-1ac7-4039-aed8-b44775b3bb09-IGH  *
Clusters Ordened By clusters lenght: 
      0   1    2  3  4  5  6  7                                         8  9
1014  C   3  815  *  *  *  *  *  0006e2fd-056a-4243-965a-97804595f2e7-IGH  *
1018  C   7   24  *  *  *  *  *  034535dd-d927-42d7-be7f-be159505178f-IGH  *
1019  C   8   24  *  *  *  *  *  036f7327-4c6d-43da-8f52-44d126f7a27c-IGH  *
1032  C  21   11  *  *  *  *  *  21853f00-e81e-4110-b4c1-6c76fa1b3e7b-IGH  *
1041  C  30    7  *  *  *  *  *  361a1533-1dd2-41d1-bd82-1bc2f6264f2b-IGH  *
1067  C  56    6  *  *  *  *  *  87d8af02-7cc4-4b6d-969f-83d57045fe75-IGH  *
1023  C  12    6  *  *  *  *  *  075585d7-abe2-4974-ab42-4c5b9bfe71c9-IGH  *
1025  C  14    6  *  *  *  *  *  0b66c656-3e6d-4ec0-8ec3-2edd49538a82-IGH  *
1035  C  24    5  *  *  *  *  *  2765aa36-ebc6-4bac-96ab-f68c8319bfa5-IGH  *
1020  C   9    4  *  *  *  *  *  04532f34-6e2a-4aab-96f0-703f360928b6-IGH  *
1015  C   4    4  *  *  *  *  *  020c2e4f-5205-4115-839c-f4c711dfe9cb-IGH  *
1026  C  15    4  *  *  *  *  *  1153cf2e-0a3f-49ac-a37c-b0ea540a0b75-IGH  *
1040  C  29    4  *  *  *  *  *  336b34bb-064b-4793-844c-34c208dc09c9-IGH  *
Clusters Ordened By clusters lenght: 
Empty DataFrame
Columns: [0, 1, 2, 3, 4, 5, 6, 7, 8, 9]
Index: []
Clusters Ordened By clusters lenght: 
Empty DataFrame
Columns: [0, 1, 2, 3, 4, 5, 6, 7, 8, 9]
Index: []
Clusters Ordened By clusters lenght: 
Empty DataFrame
Columns: [0, 1, 2, 3, 4, 5, 6, 7, 8, 9]
Index: []
Clusters Ordened By clusters lenght: 
Empty DataFrame
Columns: [0, 1, 2, 3, 4, 5, 6, 7, 8, 9]
Index: []
Clusters Ordened By clusters lenght: 
    0   1   2  3  4  5  6  7                                         8  9
62  C  12  14  *  *  *  *  *  07290105-beaf-4f1a-bf64-aa04a3721c17-IGH  *
65  C  15   4  *  *  *  *  *  270becaa-75e4-43f8-a86e-e90e8095695e-IGH  *
Clusters Ordened By clusters lenght: 
Empty DataFrame
Columns: [0, 1, 2, 3, 4, 5, 6, 7, 8, 9]
Index: []
Clusters Ordened By clusters lenght: 
     0    1  2  3  4  5  6  7                                         8  9
711  C  302  8  *  *  *  *  *  1e240e81-13c2-4511-b2dc-a72dac6a6610-IGH  *
439  C   30  5  *  *  *  *  *  177b51e6-d4b8-4386-a6fd-f3a4b9858d94-IGH  *
712  C  303  5  *  *  *  *  *  2337cbb8-6c09-45a8-815c-bddeaf8fa79d-IGH  *
Clusters Ordened By clusters lenght: 
Empty DataFrame
Columns: [0, 1, 2, 3, 4, 5, 6, 7, 8, 9]
Index: []
Clusters Ordened By clusters lenght: 
     0  1   2  3  4  5  6  7                                         8  9
138  C  1  63  *  *  *  *  *  01707a8f-4042-4c85-9f82-77acaf6e4971-IGH  *
137  C  0  28  *  *  *  *  *  00a1d77d-9800-4815-960f-7e4267308005-IGH  *
Clusters Ordened By clusters lenght: 
Empty DataFrame
Columns: [0, 1, 2, 3, 4, 5, 6, 7, 8, 9]
Index: []
Clusters Ordened By clusters lenght: 
    0   1  2  3  4  5  6  7                                         8  9
72  C  28  5  *  *  *  *  *  17534f13-9c24-4251-8b92-68c2eebd54aa-IGH  *
53  C   9  4  *  *  *  *  *  39abdd19-9d9d-42ee-9bd2-4e5662c4088b-IGH  *
Clusters Ordened By clusters lenght: 
    0   1  2  3  4  5  6  7                                         8  9
85  C  35  4  *  *  *  *  *  409c323a-0a64-4389-9b6f-bfc9c5dfabc6-IGH  *
Clusters Ordened By clusters lenght: 
      0    1   2  3  4  5  6  7                                         8  9
1304  C  414  48  *  *  *  *  *  03eed8cf-03f1-44c7-b30b-b524507f2bcb-IGH  *
1384  C  494  33  *  *  *  *  *  04bdcb5e-151d-40f4-8963-a3b4c67d1885-IGH  *
1162  C  272  15  *  *  *  *  *  15868405-4cda-4019-9af6-87b24a1b4176-IGH  *
1012  C  122   7  *  *  *  *  *  045a5ad8-59a1-4f70-a349-c0d3fcc219a5-IGH  *
1309  C  419   6  *  *  *  *  *  0b229f70-d42b-4bb1-baaa-bbd17796c425-IGH  *
1241  C  351   6  *  *  *  *  *  212cfaaf-609d-40b3-8dfc-7f213102526c-IGH  *
1389  C  499   6  *  *  *  *  *  11d44b65-7a04-4977-87c8-0711e0f2ccee-IGH  *
1189  C  299   6  *  *  *  *  *  61eb03a0-1faa-48b0-858f-401cb4a193c2-IGH  *
1078  C  188   5  *  *  *  *  *  09a6b02f-733f-45fc-bd30-23b0d8951a22-IGH  *
1238  C  348   5  *  *  *  *  *  12df5500-9dd1-441d-91d9-232b2a710e3a-IGH  *
1393  C  503   5  *  *  *  *  *  1d868845-9508-43d5-befa-3115372ce334-IGH  *
1311  C  421   5  *  *  *  *  *  0f7dbab1-10aa-4cc1-b6b3-64bf653fc60a-IGH  *
1154  C  264   4  *  *  *  *  *  01489874-13a7-4d06-9ea8-39e97a4e362a-IGH  *
1316  C  426   4  *  *  *  *  *  2131f633-4de8-425f-8fd8-c7d173e8c7fc-IGH  *
1314  C  424   4  *  *  *  *  *  1706cb2d-ea10-4c7f-846b-8b4d37c07707-IGH  *
1396  C  506   4  *  *  *  *  *  2b5b44ba-7812-4d7e-9d7a-c787aebbe3be-IGH  *
1405  C  515   4  *  *  *  *  *  4f9f1bf9-c951-4491-8ab1-eddc64786a30-IGH  *
1472  C  582   4  *  *  *  *  *  3370fe2b-507d-4174-b789-f849e39f714c-IGH  *
Clusters Ordened By clusters lenght: 
     0    1   2  3  4  5  6  7                                         8  9
341  C   44  16  *  *  *  *  *  0906a5d7-3778-446a-a5f9-f8d821b3bdfe-IGH  *
300  C    3   7  *  *  *  *  *  643a22f5-5d9e-4ff9-8381-fb68c645a915-IGH  *
499  C  202   5  *  *  *  *  *  1874bd50-6782-4767-bb03-fa083b083640-IGH  *
317  C   20   4  *  *  *  *  *  21f30a30-abd3-4919-a04a-b972364d6d48-IGH  *
306  C    9   4  *  *  *  *  *  acd97787-b56e-423e-bc6f-138ea9f41831-IGH  *
326  C   29   4  *  *  *  *  *  517178bf-aaa8-454d-8af6-c4b74c244f0a-IGH  *
344  C   47   4  *  *  *  *  *  20fedc94-ec9a-49d1-bde2-84f438cbdda8-IGH  *
439  C  142   4  *  *  *  *  *  0adbb5be-69f4-4440-8203-b86b8a692192-IGH  *
517  C  220   4  *  *  *  *  *  0e7b671c-49d0-4df2-bd54-32222e0c6d08-IGH  *
Clusters Ordened By clusters lenght: 
   0  1  2  3  4  5  6  7                                         8  9
9  C  0  8  *  *  *  *  *  0aff93ca-822a-4bf3-9c07-47c5b038d15e-IGH  *
Clusters Ordened By clusters lenght: 
     0    1   2  3  4  5  6  7                                         8  9
777  C  284  45  *  *  *  *  *  00b74d00-0c72-4540-acfc-b04e57a25c58-IGH  *
576  C   83  19  *  *  *  *  *  0285ba79-5672-47b1-9b79-639c48f96a7a-IGH  *
785  C  292   8  *  *  *  *  *  1b3625b4-ffe2-410c-b182-48121a9377db-IGH  *
834  C  341   8  *  *  *  *  *  135f0d51-4ed8-47bd-bdbf-0f71fcb3c1b2-IGH  *
Clusters Ordened By clusters lenght: 
Empty DataFrame
Columns: [0, 1, 2, 3, 4, 5, 6, 7, 8, 9]
Index: []
Clusters Ordened By clusters lenght: 
Empty DataFrame
Columns: [0, 1, 2, 3, 4, 5, 6, 7, 8, 9]
Index: []
Clusters Ordened By clusters lenght: 
     0    1   2  3  4  5  6  7                                         8  9
381  C   12  86  *  *  *  *  *  07edd8b0-1793-4d05-90c7-32376818d453-IGH  *
486  C  117  14  *  *  *  *  *  2ca5ec2e-5953-4e5e-9e8c-33b7a527bc83-IGH  *
538  C  169  11  *  *  *  *  *  122c66bd-e456-495e-bbab-d01681811074-IGH  *
382  C   13  10  *  *  *  *  *  08d777e0-b058-4dd2-8a80-9ffa4e8b4713-IGH  *
581  C  212   4  *  *  *  *  *  7657cfbb-b4f3-4b17-b9ad-d1adfad20248-IGH  *
Clusters Ordened By clusters lenght: 
Empty DataFrame
Columns: [0, 1, 2, 3, 4, 5, 6, 7, 8, 9]
Index: []
Clusters Ordened By clusters lenght: 
     0    1   2  3  4  5  6  7                                         8  9
483  C  122  11  *  *  *  *  *  2cb43f1a-4280-486c-8163-84a8148cc02b-IGH  *
427  C   66   5  *  *  *  *  *  2d5b9a6d-1741-4332-ab8a-2285fbf50c01-IGH  *
564  C  203   5  *  *  *  *  *  4f3924d0-cb4a-429b-8590-63792c2fabcc-IGH  *
418  C   57   4  *  *  *  *  *  08b974a4-f8ae-49b9-bcc2-28a8da860176-IGH  *
Clusters Ordened By clusters lenght: 
Empty DataFrame
Columns: [0, 1, 2, 3, 4, 5, 6, 7, 8, 9]
Index: []
Clusters Ordened By clusters lenght: 
     0   1   2  3  4  5  6  7                                         8  9
150  C  28  40  *  *  *  *  *  017969da-ac20-4733-ab59-40f424c4daa2-IGH  *
161  C  39   7  *  *  *  *  *  67d87f9e-69b5-4054-9ccb-3a317ae8f6f2-IGH  *
152  C  30   6  *  *  *  *  *  0a30d7aa-566e-413d-9346-4ecb4f16f9f1-IGH  *
134  C  12   4  *  *  *  *  *  5119e048-34ad-45f0-9487-4cb6d945b79d-IGH  *
Clusters Ordened By clusters lenght: 
     0   1  2  3  4  5  6  7                                         8  9
145  C  47  8  *  *  *  *  *  0587b32b-7ea3-4e6a-adc2-d3ac5f5f9b59-IGH  *
Clusters Ordened By clusters lenght: 
     0    1   2  3  4  5  6  7                                         8  9
464  C    0  39  *  *  *  *  *  024ccea4-49e4-4672-9e8d-af20e5b48ee0-IGH  *
575  C  111  30  *  *  *  *  *  02313990-ce80-4e34-a4a9-728b567f2c23-IGH  *
663  C  199  23  *  *  *  *  *  026a49a3-72e4-44ad-ac22-9b5d5f9f63c9-IGH  *
521  C   57  13  *  *  *  *  *  018346c2-d254-42c5-a5a6-64f51f94e05b-IGH  *
664  C  200  11  *  *  *  *  *  04aa9c8b-e9b0-4f09-9c7a-561836a2d989-IGH  *
675  C  211  10  *  *  *  *  *  28faa6c6-0564-4110-a3e4-baf61be5e775-IGH  *
676  C  212   7  *  *  *  *  *  2b9b0920-659e-44df-be50-910870828066-IGH  *
670  C  206   6  *  *  *  *  *  1710acc3-7d50-40d0-80e4-2c3b4d5d2793-IGH  *
499  C   35   6  *  *  *  *  *  06690edd-1cb4-4108-9e75-f130f1d347f1-IGH  *
580  C  116   5  *  *  *  *  *  15537c87-1e0f-40b8-a3a3-a594eafbfa71-IGH  *
485  C   21   4  *  *  *  *  *  3a611679-5526-4851-98b1-9585874453ed-IGH  *
593  C  129   4  *  *  *  *  *  40183fff-3b36-4a58-bbc8-873c92cc7dbe-IGH  *
669  C  205   4  *  *  *  *  *  12fabf58-2f07-4d6d-ac2d-bb880e6f9a73-IGH  *
Clusters Ordened By clusters lenght: 
      0    1     2  3  4  5  6  7                                         8  9
5620  C   11  3141  *  *  *  *  *  538a24ba-73eb-4c2d-abe8-13e8f7287e1d-IGH  *
5621  C   12   854  *  *  *  *  *  00017fee-a3a4-404e-b48d-1f85e12234fe-IGH  *
5622  C   13   591  *  *  *  *  *  006dd693-d0f2-46b9-a199-9eac257d238f-IGH  *
5637  C   28   110  *  *  *  *  *  048a2ffb-401b-4c2f-b65a-bea6e30b74ba-IGH  *
5641  C   32   106  *  *  *  *  *  05ae88ab-91e5-4c6e-aa65-0a2ad81336fa-IGH  *
5749  C  140    37  *  *  *  *  *  4932a412-0bcc-4d64-828b-4dd84f641e2f-IGH  *
5626  C   17    28  *  *  *  *  *  00ded307-c1a9-4dc6-b6bd-5015f15a7caa-IGH  *
5799  C  190    22  *  *  *  *  *  8a2e0fee-4e71-42c8-883b-fd8bfb08715e-IGH  *
5639  C   30    21  *  *  *  *  *  0596e91c-375e-45a5-8b68-af8b3d301b5d-IGH  *
5649  C   40    19  *  *  *  *  *  093b6a87-6dac-439a-b88a-1124296f68f3-IGH  *
5681  C   72    19  *  *  *  *  *  174f1549-465b-4efe-9337-433326576ded-IGH  *
5628  C   19    19  *  *  *  *  *  02f7ce30-1a0a-40cf-9323-868e1abdf0cc-IGH  *
5662  C   53    18  *  *  *  *  *  0ed9897c-5e3b-4f88-946a-b8f583b37541-IGH  *
5652  C   43    17  *  *  *  *  *  0a6dbcc9-3783-4fd8-94f1-94692e9f9bdc-IGH  *
5627  C   18    17  *  *  *  *  *  014f1949-c9b6-42a8-9505-1f882efcc23d-IGH  *
5675  C   66    16  *  *  *  *  *  134632ea-e33f-4d8e-bd6d-f81e1ea5a4db-IGH  *
5688  C   79    15  *  *  *  *  *  1afa75ba-cfd2-4fc1-9410-a9cffdf04197-IGH  *
5664  C   55    15  *  *  *  *  *  0ef34f35-4679-445c-aa56-6b030d4be5a1-IGH  *
5677  C   68    15  *  *  *  *  *  1375edf3-3034-4591-b777-c40c2e85d45b-IGH  *
5668  C   59    12  *  *  *  *  *  10d3b4bb-86a0-4466-9550-75cf607f3ded-IGH  *
5655  C   46    11  *  *  *  *  *  0c0fd505-482a-42cc-aaf3-8e8a83126b12-IGH  *
5656  C   47    10  *  *  *  *  *  0cfac95d-c04d-42ae-a766-d8af2f50b6c2-IGH  *
5717  C  108    10  *  *  *  *  *  2f1407ed-1989-4fe8-91ec-48508ed52a39-IGH  *
5697  C   88     9  *  *  *  *  *  1e96e2f7-137c-49ad-af09-f1b7131c4b4d-IGH  *
5691  C   82     9  *  *  *  *  *  1c42024e-904d-4eb0-8e4b-0e3f4a2f9002-IGH  *
5657  C   48     9  *  *  *  *  *  0d140cc8-5ed1-452a-981f-4d63cf8f62e9-IGH  *
5625  C   16     9  *  *  *  *  *  00a8c88f-6274-4699-9709-eb36878d4a03-IGH  *
5726  C  117     8  *  *  *  *  *  382bb15f-cbab-498c-877b-704b8149d7c4-IGH  *
5734  C  125     8  *  *  *  *  *  3f333bfe-d921-4277-8a5d-a2ba4a0f0759-IGH  *
5751  C  142     8  *  *  *  *  *  49c5ed50-7d12-4514-89f2-95a633ba4784-IGH  *
5744  C  135     7  *  *  *  *  *  453a26b0-68d1-4c52-a889-f890450091e0-IGH  *
5770  C  161     7  *  *  *  *  *  5c9ad7ae-e616-49bb-bcbb-509c582151b3-IGH  *
5699  C   90     7  *  *  *  *  *  20d07190-771a-47de-a739-c9e74ce3273e-IGH  *
5647  C   38     7  *  *  *  *  *  090280f9-c1d5-4b37-ad38-4280a13df8b1-IGH  *
5678  C   69     6  *  *  *  *  *  143eb243-c393-4181-8243-46215e76f281-IGH  *
5746  C  137     6  *  *  *  *  *  483ff331-66d3-4624-92b0-343837f9ee1a-IGH  *
5710  C  101     6  *  *  *  *  *  2a1c30da-ddfd-45a2-971b-cee1f28e9652-IGH  *
5707  C   98     6  *  *  *  *  *  27f59fd0-f47a-40fd-9fa4-9b3e0a054c56-IGH  *
5701  C   92     6  *  *  *  *  *  2122761e-9e6e-43bb-9cce-97b2f047d330-IGH  *
5759  C  150     5  *  *  *  *  *  51128324-2f44-4a54-9111-cc96ffd07eb9-IGH  *
5645  C   36     5  *  *  *  *  *  08000315-c2c3-4bfb-a193-f44ad7b7dd06-IGH  *
5640  C   31     5  *  *  *  *  *  05a59fed-b656-48d3-a2fd-104d44e2dec0-IGH  *
5738  C  129     5  *  *  *  *  *  433aeb33-7c10-40e8-a497-1fe3fe591695-IGH  *
5728  C  119     5  *  *  *  *  *  39f4017c-87ed-4610-a893-7f9a185f40bc-IGH  *
5692  C   83     5  *  *  *  *  *  1c42b688-53be-4577-9356-3b89bb44af23-IGH  *
5646  C   37     4  *  *  *  *  *  0898c3ad-6ba5-4b5e-9f58-a961e4797165-IGH  *
5648  C   39     4  *  *  *  *  *  091b5ba8-9f71-43fe-9b5f-4ee191a048bf-IGH  *
5633  C   24     4  *  *  *  *  *  0450e039-1f8b-4e42-ab0d-182bb904d5d3-IGH  *
5669  C   60     4  *  *  *  *  *  11e712bd-7abc-48eb-a0d5-97a1dc21eaca-IGH  *
5694  C   85     4  *  *  *  *  *  1cc79dae-0945-43a7-bb25-5b795f64b126-IGH  *
5709  C  100     4  *  *  *  *  *  28a8e219-5df5-4245-922c-0fa5dc926e43-IGH  *
5767  C  158     4  *  *  *  *  *  5a988ad6-63e6-40aa-b78c-7a7f56914340-IGH  *
5765  C  156     4  *  *  *  *  *  55a3b304-384e-4dd3-9d39-1a863466a6d9-IGH  *
Clusters Ordened By clusters lenght: 
   0  1  2  3  4  5  6  7                                         8  9
9  C  0  4  *  *  *  *  *  2fc4b988-f2d7-4944-8d6b-dec4482088fd-IGH  *
Clusters Ordened By clusters lenght: 
Empty DataFrame
Columns: [0, 1, 2, 3, 4, 5, 6, 7, 8, 9]
Index: []
Clusters Ordened By clusters lenght: 
    0  1   2  3  4  5  6  7                                         8  9
14  C  0  10  *  *  *  *  *  41f351cc-30c0-468e-8171-eebe797dbf7c-IGH  *
Clusters Ordened By clusters lenght: 
   0  1  2  3  4  5  6  7                                         8  9
9  C  1  4  *  *  *  *  *  306eb1f5-1d04-40b5-9753-c8fa7a55912d-IGH  *
Clusters Ordened By clusters lenght: 
    0  1   2  3  4  5  6  7                                         8  9
18  C  2  10  *  *  *  *  *  305c370e-f1da-4764-88ac-abadca7836b0-IGH  *
Clusters Ordened By clusters lenght: 
      0    1   2  3  4  5  6  7                                         8  9
1498  C  583  11  *  *  *  *  *  0d6bd729-98df-4e76-bc5d-f4f893627c74-IGH  *
963   C   48  10  *  *  *  *  *  02c48faa-39f5-4d1f-b077-1283735bac31-IGH  *
1463  C  548   9  *  *  *  *  *  16773bac-4a27-488e-b8a8-5a66a9034df7-IGH  *
1502  C  587   8  *  *  *  *  *  18d8254c-da10-4f11-97ff-fa3fe5ef66cb-IGH  *
1269  C  354   8  *  *  *  *  *  239071e0-ffb1-47a2-a02d-37ebfbf70911-IGH  *
1371  C  456   7  *  *  *  *  *  02be5b31-0285-428e-8fe0-701ad8ca1f8e-IGH  *
1191  C  276   6  *  *  *  *  *  2b56044f-5c3e-4bb3-b7a3-ef1a66b15e41-IGH  *
1181  C  266   6  *  *  *  *  *  01e80439-ecce-40db-9351-a7fe8bea0777-IGH  *
1458  C  543   6  *  *  *  *  *  00ca012d-2f2b-4cf1-9250-f92d8df30736-IGH  *
1093  C  178   5  *  *  *  *  *  042aef5e-d0f7-431c-bb0e-a45732d37dd7-IGH  *
1099  C  184   5  *  *  *  *  *  0c5d5b9e-0068-4966-90a2-48c8edcea4a0-IGH  *
1378  C  463   5  *  *  *  *  *  1f06ecaa-74a8-42be-bf0d-e3090aefb868-IGH  *
1196  C  281   5  *  *  *  *  *  36f2c79d-0a78-44b6-8116-18712f88f805-IGH  *
1333  C  418   5  *  *  *  *  *  4ef0f8d6-d945-4c90-acfd-d19b5d3d88e4-IGH  *
1258  C  343   5  *  *  *  *  *  026a3f57-fac0-4177-8e51-410d4cf5c5a5-IGH  *
1019  C  104   4  *  *  *  *  *  06ec96ee-bace-4241-ad2b-0b2cf4003a9e-IGH  *
1384  C  469   4  *  *  *  *  *  33f1e253-e637-42fa-9e6f-9050bee49269-IGH  *
1264  C  349   4  *  *  *  *  *  1255e129-85b1-485c-9705-d12d2bed9e7e-IGH  *
1327  C  412   4  *  *  *  *  *  3bd30abb-abd2-48fe-a5a7-4f8a2e83f959-IGH  *
1459  C  544   4  *  *  *  *  *  02ab0b0e-ffb9-4ccb-98c3-4355708882f7-IGH  *
1432  C  517   4  *  *  *  *  *  447ae312-984d-4179-9012-a844ddd8b6ef-IGH  *
1514  C  599   4  *  *  *  *  *  33534395-dd63-46d0-a043-e0c832e61bcf-IGH  *
1559  C  644   4  *  *  *  *  *  2568418b-cd3e-4147-819b-2836fcdbb7ef-IGH  *
Clusters Ordened By clusters lenght: 
Empty DataFrame
Columns: [0, 1, 2, 3, 4, 5, 6, 7, 8, 9]
Index: []
Clusters Ordened By clusters lenght: 
Empty DataFrame
Columns: [0, 1, 2, 3, 4, 5, 6, 7, 8, 9]
Index: []
Clusters Ordened By clusters lenght: 
     0    1  2  3  4  5  6  7                                         8  9
529  C   40  7  *  *  *  *  *  21c42d13-5837-425b-a667-f6c21d90bcdb-IGH  *
685  C  196  7  *  *  *  *  *  7ccfef07-9739-4366-9082-7446f6efbb8f-IGH  *
837  C  348  6  *  *  *  *  *  4da35165-6adc-4886-8519-bd7c88296928-IGH  *
567  C   78  6  *  *  *  *  *  2da4ef95-7440-4849-b115-d81ef56c74f6-IGH  *
721  C  232  5  *  *  *  *  *  26433f4a-b5f7-424e-aef3-816e12944f7b-IGH  *
491  C    2  5  *  *  *  *  *  63324b41-aad4-4947-ac02-e003c3f4a52b-IGH  *
490  C    1  4  *  *  *  *  *  5ac0ae79-e012-4c8b-a35f-de8d75ebddac-IGH  *
628  C  139  4  *  *  *  *  *  5f31fbca-026b-40fc-8974-5878d876b6cf-IGH  *
714  C  225  4  *  *  *  *  *  01b7c39e-56e2-45c0-9375-b0282a159651-IGH  *
727  C  238  4  *  *  *  *  *  45a319d1-0103-4593-9e02-484726d58053-IGH  *
833  C  344  4  *  *  *  *  *  27a1e875-6da0-41c3-912b-603a37c7ca15-IGH  *
856  C  367  4  *  *  *  *  *  4434acac-5f80-46d8-8341-a086d2f990b2-IGH  *
Clusters Ordened By clusters lenght: 
   0  1  2  3  4  5  6  7                                         8  9
5  C  0  5  *  *  *  *  *  1be8f9fd-934e-467b-bc3b-b1324a18c3f3-IGH  *
Clusters Ordened By clusters lenght: 
     0   1   2  3  4  5  6  7                                         8  9
166  C  60  19  *  *  *  *  *  07b05331-9619-4496-8b90-8531fa2b13e1-IGH  *
Clusters Ordened By clusters lenght: 
     0   1  2  3  4  5  6  7                                         8  9
138  C  48  8  *  *  *  *  *  10a3026c-a72d-4e87-a7a9-d502a6ba5c0f-IGH  *
90   C   0  6  *  *  *  *  *  17abe642-ca27-4634-a92f-46faa8bbc3ff-IGH  *
132  C  42  6  *  *  *  *  *  4991480a-3565-414d-b0ed-0647c5caef91-IGH  *
129  C  39  4  *  *  *  *  *  095d3b67-9658-4c29-9e51-1df796ade41d-IGH  *
144  C  54  4  *  *  *  *  *  47262c25-ce23-4978-8c9d-9ec86406f28f-IGH  *
Clusters Ordened By clusters lenght: 
    0  1  2  3  4  5  6  7                                         8  9
14  C  1  4  *  *  *  *  *  40e08fe6-da7c-4b62-8530-2d8d70bc543b-IGH  *
Clusters Ordened By clusters lenght: 
    0  1  2  3  4  5  6  7                                         8  9
12  C  1  6  *  *  *  *  *  16bcd380-3508-4792-a176-f0853483d884-IGH  *
Clusters Ordened By clusters lenght: 
     0   1  2  3  4  5  6  7                                         8  9
92   C   5  8  *  *  *  *  *  2822386e-f763-46dc-9a26-4723f97e5bf9-IGH  *
91   C   4  6  *  *  *  *  *  1fe66c2f-930e-4d14-8be5-bcab61670887-IGH  *
146  C  59  4  *  *  *  *  *  3b8c27af-d0e9-4114-9d31-085214602fae-IGH  *
Clusters Ordened By clusters lenght: 
     0    1   2  3  4  5  6  7                                         8  9
653  C  175  49  *  *  *  *  *  01ede1e6-49d1-4cc7-907f-b8b4ea5ff005-IGH  *
674  C  196  17  *  *  *  *  *  2c1ee246-99d8-4feb-bb7e-ba57f8a0c35e-IGH  *
654  C  176   8  *  *  *  *  *  02fbbac5-0af5-4db0-a5ee-93595823a0f6-IGH  *
747  C  269   6  *  *  *  *  *  05a9cd67-99c1-432c-bfce-1164271ed106-IGH  *
492  C   14   6  *  *  *  *  *  046f349c-6720-4548-a9fe-e7822679be23-IGH  *
551  C   73   4  *  *  *  *  *  108d52e4-373e-4318-90b9-2f3facad1568-IGH  *
682  C  204   4  *  *  *  *  *  4c590094-525e-48ed-9231-c498096f62ce-IGH  *
Clusters Ordened By clusters lenght: 
   0  1  2  3  4  5  6  7                                         8  9
9  C  0  4  *  *  *  *  *  0516c7c6-cc93-460f-8147-1b485b100f30-IGH  *
Clusters Ordened By clusters lenght: 
      0    1   2  3  4  5  6  7                                         8  9
654   C    0  11  *  *  *  *  *  1698353b-290a-465d-9af5-3914c8cb9d9b-IGH  *
847   C  193   9  *  *  *  *  *  07060329-bac6-4c51-9339-11f276a131d3-IGH  *
1129  C  475   9  *  *  *  *  *  0986781e-32a4-47e9-bc1a-f053ee7abae6-IGH  *
1088  C  434   7  *  *  *  *  *  01262f05-748c-40c7-b7f8-b3b2ca05ba8b-IGH  *
760   C  106   7  *  *  *  *  *  3078506f-0d31-409f-9607-ea7d8c82739e-IGH  *
1031  C  377   5  *  *  *  *  *  1beb2dfc-4bb0-40b6-b826-97edd97ac1d5-IGH  *
1132  C  478   5  *  *  *  *  *  17a814b8-6b6a-4a44-b5aa-cdc646c04c92-IGH  *
973   C  319   4  *  *  *  *  *  2dfac890-e72d-45d8-a1f4-e892b707b854-IGH  *
968   C  314   4  *  *  *  *  *  0ad89a39-e1a3-4197-b488-024a01630c43-IGH  *
907   C  253   4  *  *  *  *  *  2249bf2b-8934-45cd-a3e8-4f5721b86e49-IGH  *
1037  C  383   4  *  *  *  *  *  2fe01653-d31f-4478-bdc8-c94fef531017-IGH  *
1107  C  453   4  *  *  *  *  *  5bf61900-6813-490e-8045-3ef24498c851-IGH  *
1091  C  437   4  *  *  *  *  *  044228e3-fb8c-4840-ba98-0189b696a90f-IGH  *
1131  C  477   4  *  *  *  *  *  167cb71e-a90b-430c-bac2-3d76551b5f5d-IGH  *
1136  C  482   4  *  *  *  *  *  40f881e8-39a1-406a-95ab-81aacb657b46-IGH  *
Clusters Ordened By clusters lenght: 
Empty DataFrame
Columns: [0, 1, 2, 3, 4, 5, 6, 7, 8, 9]
Index: []
Clusters Ordened By clusters lenght: 
Empty DataFrame
Columns: [0, 1, 2, 3, 4, 5, 6, 7, 8, 9]
Index: []
Clusters Ordened By clusters lenght: 
Empty DataFrame
Columns: [0, 1, 2, 3, 4, 5, 6, 7, 8, 9]
Index: []
Clusters Ordened By clusters lenght: 
Empty DataFrame
Columns: [0, 1, 2, 3, 4, 5, 6, 7, 8, 9]
Index: []
Clusters Ordened By clusters lenght: 
Empty DataFrame
Columns: [0, 1, 2, 3, 4, 5, 6, 7, 8, 9]
Index: []
Clusters Ordened By clusters lenght: 
Empty DataFrame
Columns: [0, 1, 2, 3, 4, 5, 6, 7, 8, 9]
Index: []
Clusters Ordened By clusters lenght: 
Empty DataFrame
Columns: [0, 1, 2, 3, 4, 5, 6, 7, 8, 9]
Index: []
Clusters Ordened By clusters lenght: 
     0   1    2  3  4  5  6  7                                         8  9
321  C   2  201  *  *  *  *  *  013b1485-a932-480d-b0ee-f06411e09373-IGH  *
337  C  18   14  *  *  *  *  *  42837a69-5f8c-486b-bf20-762da2bc3f51-IGH  *
329  C  10    9  *  *  *  *  *  19031057-da79-4fd4-9cef-ea1c439fbeee-IGH  *
331  C  12    5  *  *  *  *  *  1ef36e53-2db4-4d23-92a3-300204d4a2dc-IGH  *
330  C  11    5  *  *  *  *  *  1e38d406-b615-464a-a3f9-edde632b5e0c-IGH  *
327  C   8    4  *  *  *  *  *  12852baa-6297-4546-bbf7-bd4f53108a8b-IGH  *
342  C  23    4  *  *  *  *  *  5824cad8-f9e5-431f-9e5d-0b3307a9ceb6-IGH  *
Clusters Ordened By clusters lenght: 
    0  1  2  3  4  5  6  7                                         8  9
14  C  3  7  *  *  *  *  *  19369d8c-235b-4cfd-be8e-c7f0dd157b9d-IGH  *
Clusters Ordened By clusters lenght: 
   0  1  2  3  4  5  6  7                                         8  9
6  C  0  5  *  *  *  *  *  3ab148b9-abb8-4bb9-952f-1a2746021650-IGH  *
Clusters Ordened By clusters lenght: 
Empty DataFrame
Columns: [0, 1, 2, 3, 4, 5, 6, 7, 8, 9]
Index: []
Clusters Ordened By clusters lenght: 
     0   1  2  3  4  5  6  7                                         8  9
162  C  44  4  *  *  *  *  *  0608945c-7cfc-43d6-87f0-bbf9d04fc437-IGH  *
168  C  50  4  *  *  *  *  *  223d8d58-9388-4b7f-ac1b-f27da4c252fd-IGH  *
Clusters Ordened By clusters lenght: 
    0  1  2  3  4  5  6  7                                         8  9
14  C  1  5  *  *  *  *  *  31daaa84-fca5-424a-ae34-88a07acc316f-IGH  *
Clusters Ordened By clusters lenght: 
    0  1  2  3  4  5  6  7                                         8  9
21  C  4  5  *  *  *  *  *  33e70f47-3030-43ae-8661-7db1d1989ae3-IGH  *
Clusters Ordened By clusters lenght: 
    0  1   2  3  4  5  6  7                                         8  9
53  C  0  44  *  *  *  *  *  0c08c8c1-a4e5-46bf-bdb8-5e82dcd2f168-IGH  *
Clusters Ordened By clusters lenght: 
Empty DataFrame
Columns: [0, 1, 2, 3, 4, 5, 6, 7, 8, 9]
Index: []
Clusters Ordened By clusters lenght: 
Empty DataFrame
Columns: [0, 1, 2, 3, 4, 5, 6, 7, 8, 9]
Index: []
Clusters Ordened By clusters lenght: 
     0    1   2  3  4  5  6  7                                         8  9
867  C  350  15  *  *  *  *  *  05389c14-56e0-4edc-b6c7-ff7d52e98ab8-IGH  *
842  C  325   6  *  *  *  *  *  47c03785-19f1-4276-a2b5-8697e748bd16-IGH  *
674  C  157   5  *  *  *  *  *  4c13d37c-9951-47ef-8f7b-8bcb90a1a7ef-IGH  *
876  C  359   5  *  *  *  *  *  482a7293-7046-44f7-b195-3801037a0530-IGH  *
805  C  288   4  *  *  *  *  *  8b672ecc-6d96-4e36-834c-d192c19f2db1-IGH  *
671  C  154   4  *  *  *  *  *  454f545d-b198-4ba9-b232-4a6aa1cc5515-IGH  *
734  C  217   4  *  *  *  *  *  3da93452-c37d-4cf1-92e5-70fae97bde51-IGH  *
778  C  261   4  *  *  *  *  *  119f317e-0611-4aa5-9b4a-7d4488f7d8cb-IGH  *
830  C  313   4  *  *  *  *  *  0d81869e-c113-4b4e-998e-4ead363717fb-IGH  *
827  C  310   4  *  *  *  *  *  092d122c-8c72-40e4-a296-2acc3715f59b-IGH  *
806  C  289   4  *  *  *  *  *  9771df97-b80e-42bf-95ee-925411ec2236-IGH  *
835  C  318   4  *  *  *  *  *  17c0602c-a134-4634-88ae-7f06945de53d-IGH  *
850  C  333   4  *  *  *  *  *  8b344e13-49c6-40d9-b9f0-117b22f9efa4-IGH  *
836  C  319   4  *  *  *  *  *  1d3fc2a6-b9e7-415c-8f41-ab46d9b1cb3c-IGH  *
870  C  353   4  *  *  *  *  *  18b4b83a-de99-4cea-b5ae-fbfe77b01279-IGH  *
893  C  376   4  *  *  *  *  *  0c35b612-d5c8-426a-b11c-4e9a09e6a282-IGH  *
Clusters Ordened By clusters lenght: 
Empty DataFrame
Columns: [0, 1, 2, 3, 4, 5, 6, 7, 8, 9]
Index: []
Clusters Ordened By clusters lenght: 
      0     1   2  3  4  5  6  7                                         8  9
2981  C  1077  21  *  *  *  *  *  02e13010-859d-4335-b594-d1a968d945d4-IGH  *
2977  C  1073  10  *  *  *  *  *  01f0f952-c3cf-418c-9319-949fac572128-IGH  *
2259  C   355  10  *  *  *  *  *  20773494-946d-41b4-bc5d-6ff11c0ba934-IGH  *
2237  C   333   9  *  *  *  *  *  0178b419-0bdb-4f51-a509-62b6d48e5d26-IGH  *
2668  C   764   9  *  *  *  *  *  0c9f0806-21be-4b2a-8dc9-bf12247cb737-IGH  *
2706  C   802   7  *  *  *  *  *  23a9fe4b-8852-4023-aaa9-86115113a9d9-IGH  *
3133  C  1229   7  *  *  *  *  *  5a9f402d-f473-469b-940d-eb2529517e20-IGH  *
3021  C  1117   7  *  *  *  *  *  19feec96-997c-430f-993d-17439f2dd472-IGH  *
2250  C   346   7  *  *  *  *  *  12d1f91d-567f-4bc2-a8b4-8633dc112b92-IGH  *
2139  C   235   6  *  *  *  *  *  381d7c7d-6a0c-4bc3-a476-5cca8fec7e8e-IGH  *
2517  C   613   5  *  *  *  *  *  5bd6c106-7fc7-415a-ab97-af4077a8fa80-IGH  *
3086  C  1182   5  *  *  *  *  *  3f2328cd-09c2-4a47-86b7-f24359d41466-IGH  *
3171  C  1267   5  *  *  *  *  *  6c728526-f9e7-4ee6-8b53-f9b0b1d007c4-IGH  *
2615  C   711   4  *  *  *  *  *  dd128e9e-b419-4c7f-8553-78aac65237cf-IGH  *
2470  C   566   4  *  *  *  *  *  30249c06-5539-4904-9638-67cf55123a50-IGH  *
2018  C   114   4  *  *  *  *  *  0143c92a-7655-4dca-92d3-dc67b58a030d-IGH  *
2058  C   154   4  *  *  *  *  *  5523b6ca-907d-414b-a153-42891504fae1-IGH  *
2434  C   530   4  *  *  *  *  *  0df0495b-2a27-41b2-95e9-7c3c5fa65a10-IGH  *
2163  C   259   4  *  *  *  *  *  6dbe9c32-0345-4c1c-b0d1-23744c93b754-IGH  *
2984  C  1080   4  *  *  *  *  *  06561a4b-8477-4a30-bcf9-8305c7a56b9e-IGH  *
2732  C   828   4  *  *  *  *  *  364711f1-8127-44d6-83d1-11e7d5d80ee9-IGH  *
2674  C   770   4  *  *  *  *  *  0e6a8a12-843b-47a7-b0c6-41b3e727ed88-IGH  *
2695  C   791   4  *  *  *  *  *  1c07a3a6-a3ba-436e-ab5e-155e01e694e0-IGH  *
3059  C  1155   4  *  *  *  *  *  302163ee-215b-42b4-a0ea-1c373052adc0-IGH  *
3035  C  1131   4  *  *  *  *  *  223c12dd-df24-4f34-874f-e5552b3ca558-IGH  *
3100  C  1196   4  *  *  *  *  *  4a630697-589c-4512-9f82-f7c6ed861dd1-IGH  *
3197  C  1293   4  *  *  *  *  *  7ad1037d-91a1-4d57-b05f-fc2c6dff0370-IGH  *
Clusters Ordened By clusters lenght: 
    0  1   2  3  4  5  6  7                                         8  9
12  C  0  10  *  *  *  *  *  0704b825-abe3-40f9-85c2-9f95efa3a910-IGH  *
Clusters Ordened By clusters lenght: 
Empty DataFrame
Columns: [0, 1, 2, 3, 4, 5, 6, 7, 8, 9]
Index: []
Clusters Ordened By clusters lenght: 
Empty DataFrame
Columns: [0, 1, 2, 3, 4, 5, 6, 7, 8, 9]
Index: []
Clusters Ordened By clusters lenght: 
Empty DataFrame
Columns: [0, 1, 2, 3, 4, 5, 6, 7, 8, 9]
Index: []
Clusters Ordened By clusters lenght: 
     0   1  2  3  4  5  6  7                                         8  9
148  C  66  4  *  *  *  *  *  83d905bb-bbf5-4342-a714-7255933d79c7-IGH  *
Clusters Ordened By clusters lenght: 
     0  1   2  3  4  5  6  7                                         8  9
106  C  3  16  *  *  *  *  *  12320dd5-bb9a-444f-a733-cbd67acc4de4-IGH  *
108  C  5   6  *  *  *  *  *  1f420dab-d5c2-422c-9747-dbac0e063ab6-IGH  *
Clusters Ordened By clusters lenght: 
Empty DataFrame
Columns: [0, 1, 2, 3, 4, 5, 6, 7, 8, 9]
Index: []
Clusters Ordened By clusters lenght: 
     0   1  2  3  4  5  6  7                                         8  9
120  C   3  5  *  *  *  *  *  2da931d9-1bbf-449d-9eaf-bb8d0d4f1810-IGH  *
188  C  71  5  *  *  *  *  *  2d7c7a0c-fba7-4bd6-a759-028cc54a60bf-IGH  *
199  C  82  4  *  *  *  *  *  00934d53-0fc0-41c8-a861-add6a9eac0ca-IGH  *
Clusters Ordened By clusters lenght: 
Empty DataFrame
Columns: [0, 1, 2, 3, 4, 5, 6, 7, 8, 9]
Index: []
Clusters Ordened By clusters lenght: 
Empty DataFrame
Columns: [0, 1, 2, 3, 4, 5, 6, 7, 8, 9]
Index: []
Clusters Ordened By clusters lenght: 
    0  1  2  3  4  5  6  7                                         8  9
25  C  3  7  *  *  *  *  *  49acb317-5a56-4e68-a3a7-8dfac2131144-IGH  *
Clusters Ordened By clusters lenght: 
    0  1   2  3  4  5  6  7                                         8  9
95  C  1  22  *  *  *  *  *  081eac7c-5035-4b51-a7ee-85817d17c48d-IGH  *
Clusters Ordened By clusters lenght: 
      0     1   2  3  4  5  6  7                                         8  9
2694  C  1209  15  *  *  *  *  *  0314a035-6efb-4f17-8ee8-972a7c6c1c7c-IGH  *
1719  C   234  11  *  *  *  *  *  15beab84-5447-42ea-a411-f66e474fb85c-IGH  *
2418  C   933   8  *  *  *  *  *  00a0cd78-9dfe-48bb-9fed-502e066d580b-IGH  *
2430  C   945   8  *  *  *  *  *  17ae5ff0-65d7-45f2-935b-b3023d689b58-IGH  *
1573  C    88   5  *  *  *  *  *  50fe498a-2ae6-49e3-9d09-fed29fc6218e-IGH  *
2108  C   623   4  *  *  *  *  *  03f9bef6-bea6-48c6-b380-b3b78c262419-IGH  *
1759  C   274   4  *  *  *  *  *  49ccf0df-266e-4607-81a4-9d9bcd73c495-IGH  *
1523  C    38   4  *  *  *  *  *  040e8c22-452b-4579-97c2-bbfdcf08d938-IGH  *
2112  C   627   4  *  *  *  *  *  08c4c8c1-3a78-4178-b63a-43701f4a341d-IGH  *
2296  C   811   4  *  *  *  *  *  031ab00c-5278-4134-b836-8b59b0ffbea3-IGH  *
2115  C   630   4  *  *  *  *  *  0c8e66e2-3b08-4a17-beb4-92cfe9a142f8-IGH  *
2557  C  1072   4  *  *  *  *  *  239d70eb-befc-4a67-982c-2b3acae53b1b-IGH  *
2647  C  1162   4  *  *  *  *  *  3cd27269-8239-4d17-b82d-7f9ff66d42ad-IGH  *
Clusters Ordened By clusters lenght: 
     0    1   2  3  4  5  6  7                                         8  9
357  C   75  53  *  *  *  *  *  1ed9042b-1690-40f1-b957-2037bfb4430b-IGH  *
356  C   74   9  *  *  *  *  *  04424047-873d-4b1f-a5ec-fa2a0790eb94-IGH  *
400  C  118   7  *  *  *  *  *  0c76e506-eed4-454f-8e03-061859ef9858-IGH  *
416  C  134   7  *  *  *  *  *  457a6754-5bf1-4464-a7b8-4a7a87c98710-IGH  *
409  C  127   5  *  *  *  *  *  2a179039-b6af-46f7-932b-9e64ec14e7f7-IGH  *
408  C  126   5  *  *  *  *  *  2978db42-4051-4a4f-8ec2-787af676b9a0-IGH  *
397  C  115   5  *  *  *  *  *  0a24fd0e-cff7-4a04-b7bb-d00b7d19dc66-IGH  *
318  C   36   4  *  *  *  *  *  007aa06e-041b-44e6-b9b3-94e4b5f3e7c5-IGH  *
394  C  112   4  *  *  *  *  *  05622101-8c42-4208-8253-4c2fde8e5c0f-IGH  *
406  C  124   4  *  *  *  *  *  2565ec03-9ea1-4f9f-8d23-9a3e9998eb50-IGH  *
423  C  141   4  *  *  *  *  *  7fff7c53-a98f-4251-ac28-3a90224a0f0c-IGH  *
Clusters Ordened By clusters lenght: 
      0     1   2  3  4  5  6  7                                         8  9
2430  C   815  41  *  *  *  *  *  01256d0e-32fc-425c-8b3a-474a52a66f00-IGH  *
2569  C   954  38  *  *  *  *  *  10f53407-b6fd-475b-a0b2-a93e49055a7d-IGH  *
2163  C   548  22  *  *  *  *  *  19114dd7-1671-45ab-936c-fede25c1ade4-IGH  *
1810  C   195  21  *  *  *  *  *  129d312a-30b1-4080-bf55-2e8756d65f3b-IGH  *
2449  C   834  15  *  *  *  *  *  17a9891b-1f32-4fc5-9813-e333615199f7-IGH  *
1629  C    14  12  *  *  *  *  *  06dadeb3-cc96-462c-a8ea-c43765a47daf-IGH  *
2462  C   847  11  *  *  *  *  *  27706e98-8400-495f-8fcf-3a9632a8c8be-IGH  *
2428  C   813  11  *  *  *  *  *  001324a1-e3b2-42b0-b75c-578f82da8ca8-IGH  *
1679  C    64  10  *  *  *  *  *  4eb54967-c084-4e64-a15e-2d585d1161bd-IGH  *
2157  C   542  10  *  *  *  *  *  12ffe2bf-ff5f-4acf-8f99-4dab6cdd0f23-IGH  *
2458  C   843   8  *  *  *  *  *  24a4871a-6b86-4243-8544-e27c22dc5d58-IGH  *
1802  C   187   7  *  *  *  *  *  08d452ba-6274-41e2-bed3-7b01c40571bf-IGH  *
1805  C   190   7  *  *  *  *  *  0bfb6422-ccdc-45eb-a06b-1839871f49cc-IGH  *
2604  C   989   6  *  *  *  *  *  525cbf62-f27d-4c9b-ac7b-b6a2d52d0f33-IGH  *
2584  C   969   6  *  *  *  *  *  2ee19790-29d7-41d0-9206-ec2372b73750-IGH  *
1847  C   232   6  *  *  *  *  *  3e09ae34-4773-4d40-9a14-f496c3660128-IGH  *
2447  C   832   6  *  *  *  *  *  17190b05-e27c-499d-85f5-8c1af20895cd-IGH  *
2280  C   665   5  *  *  *  *  *  027ab1fd-e090-4f39-aeda-7b731060f457-IGH  *
2439  C   824   5  *  *  *  *  *  09421935-46de-4cd2-9cb1-fe1e0f4df01e-IGH  *
2675  C  1060   5  *  *  *  *  *  0e576927-35fc-4388-a5dd-7b8eb227a0d8-IGH  *
2565  C   950   5  *  *  *  *  *  09366c62-8cd4-4115-9898-f7176dc23ba5-IGH  *
2330  C   715   5  *  *  *  *  *  448548f1-83c1-426f-8733-e0a0d84e8664-IGH  *
2009  C   394   5  *  *  *  *  *  165915ea-c49a-40da-a22a-0fcbfd9713f1-IGH  *
2169  C   554   5  *  *  *  *  *  1c593940-8a84-49a4-9766-e6928294e00b-IGH  *
1799  C   184   4  *  *  *  *  *  05e2ce2b-44f9-4438-9cad-fe000265e05c-IGH  *
1698  C    83   4  *  *  *  *  *  6c8f5bf8-6090-4acb-b026-4693e997769a-IGH  *
1631  C    16   4  *  *  *  *  *  08362ff5-6b64-4bcd-a548-f49b9cd2d964-IGH  *
1800  C   185   4  *  *  *  *  *  077147c4-290a-46cd-9b4f-6ffa3bab15f2-IGH  *
1846  C   231   4  *  *  *  *  *  3c729de5-e11e-4f6a-8efc-4279a14d7cf3-IGH  *
1907  C   292   4  *  *  *  *  *  91063f6a-309a-41df-aec7-bc83a809cfb6-IGH  *
2060  C   445   4  *  *  *  *  *  6850f6c6-2f1d-4c56-a78e-495e3a045bba-IGH  *
2283  C   668   4  *  *  *  *  *  05425a11-512c-4ed3-a97f-344ec7250e37-IGH  *
2204  C   589   4  *  *  *  *  *  60c454e2-f919-4756-8978-27fe458aa47f-IGH  *
2436  C   821   4  *  *  *  *  *  078f515d-2283-4ad3-a57d-f5ac15cdfb27-IGH  *
2445  C   830   4  *  *  *  *  *  13f3740c-a658-46f6-80f3-48fa58e14303-IGH  *
2492  C   877   4  *  *  *  *  *  71641ca1-55f6-468e-b4cf-9255a1ce7a74-IGH  *
2525  C   910   4  *  *  *  *  *  b1ea6778-71bc-4bf8-92f9-f60fd7856539-IGH  *
2508  C   893   4  *  *  *  *  *  97af4081-7e8d-44f6-9960-177c64b200d4-IGH  *
2674  C  1059   4  *  *  *  *  *  0b358fd8-439f-464a-bf87-addf43c5f7de-IGH  *
Clusters Ordened By clusters lenght: 
Empty DataFrame
Columns: [0, 1, 2, 3, 4, 5, 6, 7, 8, 9]
Index: []
Clusters Ordened By clusters lenght: 
    0  1  2  3  4  5  6  7                                         8  9
27  C  7  4  *  *  *  *  *  2dabd012-20db-46a7-a382-3d4e6f68b0e9-IGH  *
Clusters Ordened By clusters lenght: 
      0     1   2  3  4  5  6  7                                         8  9
2556  C   540  63  *  *  *  *  *  01fc9515-aeb1-4d72-82a8-b76e6075bfea-IGH  *
2416  C   400  15  *  *  *  *  *  0dc6159f-0869-4c99-8220-cac7baedc3a0-IGH  *
3478  C  1462  13  *  *  *  *  *  4a988197-8f3f-4c9a-b941-874f582c4e63-IGH  *
2572  C   556  10  *  *  *  *  *  1399a817-bc8c-4e47-b92e-3ef8566a3ea6-IGH  *
2798  C   782  10  *  *  *  *  *  2014cd0f-7137-4bfd-963c-2af394aee615-IGH  *
2900  C   884   8  *  *  *  *  *  931f7484-ecea-4ac2-80c2-3e0cb65c3d82-IGH  *
3444  C  1428   8  *  *  *  *  *  1b794ef5-db8d-4b7a-91d4-5094ef3d60e4-IGH  *
2428  C   412   7  *  *  *  *  *  26ea3fda-7002-4498-9a84-afe96e1994c0-IGH  *
2446  C   430   7  *  *  *  *  *  3e090a32-d0fe-4cd1-b3df-01d0b04909d9-IGH  *
2804  C   788   7  *  *  *  *  *  2b8f9c00-1602-4ef1-97a8-b8963f5787c3-IGH  *
3020  C  1004   6  *  *  *  *  *  1a5bd633-c850-460a-9114-973fcaf33364-IGH  *
2116  C   100   6  *  *  *  *  *  1e661e1f-933a-4466-8147-2e693e2abb2b-IGH  *
2805  C   789   6  *  *  *  *  *  2bedba05-8f77-4476-8871-49de8b17cde5-IGH  *
3190  C  1174   6  *  *  *  *  *  041df9aa-94af-416b-b572-769e97480eb3-IGH  *
3115  C  1099   6  *  *  *  *  *  a0572ec6-f671-45ed-9b0d-339643146c54-IGH  *
2330  C   314   6  *  *  *  *  *  539780cb-e33d-4a62-926c-02a902f6bbe0-IGH  *
3434  C  1418   5  *  *  *  *  *  0bab9888-2b6b-41f3-aedf-7a1eddb13d43-IGH  *
2837  C   821   5  *  *  *  *  *  51daeaa0-3ef9-4690-b051-86e6fd41a6a7-IGH  *
3011  C   995   5  *  *  *  *  *  160aa36f-0ee7-468d-9c68-65d40931e3b3-IGH  *
2410  C   394   5  *  *  *  *  *  04566ddf-4a49-4b32-8f3a-126fb81e6985-IGH  *
3436  C  1420   5  *  *  *  *  *  0c0b22bf-6dd5-4f4e-8daf-f42612972815-IGH  *
2291  C   275   4  *  *  *  *  *  12f63dd2-51a3-4db4-ab8a-07914825c153-IGH  *
2409  C   393   4  *  *  *  *  *  025ca626-2cae-475c-acd8-ecd0b6a0c82c-IGH  *
2574  C   558   4  *  *  *  *  *  16391f74-bcf2-4762-b14d-3c053715ff3d-IGH  *
2433  C   417   4  *  *  *  *  *  2c9195f3-6990-4810-bfce-25d949a04f6f-IGH  *
2483  C   467   4  *  *  *  *  *  79754c16-e010-4081-8bc3-04f54f6410cf-IGH  *
2810  C   794   4  *  *  *  *  *  32b7adeb-ae80-4ad6-9cac-6f304d9acc64-IGH  *
3207  C  1191   4  *  *  *  *  *  0e860c8d-b415-4c60-b331-2dc7da5b24d0-IGH  *
2911  C   895   4  *  *  *  *  *  a5dc45ef-6bc2-43e0-88ee-bd986295c181-IGH  *
3146  C  1130   4  *  *  *  *  *  c5936ebd-f74e-4b28-a804-83add3eb7f56-IGH  *
3216  C  1200   4  *  *  *  *  *  148cbb66-5398-4702-9cc3-65e7037a72f7-IGH  *
3265  C  1249   4  *  *  *  *  *  4b95ab28-4789-42e8-9e86-e18b57067e68-IGH  *
3438  C  1422   4  *  *  *  *  *  10de38ea-5476-4714-b7bc-a8cde8e92a83-IGH  *
3480  C  1464   4  *  *  *  *  *  4b8239e6-30b7-40c8-a708-159ceb97cc4d-IGH  *
Clusters Ordened By clusters lenght: 
Empty DataFrame
Columns: [0, 1, 2, 3, 4, 5, 6, 7, 8, 9]
Index: []
Clusters Ordened By clusters lenght: 
Empty DataFrame
Columns: [0, 1, 2, 3, 4, 5, 6, 7, 8, 9]
Index: []
Clusters Ordened By clusters lenght: 
Empty DataFrame
Columns: [0, 1, 2, 3, 4, 5, 6, 7, 8, 9]
Index: []
Clusters Ordened By clusters lenght: 
     0   1  2  3  4  5  6  7                                         8  9
225  C  80  5  *  *  *  *  *  04d86544-6817-4ef9-b84e-4a3a31f15d1b-IGH  *
162  C  17  4  *  *  *  *  *  0f052c10-c608-451e-a6c6-1ac2730d3a47-IGH  *
210  C  65  4  *  *  *  *  *  38ad8191-ac56-45ce-a64d-0bb939de40bf-IGH  *
Clusters Ordened By clusters lenght: 
Empty DataFrame
Columns: [0, 1, 2, 3, 4, 5, 6, 7, 8, 9]
Index: []
Clusters Ordened By clusters lenght: 
Empty DataFrame
Columns: [0, 1, 2, 3, 4, 5, 6, 7, 8, 9]
Index: []
Clusters Ordened By clusters lenght: 
    0  1  2  3  4  5  6  7                                         8  9
30  C  0  7  *  *  *  *  *  38b8fba2-e975-4e85-bc81-5c36e7fb5434-IGH  *
Clusters Ordened By clusters lenght: 
Empty DataFrame
Columns: [0, 1, 2, 3, 4, 5, 6, 7, 8, 9]
Index: []
Clusters Ordened By clusters lenght: 
    0  1  2  3  4  5  6  7                                         8  9
35  C  9  5  *  *  *  *  *  23f15cae-3977-44d7-8305-8d9bc9c9998d-IGH  *
Clusters Ordened By clusters lenght: 
Empty DataFrame
Columns: [0, 1, 2, 3, 4, 5, 6, 7, 8, 9]
Index: []
Clusters Ordened By clusters lenght: 
   0  1  2  3  4  5  6  7                                         8  9
9  C  1  5  *  *  *  *  *  403788d2-1a7c-4046-865b-8532b953f2cc-IGH  *
Clusters Ordened By clusters lenght: 
     0   1  2  3  4  5  6  7                                         8  9
137  C  33  9  *  *  *  *  *  14b69d21-5c89-4aa4-bfab-101f4e6b0274-IGH  *
Clusters Ordened By clusters lenght: 
Empty DataFrame
Columns: [0, 1, 2, 3, 4, 5, 6, 7, 8, 9]
Index: []
Clusters Ordened By clusters lenght: 
    0  1  2  3  4  5  6  7                                         8  9
28  C  5  4  *  *  *  *  *  2a77f902-fc23-430f-a3e0-cab4080c96ce-IGH  *
Clusters Ordened By clusters lenght: 
Empty DataFrame
Columns: [0, 1, 2, 3, 4, 5, 6, 7, 8, 9]
Index: []
Clusters Ordened By clusters lenght: 
    0   1  2  3  4  5  6  7                                         8  9
64  C  12  6  *  *  *  *  *  1992a7d9-e838-4ca4-8315-458d9be61dee-IGH  *
Clusters Ordened By clusters lenght: 
    0  1   2  3  4  5  6  7                                         8  9
27  C  6  12  *  *  *  *  *  2567ef61-20cd-4ef9-92f3-aee5e5cd01c7-IGH  *
Clusters Ordened By clusters lenght: 
     0  1   2  3  4  5  6  7                                         8  9
144  C  9  83  *  *  *  *  *  34a0a5f6-4083-4cdd-9c48-efaa71204167-IGH  *
139  C  4  20  *  *  *  *  *  03471955-93c2-41fb-8fe1-402c7b4a853d-IGH  *
142  C  7   7  *  *  *  *  *  08a508ac-9f51-4448-88d5-cb6a507dd80e-IGH  *
143  C  8   6  *  *  *  *  *  0fc718a4-c0de-40e5-82fe-d1ba40d2223f-IGH  *
Clusters Ordened By clusters lenght: 
      0    1   2  3  4  5  6  7                                         8  9
1763  C  605  27  *  *  *  *  *  0873fec0-4dd2-402d-a7fe-494d2fbf3c1a-IGH  *
1435  C  277  18  *  *  *  *  *  060af840-e66a-41d2-bc54-78287fea4323-IGH  *
1428  C  270  12  *  *  *  *  *  01506938-620f-4767-aea3-8062351518a6-IGH  *
2008  C  850  11  *  *  *  *  *  150a8f18-275b-4e46-892c-02dabac71b6e-IGH  *
1771  C  613  10  *  *  *  *  *  1e0e6c89-f792-4820-ab70-ddde8934cdd4-IGH  *
2015  C  857   8  *  *  *  *  *  52688a82-29c1-4ac9-b28d-b6d9deee26b2-IGH  *
1764  C  606   8  *  *  *  *  *  0c805592-3831-4e55-a85c-dd388a09c7a6-IGH  *
1782  C  624   7  *  *  *  *  *  32080fa8-29d5-4c14-85a1-b0080730915f-IGH  *
1651  C  493   6  *  *  *  *  *  1f6f09ed-d6d4-4074-aed9-3ed55fec1f41-IGH  *
1869  C  711   6  *  *  *  *  *  0ce95309-81cf-41cb-8790-1f43e69efe96-IGH  *
1625  C  467   5  *  *  *  *  *  0481d3f7-400b-4488-bff0-5639e892deb4-IGH  *
1633  C  475   5  *  *  *  *  *  0c7f8fb0-a267-4569-a71c-06bf5088f937-IGH  *
1442  C  284   5  *  *  *  *  *  100fdb84-667a-4f8c-af86-fa1e25a2e767-IGH  *
1946  C  788   5  *  *  *  *  *  066a68e1-ecd9-4e47-89c1-33fb0e9e24a0-IGH  *
1441  C  283   4  *  *  *  *  *  0facf987-6d4b-4466-a2bb-a0c862c2ebee-IGH  *
2005  C  847   4  *  *  *  *  *  0651f2d0-c649-4b4f-a494-2cea76972e96-IGH  *
1958  C  800   4  *  *  *  *  *  2d5bb468-f2bd-4563-94c6-8a6aa6daa63f-IGH  *
2009  C  851   4  *  *  *  *  *  21471027-093b-4a3f-9f04-b3c32903bd9c-IGH  *
2036  C  878   4  *  *  *  *  *  048509ce-8841-47c4-98cc-ff9e79fb4bbf-IGH  *
Clusters Ordened By clusters lenght: 
    0  1   2  3  4  5  6  7                                         8  9
18  C  0  15  *  *  *  *  *  03a6b792-36b4-4693-8e14-41373e24f844-IGH  *
Clusters Ordened By clusters lenght: 
Empty DataFrame
Columns: [0, 1, 2, 3, 4, 5, 6, 7, 8, 9]
Index: []
Clusters Ordened By clusters lenght: 
Empty DataFrame
Columns: [0, 1, 2, 3, 4, 5, 6, 7, 8, 9]
Index: []
Clusters Ordened By clusters lenght: 
Empty DataFrame
Columns: [0, 1, 2, 3, 4, 5, 6, 7, 8, 9]
Index: []
Clusters Ordened By clusters lenght: 
     0    1   2  3  4  5  6  7                                         8  9
323  C   97  46  *  *  *  *  *  52c8a443-2d00-40ba-a0b1-0c396713bd32-IGH  *
357  C  131   9  *  *  *  *  *  1cbd51be-6877-447b-b57e-203c5ab38786-IGH  *
Clusters Ordened By clusters lenght: 
Empty DataFrame
Columns: [0, 1, 2, 3, 4, 5, 6, 7, 8, 9]
Index: []
Clusters Ordened By clusters lenght: 
Empty DataFrame
Columns: [0, 1, 2, 3, 4, 5, 6, 7, 8, 9]
Index: []
Clusters Ordened By clusters lenght: 
   0  1  2  3  4  5  6  7                                         8  9
6  C  0  4  *  *  *  *  *  09615ffb-aa18-4849-b3d5-1e04180ef812-IGH  *
Clusters Ordened By clusters lenght: 
   0  1  2  3  4  5  6  7                                         8  9
9  C  0  8  *  *  *  *  *  19f34de8-74c3-4ded-8f92-a34fd919ebcb-IGH  *
Clusters Ordened By clusters lenght: 
Empty DataFrame
Columns: [0, 1, 2, 3, 4, 5, 6, 7, 8, 9]
Index: []
Clusters Ordened By clusters lenght: 
    0   1   2  3  4  5  6  7                                         8  9
75  C  17  14  *  *  *  *  *  0825edd9-a18d-4e58-b1d1-3f5c7a1ba3e7-IGH  *
58  C   0   5  *  *  *  *  *  387b6326-eb92-4764-a847-f408fa9a4099-IGH  *
Clusters Ordened By clusters lenght: 
Empty DataFrame
Columns: [0, 1, 2, 3, 4, 5, 6, 7, 8, 9]
Index: []
Clusters Ordened By clusters lenght: 
    0  1   2  3  4  5  6  7                                         8  9
36  C  0  22  *  *  *  *  *  4377f9d7-7952-47ee-bd91-ebbf8ead861e-IGH  *
Clusters Ordened By clusters lenght: 
   0  1  2  3  4  5  6  7                                         8  9
6  C  1  4  *  *  *  *  *  520c766f-bdfb-41e3-8967-f0ee551a270a-IGH  *
Clusters Ordened By clusters lenght: 
     0    1   2  3  4  5  6  7                                         8  9
823  C  340  14  *  *  *  *  *  02a7cd20-a30e-4b1d-8ac5-4c6e2d2a29a4-IGH  *
857  C  374   8  *  *  *  *  *  2c0fd49a-741a-40b0-800f-a4fb00baf70f-IGH  *
710  C  227   4  *  *  *  *  *  2bd2a75c-9e99-4753-b948-2b35809da99c-IGH  *
622  C  139   4  *  *  *  *  *  4557f6f2-2b2d-43c4-bbd5-2721aea40e88-IGH  *
Clusters Ordened By clusters lenght: 
Empty DataFrame
Columns: [0, 1, 2, 3, 4, 5, 6, 7, 8, 9]
Index: []
Clusters Ordened By clusters lenght: 
   0  1  2  3  4  5  6  7                                         8  9
7  C  0  7  *  *  *  *  *  21c76b1a-9d16-459c-838a-8416d69c0775-IGH  *
Clusters Ordened By clusters lenght: 
    0   1  2  3  4  5  6  7                                         8  9
87  C  12  4  *  *  *  *  *  05879f23-19ac-4478-b89b-f43bcfe37bf6-IGH  *
Clusters Ordened By clusters lenght: 
Empty DataFrame
Columns: [0, 1, 2, 3, 4, 5, 6, 7, 8, 9]
Index: []
Clusters Ordened By clusters lenght: 
      0    1   2  3  4  5  6  7                                         8  9
1122  C  452  11  *  *  *  *  *  115df899-99ed-4b97-975a-7d1c3dfabbed-IGH  *
1126  C  456  10  *  *  *  *  *  2ba3e11f-cce3-431d-bd15-d7507dbaed6f-IGH  *
796   C  126   8  *  *  *  *  *  1c2f6eec-b81f-4806-a6de-5d33f899717d-IGH  *
1119  C  449   8  *  *  *  *  *  05bbce69-c1e3-4e9d-80a3-5430bd499f0f-IGH  *
1117  C  447   8  *  *  *  *  *  048607e1-b19e-4d0a-8e4d-3087876318f0-IGH  *
1128  C  458   8  *  *  *  *  *  3a630d24-2bcc-4679-8479-8b8a6a59c276-IGH  *
1069  C  399   5  *  *  *  *  *  3950af3b-b579-4557-887b-ca9fd7a6d89f-IGH  *
1071  C  401   5  *  *  *  *  *  3cfe1eec-27f3-424a-878a-6d8d2f448e5e-IGH  *
996   C  326   4  *  *  *  *  *  445b671b-7bac-4b48-b2fc-eff2f728b3ed-IGH  *
1057  C  387   4  *  *  *  *  *  15736628-369d-411f-9f96-7f6a3cef5123-IGH  *
905   C  235   4  *  *  *  *  *  0c751176-903d-4cd8-9202-afdba15ef1c9-IGH  *
980   C  310   4  *  *  *  *  *  145affb7-87b2-4d4e-bbe8-d50476002103-IGH  *
792   C  122   4  *  *  *  *  *  133625aa-9d60-400d-9353-744f36c777af-IGH  *
1123  C  453   4  *  *  *  *  *  1c2957a4-199b-46e0-99d0-1b8bee3d68ab-IGH  *
1149  C  479   4  *  *  *  *  *  91715e01-eea8-4b56-ab00-2c3d1bccefe9-IGH  *
1188  C  518   4  *  *  *  *  *  04cdb677-ee59-4cf6-9d7a-155d85718711-IGH  *
Clusters Ordened By clusters lenght: 
Empty DataFrame
Columns: [0, 1, 2, 3, 4, 5, 6, 7, 8, 9]
Index: []
Clusters Ordened By clusters lenght: 
Empty DataFrame
Columns: [0, 1, 2, 3, 4, 5, 6, 7, 8, 9]
Index: []
Clusters Ordened By clusters lenght: 
Empty DataFrame
Columns: [0, 1, 2, 3, 4, 5, 6, 7, 8, 9]
Index: []
Clusters Ordened By clusters lenght: 
   0  1  2  3  4  5  6  7                                         8  9
7  C  0  4  *  *  *  *  *  18b3d8f3-405f-4c0f-968e-0a3cd8826baf-IGH  *
Clusters Ordened By clusters lenght: 
    0  1   2  3  4  5  6  7                                         8  9
21  C  0  16  *  *  *  *  *  13b32714-f696-4fd1-837c-3c0d3c2bb344-IGK  *
Clusters Ordened By clusters lenght: 
    0   1   2  3  4  5  6  7                                         8  9
96  C  32  10  *  *  *  *  *  0562a496-a531-426f-9b84-3f35591a2547-IGH  *
89  C  25   5  *  *  *  *  *  1ae46315-2263-42c8-8bcb-9755ccba261a-IGH  *
Clusters Ordened By clusters lenght: 
     0   1   2  3  4  5  6  7                                         8  9
87   C   2  25  *  *  *  *  *  19ef6519-acdf-4327-8787-24c33f5207cd-IGH  *
118  C  33   7  *  *  *  *  *  4b33ee9c-473e-401d-81b1-65eaa9b8315a-IGH  *
86   C   1   6  *  *  *  *  *  0f8dcd80-dc35-4f52-b079-f0c1226be15d-IGH  *
124  C  39   4  *  *  *  *  *  8ed83a89-d754-4d51-a753-031db033ee28-IGH  *
Clusters Ordened By clusters lenght: 
     0    1   2  3  4  5  6  7                                         8  9
329  C   91  24  *  *  *  *  *  0e492923-3218-411f-877a-9d04514c1840-IGH  *
338  C  100  10  *  *  *  *  *  27367867-b733-47ec-92d9-37d39a7db84b-IGH  *
327  C   89   9  *  *  *  *  *  0c1e10a5-db46-42bc-ad99-ac9ef78db664-IGH  *
289  C   51   6  *  *  *  *  *  08d75f8a-9375-4886-a25e-e0841efe7d31-IGH  *
252  C   14   4  *  *  *  *  *  40dcafc1-7491-49fa-a87e-ed0f03d4777e-IGH  *
334  C   96   4  *  *  *  *  *  1a0d37fe-f51d-46fd-a545-c41f4a6aab4b-IGH  *
336  C   98   4  *  *  *  *  *  1e53519d-4e7c-4581-88c1-ae6128a8fdd3-IGH  *
Clusters Ordened By clusters lenght: 
     0    1    2  3  4  5  6  7                                         8  9
803  C  115  503  *  *  *  *  *  00958f70-eae8-487f-a9c6-39e0903a2800-IGH  *
806  C  118    7  *  *  *  *  *  080e5d29-9f2f-4041-a5ac-8dfb63aa81e2-IGH  *
814  C  126    4  *  *  *  *  *  4700543a-6b3b-42e0-8528-9ae2293740a4-IGH  *
Clusters Ordened By clusters lenght: 
Empty DataFrame
Columns: [0, 1, 2, 3, 4, 5, 6, 7, 8, 9]
Index: []
Clusters Ordened By clusters lenght: 
Empty DataFrame
Columns: [0, 1, 2, 3, 4, 5, 6, 7, 8, 9]
Index: []
Clusters Ordened By clusters lenght: 
     0    1  2  3  4  5  6  7                                         8  9
273  C  115  4  *  *  *  *  *  1cdb90dd-683d-4bb8-9589-0901c1f3ca48-IGH  *
283  C  125  4  *  *  *  *  *  052dcde0-06a3-4e45-9bce-3b69db33eb2e-IGH  *
Clusters Ordened By clusters lenght: 
Empty DataFrame
Columns: [0, 1, 2, 3, 4, 5, 6, 7, 8, 9]
Index: []
Clusters Ordened By clusters lenght: 
    0  1  2  3  4  5  6  7                                         8  9
43  C  0  4  *  *  *  *  *  01dd1416-cb55-4ba3-81ac-aa605f5b464a-IGH  *
Clusters Ordened By clusters lenght: 
    0  1  2  3  4  5  6  7                                         8  9
17  C  5  6  *  *  *  *  *  0a8c4ee6-7c8b-4131-aa1d-3812765042be-IGH  *
Clusters Ordened By clusters lenght: 
    0  1  2  3  4  5  6  7                                         8  9
63  C  2  8  *  *  *  *  *  4088f2e4-6440-4930-b52d-bb8a253a3788-IGH  *
Clusters Ordened By clusters lenght: 
Empty DataFrame
Columns: [0, 1, 2, 3, 4, 5, 6, 7, 8, 9]
Index: []
Clusters Ordened By clusters lenght: 
     0    1   2  3  4  5  6  7                                         8  9
596  C  241  15  *  *  *  *  *  0c8f3187-8f5b-42e4-92fa-65ed77b32d08-IGH  *
577  C  222  12  *  *  *  *  *  05380abb-71b5-4a8a-a543-fdfd63405cc3-IGH  *
544  C  189   7  *  *  *  *  *  58c99b6d-0985-422e-9d68-c3e9ce3e5154-IGH  *
583  C  228   5  *  *  *  *  *  3425ad8e-e1c9-4f90-860f-b0ca9b47402b-IGH  *
Clusters Ordened By clusters lenght: 
    0   1  2  3  4  5  6  7                                         8  9
44  C  15  5  *  *  *  *  *  76f71eb7-2ed5-4f1c-b987-4b2828cf1716-IGH  *
Clusters Ordened By clusters lenght: 
    0   1  2  3  4  5  6  7                                         8  9
51  C  11  5  *  *  *  *  *  02ce5882-c86c-4b25-a9db-9c5741fbb14f-IGH  *
Clusters Ordened By clusters lenght: 
     0   1   2  3  4  5  6  7                                         8  9
249  C  49  83  *  *  *  *  *  00d99766-1119-436d-9c3a-60c58651e622-IGH  *
271  C  71   7  *  *  *  *  *  25b8ed85-c274-4f91-8712-443fa8c77cfd-IGH  *
280  C  80   5  *  *  *  *  *  1eed23fe-738f-4995-873a-8916be8c930f-IGH  *
Clusters Ordened By clusters lenght: 
      0    1   2  3  4  5  6  7                                         8  9
1431  C  354  19  *  *  *  *  *  1310f0f0-1e25-450f-a8ed-8157aac0a8c6-IGH  *
1323  C  246  18  *  *  *  *  *  1a811f39-1c1c-4d18-aaf9-3b5a91fc1637-IGH  *
1556  C  479  13  *  *  *  *  *  011b36b1-7852-4e6a-bfd5-dc551da68b74-IGH  *
1691  C  614  12  *  *  *  *  *  3c465be8-cac2-4785-80af-cace72bb2223-IGH  *
1560  C  483  12  *  *  *  *  *  0c2727fb-ae15-4050-89bc-27f578b87fbe-IGH  *
1436  C  359  12  *  *  *  *  *  189885b0-fa76-4e10-80f8-e4ebefe0973d-IGH  *
1320  C  243  10  *  *  *  *  *  110db0aa-b2fd-4e5c-83a9-8fc7cfe86bd7-IGH  *
1589  C  512   9  *  *  *  *  *  4ba6e8f6-30da-4d77-a20d-3c11f5d6fef3-IGH  *
1458  C  381   9  *  *  *  *  *  4705442d-47d4-4326-94a9-c2dfa702d4e6-IGH  *
1325  C  248   8  *  *  *  *  *  1ffbdbff-aece-4aad-ba78-24e8636cd494-IGH  *
1324  C  247   8  *  *  *  *  *  1a874c72-5f8e-410a-b4db-79f848b44e63-IGH  *
1094  C   17   7  *  *  *  *  *  1c33d34d-e0dd-464f-98c8-2668d87ef21d-IGH  *
1757  C  680   7  *  *  *  *  *  00db7a47-4848-4103-9374-95af2a3bdcfb-IGH  *
1681  C  604   7  *  *  *  *  *  21727cc5-86f5-442f-885d-38e2b5037e8e-IGH  *
1675  C  598   6  *  *  *  *  *  16c6db64-5fb5-46e2-8de6-aea055221cdd-IGH  *
1342  C  265   4  *  *  *  *  *  525550cc-4cb1-4e86-8d39-7535425c8c29-IGH  *
1665  C  588   4  *  *  *  *  *  035ea528-a572-4f27-8494-e6c94323cfae-IGH  *
1810  C  733   4  *  *  *  *  *  10448318-76e4-4438-872e-5d8c3337448f-IGH  *
1813  C  736   4  *  *  *  *  *  20d22a9d-3b3e-462b-844d-6ce63f58ec01-IGH  *
Clusters Ordened By clusters lenght: 
Empty DataFrame
Columns: [0, 1, 2, 3, 4, 5, 6, 7, 8, 9]
Index: []
Clusters Ordened By clusters lenght: 
Empty DataFrame
Columns: [0, 1, 2, 3, 4, 5, 6, 7, 8, 9]
Index: []
Clusters Ordened By clusters lenght: 
    0  1  2  3  4  5  6  7                                         8  9
36  C  7  5  *  *  *  *  *  54e21514-aa54-4bfb-b0ec-e76c60b8a166-IGH  *
Clusters Ordened By clusters lenght: 
Empty DataFrame
Columns: [0, 1, 2, 3, 4, 5, 6, 7, 8, 9]
Index: []
Clusters Ordened By clusters lenght: 
Empty DataFrame
Columns: [0, 1, 2, 3, 4, 5, 6, 7, 8, 9]
Index: []
Clusters Ordened By clusters lenght: 
Empty DataFrame
Columns: [0, 1, 2, 3, 4, 5, 6, 7, 8, 9]
Index: []
Clusters Ordened By clusters lenght: 
Empty DataFrame
Columns: [0, 1, 2, 3, 4, 5, 6, 7, 8, 9]
Index: []
Clusters Ordened By clusters lenght: 
     0   1   2  3  4  5  6  7                                         8  9
197  C  17  25  *  *  *  *  *  09f8ebc5-95e1-41d1-88ae-981aa6b9f67e-IGH  *
200  C  20  23  *  *  *  *  *  20b17331-69a2-44cc-aa0c-6c6ade9ba41e-IGH  *
199  C  19   7  *  *  *  *  *  0d013afa-cb78-4863-8fa7-0aac5c1bee29-IGH  *
261  C  81   6  *  *  *  *  *  16926432-93b8-48f3-8829-ab44ae8f0d48-IGH  *
217  C  37   4  *  *  *  *  *  04587d78-427a-4648-a46f-2bd1c59f8b4f-IGH  *
269  C  89   4  *  *  *  *  *  65e19d31-7659-4da2-812b-8139a8001e39-IGH  *
Clusters Ordened By clusters lenght: 
Empty DataFrame
Columns: [0, 1, 2, 3, 4, 5, 6, 7, 8, 9]
Index: []
Clusters Ordened By clusters lenght: 
Empty DataFrame
Columns: [0, 1, 2, 3, 4, 5, 6, 7, 8, 9]
Index: []
Clusters Ordened By clusters lenght: 
Empty DataFrame
Columns: [0, 1, 2, 3, 4, 5, 6, 7, 8, 9]
Index: []
Clusters Ordened By clusters lenght: 
   0  1  2  3  4  5  6  7                                         8  9
5  C  0  4  *  *  *  *  *  3e7b3d29-379d-48e0-a931-5ac8f5355d22-IGH  *
Clusters Ordened By clusters lenght: 
    0   1  2  3  4  5  6  7                                         8  9
66  C  10  9  *  *  *  *  *  13bb480f-5bd4-4e24-b239-342b457d0e25-IGH  *
73  C  17  4  *  *  *  *  *  2fc6673f-4abe-41cb-aca4-6a52f966f816-IGH  *
Clusters Ordened By clusters lenght: 
   0  1  2  3  4  5  6  7                                         8  9
5  C  0  4  *  *  *  *  *  0dbfbf9b-4a7a-4727-b372-034f8c7bb90b-IGK  *
Clusters Ordened By clusters lenght: 
    0  1   2  3  4  5  6  7                                         8  9
53  C  5  34  *  *  *  *  *  084f15f2-ce6f-4c8f-9280-52e38525bada-IGH  *
Clusters Ordened By clusters lenght: 
     0   1    2  3  4  5  6  7                                         8  9
422  C  31  203  *  *  *  *  *  70c9aeca-37fe-45a3-b428-f446b14f7113-IGH  *
426  C  35   15  *  *  *  *  *  037076f9-b033-4fd3-a53e-28d099e4a4ea-IGH  *
458  C  67   14  *  *  *  *  *  63b8e524-28d1-4a89-a793-3bfe4eb3be75-IGH  *
407  C  16    7  *  *  *  *  *  0053ae1b-1b02-40b4-bc99-e463cecedc6e-IGH  *
430  C  39    6  *  *  *  *  *  0b10ed3c-6b57-44e4-a40e-73aecd2bb098-IGH  *
442  C  51    5  *  *  *  *  *  2b2ff480-785b-415c-97a3-e1b620d24ae6-IGH  *
427  C  36    5  *  *  *  *  *  04fab973-fad9-4cb4-8945-ad2fd8279402-IGH  *
412  C  21    4  *  *  *  *  *  6c4145d3-27a5-46af-b100-3a9a9036cc41-IGH  *
429  C  38    4  *  *  *  *  *  0a568760-0c7b-470c-bc0b-92273c8a5313-IGH  *
450  C  59    4  *  *  *  *  *  455a4bae-6b4f-403e-ac62-ef1b1e9c12a4-IGH  *
Clusters Ordened By clusters lenght: 
     0    1   2  3  4  5  6  7                                         8  9
479  C  207  11  *  *  *  *  *  1b80596b-c297-42ed-9377-0640c43ae27e-IGH  *
478  C  206  11  *  *  *  *  *  05743db0-0a9f-422d-ba8f-6493f1bea535-IGH  *
272  C    0   6  *  *  *  *  *  079217a7-348d-421f-971c-6cc873fb87ec-IGH  *
311  C   39   6  *  *  *  *  *  13c4ffab-f0f8-4852-bb5b-566fefdba205-IGH  *
284  C   12   4  *  *  *  *  *  015e5a0e-1843-4280-8efe-3436d2159830-IGH  *
Clusters Ordened By clusters lenght: 
    0  1   2  3  4  5  6  7                                         8  9
34  C  1  26  *  *  *  *  *  0bf0bb93-399a-4a3d-9365-e28ec0644903-IGH  *
Clusters Ordened By clusters lenght: 
Empty DataFrame
Columns: [0, 1, 2, 3, 4, 5, 6, 7, 8, 9]
Index: []
Clusters Ordened By clusters lenght: 
Empty DataFrame
Columns: [0, 1, 2, 3, 4, 5, 6, 7, 8, 9]
Index: []
Clusters Ordened By clusters lenght: 
    0  1   2  3  4  5  6  7                                         8  9
17  C  0  14  *  *  *  *  *  17ffe218-eacd-4fec-b9ad-7faeac70777c-IGH  *
Clusters Ordened By clusters lenght: 
   0  1  2  3  4  5  6  7                                         8  9
7  C  0  6  *  *  *  *  *  1d4afa58-eeae-4ea7-a2d6-7d194f0ef803-IGH  *
Clusters Ordened By clusters lenght: 
Empty DataFrame
Columns: [0, 1, 2, 3, 4, 5, 6, 7, 8, 9]
Index: []
Clusters Ordened By clusters lenght: 
    0  1  2  3  4  5  6  7                                         8  9
35  C  0  4  *  *  *  *  *  0e92498e-1008-42bb-aefc-cde78063b593-IGH  *
43  C  8  4  *  *  *  *  *  00ab74ad-ff6c-4529-ac96-641a047e886e-IGH  *
Clusters Ordened By clusters lenght: 
      0     1   2  3  4  5  6  7                                         8  9
5159  C  1729  97  *  *  *  *  *  04100a76-c44a-441e-bdff-5a31e6335624-IGH  *
5364  C  1934  54  *  *  *  *  *  01b78315-0e78-446d-b94a-d934ef1d6749-IGH  *
4653  C  1223  52  *  *  *  *  *  00e4db95-00be-43a8-9d14-d68650944115-IGH  *
5175  C  1745  36  *  *  *  *  *  10a154a2-6eb2-4ffe-b717-850149252294-IGH  *
4113  C   683  36  *  *  *  *  *  01d95439-0290-4766-b1d2-61b043498bed-IGH  *
...  ..   ...  .. .. .. .. .. ..                                       ... ..
5390  C  1960   4  *  *  *  *  *  1b984bc0-9182-449e-9592-ea26e0426553-IGH  *
5408  C  1978   4  *  *  *  *  *  309a4948-ba10-46e9-bc9c-99316fe2dfe3-IGH  *
5421  C  1991   4  *  *  *  *  *  3e508fe0-5897-453b-ba05-03895e74e82b-IGH  *
5447  C  2017   4  *  *  *  *  *  5a2240fe-fe85-4726-b3e5-f67f0fd0d5d2-IGH  *
5564  C  2134   4  *  *  *  *  *  0817751f-4c24-4892-8ca6-6f6d381d95a4-IGH  *

[78 rows x 10 columns]
Clusters Ordened By clusters lenght: 
Empty DataFrame
Columns: [0, 1, 2, 3, 4, 5, 6, 7, 8, 9]
Index: []
Clusters Ordened By clusters lenght: 
    0  1  2  3  4  5  6  7                                         8  9
68  C  5  7  *  *  *  *  *  286bce64-678e-4c3e-a845-6a3008f3b000-IGH  *
70  C  7  7  *  *  *  *  *  3326b619-5e70-42db-8fd1-24300f18f587-IGH  *
69  C  6  4  *  *  *  *  *  28947d91-a2e7-4766-b558-7cff1ac7942d-IGH  *
Clusters Ordened By clusters lenght: 
     0    1   2  3  4  5  6  7                                         8  9
342  C  138  27  *  *  *  *  *  11980ea4-8b81-4a99-a5b4-bd4e34d2e263-IGH  *
341  C  137   5  *  *  *  *  *  0122a6f8-84ce-43c7-a72e-7b14c626f113-IGH  *
323  C  119   4  *  *  *  *  *  155500e4-ad21-4620-add2-5f5606d84563-IGH  *
Clusters Ordened By clusters lenght: 
     0    1  2  3  4  5  6  7                                         8  9
408  C  137  6  *  *  *  *  *  1e253dda-0c10-49fd-8977-0b7c90f8bf87-IGH  *
405  C  134  5  *  *  *  *  *  1800497b-fac7-4910-bc63-b0b102ad1f72-IGH  *
419  C  148  5  *  *  *  *  *  4ceca80d-40bc-4b1f-a156-bcb42d82520e-IGH  *
484  C  213  4  *  *  *  *  *  2b71042e-3b43-4d8e-87d4-7399ef96f752-IGH  *
Clusters Ordened By clusters lenght: 
Empty DataFrame
Columns: [0, 1, 2, 3, 4, 5, 6, 7, 8, 9]
Index: []
Clusters Ordened By clusters lenght: 
     0   1   2  3  4  5  6  7                                         8  9
112  C  33  19  *  *  *  *  *  03b5554d-007a-49de-a42c-a84eac94c318-IGH  *
Clusters Ordened By clusters lenght: 
Empty DataFrame
Columns: [0, 1, 2, 3, 4, 5, 6, 7, 8, 9]
Index: []
Clusters Ordened By clusters lenght: 
Empty DataFrame
Columns: [0, 1, 2, 3, 4, 5, 6, 7, 8, 9]
Index: []
Clusters Ordened By clusters lenght: 
    0  1  2  3  4  5  6  7                                         8  9
23  C  0  4  *  *  *  *  *  14921353-4dcd-4b0e-8752-f8bc11beea46-IGH  *
26  C  3  4  *  *  *  *  *  45e7ec82-787c-4724-a4b9-0c30d861c694-IGH  *
Clusters Ordened By clusters lenght: 
Empty DataFrame
Columns: [0, 1, 2, 3, 4, 5, 6, 7, 8, 9]
Index: []
Clusters Ordened By clusters lenght: 
Empty DataFrame
Columns: [0, 1, 2, 3, 4, 5, 6, 7, 8, 9]
Index: []
Clusters Ordened By clusters lenght: 
Empty DataFrame
Columns: [0, 1, 2, 3, 4, 5, 6, 7, 8, 9]
Index: []
Clusters Ordened By clusters lenght: 
     0    1  2  3  4  5  6  7                                         8  9
418  C   85  5  *  *  *  *  *  0924af86-b28f-43eb-a039-8cf8bf4918c4-IGH  *
568  C  235  5  *  *  *  *  *  19164c93-e54d-48da-a2ba-8cffa248e14d-IGH  *
Clusters Ordened By clusters lenght: 
Empty DataFrame
Columns: [0, 1, 2, 3, 4, 5, 6, 7, 8, 9]
Index: []
Clusters Ordened By clusters lenght: 
     0    1   2  3  4  5  6  7                                         8  9
156  C    0  27  *  *  *  *  *  02ad4d7a-c98a-43a9-b222-65535ee4f6ff-IGH  *
256  C  100   5  *  *  *  *  *  0cbddeee-b062-4195-97db-117f6164185a-IGH  *
Clusters Ordened By clusters lenght: 
Empty DataFrame
Columns: [0, 1, 2, 3, 4, 5, 6, 7, 8, 9]
Index: []
Clusters Ordened By clusters lenght: 
   0  1  2  3  4  5  6  7                                         8  9
6  C  0  4  *  *  *  *  *  48b23bca-6fe8-4661-908d-e32126c235d0-IGH  *
Clusters Ordened By clusters lenght: 
Empty DataFrame
Columns: [0, 1, 2, 3, 4, 5, 6, 7, 8, 9]
Index: []
Clusters Ordened By clusters lenght: 
Empty DataFrame
Columns: [0, 1, 2, 3, 4, 5, 6, 7, 8, 9]
Index: []
Clusters Ordened By clusters lenght: 
Empty DataFrame
Columns: [0, 1, 2, 3, 4, 5, 6, 7, 8, 9]
Index: []
Clusters Ordened By clusters lenght: 
     0  1   2  3  4  5  6  7                                         8  9
111  C  1  58  *  *  *  *  *  0cf29781-0697-4e33-9bd4-dcc977683ce2-IGH  *
112  C  2  15  *  *  *  *  *  4bdea761-6a40-4c62-bcc5-25a198a5c48a-IGH  *
Clusters Ordened By clusters lenght: 
Empty DataFrame
Columns: [0, 1, 2, 3, 4, 5, 6, 7, 8, 9]
Index: []
Clusters Ordened By clusters lenght: 
    0  1  2  3  4  5  6  7                                         8  9
21  C  3  5  *  *  *  *  *  330d48c0-508e-4968-8498-0a52d2b8041e-IGH  *
Clusters Ordened By clusters lenght: 
    0  1  2  3  4  5  6  7                                         8  9
33  C  5  5  *  *  *  *  *  21ba8146-5d6b-4719-9ffe-f15128dc504d-IGH  *
Clusters Ordened By clusters lenght: 
    0  1   2  3  4  5  6  7                                         8  9
19  C  1  12  *  *  *  *  *  03682411-b71a-4f29-a094-33ac261ed460-IGH  *
Clusters Ordened By clusters lenght: 
    0   1  2  3  4  5  6  7                                         8  9
96  C  19  4  *  *  *  *  *  1bcf5c95-a29c-4fbd-b3a2-2ba4ad0b1105-IGH  *
Clusters Ordened By clusters lenght: 
Empty DataFrame
Columns: [0, 1, 2, 3, 4, 5, 6, 7, 8, 9]
Index: []
Clusters Ordened By clusters lenght: 
Empty DataFrame
Columns: [0, 1, 2, 3, 4, 5, 6, 7, 8, 9]
Index: []
Clusters Ordened By clusters lenght: 
     0   1   2  3  4  5  6  7                                         8  9
310  C  69  51  *  *  *  *  *  03d4e83f-367e-4029-8a75-fce2eee33046-IGH  *
263  C  22  34  *  *  *  *  *  083eaf64-b2a0-4bf7-bf8d-77d7a88bec35-IGH  *
241  C   0  15  *  *  *  *  *  0039843e-8d40-4021-8c64-64048476cfe8-IGH  *
Clusters Ordened By clusters lenght: 
    0  1  2  3  4  5  6  7                                         8  9
26  C  4  4  *  *  *  *  *  1c72c7df-1283-4669-9957-9fb9fe5fcd99-IGH  *
Clusters Ordened By clusters lenght: 
Empty DataFrame
Columns: [0, 1, 2, 3, 4, 5, 6, 7, 8, 9]
Index: []
Clusters Ordened By clusters lenght: 
     0  1   2  3  4  5  6  7                                         8  9
130  C  0  47  *  *  *  *  *  011a1150-5baa-4103-b435-e6b6ef3a95b9-IGH  *
131  C  1  34  *  *  *  *  *  08dd043f-c0ae-4901-9096-a79a63eb5b29-IGH  *
132  C  2  18  *  *  *  *  *  343ac7f2-be47-4d5b-93c2-84535c4881cd-IGH  *
133  C  3  15  *  *  *  *  *  5131e921-df55-445e-ac0d-3de35c254f8f-IGH  *
136  C  6  11  *  *  *  *  *  8dc465c3-70be-4d16-8fb9-9e4a79999f2c-IGH  *
Clusters Ordened By clusters lenght: 
Empty DataFrame
Columns: [0, 1, 2, 3, 4, 5, 6, 7, 8, 9]
Index: []
Clusters Ordened By clusters lenght: 
Empty DataFrame
Columns: [0, 1, 2, 3, 4, 5, 6, 7, 8, 9]
Index: []
Clusters Ordened By clusters lenght: 
Empty DataFrame
Columns: [0, 1, 2, 3, 4, 5, 6, 7, 8, 9]
Index: []
Clusters Ordened By clusters lenght: 
     0    1   2  3  4  5  6  7                                         8  9
697  C  136  22  *  *  *  *  *  170526f4-fedd-4d09-9642-72009b30797f-IGH  *
690  C  129  15  *  *  *  *  *  05a00eb2-bf98-490b-b87a-25fc8319f3c5-IGH  *
853  C  292   9  *  *  *  *  *  024bb1e5-d643-4738-899d-ad84cc515a71-IGH  *
985  C  424   5  *  *  *  *  *  14f4cacf-5b80-4db4-bb91-6a61281f2583-IGH  *
694  C  133   4  *  *  *  *  *  1252a8e5-6bc8-4913-bf18-4fe65c30c1be-IGH  *
721  C  160   4  *  *  *  *  *  3b037c4c-22fc-4bcd-95e0-afdee99b6a5b-IGH  *
864  C  303   4  *  *  *  *  *  2566fa91-7d81-46cc-b1e3-f3dc358f1c76-IGH  *
Clusters Ordened By clusters lenght: 
Empty DataFrame
Columns: [0, 1, 2, 3, 4, 5, 6, 7, 8, 9]
Index: []
Clusters Ordened By clusters lenght: 
Empty DataFrame
Columns: [0, 1, 2, 3, 4, 5, 6, 7, 8, 9]
Index: []
Clusters Ordened By clusters lenght: 
    0  1  2  3  4  5  6  7                                         8  9
16  C  0  9  *  *  *  *  *  25af92bc-0dfb-493e-ab3c-832cea430c6c-IGH  *
Clusters Ordened By clusters lenght: 
Empty DataFrame
Columns: [0, 1, 2, 3, 4, 5, 6, 7, 8, 9]
Index: []
Clusters Ordened By clusters lenght: 
     0   1   2  3  4  5  6  7                                         8  9
245  C  88  19  *  *  *  *  *  03d468d3-58f7-4392-b851-ee6abc00c89e-IGH  *
Clusters Ordened By clusters lenght: 
    0  1  2  3  4  5  6  7                                         8  9
26  C  2  8  *  *  *  *  *  031e0a38-fa94-493c-b231-f27b97824d50-IGH  *
25  C  1  4  *  *  *  *  *  1a4f58b1-6e43-4d3e-a352-dfc0dd37aa6e-IGH  *
28  C  4  4  *  *  *  *  *  3027dc41-b5d1-4b90-8b93-862f16be7166-IGH  *
29  C  5  4  *  *  *  *  *  4800e114-7a9a-4bf8-a9b2-8757384d9361-IGH  *
Clusters Ordened By clusters lenght: 
Empty DataFrame
Columns: [0, 1, 2, 3, 4, 5, 6, 7, 8, 9]
Index: []
Clusters Ordened By clusters lenght: 
      0     1   2  3  4  5  6  7                                         8  9
5644  C  2281  66  *  *  *  *  *  137b47eb-ee2f-44e7-8be4-7c5037d6065d-IGH  *
5008  C  1645  50  *  *  *  *  *  016fa43d-e94e-444a-b336-14030808dc22-IGH  *
5494  C  2131  46  *  *  *  *  *  06a67dfc-bca8-4dbe-a816-d761bb84df9b-IGH  *
5017  C  1654  43  *  *  *  *  *  076ddd7d-bed6-4337-aa28-58c8311d04b0-IGH  *
5635  C  2272  19  *  *  *  *  *  082be333-eb7f-4004-b204-7fb6c70fcc1a-IGH  *
...  ..   ...  .. .. .. .. .. ..                                       ... ..
5670  C  2307   4  *  *  *  *  *  58b294c3-b60b-41ff-881d-db52885ccd1e-IGH  *
5687  C  2324   4  *  *  *  *  *  7a77323a-fb3f-4e06-a794-377d3b1be174-IGH  *
5695  C  2332   4  *  *  *  *  *  82b79104-67b7-4629-add9-6a239bb030e5-IGH  *
5805  C  2442   4  *  *  *  *  *  4055db10-027e-4992-9d21-6b7bb666a06b-IGH  *
5856  C  2493   4  *  *  *  *  *  d6928792-a1d6-4176-b9b6-03e7d8af840d-IGH  *

[61 rows x 10 columns]
Clusters Ordened By clusters lenght: 
Empty DataFrame
Columns: [0, 1, 2, 3, 4, 5, 6, 7, 8, 9]
Index: []
Clusters Ordened By clusters lenght: 
     0    1  2  3  4  5  6  7                                         8  9
527  C  207  6  *  *  *  *  *  2722f958-ae2e-4d0b-a06a-9ff19233c220-IGH  *
524  C  204  6  *  *  *  *  *  09c3ee10-6869-4568-a166-4df5c1645679-IGH  *
556  C  236  6  *  *  *  *  *  6ef4cca4-2746-40c4-9246-c9d8c17a7de8-IGH  *
546  C  226  6  *  *  *  *  *  03394620-4e09-42aa-9cca-7372a0b7c1e1-IGH  *
389  C   69  4  *  *  *  *  *  71609bd9-5728-4b7e-a197-764e287d8880-IGH  *
391  C   71  4  *  *  *  *  *  7db756dc-0f47-436e-9317-280d4345d49c-IGH  *
530  C  210  4  *  *  *  *  *  313b4619-3bca-4aec-bab2-13f445171730-IGH  *
552  C  232  4  *  *  *  *  *  46bd4cb4-741c-411c-a8db-0cd80523b0d3-IGH  *
Clusters Ordened By clusters lenght: 
    0  1   2  3  4  5  6  7                                         8  9
26  C  1  11  *  *  *  *  *  210608bc-9323-4db9-bc57-0f4fccd64620-IGH  *
Clusters Ordened By clusters lenght: 
Empty DataFrame
Columns: [0, 1, 2, 3, 4, 5, 6, 7, 8, 9]
Index: []
Clusters Ordened By clusters lenght: 
     0   1  2  3  4  5  6  7                                         8  9
150  C   7  7  *  *  *  *  *  071e21fc-f998-4b7f-b2c7-3fe07dc8ae85-IGH  *
193  C  50  6  *  *  *  *  *  26019d62-5a3d-4e9d-92dc-71e56a1c0eb1-IGH  *
167  C  24  5  *  *  *  *  *  07ed14c9-f036-4c7c-8fe7-40a15170ec93-IGH  *
235  C  92  5  *  *  *  *  *  104ffc7a-d906-4b46-a263-6415766ca852-IGH  *
192  C  49  5  *  *  *  *  *  1912d04c-1385-4169-be2b-a28813c66be4-IGH  *
178  C  35  4  *  *  *  *  *  226b9aae-38a1-4c17-9c68-6f4da8955763-IGH  *
195  C  52  4  *  *  *  *  *  3bccc5d3-51d0-4123-9577-357b68f41870-IGH  *
Clusters Ordened By clusters lenght: 
      0    1  2  3  4  5  6  7                                         8  9
668   C   56  7  *  *  *  *  *  08b7bb6a-ccdf-4fff-a05a-83d62ea4a2b7-IGH  *
712   C  100  7  *  *  *  *  *  64faa611-2860-47a3-836c-3f891b729fe3-IGH  *
1059  C  447  5  *  *  *  *  *  2e4fcd2d-f682-4864-92f7-24962b44ed40-IGH  *
674   C   62  4  *  *  *  *  *  5a3a3bab-2631-4b7c-8555-e817701e6395-IGH  *
752   C  140  4  *  *  *  *  *  2370a2ad-0e94-4306-860b-735c5ae43f22-IGH  *
915   C  303  4  *  *  *  *  *  93e311b5-543a-4210-a779-3f81cde4c182-IGH  *
972   C  360  4  *  *  *  *  *  24b611e6-db41-4141-b5d4-00a86a25275a-IGH  *
Clusters Ordened By clusters lenght: 
Empty DataFrame
Columns: [0, 1, 2, 3, 4, 5, 6, 7, 8, 9]
Index: []
Clusters Ordened By clusters lenght: 
Empty DataFrame
Columns: [0, 1, 2, 3, 4, 5, 6, 7, 8, 9]
Index: []
Clusters Ordened By clusters lenght: 
     0   1  2  3  4  5  6  7                                         8  9
209  C  78  9  *  *  *  *  *  0af1f322-0671-4c6b-bfca-a485b7e17f83-IGH  *
Clusters Ordened By clusters lenght: 
     0   1   2  3  4  5  6  7                                         8  9
778  C  93  10  *  *  *  *  *  025f5d35-1456-4612-8ae6-edb0193932a9-IGH  *
779  C  94   7  *  *  *  *  *  059b7e37-aaa0-4d10-871a-378f816c9ee4-IGH  *
Clusters Ordened By clusters lenght: 
    0  1  2  3  4  5  6  7                                         8  9
34  C  2  5  *  *  *  *  *  0b49c6e4-90ed-4c1a-9a2d-d16aec52e1c8-IGH  *
36  C  4  5  *  *  *  *  *  496cc120-cd34-4b04-92db-a08e5efdb8b0-IGH  *
Clusters Ordened By clusters lenght: 
Empty DataFrame
Columns: [0, 1, 2, 3, 4, 5, 6, 7, 8, 9]
Index: []
Clusters Ordened By clusters lenght: 
Empty DataFrame
Columns: [0, 1, 2, 3, 4, 5, 6, 7, 8, 9]
Index: []
Clusters Ordened By clusters lenght: 
     0    1  2  3  4  5  6  7                                         8  9
575  C  106  9  *  *  *  *  *  0895c31b-a924-4bb7-8360-59ce776bb6d0-IGH  *
647  C  178  7  *  *  *  *  *  104e2133-790d-48b2-a273-34d89d6a1d77-IGH  *
812  C  343  7  *  *  *  *  *  1fa46347-08a4-4c8e-ac21-3a98f82293a8-IGH  *
579  C  110  5  *  *  *  *  *  25f914e1-054a-42fe-ab5a-7a46340361ce-IGH  *
821  C  352  5  *  *  *  *  *  a53801fe-5734-4362-9d04-4e85f36d169e-IGH  *
580  C  111  5  *  *  *  *  *  291c4d23-a82f-485e-aee8-637f054b52b5-IGH  *
765  C  296  5  *  *  *  *  *  107e1b59-084f-40cd-adca-50e6885befdd-IGH  *
536  C   67  4  *  *  *  *  *  3c5b121c-6669-4ed8-a540-06e0e8421ad7-IGH  *
744  C  275  4  *  *  *  *  *  3211ba88-c629-4bee-8914-e288477477e5-IGH  *
583  C  114  4  *  *  *  *  *  36fe27b8-636a-4ee2-97b3-76119df5da2f-IGH  *
788  C  319  4  *  *  *  *  *  086ba636-b9d7-4099-aee6-3dbdbf93f5a0-IGH  *
776  C  307  4  *  *  *  *  *  5d611f5b-cb0a-461a-8c38-fb0a704b74bf-IGH  *
Clusters Ordened By clusters lenght: 
Empty DataFrame
Columns: [0, 1, 2, 3, 4, 5, 6, 7, 8, 9]
Index: []
Clusters Ordened By clusters lenght: 
Empty DataFrame
Columns: [0, 1, 2, 3, 4, 5, 6, 7, 8, 9]
Index: []
Clusters Ordened By clusters lenght: 
     0   1  2  3  4  5  6  7                                         8  9
129  C  40  8  *  *  *  *  *  08e56ee2-8e30-4223-b5a4-afd3fd9592ba-IGH  *
91   C   2  5  *  *  *  *  *  0c449ff5-e26a-4163-9745-8341da24c497-IGH  *
137  C  48  5  *  *  *  *  *  6143d1c4-a0e0-408f-9a1c-24e09733cf45-IGH  *
118  C  29  4  *  *  *  *  *  53afef1f-c8ec-4f36-9533-6f2f6dfae0c9-IGH  *
131  C  42  4  *  *  *  *  *  1cb18991-dab7-497c-bc26-da5299fd3569-IGH  *
Clusters Ordened By clusters lenght: 
    0   1   2  3  4  5  6  7                                         8  9
77  C  10  42  *  *  *  *  *  1bc6bdd1-1df6-4670-9f9f-545c15bf019e-IGK  *
70  C   3   8  *  *  *  *  *  11df5f46-e930-423d-bf75-9ec43984d556-IGK  *
Clusters Ordened By clusters lenght: 
Empty DataFrame
Columns: [0, 1, 2, 3, 4, 5, 6, 7, 8, 9]
Index: []
Clusters Ordened By clusters lenght: 
Empty DataFrame
Columns: [0, 1, 2, 3, 4, 5, 6, 7, 8, 9]
Index: []
Clusters Ordened By clusters lenght: 
Empty DataFrame
Columns: [0, 1, 2, 3, 4, 5, 6, 7, 8, 9]
Index: []
Clusters Ordened By clusters lenght: 
      0    1   2  3  4  5  6  7                                         8  9
1465  C  179  15  *  *  *  *  *  19137e6e-08c5-47a2-a88f-217e06054c90-IGH  *
2184  C  898  12  *  *  *  *  *  159634b5-7638-4525-b090-c87f38e35cbc-IGH  *
1963  C  677  11  *  *  *  *  *  00dd2b07-1d90-4f8a-b756-8af432c23d2c-IGH  *
1698  C  412  11  *  *  *  *  *  28c77c1b-bd16-4df9-8806-288a6a2efcb0-IGH  *
1839  C  553  10  *  *  *  *  *  093474a2-681a-4bb5-a576-4caa346942e3-IGH  *
1357  C   71  10  *  *  *  *  *  0213bf20-95a0-416a-8e45-fb7174840c1b-IGH  *
1675  C  389   9  *  *  *  *  *  120ff2be-8b89-4cff-acb9-5251f2814b75-IGH  *
2190  C  904   8  *  *  *  *  *  46b9c1fd-9796-4b5b-a306-be7aa4fe3f47-IGH  *
1693  C  407   6  *  *  *  *  *  23d9adc7-6e42-41c1-a599-2f4e8a33ca3f-IGH  *
1680  C  394   6  *  *  *  *  *  18bf5097-801f-4c69-a6c2-4c7b92a1b50a-IGH  *
1824  C  538   6  *  *  *  *  *  01750790-3f16-4a21-9d69-ab8995b609cd-IGH  *
1838  C  552   6  *  *  *  *  *  090d4c03-d295-41b4-8ff9-5ffb62c200be-IGH  *
1976  C  690   6  *  *  *  *  *  11a87268-195f-48ee-9332-52a3fe77d6b2-IGH  *
1971  C  685   5  *  *  *  *  *  0b935d3d-5dbc-4843-a362-859a449a2aff-IGH  *
1700  C  414   5  *  *  *  *  *  2ab639f8-94c0-4860-a3be-1f0936b66435-IGH  *
1463  C  177   5  *  *  *  *  *  104e5155-39be-4cc1-b070-eabf54a27b5c-IGH  *
1667  C  381   5  *  *  *  *  *  079aa4a5-ae3f-4854-8abd-882580302e07-IGH  *
1603  C  317   5  *  *  *  *  *  74e685b4-9e3e-4173-ad90-d2652542ab69-IGH  *
1856  C  570   5  *  *  *  *  *  2098b3a3-d47a-4eff-9b59-6aedd1d66954-IGH  *
1358  C   72   4  *  *  *  *  *  0215740a-2594-4148-8232-a27dedd993bb-IGH  *
1458  C  172   4  *  *  *  *  *  0856ba19-e414-45fb-927f-77af78815f66-IGH  *
1416  C  130   4  *  *  *  *  *  88068bb9-a599-4eba-895f-def915d2409b-IGH  *
1469  C  183   4  *  *  *  *  *  24607f30-8ad2-4a81-a353-543c22e1ef3a-IGH  *
1486  C  200   4  *  *  *  *  *  47ee1450-5239-467c-aefa-1882d287db44-IGH  *
1560  C  274   4  *  *  *  *  *  23340847-6de4-45a6-a98d-d7cc818a0b6c-IGH  *
1567  C  281   4  *  *  *  *  *  2cc06dd4-1233-487f-916a-1c8681c568be-IGH  *
1699  C  413   4  *  *  *  *  *  29493d42-1c36-4851-b355-146645ec0c52-IGH  *
1576  C  290   4  *  *  *  *  *  3e19564c-0423-482b-8d37-aa2f2b2aac33-IGH  *
1827  C  541   4  *  *  *  *  *  02b81e26-7e50-452e-a725-812a60ffb4d1-IGH  *
1846  C  560   4  *  *  *  *  *  153ad9e5-194c-4611-8dd6-93a2c93a5e68-IGH  *
1878  C  592   4  *  *  *  *  *  3678ebbd-f7b9-434a-ac32-0d02fc484164-IGH  *
1882  C  596   4  *  *  *  *  *  3a23e954-8a06-4b48-aed3-e2bcb383d758-IGH  *
1964  C  678   4  *  *  *  *  *  016df61f-fbf9-4d45-8e12-ed9a4d8ddecb-IGH  *
2180  C  894   4  *  *  *  *  *  006c628a-5a9b-47ea-83c8-4406c8265c10-IGH  *
Clusters Ordened By clusters lenght: 
    0  1  2  3  4  5  6  7                                         8  9
15  C  1  4  *  *  *  *  *  6deaf59c-8552-458f-b1af-1ea90fcc03bd-IGH  *
Clusters Ordened By clusters lenght: 
     0    1   2  3  4  5  6  7                                         8  9
319  C   83  11  *  *  *  *  *  0708066c-9ea0-41cc-a22f-f7327540216c-IGH  *
396  C  160   6  *  *  *  *  *  06c24f98-b855-4ef9-ac62-fc22a281567c-IGH  *
340  C  104   6  *  *  *  *  *  29f8f755-88fb-4da4-ab68-b6751d30b713-IGH  *
293  C   57   4  *  *  *  *  *  3d0c9ade-a134-4d01-a01c-e655c76352ea-IGH  *
367  C  131   4  *  *  *  *  *  391ca333-031b-4151-8edf-4598b72fd706-IGH  *
Clusters Ordened By clusters lenght: 
    0  1   2  3  4  5  6  7                                         8  9
65  C  8  31  *  *  *  *  *  0c4392be-e958-4a54-9503-9fd53f26907d-IGH  *
Clusters Ordened By clusters lenght: 
Empty DataFrame
Columns: [0, 1, 2, 3, 4, 5, 6, 7, 8, 9]
Index: []
Clusters Ordened By clusters lenght: 
Empty DataFrame
Columns: [0, 1, 2, 3, 4, 5, 6, 7, 8, 9]
Index: []
Clusters Ordened By clusters lenght: 
    0  1  2  3  4  5  6  7                                         8  9
17  C  2  5  *  *  *  *  *  23de744b-5ec6-4cec-a285-df5a5b228425-IGH  *
20  C  5  5  *  *  *  *  *  703fe7e5-8dff-4a6d-9e99-29b5494043f4-IGH  *
Clusters Ordened By clusters lenght: 
    0  1  2  3  4  5  6  7                                         8  9
27  C  0  9  *  *  *  *  *  0a910d05-0d42-439f-8bef-24ee4cf559bf-IGH  *
36  C  9  4  *  *  *  *  *  11907c10-1fcb-4026-9ad5-c3a017066426-IGH  *
Clusters Ordened By clusters lenght: 
     0   1   2  3  4  5  6  7                                         8  9
120  C  20  11  *  *  *  *  *  04d7d068-3c7f-4b5b-847a-b282844912f0-IGH  *
124  C  24   5  *  *  *  *  *  0c74279e-eb8e-40b2-8d4d-1e12d5d3c5ef-IGH  *
Clusters Ordened By clusters lenght: 
Empty DataFrame
Columns: [0, 1, 2, 3, 4, 5, 6, 7, 8, 9]
Index: []
Clusters Ordened By clusters lenght: 
    0  1   2  3  4  5  6  7                                         8  9
28  C  1  10  *  *  *  *  *  1eef4724-f392-4239-822f-8a2d3feee5e0-IGH  *
36  C  9   4  *  *  *  *  *  4185ad12-a38a-43ae-b21a-97f3528a31fa-IGH  *
Clusters Ordened By clusters lenght: 
     0    1   2  3  4  5  6  7                                         8  9
407  C   60  75  *  *  *  *  *  02f65ad3-6061-4c1f-88ad-000b6cbab6c5-IGH  *
415  C   68   8  *  *  *  *  *  23e54673-a25b-4423-8bfb-a922bddeaa72-IGH  *
427  C   80   7  *  *  *  *  *  50fe0b0c-eb8a-4430-a3ba-4efb8dbfa701-IGH  *
408  C   61   7  *  *  *  *  *  034e95fc-1b5a-452b-a422-b496926f6257-IGH  *
406  C   59   6  *  *  *  *  *  114bc452-cdca-468a-af30-0ac19868898b-IGH  *
486  C  139   6  *  *  *  *  *  3a5c284c-7b97-4900-96fa-31fb32b2f319-IGH  *
413  C   66   5  *  *  *  *  *  1d8b6639-f9e8-4ffa-b1df-6620243f16b0-IGH  *
409  C   62   4  *  *  *  *  *  04b6d09d-bfda-40a9-b21e-e1c51cf1d2ad-IGH  *
421  C   74   4  *  *  *  *  *  37c6965d-1660-4c3f-85f5-0cf93119dd42-IGH  *
477  C  130   4  *  *  *  *  *  03e97e6e-fd51-41c7-8c80-6761ebf217b9-IGH  *
Clusters Ordened By clusters lenght: 
Empty DataFrame
Columns: [0, 1, 2, 3, 4, 5, 6, 7, 8, 9]
Index: []
Clusters Ordened By clusters lenght: 
    0  1   2  3  4  5  6  7                                         8  9
47  C  0  10  *  *  *  *  *  04afdc2b-72d1-4165-b61c-d342aa9aabbe-IGH  *
Clusters Ordened By clusters lenght: 
     0    1  2  3  4  5  6  7                                         8  9
245  C   24  5  *  *  *  *  *  06d00839-0bf3-4983-a62e-9daa6c69a309-IGH  *
294  C   73  4  *  *  *  *  *  26e89af0-b21f-4238-8d37-750aad3ddaa2-IGH  *
332  C  111  4  *  *  *  *  *  2c50f4c6-cb0d-4acb-b272-deb4fa2c5892-IGH  *
369  C  148  4  *  *  *  *  *  c0e46e49-e4e2-493c-9172-d56058375dcd-IGH  *
391  C  170  4  *  *  *  *  *  51c8d472-0b40-4a00-8a36-36441db56161-IGH  *
Clusters Ordened By clusters lenght: 
Empty DataFrame
Columns: [0, 1, 2, 3, 4, 5, 6, 7, 8, 9]
Index: []
Clusters Ordened By clusters lenght: 
    0  1  2  3  4  5  6  7                                         8  9
10  C  1  5  *  *  *  *  *  0155fc9a-cf81-4641-8460-7e135486419f-IGH  *
Clusters Ordened By clusters lenght: 
     0   1  2  3  4  5  6  7                                         8  9
133  C  46  4  *  *  *  *  *  3d5ca89c-369a-4bf5-92a9-e0824051257b-IGH  *
Clusters Ordened By clusters lenght: 
     0   1   2  3  4  5  6  7                                         8  9
123  C  11  58  *  *  *  *  *  003fad3e-c7e0-43ea-a782-5ded659faf6f-IGH  *
126  C  14  10  *  *  *  *  *  4764b0ca-59bc-446d-a25a-bae52374594f-IGH  *
147  C  35   4  *  *  *  *  *  9b3dd3f0-6d54-4154-a5b8-d17afffd6327-IGH  *
Clusters Ordened By clusters lenght: 
    0  1   2  3  4  5  6  7                                         8  9
29  C  2  11  *  *  *  *  *  02ac8dd5-7198-4dd6-8d80-7f49622545d3-IGH  *
28  C  1  10  *  *  *  *  *  00420159-fd55-478d-b636-4af95b3d2403-IGH  *
Clusters Ordened By clusters lenght: 
      0    1   2  3  4  5  6  7                                         8  9
1707  C  539  69  *  *  *  *  *  01119512-aa65-48ac-aa7c-88acd1c5a6fd-IGH  *
1702  C  534  27  *  *  *  *  *  001f6157-0f24-4d25-86a1-ed4bc94f155b-IGH  *
1609  C  441  18  *  *  *  *  *  009d42bd-2e71-461d-b523-5ead25cdafa6-IGH  *
1706  C  538  13  *  *  *  *  *  00edb376-d833-48bc-a548-9a16eec3c175-IGH  *
1722  C  554  13  *  *  *  *  *  0f466300-8aaa-4cd5-9679-074c11e0d0f7-IGH  *
1745  C  577  11  *  *  *  *  *  32008cf7-cae5-4f15-9c9d-ef149e146af3-IGH  *
1499  C  331  10  *  *  *  *  *  1ef79aea-3fbb-4eb7-8755-9b70280160ac-IGH  *
1412  C  244  10  *  *  *  *  *  2556ed25-0876-4b5c-abb3-7a78603feaa5-IGH  *
1721  C  553  10  *  *  *  *  *  0ed5b8c8-245f-4173-9ed9-97ae467e9329-IGH  *
1711  C  543   8  *  *  *  *  *  05587156-2e23-46e0-9bba-1954a01be13a-IGH  *
1830  C  662   7  *  *  *  *  *  26f08c79-7fe8-4654-a379-4df66a681e36-IGH  *
1708  C  540   7  *  *  *  *  *  0259cdab-06f8-4481-9ee5-9ddb56a992c1-IGH  *
1746  C  578   6  *  *  *  *  *  3310a441-2b93-4667-900d-323dabd28a28-IGH  *
1406  C  238   6  *  *  *  *  *  18746e28-e9be-474a-806f-b6d5db41d0d0-IGH  *
1705  C  537   6  *  *  *  *  *  0084cbcb-406b-4cbe-b571-c342297184a8-IGH  *
1731  C  563   6  *  *  *  *  *  1a6c1ce9-fae9-4861-bb78-05c2372edc1d-IGH  *
1818  C  650   6  *  *  *  *  *  0156a0c9-fbb5-4d02-a4b8-1d667887036e-IGH  *
1773  C  605   5  *  *  *  *  *  7bccb226-b75f-4d99-878c-d0b1073e3dca-IGH  *
1522  C  354   5  *  *  *  *  *  2c7a0c84-3bcf-4ac2-8eae-0122415be30e-IGH  *
1540  C  372   5  *  *  *  *  *  6b90060f-7242-42ac-90d1-fe1edfca6aae-IGH  *
1510  C  342   5  *  *  *  *  *  1295668e-8ad9-490c-b133-bbb5821099f8-IGH  *
1864  C  696   5  *  *  *  *  *  8d44ede8-4a20-47b0-97cc-7d27c27fd6fd-IGH  *
1715  C  547   5  *  *  *  *  *  087e17e1-5609-40f4-9403-2dce566347a5-IGH  *
1703  C  535   5  *  *  *  *  *  001f6eab-c516-4f09-80b3-c978bd855042-IGH  *
1741  C  573   5  *  *  *  *  *  2cce89be-fc4d-4b0c-9dba-e0a85a2838f0-IGH  *
1734  C  566   5  *  *  *  *  *  1f51020c-8f74-44bc-be2b-f81d125b571d-IGH  *
1726  C  558   5  *  *  *  *  *  14036708-ed92-469b-b881-939cbc906242-IGH  *
1732  C  564   5  *  *  *  *  *  1d4d04c1-e847-4a4a-b271-297a5a457578-IGH  *
1549  C  381   4  *  *  *  *  *  7e6ded0a-5546-45fb-9047-56a002b7d6d9-IGH  *
1269  C  101   4  *  *  *  *  *  854c42ac-c3e5-47a0-8095-e991657533de-IGH  *
1728  C  560   4  *  *  *  *  *  15ae3dbb-97ff-4264-ac4e-f359f05e76cb-IGH  *
1661  C  493   4  *  *  *  *  *  799adb20-408a-4f47-abc9-9fc6c5bd529b-IGH  *
1790  C  622   4  *  *  *  *  *  ae08b00d-8906-4ae3-9aae-5490fcd57865-IGH  *
1747  C  579   4  *  *  *  *  *  3671c56f-adf6-4e7d-82fa-6fe7ee6f7a94-IGH  *
1744  C  576   4  *  *  *  *  *  30a0e48a-7c93-4c67-9072-5ce487cfb009-IGH  *
1855  C  687   4  *  *  *  *  *  71e60f36-be7b-48e2-9f8d-b18b2b2079c3-IGH  *
1891  C  723   4  *  *  *  *  *  35b36fc3-5377-4b7a-a1c7-bd9fd12b246d-IGH  *
1893  C  725   4  *  *  *  *  *  3f6e7ae8-ded0-46b4-b704-be2c8913643d-IGH  *
1907  C  739   4  *  *  *  *  *  29317797-4677-4e95-9b2f-6ae8b1d8a108-IGH  *
1919  C  751   4  *  *  *  *  *  0af22ef3-d1ef-4195-a563-84630e4a2e77-IGH  *
Clusters Ordened By clusters lenght: 
Empty DataFrame
Columns: [0, 1, 2, 3, 4, 5, 6, 7, 8, 9]
Index: []
Clusters Ordened By clusters lenght: 
    0   1  2  3  4  5  6  7                                         8  9
43  C  13  5  *  *  *  *  *  09995e06-672e-4261-b249-64e64652ea37-IGH  *
44  C  14  5  *  *  *  *  *  0ec7c472-f967-4c05-a8a6-c8a41c78cbce-IGH  *
Clusters Ordened By clusters lenght: 
      0    1    2  3  4  5  6  7                                         8  9
1678  C   23  994  *  *  *  *  *  0096084c-84ba-4c36-8de0-2cfefe901e7c-IGH  *
1679  C   24   75  *  *  *  *  *  00a8bf05-e50c-46b7-bed4-f48efb174e71-IGH  *
1692  C   37   73  *  *  *  *  *  06b87ab2-ca5b-4655-b844-cddf9c8233e8-IGH  *
1688  C   33   62  *  *  *  *  *  051023f4-8b68-4cf0-b90b-4c0981f8e5f4-IGH  *
1693  C   38   53  *  *  *  *  *  0727335e-c479-431b-8c83-5f38b8bc49e7-IGH  *
1720  C   65   16  *  *  *  *  *  1b13fad9-bed9-40ae-a25a-ded66180ac01-IGH  *
1680  C   25   13  *  *  *  *  *  00f9247a-3574-49ae-8bef-4887b45087c3-IGH  *
1694  C   39   12  *  *  *  *  *  0944304f-1ac7-4207-a237-e7af9b2fc21c-IGH  *
1690  C   35   11  *  *  *  *  *  05e7d948-3575-4347-9b76-375eee0a8b41-IGH  *
1717  C   62   10  *  *  *  *  *  18909d63-f2fb-4893-b499-2a6eba9c6deb-IGH  *
1713  C   58    9  *  *  *  *  *  178ad8de-4290-4e84-bbe9-ab85ff3cf838-IGH  *
1677  C   22    8  *  *  *  *  *  0084f7d7-eb24-4b0d-8980-6f9fcb2cc00c-IGH  *
1854  C  199    8  *  *  *  *  *  dc633689-ac75-4252-8938-de0a5119c5cc-IGH  *
1703  C   48    8  *  *  *  *  *  0fd5f88a-de6a-42f9-a266-6f06bcde8cf0-IGH  *
1762  C  107    7  *  *  *  *  *  50725e3d-4c7a-4ab6-89c5-b29e25537546-IGH  *
1704  C   49    7  *  *  *  *  *  0fdd0a7d-3792-42fe-86ea-4a6b6717c399-IGH  *
1685  C   30    7  *  *  *  *  *  035a5bcb-76fb-4008-98b4-f52affea0f13-IGH  *
1662  C    7    6  *  *  *  *  *  123de332-d3cc-4d62-bedb-6a51517cc775-IGH  *
1700  C   45    6  *  *  *  *  *  0ecc66e4-6e22-4d26-a844-baf05a4bda8a-IGH  *
1681  C   26    6  *  *  *  *  *  0113cf15-25c6-4327-add2-04c280eee222-IGH  *
1718  C   63    6  *  *  *  *  *  1a6f2da2-25bb-4912-b1de-0356a575cc18-IGH  *
1682  C   27    5  *  *  *  *  *  01cfdfe2-854c-4289-9cdd-773cf0b766ad-IGH  *
1756  C  101    5  *  *  *  *  *  44073afc-49cc-43a2-8a57-8588af3e9f0c-IGH  *
1732  C   77    5  *  *  *  *  *  244b61ab-0fee-4a80-9792-aab21097b151-IGH  *
1749  C   94    4  *  *  *  *  *  3c1dcabd-aaaf-4d86-a065-abd577bc8cf0-IGH  *
1798  C  143    4  *  *  *  *  *  7d618157-3646-41a0-8950-75eb66b5cd95-IGH  *
Clusters Ordened By clusters lenght: 
    0  1  2  3  4  5  6  7                                         8  9
19  C  7  4  *  *  *  *  *  10ab048d-2e0f-4c66-98b3-1fad59c702d3-IGH  *
Clusters Ordened By clusters lenght: 
Empty DataFrame
Columns: [0, 1, 2, 3, 4, 5, 6, 7, 8, 9]
Index: []
Clusters Ordened By clusters lenght: 
      0     1   2  3  4  5  6  7                                         8  9
1635  C   284  39  *  *  *  *  *  02c7f798-2f94-4534-8fc5-cf97ff123c66-IGH  *
2388  C  1037  18  *  *  *  *  *  07ab7653-da88-4e0e-ab9e-62fe3c5c98b3-IGH  *
2185  C   834  13  *  *  *  *  *  1a60eadb-2299-456a-ae95-ae02376d6441-IGH  *
1657  C   306  13  *  *  *  *  *  221bfcd2-8e2c-4918-ab14-d795182f740d-IGH  *
2392  C  1041   8  *  *  *  *  *  16a218e4-4c99-4f1c-a870-9089facf3aed-IGH  *
1980  C   629   7  *  *  *  *  *  019633f0-af2c-4904-b512-1ecce8e87eba-IGH  *
1439  C    88   6  *  *  *  *  *  809bb0a8-2eb6-4f89-b94a-8bd159174e63-IGH  *
1419  C    68   5  *  *  *  *  *  1588adbc-9c1c-4879-abf3-4d5b56c6c129-IGH  *
1650  C   299   5  *  *  *  *  *  1b291c66-1b36-4f2a-b999-e3833d97e863-IGH  *
1478  C   127   5  *  *  *  *  *  3e687183-922b-4a5e-8874-2e730dc981cc-IGH  *
1706  C   355   5  *  *  *  *  *  636a8601-ba33-4250-a4dc-e33a413651ce-IGH  *
1749  C   398   4  *  *  *  *  *  9e9d3362-b4e8-4f31-8292-944694fe039d-IGH  *
1548  C   197   4  *  *  *  *  *  21a56d59-052c-4cf5-be07-b024b1cbc5ff-IGH  *
1579  C   228   4  *  *  *  *  *  697bd889-680a-4ea6-b4d0-d8281e826041-IGH  *
2047  C   696   4  *  *  *  *  *  52e4904d-8e2e-4479-8dbb-e721cc2c1033-IGH  *
1882  C   531   4  *  *  *  *  *  605c3fbb-5fa4-4ed7-aa92-abfda97f7eb7-IGH  *
1817  C   466   4  *  *  *  *  *  04d538d1-d786-4154-bbda-710acd362c8a-IGH  *
2165  C   814   4  *  *  *  *  *  056362ba-91d9-40f6-bce2-ba8d48b357d3-IGH  *
Clusters Ordened By clusters lenght: 
Empty DataFrame
Columns: [0, 1, 2, 3, 4, 5, 6, 7, 8, 9]
Index: []
Clusters Ordened By clusters lenght: 
     0  1    2  3  4  5  6  7                                         8  9
358  C  3  347  *  *  *  *  *  0088a2b8-7b89-4b54-8e07-df258180334e-IGH  *
Clusters Ordened By clusters lenght: 
Empty DataFrame
Columns: [0, 1, 2, 3, 4, 5, 6, 7, 8, 9]
Index: []
Clusters Ordened By clusters lenght: 
Empty DataFrame
Columns: [0, 1, 2, 3, 4, 5, 6, 7, 8, 9]
Index: []
Clusters Ordened By clusters lenght: 
    0  1   2  3  4  5  6  7                                         8  9
17  C  1  10  *  *  *  *  *  18b1da66-f4bd-428a-9ce9-d268a1ad4558-IGH  *
Clusters Ordened By clusters lenght: 
     0   1   2  3  4  5  6  7                                         8  9
275  C  96  14  *  *  *  *  *  1421c73c-9a8a-4976-b038-890d4b9884fa-IGH  *
208  C  29   8  *  *  *  *  *  03e2085e-fae6-4d7e-a914-e56ef6fe4dc3-IGH  *
213  C  34   7  *  *  *  *  *  49adc71b-8a88-483e-aa2d-4ed56c2a797e-IGH  *
216  C  37   4  *  *  *  *  *  5eafbf70-f8de-43b7-8b84-f5715cef7a82-IGH  *
Clusters Ordened By clusters lenght: 
Empty DataFrame
Columns: [0, 1, 2, 3, 4, 5, 6, 7, 8, 9]
Index: []
Clusters Ordened By clusters lenght: 
Empty DataFrame
Columns: [0, 1, 2, 3, 4, 5, 6, 7, 8, 9]
Index: []
Clusters Ordened By clusters lenght: 
     0   1  2  3  4  5  6  7                                         8  9
140  C  11  5  *  *  *  *  *  024d6eb1-c1f5-49d8-8d2e-dfb535799687-IGH  *
Clusters Ordened By clusters lenght: 
     0    1   2  3  4  5  6  7                                         8  9
793  C  237  17  *  *  *  *  *  0ce72099-df07-4bdf-885a-a2cfbd756db6-IGH  *
911  C  355   8  *  *  *  *  *  205ede87-f851-4d76-8284-6077cfbb158a-IGH  *
708  C  152   5  *  *  *  *  *  00dba7f0-9540-4b3b-b78c-982e9bfa9b6f-IGH  *
659  C  103   4  *  *  *  *  *  293d989a-2836-48b4-9ad6-9c89c5cf6a32-IGH  *
682  C  126   4  *  *  *  *  *  9adc632a-d256-4f11-b003-fe21f7610bef-IGH  *
790  C  234   4  *  *  *  *  *  0c058a1d-ca7a-45a0-b9a2-94130000946f-IGH  *
786  C  230   4  *  *  *  *  *  0375e417-a8b5-473b-9c40-03cc9bb64e62-IGH  *
800  C  244   4  *  *  *  *  *  2678756d-0e1b-49ac-9100-7e0f15f82bef-IGH  *
919  C  363   4  *  *  *  *  *  3dd075f5-df93-4543-af07-aab50f109d0a-IGH  *
Clusters Ordened By clusters lenght: 
Empty DataFrame
Columns: [0, 1, 2, 3, 4, 5, 6, 7, 8, 9]
Index: []
Clusters Ordened By clusters lenght: 
      0    1   2  3  4  5  6  7                                         8  9
693   C    7  84  *  *  *  *  *  0203b128-d686-4af3-b473-be53f0251668-IGH  *
847   C  161  11  *  *  *  *  *  1faa857c-97c9-4499-b2a3-bb9a72e3b32b-IGH  *
845   C  159   7  *  *  *  *  *  0fde4ef4-486c-4157-bf3a-29c43b1c1bae-IGH  *
765   C   79   6  *  *  *  *  *  05d59f6f-7df8-45ef-82ab-263210144d74-IGH  *
971   C  285   6  *  *  *  *  *  174f962a-14dd-4312-a47f-047a431c0f5d-IGH  *
1088  C  402   6  *  *  *  *  *  07be8b79-e3c6-4ff1-99fc-0f72e554f95b-IGH  *
1150  C  464   5  *  *  *  *  *  359da6f6-4dde-4e52-a931-a9f82ec74966-IGH  *
Clusters Ordened By clusters lenght: 
    0  1  2  3  4  5  6  7                                         8  9
34  C  0  4  *  *  *  *  *  1e377c2b-bf3f-456a-968c-e076ae22000b-IGH  *
Clusters Ordened By clusters lenght: 
    0  1  2  3  4  5  6  7                                         8  9
24  C  8  5  *  *  *  *  *  09505654-b243-4dd0-916c-621bcb925ef6-IGH  *
Clusters Ordened By clusters lenght: 
     0  1    2  3  4  5  6  7                                         8  9
159  C  0  126  *  *  *  *  *  04b13ac1-fc1a-4299-b5fe-e22afb7a5122-IGH  *
Clusters Ordened By clusters lenght: 
   0  1  2  3  4  5  6  7                                         8  9
9  C  0  8  *  *  *  *  *  0b6b0c87-2054-4bcc-b5f6-7410fffc39d7-IGH  *
Clusters Ordened By clusters lenght: 
    0   1  2  3  4  5  6  7                                         8  9
61  C  21  5  *  *  *  *  *  04274300-9cfb-445d-be9a-8f2eff1577e6-IGH  *
69  C  29  4  *  *  *  *  *  593a772b-c52c-4a77-87df-2d658ded3327-IGH  *
Clusters Ordened By clusters lenght: 
     0    1  2  3  4  5  6  7                                         8  9
363  C  167  4  *  *  *  *  *  03bffee7-f902-4b81-a687-5efacfe0a440-IGH  *
Clusters Ordened By clusters lenght: 
   0  1  2  3  4  5  6  7                                         8  9
6  C  0  6  *  *  *  *  *  439fccb0-ade0-4b44-98a8-8512646776b9-IGH  *
Clusters Ordened By clusters lenght: 
Empty DataFrame
Columns: [0, 1, 2, 3, 4, 5, 6, 7, 8, 9]
Index: []
Clusters Ordened By clusters lenght: 
     0   1   2  3  4  5  6  7                                         8  9
176  C  49  51  *  *  *  *  *  01dcf228-3911-40cf-90ac-b4495ae6fcd0-IGH  *
Clusters Ordened By clusters lenght: 
Empty DataFrame
Columns: [0, 1, 2, 3, 4, 5, 6, 7, 8, 9]
Index: []
Clusters Ordened By clusters lenght: 
     0   1   2  3  4  5  6  7                                         8  9
157  C  41  26  *  *  *  *  *  02d6df70-5d1d-4dac-b138-4bba299870af-IGH  *
Clusters Ordened By clusters lenght: 
    0  1  2  3  4  5  6  7                                         8  9
12  C  2  7  *  *  *  *  *  439fccb0-ade0-4b44-98a8-8512646776b9-IGH  *
Clusters Ordened By clusters lenght: 
     0    1  2  3  4  5  6  7                                         8  9
296  C   61  8  *  *  *  *  *  0d60694a-61d7-4399-949e-e3fdbd1bb875-IGH  *
325  C   90  8  *  *  *  *  *  3ad5abd7-b49c-4324-bff8-4c1a4ad520e7-IGH  *
323  C   88  6  *  *  *  *  *  0b9a5437-dea6-4f61-9cb7-e62cb6612f4a-IGH  *
400  C  165  6  *  *  *  *  *  0a0bd69b-b96f-45ff-bbac-4ef9561fbe16-IGH  *
386  C  151  6  *  *  *  *  *  2231c438-d3a8-4e1c-ada0-66e0ce323038-IGH  *
374  C  139  5  *  *  *  *  *  07040596-f098-4a8d-ba5c-1f7c0c7d7034-IGH  *
351  C  116  4  *  *  *  *  *  1c1ea9cb-585c-440f-8e02-ec502ccd4124-IGH  *
353  C  118  4  *  *  *  *  *  28db27d0-3179-4c4e-84f8-d93c6e4dd12f-IGH  *
Clusters Ordened By clusters lenght: 
     0    1   2  3  4  5  6  7                                         8  9
565  C   71  76  *  *  *  *  *  08406367-592a-4ef8-aeb4-9a0196833202-IGH  *
567  C   73  70  *  *  *  *  *  098067c8-6ed2-4e35-9978-e4d7b54d0626-IGH  *
591  C   97  14  *  *  *  *  *  1efc8bf2-d214-4c2a-be51-cc04fc281332-IGH  *
568  C   74  13  *  *  *  *  *  0a1d852f-6f9b-4a83-b5a4-633a68c21475-IGH  *
532  C   38  13  *  *  *  *  *  0956bf2c-3573-471c-95bb-899971507222-IGH  *
566  C   72   8  *  *  *  *  *  09393db8-d649-44e2-b1c9-c3197031be72-IGH  *
564  C   70   7  *  *  *  *  *  06bd3be8-80bc-4f0d-bb69-a76f519a96d4-IGH  *
561  C   67   7  *  *  *  *  *  043fdef6-e3ff-4304-8398-6bdc3b5932df-IGH  *
599  C  105   6  *  *  *  *  *  2612bf4f-ebf5-4c1e-87e7-a9ed24d759fe-IGH  *
573  C   79   5  *  *  *  *  *  0cd6aa6a-b2e0-45da-8897-8b96dfb7a442-IGH  *
698  C  204   5  *  *  *  *  *  029c30d4-245d-45d5-9843-fc43ad20ec42-IGH  *
590  C   96   5  *  *  *  *  *  1c3bb014-9889-462f-ad02-f38c07be98fe-IGH  *
574  C   80   4  *  *  *  *  *  0dc44ce8-14ce-4405-a5c4-b140f5e82a41-IGH  *
588  C   94   4  *  *  *  *  *  1983b339-5395-4843-9d36-81e2074b1c6d-IGH  *
600  C  106   4  *  *  *  *  *  26785b30-1a02-422b-84d8-75103a1b3056-IGH  *
611  C  117   4  *  *  *  *  *  3a264696-09d6-49c7-bbb5-7a412e8d4d92-IGH  *
Clusters Ordened By clusters lenght: 
Empty DataFrame
Columns: [0, 1, 2, 3, 4, 5, 6, 7, 8, 9]
Index: []
Clusters Ordened By clusters lenght: 
    0   1  2  3  4  5  6  7                                         8  9
62  C  11  4  *  *  *  *  *  3212b29b-40f6-4976-8e79-8d934857e53b-IGH  *
Clusters Ordened By clusters lenght: 
     0    1   2  3  4  5  6  7                                         8  9
440  C    7  54  *  *  *  *  *  1eb2127f-50e9-4847-a07d-b8b385795291-IGH  *
510  C   77  30  *  *  *  *  *  060face8-1a2a-4723-a94a-164a8798200c-IGH  *
641  C  208  18  *  *  *  *  *  07800229-ba49-404e-9c82-786101558497-IGH  *
681  C  248   6  *  *  *  *  *  31010e18-aabb-4713-96f1-fa41d226c3fd-IGH  *
508  C   75   6  *  *  *  *  *  02916768-a487-48ba-86a9-d939f765cb1d-IGH  *
644  C  211   5  *  *  *  *  *  0e318c54-797d-452b-a501-98214cd8b493-IGH  *
580  C  147   5  *  *  *  *  *  0052372c-ba61-4b93-95f3-25866ac0de74-IGH  *
555  C  122   4  *  *  *  *  *  9438ec37-973a-42a8-81b3-614e7d335245-IGH  *
621  C  188   4  *  *  *  *  *  b5efc68c-71b2-4256-a6a3-0e6e44d58ad4-IGH  *
Clusters Ordened By clusters lenght: 
Empty DataFrame
Columns: [0, 1, 2, 3, 4, 5, 6, 7, 8, 9]
Index: []
Clusters Ordened By clusters lenght: 
     0   1   2  3  4  5  6  7                                         8  9
289  C  31  53  *  *  *  *  *  0307c8c6-09e7-431a-b744-8ca50febb813-IGH  *
288  C  30  26  *  *  *  *  *  025b49c2-53b0-48ff-8dcd-8d18c3ba72b4-IGH  *
290  C  32  19  *  *  *  *  *  03e4cf7a-5435-486a-85d5-710e7595e6a8-IGH  *
294  C  36  18  *  *  *  *  *  0a54b618-5280-451d-9c4b-8d3fb65bf0fe-IGH  *
286  C  28  14  *  *  *  *  *  015f14d5-5be5-4034-8759-095279f9b867-IGH  *
293  C  35   9  *  *  *  *  *  0a17db68-7eb7-460b-8356-4a8ffa4045c7-IGH  *
277  C  19   4  *  *  *  *  *  781746af-d9b4-4424-96a2-44a5d263bf37-IGH  *
300  C  42   4  *  *  *  *  *  1fe55b3f-3a65-43fc-bd44-49df8edc07d1-IGH  *
310  C  52   4  *  *  *  *  *  4183d640-c855-483c-9f4b-264a949af98e-IGH  *
Clusters Ordened By clusters lenght: 
    0  1   2  3  4  5  6  7                                         8  9
41  C  5  11  *  *  *  *  *  01c48867-5307-4aeb-96eb-dac482540ec3-IGH  *
42  C  6   6  *  *  *  *  *  5aac365a-7829-41ae-b3df-6b013accdf3e-IGH  *
Clusters Ordened By clusters lenght: 
     0   1   2  3  4  5  6  7                                         8  9
130  C   0  29  *  *  *  *  *  008963c5-adb0-4d9d-8f28-4c35dd4508ff-IGH  *
149  C  19   4  *  *  *  *  *  4f62f719-ddfc-4592-8896-6d214e4dcdd0-IGH  *
Clusters Ordened By clusters lenght: 
      0     1    2  3  4  5  6  7                                         8  9
4121  C  1454  334  *  *  *  *  *  00396582-1359-4a93-8580-18b3bbf377aa-IGH  *
4122  C  1455   86  *  *  *  *  *  00e530a4-d6ae-4aee-9807-9fa5e12789e1-IGH  *
4272  C  1605   19  *  *  *  *  *  069f06cf-0c38-4008-b5d8-8f6380f02855-IGH  *
4124  C  1457   15  *  *  *  *  *  01d4542c-a45e-4bae-ab76-a11eb7ec0cd9-IGH  *
3713  C  1046   14  *  *  *  *  *  061a20d3-27d7-4ecb-8582-769694e0588c-IGH  *
3076  C   409   11  *  *  *  *  *  0907c4c0-6921-4e7e-802e-bdeb737af7c3-IGH  *
2898  C   231   10  *  *  *  *  *  0ef9772e-1837-4e83-9c60-eaf33bd69c50-IGH  *
4135  C  1468    9  *  *  *  *  *  0f74d9b7-9575-471c-a6e6-c8e01019bbe4-IGH  *
4286  C  1619    9  *  *  *  *  *  1bb8f8c5-c12f-48ac-8bb0-a7480ee492cd-IGH  *
4419  C  1752    8  *  *  *  *  *  118b4d30-658f-42b1-a835-9d4d7e932059-IGH  *
3538  C   871    8  *  *  *  *  *  3d41f508-cbd2-4f76-9ed6-23b80bb6282f-IGH  *
4207  C  1540    7  *  *  *  *  *  8c6310c8-4c0b-4c89-ad0f-a663d6ebf6c4-IGH  *
4288  C  1621    7  *  *  *  *  *  1ec9d564-4998-4b61-a34f-a715427953f3-IGH  *
3760  C  1093    7  *  *  *  *  *  42160165-45fb-452b-a78f-e7542e7181ea-IGH  *
4167  C  1500    7  *  *  *  *  *  45b9cff6-de24-4fbb-844c-7600216db713-IGH  *
3956  C  1289    7  *  *  *  *  *  3260e30c-48b4-4efa-b47d-beaecd11412e-IGH  *
3925  C  1258    7  *  *  *  *  *  0eaa5a8b-7075-477d-b8e1-6dbbc9d5ad45-IGH  *
3074  C   407    6  *  *  *  *  *  06a9c570-436c-42e0-a71e-4b9c9dc5e5bf-IGH  *
2902  C   235    6  *  *  *  *  *  10cca7b7-7777-4651-96e7-af1dc8052403-IGH  *
4287  C  1620    6  *  *  *  *  *  1ec50605-5478-4b6d-ba91-883ba2776ea1-IGH  *
4284  C  1617    5  *  *  *  *  *  10cd0d7f-d4a1-4bb0-aa77-0ac00ab089f1-IGH  *
4359  C  1692    5  *  *  *  *  *  0290047c-3b7c-45f3-bf9e-c0b88797fcae-IGH  *
3506  C   839    5  *  *  *  *  *  19610514-1316-461e-aefb-6f7362130773-IGH  *
3075  C   408    5  *  *  *  *  *  08ccf185-9a03-47d8-baac-1dc7114cd6fd-IGH  *
2911  C   244    5  *  *  *  *  *  1c446957-593d-4103-9426-aa0ae194168d-IGH  *
4140  C  1473    5  *  *  *  *  *  1dab9420-5728-4860-810c-c28c3e8b684b-IGH  *
4208  C  1541    5  *  *  *  *  *  8d251cd6-691f-4dbe-a4e1-feb6d90420cf-IGH  *
4362  C  1695    5  *  *  *  *  *  12430378-ad46-471a-b037-0d0d5142df1c-IGH  *
3485  C   818    5  *  *  *  *  *  03f07571-87ed-4d19-ad67-7dffa0187978-IGH  *
3088  C   421    5  *  *  *  *  *  167a8e99-5557-4dc3-84be-8fae73f857d1-IGH  *
4139  C  1472    5  *  *  *  *  *  1d7a5bea-8e45-4869-a7d2-3d7f12818129-IGH  *
3490  C   823    4  *  *  *  *  *  0626d145-d3fb-468b-bfae-b253921b4c27-IGH  *
3342  C   675    4  *  *  *  *  *  4a293fff-88d7-494a-bd2a-0240c36e3766-IGH  *
3100  C   433    4  *  *  *  *  *  1e2fd52d-bbfd-46bc-bc16-8f3961634439-IGH  *
2925  C   258    4  *  *  *  *  *  270cd160-d2ea-41d4-9999-1a7407187938-IGH  *
2945  C   278    4  *  *  *  *  *  42416f4a-7239-44bf-88f6-a84938594cca-IGH  *
3734  C  1067    4  *  *  *  *  *  1793012c-dfba-4a3c-af7e-0210b87ab319-IGH  *
3777  C  1110    4  *  *  *  *  *  5f109b7b-80c2-4e91-b14e-8972f50b817e-IGH  *
3913  C  1246    4  *  *  *  *  *  07e44b42-25d4-49df-b02d-a0ef604e42c7-IGH  *
4133  C  1466    4  *  *  *  *  *  0eb5de30-3569-4fea-a84c-4730840216ec-IGH  *
4130  C  1463    4  *  *  *  *  *  09423c7b-c391-4a7e-bc2b-79df36b42fe3-IGH  *
3620  C   953    4  *  *  *  *  *  9392a43d-c1e4-4017-9460-2ad5492c7971-IGH  *
3550  C   883    4  *  *  *  *  *  47ff0e26-4d65-4bc2-b0cf-e0b147f2cc6b-IGH  *
3716  C  1049    4  *  *  *  *  *  07c9d54d-ff0f-4475-8fcd-14b2c17b07d6-IGH  *
4147  C  1480    4  *  *  *  *  *  2a3b4d17-c4e7-49b5-a619-b89d030da4c5-IGH  *
4186  C  1519    4  *  *  *  *  *  65578efe-dc7d-4020-a095-08f868383ed2-IGH  *
4274  C  1607    4  *  *  *  *  *  074157ae-5e80-4cdf-8908-2a1062d31516-IGH  *
Clusters Ordened By clusters lenght: 
     0   1   2  3  4  5  6  7                                         8  9
205  C  54  38  *  *  *  *  *  0fbfe7ff-aa19-47e8-87fd-4ddabfaa8008-IGH  *
197  C  46  13  *  *  *  *  *  4e317c9e-5163-4e23-a250-c2a61836ee7b-IGH  *
198  C  47   9  *  *  *  *  *  5682e3cc-1a49-4f3f-8efe-9f31917f37b9-IGH  *
191  C  40   5  *  *  *  *  *  25f00d33-517d-4901-a93a-ff0bb0420a34-IGH  *
192  C  41   5  *  *  *  *  *  2a70f018-e971-4ff6-bdae-f31a389cefb6-IGH  *
190  C  39   4  *  *  *  *  *  0e3f4c78-7879-420c-84ef-91a6138fe630-IGH  *
178  C  27   4  *  *  *  *  *  087d5c0c-27a4-4319-a6a9-0d6ee5f79bd9-IGH  *
