vsearch v2.30.0_linux_x86_64, 94.1GB RAM, 24 cores
https://github.com/torognes/vsearch

Reading file results/clustering/cdr/comp_VH_R3/cdr3_clusters/cb0ae2e6-e86d-41d3-87d0-3c2c915deb50-IGH.fasta 100%
192 nt in 5 seqs, min 30, max 42, avg 38
Masking 100%
Sorting by length 100%
Counting k-mers 100%
Clustering 100%
Sorting clusters 100%
Writing clusters 100%
Clusters: 4 Size min 1, max 2, avg 1.2
Singletons: 3, 60.0% of seqs, 75.0% of clusters
Multiple alignments 100%
vsearch v2.30.0_linux_x86_64, 94.1GB RAM, 24 cores
https://github.com/torognes/vsearch

Reading file results/clustering/cdr/comp_VH_R3/cdr3_clusters/079aa67a-7dfb-4840-903b-cd09bfae1d84-IGH.fasta 100%
3285 nt in 85 seqs, min 18, max 54, avg 39
Masking 100%
Sorting by length 100%
Counting k-mers 100%
Clustering 100%
Sorting clusters 100%
Writing clusters 100%
Clusters: 75 Size min 1, max 4, avg 1.1
Singletons: 70, 82.4% of seqs, 93.3% of clusters
Multiple alignments 100%
vsearch v2.30.0_linux_x86_64, 94.1GB RAM, 24 cores
https://github.com/torognes/vsearch

Reading file results/clustering/cdr/comp_VH_R3/cdr3_clusters/60044120-332f-47ec-8539-78bfe1315b58-IGH.fasta 100%
179 nt in 5 seqs, min 27, max 42, avg 36
Masking 100%
Sorting by length 100%
Counting k-mers 100%
Clustering 100%
Sorting clusters 100%
Writing clusters 100%
Clusters: 4 Size min 1, max 2, avg 1.2
Singletons: 3, 60.0% of seqs, 75.0% of clusters
Multiple alignments 100%
vsearch v2.30.0_linux_x86_64, 94.1GB RAM, 24 cores
https://github.com/torognes/vsearch

Reading file results/clustering/cdr/comp_VH_R3/cdr3_clusters/534033db-30f2-4d74-a548-808f3fc91237-IGH.fasta 100%
75 nt in 2 seqs, min 36, max 39, avg 38
minseqlength 6: 3 sequences discarded.
Masking 100%
Sorting by length 100%
Counting k-mers 100%
Clustering 100%
Sorting clusters 100%
Writing clusters 100%
Clusters: 2 Size min 1, max 1, avg 1.0
Singletons: 2, 100.0% of seqs, 100.0% of clusters
Multiple alignments 100%
vsearch v2.30.0_linux_x86_64, 94.1GB RAM, 24 cores
https://github.com/torognes/vsearch

Reading file results/clustering/cdr/comp_VH_R3/cdr3_clusters/0f2590e6-4c0e-4115-9e07-5ab3eb5c9cd1-IGH.fasta 100%
633 nt in 15 seqs, min 30, max 51, avg 42
Masking 100%
Sorting by length 100%
Counting k-mers 100%
Clustering 100%
Sorting clusters 100%
Writing clusters 100%
Clusters: 15 Size min 1, max 1, avg 1.0
Singletons: 15, 100.0% of seqs, 100.0% of clusters
Multiple alignments 100%
vsearch v2.30.0_linux_x86_64, 94.1GB RAM, 24 cores
https://github.com/torognes/vsearch

Reading file results/clustering/cdr/comp_VH_R3/cdr3_clusters/2d6cbb6e-94ec-4a5f-bcff-b0e9cb758e2f-IGH.fasta 100%
2882 nt in 68 seqs, min 18, max 54, avg 42
Masking 100%
Sorting by length 100%
Counting k-mers 100%
Clustering 100%
Sorting clusters 100%
Writing clusters 100%
Clusters: 59 Size min 1, max 5, avg 1.2
Singletons: 54, 79.4% of seqs, 91.5% of clusters
Multiple alignments 100%
vsearch v2.30.0_linux_x86_64, 94.1GB RAM, 24 cores
https://github.com/torognes/vsearch

Reading file results/clustering/cdr/comp_VH_R3/cdr3_clusters/a788fda0-91c3-4c39-a7e7-65afad2abf7e-IGH.fasta 100%
447 nt in 10 seqs, min 42, max 48, avg 45
Masking 100%
Sorting by length 100%
Counting k-mers 100%
Clustering 100%
Sorting clusters 100%
Writing clusters 100%
Clusters: 6 Size min 1, max 5, avg 1.7
Singletons: 5, 50.0% of seqs, 83.3% of clusters
Multiple alignments 100%
vsearch v2.30.0_linux_x86_64, 94.1GB RAM, 24 cores
https://github.com/torognes/vsearch

Reading file results/clustering/cdr/comp_VH_R3/cdr3_clusters/391f5b2f-90fd-439a-a67f-b0c8a5bee18f-IGH.fasta 100%
1258 nt in 38 seqs, min 15, max 42, avg 33
Masking 100%
Sorting by length 100%
Counting k-mers 100%
Clustering 100%
Sorting clusters 100%
Writing clusters 100%
Clusters: 34 Size min 1, max 2, avg 1.1
Singletons: 30, 78.9% of seqs, 88.2% of clusters
Multiple alignments 100%
vsearch v2.30.0_linux_x86_64, 94.1GB RAM, 24 cores
https://github.com/torognes/vsearch

Reading file results/clustering/cdr/comp_VH_R3/cdr3_clusters/a53c7688-6270-422a-9a84-404a9f856202-IGH.fasta 100%
1251 nt in 29 seqs, min 27, max 48, avg 43
Masking 100%
Sorting by length 100%
Counting k-mers 100%
Clustering 100%
Sorting clusters 100%
Writing clusters 100%
Clusters: 16 Size min 1, max 11, avg 1.8
Singletons: 14, 48.3% of seqs, 87.5% of clusters
Multiple alignments 100%
vsearch v2.30.0_linux_x86_64, 94.1GB RAM, 24 cores
https://github.com/torognes/vsearch

Reading file results/clustering/cdr/comp_VH_R3/cdr3_clusters/054d90f7-aa24-4ac7-9367-6bc8861e19fd-IGH.fasta 100%
612 nt in 19 seqs, min 18, max 45, avg 32
Masking 100%
Sorting by length 100%
Counting k-mers 100%
Clustering 100%
Sorting clusters 100%
Writing clusters 100%
Clusters: 19 Size min 1, max 1, avg 1.0
Singletons: 19, 100.0% of seqs, 100.0% of clusters
Multiple alignments 100%
vsearch v2.30.0_linux_x86_64, 94.1GB RAM, 24 cores
https://github.com/torognes/vsearch

Reading file results/clustering/cdr/comp_VH_R3/cdr3_clusters/713d893a-4eab-4367-9f6f-82332f17de25-IGH.fasta 100%
168 nt in 4 seqs, min 42, max 42, avg 42
minseqlength 6: 1 sequence discarded.
Masking 100%
Sorting by length 100%
Counting k-mers 100%
Clustering 100%
Sorting clusters 100%
Writing clusters 100%
Clusters: 1 Size min 4, max 4, avg 4.0
Singletons: 0, 0.0% of seqs, 0.0% of clusters
Multiple alignments 100%
vsearch v2.30.0_linux_x86_64, 94.1GB RAM, 24 cores
https://github.com/torognes/vsearch

Reading file results/clustering/cdr/comp_VH_R3/cdr3_clusters/addea97d-a0c2-49bf-adfd-18b2ef902b69-IGH.fasta 100%
384 nt in 8 seqs, min 39, max 51, avg 48
Masking 100%
Sorting by length 100%
Counting k-mers 100%
Clustering 100%
Sorting clusters 100%
Writing clusters 100%
Clusters: 6 Size min 1, max 3, avg 1.3
Singletons: 5, 62.5% of seqs, 83.3% of clusters
Multiple alignments 100%
vsearch v2.30.0_linux_x86_64, 94.1GB RAM, 24 cores
https://github.com/torognes/vsearch

Reading file results/clustering/cdr/comp_VH_R3/cdr3_clusters/2ad0b30a-1f52-48c2-bfdb-c864d422a3da-IGH.fasta 100%
1197 nt in 34 seqs, min 15, max 51, avg 35
Masking 100%
Sorting by length 100%
Counting k-mers 100%
Clustering 100%
Sorting clusters 100%
Writing clusters 100%
Clusters: 29 Size min 1, max 2, avg 1.2
Singletons: 24, 70.6% of seqs, 82.8% of clusters
Multiple alignments 100%
vsearch v2.30.0_linux_x86_64, 94.1GB RAM, 24 cores
https://github.com/torognes/vsearch

Reading file results/clustering/cdr/comp_VH_R3/cdr3_clusters/85ffb2b1-c329-41d2-996c-c6a45d654ad8-IGH.fasta 100%
3998 nt in 112 seqs, min 18, max 42, avg 36
Masking 100%
Sorting by length 100%
Counting k-mers 100%
Clustering 100%
Sorting clusters 100%
Writing clusters 100%
Clusters: 105 Size min 1, max 3, avg 1.1
Singletons: 99, 88.4% of seqs, 94.3% of clusters
Multiple alignments 100%
vsearch v2.30.0_linux_x86_64, 94.1GB RAM, 24 cores
https://github.com/torognes/vsearch

Reading file results/clustering/cdr/comp_VH_R3/cdr3_clusters/932eda26-96bb-42a5-b9ac-1d3ad54bf3b5-IGH.fasta 100%
19543 nt in 483 seqs, min 15, max 57, avg 40
Masking 100%
Sorting by length 100%
Counting k-mers 100%
Clustering 100%
Sorting clusters 100%
Writing clusters 100%
Clusters: 411 Size min 1, max 11, avg 1.2
Singletons: 377, 78.1% of seqs, 91.7% of clusters
Multiple alignments 100%
vsearch v2.30.0_linux_x86_64, 94.1GB RAM, 24 cores
https://github.com/torognes/vsearch

Reading file results/clustering/cdr/comp_VH_R3/cdr3_clusters/5e94b901-23e4-4634-9984-71d0ca6f8525-IGH.fasta 100%
236 nt in 6 seqs, min 24, max 45, avg 39
Masking 100%
Sorting by length 100%
Counting k-mers 100%
Clustering 100%
Sorting clusters 100%
Writing clusters 100%
Clusters: 6 Size min 1, max 1, avg 1.0
Singletons: 6, 100.0% of seqs, 100.0% of clusters
Multiple alignments 100%
vsearch v2.30.0_linux_x86_64, 94.1GB RAM, 24 cores
https://github.com/torognes/vsearch

Reading file results/clustering/cdr/comp_VH_R3/cdr3_clusters/dfce0a6f-216f-4e40-a76f-9dbf85c791cb-IGH.fasta 100%
213 nt in 10 seqs, min 15, max 30, avg 21
Masking 100%
Sorting by length 100%
Counting k-mers 100%
Clustering 100%
Sorting clusters 100%
Writing clusters 100%
Clusters: 10 Size min 1, max 1, avg 1.0
Singletons: 10, 100.0% of seqs, 100.0% of clusters
Multiple alignments 100%
vsearch v2.30.0_linux_x86_64, 94.1GB RAM, 24 cores
https://github.com/torognes/vsearch

Reading file results/clustering/cdr/comp_VH_R3/cdr3_clusters/76d28709-380b-4b6e-8cb5-3d19c8db33f7-IGH.fasta 100%
677 nt in 17 seqs, min 27, max 48, avg 40
Masking 100%
Sorting by length 100%
Counting k-mers 100%
Clustering 100%
Sorting clusters 100%
Writing clusters 100%
Clusters: 16 Size min 1, max 2, avg 1.1
Singletons: 15, 88.2% of seqs, 93.8% of clusters
Multiple alignments 100%
vsearch v2.30.0_linux_x86_64, 94.1GB RAM, 24 cores
https://github.com/torognes/vsearch

Reading file results/clustering/cdr/comp_VH_R3/cdr3_clusters/4e2cfe9c-8331-44c2-bf0a-a092d6d986a7-IGH.fasta 100%
4374 nt in 106 seqs, min 18, max 51, avg 41
minseqlength 6: 1 sequence discarded.
Masking 100%
Sorting by length 100%
Counting k-mers 100%
Clustering 100%
Sorting clusters 100%
Writing clusters 100%
Clusters: 89 Size min 1, max 8, avg 1.2
Singletons: 79, 74.5% of seqs, 88.8% of clusters
Multiple alignments 100%
vsearch v2.30.0_linux_x86_64, 94.1GB RAM, 24 cores
https://github.com/torognes/vsearch

Reading file results/clustering/cdr/comp_VH_R3/cdr3_clusters/014d5cc8-9b57-4dc1-972c-d8fd851a9b61-IGH.fasta 100%
186 nt in 5 seqs, min 30, max 42, avg 37
minseqlength 6: 1 sequence discarded.
Masking 100%
Sorting by length 100%
Counting k-mers 100%
Clustering 100%
Sorting clusters 100%
Writing clusters 100%
Clusters: 5 Size min 1, max 1, avg 1.0
Singletons: 5, 100.0% of seqs, 100.0% of clusters
Multiple alignments 100%
vsearch v2.30.0_linux_x86_64, 94.1GB RAM, 24 cores
https://github.com/torognes/vsearch

Reading file results/clustering/cdr/comp_VH_R3/cdr3_clusters/e2f5cb55-6629-4381-aa00-dfaf05482af6-IGH.fasta 100%
857 nt in 24 seqs, min 24, max 42, avg 36
Masking 100%
Sorting by length 100%
Counting k-mers 100%
Clustering 100%
Sorting clusters 100%
Writing clusters 100%
Clusters: 24 Size min 1, max 1, avg 1.0
Singletons: 24, 100.0% of seqs, 100.0% of clusters
Multiple alignments 100%
vsearch v2.30.0_linux_x86_64, 94.1GB RAM, 24 cores
https://github.com/torognes/vsearch

Reading file results/clustering/cdr/comp_VH_R3/cdr3_clusters/87414daa-2891-4415-a56d-adc879862db1-IGH.fasta 100%
237 nt in 5 seqs, min 30, max 57, avg 47
Masking 100%
Sorting by length 100%
Counting k-mers 100%
Clustering 100%
Sorting clusters 100%
Writing clusters 100%
Clusters: 5 Size min 1, max 1, avg 1.0
Singletons: 5, 100.0% of seqs, 100.0% of clusters
Multiple alignments 100%
vsearch v2.30.0_linux_x86_64, 94.1GB RAM, 24 cores
https://github.com/torognes/vsearch

Reading file results/clustering/cdr/comp_VH_R3/cdr3_clusters/61d964ac-ad84-4aa7-85fb-7257a78a7779-IGH.fasta 100%
2964 nt in 75 seqs, min 27, max 45, avg 40
Masking 100%
Sorting by length 100%
Counting k-mers 100%
Clustering 100%
Sorting clusters 100%
Writing clusters 100%
Clusters: 56 Size min 1, max 16, avg 1.3
Singletons: 53, 70.7% of seqs, 94.6% of clusters
Multiple alignments 100%
vsearch v2.30.0_linux_x86_64, 94.1GB RAM, 24 cores
https://github.com/torognes/vsearch

Reading file results/clustering/cdr/comp_VH_R3/cdr3_clusters/4762d465-3a3d-43df-9ca7-fd605210e000-IGH.fasta 100%
591 nt in 13 seqs, min 33, max 54, avg 45
Masking 100%
Sorting by length 100%
Counting k-mers 100%
Clustering 100%
Sorting clusters 100%
Writing clusters 100%
Clusters: 13 Size min 1, max 1, avg 1.0
Singletons: 13, 100.0% of seqs, 100.0% of clusters
Multiple alignments 100%
vsearch v2.30.0_linux_x86_64, 94.1GB RAM, 24 cores
https://github.com/torognes/vsearch

Reading file results/clustering/cdr/comp_VH_R3/cdr3_clusters/5512c1cd-0cb0-434f-b1d1-6a539b3f4701-IGH.fasta 100%
0 nt in 0 seqs
minseqlength 6: 22 sequences discarded.
Masking 100%
Sorting by length 100%
Counting k-mers 100%
Clustering 100%
Sorting clusters 100%
Writing clusters 100%
Clusters: 0
Singletons: 0
Multiple alignments 100%
vsearch v2.30.0_linux_x86_64, 94.1GB RAM, 24 cores
https://github.com/torognes/vsearch

Reading file results/clustering/cdr/comp_VH_R3/cdr3_clusters/2a941a44-8c6c-491d-be3b-3a1a944ce25f-IGH.fasta 100%
192 nt in 4 seqs, min 45, max 51, avg 48
minseqlength 6: 6 sequences discarded.
Masking 100%
Sorting by length 100%
Counting k-mers 100%
Clustering 100%
Sorting clusters 100%
Writing clusters 100%
Clusters: 4 Size min 1, max 1, avg 1.0
Singletons: 4, 100.0% of seqs, 100.0% of clusters
Multiple alignments 100%
vsearch v2.30.0_linux_x86_64, 94.1GB RAM, 24 cores
https://github.com/torognes/vsearch

Reading file results/clustering/cdr/comp_VH_R3/cdr3_clusters/f8aa7f14-4e5f-4c43-b790-77daffbc8800-IGH.fasta 100%
180 nt in 7 seqs, min 15, max 30, avg 26
Masking 100%
Sorting by length 100%
Counting k-mers 100%
Clustering 100%
Sorting clusters 100%
Writing clusters 100%
Clusters: 6 Size min 1, max 2, avg 1.2
Singletons: 5, 71.4% of seqs, 83.3% of clusters
Multiple alignments 100%
vsearch v2.30.0_linux_x86_64, 94.1GB RAM, 24 cores
https://github.com/torognes/vsearch

Reading file results/clustering/cdr/comp_VH_R3/cdr3_clusters/7a026bb3-68e6-451f-b87a-8083053a2a74-IGH.fasta 100%
696 nt in 15 seqs, min 27, max 57, avg 46
Masking 100%
Sorting by length 100%
Counting k-mers 100%
Clustering 100%
Sorting clusters 100%
Writing clusters 100%
Clusters: 15 Size min 1, max 1, avg 1.0
Singletons: 15, 100.0% of seqs, 100.0% of clusters
Multiple alignments 100%
vsearch v2.30.0_linux_x86_64, 94.1GB RAM, 24 cores
https://github.com/torognes/vsearch

Reading file results/clustering/cdr/comp_VH_R3/cdr3_clusters/1e36bd48-515c-436a-87e5-c48b8d44cb06-IGH.fasta 100%
588 nt in 17 seqs, min 27, max 39, avg 35
Masking 100%
Sorting by length 100%
Counting k-mers 100%
Clustering 100%
Sorting clusters 100%
Writing clusters 100%
Clusters: 10 Size min 1, max 7, avg 1.7
Singletons: 8, 47.1% of seqs, 80.0% of clusters
Multiple alignments 100%
vsearch v2.30.0_linux_x86_64, 94.1GB RAM, 24 cores
https://github.com/torognes/vsearch

Reading file results/clustering/cdr/comp_VH_R3/cdr3_clusters/44bab303-98c6-4368-bb2a-8a8d9fd32e58-IGH.fasta 100%
1553 nt in 46 seqs, min 21, max 42, avg 34
Masking 100%
Sorting by length 100%
Counting k-mers 100%
Clustering 100%
Sorting clusters 100%
Writing clusters 100%
Clusters: 43 Size min 1, max 2, avg 1.1
Singletons: 40, 87.0% of seqs, 93.0% of clusters
Multiple alignments 100%
vsearch v2.30.0_linux_x86_64, 94.1GB RAM, 24 cores
https://github.com/torognes/vsearch

Reading file results/clustering/cdr/comp_VH_R3/cdr3_clusters/19703e05-9b51-436d-a43f-fe494499068b-IGH.fasta 100%
426 nt in 11 seqs, min 33, max 42, avg 39
Masking 100%
Sorting by length 100%
Counting k-mers 100%
Clustering 100%
Sorting clusters 100%
Writing clusters 100%
Clusters: 3 Size min 1, max 9, avg 3.7
Singletons: 2, 18.2% of seqs, 66.7% of clusters
Multiple alignments 100%
vsearch v2.30.0_linux_x86_64, 94.1GB RAM, 24 cores
https://github.com/torognes/vsearch

Reading file results/clustering/cdr/comp_VH_R3/cdr3_clusters/ca8194ab-c03d-4124-bde4-66a9cb250b91-IGH.fasta 100%
219 nt in 6 seqs, min 27, max 51, avg 36
Masking 100%
Sorting by length 100%
Counting k-mers 100%
Clustering 100%
Sorting clusters 100%
Writing clusters 100%
Clusters: 6 Size min 1, max 1, avg 1.0
Singletons: 6, 100.0% of seqs, 100.0% of clusters
Multiple alignments 100%
vsearch v2.30.0_linux_x86_64, 94.1GB RAM, 24 cores
https://github.com/torognes/vsearch

Reading file results/clustering/cdr/comp_VH_R3/cdr3_clusters/d8e400a9-41e4-48d1-8b06-3b508f8cd1dd-IGH.fasta 100%
852 nt in 22 seqs, min 30, max 48, avg 39
Masking 100%
Sorting by length 100%
Counting k-mers 100%
Clustering 100%
Sorting clusters 100%
Writing clusters 100%
Clusters: 20 Size min 1, max 2, avg 1.1
Singletons: 18, 81.8% of seqs, 90.0% of clusters
Multiple alignments 100%
vsearch v2.30.0_linux_x86_64, 94.1GB RAM, 24 cores
https://github.com/torognes/vsearch

Reading file results/clustering/cdr/comp_VH_R3/cdr3_clusters/b1919d12-e2c8-443f-a4f8-035f33cd7c6a-IGH.fasta 100%
444 nt in 11 seqs, min 27, max 45, avg 40
Masking 100%
Sorting by length 100%
Counting k-mers 100%
Clustering 100%
Sorting clusters 100%
Writing clusters 100%
Clusters: 9 Size min 1, max 3, avg 1.2
Singletons: 8, 72.7% of seqs, 88.9% of clusters
Multiple alignments 100%
vsearch v2.30.0_linux_x86_64, 94.1GB RAM, 24 cores
https://github.com/torognes/vsearch

Reading file results/clustering/cdr/comp_VH_R3/cdr3_clusters/e85f7a66-a23c-466b-b91d-e33fdd56514a-IGH.fasta 100%
296 nt in 9 seqs, min 18, max 39, avg 33
Masking 100%
Sorting by length 100%
Counting k-mers 100%
Clustering 100%
Sorting clusters 100%
Writing clusters 100%
Clusters: 8 Size min 1, max 2, avg 1.1
Singletons: 7, 77.8% of seqs, 87.5% of clusters
Multiple alignments 100%
vsearch v2.30.0_linux_x86_64, 94.1GB RAM, 24 cores
https://github.com/torognes/vsearch

Reading file results/clustering/cdr/comp_VH_R3/cdr3_clusters/a0b4dda5-3ebc-4c58-a2ee-b7972f538896-IGH.fasta 100%
211 nt in 6 seqs, min 18, max 43, avg 35
Masking 100%
Sorting by length 100%
Counting k-mers 100%
Clustering 100%
Sorting clusters 100%
Writing clusters 100%
Clusters: 5 Size min 1, max 2, avg 1.2
Singletons: 4, 66.7% of seqs, 80.0% of clusters
Multiple alignments 100%
vsearch v2.30.0_linux_x86_64, 94.1GB RAM, 24 cores
https://github.com/torognes/vsearch

Reading file results/clustering/cdr/comp_VH_R3/cdr3_clusters/6ad883f1-242b-4b23-82b3-d7863c28a032-IGH.fasta 100%
2271 nt in 52 seqs, min 21, max 51, avg 44
Masking 100%
Sorting by length 100%
Counting k-mers 100%
Clustering 100%
Sorting clusters 100%
Writing clusters 100%
Clusters: 45 Size min 1, max 3, avg 1.2
Singletons: 40, 76.9% of seqs, 88.9% of clusters
Multiple alignments 100%
vsearch v2.30.0_linux_x86_64, 94.1GB RAM, 24 cores
https://github.com/torognes/vsearch

Reading file results/clustering/cdr/comp_VH_R3/cdr3_clusters/b81c3f50-8455-4d25-a483-a1a52a20e5a8-IGH.fasta 100%
885 nt in 23 seqs, min 21, max 51, avg 38
Masking 100%
Sorting by length 100%
Counting k-mers 100%
Clustering 100%
Sorting clusters 100%
Writing clusters 100%
Clusters: 23 Size min 1, max 1, avg 1.0
Singletons: 23, 100.0% of seqs, 100.0% of clusters
Multiple alignments 100%
vsearch v2.30.0_linux_x86_64, 94.1GB RAM, 24 cores
https://github.com/torognes/vsearch

Reading file results/clustering/cdr/comp_VH_R3/cdr3_clusters/dac178aa-acec-4a44-bb59-bc8d77eb0bb0-IGH.fasta 100%
108 nt in 6 seqs, min 18, max 18, avg 18
Masking 100%
Sorting by length 100%
Counting k-mers 100%
Clustering 100%
Sorting clusters 100%
Writing clusters 100%
Clusters: 3 Size min 1, max 3, avg 2.0
Singletons: 1, 16.7% of seqs, 33.3% of clusters
Multiple alignments 100%
vsearch v2.30.0_linux_x86_64, 94.1GB RAM, 24 cores
https://github.com/torognes/vsearch

Reading file results/clustering/cdr/comp_VH_R3/cdr3_clusters/b618f0e9-a77e-4652-bdd9-0fe2ab2572d9-IGH.fasta 100%
378 nt in 10 seqs, min 30, max 48, avg 38
Masking 100%
Sorting by length 100%
Counting k-mers 100%
Clustering 100%
Sorting clusters 100%
Writing clusters 100%
Clusters: 9 Size min 1, max 2, avg 1.1
Singletons: 8, 80.0% of seqs, 88.9% of clusters
Multiple alignments 100%
vsearch v2.30.0_linux_x86_64, 94.1GB RAM, 24 cores
https://github.com/torognes/vsearch

Reading file results/clustering/cdr/comp_VH_R3/cdr3_clusters/a8e77828-b16a-4dde-870b-4e31a980e3ab-IGH.fasta 100%
1188 nt in 33 seqs, min 18, max 96, avg 36
Masking 100%
Sorting by length 100%
Counting k-mers 100%
Clustering 100%
Sorting clusters 100%
Writing clusters 100%
Clusters: 30 Size min 1, max 2, avg 1.1
Singletons: 27, 81.8% of seqs, 90.0% of clusters
Multiple alignments 100%
vsearch v2.30.0_linux_x86_64, 94.1GB RAM, 24 cores
https://github.com/torognes/vsearch

Reading file results/clustering/cdr/comp_VH_R3/cdr3_clusters/0c8dc29c-3a7d-4d91-9539-47610b78f239-IGH.fasta 100%
159 nt in 5 seqs, min 27, max 36, avg 32
Masking 100%
Sorting by length 100%
Counting k-mers 100%
Clustering 100%
Sorting clusters 100%
Writing clusters 100%
Clusters: 5 Size min 1, max 1, avg 1.0
Singletons: 5, 100.0% of seqs, 100.0% of clusters
Multiple alignments 100%
vsearch v2.30.0_linux_x86_64, 94.1GB RAM, 24 cores
https://github.com/torognes/vsearch

Reading file results/clustering/cdr/comp_VH_R3/cdr3_clusters/b1001ce2-9d17-4f75-b38f-d06324f784a5-IGH.fasta 100%
509 nt in 13 seqs, min 30, max 49, avg 39
minseqlength 6: 3 sequences discarded.
Masking 100%
Sorting by length 100%
Counting k-mers 100%
Clustering 100%
Sorting clusters 100%
Writing clusters 100%
Clusters: 13 Size min 1, max 1, avg 1.0
Singletons: 13, 100.0% of seqs, 100.0% of clusters
Multiple alignments 100%
vsearch v2.30.0_linux_x86_64, 94.1GB RAM, 24 cores
https://github.com/torognes/vsearch

Reading file results/clustering/cdr/comp_VH_R3/cdr3_clusters/37926587-3ade-4ac1-afb6-0eeca1cbc9d7-IGH.fasta 100%
500 nt in 12 seqs, min 27, max 45, avg 42
Masking 100%
Sorting by length 100%
Counting k-mers 100%
Clustering 100%
Sorting clusters 100%
Writing clusters 100%
Clusters: 10 Size min 1, max 3, avg 1.2
Singletons: 9, 75.0% of seqs, 90.0% of clusters
Multiple alignments 100%
vsearch v2.30.0_linux_x86_64, 94.1GB RAM, 24 cores
https://github.com/torognes/vsearch

Reading file results/clustering/cdr/comp_VH_R3/cdr3_clusters/1148856e-2efb-4ca5-aa77-d65aeee766ca-IGH.fasta 100%
1905 nt in 66 seqs, min 12, max 42, avg 29
Masking 100%
Sorting by length 100%
Counting k-mers 100%
Clustering 100%
Sorting clusters 100%
Writing clusters 100%
Clusters: 61 Size min 1, max 2, avg 1.1
Singletons: 56, 84.8% of seqs, 91.8% of clusters
Multiple alignments 100%
vsearch v2.30.0_linux_x86_64, 94.1GB RAM, 24 cores
https://github.com/torognes/vsearch

Reading file results/clustering/cdr/comp_VH_R3/cdr3_clusters/57be3619-d147-4225-812a-8c0589b6a2ae-IGH.fasta 100%
363 nt in 9 seqs, min 39, max 51, avg 40
Masking 100%
Sorting by length 100%
Counting k-mers 100%
Clustering 100%
Sorting clusters 100%
Writing clusters 100%
Clusters: 4 Size min 1, max 6, avg 2.2
Singletons: 3, 33.3% of seqs, 75.0% of clusters
Multiple alignments 100%
vsearch v2.30.0_linux_x86_64, 94.1GB RAM, 24 cores
https://github.com/torognes/vsearch

Reading file results/clustering/cdr/comp_VH_R3/cdr3_clusters/0f73b0d0-1401-4d1c-9147-f6cddc1274ae-IGH.fasta 100%
0 nt in 0 seqs
minseqlength 6: 49 sequences discarded.
Masking 100%
Sorting by length 100%
Counting k-mers 100%
Clustering 100%
Sorting clusters 100%
Writing clusters 100%
Clusters: 0
Singletons: 0
Multiple alignments 100%
vsearch v2.30.0_linux_x86_64, 94.1GB RAM, 24 cores
https://github.com/torognes/vsearch

Reading file results/clustering/cdr/comp_VH_R3/cdr3_clusters/01c32013-f4f0-492a-8299-6bfcc69e6333-IGH.fasta 100%
1614 nt in 44 seqs, min 12, max 54, avg 37
Masking 100%
Sorting by length 100%
Counting k-mers 100%
Clustering 100%
Sorting clusters 100%
Writing clusters 100%
Clusters: 43 Size min 1, max 2, avg 1.0
Singletons: 42, 95.5% of seqs, 97.7% of clusters
Multiple alignments 100%
vsearch v2.30.0_linux_x86_64, 94.1GB RAM, 24 cores
https://github.com/torognes/vsearch

Reading file results/clustering/cdr/comp_VH_R3/cdr3_clusters/d6a7da22-69df-4738-9275-934984951abf-IGH.fasta 100%
2370 nt in 64 seqs, min 15, max 54, avg 37
Masking 100%
Sorting by length 100%
Counting k-mers 100%
Clustering 100%
Sorting clusters 100%
Writing clusters 100%
Clusters: 61 Size min 1, max 4, avg 1.0
Singletons: 60, 93.8% of seqs, 98.4% of clusters
Multiple alignments 100%
vsearch v2.30.0_linux_x86_64, 94.1GB RAM, 24 cores
https://github.com/torognes/vsearch

Reading file results/clustering/cdr/comp_VH_R3/cdr3_clusters/a523a90e-1d89-4e31-be10-8225af289d75-IGH.fasta 100%
3059 nt in 68 seqs, min 36, max 54, avg 45
minseqlength 6: 1 sequence discarded.
Masking 100%
Sorting by length 100%
Counting k-mers 100%
Clustering 100%
Sorting clusters 100%
Writing clusters 100%
Clusters: 4 Size min 1, max 65, avg 17.0
Singletons: 3, 4.4% of seqs, 75.0% of clusters
Multiple alignments 100%
vsearch v2.30.0_linux_x86_64, 94.1GB RAM, 24 cores
https://github.com/torognes/vsearch

Reading file results/clustering/cdr/comp_VH_R3/cdr3_clusters/58c3345c-a1b6-4897-a805-3a5099d368d5-IGH.fasta 100%
2787 nt in 83 seqs, min 18, max 45, avg 34
Masking 100%
Sorting by length 100%
Counting k-mers 100%
Clustering 100%
Sorting clusters 100%
Writing clusters 100%
Clusters: 72 Size min 1, max 8, avg 1.2
Singletons: 68, 81.9% of seqs, 94.4% of clusters
Multiple alignments 100%
vsearch v2.30.0_linux_x86_64, 94.1GB RAM, 24 cores
https://github.com/torognes/vsearch

Reading file results/clustering/cdr/comp_VH_R3/cdr3_clusters/9d5799d5-47eb-47ac-ba23-23a98061906b-IGH.fasta 100%
2219 nt in 50 seqs, min 24, max 54, avg 44
Masking 100%
Sorting by length 100%
Counting k-mers 100%
Clustering 100%
Sorting clusters 100%
Writing clusters 100%
Clusters: 45 Size min 1, max 3, avg 1.1
Singletons: 41, 82.0% of seqs, 91.1% of clusters
Multiple alignments 100%
vsearch v2.30.0_linux_x86_64, 94.1GB RAM, 24 cores
https://github.com/torognes/vsearch

Reading file results/clustering/cdr/comp_VH_R3/cdr3_clusters/944b2108-8256-4950-915c-e11a3ef3181d-IGH.fasta 100%
612 nt in 17 seqs, min 36, max 36, avg 36
Masking 100%
Sorting by length 100%
Counting k-mers 100%
Clustering 100%
Sorting clusters 100%
Writing clusters 100%
Clusters: 5 Size min 1, max 11, avg 3.4
Singletons: 3, 17.6% of seqs, 60.0% of clusters
Multiple alignments 100%
vsearch v2.30.0_linux_x86_64, 94.1GB RAM, 24 cores
https://github.com/torognes/vsearch

Reading file results/clustering/cdr/comp_VH_R3/cdr3_clusters/063d80a7-1913-4dc9-947a-04c598c12840-IGH.fasta 100%
0 nt in 0 seqs
minseqlength 6: 15 sequences discarded.
Masking 100%
Sorting by length 100%
Counting k-mers 100%
Clustering 100%
Sorting clusters 100%
Writing clusters 100%
Clusters: 0
Singletons: 0
Multiple alignments 100%
vsearch v2.30.0_linux_x86_64, 94.1GB RAM, 24 cores
https://github.com/torognes/vsearch

Reading file results/clustering/cdr/comp_VH_R3/cdr3_clusters/379f956b-a156-44d3-8a0f-b611aa078835-IGH.fasta 100%
324 nt in 9 seqs, min 27, max 42, avg 36
Masking 100%
Sorting by length 100%
Counting k-mers 100%
Clustering 100%
Sorting clusters 100%
Writing clusters 100%
Clusters: 8 Size min 1, max 2, avg 1.1
Singletons: 7, 77.8% of seqs, 87.5% of clusters
Multiple alignments 100%
vsearch v2.30.0_linux_x86_64, 94.1GB RAM, 24 cores
https://github.com/torognes/vsearch

Reading file results/clustering/cdr/comp_VH_R3/cdr3_clusters/86156fc2-01ee-4723-913d-2610c7a18694-IGH.fasta 100%
510 nt in 12 seqs, min 30, max 54, avg 42
Masking 100%
Sorting by length 100%
Counting k-mers 100%
Clustering 100%
Sorting clusters 100%
Writing clusters 100%
Clusters: 11 Size min 1, max 2, avg 1.1
Singletons: 10, 83.3% of seqs, 90.9% of clusters
Multiple alignments 100%
vsearch v2.30.0_linux_x86_64, 94.1GB RAM, 24 cores
https://github.com/torognes/vsearch

Reading file results/clustering/cdr/comp_VH_R3/cdr3_clusters/a57a1ee3-99ee-43da-904e-694ee9caf4d4-IGH.fasta 100%
75 nt in 2 seqs, min 30, max 45, avg 38
minseqlength 6: 4 sequences discarded.
Masking 100%
Sorting by length 100%
Counting k-mers 100%
Clustering 100%
Sorting clusters 100%
Writing clusters 100%
Clusters: 2 Size min 1, max 1, avg 1.0
Singletons: 2, 100.0% of seqs, 100.0% of clusters
Multiple alignments 100%
vsearch v2.30.0_linux_x86_64, 94.1GB RAM, 24 cores
https://github.com/torognes/vsearch

Reading file results/clustering/cdr/comp_VH_R3/cdr3_clusters/e31f1040-8168-4cdb-b957-40074928e63f-IGH.fasta 100%
1167 nt in 30 seqs, min 33, max 42, avg 39
Masking 100%
Sorting by length 100%
Counting k-mers 100%
Clustering 100%
Sorting clusters 100%
Writing clusters 100%
Clusters: 17 Size min 1, max 13, avg 1.8
Singletons: 15, 50.0% of seqs, 88.2% of clusters
Multiple alignments 100%
vsearch v2.30.0_linux_x86_64, 94.1GB RAM, 24 cores
https://github.com/torognes/vsearch

Reading file results/clustering/cdr/comp_VH_R3/cdr3_clusters/87f64598-2b73-42f5-9de3-8959c08592cc-IGH.fasta 100%
3050 nt in 81 seqs, min 24, max 48, avg 38
Masking 100%
Sorting by length 100%
Counting k-mers 100%
Clustering 100%
Sorting clusters 100%
Writing clusters 100%
Clusters: 67 Size min 1, max 9, avg 1.2
Singletons: 60, 74.1% of seqs, 89.6% of clusters
Multiple alignments 100%
vsearch v2.30.0_linux_x86_64, 94.1GB RAM, 24 cores
https://github.com/torognes/vsearch

Reading file results/clustering/cdr/comp_VH_R3/cdr3_clusters/133499e3-756d-4d43-9443-0d3f2078da96-IGH.fasta 100%
198 nt in 7 seqs, min 24, max 33, avg 28
Masking 100%
Sorting by length 100%
Counting k-mers 100%
Clustering 100%
Sorting clusters 100%
Writing clusters 100%
Clusters: 6 Size min 1, max 2, avg 1.2
Singletons: 5, 71.4% of seqs, 83.3% of clusters
Multiple alignments 100%
vsearch v2.30.0_linux_x86_64, 94.1GB RAM, 24 cores
https://github.com/torognes/vsearch

Reading file results/clustering/cdr/comp_VH_R3/cdr3_clusters/4b872a6c-3f4d-4718-bde0-6723ee2e5937-IGH.fasta 100%
162 nt in 5 seqs, min 30, max 33, avg 32
Masking 100%
Sorting by length 100%
Counting k-mers 100%
Clustering 100%
Sorting clusters 100%
Writing clusters 100%
Clusters: 4 Size min 1, max 2, avg 1.2
Singletons: 3, 60.0% of seqs, 75.0% of clusters
Multiple alignments 100%
vsearch v2.30.0_linux_x86_64, 94.1GB RAM, 24 cores
https://github.com/torognes/vsearch

Reading file results/clustering/cdr/comp_VH_R3/cdr3_clusters/d7585d60-7426-426b-a030-cb819b554e62-IGH.fasta 100%
159 nt in 5 seqs, min 30, max 33, avg 32
Masking 100%
Sorting by length 100%
Counting k-mers 100%
Clustering 100%
Sorting clusters 100%
Writing clusters 100%
Clusters: 5 Size min 1, max 1, avg 1.0
Singletons: 5, 100.0% of seqs, 100.0% of clusters
Multiple alignments 100%
vsearch v2.30.0_linux_x86_64, 94.1GB RAM, 24 cores
https://github.com/torognes/vsearch

Reading file results/clustering/cdr/comp_VH_R3/cdr3_clusters/1d7356d9-3df1-43a8-88c9-dfca79e9ca64-IGH.fasta 100%
2337 nt in 52 seqs, min 33, max 54, avg 45
Masking 100%
Sorting by length 100%
Counting k-mers 100%
Clustering 100%
Sorting clusters 100%
Writing clusters 100%
Clusters: 38 Size min 1, max 6, avg 1.4
Singletons: 31, 59.6% of seqs, 81.6% of clusters
Multiple alignments 100%
vsearch v2.30.0_linux_x86_64, 94.1GB RAM, 24 cores
https://github.com/torognes/vsearch

Reading file results/clustering/cdr/comp_VH_R3/cdr3_clusters/85a33cc9-67a2-4bcd-809c-a65b6f0990a1-IGH.fasta 100%
957 nt in 30 seqs, min 18, max 39, avg 32
Masking 100%
Sorting by length 100%
Counting k-mers 100%
Clustering 100%
Sorting clusters 100%
Writing clusters 100%
Clusters: 30 Size min 1, max 1, avg 1.0
Singletons: 30, 100.0% of seqs, 100.0% of clusters
Multiple alignments 100%
vsearch v2.30.0_linux_x86_64, 94.1GB RAM, 24 cores
https://github.com/torognes/vsearch

Reading file results/clustering/cdr/comp_VH_R3/cdr3_clusters/a43a20ca-524a-4b44-907e-88e62bb7b938-IGH.fasta 100%
355 nt in 13 seqs, min 21, max 42, avg 27
Masking 100%
Sorting by length 100%
Counting k-mers 100%
Clustering 100%
Sorting clusters 100%
Writing clusters 100%
Clusters: 13 Size min 1, max 1, avg 1.0
Singletons: 13, 100.0% of seqs, 100.0% of clusters
Multiple alignments 100%
vsearch v2.30.0_linux_x86_64, 94.1GB RAM, 24 cores
https://github.com/torognes/vsearch

Reading file results/clustering/cdr/comp_VH_R3/cdr3_clusters/d61c6c99-e5a6-4be2-8dd9-9c30c9f25ffa-IGH.fasta 100%
186 nt in 9 seqs, min 15, max 27, avg 21
minseqlength 6: 1 sequence discarded.
Masking 100%
Sorting by length 100%
Counting k-mers 100%
Clustering 100%
Sorting clusters 100%
Writing clusters 100%
Clusters: 8 Size min 1, max 2, avg 1.1
Singletons: 7, 77.8% of seqs, 87.5% of clusters
Multiple alignments 100%
vsearch v2.30.0_linux_x86_64, 94.1GB RAM, 24 cores
https://github.com/torognes/vsearch

Reading file results/clustering/cdr/comp_VH_R3/cdr3_clusters/4e47676f-8378-432e-8c77-09e4c85db871-IGH.fasta 100%
396 nt in 12 seqs, min 33, max 33, avg 33
Masking 100%
Sorting by length 100%
Counting k-mers 100%
Clustering 100%
Sorting clusters 100%
Writing clusters 100%
Clusters: 1 Size min 12, max 12, avg 12.0
Singletons: 0, 0.0% of seqs, 0.0% of clusters
Multiple alignments 100%
vsearch v2.30.0_linux_x86_64, 94.1GB RAM, 24 cores
https://github.com/torognes/vsearch

Reading file results/clustering/cdr/comp_VH_R3/cdr3_clusters/18108922-6300-43b4-b73d-fb612fc383ff-IGH.fasta 100%
0 nt in 0 seqs
minseqlength 6: 17 sequences discarded.
Masking 100%
Sorting by length 100%
Counting k-mers 100%
Clustering 100%
Sorting clusters 100%
Writing clusters 100%
Clusters: 0
Singletons: 0
Multiple alignments 100%
vsearch v2.30.0_linux_x86_64, 94.1GB RAM, 24 cores
https://github.com/torognes/vsearch

Reading file results/clustering/cdr/comp_VH_R3/cdr3_clusters/77dbe3ce-eb01-453a-bec8-e61d36c5561a-IGH.fasta 100%
1044 nt in 27 seqs, min 21, max 45, avg 39
Masking 100%
Sorting by length 100%
Counting k-mers 100%
Clustering 100%
Sorting clusters 100%
Writing clusters 100%
Clusters: 27 Size min 1, max 1, avg 1.0
Singletons: 27, 100.0% of seqs, 100.0% of clusters
Multiple alignments 100%
vsearch v2.30.0_linux_x86_64, 94.1GB RAM, 24 cores
https://github.com/torognes/vsearch

Reading file results/clustering/cdr/comp_VH_R3/cdr3_clusters/8ccf4871-0a06-49f1-8c16-7007a6afab74-IGH.fasta 100%
14527 nt in 413 seqs, min 15, max 54, avg 35
Masking 100%
Sorting by length 100%
Counting k-mers 100%
Clustering 100%
Sorting clusters 100%
Writing clusters 100%
Clusters: 356 Size min 1, max 8, avg 1.2
Singletons: 320, 77.5% of seqs, 89.9% of clusters
Multiple alignments 100%
vsearch v2.30.0_linux_x86_64, 94.1GB RAM, 24 cores
https://github.com/torognes/vsearch

Reading file results/clustering/cdr/comp_VH_R3/cdr3_clusters/9a54090d-c7e8-45e7-8b04-cd9adc1431ba-IGH.fasta 100%
1215 nt in 32 seqs, min 27, max 48, avg 38
Masking 100%
Sorting by length 100%
Counting k-mers 100%
Clustering 100%
Sorting clusters 100%
Writing clusters 100%
Clusters: 29 Size min 1, max 3, avg 1.1
Singletons: 27, 84.4% of seqs, 93.1% of clusters
Multiple alignments 100%
vsearch v2.30.0_linux_x86_64, 94.1GB RAM, 24 cores
https://github.com/torognes/vsearch

Reading file results/clustering/cdr/comp_VH_R3/cdr3_clusters/c05e7828-c738-4a33-8eb3-6cc9342041b7-IGH.fasta 100%
198 nt in 5 seqs, min 33, max 45, avg 40
Masking 100%
Sorting by length 100%
Counting k-mers 100%
Clustering 100%
Sorting clusters 100%
Writing clusters 100%
Clusters: 4 Size min 1, max 2, avg 1.2
Singletons: 3, 60.0% of seqs, 75.0% of clusters
Multiple alignments 100%
vsearch v2.30.0_linux_x86_64, 94.1GB RAM, 24 cores
https://github.com/torognes/vsearch

Reading file results/clustering/cdr/comp_VH_R3/cdr3_clusters/38f61741-a480-48d9-b505-5ea3025e392c-IGH.fasta 100%
1676 nt in 38 seqs, min 33, max 54, avg 44
Masking 100%
Sorting by length 100%
Counting k-mers 100%
Clustering 100%
Sorting clusters 100%
Writing clusters 100%
Clusters: 35 Size min 1, max 3, avg 1.1
Singletons: 33, 86.8% of seqs, 94.3% of clusters
Multiple alignments 100%
vsearch v2.30.0_linux_x86_64, 94.1GB RAM, 24 cores
https://github.com/torognes/vsearch

Reading file results/clustering/cdr/comp_VH_R3/cdr3_clusters/1004f15f-85e6-4c6a-b3df-58941948318b-IGH.fasta 100%
885 nt in 21 seqs, min 27, max 54, avg 42
Masking 100%
Sorting by length 100%
Counting k-mers 100%
Clustering 100%
Sorting clusters 100%
Writing clusters 100%
Clusters: 19 Size min 1, max 2, avg 1.1
Singletons: 17, 81.0% of seqs, 89.5% of clusters
Multiple alignments 100%
vsearch v2.30.0_linux_x86_64, 94.1GB RAM, 24 cores
https://github.com/torognes/vsearch

Reading file results/clustering/cdr/comp_VH_R3/cdr3_clusters/389cc5af-81c5-4b7e-97bb-568f7eea4c27-IGH.fasta 100%
219 nt in 5 seqs, min 36, max 54, avg 44
Masking 100%
Sorting by length 100%
Counting k-mers 100%
Clustering 100%
Sorting clusters 100%
Writing clusters 100%
Clusters: 5 Size min 1, max 1, avg 1.0
Singletons: 5, 100.0% of seqs, 100.0% of clusters
Multiple alignments 100%
vsearch v2.30.0_linux_x86_64, 94.1GB RAM, 24 cores
https://github.com/torognes/vsearch

Reading file results/clustering/cdr/comp_VH_R3/cdr3_clusters/e01efa0c-11ea-429e-850d-4f712878e736-IGH.fasta 100%
960 nt in 19 seqs, min 27, max 54, avg 51
Masking 100%
Sorting by length 100%
Counting k-mers 100%
Clustering 100%
Sorting clusters 100%
Writing clusters 100%
Clusters: 5 Size min 1, max 13, avg 3.8
Singletons: 3, 15.8% of seqs, 60.0% of clusters
Multiple alignments 100%
vsearch v2.30.0_linux_x86_64, 94.1GB RAM, 24 cores
https://github.com/torognes/vsearch

Reading file results/clustering/cdr/comp_VH_R3/cdr3_clusters/8339a860-3a65-4b9c-a1ed-b89b9f59128f-IGH.fasta 100%
0 nt in 0 seqs
minseqlength 6: 5 sequences discarded.
Masking 100%
Sorting by length 100%
Counting k-mers 100%
Clustering 100%
Sorting clusters 100%
Writing clusters 100%
Clusters: 0
Singletons: 0
Multiple alignments 100%
vsearch v2.30.0_linux_x86_64, 94.1GB RAM, 24 cores
https://github.com/torognes/vsearch

Reading file results/clustering/cdr/comp_VH_R3/cdr3_clusters/7581bb4f-6fea-4208-a050-9de56c471dcd-IGH.fasta 100%
1599 nt in 51 seqs, min 15, max 57, avg 31
Masking 100%
Sorting by length 100%
Counting k-mers 100%
Clustering 100%
Sorting clusters 100%
Writing clusters 100%
Clusters: 46 Size min 1, max 5, avg 1.1
Singletons: 44, 86.3% of seqs, 95.7% of clusters
Multiple alignments 100%
vsearch v2.30.0_linux_x86_64, 94.1GB RAM, 24 cores
https://github.com/torognes/vsearch

Reading file results/clustering/cdr/comp_VH_R3/cdr3_clusters/de99ca77-c153-4231-98af-d1bdf2e815b5-IGH.fasta 100%
2847 nt in 77 seqs, min 21, max 48, avg 37
Masking 100%
Sorting by length 100%
Counting k-mers 100%
Clustering 100%
Sorting clusters 100%
Writing clusters 100%
Clusters: 63 Size min 1, max 7, avg 1.2
Singletons: 57, 74.0% of seqs, 90.5% of clusters
Multiple alignments 100%
vsearch v2.30.0_linux_x86_64, 94.1GB RAM, 24 cores
https://github.com/torognes/vsearch

Reading file results/clustering/cdr/comp_VH_R3/cdr3_clusters/b4da9887-ca7f-4675-979d-2dc6ba65d5d3-IGH.fasta 100%
735 nt in 17 seqs, min 33, max 51, avg 43
Masking 100%
Sorting by length 100%
Counting k-mers 100%
Clustering 100%
Sorting clusters 100%
Writing clusters 100%
Clusters: 16 Size min 1, max 2, avg 1.1
Singletons: 15, 88.2% of seqs, 93.8% of clusters
Multiple alignments 100%
vsearch v2.30.0_linux_x86_64, 94.1GB RAM, 24 cores
https://github.com/torognes/vsearch

Reading file results/clustering/cdr/comp_VH_R3/cdr3_clusters/3569d735-3b26-4ba3-bef2-d1e03cc4a166-IGH.fasta 100%
681 nt in 21 seqs, min 21, max 42, avg 32
Masking 100%
Sorting by length 100%
Counting k-mers 100%
Clustering 100%
Sorting clusters 100%
Writing clusters 100%
Clusters: 19 Size min 1, max 3, avg 1.1
Singletons: 18, 85.7% of seqs, 94.7% of clusters
Multiple alignments 100%
vsearch v2.30.0_linux_x86_64, 94.1GB RAM, 24 cores
https://github.com/torognes/vsearch

Reading file results/clustering/cdr/comp_VH_R3/cdr3_clusters/0fea83f9-e352-4d5e-a900-f0160257f259-IGH.fasta 100%
1299 nt in 31 seqs, min 27, max 51, avg 42
Masking 100%
Sorting by length 100%
Counting k-mers 100%
Clustering 100%
Sorting clusters 100%
Writing clusters 100%
Clusters: 29 Size min 1, max 2, avg 1.1
Singletons: 27, 87.1% of seqs, 93.1% of clusters
Multiple alignments 100%
vsearch v2.30.0_linux_x86_64, 94.1GB RAM, 24 cores
https://github.com/torognes/vsearch

Reading file results/clustering/cdr/comp_VH_R3/cdr3_clusters/2ed37f27-6e8c-4b4b-af69-503b0f6e1454-IGH.fasta 100%
8543 nt in 210 seqs, min 18, max 57, avg 41
Masking 100%
Sorting by length 100%
Counting k-mers 100%
Clustering 100%
Sorting clusters 100%
Writing clusters 100%
Clusters: 162 Size min 1, max 6, avg 1.3
Singletons: 137, 65.2% of seqs, 84.6% of clusters
Multiple alignments 100%
vsearch v2.30.0_linux_x86_64, 94.1GB RAM, 24 cores
https://github.com/torognes/vsearch

Reading file results/clustering/cdr/comp_VH_R3/cdr3_clusters/4c50fdca-aba8-40ff-bb00-ee40bd442486-IGH.fasta 100%
220 nt in 5 seqs, min 37, max 48, avg 44
Masking 100%
Sorting by length 100%
Counting k-mers 100%
Clustering 100%
Sorting clusters 100%
Writing clusters 100%
Clusters: 5 Size min 1, max 1, avg 1.0
Singletons: 5, 100.0% of seqs, 100.0% of clusters
Multiple alignments 100%
vsearch v2.30.0_linux_x86_64, 94.1GB RAM, 24 cores
https://github.com/torognes/vsearch

Reading file results/clustering/cdr/comp_VH_R3/cdr3_clusters/70b56f97-b2de-4b81-8f5f-11070ee6042e-IGH.fasta 100%
1374 nt in 43 seqs, min 15, max 45, avg 32
Masking 100%
Sorting by length 100%
Counting k-mers 100%
Clustering 100%
Sorting clusters 100%
Writing clusters 100%
Clusters: 36 Size min 1, max 3, avg 1.2
Singletons: 31, 72.1% of seqs, 86.1% of clusters
Multiple alignments 100%
vsearch v2.30.0_linux_x86_64, 94.1GB RAM, 24 cores
https://github.com/torognes/vsearch

Reading file results/clustering/cdr/comp_VH_R3/cdr3_clusters/8ca8ac71-e8ab-4bde-903d-10dd68fd48a0-IGH.fasta 100%
2742 nt in 102 seqs, min 21, max 51, avg 27
Masking 100%
Sorting by length 100%
Counting k-mers 100%
Clustering 100%
Sorting clusters 100%
Writing clusters 100%
Clusters: 35 Size min 1, max 41, avg 2.9
Singletons: 29, 28.4% of seqs, 82.9% of clusters
Multiple alignments 100%
vsearch v2.30.0_linux_x86_64, 94.1GB RAM, 24 cores
https://github.com/torognes/vsearch

Reading file results/clustering/cdr/comp_VH_R3/cdr3_clusters/0e3c6ae1-ac54-47b5-855d-da2b7cf82efc-IGH.fasta 100%
1798 nt in 47 seqs, min 27, max 45, avg 38
minseqlength 6: 1 sequence discarded.
Masking 100%
Sorting by length 100%
Counting k-mers 100%
Clustering 100%
Sorting clusters 100%
Writing clusters 100%
Clusters: 40 Size min 1, max 4, avg 1.2
Singletons: 36, 76.6% of seqs, 90.0% of clusters
Multiple alignments 100%
vsearch v2.30.0_linux_x86_64, 94.1GB RAM, 24 cores
https://github.com/torognes/vsearch

Reading file results/clustering/cdr/comp_VH_R3/cdr3_clusters/c66239de-f148-4d76-a182-22beefe26b25-IGH.fasta 100%
2001 nt in 48 seqs, min 24, max 48, avg 42
Masking 100%
Sorting by length 100%
Counting k-mers 100%
Clustering 100%
Sorting clusters 100%
Writing clusters 100%
Clusters: 39 Size min 1, max 5, avg 1.2
Singletons: 33, 68.8% of seqs, 84.6% of clusters
Multiple alignments 100%
vsearch v2.30.0_linux_x86_64, 94.1GB RAM, 24 cores
https://github.com/torognes/vsearch

Reading file results/clustering/cdr/comp_VH_R3/cdr3_clusters/2cfae6ca-cc3f-4b13-a8d6-6877ef3e4b1d-IGH.fasta 100%
183 nt in 5 seqs, min 30, max 42, avg 37
Masking 100%
Sorting by length 100%
Counting k-mers 100%
Clustering 100%
Sorting clusters 100%
Writing clusters 100%
Clusters: 5 Size min 1, max 1, avg 1.0
Singletons: 5, 100.0% of seqs, 100.0% of clusters
Multiple alignments 100%
vsearch v2.30.0_linux_x86_64, 94.1GB RAM, 24 cores
https://github.com/torognes/vsearch

Reading file results/clustering/cdr/comp_VH_R3/cdr3_clusters/84d5fc41-2941-4bb9-9544-806758eb97b1-IGK.fasta 100%
0 nt in 0 seqs
minseqlength 6: 15 sequences discarded.
Masking 100%
Sorting by length 100%
Counting k-mers 100%
Clustering 100%
Sorting clusters 100%
Writing clusters 100%
Clusters: 0
Singletons: 0
Multiple alignments 100%
vsearch v2.30.0_linux_x86_64, 94.1GB RAM, 24 cores
https://github.com/torognes/vsearch

Reading file results/clustering/cdr/comp_VH_R3/cdr3_clusters/d7eaa3ba-29bf-4026-b145-63ae1d37975e-IGH.fasta 100%
378 nt in 8 seqs, min 36, max 54, avg 47
Masking 100%
Sorting by length 100%
Counting k-mers 100%
Clustering 100%
Sorting clusters 100%
Writing clusters 100%
Clusters: 6 Size min 1, max 2, avg 1.3
Singletons: 4, 50.0% of seqs, 66.7% of clusters
Multiple alignments 100%
vsearch v2.30.0_linux_x86_64, 94.1GB RAM, 24 cores
https://github.com/torognes/vsearch

Reading file results/clustering/cdr/comp_VH_R3/cdr3_clusters/43767b1b-d815-4cee-b2d7-eb14148ef7b5-IGH.fasta 100%
8328 nt in 201 seqs, min 15, max 54, avg 41
Masking 100%
Sorting by length 100%
Counting k-mers 100%
Clustering 100%
Sorting clusters 100%
Writing clusters 100%
Clusters: 186 Size min 1, max 8, avg 1.1
Singletons: 179, 89.1% of seqs, 96.2% of clusters
Multiple alignments 100%
vsearch v2.30.0_linux_x86_64, 94.1GB RAM, 24 cores
https://github.com/torognes/vsearch

Reading file results/clustering/cdr/comp_VH_R3/cdr3_clusters/92c1b897-8004-4f89-9994-736e293ccbf3-IGH.fasta 100%
412 nt in 7 seqs, min 42, max 81, avg 59
Masking 100%
Sorting by length 100%
Counting k-mers 100%
Clustering 100%
Sorting clusters 100%
Writing clusters 100%
Clusters: 7 Size min 1, max 1, avg 1.0
Singletons: 7, 100.0% of seqs, 100.0% of clusters
Multiple alignments 100%
vsearch v2.30.0_linux_x86_64, 94.1GB RAM, 24 cores
https://github.com/torognes/vsearch

Reading file results/clustering/cdr/comp_VH_R3/cdr3_clusters/a6431e30-b93b-4ec3-8e98-993aa825b35a-IGH.fasta 100%
666 nt in 17 seqs, min 18, max 45, avg 39
Masking 100%
Sorting by length 100%
Counting k-mers 100%
Clustering 100%
Sorting clusters 100%
Writing clusters 100%
Clusters: 15 Size min 1, max 2, avg 1.1
Singletons: 13, 76.5% of seqs, 86.7% of clusters
Multiple alignments 100%
vsearch v2.30.0_linux_x86_64, 94.1GB RAM, 24 cores
https://github.com/torognes/vsearch

Reading file results/clustering/cdr/comp_VH_R3/cdr3_clusters/1c80bea1-84af-4078-bfa6-3373926dfba2-IGH.fasta 100%
162 nt in 4 seqs, min 36, max 42, avg 40
minseqlength 6: 1 sequence discarded.
Masking 100%
Sorting by length 100%
Counting k-mers 100%
Clustering 100%
Sorting clusters 100%
Writing clusters 100%
Clusters: 2 Size min 1, max 3, avg 2.0
Singletons: 1, 25.0% of seqs, 50.0% of clusters
Multiple alignments 100%
vsearch v2.30.0_linux_x86_64, 94.1GB RAM, 24 cores
https://github.com/torognes/vsearch

Reading file results/clustering/cdr/comp_VH_R3/cdr3_clusters/03983559-87ef-46b5-ad6b-c3f8a1921818-IGH.fasta 100%
864 nt in 20 seqs, min 33, max 48, avg 43
Masking 100%
Sorting by length 100%
Counting k-mers 100%
Clustering 100%
Sorting clusters 100%
Writing clusters 100%
Clusters: 14 Size min 1, max 5, avg 1.4
Singletons: 12, 60.0% of seqs, 85.7% of clusters
Multiple alignments 100%
vsearch v2.30.0_linux_x86_64, 94.1GB RAM, 24 cores
https://github.com/torognes/vsearch

Reading file results/clustering/cdr/comp_VH_R3/cdr3_clusters/0304732a-8d05-4e4f-a9fe-a4ac4b76c9f3-IGH.fasta 100%
639 nt in 19 seqs, min 30, max 48, avg 34
Masking 100%
Sorting by length 100%
Counting k-mers 100%
Clustering 100%
Sorting clusters 100%
Writing clusters 100%
Clusters: 14 Size min 1, max 5, avg 1.4
Singletons: 12, 63.2% of seqs, 85.7% of clusters
Multiple alignments 100%
vsearch v2.30.0_linux_x86_64, 94.1GB RAM, 24 cores
https://github.com/torognes/vsearch

Reading file results/clustering/cdr/comp_VH_R3/cdr3_clusters/25bbde5d-7581-44a2-a7d8-563fdd4b0c59-IGH.fasta 100%
3295 nt in 82 seqs, min 27, max 51, avg 40
Masking 100%
Sorting by length 100%
Counting k-mers 100%
Clustering 100%
Sorting clusters 100%
Writing clusters 100%
Clusters: 78 Size min 1, max 2, avg 1.1
Singletons: 74, 90.2% of seqs, 94.9% of clusters
Multiple alignments 100%
vsearch v2.30.0_linux_x86_64, 94.1GB RAM, 24 cores
https://github.com/torognes/vsearch

Reading file results/clustering/cdr/comp_VH_R3/cdr3_clusters/8a294410-8a06-4c7e-8e49-dfae50406bbb-IGH.fasta 100%
797 nt in 17 seqs, min 15, max 57, avg 47
Masking 100%
Sorting by length 100%
Counting k-mers 100%
Clustering 100%
Sorting clusters 100%
Writing clusters 100%
Clusters: 16 Size min 1, max 2, avg 1.1
Singletons: 15, 88.2% of seqs, 93.8% of clusters
Multiple alignments 100%
vsearch v2.30.0_linux_x86_64, 94.1GB RAM, 24 cores
https://github.com/torognes/vsearch

Reading file results/clustering/cdr/comp_VH_R3/cdr3_clusters/c5c185ea-d45b-416d-b5a5-161765092b0b-IGH.fasta 100%
186 nt in 5 seqs, min 21, max 48, avg 37
Masking 100%
Sorting by length 100%
Counting k-mers 100%
Clustering 100%
Sorting clusters 100%
Writing clusters 100%
Clusters: 5 Size min 1, max 1, avg 1.0
Singletons: 5, 100.0% of seqs, 100.0% of clusters
Multiple alignments 100%
vsearch v2.30.0_linux_x86_64, 94.1GB RAM, 24 cores
https://github.com/torognes/vsearch

Reading file results/clustering/cdr/comp_VH_R3/cdr3_clusters/8fdbf9c7-ba39-4793-ba7f-41ad328a6794-IGH.fasta 100%
0 nt in 0 seqs
minseqlength 6: 9 sequences discarded.
Masking 100%
Sorting by length 100%
Counting k-mers 100%
Clustering 100%
Sorting clusters 100%
Writing clusters 100%
Clusters: 0
Singletons: 0
Multiple alignments 100%
vsearch v2.30.0_linux_x86_64, 94.1GB RAM, 24 cores
https://github.com/torognes/vsearch

Reading file results/clustering/cdr/comp_VH_R3/cdr3_clusters/9b1e4282-94f1-4259-aa1e-5ef41604ca17-IGH.fasta 100%
318 nt in 7 seqs, min 33, max 51, avg 45
Masking 100%
Sorting by length 100%
Counting k-mers 100%
Clustering 100%
Sorting clusters 100%
Writing clusters 100%
Clusters: 5 Size min 1, max 3, avg 1.4
Singletons: 4, 57.1% of seqs, 80.0% of clusters
Multiple alignments 100%
vsearch v2.30.0_linux_x86_64, 94.1GB RAM, 24 cores
https://github.com/torognes/vsearch

Reading file results/clustering/cdr/comp_VH_R3/cdr3_clusters/a017fbab-c142-4619-81d1-f0f3cef5bdce-IGH.fasta 100%
315 nt in 7 seqs, min 45, max 45, avg 45
Masking 100%
Sorting by length 100%
Counting k-mers 100%
Clustering 100%
Sorting clusters 100%
Writing clusters 100%
Clusters: 2 Size min 1, max 6, avg 3.5
Singletons: 1, 14.3% of seqs, 50.0% of clusters
Multiple alignments 100%
vsearch v2.30.0_linux_x86_64, 94.1GB RAM, 24 cores
https://github.com/torognes/vsearch

Reading file results/clustering/cdr/comp_VH_R3/cdr3_clusters/18cc5873-f6f8-416d-a68c-6326ce101e50-IGH.fasta 100%
2558 nt in 57 seqs, min 18, max 57, avg 45
Masking 100%
Sorting by length 100%
Counting k-mers 100%
Clustering 100%
Sorting clusters 100%
Writing clusters 100%
Clusters: 55 Size min 1, max 2, avg 1.0
Singletons: 53, 93.0% of seqs, 96.4% of clusters
Multiple alignments 100%
vsearch v2.30.0_linux_x86_64, 94.1GB RAM, 24 cores
https://github.com/torognes/vsearch

Reading file results/clustering/cdr/comp_VH_R3/cdr3_clusters/a2fa9bce-574e-4b4f-97a8-6e45c6bdfeb9-IGH.fasta 100%
345 nt in 10 seqs, min 18, max 42, avg 34
Masking 100%
Sorting by length 100%
Counting k-mers 100%
Clustering 100%
Sorting clusters 100%
Writing clusters 100%
Clusters: 10 Size min 1, max 1, avg 1.0
Singletons: 10, 100.0% of seqs, 100.0% of clusters
Multiple alignments 100%
vsearch v2.30.0_linux_x86_64, 94.1GB RAM, 24 cores
https://github.com/torognes/vsearch

Reading file results/clustering/cdr/comp_VH_R3/cdr3_clusters/8b17b898-d834-41b7-bea1-b2bcbbc8e226-IGH.fasta 100%
0 nt in 0 seqs
minseqlength 6: 209 sequences discarded.
Masking 100%
Sorting by length 100%
Counting k-mers 100%
Clustering 100%
Sorting clusters 100%
Writing clusters 100%
Clusters: 0
Singletons: 0
Multiple alignments 100%
vsearch v2.30.0_linux_x86_64, 94.1GB RAM, 24 cores
https://github.com/torognes/vsearch

Reading file results/clustering/cdr/comp_VH_R3/cdr3_clusters/00f457be-5f33-4ae3-8957-efa1af15db63-IGH.fasta 100%
10324 nt in 279 seqs, min 15, max 51, avg 37
minseqlength 6: 1 sequence discarded.
Masking 100%
Sorting by length 100%
Counting k-mers 100%
Clustering 100%
Sorting clusters 100%
Writing clusters 100%
Clusters: 178 Size min 1, max 64, avg 1.6
Singletons: 150, 53.8% of seqs, 84.3% of clusters
Multiple alignments 100%
vsearch v2.30.0_linux_x86_64, 94.1GB RAM, 24 cores
https://github.com/torognes/vsearch

Reading file results/clustering/cdr/comp_VH_R3/cdr3_clusters/51afb505-fdba-4513-8da2-e2e6ef278167-IGH.fasta 100%
366 nt in 10 seqs, min 27, max 48, avg 37
Masking 100%
Sorting by length 100%
Counting k-mers 100%
Clustering 100%
Sorting clusters 100%
Writing clusters 100%
Clusters: 9 Size min 1, max 2, avg 1.1
Singletons: 8, 80.0% of seqs, 88.9% of clusters
Multiple alignments 100%
vsearch v2.30.0_linux_x86_64, 94.1GB RAM, 24 cores
https://github.com/torognes/vsearch

Reading file results/clustering/cdr/comp_VH_R3/cdr3_clusters/03df6dfb-5898-4866-ae2f-43f6f2cfccdd-IGH.fasta 100%
2885 nt in 65 seqs, min 27, max 57, avg 44
Masking 100%
Sorting by length 100%
Counting k-mers 100%
Clustering 100%
Sorting clusters 100%
Writing clusters 100%
Clusters: 61 Size min 1, max 3, avg 1.1
Singletons: 58, 89.2% of seqs, 95.1% of clusters
Multiple alignments 100%
vsearch v2.30.0_linux_x86_64, 94.1GB RAM, 24 cores
https://github.com/torognes/vsearch

Reading file results/clustering/cdr/comp_VH_R3/cdr3_clusters/bc2ed0b5-fdb5-4e71-a525-0e679eae59ea-IGH.fasta 100%
471 nt in 12 seqs, min 25, max 45, avg 39
Masking 100%
Sorting by length 100%
Counting k-mers 100%
Clustering 100%
Sorting clusters 100%
Writing clusters 100%
Clusters: 10 Size min 1, max 2, avg 1.2
Singletons: 8, 66.7% of seqs, 80.0% of clusters
Multiple alignments 100%
vsearch v2.30.0_linux_x86_64, 94.1GB RAM, 24 cores
https://github.com/torognes/vsearch

Reading file results/clustering/cdr/comp_VH_R3/cdr3_clusters/acb4213f-cb76-4c17-87bf-8362b03bafce-IGH.fasta 100%
480 nt in 10 seqs, min 33, max 57, avg 48
minseqlength 6: 1 sequence discarded.
Masking 100%
Sorting by length 100%
Counting k-mers 100%
Clustering 100%
Sorting clusters 100%
Writing clusters 100%
Clusters: 7 Size min 1, max 4, avg 1.4
Singletons: 6, 60.0% of seqs, 85.7% of clusters
Multiple alignments 100%
vsearch v2.30.0_linux_x86_64, 94.1GB RAM, 24 cores
https://github.com/torognes/vsearch

Reading file results/clustering/cdr/comp_VH_R3/cdr3_clusters/454c5630-3f0c-41c8-a4c2-3dc35562d33f-IGH.fasta 100%
1026 nt in 67 seqs, min 15, max 36, avg 15
Masking 100%
Sorting by length 100%
Counting k-mers 100%
Clustering 100%
Sorting clusters 100%
Writing clusters 100%
Clusters: 14 Size min 1, max 45, avg 4.8
Singletons: 10, 14.9% of seqs, 71.4% of clusters
Multiple alignments 100%
vsearch v2.30.0_linux_x86_64, 94.1GB RAM, 24 cores
https://github.com/torognes/vsearch

Reading file results/clustering/cdr/comp_VH_R3/cdr3_clusters/5d3a681b-b04c-4e7b-bad7-21a7b378c62b-IGH.fasta 100%
10851 nt in 257 seqs, min 15, max 57, avg 42
Masking 100%
Sorting by length 100%
Counting k-mers 100%
Clustering 100%
Sorting clusters 100%
Writing clusters 100%
Clusters: 229 Size min 1, max 6, avg 1.1
Singletons: 212, 82.5% of seqs, 92.6% of clusters
Multiple alignments 100%
vsearch v2.30.0_linux_x86_64, 94.1GB RAM, 24 cores
https://github.com/torognes/vsearch

Reading file results/clustering/cdr/comp_VH_R3/cdr3_clusters/e92c1a3f-b8b3-4585-9f9f-145833c5f4e1-IGH.fasta 100%
396 nt in 11 seqs, min 27, max 42, avg 36
Masking 100%
Sorting by length 100%
Counting k-mers 100%
Clustering 100%
Sorting clusters 100%
Writing clusters 100%
Clusters: 11 Size min 1, max 1, avg 1.0
Singletons: 11, 100.0% of seqs, 100.0% of clusters
Multiple alignments 100%
vsearch v2.30.0_linux_x86_64, 94.1GB RAM, 24 cores
https://github.com/torognes/vsearch

Reading file results/clustering/cdr/comp_VH_R3/cdr3_clusters/6d42ace2-e327-4c7f-897a-9eecdb84675f-IGH.fasta 100%
2223 nt in 58 seqs, min 27, max 54, avg 38
Masking 100%
Sorting by length 100%
Counting k-mers 100%
Clustering 100%
Sorting clusters 100%
Writing clusters 100%
Clusters: 53 Size min 1, max 5, avg 1.1
Singletons: 51, 87.9% of seqs, 96.2% of clusters
Multiple alignments 100%
vsearch v2.30.0_linux_x86_64, 94.1GB RAM, 24 cores
https://github.com/torognes/vsearch

Reading file results/clustering/cdr/comp_VH_R3/cdr3_clusters/5c176624-80ed-4e4d-881c-b80796011a35-IGH.fasta 100%
618 nt in 15 seqs, min 33, max 51, avg 41
Masking 100%
Sorting by length 100%
Counting k-mers 100%
Clustering 100%
Sorting clusters 100%
Writing clusters 100%
Clusters: 6 Size min 1, max 6, avg 2.5
Singletons: 4, 26.7% of seqs, 66.7% of clusters
Multiple alignments 100%
vsearch v2.30.0_linux_x86_64, 94.1GB RAM, 24 cores
https://github.com/torognes/vsearch

Reading file results/clustering/cdr/comp_VH_R3/cdr3_clusters/0706692f-6848-4529-9fa0-e4c267fb466d-IGH.fasta 100%
207 nt in 5 seqs, min 36, max 45, avg 41
Masking 100%
Sorting by length 100%
Counting k-mers 100%
Clustering 100%
Sorting clusters 100%
Writing clusters 100%
Clusters: 5 Size min 1, max 1, avg 1.0
Singletons: 5, 100.0% of seqs, 100.0% of clusters
Multiple alignments 100%
vsearch v2.30.0_linux_x86_64, 94.1GB RAM, 24 cores
https://github.com/torognes/vsearch

Reading file results/clustering/cdr/comp_VH_R3/cdr3_clusters/2c3c9be0-9fe9-4887-8635-f451c7b3ac41-IGH.fasta 100%
1293 nt in 31 seqs, min 33, max 51, avg 42
Masking 100%
Sorting by length 100%
Counting k-mers 100%
Clustering 100%
Sorting clusters 100%
Writing clusters 100%
Clusters: 31 Size min 1, max 1, avg 1.0
Singletons: 31, 100.0% of seqs, 100.0% of clusters
Multiple alignments 100%
vsearch v2.30.0_linux_x86_64, 94.1GB RAM, 24 cores
https://github.com/torognes/vsearch

Reading file results/clustering/cdr/comp_VH_R3/cdr3_clusters/71f56dd2-c470-4c3c-b1e4-2e3795eb598e-IGH.fasta 100%
2474 nt in 59 seqs, min 15, max 58, avg 42
Masking 100%
Sorting by length 100%
Counting k-mers 100%
Clustering 100%
Sorting clusters 100%
Writing clusters 100%
Clusters: 55 Size min 1, max 4, avg 1.1
Singletons: 53, 89.8% of seqs, 96.4% of clusters
Multiple alignments 100%
vsearch v2.30.0_linux_x86_64, 94.1GB RAM, 24 cores
https://github.com/torognes/vsearch

Reading file results/clustering/cdr/comp_VH_R3/cdr3_clusters/e01775bb-6402-40e4-a147-036f7589fa64-IGH.fasta 100%
463 nt in 8 seqs, min 28, max 81, avg 58
minseqlength 6: 4 sequences discarded.
Masking 100%
Sorting by length 100%
Counting k-mers 100%
Clustering 100%
Sorting clusters 100%
Writing clusters 100%
Clusters: 6 Size min 1, max 3, avg 1.3
Singletons: 5, 62.5% of seqs, 83.3% of clusters
Multiple alignments 100%
vsearch v2.30.0_linux_x86_64, 94.1GB RAM, 24 cores
https://github.com/torognes/vsearch

Reading file results/clustering/cdr/comp_VH_R3/cdr3_clusters/7e4bb6c0-c4a0-4bf0-a4aa-2dc62362fe90-IGH.fasta 100%
0 nt in 0 seqs
minseqlength 6: 9 sequences discarded.
Masking 100%
Sorting by length 100%
Counting k-mers 100%
Clustering 100%
Sorting clusters 100%
Writing clusters 100%
Clusters: 0
Singletons: 0
Multiple alignments 100%
vsearch v2.30.0_linux_x86_64, 94.1GB RAM, 24 cores
https://github.com/torognes/vsearch

Reading file results/clustering/cdr/comp_VH_R3/cdr3_clusters/1824ddaa-10b8-48ca-8cfb-fcb739af1a1a-IGH.fasta 100%
180 nt in 5 seqs, min 36, max 36, avg 36
Masking 100%
Sorting by length 100%
Counting k-mers 100%
Clustering 100%
Sorting clusters 100%
Writing clusters 100%
Clusters: 3 Size min 1, max 3, avg 1.7
Singletons: 2, 40.0% of seqs, 66.7% of clusters
Multiple alignments 100%
vsearch v2.30.0_linux_x86_64, 94.1GB RAM, 24 cores
https://github.com/torognes/vsearch

Reading file results/clustering/cdr/comp_VH_R3/cdr3_clusters/541eaaf3-d2e8-4119-bca5-43fee246af4f-IGH.fasta 100%
636 nt in 20 seqs, min 24, max 36, avg 32
Masking 100%
Sorting by length 100%
Counting k-mers 100%
Clustering 100%
Sorting clusters 100%
Writing clusters 100%
Clusters: 18 Size min 1, max 3, avg 1.1
Singletons: 17, 85.0% of seqs, 94.4% of clusters
Multiple alignments 100%
vsearch v2.30.0_linux_x86_64, 94.1GB RAM, 24 cores
https://github.com/torognes/vsearch

Reading file results/clustering/cdr/comp_VH_R3/cdr3_clusters/df2d7b86-1a29-49c2-b52f-23edad7186da-IGH.fasta 100%
599 nt in 18 seqs, min 9, max 45, avg 33
minseqlength 6: 1 sequence discarded.
Masking 100%
Sorting by length 100%
Counting k-mers 100%
Clustering 100%
Sorting clusters 100%
Writing clusters 100%
Clusters: 17 Size min 1, max 2, avg 1.1
Singletons: 16, 88.9% of seqs, 94.1% of clusters
Multiple alignments 100%
vsearch v2.30.0_linux_x86_64, 94.1GB RAM, 24 cores
https://github.com/torognes/vsearch

Reading file results/clustering/cdr/comp_VH_R3/cdr3_clusters/0045e1f0-8da6-4d23-92cc-363059f86ccb-IGH.fasta 100%
0 nt in 0 seqs
minseqlength 6: 5 sequences discarded.
Masking 100%
Sorting by length 100%
Counting k-mers 100%
Clustering 100%
Sorting clusters 100%
Writing clusters 100%
Clusters: 0
Singletons: 0
Multiple alignments 100%
vsearch v2.30.0_linux_x86_64, 94.1GB RAM, 24 cores
https://github.com/torognes/vsearch

Reading file results/clustering/cdr/comp_VH_R3/cdr3_clusters/e0291eb7-de58-43b6-a535-77a3d1a25b7b-IGH.fasta 100%
4682 nt in 124 seqs, min 15, max 48, avg 38
Masking 100%
Sorting by length 100%
Counting k-mers 100%
Clustering 100%
Sorting clusters 100%
Writing clusters 100%
Clusters: 96 Size min 1, max 14, avg 1.3
Singletons: 91, 73.4% of seqs, 94.8% of clusters
Multiple alignments 100%
vsearch v2.30.0_linux_x86_64, 94.1GB RAM, 24 cores
https://github.com/torognes/vsearch

Reading file results/clustering/cdr/comp_VH_R3/cdr3_clusters/4419dbe1-4a01-4ee1-b2e4-a8a269024854-IGH.fasta 100%
360 nt in 10 seqs, min 36, max 36, avg 36
Masking 100%
Sorting by length 100%
Counting k-mers 100%
Clustering 100%
Sorting clusters 100%
Writing clusters 100%
Clusters: 1 Size min 10, max 10, avg 10.0
Singletons: 0, 0.0% of seqs, 0.0% of clusters
Multiple alignments 100%
vsearch v2.30.0_linux_x86_64, 94.1GB RAM, 24 cores
https://github.com/torognes/vsearch

Reading file results/clustering/cdr/comp_VH_R3/cdr3_clusters/c29eb557-2a60-4a02-af4e-80973be37977-IGH.fasta 100%
483 nt in 10 seqs, min 30, max 54, avg 48
Masking 100%
Sorting by length 100%
Counting k-mers 100%
Clustering 100%
Sorting clusters 100%
Writing clusters 100%
Clusters: 9 Size min 1, max 2, avg 1.1
Singletons: 8, 80.0% of seqs, 88.9% of clusters
Multiple alignments 100%
vsearch v2.30.0_linux_x86_64, 94.1GB RAM, 24 cores
https://github.com/torognes/vsearch

Reading file results/clustering/cdr/comp_VH_R3/cdr3_clusters/fdc230c6-65ce-4b01-b7b5-204eba5ea6dc-IGH.fasta 100%
0 nt in 0 seqs
minseqlength 6: 35 sequences discarded.
Masking 100%
Sorting by length 100%
Counting k-mers 100%
Clustering 100%
Sorting clusters 100%
Writing clusters 100%
Clusters: 0
Singletons: 0
Multiple alignments 100%
vsearch v2.30.0_linux_x86_64, 94.1GB RAM, 24 cores
https://github.com/torognes/vsearch

Reading file results/clustering/cdr/comp_VH_R3/cdr3_clusters/4080f284-771a-48a4-b861-0da2972c3876-IGH.fasta 100%
3513 nt in 77 seqs, min 21, max 60, avg 46
Masking 100%
Sorting by length 100%
Counting k-mers 100%
Clustering 100%
Sorting clusters 100%
Writing clusters 100%
Clusters: 52 Size min 1, max 24, avg 1.5
Singletons: 49, 63.6% of seqs, 94.2% of clusters
Multiple alignments 100%
vsearch v2.30.0_linux_x86_64, 94.1GB RAM, 24 cores
https://github.com/torognes/vsearch

Reading file results/clustering/cdr/comp_VH_R3/cdr3_clusters/275c87bd-8224-4ce0-8975-b8edc20411b4-IGH.fasta 100%
1940 nt in 44 seqs, min 18, max 54, avg 44
Masking 100%
Sorting by length 100%
Counting k-mers 100%
Clustering 100%
Sorting clusters 100%
Writing clusters 100%
Clusters: 43 Size min 1, max 2, avg 1.0
Singletons: 42, 95.5% of seqs, 97.7% of clusters
Multiple alignments 100%
vsearch v2.30.0_linux_x86_64, 94.1GB RAM, 24 cores
https://github.com/torognes/vsearch

Reading file results/clustering/cdr/comp_VH_R3/cdr3_clusters/be33278c-a2a2-4ee6-be7c-34b75b83c37d-IGH.fasta 100%
267 nt in 6 seqs, min 24, max 57, avg 44
Masking 100%
Sorting by length 100%
Counting k-mers 100%
Clustering 100%
Sorting clusters 100%
Writing clusters 100%
Clusters: 6 Size min 1, max 1, avg 1.0
Singletons: 6, 100.0% of seqs, 100.0% of clusters
Multiple alignments 100%
vsearch v2.30.0_linux_x86_64, 94.1GB RAM, 24 cores
https://github.com/torognes/vsearch

Reading file results/clustering/cdr/comp_VH_R3/cdr3_clusters/1222c0c8-d49c-4e8b-9745-f1dbb3e80396-IGH.fasta 100%
1149 nt in 28 seqs, min 27, max 42, avg 41
minseqlength 6: 1 sequence discarded.
Masking 100%
Sorting by length 100%
Counting k-mers 100%
Clustering 100%
Sorting clusters 100%
Writing clusters 100%
Clusters: 7 Size min 1, max 19, avg 4.0
Singletons: 5, 17.9% of seqs, 71.4% of clusters
Multiple alignments 100%
vsearch v2.30.0_linux_x86_64, 94.1GB RAM, 24 cores
https://github.com/torognes/vsearch

Reading file results/clustering/cdr/comp_VH_R3/cdr3_clusters/c192ef05-529d-4f8e-ab29-227577bdfc62-IGH.fasta 100%
651 nt in 16 seqs, min 33, max 51, avg 41
minseqlength 6: 1 sequence discarded.
Masking 100%
Sorting by length 100%
Counting k-mers 100%
Clustering 100%
Sorting clusters 100%
Writing clusters 100%
Clusters: 16 Size min 1, max 1, avg 1.0
Singletons: 16, 100.0% of seqs, 100.0% of clusters
Multiple alignments 100%
vsearch v2.30.0_linux_x86_64, 94.1GB RAM, 24 cores
https://github.com/torognes/vsearch

Reading file results/clustering/cdr/comp_VH_R3/cdr3_clusters/3ed2e591-f978-48c2-b81e-2ba42a88137e-IGH.fasta 100%
267 nt in 7 seqs, min 30, max 48, avg 38
minseqlength 6: 1 sequence discarded.
Masking 100%
Sorting by length 100%
Counting k-mers 100%
Clustering 100%
Sorting clusters 100%
Writing clusters 100%
Clusters: 7 Size min 1, max 1, avg 1.0
Singletons: 7, 100.0% of seqs, 100.0% of clusters
Multiple alignments 100%
vsearch v2.30.0_linux_x86_64, 94.1GB RAM, 24 cores
https://github.com/torognes/vsearch

Reading file results/clustering/cdr/comp_VH_R3/cdr3_clusters/3a0ab223-af28-41a1-9ee7-243672d8a71f-IGH.fasta 100%
489 nt in 15 seqs, min 27, max 39, avg 33
Masking 100%
Sorting by length 100%
Counting k-mers 100%
Clustering 100%
Sorting clusters 100%
Writing clusters 100%
Clusters: 14 Size min 1, max 2, avg 1.1
Singletons: 13, 86.7% of seqs, 92.9% of clusters
Multiple alignments 100%
vsearch v2.30.0_linux_x86_64, 94.1GB RAM, 24 cores
https://github.com/torognes/vsearch

Reading file results/clustering/cdr/comp_VH_R3/cdr3_clusters/fdb5b38d-9f0a-4d79-844b-a94198ec6eec-IGH.fasta 100%
2786 nt in 71 seqs, min 21, max 48, avg 39
Masking 100%
Sorting by length 100%
Counting k-mers 100%
Clustering 100%
Sorting clusters 100%
Writing clusters 100%
Clusters: 68 Size min 1, max 3, avg 1.0
Singletons: 66, 93.0% of seqs, 97.1% of clusters
Multiple alignments 100%
vsearch v2.30.0_linux_x86_64, 94.1GB RAM, 24 cores
https://github.com/torognes/vsearch

Reading file results/clustering/cdr/comp_VH_R3/cdr3_clusters/ea881ce0-b968-4edc-b645-35a7d22b8f3a-IGH.fasta 100%
198 nt in 6 seqs, min 24, max 36, avg 33
Masking 100%
Sorting by length 100%
Counting k-mers 100%
Clustering 100%
Sorting clusters 100%
Writing clusters 100%
Clusters: 4 Size min 1, max 2, avg 1.5
Singletons: 2, 33.3% of seqs, 50.0% of clusters
Multiple alignments 100%
vsearch v2.30.0_linux_x86_64, 94.1GB RAM, 24 cores
https://github.com/torognes/vsearch

Reading file results/clustering/cdr/comp_VH_R3/cdr3_clusters/5193d992-b3e7-449e-b68a-4c857071e8dd-IGH.fasta 100%
1563 nt in 38 seqs, min 30, max 51, avg 41
Masking 100%
Sorting by length 100%
Counting k-mers 100%
Clustering 100%
Sorting clusters 100%
Writing clusters 100%
Clusters: 35 Size min 1, max 2, avg 1.1
Singletons: 32, 84.2% of seqs, 91.4% of clusters
Multiple alignments 100%
vsearch v2.30.0_linux_x86_64, 94.1GB RAM, 24 cores
https://github.com/torognes/vsearch

Reading file results/clustering/cdr/comp_VH_R3/cdr3_clusters/78d2d301-5e15-4baf-be9f-cae69496d21d-IGH.fasta 100%
10044 nt in 256 seqs, min 18, max 54, avg 39
Masking 100%
Sorting by length 100%
Counting k-mers 100%
Clustering 100%
Sorting clusters 100%
Writing clusters 100%
Clusters: 201 Size min 1, max 14, avg 1.3
Singletons: 178, 69.5% of seqs, 88.6% of clusters
Multiple alignments 100%
vsearch v2.30.0_linux_x86_64, 94.1GB RAM, 24 cores
https://github.com/torognes/vsearch

Reading file results/clustering/cdr/comp_VH_R3/cdr3_clusters/e340c5b4-cef9-4221-85d4-28eaaeb1e52f-IGH.fasta 100%
627 nt in 17 seqs, min 30, max 45, avg 37
Masking 100%
Sorting by length 100%
Counting k-mers 100%
Clustering 100%
Sorting clusters 100%
Writing clusters 100%
Clusters: 15 Size min 1, max 2, avg 1.1
Singletons: 13, 76.5% of seqs, 86.7% of clusters
Multiple alignments 100%
vsearch v2.30.0_linux_x86_64, 94.1GB RAM, 24 cores
https://github.com/torognes/vsearch

Reading file results/clustering/cdr/comp_VH_R3/cdr3_clusters/618bbd8b-7503-49c0-a1fc-dc0b840f9c70-IGH.fasta 100%
0 nt in 0 seqs
minseqlength 6: 6 sequences discarded.
Masking 100%
Sorting by length 100%
Counting k-mers 100%
Clustering 100%
Sorting clusters 100%
Writing clusters 100%
Clusters: 0
Singletons: 0
Multiple alignments 100%
vsearch v2.30.0_linux_x86_64, 94.1GB RAM, 24 cores
https://github.com/torognes/vsearch

Reading file results/clustering/cdr/comp_VH_R3/cdr3_clusters/5577e197-58dd-467a-b572-d2052baf7e7b-IGK.fasta 100%
0 nt in 0 seqs
minseqlength 6: 471 sequences discarded.
Masking 100%
Sorting by length 100%
Counting k-mers 100%
Clustering 100%
Sorting clusters 100%
Writing clusters 100%
Clusters: 0
Singletons: 0
Multiple alignments 100%
vsearch v2.30.0_linux_x86_64, 94.1GB RAM, 24 cores
https://github.com/torognes/vsearch

Reading file results/clustering/cdr/comp_VH_R3/cdr3_clusters/7127a778-31b6-4b2f-a594-d585ad1362b1-IGH.fasta 100%
9908 nt in 229 seqs, min 15, max 54, avg 43
Masking 100%
Sorting by length 100%
Counting k-mers 100%
Clustering 100%
Sorting clusters 100%
Writing clusters 100%
Clusters: 184 Size min 1, max 5, avg 1.2
Singletons: 155, 67.7% of seqs, 84.2% of clusters
Multiple alignments 100%
vsearch v2.30.0_linux_x86_64, 94.1GB RAM, 24 cores
https://github.com/torognes/vsearch

Reading file results/clustering/cdr/comp_VH_R3/cdr3_clusters/65521127-51a8-42c9-aa90-c90a4aee31a2-IGH.fasta 100%
7725 nt in 181 seqs, min 21, max 60, avg 43
Masking 100%
Sorting by length 100%
Counting k-mers 100%
Clustering 100%
Sorting clusters 100%
Writing clusters 100%
Clusters: 172 Size min 1, max 3, avg 1.1
Singletons: 164, 90.6% of seqs, 95.3% of clusters
Multiple alignments 100%
vsearch v2.30.0_linux_x86_64, 94.1GB RAM, 24 cores
https://github.com/torognes/vsearch

Reading file results/clustering/cdr/comp_VH_R3/cdr3_clusters/4fc093f7-b85c-4a5c-b7cc-dd5ba7f8989d-IGH.fasta 100%
327 nt in 13 seqs, min 21, max 36, avg 25
Masking 100%
Sorting by length 100%
Counting k-mers 100%
Clustering 100%
Sorting clusters 100%
Writing clusters 100%
Clusters: 8 Size min 1, max 6, avg 1.6
Singletons: 7, 53.8% of seqs, 87.5% of clusters
Multiple alignments 100%
vsearch v2.30.0_linux_x86_64, 94.1GB RAM, 24 cores
https://github.com/torognes/vsearch

Reading file results/clustering/cdr/comp_VH_R3/cdr3_clusters/69545343-8aae-4fc8-a026-285699bb607e-IGH.fasta 100%
820 nt in 21 seqs, min 24, max 49, avg 39
Masking 100%
Sorting by length 100%
Counting k-mers 100%
Clustering 100%
Sorting clusters 100%
Writing clusters 100%
Clusters: 17 Size min 1, max 5, avg 1.2
Singletons: 16, 76.2% of seqs, 94.1% of clusters
Multiple alignments 100%
vsearch v2.30.0_linux_x86_64, 94.1GB RAM, 24 cores
https://github.com/torognes/vsearch

Reading file results/clustering/cdr/comp_VH_R3/cdr3_clusters/0592b38b-1138-4969-9b61-7edf9e593801-IGH.fasta 100%
801 nt in 17 seqs, min 36, max 66, avg 47
Masking 100%
Sorting by length 100%
Counting k-mers 100%
Clustering 100%
Sorting clusters 100%
Writing clusters 100%
Clusters: 16 Size min 1, max 2, avg 1.1
Singletons: 15, 88.2% of seqs, 93.8% of clusters
Multiple alignments 100%
vsearch v2.30.0_linux_x86_64, 94.1GB RAM, 24 cores
https://github.com/torognes/vsearch

Reading file results/clustering/cdr/comp_VH_R3/cdr3_clusters/61a1761a-8857-4359-9390-1cd7feccfcc2-IGH.fasta 100%
615 nt in 15 seqs, min 30, max 54, avg 41
minseqlength 6: 4 sequences discarded.
Masking 100%
Sorting by length 100%
Counting k-mers 100%
Clustering 100%
Sorting clusters 100%
Writing clusters 100%
Clusters: 15 Size min 1, max 1, avg 1.0
Singletons: 15, 100.0% of seqs, 100.0% of clusters
Multiple alignments 100%
vsearch v2.30.0_linux_x86_64, 94.1GB RAM, 24 cores
https://github.com/torognes/vsearch

Reading file results/clustering/cdr/comp_VH_R3/cdr3_clusters/31bc6d44-3b1c-447b-987a-dcc9c5e4a76a-IGH.fasta 100%
2100 nt in 55 seqs, min 30, max 48, avg 38
Masking 100%
Sorting by length 100%
Counting k-mers 100%
Clustering 100%
Sorting clusters 100%
Writing clusters 100%
Clusters: 50 Size min 1, max 4, avg 1.1
Singletons: 47, 85.5% of seqs, 94.0% of clusters
Multiple alignments 100%
vsearch v2.30.0_linux_x86_64, 94.1GB RAM, 24 cores
https://github.com/torognes/vsearch

Reading file results/clustering/cdr/comp_VH_R3/cdr3_clusters/bed6793c-fe4b-4c8a-ad82-02d22946f70a-IGH.fasta 100%
600 nt in 15 seqs, min 27, max 42, avg 40
Masking 100%
Sorting by length 100%
Counting k-mers 100%
Clustering 100%
Sorting clusters 100%
Writing clusters 100%
Clusters: 6 Size min 1, max 10, avg 2.5
Singletons: 5, 33.3% of seqs, 83.3% of clusters
Multiple alignments 100%
vsearch v2.30.0_linux_x86_64, 94.1GB RAM, 24 cores
https://github.com/torognes/vsearch

Reading file results/clustering/cdr/comp_VH_R3/cdr3_clusters/2e13ecb6-0714-4f3f-a665-3016b6f595e7-IGH.fasta 100%
1254 nt in 36 seqs, min 15, max 45, avg 35
Masking 100%
Sorting by length 100%
Counting k-mers 100%
Clustering 100%
Sorting clusters 100%
Writing clusters 100%
Clusters: 34 Size min 1, max 2, avg 1.1
Singletons: 32, 88.9% of seqs, 94.1% of clusters
Multiple alignments 100%
vsearch v2.30.0_linux_x86_64, 94.1GB RAM, 24 cores
https://github.com/torognes/vsearch

Reading file results/clustering/cdr/comp_VH_R3/cdr3_clusters/4df9f18f-ad3b-45ae-8d0f-876876e835d4-IGH.fasta 100%
405 nt in 11 seqs, min 30, max 45, avg 37
Masking 100%
Sorting by length 100%
Counting k-mers 100%
Clustering 100%
Sorting clusters 100%
Writing clusters 100%
Clusters: 10 Size min 1, max 2, avg 1.1
Singletons: 9, 81.8% of seqs, 90.0% of clusters
Multiple alignments 100%
vsearch v2.30.0_linux_x86_64, 94.1GB RAM, 24 cores
https://github.com/torognes/vsearch

Reading file results/clustering/cdr/comp_VH_R3/cdr3_clusters/3b381877-e826-4a34-98b9-2801b985d0dd-IGH.fasta 100%
275 nt in 6 seqs, min 33, max 57, avg 46
Masking 100%
Sorting by length 100%
Counting k-mers 100%
Clustering 100%
Sorting clusters 100%
Writing clusters 100%
Clusters: 3 Size min 1, max 3, avg 2.0
Singletons: 1, 16.7% of seqs, 33.3% of clusters
Multiple alignments 100%
vsearch v2.30.0_linux_x86_64, 94.1GB RAM, 24 cores
https://github.com/torognes/vsearch

Reading file results/clustering/cdr/comp_VH_R3/cdr3_clusters/0147bd37-17f7-431c-b970-15931153b8b2-IGH.fasta 100%
1799 nt in 54 seqs, min 18, max 42, avg 33
Masking 100%
Sorting by length 100%
Counting k-mers 100%
Clustering 100%
Sorting clusters 100%
Writing clusters 100%
Clusters: 36 Size min 1, max 16, avg 1.5
Singletons: 32, 59.3% of seqs, 88.9% of clusters
Multiple alignments 100%
vsearch v2.30.0_linux_x86_64, 94.1GB RAM, 24 cores
https://github.com/torognes/vsearch

Reading file results/clustering/cdr/comp_VH_R3/cdr3_clusters/f8dae8e4-95a0-48ab-9f68-0cd9b055e59b-IGH.fasta 100%
228 nt in 6 seqs, min 33, max 45, avg 38
Masking 100%
Sorting by length 100%
Counting k-mers 100%
Clustering 100%
Sorting clusters 100%
Writing clusters 100%
Clusters: 6 Size min 1, max 1, avg 1.0
Singletons: 6, 100.0% of seqs, 100.0% of clusters
Multiple alignments 100%
vsearch v2.30.0_linux_x86_64, 94.1GB RAM, 24 cores
https://github.com/torognes/vsearch

Reading file results/clustering/cdr/comp_VH_R3/cdr3_clusters/e9cf7311-6121-4f70-892d-721c4944a522-IGH.fasta 100%
2751 nt in 78 seqs, min 15, max 48, avg 35
minseqlength 6: 1 sequence discarded.
Masking 100%
Sorting by length 100%
Counting k-mers 100%
Clustering 100%
Sorting clusters 100%
Writing clusters 100%
Clusters: 74 Size min 1, max 2, avg 1.1
Singletons: 70, 89.7% of seqs, 94.6% of clusters
Multiple alignments 100%
vsearch v2.30.0_linux_x86_64, 94.1GB RAM, 24 cores
https://github.com/torognes/vsearch

Reading file results/clustering/cdr/comp_VH_R3/cdr3_clusters/209668b8-1255-44c9-a35b-d2dadc7b2610-IGH.fasta 100%
198 nt in 5 seqs, min 30, max 42, avg 40
Masking 100%
Sorting by length 100%
Counting k-mers 100%
Clustering 100%
Sorting clusters 100%
Writing clusters 100%
Clusters: 4 Size min 1, max 2, avg 1.2
Singletons: 3, 60.0% of seqs, 75.0% of clusters
Multiple alignments 100%
vsearch v2.30.0_linux_x86_64, 94.1GB RAM, 24 cores
https://github.com/torognes/vsearch

Reading file results/clustering/cdr/comp_VH_R3/cdr3_clusters/2ee3b8f4-1519-433f-8d40-7b639583eec4-IGH.fasta 100%
648 nt in 15 seqs, min 33, max 54, avg 43
Masking 100%
Sorting by length 100%
Counting k-mers 100%
Clustering 100%
Sorting clusters 100%
Writing clusters 100%
Clusters: 15 Size min 1, max 1, avg 1.0
Singletons: 15, 100.0% of seqs, 100.0% of clusters
Multiple alignments 100%
vsearch v2.30.0_linux_x86_64, 94.1GB RAM, 24 cores
https://github.com/torognes/vsearch

Reading file results/clustering/cdr/comp_VH_R3/cdr3_clusters/770d3250-8fd1-49ea-bb8c-7445f358cce8-IGH.fasta 100%
225 nt in 6 seqs, min 30, max 39, avg 38
Masking 100%
Sorting by length 100%
Counting k-mers 100%
Clustering 100%
Sorting clusters 100%
Writing clusters 100%
Clusters: 3 Size min 1, max 4, avg 2.0
Singletons: 2, 33.3% of seqs, 66.7% of clusters
Multiple alignments 100%
vsearch v2.30.0_linux_x86_64, 94.1GB RAM, 24 cores
https://github.com/torognes/vsearch

Reading file results/clustering/cdr/comp_VH_R3/cdr3_clusters/0f83f4c5-150e-4142-a18b-0a672590be8b-IGH.fasta 100%
570 nt in 15 seqs, min 30, max 51, avg 38
Masking 100%
Sorting by length 100%
Counting k-mers 100%
Clustering 100%
Sorting clusters 100%
Writing clusters 100%
Clusters: 11 Size min 1, max 5, avg 1.4
Singletons: 10, 66.7% of seqs, 90.9% of clusters
Multiple alignments 100%
vsearch v2.30.0_linux_x86_64, 94.1GB RAM, 24 cores
https://github.com/torognes/vsearch

Reading file results/clustering/cdr/comp_VH_R3/cdr3_clusters/47462581-0f7f-4120-b04c-56b587332cb8-IGH.fasta 100%
1380 nt in 42 seqs, min 15, max 42, avg 33
minseqlength 6: 1 sequence discarded.
Masking 100%
Sorting by length 100%
Counting k-mers 100%
Clustering 100%
Sorting clusters 100%
Writing clusters 100%
Clusters: 32 Size min 1, max 4, avg 1.3
Singletons: 26, 61.9% of seqs, 81.2% of clusters
Multiple alignments 100%
vsearch v2.30.0_linux_x86_64, 94.1GB RAM, 24 cores
https://github.com/torognes/vsearch

Reading file results/clustering/cdr/comp_VH_R3/cdr3_clusters/9c7a2697-39be-4667-9c8a-d2815c42e849-IGH.fasta 100%
1158 nt in 27 seqs, min 33, max 51, avg 43
Masking 100%
Sorting by length 100%
Counting k-mers 100%
Clustering 100%
Sorting clusters 100%
Writing clusters 100%
Clusters: 16 Size min 1, max 11, avg 1.7
Singletons: 14, 51.9% of seqs, 87.5% of clusters
Multiple alignments 100%
vsearch v2.30.0_linux_x86_64, 94.1GB RAM, 24 cores
https://github.com/torognes/vsearch

Reading file results/clustering/cdr/comp_VH_R3/cdr3_clusters/ec1dd8b3-d9ff-4caf-830c-b29f344810e2-IGH.fasta 100%
135 nt in 5 seqs, min 15, max 33, avg 27
Masking 100%
Sorting by length 100%
Counting k-mers 100%
Clustering 100%
Sorting clusters 100%
Writing clusters 100%
Clusters: 5 Size min 1, max 1, avg 1.0
Singletons: 5, 100.0% of seqs, 100.0% of clusters
Multiple alignments 100%
vsearch v2.30.0_linux_x86_64, 94.1GB RAM, 24 cores
https://github.com/torognes/vsearch

Reading file results/clustering/cdr/comp_VH_R3/cdr3_clusters/9f68bdfe-52f1-49c2-8fe1-f9ec30f1ba34-IGH.fasta 100%
300 nt in 9 seqs, min 33, max 36, avg 33
Masking 100%
Sorting by length 100%
Counting k-mers 100%
Clustering 100%
Sorting clusters 100%
Writing clusters 100%
Clusters: 2 Size min 1, max 8, avg 4.5
Singletons: 1, 11.1% of seqs, 50.0% of clusters
Multiple alignments 100%
vsearch v2.30.0_linux_x86_64, 94.1GB RAM, 24 cores
https://github.com/torognes/vsearch

Reading file results/clustering/cdr/comp_VH_R3/cdr3_clusters/8fd5d4b4-e29c-4f27-95d1-dd7a681eaea5-IGH.fasta 100%
1209 nt in 34 seqs, min 21, max 45, avg 36
minseqlength 6: 1 sequence discarded.
Masking 100%
Sorting by length 100%
Counting k-mers 100%
Clustering 100%
Sorting clusters 100%
Writing clusters 100%
Clusters: 20 Size min 1, max 9, avg 1.7
Singletons: 14, 41.2% of seqs, 70.0% of clusters
Multiple alignments 100%
vsearch v2.30.0_linux_x86_64, 94.1GB RAM, 24 cores
https://github.com/torognes/vsearch

Reading file results/clustering/cdr/comp_VH_R3/cdr3_clusters/676b12a8-cc9a-4aeb-93dd-b110445b9c46-IGH.fasta 100%
238 nt in 4 seqs, min 34, max 72, avg 60
minseqlength 6: 1 sequence discarded.
Masking 100%
Sorting by length 100%
Counting k-mers 100%
Clustering 100%
Sorting clusters 100%
Writing clusters 100%
Clusters: 4 Size min 1, max 1, avg 1.0
Singletons: 4, 100.0% of seqs, 100.0% of clusters
Multiple alignments 100%
vsearch v2.30.0_linux_x86_64, 94.1GB RAM, 24 cores
https://github.com/torognes/vsearch

Reading file results/clustering/cdr/comp_VH_R3/cdr3_clusters/20b5c15c-8567-470b-ac22-eb2e4f90d449-IGH.fasta 100%
459 nt in 13 seqs, min 27, max 42, avg 35
Masking 100%
Sorting by length 100%
Counting k-mers 100%
Clustering 100%
Sorting clusters 100%
Writing clusters 100%
Clusters: 11 Size min 1, max 2, avg 1.2
Singletons: 9, 69.2% of seqs, 81.8% of clusters
Multiple alignments 100%
vsearch v2.30.0_linux_x86_64, 94.1GB RAM, 24 cores
https://github.com/torognes/vsearch

Reading file results/clustering/cdr/comp_VH_R3/cdr3_clusters/4564c1dc-67bb-45b9-84bc-e105926d5dbb-IGH.fasta 100%
369 nt in 11 seqs, min 15, max 36, avg 34
Masking 100%
Sorting by length 100%
Counting k-mers 100%
Clustering 100%
Sorting clusters 100%
Writing clusters 100%
Clusters: 9 Size min 1, max 2, avg 1.2
Singletons: 7, 63.6% of seqs, 77.8% of clusters
Multiple alignments 100%
vsearch v2.30.0_linux_x86_64, 94.1GB RAM, 24 cores
https://github.com/torognes/vsearch

Reading file results/clustering/cdr/comp_VH_R3/cdr3_clusters/4c8aef1a-f31b-488d-9d0b-e5b74a5bf930-IGH.fasta 100%
726 nt in 18 seqs, min 33, max 45, avg 40
Masking 100%
Sorting by length 100%
Counting k-mers 100%
Clustering 100%
Sorting clusters 100%
Writing clusters 100%
Clusters: 16 Size min 1, max 3, avg 1.1
Singletons: 15, 83.3% of seqs, 93.8% of clusters
Multiple alignments 100%
vsearch v2.30.0_linux_x86_64, 94.1GB RAM, 24 cores
https://github.com/torognes/vsearch

Reading file results/clustering/cdr/comp_VH_R3/cdr3_clusters/02bd25ef-fb16-42be-a3bc-656058572f07-IGH.fasta 100%
269559 nt in 6889 seqs, min 9, max 63, avg 39
minseqlength 6: 4 sequences discarded.
Masking 100%
Sorting by length 100%
Counting k-mers 100%
Clustering 100%
Sorting clusters 100%
Writing clusters 100%
Clusters: 4714 Size min 1, max 138, avg 1.5
Singletons: 3901, 56.6% of seqs, 82.8% of clusters
Multiple alignments 100%
vsearch v2.30.0_linux_x86_64, 94.1GB RAM, 24 cores
https://github.com/torognes/vsearch

Reading file results/clustering/cdr/comp_VH_R3/cdr3_clusters/a1e913ff-24ef-4a5e-b45c-d7d4cd85a761-IGH.fasta 100%
5563 nt in 163 seqs, min 18, max 54, avg 34
Masking 100%
Sorting by length 100%
Counting k-mers 100%
Clustering 100%
Sorting clusters 100%
Writing clusters 100%
Clusters: 127 Size min 1, max 12, avg 1.3
Singletons: 114, 69.9% of seqs, 89.8% of clusters
Multiple alignments 100%
vsearch v2.30.0_linux_x86_64, 94.1GB RAM, 24 cores
https://github.com/torognes/vsearch

Reading file results/clustering/cdr/comp_VH_R3/cdr3_clusters/6f734f9e-5d8f-4e5d-8da9-2149d34e7a3c-IGH.fasta 100%
3259 nt in 68 seqs, min 27, max 57, avg 48
Masking 100%
Sorting by length 100%
Counting k-mers 100%
Clustering 100%
Sorting clusters 100%
Writing clusters 100%
Clusters: 62 Size min 1, max 3, avg 1.1
Singletons: 57, 83.8% of seqs, 91.9% of clusters
Multiple alignments 100%
vsearch v2.30.0_linux_x86_64, 94.1GB RAM, 24 cores
https://github.com/torognes/vsearch

Reading file results/clustering/cdr/comp_VH_R3/cdr3_clusters/0709c654-2f85-4242-b307-44ccfe3e6ea9-IGH.fasta 100%
311 nt in 9 seqs, min 26, max 39, avg 35
Masking 100%
Sorting by length 100%
Counting k-mers 100%
Clustering 100%
Sorting clusters 100%
Writing clusters 100%
Clusters: 9 Size min 1, max 1, avg 1.0
Singletons: 9, 100.0% of seqs, 100.0% of clusters
Multiple alignments 100%
vsearch v2.30.0_linux_x86_64, 94.1GB RAM, 24 cores
https://github.com/torognes/vsearch

Reading file results/clustering/cdr/comp_VH_R3/cdr3_clusters/e0665092-2d17-425b-912c-2b568c9b7424-IGH.fasta 100%
434 nt in 24 seqs, min 17, max 21, avg 18
Masking 100%
Sorting by length 100%
Counting k-mers 100%
Clustering 100%
Sorting clusters 100%
Writing clusters 100%
Clusters: 9 Size min 1, max 9, avg 2.7
Singletons: 7, 29.2% of seqs, 77.8% of clusters
Multiple alignments 100%
vsearch v2.30.0_linux_x86_64, 94.1GB RAM, 24 cores
https://github.com/torognes/vsearch

Reading file results/clustering/cdr/comp_VH_R3/cdr3_clusters/498cea41-32f2-4cd4-be98-48deafe3752c-IGH.fasta 100%
546 nt in 13 seqs, min 33, max 51, avg 42
Masking 100%
Sorting by length 100%
Counting k-mers 100%
Clustering 100%
Sorting clusters 100%
Writing clusters 100%
Clusters: 13 Size min 1, max 1, avg 1.0
Singletons: 13, 100.0% of seqs, 100.0% of clusters
Multiple alignments 100%
vsearch v2.30.0_linux_x86_64, 94.1GB RAM, 24 cores
https://github.com/torognes/vsearch

Reading file results/clustering/cdr/comp_VH_R3/cdr3_clusters/c3706c61-1ca3-40b1-86aa-323a33919ef6-IGH.fasta 100%
186 nt in 6 seqs, min 30, max 33, avg 31
Masking 100%
Sorting by length 100%
Counting k-mers 100%
Clustering 100%
Sorting clusters 100%
Writing clusters 100%
Clusters: 6 Size min 1, max 1, avg 1.0
Singletons: 6, 100.0% of seqs, 100.0% of clusters
Multiple alignments 100%
vsearch v2.30.0_linux_x86_64, 94.1GB RAM, 24 cores
https://github.com/torognes/vsearch

Reading file results/clustering/cdr/comp_VH_R3/cdr3_clusters/5274157f-d59f-4581-bb7a-2d0fda750eb8-IGH.fasta 100%
1321 nt in 34 seqs, min 24, max 45, avg 39
Masking 100%
Sorting by length 100%
Counting k-mers 100%
Clustering 100%
Sorting clusters 100%
Writing clusters 100%
Clusters: 33 Size min 1, max 2, avg 1.0
Singletons: 32, 94.1% of seqs, 97.0% of clusters
Multiple alignments 100%
vsearch v2.30.0_linux_x86_64, 94.1GB RAM, 24 cores
https://github.com/torognes/vsearch

Reading file results/clustering/cdr/comp_VH_R3/cdr3_clusters/99ab1eb3-6c8f-44a4-a14b-2a65b16a5680-IGH.fasta 100%
1184 nt in 33 seqs, min 27, max 48, avg 36
Masking 100%
Sorting by length 100%
Counting k-mers 100%
Clustering 100%
Sorting clusters 100%
Writing clusters 100%
Clusters: 30 Size min 1, max 4, avg 1.1
Singletons: 29, 87.9% of seqs, 96.7% of clusters
Multiple alignments 100%
vsearch v2.30.0_linux_x86_64, 94.1GB RAM, 24 cores
https://github.com/torognes/vsearch

Reading file results/clustering/cdr/comp_VH_R3/cdr3_clusters/91be9c6d-5360-46f8-bfef-c46f80ecb43d-IGH.fasta 100%
159 nt in 4 seqs, min 36, max 48, avg 40
minseqlength 6: 2 sequences discarded.
Masking 100%
Sorting by length 100%
Counting k-mers 100%
Clustering 100%
Sorting clusters 100%
Writing clusters 100%
Clusters: 4 Size min 1, max 1, avg 1.0
Singletons: 4, 100.0% of seqs, 100.0% of clusters
Multiple alignments 100%
vsearch v2.30.0_linux_x86_64, 94.1GB RAM, 24 cores
https://github.com/torognes/vsearch

Reading file results/clustering/cdr/comp_VH_R3/cdr3_clusters/a4c6e0f5-a8a5-4606-980d-cfefb83bc1eb-IGH.fasta 100%
2709 nt in 75 seqs, min 35, max 45, avg 36
Masking 100%
Sorting by length 100%
Counting k-mers 100%
Clustering 100%
Sorting clusters 100%
Writing clusters 100%
Clusters: 14 Size min 1, max 62, avg 5.4
Singletons: 13, 17.3% of seqs, 92.9% of clusters
Multiple alignments 100%
vsearch v2.30.0_linux_x86_64, 94.1GB RAM, 24 cores
https://github.com/torognes/vsearch

Reading file results/clustering/cdr/comp_VH_R3/cdr3_clusters/e9f10e31-bf6a-4fbb-8538-75fe6471938c-IGH.fasta 100%
2279 nt in 55 seqs, min 18, max 51, avg 41
Masking 100%
Sorting by length 100%
Counting k-mers 100%
Clustering 100%
Sorting clusters 100%
Writing clusters 100%
Clusters: 55 Size min 1, max 1, avg 1.0
Singletons: 55, 100.0% of seqs, 100.0% of clusters
Multiple alignments 100%
vsearch v2.30.0_linux_x86_64, 94.1GB RAM, 24 cores
https://github.com/torognes/vsearch

Reading file results/clustering/cdr/comp_VH_R3/cdr3_clusters/cb8980ad-1f0b-439f-a65e-dd39b7a70f34-IGH.fasta 100%
534 nt in 13 seqs, min 36, max 42, avg 41
minseqlength 6: 1 sequence discarded.
Masking 100%
Sorting by length 100%
Counting k-mers 100%
Clustering 100%
Sorting clusters 100%
Writing clusters 100%
Clusters: 7 Size min 1, max 6, avg 1.9
Singletons: 5, 38.5% of seqs, 71.4% of clusters
Multiple alignments 100%
vsearch v2.30.0_linux_x86_64, 94.1GB RAM, 24 cores
https://github.com/torognes/vsearch

Reading file results/clustering/cdr/comp_VH_R3/cdr3_clusters/12555ae7-3b98-4920-b8a5-c0ccded65c60-IGH.fasta 100%
432 nt in 9 seqs, min 42, max 51, avg 48
Masking 100%
Sorting by length 100%
Counting k-mers 100%
Clustering 100%
Sorting clusters 100%
Writing clusters 100%
Clusters: 6 Size min 1, max 4, avg 1.5
Singletons: 5, 55.6% of seqs, 83.3% of clusters
Multiple alignments 100%
vsearch v2.30.0_linux_x86_64, 94.1GB RAM, 24 cores
https://github.com/torognes/vsearch

Reading file results/clustering/cdr/comp_VH_R3/cdr3_clusters/0a441ba8-2f4e-4b07-9831-c1924817ab0a-IGH.fasta 100%
1259 nt in 49 seqs, min 15, max 33, avg 26
Masking 100%
Sorting by length 100%
Counting k-mers 100%
Clustering 100%
Sorting clusters 100%
Writing clusters 100%
Clusters: 45 Size min 1, max 2, avg 1.1
Singletons: 41, 83.7% of seqs, 91.1% of clusters
Multiple alignments 100%
vsearch v2.30.0_linux_x86_64, 94.1GB RAM, 24 cores
https://github.com/torognes/vsearch

Reading file results/clustering/cdr/comp_VH_R3/cdr3_clusters/65bbe997-8da2-4e0e-8caa-686c8c66350a-IGH.fasta 100%
9084 nt in 205 seqs, min 18, max 57, avg 44
Masking 100%
Sorting by length 100%
Counting k-mers 100%
Clustering 100%
Sorting clusters 100%
Writing clusters 100%
Clusters: 181 Size min 1, max 3, avg 1.1
Singletons: 160, 78.0% of seqs, 88.4% of clusters
Multiple alignments 100%
vsearch v2.30.0_linux_x86_64, 94.1GB RAM, 24 cores
https://github.com/torognes/vsearch

Reading file results/clustering/cdr/comp_VH_R3/cdr3_clusters/439f3da1-0c5a-4c77-98ca-2360c01ae1bb-IGH.fasta 100%
538 nt in 11 seqs, min 24, max 81, avg 49
Masking 100%
Sorting by length 100%
Counting k-mers 100%
Clustering 100%
Sorting clusters 100%
Writing clusters 100%
Clusters: 9 Size min 1, max 2, avg 1.2
Singletons: 7, 63.6% of seqs, 77.8% of clusters
Multiple alignments 100%
vsearch v2.30.0_linux_x86_64, 94.1GB RAM, 24 cores
https://github.com/torognes/vsearch

Reading file results/clustering/cdr/comp_VH_R3/cdr3_clusters/5f76b0c8-a9b2-4038-a2c8-4ee3596dbe9c-IGH.fasta 100%
177 nt in 5 seqs, min 30, max 39, avg 35
Masking 100%
Sorting by length 100%
Counting k-mers 100%
Clustering 100%
Sorting clusters 100%
Writing clusters 100%
Clusters: 5 Size min 1, max 1, avg 1.0
Singletons: 5, 100.0% of seqs, 100.0% of clusters
Multiple alignments 100%
vsearch v2.30.0_linux_x86_64, 94.1GB RAM, 24 cores
https://github.com/torognes/vsearch

Reading file results/clustering/cdr/comp_VH_R3/cdr3_clusters/9f4c44f2-e9f5-42ec-88ca-855186e4f554-IGH.fasta 100%
501 nt in 11 seqs, min 36, max 54, avg 46
Masking 100%
Sorting by length 100%
Counting k-mers 100%
Clustering 100%
Sorting clusters 100%
Writing clusters 100%
Clusters: 11 Size min 1, max 1, avg 1.0
Singletons: 11, 100.0% of seqs, 100.0% of clusters
Multiple alignments 100%
vsearch v2.30.0_linux_x86_64, 94.1GB RAM, 24 cores
https://github.com/torognes/vsearch

Reading file results/clustering/cdr/comp_VH_R3/cdr3_clusters/f1893890-e846-42e0-b001-bcbfc33753f4-IGH.fasta 100%
339 nt in 9 seqs, min 27, max 39, avg 38
Masking 100%
Sorting by length 100%
Counting k-mers 100%
Clustering 100%
Sorting clusters 100%
Writing clusters 100%
Clusters: 4 Size min 1, max 6, avg 2.2
Singletons: 3, 33.3% of seqs, 75.0% of clusters
Multiple alignments 100%
vsearch v2.30.0_linux_x86_64, 94.1GB RAM, 24 cores
https://github.com/torognes/vsearch

Reading file results/clustering/cdr/comp_VH_R3/cdr3_clusters/3de8d161-a240-4a6f-981d-d9fb5a73c415-IGH.fasta 100%
183 nt in 6 seqs, min 18, max 36, avg 30
Masking 100%
Sorting by length 100%
Counting k-mers 100%
Clustering 100%
Sorting clusters 100%
Writing clusters 100%
Clusters: 5 Size min 1, max 2, avg 1.2
Singletons: 4, 66.7% of seqs, 80.0% of clusters
Multiple alignments 100%
vsearch v2.30.0_linux_x86_64, 94.1GB RAM, 24 cores
https://github.com/torognes/vsearch

Reading file results/clustering/cdr/comp_VH_R3/cdr3_clusters/0f6cc9f0-1a3f-48af-98de-9b7971dabc66-IGH.fasta 100%
297 nt in 6 seqs, min 45, max 54, avg 50
Masking 100%
Sorting by length 100%
Counting k-mers 100%
Clustering 100%
Sorting clusters 100%
Writing clusters 100%
Clusters: 6 Size min 1, max 1, avg 1.0
Singletons: 6, 100.0% of seqs, 100.0% of clusters
Multiple alignments 100%
vsearch v2.30.0_linux_x86_64, 94.1GB RAM, 24 cores
https://github.com/torognes/vsearch

Reading file results/clustering/cdr/comp_VH_R3/cdr3_clusters/d3991da7-6c9f-4570-a8e7-102d253a1c89-IGH.fasta 100%
1021 nt in 36 seqs, min 15, max 87, avg 28
minseqlength 6: 1 sequence discarded.
Masking 100%
Sorting by length 100%
Counting k-mers 100%
Clustering 100%
Sorting clusters 100%
Writing clusters 100%
Clusters: 28 Size min 1, max 4, avg 1.3
Singletons: 24, 66.7% of seqs, 85.7% of clusters
Multiple alignments 100%
vsearch v2.30.0_linux_x86_64, 94.1GB RAM, 24 cores
https://github.com/torognes/vsearch

Reading file results/clustering/cdr/comp_VH_R3/cdr3_clusters/65de0d7c-f39e-4760-ab92-a30c0f45a73b-IGH.fasta 100%
885 nt in 27 seqs, min 18, max 45, avg 33
minseqlength 6: 2 sequences discarded.
Masking 100%
Sorting by length 100%
Counting k-mers 100%
Clustering 100%
Sorting clusters 100%
Writing clusters 100%
Clusters: 27 Size min 1, max 1, avg 1.0
Singletons: 27, 100.0% of seqs, 100.0% of clusters
Multiple alignments 100%
vsearch v2.30.0_linux_x86_64, 94.1GB RAM, 24 cores
https://github.com/torognes/vsearch

Reading file results/clustering/cdr/comp_VH_R3/cdr3_clusters/2f846122-2077-4055-b58f-9c632ecd869b-IGH.fasta 100%
326 nt in 7 seqs, min 42, max 51, avg 47
Masking 100%
Sorting by length 100%
Counting k-mers 100%
Clustering 100%
Sorting clusters 100%
Writing clusters 100%
Clusters: 7 Size min 1, max 1, avg 1.0
Singletons: 7, 100.0% of seqs, 100.0% of clusters
Multiple alignments 100%
vsearch v2.30.0_linux_x86_64, 94.1GB RAM, 24 cores
https://github.com/torognes/vsearch

Reading file results/clustering/cdr/comp_VH_R3/cdr3_clusters/5f755006-77d1-4d86-af98-4d9d4787f5c9-IGH.fasta 100%
368 nt in 11 seqs, min 24, max 36, avg 33
Masking 100%
Sorting by length 100%
Counting k-mers 100%
Clustering 100%
Sorting clusters 100%
Writing clusters 100%
Clusters: 6 Size min 1, max 6, avg 1.8
Singletons: 5, 45.5% of seqs, 83.3% of clusters
Multiple alignments 100%
vsearch v2.30.0_linux_x86_64, 94.1GB RAM, 24 cores
https://github.com/torognes/vsearch

Reading file results/clustering/cdr/comp_VH_R3/cdr3_clusters/31bd82bf-10ff-495e-a44e-0eb957727c26-IGH.fasta 100%
399 nt in 16 seqs, min 15, max 48, avg 25
Masking 100%
Sorting by length 100%
Counting k-mers 100%
Clustering 100%
Sorting clusters 100%
Writing clusters 100%
Clusters: 15 Size min 1, max 2, avg 1.1
Singletons: 14, 87.5% of seqs, 93.3% of clusters
Multiple alignments 100%
vsearch v2.30.0_linux_x86_64, 94.1GB RAM, 24 cores
https://github.com/torognes/vsearch

Reading file results/clustering/cdr/comp_VH_R3/cdr3_clusters/9b138ebe-580c-454f-b9a5-bfdb31668702-IGH.fasta 100%
1272 nt in 39 seqs, min 18, max 33, avg 33
Masking 100%
Sorting by length 100%
Counting k-mers 100%
Clustering 100%
Sorting clusters 100%
Writing clusters 100%
Clusters: 9 Size min 1, max 31, avg 4.3
Singletons: 8, 20.5% of seqs, 88.9% of clusters
Multiple alignments 100%
vsearch v2.30.0_linux_x86_64, 94.1GB RAM, 24 cores
https://github.com/torognes/vsearch

Reading file results/clustering/cdr/comp_VH_R3/cdr3_clusters/ba261308-d281-4d50-9e15-2b900d4ada44-IGH.fasta 100%
300 nt in 6 seqs, min 45, max 54, avg 50
Masking 100%
Sorting by length 100%
Counting k-mers 100%
Clustering 100%
Sorting clusters 100%
Writing clusters 100%
Clusters: 5 Size min 1, max 2, avg 1.2
Singletons: 4, 66.7% of seqs, 80.0% of clusters
Multiple alignments 100%
vsearch v2.30.0_linux_x86_64, 94.1GB RAM, 24 cores
https://github.com/torognes/vsearch

Reading file results/clustering/cdr/comp_VH_R3/cdr3_clusters/9708e9bf-63f7-4b05-b3b8-a3a456be44b7-IGH.fasta 100%
1857 nt in 49 seqs, min 30, max 57, avg 38
Masking 100%
Sorting by length 100%
Counting k-mers 100%
Clustering 100%
Sorting clusters 100%
Writing clusters 100%
Clusters: 41 Size min 1, max 8, avg 1.2
Singletons: 39, 79.6% of seqs, 95.1% of clusters
Multiple alignments 100%
vsearch v2.30.0_linux_x86_64, 94.1GB RAM, 24 cores
https://github.com/torognes/vsearch

Reading file results/clustering/cdr/comp_VH_R3/cdr3_clusters/99004886-3a65-48b0-b060-7e997b884b39-IGH.fasta 100%
489 nt in 12 seqs, min 30, max 54, avg 41
Masking 100%
Sorting by length 100%
Counting k-mers 100%
Clustering 100%
Sorting clusters 100%
Writing clusters 100%
Clusters: 10 Size min 1, max 2, avg 1.2
Singletons: 8, 66.7% of seqs, 80.0% of clusters
Multiple alignments 100%
vsearch v2.30.0_linux_x86_64, 94.1GB RAM, 24 cores
https://github.com/torognes/vsearch

Reading file results/clustering/cdr/comp_VH_R3/cdr3_clusters/a75a8bc1-af0e-4468-adcd-bcb1a2883621-IGH.fasta 100%
189 nt in 7 seqs, min 18, max 39, avg 27
Masking 100%
Sorting by length 100%
Counting k-mers 100%
Clustering 100%
Sorting clusters 100%
Writing clusters 100%
Clusters: 7 Size min 1, max 1, avg 1.0
Singletons: 7, 100.0% of seqs, 100.0% of clusters
Multiple alignments 100%
vsearch v2.30.0_linux_x86_64, 94.1GB RAM, 24 cores
https://github.com/torognes/vsearch

Reading file results/clustering/cdr/comp_VH_R3/cdr3_clusters/09468bbd-4f16-42ab-af58-f436c0f3f80a-IGH.fasta 100%
198 nt in 5 seqs, min 30, max 45, avg 40
Masking 100%
Sorting by length 100%
Counting k-mers 100%
Clustering 100%
Sorting clusters 100%
Writing clusters 100%
Clusters: 5 Size min 1, max 1, avg 1.0
Singletons: 5, 100.0% of seqs, 100.0% of clusters
Multiple alignments 100%
vsearch v2.30.0_linux_x86_64, 94.1GB RAM, 24 cores
https://github.com/torognes/vsearch

Reading file results/clustering/cdr/comp_VH_R3/cdr3_clusters/83f0eedc-e9ee-4667-b23c-063dae32f0c5-IGH.fasta 100%
858 nt in 23 seqs, min 27, max 45, avg 37
Masking 100%
Sorting by length 100%
Counting k-mers 100%
Clustering 100%
Sorting clusters 100%
Writing clusters 100%
Clusters: 19 Size min 1, max 5, avg 1.2
Singletons: 18, 78.3% of seqs, 94.7% of clusters
Multiple alignments 100%
vsearch v2.30.0_linux_x86_64, 94.1GB RAM, 24 cores
https://github.com/torognes/vsearch

Reading file results/clustering/cdr/comp_VH_R3/cdr3_clusters/76b89a6d-fa58-4d14-9b25-74b63385b708-IGH.fasta 100%
1670 nt in 53 seqs, min 15, max 45, avg 32
Masking 100%
Sorting by length 100%
Counting k-mers 100%
Clustering 100%
Sorting clusters 100%
Writing clusters 100%
Clusters: 49 Size min 1, max 2, avg 1.1
Singletons: 45, 84.9% of seqs, 91.8% of clusters
Multiple alignments 100%
vsearch v2.30.0_linux_x86_64, 94.1GB RAM, 24 cores
https://github.com/torognes/vsearch

Reading file results/clustering/cdr/comp_VH_R3/cdr3_clusters/24dca7e9-5bde-4102-87ef-aa5e87b710b4-IGH.fasta 100%
1425 nt in 32 seqs, min 24, max 57, avg 45
Masking 100%
Sorting by length 100%
Counting k-mers 100%
Clustering 100%
Sorting clusters 100%
Writing clusters 100%
Clusters: 30 Size min 1, max 2, avg 1.1
Singletons: 28, 87.5% of seqs, 93.3% of clusters
Multiple alignments 100%
vsearch v2.30.0_linux_x86_64, 94.1GB RAM, 24 cores
https://github.com/torognes/vsearch

Reading file results/clustering/cdr/comp_VH_R3/cdr3_clusters/d21a6b75-3b78-40d4-94b4-f05483db6781-IGH.fasta 100%
201 nt in 5 seqs, min 30, max 45, avg 40
Masking 100%
Sorting by length 100%
Counting k-mers 100%
Clustering 100%
Sorting clusters 100%
Writing clusters 100%
Clusters: 5 Size min 1, max 1, avg 1.0
Singletons: 5, 100.0% of seqs, 100.0% of clusters
Multiple alignments 100%
vsearch v2.30.0_linux_x86_64, 94.1GB RAM, 24 cores
https://github.com/torognes/vsearch

Reading file results/clustering/cdr/comp_VH_R3/cdr3_clusters/14ddb601-0054-4aa0-ae46-4010fa058251-IGH.fasta 100%
2265 nt in 55 seqs, min 27, max 57, avg 41
Masking 100%
Sorting by length 100%
Counting k-mers 100%
Clustering 100%
Sorting clusters 100%
Writing clusters 100%
Clusters: 53 Size min 1, max 2, avg 1.0
Singletons: 51, 92.7% of seqs, 96.2% of clusters
Multiple alignments 100%
vsearch v2.30.0_linux_x86_64, 94.1GB RAM, 24 cores
https://github.com/torognes/vsearch

Reading file results/clustering/cdr/comp_VH_R3/cdr3_clusters/db8853bc-086a-4592-9c4f-48edff11774f-IGH.fasta 100%
1128 nt in 37 seqs, min 21, max 36, avg 30
minseqlength 6: 1 sequence discarded.
Masking 100%
Sorting by length 100%
Counting k-mers 100%
Clustering 100%
Sorting clusters 100%
Writing clusters 100%
Clusters: 33 Size min 1, max 4, avg 1.1
Singletons: 31, 83.8% of seqs, 93.9% of clusters
Multiple alignments 100%
vsearch v2.30.0_linux_x86_64, 94.1GB RAM, 24 cores
https://github.com/torognes/vsearch

Reading file results/clustering/cdr/comp_VH_R3/cdr3_clusters/24b765c7-4ec2-4a88-a9c2-69f948e5a828-IGH.fasta 100%
663 nt in 13 seqs, min 48, max 54, avg 51
Masking 100%
Sorting by length 100%
Counting k-mers 100%
Clustering 100%
Sorting clusters 100%
Writing clusters 100%
Clusters: 5 Size min 1, max 5, avg 2.6
Singletons: 3, 23.1% of seqs, 60.0% of clusters
Multiple alignments 100%
vsearch v2.30.0_linux_x86_64, 94.1GB RAM, 24 cores
https://github.com/torognes/vsearch

Reading file results/clustering/cdr/comp_VH_R3/cdr3_clusters/11e5b821-eb63-4858-b3ef-7e7d2247fc6a-IGH.fasta 100%
594 nt in 22 seqs, min 27, max 27, avg 27
Masking 100%
Sorting by length 100%
Counting k-mers 100%
Clustering 100%
Sorting clusters 100%
Writing clusters 100%
Clusters: 3 Size min 1, max 20, avg 7.3
Singletons: 2, 9.1% of seqs, 66.7% of clusters
Multiple alignments 100%
vsearch v2.30.0_linux_x86_64, 94.1GB RAM, 24 cores
https://github.com/torognes/vsearch

Reading file results/clustering/cdr/comp_VH_R3/cdr3_clusters/e31685dd-5119-433c-999b-3fb9a74cbe1f-IGH.fasta 100%
765 nt in 19 seqs, min 24, max 48, avg 40
Masking 100%
Sorting by length 100%
Counting k-mers 100%
Clustering 100%
Sorting clusters 100%
Writing clusters 100%
Clusters: 17 Size min 1, max 2, avg 1.1
Singletons: 15, 78.9% of seqs, 88.2% of clusters
Multiple alignments 100%
vsearch v2.30.0_linux_x86_64, 94.1GB RAM, 24 cores
https://github.com/torognes/vsearch

Reading file results/clustering/cdr/comp_VH_R3/cdr3_clusters/1444cabe-fb9d-4a21-99ee-5ee6ef70a66f-IGH.fasta 100%
3327 nt in 75 seqs, min 18, max 57, avg 44
minseqlength 6: 2 sequences discarded.
Masking 100%
Sorting by length 100%
Counting k-mers 100%
Clustering 100%
Sorting clusters 100%
Writing clusters 100%
Clusters: 63 Size min 1, max 5, avg 1.2
Singletons: 55, 73.3% of seqs, 87.3% of clusters
Multiple alignments 100%
vsearch v2.30.0_linux_x86_64, 94.1GB RAM, 24 cores
https://github.com/torognes/vsearch

Reading file results/clustering/cdr/comp_VH_R3/cdr3_clusters/c574a3e0-4f94-419d-b670-b5c75e810573-IGH.fasta 100%
744 nt in 24 seqs, min 30, max 33, avg 31
Masking 100%
Sorting by length 100%
Counting k-mers 100%
Clustering 100%
Sorting clusters 100%
Writing clusters 100%
Clusters: 11 Size min 1, max 5, avg 2.2
Singletons: 6, 25.0% of seqs, 54.5% of clusters
Multiple alignments 100%
vsearch v2.30.0_linux_x86_64, 94.1GB RAM, 24 cores
https://github.com/torognes/vsearch

Reading file results/clustering/cdr/comp_VH_R3/cdr3_clusters/0c513a39-bbed-4af5-aa00-b171dd3a0fe3-IGH.fasta 100%
1929 nt in 43 seqs, min 15, max 54, avg 45
Masking 100%
Sorting by length 100%
Counting k-mers 100%
Clustering 100%
Sorting clusters 100%
Writing clusters 100%
Clusters: 38 Size min 1, max 3, avg 1.1
Singletons: 34, 79.1% of seqs, 89.5% of clusters
Multiple alignments 100%
vsearch v2.30.0_linux_x86_64, 94.1GB RAM, 24 cores
https://github.com/torognes/vsearch

Reading file results/clustering/cdr/comp_VH_R3/cdr3_clusters/c52e6972-d883-4b51-af5c-e380e7e86339-IGH.fasta 100%
11532 nt in 274 seqs, min 15, max 54, avg 42
Masking 100%
Sorting by length 100%
Counting k-mers 100%
Clustering 100%
Sorting clusters 100%
Writing clusters 100%
Clusters: 226 Size min 1, max 8, avg 1.2
Singletons: 201, 73.4% of seqs, 88.9% of clusters
Multiple alignments 100%
vsearch v2.30.0_linux_x86_64, 94.1GB RAM, 24 cores
https://github.com/torognes/vsearch

Reading file results/clustering/cdr/comp_VH_R3/cdr3_clusters/2d78dba9-9c67-4290-a9ef-56f17e8490cd-IGH.fasta 100%
1770 nt in 42 seqs, min 24, max 51, avg 42
Masking 100%
Sorting by length 100%
Counting k-mers 100%
Clustering 100%
Sorting clusters 100%
Writing clusters 100%
Clusters: 31 Size min 1, max 12, avg 1.4
Singletons: 30, 71.4% of seqs, 96.8% of clusters
Multiple alignments 100%
vsearch v2.30.0_linux_x86_64, 94.1GB RAM, 24 cores
https://github.com/torognes/vsearch

Reading file results/clustering/cdr/comp_VH_R3/cdr3_clusters/250defff-ad5c-4a72-9c47-c6f6e29fd215-IGH.fasta 100%
294 nt in 6 seqs, min 33, max 54, avg 49
Masking 100%
Sorting by length 100%
Counting k-mers 100%
Clustering 100%
Sorting clusters 100%
Writing clusters 100%
Clusters: 5 Size min 1, max 2, avg 1.2
Singletons: 4, 66.7% of seqs, 80.0% of clusters
Multiple alignments 100%
vsearch v2.30.0_linux_x86_64, 94.1GB RAM, 24 cores
https://github.com/torognes/vsearch

Reading file results/clustering/cdr/comp_VH_R3/cdr3_clusters/3e040b63-6c45-43e6-86a4-7fac6410667f-IGH.fasta 100%
851 nt in 18 seqs, min 30, max 57, avg 47
Masking 100%
Sorting by length 100%
Counting k-mers 100%
Clustering 100%
Sorting clusters 100%
Writing clusters 100%
Clusters: 16 Size min 1, max 2, avg 1.1
Singletons: 14, 77.8% of seqs, 87.5% of clusters
Multiple alignments 100%
vsearch v2.30.0_linux_x86_64, 94.1GB RAM, 24 cores
https://github.com/torognes/vsearch

Reading file results/clustering/cdr/comp_VH_R3/cdr3_clusters/c46c7208-5fcb-4a2b-9a62-8bbd6e2d90d4-IGH.fasta 100%
2046 nt in 47 seqs, min 27, max 54, avg 44
Masking 100%
Sorting by length 100%
Counting k-mers 100%
Clustering 100%
Sorting clusters 100%
Writing clusters 100%
Clusters: 44 Size min 1, max 3, avg 1.1
Singletons: 42, 89.4% of seqs, 95.5% of clusters
Multiple alignments 100%
vsearch v2.30.0_linux_x86_64, 94.1GB RAM, 24 cores
https://github.com/torognes/vsearch

Reading file results/clustering/cdr/comp_VH_R3/cdr3_clusters/4c967e89-4ed1-4141-bd7e-4ff236a73849-IGH.fasta 100%
1446 nt in 35 seqs, min 30, max 48, avg 41
Masking 100%
Sorting by length 100%
Counting k-mers 100%
Clustering 100%
Sorting clusters 100%
Writing clusters 100%
Clusters: 27 Size min 1, max 6, avg 1.3
Singletons: 25, 71.4% of seqs, 92.6% of clusters
Multiple alignments 100%
vsearch v2.30.0_linux_x86_64, 94.1GB RAM, 24 cores
https://github.com/torognes/vsearch

Reading file results/clustering/cdr/comp_VH_R3/cdr3_clusters/0e9877e5-cb37-49ea-821c-9645969e2997-IGH.fasta 100%
0 nt in 0 seqs
minseqlength 6: 81 sequences discarded.
Masking 100%
Sorting by length 100%
Counting k-mers 100%
Clustering 100%
Sorting clusters 100%
Writing clusters 100%
Clusters: 0
Singletons: 0
Multiple alignments 100%
vsearch v2.30.0_linux_x86_64, 94.1GB RAM, 24 cores
https://github.com/torognes/vsearch

Reading file results/clustering/cdr/comp_VH_R3/cdr3_clusters/10770045-6a47-42cf-98fe-b364b52a87c6-IGH.fasta 100%
303 nt in 7 seqs, min 36, max 51, avg 43
Masking 100%
Sorting by length 100%
Counting k-mers 100%
Clustering 100%
Sorting clusters 100%
Writing clusters 100%
Clusters: 7 Size min 1, max 1, avg 1.0
Singletons: 7, 100.0% of seqs, 100.0% of clusters
Multiple alignments 100%
vsearch v2.30.0_linux_x86_64, 94.1GB RAM, 24 cores
https://github.com/torognes/vsearch

Reading file results/clustering/cdr/comp_VH_R3/cdr3_clusters/f1ddcd1c-6d75-4636-a56e-9f8396e8a3d6-IGH.fasta 100%
486 nt in 17 seqs, min 18, max 33, avg 29
Masking 100%
Sorting by length 100%
Counting k-mers 100%
Clustering 100%
Sorting clusters 100%
Writing clusters 100%
Clusters: 17 Size min 1, max 1, avg 1.0
Singletons: 17, 100.0% of seqs, 100.0% of clusters
Multiple alignments 100%
vsearch v2.30.0_linux_x86_64, 94.1GB RAM, 24 cores
https://github.com/torognes/vsearch

Reading file results/clustering/cdr/comp_VH_R3/cdr3_clusters/ead6e492-f67e-479e-8cd6-63509936dd31-IGH.fasta 100%
566 nt in 13 seqs, min 27, max 51, avg 44
Masking 100%
Sorting by length 100%
Counting k-mers 100%
Clustering 100%
Sorting clusters 100%
Writing clusters 100%
Clusters: 8 Size min 1, max 6, avg 1.6
Singletons: 7, 53.8% of seqs, 87.5% of clusters
Multiple alignments 100%
vsearch v2.30.0_linux_x86_64, 94.1GB RAM, 24 cores
https://github.com/torognes/vsearch

Reading file results/clustering/cdr/comp_VH_R3/cdr3_clusters/cab3aeea-5b35-45fb-a721-efb7ce4fcf8f-IGH.fasta 100%
1494 nt in 33 seqs, min 30, max 57, avg 45
Masking 100%
Sorting by length 100%
Counting k-mers 100%
Clustering 100%
Sorting clusters 100%
Writing clusters 100%
Clusters: 32 Size min 1, max 2, avg 1.0
Singletons: 31, 93.9% of seqs, 96.9% of clusters
Multiple alignments 100%
vsearch v2.30.0_linux_x86_64, 94.1GB RAM, 24 cores
https://github.com/torognes/vsearch

Reading file results/clustering/cdr/comp_VH_R3/cdr3_clusters/126ec848-e118-46f0-9c08-f202c67fe5df-IGH.fasta 100%
333 nt in 8 seqs, min 30, max 45, avg 42
Masking 100%
Sorting by length 100%
Counting k-mers 100%
Clustering 100%
Sorting clusters 100%
Writing clusters 100%
Clusters: 7 Size min 1, max 2, avg 1.1
Singletons: 6, 75.0% of seqs, 85.7% of clusters
Multiple alignments 100%
vsearch v2.30.0_linux_x86_64, 94.1GB RAM, 24 cores
https://github.com/torognes/vsearch

Reading file results/clustering/cdr/comp_VH_R3/cdr3_clusters/5c62c1b9-f983-43f7-a55f-f6ebe8472a9c-IGH.fasta 100%
1929 nt in 50 seqs, min 15, max 57, avg 39
Masking 100%
Sorting by length 100%
Counting k-mers 100%
Clustering 100%
Sorting clusters 100%
Writing clusters 100%
Clusters: 46 Size min 1, max 3, avg 1.1
Singletons: 43, 86.0% of seqs, 93.5% of clusters
Multiple alignments 100%
vsearch v2.30.0_linux_x86_64, 94.1GB RAM, 24 cores
https://github.com/torognes/vsearch

Reading file results/clustering/cdr/comp_VH_R3/cdr3_clusters/18c76a89-0715-44ad-9796-de37a40bedf8-IGH.fasta 100%
0 nt in 0 seqs
minseqlength 6: 5 sequences discarded.
Masking 100%
Sorting by length 100%
Counting k-mers 100%
Clustering 100%
Sorting clusters 100%
Writing clusters 100%
Clusters: 0
Singletons: 0
Multiple alignments 100%
vsearch v2.30.0_linux_x86_64, 94.1GB RAM, 24 cores
https://github.com/torognes/vsearch

Reading file results/clustering/cdr/comp_VH_R3/cdr3_clusters/755769eb-d05c-40e3-966f-ec178784f328-IGH.fasta 100%
345 nt in 6 seqs, min 51, max 60, avg 58
Masking 100%
Sorting by length 100%
Counting k-mers 100%
Clustering 100%
Sorting clusters 100%
Writing clusters 100%
Clusters: 6 Size min 1, max 1, avg 1.0
Singletons: 6, 100.0% of seqs, 100.0% of clusters
Multiple alignments 100%
vsearch v2.30.0_linux_x86_64, 94.1GB RAM, 24 cores
https://github.com/torognes/vsearch

Reading file results/clustering/cdr/comp_VH_R3/cdr3_clusters/0659e04f-972e-4070-84be-efdafe5178d6-IGH.fasta 100%
0 nt in 0 seqs
minseqlength 6: 87 sequences discarded.
Masking 100%
Sorting by length 100%
Counting k-mers 100%
Clustering 100%
Sorting clusters 100%
Writing clusters 100%
Clusters: 0
Singletons: 0
Multiple alignments 100%
vsearch v2.30.0_linux_x86_64, 94.1GB RAM, 24 cores
https://github.com/torognes/vsearch

Reading file results/clustering/cdr/comp_VH_R3/cdr3_clusters/215d4eb0-529b-4571-a7c2-e441d831949c-IGH.fasta 100%
0 nt in 0 seqs
minseqlength 6: 15 sequences discarded.
Masking 100%
Sorting by length 100%
Counting k-mers 100%
Clustering 100%
Sorting clusters 100%
Writing clusters 100%
Clusters: 0
Singletons: 0
Multiple alignments 100%
vsearch v2.30.0_linux_x86_64, 94.1GB RAM, 24 cores
https://github.com/torognes/vsearch

Reading file results/clustering/cdr/comp_VH_R3/cdr3_clusters/97f5ef9f-62e7-4004-ae68-8353b77f9193-IGH.fasta 100%
940 nt in 19 seqs, min 39, max 57, avg 49
Masking 100%
Sorting by length 100%
Counting k-mers 100%
Clustering 100%
Sorting clusters 100%
Writing clusters 100%
Clusters: 19 Size min 1, max 1, avg 1.0
Singletons: 19, 100.0% of seqs, 100.0% of clusters
Multiple alignments 100%
vsearch v2.30.0_linux_x86_64, 94.1GB RAM, 24 cores
https://github.com/torognes/vsearch

Reading file results/clustering/cdr/comp_VH_R3/cdr3_clusters/35d70ace-2162-448e-bbf7-7e9f4106208c-IGH.fasta 100%
0 nt in 0 seqs
minseqlength 6: 6 sequences discarded.
Masking 100%
Sorting by length 100%
Counting k-mers 100%
Clustering 100%
Sorting clusters 100%
Writing clusters 100%
Clusters: 0
Singletons: 0
Multiple alignments 100%
vsearch v2.30.0_linux_x86_64, 94.1GB RAM, 24 cores
https://github.com/torognes/vsearch

Reading file results/clustering/cdr/comp_VH_R3/cdr3_clusters/1a8da363-5e62-427a-8f87-404b5330d7e1-IGH.fasta 100%
381 nt in 10 seqs, min 30, max 42, avg 38
Masking 100%
Sorting by length 100%
Counting k-mers 100%
Clustering 100%
Sorting clusters 100%
Writing clusters 100%
Clusters: 8 Size min 1, max 3, avg 1.2
Singletons: 7, 70.0% of seqs, 87.5% of clusters
Multiple alignments 100%
vsearch v2.30.0_linux_x86_64, 94.1GB RAM, 24 cores
https://github.com/torognes/vsearch

Reading file results/clustering/cdr/comp_VH_R3/cdr3_clusters/ebb149cb-c802-41af-a2a2-0b7db9e6d156-IGH.fasta 100%
537 nt in 16 seqs, min 15, max 42, avg 34
Masking 100%
Sorting by length 100%
Counting k-mers 100%
Clustering 100%
Sorting clusters 100%
Writing clusters 100%
Clusters: 14 Size min 1, max 2, avg 1.1
Singletons: 12, 75.0% of seqs, 85.7% of clusters
Multiple alignments 100%
vsearch v2.30.0_linux_x86_64, 94.1GB RAM, 24 cores
https://github.com/torognes/vsearch

Reading file results/clustering/cdr/comp_VH_R3/cdr3_clusters/61c6eb7b-2666-421e-b11f-f5029444a520-IGH.fasta 100%
4598 nt in 108 seqs, min 21, max 57, avg 43
Masking 100%
Sorting by length 100%
Counting k-mers 100%
Clustering 100%
Sorting clusters 100%
Writing clusters 100%
Clusters: 101 Size min 1, max 3, avg 1.1
Singletons: 95, 88.0% of seqs, 94.1% of clusters
Multiple alignments 100%
vsearch v2.30.0_linux_x86_64, 94.1GB RAM, 24 cores
https://github.com/torognes/vsearch

Reading file results/clustering/cdr/comp_VH_R3/cdr3_clusters/15b7fd3c-8239-445a-b779-0658c10ed582-IGH.fasta 100%
17312 nt in 404 seqs, min 15, max 57, avg 43
minseqlength 6: 2 sequences discarded.
Masking 100%
Sorting by length 100%
Counting k-mers 100%
Clustering 100%
Sorting clusters 100%
Writing clusters 100%
Clusters: 253 Size min 1, max 21, avg 1.6
Singletons: 208, 51.5% of seqs, 82.2% of clusters
Multiple alignments 100%
vsearch v2.30.0_linux_x86_64, 94.1GB RAM, 24 cores
https://github.com/torognes/vsearch

Reading file results/clustering/cdr/comp_VH_R3/cdr3_clusters/8c1e0ddf-f79f-49da-a517-8de1677eec53-IGH.fasta 100%
4415 nt in 110 seqs, min 18, max 51, avg 40
Masking 100%
Sorting by length 100%
Counting k-mers 100%
Clustering 100%
Sorting clusters 100%
Writing clusters 100%
Clusters: 97 Size min 1, max 7, avg 1.1
Singletons: 90, 81.8% of seqs, 92.8% of clusters
Multiple alignments 100%
vsearch v2.30.0_linux_x86_64, 94.1GB RAM, 24 cores
https://github.com/torognes/vsearch

Reading file results/clustering/cdr/comp_VH_R3/cdr3_clusters/35d8cc2f-bd34-445d-8386-333684c14fad-IGH.fasta 100%
252 nt in 6 seqs, min 36, max 48, avg 42
Masking 100%
Sorting by length 100%
Counting k-mers 100%
Clustering 100%
Sorting clusters 100%
Writing clusters 100%
Clusters: 6 Size min 1, max 1, avg 1.0
Singletons: 6, 100.0% of seqs, 100.0% of clusters
Multiple alignments 100%
vsearch v2.30.0_linux_x86_64, 94.1GB RAM, 24 cores
https://github.com/torognes/vsearch

Reading file results/clustering/cdr/comp_VH_R3/cdr3_clusters/4c9a0c96-888c-4104-b20f-5040a6dfbd8d-IGH.fasta 100%
1743 nt in 39 seqs, min 24, max 54, avg 45
Masking 100%
Sorting by length 100%
Counting k-mers 100%
Clustering 100%
Sorting clusters 100%
Writing clusters 100%
Clusters: 37 Size min 1, max 3, avg 1.1
Singletons: 36, 92.3% of seqs, 97.3% of clusters
Multiple alignments 100%
vsearch v2.30.0_linux_x86_64, 94.1GB RAM, 24 cores
https://github.com/torognes/vsearch

Reading file results/clustering/cdr/comp_VH_R3/cdr3_clusters/616a13c2-4276-4374-ade0-74b24814c38d-IGH.fasta 100%
1059 nt in 29 seqs, min 27, max 45, avg 37
Masking 100%
Sorting by length 100%
Counting k-mers 100%
Clustering 100%
Sorting clusters 100%
Writing clusters 100%
Clusters: 28 Size min 1, max 2, avg 1.0
Singletons: 27, 93.1% of seqs, 96.4% of clusters
Multiple alignments 100%
vsearch v2.30.0_linux_x86_64, 94.1GB RAM, 24 cores
https://github.com/torognes/vsearch

Reading file results/clustering/cdr/comp_VH_R3/cdr3_clusters/44231c6d-e906-4068-9191-1aca035d9748-IGH.fasta 100%
219 nt in 7 seqs, min 18, max 39, avg 31
Masking 100%
Sorting by length 100%
Counting k-mers 100%
Clustering 100%
Sorting clusters 100%
Writing clusters 100%
Clusters: 6 Size min 1, max 2, avg 1.2
Singletons: 5, 71.4% of seqs, 83.3% of clusters
Multiple alignments 100%
vsearch v2.30.0_linux_x86_64, 94.1GB RAM, 24 cores
https://github.com/torognes/vsearch

Reading file results/clustering/cdr/comp_VH_R3/cdr3_clusters/532426d8-3f16-4622-9c8c-a98664143b5a-IGH.fasta 100%
282 nt in 7 seqs, min 36, max 51, avg 40
Masking 100%
Sorting by length 100%
Counting k-mers 100%
Clustering 100%
Sorting clusters 100%
Writing clusters 100%
Clusters: 2 Size min 2, max 5, avg 3.5
Singletons: 0, 0.0% of seqs, 0.0% of clusters
Multiple alignments 100%
vsearch v2.30.0_linux_x86_64, 94.1GB RAM, 24 cores
https://github.com/torognes/vsearch

Reading file results/clustering/cdr/comp_VH_R3/cdr3_clusters/4efb01d8-535e-4e1b-a6bc-cf5620ba3bb4-IGH.fasta 100%
246 nt in 7 seqs, min 24, max 39, avg 35
Masking 100%
Sorting by length 100%
Counting k-mers 100%
Clustering 100%
Sorting clusters 100%
Writing clusters 100%
Clusters: 7 Size min 1, max 1, avg 1.0
Singletons: 7, 100.0% of seqs, 100.0% of clusters
Multiple alignments 100%
vsearch v2.30.0_linux_x86_64, 94.1GB RAM, 24 cores
https://github.com/torognes/vsearch

Reading file results/clustering/cdr/comp_VH_R3/cdr3_clusters/406d774e-9191-4f86-9ef1-f1b870a5e2af-IGH.fasta 100%
498 nt in 10 seqs, min 42, max 60, avg 50
Masking 100%
Sorting by length 100%
Counting k-mers 100%
Clustering 100%
Sorting clusters 100%
Writing clusters 100%
Clusters: 10 Size min 1, max 1, avg 1.0
Singletons: 10, 100.0% of seqs, 100.0% of clusters
Multiple alignments 100%
vsearch v2.30.0_linux_x86_64, 94.1GB RAM, 24 cores
https://github.com/torognes/vsearch

Reading file results/clustering/cdr/comp_VH_R3/cdr3_clusters/062b085e-2f15-48d6-b552-ff8016d9ce53-IGH.fasta 100%
609 nt in 15 seqs, min 27, max 48, avg 41
Masking 100%
Sorting by length 100%
Counting k-mers 100%
Clustering 100%
Sorting clusters 100%
Writing clusters 100%
Clusters: 15 Size min 1, max 1, avg 1.0
Singletons: 15, 100.0% of seqs, 100.0% of clusters
Multiple alignments 100%
vsearch v2.30.0_linux_x86_64, 94.1GB RAM, 24 cores
https://github.com/torognes/vsearch

Reading file results/clustering/cdr/comp_VH_R3/cdr3_clusters/9d4e7eb2-49a1-44ae-bd16-66b4eef80336-IGH.fasta 100%
1209 nt in 29 seqs, min 27, max 51, avg 42
Masking 100%
Sorting by length 100%
Counting k-mers 100%
Clustering 100%
Sorting clusters 100%
Writing clusters 100%
Clusters: 27 Size min 1, max 3, avg 1.1
Singletons: 26, 89.7% of seqs, 96.3% of clusters
Multiple alignments 100%
vsearch v2.30.0_linux_x86_64, 94.1GB RAM, 24 cores
https://github.com/torognes/vsearch

Reading file results/clustering/cdr/comp_VH_R3/cdr3_clusters/a9c19de1-ad4b-49eb-826d-6ffaf96f2a52-IGH.fasta 100%
272 nt in 7 seqs, min 33, max 48, avg 39
Masking 100%
Sorting by length 100%
Counting k-mers 100%
Clustering 100%
Sorting clusters 100%
Writing clusters 100%
Clusters: 6 Size min 1, max 2, avg 1.2
Singletons: 5, 71.4% of seqs, 83.3% of clusters
Multiple alignments 100%
vsearch v2.30.0_linux_x86_64, 94.1GB RAM, 24 cores
https://github.com/torognes/vsearch

Reading file results/clustering/cdr/comp_VH_R3/cdr3_clusters/66ddf042-59f1-48f5-810c-d8cfb1faaff4-IGH.fasta 100%
417 nt in 11 seqs, min 18, max 48, avg 38
Masking 100%
Sorting by length 100%
Counting k-mers 100%
Clustering 100%
Sorting clusters 100%
Writing clusters 100%
Clusters: 10 Size min 1, max 2, avg 1.1
Singletons: 9, 81.8% of seqs, 90.0% of clusters
Multiple alignments 100%
vsearch v2.30.0_linux_x86_64, 94.1GB RAM, 24 cores
https://github.com/torognes/vsearch

Reading file results/clustering/cdr/comp_VH_R3/cdr3_clusters/3736f994-0581-4713-8a89-f848a9f785eb-IGH.fasta 100%
4390 nt in 97 seqs, min 27, max 63, avg 45
Masking 100%
Sorting by length 100%
Counting k-mers 100%
Clustering 100%
Sorting clusters 100%
Writing clusters 100%
Clusters: 91 Size min 1, max 3, avg 1.1
Singletons: 86, 88.7% of seqs, 94.5% of clusters
Multiple alignments 100%
vsearch v2.30.0_linux_x86_64, 94.1GB RAM, 24 cores
https://github.com/torognes/vsearch

Reading file results/clustering/cdr/comp_VH_R3/cdr3_clusters/e2b65d00-598c-4f93-b730-ba5e8482d71d-IGH.fasta 100%
435 nt in 9 seqs, min 36, max 54, avg 48
Masking 100%
Sorting by length 100%
Counting k-mers 100%
Clustering 100%
Sorting clusters 100%
Writing clusters 100%
Clusters: 8 Size min 1, max 2, avg 1.1
Singletons: 7, 77.8% of seqs, 87.5% of clusters
Multiple alignments 100%
vsearch v2.30.0_linux_x86_64, 94.1GB RAM, 24 cores
https://github.com/torognes/vsearch

Reading file results/clustering/cdr/comp_VH_R3/cdr3_clusters/1fba06da-5ceb-4da6-b2ab-07ed3847ddcd-IGH.fasta 100%
480 nt in 11 seqs, min 36, max 51, avg 44
Masking 100%
Sorting by length 100%
Counting k-mers 100%
Clustering 100%
Sorting clusters 100%
Writing clusters 100%
Clusters: 11 Size min 1, max 1, avg 1.0
Singletons: 11, 100.0% of seqs, 100.0% of clusters
Multiple alignments 100%
vsearch v2.30.0_linux_x86_64, 94.1GB RAM, 24 cores
https://github.com/torognes/vsearch

Reading file results/clustering/cdr/comp_VH_R3/cdr3_clusters/3aed0262-69b2-4119-89ae-90d4222a0a98-IGH.fasta 100%
150 nt in 10 seqs, min 15, max 15, avg 15
Masking 100%
Sorting by length 100%
Counting k-mers 100%
Clustering 100%
Sorting clusters 100%
Writing clusters 100%
Clusters: 2 Size min 3, max 7, avg 5.0
Singletons: 0, 0.0% of seqs, 0.0% of clusters
Multiple alignments 100%
vsearch v2.30.0_linux_x86_64, 94.1GB RAM, 24 cores
https://github.com/torognes/vsearch

Reading file results/clustering/cdr/comp_VH_R3/cdr3_clusters/0fa1df88-5cb7-40ce-9af4-e79e1bbfd712-IGH.fasta 100%
495 nt in 9 seqs, min 51, max 57, avg 55
Masking 100%
Sorting by length 100%
Counting k-mers 100%
Clustering 100%
Sorting clusters 100%
Writing clusters 100%
Clusters: 8 Size min 1, max 2, avg 1.1
Singletons: 7, 77.8% of seqs, 87.5% of clusters
Multiple alignments 100%
vsearch v2.30.0_linux_x86_64, 94.1GB RAM, 24 cores
https://github.com/torognes/vsearch

Reading file results/clustering/cdr/comp_VH_R3/cdr3_clusters/84f25f6b-cef5-4659-8589-d676fd7604af-IGH.fasta 100%
1901 nt in 43 seqs, min 21, max 57, avg 44
Masking 100%
Sorting by length 100%
Counting k-mers 100%
Clustering 100%
Sorting clusters 100%
Writing clusters 100%
Clusters: 39 Size min 1, max 5, avg 1.1
Singletons: 38, 88.4% of seqs, 97.4% of clusters
Multiple alignments 100%
vsearch v2.30.0_linux_x86_64, 94.1GB RAM, 24 cores
https://github.com/torognes/vsearch

Reading file results/clustering/cdr/comp_VH_R3/cdr3_clusters/71a55843-4deb-4cdf-892c-fcce7ff2ccdc-IGH.fasta 100%
1087 nt in 34 seqs, min 21, max 42, avg 32
Masking 100%
Sorting by length 100%
Counting k-mers 100%
Clustering 100%
Sorting clusters 100%
Writing clusters 100%
Clusters: 32 Size min 1, max 2, avg 1.1
Singletons: 30, 88.2% of seqs, 93.8% of clusters
Multiple alignments 100%
vsearch v2.30.0_linux_x86_64, 94.1GB RAM, 24 cores
https://github.com/torognes/vsearch

Reading file results/clustering/cdr/comp_VH_R3/cdr3_clusters/d70b614f-c34f-46ff-83ff-6552699af4dc-IGH.fasta 100%
26 nt in 2 seqs, min 13, max 13, avg 13
minseqlength 6: 3 sequences discarded.
Masking 100%
Sorting by length 100%
Counting k-mers 100%
Clustering 100%
Sorting clusters 100%
Writing clusters 100%
Clusters: 1 Size min 2, max 2, avg 2.0
Singletons: 0, 0.0% of seqs, 0.0% of clusters
Multiple alignments 100%
vsearch v2.30.0_linux_x86_64, 94.1GB RAM, 24 cores
https://github.com/torognes/vsearch

Reading file results/clustering/cdr/comp_VH_R3/cdr3_clusters/7fadf21c-708b-47fa-96af-e0c33c03de94-IGH.fasta 100%
669 nt in 20 seqs, min 30, max 42, avg 33
Masking 100%
Sorting by length 100%
Counting k-mers 100%
Clustering 100%
Sorting clusters 100%
Writing clusters 100%
Clusters: 8 Size min 1, max 13, avg 2.5
Singletons: 7, 35.0% of seqs, 87.5% of clusters
Multiple alignments 100%
vsearch v2.30.0_linux_x86_64, 94.1GB RAM, 24 cores
https://github.com/torognes/vsearch

Reading file results/clustering/cdr/comp_VH_R3/cdr3_clusters/ecb34040-d283-4dd7-9350-813483216ae1-IGH.fasta 100%
1014 nt in 24 seqs, min 33, max 54, avg 42
Masking 100%
Sorting by length 100%
Counting k-mers 100%
Clustering 100%
Sorting clusters 100%
Writing clusters 100%
Clusters: 22 Size min 1, max 2, avg 1.1
Singletons: 20, 83.3% of seqs, 90.9% of clusters
Multiple alignments 100%
vsearch v2.30.0_linux_x86_64, 94.1GB RAM, 24 cores
https://github.com/torognes/vsearch

Reading file results/clustering/cdr/comp_VH_R3/cdr3_clusters/617dd1e3-7b66-4996-af45-8866dc20a604-IGH.fasta 100%
188 nt in 5 seqs, min 32, max 42, avg 38
Masking 100%
Sorting by length 100%
Counting k-mers 100%
Clustering 100%
Sorting clusters 100%
Writing clusters 100%
Clusters: 5 Size min 1, max 1, avg 1.0
Singletons: 5, 100.0% of seqs, 100.0% of clusters
Multiple alignments 100%
vsearch v2.30.0_linux_x86_64, 94.1GB RAM, 24 cores
https://github.com/torognes/vsearch

Reading file results/clustering/cdr/comp_VH_R3/cdr3_clusters/a2520276-c69e-4771-84ab-6594183fcb03-IGH.fasta 100%
198 nt in 5 seqs, min 36, max 42, avg 40
Masking 100%
Sorting by length 100%
Counting k-mers 100%
Clustering 100%
Sorting clusters 100%
Writing clusters 100%
Clusters: 5 Size min 1, max 1, avg 1.0
Singletons: 5, 100.0% of seqs, 100.0% of clusters
Multiple alignments 100%
vsearch v2.30.0_linux_x86_64, 94.1GB RAM, 24 cores
https://github.com/torognes/vsearch

Reading file results/clustering/cdr/comp_VH_R3/cdr3_clusters/344f6a63-1fdd-4111-936d-4c5771625435-IGH.fasta 100%
633 nt in 15 seqs, min 27, max 51, avg 42
Masking 100%
Sorting by length 100%
Counting k-mers 100%
Clustering 100%
Sorting clusters 100%
Writing clusters 100%
Clusters: 15 Size min 1, max 1, avg 1.0
Singletons: 15, 100.0% of seqs, 100.0% of clusters
Multiple alignments 100%
vsearch v2.30.0_linux_x86_64, 94.1GB RAM, 24 cores
https://github.com/torognes/vsearch

Reading file results/clustering/cdr/comp_VH_R3/cdr3_clusters/0a9f9845-a1cd-43f4-9c8e-1434d3319512-IGH.fasta 100%
162 nt in 6 seqs, min 27, max 27, avg 27
Masking 100%
Sorting by length 100%
Counting k-mers 100%
Clustering 100%
Sorting clusters 100%
Writing clusters 100%
Clusters: 3 Size min 1, max 4, avg 2.0
Singletons: 2, 33.3% of seqs, 66.7% of clusters
Multiple alignments 100%
vsearch v2.30.0_linux_x86_64, 94.1GB RAM, 24 cores
https://github.com/torognes/vsearch

Reading file results/clustering/cdr/comp_VH_R3/cdr3_clusters/36dc0d0d-0b5e-42ef-8746-2a8f8f9d0cc0-IGH.fasta 100%
240 nt in 5 seqs, min 42, max 54, avg 48
Masking 100%
Sorting by length 100%
Counting k-mers 100%
Clustering 100%
Sorting clusters 100%
Writing clusters 100%
Clusters: 5 Size min 1, max 1, avg 1.0
Singletons: 5, 100.0% of seqs, 100.0% of clusters
Multiple alignments 100%
vsearch v2.30.0_linux_x86_64, 94.1GB RAM, 24 cores
https://github.com/torognes/vsearch

Reading file results/clustering/cdr/comp_VH_R3/cdr3_clusters/fc5a3bb4-21a3-4938-9c36-bdf16728855e-IGH.fasta 100%
11204 nt in 307 seqs, min 18, max 51, avg 36
Masking 100%
Sorting by length 100%
Counting k-mers 100%
Clustering 100%
Sorting clusters 100%
Writing clusters 100%
Clusters: 264 Size min 1, max 8, avg 1.2
Singletons: 236, 76.9% of seqs, 89.4% of clusters
Multiple alignments 100%
vsearch v2.30.0_linux_x86_64, 94.1GB RAM, 24 cores
https://github.com/torognes/vsearch

Reading file results/clustering/cdr/comp_VH_R3/cdr3_clusters/5e8c4792-67b5-46cf-b5f0-448565828db7-IGH.fasta 100%
1287 nt in 34 seqs, min 15, max 48, avg 38
Masking 100%
Sorting by length 100%
Counting k-mers 100%
Clustering 100%
Sorting clusters 100%
Writing clusters 100%
Clusters: 32 Size min 1, max 2, avg 1.1
Singletons: 30, 88.2% of seqs, 93.8% of clusters
Multiple alignments 100%
vsearch v2.30.0_linux_x86_64, 94.1GB RAM, 24 cores
https://github.com/torognes/vsearch

Reading file results/clustering/cdr/comp_VH_R3/cdr3_clusters/4c84cfe4-b99c-488a-af7f-003f646b869c-IGH.fasta 100%
417 nt in 12 seqs, min 21, max 42, avg 35
Masking 100%
Sorting by length 100%
Counting k-mers 100%
Clustering 100%
Sorting clusters 100%
Writing clusters 100%
Clusters: 11 Size min 1, max 2, avg 1.1
Singletons: 10, 83.3% of seqs, 90.9% of clusters
Multiple alignments 100%
vsearch v2.30.0_linux_x86_64, 94.1GB RAM, 24 cores
https://github.com/torognes/vsearch

Reading file results/clustering/cdr/comp_VH_R3/cdr3_clusters/b438623b-0b4d-4523-ac22-f2bae04985e3-IGH.fasta 100%
1215 nt in 31 seqs, min 27, max 48, avg 39
Masking 100%
Sorting by length 100%
Counting k-mers 100%
Clustering 100%
Sorting clusters 100%
Writing clusters 100%
Clusters: 29 Size min 1, max 2, avg 1.1
Singletons: 27, 87.1% of seqs, 93.1% of clusters
Multiple alignments 100%
vsearch v2.30.0_linux_x86_64, 94.1GB RAM, 24 cores
https://github.com/torognes/vsearch

Reading file results/clustering/cdr/comp_VH_R3/cdr3_clusters/0da1a424-8e1f-458c-9518-77b2c9d5fee7-IGH.fasta 100%
108847 nt in 2820 seqs, min 12, max 63, avg 39
minseqlength 6: 3 sequences discarded.
Masking 100%
Sorting by length 100%
Counting k-mers 100%
Clustering 100%
Sorting clusters 100%
Writing clusters 100%
Clusters: 2059 Size min 1, max 147, avg 1.4
Singletons: 1800, 63.8% of seqs, 87.4% of clusters
Multiple alignments 100%
vsearch v2.30.0_linux_x86_64, 94.1GB RAM, 24 cores
https://github.com/torognes/vsearch

Reading file results/clustering/cdr/comp_VH_R3/cdr3_clusters/ebcfcb7c-2004-4519-8a8c-f03c477f3eba-IGH.fasta 100%
1098 nt in 21 seqs, min 36, max 54, avg 52
Masking 100%
Sorting by length 100%
Counting k-mers 100%
Clustering 100%
Sorting clusters 100%
Writing clusters 100%
Clusters: 6 Size min 1, max 15, avg 3.5
Singletons: 4, 19.0% of seqs, 66.7% of clusters
Multiple alignments 100%
vsearch v2.30.0_linux_x86_64, 94.1GB RAM, 24 cores
https://github.com/torognes/vsearch

Reading file results/clustering/cdr/comp_VH_R3/cdr3_clusters/239b3ab2-0e79-41db-899f-83790962da88-IGH.fasta 100%
22096 nt in 492 seqs, min 24, max 69, avg 45
Masking 100%
Sorting by length 100%
Counting k-mers 100%
Clustering 100%
Sorting clusters 100%
Writing clusters 100%
Clusters: 407 Size min 1, max 9, avg 1.2
Singletons: 355, 72.2% of seqs, 87.2% of clusters
Multiple alignments 100%
vsearch v2.30.0_linux_x86_64, 94.1GB RAM, 24 cores
https://github.com/torognes/vsearch

Reading file results/clustering/cdr/comp_VH_R3/cdr3_clusters/e031da10-f5d2-412d-8294-2e02f1b50cd9-IGH.fasta 100%
949 nt in 25 seqs, min 15, max 48, avg 38
Masking 100%
Sorting by length 100%
Counting k-mers 100%
Clustering 100%
Sorting clusters 100%
Writing clusters 100%
Clusters: 25 Size min 1, max 1, avg 1.0
Singletons: 25, 100.0% of seqs, 100.0% of clusters
Multiple alignments 100%
vsearch v2.30.0_linux_x86_64, 94.1GB RAM, 24 cores
https://github.com/torognes/vsearch

Reading file results/clustering/cdr/comp_VH_R3/cdr3_clusters/249a9a5a-9d26-4532-97e0-c0ab2c68ca72-IGH.fasta 100%
2622 nt in 78 seqs, min 21, max 42, avg 34
Masking 100%
Sorting by length 100%
Counting k-mers 100%
Clustering 100%
Sorting clusters 100%
Writing clusters 100%
Clusters: 73 Size min 1, max 2, avg 1.1
Singletons: 68, 87.2% of seqs, 93.2% of clusters
Multiple alignments 100%
vsearch v2.30.0_linux_x86_64, 94.1GB RAM, 24 cores
https://github.com/torognes/vsearch

Reading file results/clustering/cdr/comp_VH_R3/cdr3_clusters/3b5bf205-d5d8-4250-ade5-4fd2d49453e9-IGH.fasta 100%
390 nt in 9 seqs, min 27, max 51, avg 43
Masking 100%
Sorting by length 100%
Counting k-mers 100%
Clustering 100%
Sorting clusters 100%
Writing clusters 100%
Clusters: 9 Size min 1, max 1, avg 1.0
Singletons: 9, 100.0% of seqs, 100.0% of clusters
Multiple alignments 100%
vsearch v2.30.0_linux_x86_64, 94.1GB RAM, 24 cores
https://github.com/torognes/vsearch

Reading file results/clustering/cdr/comp_VH_R3/cdr3_clusters/ceb48db1-8e92-4d0d-9058-a0342aa843af-IGH.fasta 100%
7290 nt in 191 seqs, min 18, max 51, avg 38
Masking 100%
Sorting by length 100%
Counting k-mers 100%
Clustering 100%
Sorting clusters 100%
Writing clusters 100%
Clusters: 163 Size min 1, max 6, avg 1.2
Singletons: 146, 76.4% of seqs, 89.6% of clusters
Multiple alignments 100%
vsearch v2.30.0_linux_x86_64, 94.1GB RAM, 24 cores
https://github.com/torognes/vsearch

Reading file results/clustering/cdr/comp_VH_R3/cdr3_clusters/7b574082-6436-4249-99b8-81f596bbb5d9-IGH.fasta 100%
8215 nt in 202 seqs, min 24, max 57, avg 41
minseqlength 6: 1 sequence discarded.
Masking 100%
Sorting by length 100%
Counting k-mers 100%
Clustering 100%
Sorting clusters 100%
Writing clusters 100%
Clusters: 173 Size min 1, max 9, avg 1.2
Singletons: 162, 80.2% of seqs, 93.6% of clusters
Multiple alignments 100%
vsearch v2.30.0_linux_x86_64, 94.1GB RAM, 24 cores
https://github.com/torognes/vsearch

Reading file results/clustering/cdr/comp_VH_R3/cdr3_clusters/3e3fc656-ec09-41ec-8c82-93dc1a752799-IGH.fasta 100%
406 nt in 6 seqs, min 53, max 79, avg 68
minseqlength 6: 1 sequence discarded.
Masking 100%
Sorting by length 100%
Counting k-mers 100%
Clustering 100%
Sorting clusters 100%
Writing clusters 100%
Clusters: 6 Size min 1, max 1, avg 1.0
Singletons: 6, 100.0% of seqs, 100.0% of clusters
Multiple alignments 100%
vsearch v2.30.0_linux_x86_64, 94.1GB RAM, 24 cores
https://github.com/torognes/vsearch

Reading file results/clustering/cdr/comp_VH_R3/cdr3_clusters/49252dce-8a74-4aa4-87c8-6d35ac7245ca-IGH.fasta 100%
260 nt in 8 seqs, min 27, max 39, avg 32
Masking 100%
Sorting by length 100%
Counting k-mers 100%
Clustering 100%
Sorting clusters 100%
Writing clusters 100%
Clusters: 8 Size min 1, max 1, avg 1.0
Singletons: 8, 100.0% of seqs, 100.0% of clusters
Multiple alignments 100%
vsearch v2.30.0_linux_x86_64, 94.1GB RAM, 24 cores
https://github.com/torognes/vsearch

Reading file results/clustering/cdr/comp_VH_R3/cdr3_clusters/ae41e38f-f350-4a9b-acdb-d504c50403f9-IGH.fasta 100%
413 nt in 11 seqs, min 27, max 49, avg 38
Masking 100%
Sorting by length 100%
Counting k-mers 100%
Clustering 100%
Sorting clusters 100%
Writing clusters 100%
Clusters: 10 Size min 1, max 2, avg 1.1
Singletons: 9, 81.8% of seqs, 90.0% of clusters
Multiple alignments 100%
vsearch v2.30.0_linux_x86_64, 94.1GB RAM, 24 cores
https://github.com/torognes/vsearch

Reading file results/clustering/cdr/comp_VH_R3/cdr3_clusters/63401098-777d-455c-b34a-3b34cd83cfd7-IGH.fasta 100%
240 nt in 9 seqs, min 18, max 30, avg 27
Masking 100%
Sorting by length 100%
Counting k-mers 100%
Clustering 100%
Sorting clusters 100%
Writing clusters 100%
Clusters: 8 Size min 1, max 2, avg 1.1
Singletons: 7, 77.8% of seqs, 87.5% of clusters
Multiple alignments 100%
vsearch v2.30.0_linux_x86_64, 94.1GB RAM, 24 cores
https://github.com/torognes/vsearch

Reading file results/clustering/cdr/comp_VH_R3/cdr3_clusters/7917eb13-1cb0-4f3f-a2b0-f47234a8ba6c-IGH.fasta 100%
528 nt in 12 seqs, min 30, max 48, avg 44
Masking 100%
Sorting by length 100%
Counting k-mers 100%
Clustering 100%
Sorting clusters 100%
Writing clusters 100%
Clusters: 8 Size min 1, max 4, avg 1.5
Singletons: 6, 50.0% of seqs, 75.0% of clusters
Multiple alignments 100%
vsearch v2.30.0_linux_x86_64, 94.1GB RAM, 24 cores
https://github.com/torognes/vsearch

Reading file results/clustering/cdr/comp_VH_R3/cdr3_clusters/c7b724de-cb19-4958-9f09-24781456f36e-IGH.fasta 100%
582 nt in 15 seqs, min 36, max 42, avg 39
Masking 100%
Sorting by length 100%
Counting k-mers 100%
Clustering 100%
Sorting clusters 100%
Writing clusters 100%
Clusters: 10 Size min 1, max 6, avg 1.5
Singletons: 9, 60.0% of seqs, 90.0% of clusters
Multiple alignments 100%
vsearch v2.30.0_linux_x86_64, 94.1GB RAM, 24 cores
https://github.com/torognes/vsearch

Reading file results/clustering/cdr/comp_VH_R3/cdr3_clusters/f287aeb8-6de9-4ad0-8eb5-ab22dc3d9916-IGH.fasta 100%
12761 nt in 323 seqs, min 12, max 57, avg 40
minseqlength 6: 1 sequence discarded.
Masking 100%
Sorting by length 100%
Counting k-mers 100%
Clustering 100%
Sorting clusters 100%
Writing clusters 100%
Clusters: 289 Size min 1, max 10, avg 1.1
Singletons: 270, 83.6% of seqs, 93.4% of clusters
Multiple alignments 100%
vsearch v2.30.0_linux_x86_64, 94.1GB RAM, 24 cores
https://github.com/torognes/vsearch

Reading file results/clustering/cdr/comp_VH_R3/cdr3_clusters/15b8b7b6-206f-4510-bf38-6cb9432674df-IGH.fasta 100%
243020 nt in 6161 seqs, min 13, max 57, avg 39
minseqlength 6: 10 sequences discarded.
Masking 100%
Sorting by length 100%
Counting k-mers 100%
Clustering 100%
Sorting clusters 100%
Writing clusters 100%
Clusters: 1886 Size min 1, max 271, avg 3.3
Singletons: 1128, 18.3% of seqs, 59.8% of clusters
Multiple alignments 100%
vsearch v2.30.0_linux_x86_64, 94.1GB RAM, 24 cores
https://github.com/torognes/vsearch

Reading file results/clustering/cdr/comp_VH_R3/cdr3_clusters/4907c805-b8b5-4d02-9724-a1b1d1bff3c7-IGH.fasta 100%
855 nt in 32 seqs, min 9, max 33, avg 27
Masking 100%
Sorting by length 100%
Counting k-mers 100%
Clustering 100%
Sorting clusters 100%
Writing clusters 100%
Clusters: 26 Size min 1, max 5, avg 1.2
Singletons: 24, 75.0% of seqs, 92.3% of clusters
Multiple alignments 100%
vsearch v2.30.0_linux_x86_64, 94.1GB RAM, 24 cores
https://github.com/torognes/vsearch

Reading file results/clustering/cdr/comp_VH_R3/cdr3_clusters/2180b6b2-7c2f-4b6f-87f7-45a88fac468b-IGH.fasta 100%
9379 nt in 213 seqs, min 21, max 57, avg 44
Masking 100%
Sorting by length 100%
Counting k-mers 100%
Clustering 100%
Sorting clusters 100%
Writing clusters 100%
Clusters: 190 Size min 1, max 5, avg 1.1
Singletons: 174, 81.7% of seqs, 91.6% of clusters
Multiple alignments 100%
vsearch v2.30.0_linux_x86_64, 94.1GB RAM, 24 cores
https://github.com/torognes/vsearch

Reading file results/clustering/cdr/comp_VH_R3/cdr3_clusters/301cc69e-009b-4fd8-ab49-801a268c34b0-IGH.fasta 100%
9719 nt in 215 seqs, min 15, max 57, avg 45
Masking 100%
Sorting by length 100%
Counting k-mers 100%
Clustering 100%
Sorting clusters 100%
Writing clusters 100%
Clusters: 195 Size min 1, max 3, avg 1.1
Singletons: 177, 82.3% of seqs, 90.8% of clusters
Multiple alignments 100%
vsearch v2.30.0_linux_x86_64, 94.1GB RAM, 24 cores
https://github.com/torognes/vsearch

Reading file results/clustering/cdr/comp_VH_R3/cdr3_clusters/face997f-1ba6-4bb6-ab1a-cf92226d2a3b-IGH.fasta 100%
21994 nt in 506 seqs, min 21, max 57, avg 43
Masking 100%
Sorting by length 100%
Counting k-mers 100%
Clustering 100%
Sorting clusters 100%
Writing clusters 100%
Clusters: 406 Size min 1, max 14, avg 1.2
Singletons: 353, 69.8% of seqs, 86.9% of clusters
Multiple alignments 100%
vsearch v2.30.0_linux_x86_64, 94.1GB RAM, 24 cores
https://github.com/torognes/vsearch

Reading file results/clustering/cdr/comp_VH_R3/cdr3_clusters/6438cb93-c54d-4fc9-ae68-b0cd070cc3bc-IGH.fasta 100%
329 nt in 6 seqs, min 53, max 60, avg 55
Masking 100%
Sorting by length 100%
Counting k-mers 100%
Clustering 100%
Sorting clusters 100%
Writing clusters 100%
Clusters: 2 Size min 1, max 5, avg 3.0
Singletons: 1, 16.7% of seqs, 50.0% of clusters
Multiple alignments 100%
vsearch v2.30.0_linux_x86_64, 94.1GB RAM, 24 cores
https://github.com/torognes/vsearch

Reading file results/clustering/cdr/comp_VH_R3/cdr3_clusters/da560c0c-0ecc-4662-aabd-b7c58062063c-IGH.fasta 100%
471 nt in 12 seqs, min 18, max 45, avg 39
Masking 100%
Sorting by length 100%
Counting k-mers 100%
Clustering 100%
Sorting clusters 100%
Writing clusters 100%
Clusters: 11 Size min 1, max 2, avg 1.1
Singletons: 10, 83.3% of seqs, 90.9% of clusters
Multiple alignments 100%
vsearch v2.30.0_linux_x86_64, 94.1GB RAM, 24 cores
https://github.com/torognes/vsearch

Reading file results/clustering/cdr/comp_VH_R3/cdr3_clusters/e62392f3-de6b-42ca-943c-6c0eccaaa834-IGH.fasta 100%
473 nt in 10 seqs, min 33, max 51, avg 47
Masking 100%
Sorting by length 100%
Counting k-mers 100%
Clustering 100%
Sorting clusters 100%
Writing clusters 100%
Clusters: 8 Size min 1, max 3, avg 1.2
Singletons: 7, 70.0% of seqs, 87.5% of clusters
Multiple alignments 100%
vsearch v2.30.0_linux_x86_64, 94.1GB RAM, 24 cores
https://github.com/torognes/vsearch

Reading file results/clustering/cdr/comp_VH_R3/cdr3_clusters/1b2ae486-23cb-43e3-93b7-5bbe8489e82d-IGH.fasta 100%
483 nt in 18 seqs, min 24, max 36, avg 27
Masking 100%
Sorting by length 100%
Counting k-mers 100%
Clustering 100%
Sorting clusters 100%
Writing clusters 100%
Clusters: 11 Size min 1, max 7, avg 1.6
Singletons: 9, 50.0% of seqs, 81.8% of clusters
Multiple alignments 100%
vsearch v2.30.0_linux_x86_64, 94.1GB RAM, 24 cores
https://github.com/torognes/vsearch

Reading file results/clustering/cdr/comp_VH_R3/cdr3_clusters/d8c233f6-89b3-4d2b-b331-5a10bd9cf346-IGH.fasta 100%
5463 nt in 122 seqs, min 24, max 54, avg 45
minseqlength 6: 1 sequence discarded.
Masking 100%
Sorting by length 100%
Counting k-mers 100%
Clustering 100%
Sorting clusters 100%
Writing clusters 100%
Clusters: 102 Size min 1, max 7, avg 1.2
Singletons: 92, 75.4% of seqs, 90.2% of clusters
Multiple alignments 100%
vsearch v2.30.0_linux_x86_64, 94.1GB RAM, 24 cores
https://github.com/torognes/vsearch

Reading file results/clustering/cdr/comp_VH_R3/cdr3_clusters/35a83a28-704f-4d2d-a46c-61b263ee7367-IGH.fasta 100%
1392 nt in 31 seqs, min 33, max 60, avg 45
Masking 100%
Sorting by length 100%
Counting k-mers 100%
Clustering 100%
Sorting clusters 100%
Writing clusters 100%
Clusters: 29 Size min 1, max 2, avg 1.1
Singletons: 27, 87.1% of seqs, 93.1% of clusters
Multiple alignments 100%
vsearch v2.30.0_linux_x86_64, 94.1GB RAM, 24 cores
https://github.com/torognes/vsearch

Reading file results/clustering/cdr/comp_VH_R3/cdr3_clusters/b0cba5be-6706-4fe1-8058-0ee973b40b26-IGH.fasta 100%
1566 nt in 50 seqs, min 21, max 48, avg 31
Masking 100%
Sorting by length 100%
Counting k-mers 100%
Clustering 100%
Sorting clusters 100%
Writing clusters 100%
Clusters: 41 Size min 1, max 6, avg 1.2
Singletons: 36, 72.0% of seqs, 87.8% of clusters
Multiple alignments 100%
vsearch v2.30.0_linux_x86_64, 94.1GB RAM, 24 cores
https://github.com/torognes/vsearch

Reading file results/clustering/cdr/comp_VH_R3/cdr3_clusters/df4e848e-3e92-4cd0-8425-6bc1ff023897-IGH.fasta 100%
603 nt in 17 seqs, min 27, max 48, avg 35
Masking 100%
Sorting by length 100%
Counting k-mers 100%
Clustering 100%
Sorting clusters 100%
Writing clusters 100%
Clusters: 12 Size min 1, max 6, avg 1.4
Singletons: 11, 64.7% of seqs, 91.7% of clusters
Multiple alignments 100%
vsearch v2.30.0_linux_x86_64, 94.1GB RAM, 24 cores
https://github.com/torognes/vsearch

Reading file results/clustering/cdr/comp_VH_R3/cdr3_clusters/45d75102-3310-43ab-9bf5-acee0f07a8a2-IGH.fasta 100%
159 nt in 6 seqs, min 21, max 30, avg 26
Masking 100%
Sorting by length 100%
Counting k-mers 100%
Clustering 100%
Sorting clusters 100%
Writing clusters 100%
Clusters: 6 Size min 1, max 1, avg 1.0
Singletons: 6, 100.0% of seqs, 100.0% of clusters
Multiple alignments 100%
vsearch v2.30.0_linux_x86_64, 94.1GB RAM, 24 cores
https://github.com/torognes/vsearch

Reading file results/clustering/cdr/comp_VH_R3/cdr3_clusters/08488209-b305-47d7-9ec6-cb156282c5fd-IGH.fasta 100%
258 nt in 6 seqs, min 36, max 57, avg 43
Masking 100%
Sorting by length 100%
Counting k-mers 100%
Clustering 100%
Sorting clusters 100%
Writing clusters 100%
Clusters: 6 Size min 1, max 1, avg 1.0
Singletons: 6, 100.0% of seqs, 100.0% of clusters
Multiple alignments 100%
vsearch v2.30.0_linux_x86_64, 94.1GB RAM, 24 cores
https://github.com/torognes/vsearch

Reading file results/clustering/cdr/comp_VH_R3/cdr3_clusters/565a43e9-7c88-4bae-9352-dad4b2ce1cf6-IGH.fasta 100%
345 nt in 7 seqs, min 42, max 54, avg 49
Masking 100%
Sorting by length 100%
Counting k-mers 100%
Clustering 100%
Sorting clusters 100%
Writing clusters 100%
Clusters: 5 Size min 1, max 3, avg 1.4
Singletons: 4, 57.1% of seqs, 80.0% of clusters
Multiple alignments 100%
vsearch v2.30.0_linux_x86_64, 94.1GB RAM, 24 cores
https://github.com/torognes/vsearch

Reading file results/clustering/cdr/comp_VH_R3/cdr3_clusters/a97421ab-c754-4523-ae6f-b4d1b420be52-IGH.fasta 100%
204 nt in 6 seqs, min 27, max 45, avg 34
Masking 100%
Sorting by length 100%
Counting k-mers 100%
Clustering 100%
Sorting clusters 100%
Writing clusters 100%
Clusters: 6 Size min 1, max 1, avg 1.0
Singletons: 6, 100.0% of seqs, 100.0% of clusters
Multiple alignments 100%
vsearch v2.30.0_linux_x86_64, 94.1GB RAM, 24 cores
https://github.com/torognes/vsearch

Reading file results/clustering/cdr/comp_VH_R3/cdr3_clusters/92b48569-9b69-433f-a489-a6885d500368-IGH.fasta 100%
351 nt in 7 seqs, min 42, max 57, avg 50
Masking 100%
Sorting by length 100%
Counting k-mers 100%
Clustering 100%
Sorting clusters 100%
Writing clusters 100%
Clusters: 7 Size min 1, max 1, avg 1.0
Singletons: 7, 100.0% of seqs, 100.0% of clusters
Multiple alignments 100%
vsearch v2.30.0_linux_x86_64, 94.1GB RAM, 24 cores
https://github.com/torognes/vsearch

Reading file results/clustering/cdr/comp_VH_R3/cdr3_clusters/2471cd27-6c40-4896-b518-d600159f2305-IGH.fasta 100%
738 nt in 15 seqs, min 39, max 54, avg 49
Masking 100%
Sorting by length 100%
Counting k-mers 100%
Clustering 100%
Sorting clusters 100%
Writing clusters 100%
Clusters: 8 Size min 1, max 8, avg 1.9
Singletons: 7, 46.7% of seqs, 87.5% of clusters
Multiple alignments 100%
vsearch v2.30.0_linux_x86_64, 94.1GB RAM, 24 cores
https://github.com/torognes/vsearch

Reading file results/clustering/cdr/comp_VH_R3/cdr3_clusters/9d2a14b7-6b19-4443-85c7-bfd5aa451cb0-IGH.fasta 100%
180 nt in 5 seqs, min 30, max 39, avg 36
Masking 100%
Sorting by length 100%
Counting k-mers 100%
Clustering 100%
Sorting clusters 100%
Writing clusters 100%
Clusters: 5 Size min 1, max 1, avg 1.0
Singletons: 5, 100.0% of seqs, 100.0% of clusters
Multiple alignments 100%
vsearch v2.30.0_linux_x86_64, 94.1GB RAM, 24 cores
https://github.com/torognes/vsearch

Reading file results/clustering/cdr/comp_VH_R3/cdr3_clusters/ec88e3d9-165d-4f87-a15e-33acd620d410-IGH.fasta 100%
519 nt in 16 seqs, min 15, max 36, avg 32
Masking 100%
Sorting by length 100%
Counting k-mers 100%
Clustering 100%
Sorting clusters 100%
Writing clusters 100%
Clusters: 9 Size min 1, max 8, avg 1.8
Singletons: 8, 50.0% of seqs, 88.9% of clusters
Multiple alignments 100%
vsearch v2.30.0_linux_x86_64, 94.1GB RAM, 24 cores
https://github.com/torognes/vsearch

Reading file results/clustering/cdr/comp_VH_R3/cdr3_clusters/5939dd25-1264-43a1-94f1-bfd78c833c6d-IGH.fasta 100%
1610 nt in 40 seqs, min 21, max 54, avg 40
Masking 100%
Sorting by length 100%
Counting k-mers 100%
Clustering 100%
Sorting clusters 100%
Writing clusters 100%
Clusters: 37 Size min 1, max 3, avg 1.1
Singletons: 35, 87.5% of seqs, 94.6% of clusters
Multiple alignments 100%
vsearch v2.30.0_linux_x86_64, 94.1GB RAM, 24 cores
https://github.com/torognes/vsearch

Reading file results/clustering/cdr/comp_VH_R3/cdr3_clusters/f7e782a8-18f5-41db-a1ab-7fef80ad64fb-IGH.fasta 100%
753 nt in 20 seqs, min 18, max 48, avg 38
Masking 100%
Sorting by length 100%
Counting k-mers 100%
Clustering 100%
Sorting clusters 100%
Writing clusters 100%
Clusters: 16 Size min 1, max 5, avg 1.2
Singletons: 15, 75.0% of seqs, 93.8% of clusters
Multiple alignments 100%
vsearch v2.30.0_linux_x86_64, 94.1GB RAM, 24 cores
https://github.com/torognes/vsearch

Reading file results/clustering/cdr/comp_VH_R3/cdr3_clusters/132cf61f-6b97-4872-a59c-2a376d66350f-IGH.fasta 100%
459 nt in 15 seqs, min 18, max 36, avg 31
Masking 100%
Sorting by length 100%
Counting k-mers 100%
Clustering 100%
Sorting clusters 100%
Writing clusters 100%
Clusters: 15 Size min 1, max 1, avg 1.0
Singletons: 15, 100.0% of seqs, 100.0% of clusters
Multiple alignments 100%
vsearch v2.30.0_linux_x86_64, 94.1GB RAM, 24 cores
https://github.com/torognes/vsearch

Reading file results/clustering/cdr/comp_VH_R3/cdr3_clusters/01793a98-0674-4d60-b349-743e3bbc4f45-IGH.fasta 100%
345 nt in 10 seqs, min 27, max 39, avg 34
Masking 100%
Sorting by length 100%
Counting k-mers 100%
Clustering 100%
Sorting clusters 100%
Writing clusters 100%
Clusters: 10 Size min 1, max 1, avg 1.0
Singletons: 10, 100.0% of seqs, 100.0% of clusters
Multiple alignments 100%
vsearch v2.30.0_linux_x86_64, 94.1GB RAM, 24 cores
https://github.com/torognes/vsearch

Reading file results/clustering/cdr/comp_VH_R3/cdr3_clusters/ccabc334-dd5b-424e-aebf-bf657a25ae5a-IGH.fasta 100%
273 nt in 6 seqs, min 39, max 54, avg 46
Masking 100%
Sorting by length 100%
Counting k-mers 100%
Clustering 100%
Sorting clusters 100%
Writing clusters 100%
Clusters: 6 Size min 1, max 1, avg 1.0
Singletons: 6, 100.0% of seqs, 100.0% of clusters
Multiple alignments 100%
vsearch v2.30.0_linux_x86_64, 94.1GB RAM, 24 cores
https://github.com/torognes/vsearch

Reading file results/clustering/cdr/comp_VH_R3/cdr3_clusters/0fbc40f4-e35e-4862-8fe0-3e9e8774d2bf-IGH.fasta 100%
13204 nt in 292 seqs, min 18, max 60, avg 45
Masking 100%
Sorting by length 100%
Counting k-mers 100%
Clustering 100%
Sorting clusters 100%
Writing clusters 100%
Clusters: 184 Size min 1, max 36, avg 1.6
Singletons: 161, 55.1% of seqs, 87.5% of clusters
Multiple alignments 100%
vsearch v2.30.0_linux_x86_64, 94.1GB RAM, 24 cores
https://github.com/torognes/vsearch

Reading file results/clustering/cdr/comp_VH_R3/cdr3_clusters/31fe3b79-906d-44e5-8c40-e6ade9beca41-IGH.fasta 100%
873 nt in 18 seqs, min 21, max 57, avg 48
Masking 100%
Sorting by length 100%
Counting k-mers 100%
Clustering 100%
Sorting clusters 100%
Writing clusters 100%
Clusters: 17 Size min 1, max 2, avg 1.1
Singletons: 16, 88.9% of seqs, 94.1% of clusters
Multiple alignments 100%
vsearch v2.30.0_linux_x86_64, 94.1GB RAM, 24 cores
https://github.com/torognes/vsearch

Reading file results/clustering/cdr/comp_VH_R3/cdr3_clusters/71349a1b-4c63-406d-b8e1-bd2a0c71db3a-IGH.fasta 100%
1298 nt in 31 seqs, min 18, max 51, avg 42
Masking 100%
Sorting by length 100%
Counting k-mers 100%
Clustering 100%
Sorting clusters 100%
Writing clusters 100%
Clusters: 25 Size min 1, max 4, avg 1.2
Singletons: 22, 71.0% of seqs, 88.0% of clusters
Multiple alignments 100%
vsearch v2.30.0_linux_x86_64, 94.1GB RAM, 24 cores
https://github.com/torognes/vsearch

Reading file results/clustering/cdr/comp_VH_R3/cdr3_clusters/205812eb-e7b5-4fa5-a9c4-67c62e0fc799-IGH.fasta 100%
387 nt in 9 seqs, min 33, max 51, avg 43
Masking 100%
Sorting by length 100%
Counting k-mers 100%
Clustering 100%
Sorting clusters 100%
Writing clusters 100%
Clusters: 9 Size min 1, max 1, avg 1.0
Singletons: 9, 100.0% of seqs, 100.0% of clusters
Multiple alignments 100%
vsearch v2.30.0_linux_x86_64, 94.1GB RAM, 24 cores
https://github.com/torognes/vsearch

Reading file results/clustering/cdr/comp_VH_R3/cdr3_clusters/96595c5e-bea1-46e1-9a90-5dfa1b0ce52c-IGH.fasta 100%
51 nt in 2 seqs, min 15, max 36, avg 26
minseqlength 6: 7 sequences discarded.
Masking 100%
Sorting by length 100%
Counting k-mers 100%
Clustering 100%
Sorting clusters 100%
Writing clusters 100%
Clusters: 2 Size min 1, max 1, avg 1.0
Singletons: 2, 100.0% of seqs, 100.0% of clusters
Multiple alignments 100%
vsearch v2.30.0_linux_x86_64, 94.1GB RAM, 24 cores
https://github.com/torognes/vsearch

Reading file results/clustering/cdr/comp_VH_R3/cdr3_clusters/ccb14c5a-3161-4436-9730-b7ddd21cdf09-IGH.fasta 100%
1228 nt in 35 seqs, min 24, max 42, avg 35
Masking 100%
Sorting by length 100%
Counting k-mers 100%
Clustering 100%
Sorting clusters 100%
Writing clusters 100%
Clusters: 34 Size min 1, max 2, avg 1.0
Singletons: 33, 94.3% of seqs, 97.1% of clusters
Multiple alignments 100%
vsearch v2.30.0_linux_x86_64, 94.1GB RAM, 24 cores
https://github.com/torognes/vsearch

Reading file results/clustering/cdr/comp_VH_R3/cdr3_clusters/27a33680-07f3-4ea0-bc38-f97fa333d1b7-IGH.fasta 100%
378 nt in 14 seqs, min 27, max 27, avg 27
Masking 100%
Sorting by length 100%
Counting k-mers 100%
Clustering 100%
Sorting clusters 100%
Writing clusters 100%
Clusters: 3 Size min 1, max 12, avg 4.7
Singletons: 2, 14.3% of seqs, 66.7% of clusters
Multiple alignments 100%
vsearch v2.30.0_linux_x86_64, 94.1GB RAM, 24 cores
https://github.com/torognes/vsearch

Reading file results/clustering/cdr/comp_VH_R3/cdr3_clusters/6ebfe7dd-bb46-4f1a-bf17-f59c8775aa87-IGH.fasta 100%
783 nt in 18 seqs, min 21, max 48, avg 44
Masking 100%
Sorting by length 100%
Counting k-mers 100%
Clustering 100%
Sorting clusters 100%
Writing clusters 100%
Clusters: 5 Size min 1, max 14, avg 3.6
Singletons: 4, 22.2% of seqs, 80.0% of clusters
Multiple alignments 100%
vsearch v2.30.0_linux_x86_64, 94.1GB RAM, 24 cores
https://github.com/torognes/vsearch

Reading file results/clustering/cdr/comp_VH_R3/cdr3_clusters/07b64b52-c965-470c-be5c-b06324407101-IGH.fasta 100%
33178 nt in 807 seqs, min 15, max 66, avg 41
minseqlength 6: 4 sequences discarded.
Masking 100%
Sorting by length 100%
Counting k-mers 100%
Clustering 100%
Sorting clusters 100%
Writing clusters 100%
Clusters: 646 Size min 1, max 15, avg 1.2
Singletons: 579, 71.7% of seqs, 89.6% of clusters
Multiple alignments 100%
vsearch v2.30.0_linux_x86_64, 94.1GB RAM, 24 cores
https://github.com/torognes/vsearch

Reading file results/clustering/cdr/comp_VH_R3/cdr3_clusters/714d4596-5aad-405b-9012-82b0a0fdbd9f-IGH.fasta 100%
2905 nt in 79 seqs, min 21, max 48, avg 37
Masking 100%
Sorting by length 100%
Counting k-mers 100%
Clustering 100%
Sorting clusters 100%
Writing clusters 100%
Clusters: 73 Size min 1, max 5, avg 1.1
Singletons: 70, 88.6% of seqs, 95.9% of clusters
Multiple alignments 100%
vsearch v2.30.0_linux_x86_64, 94.1GB RAM, 24 cores
https://github.com/torognes/vsearch

Reading file results/clustering/cdr/comp_VH_R3/cdr3_clusters/03d9589a-1f0b-4745-a7e4-544e773383f3-IGH.fasta 100%
2217 nt in 65 seqs, min 18, max 39, avg 34
Masking 100%
Sorting by length 100%
Counting k-mers 100%
Clustering 100%
Sorting clusters 100%
Writing clusters 100%
Clusters: 58 Size min 1, max 5, avg 1.1
Singletons: 54, 83.1% of seqs, 93.1% of clusters
Multiple alignments 100%
vsearch v2.30.0_linux_x86_64, 94.1GB RAM, 24 cores
https://github.com/torognes/vsearch

Reading file results/clustering/cdr/comp_VH_R3/cdr3_clusters/0bbc3017-cfba-4b11-93ef-c03d9dec94c8-IGH.fasta 100%
174 nt in 5 seqs, min 30, max 39, avg 35
Masking 100%
Sorting by length 100%
Counting k-mers 100%
Clustering 100%
Sorting clusters 100%
Writing clusters 100%
Clusters: 5 Size min 1, max 1, avg 1.0
Singletons: 5, 100.0% of seqs, 100.0% of clusters
Multiple alignments 100%
vsearch v2.30.0_linux_x86_64, 94.1GB RAM, 24 cores
https://github.com/torognes/vsearch

Reading file results/clustering/cdr/comp_VH_R3/cdr3_clusters/972fd245-5e20-476d-bb9a-73e6dd12ecb8-IGH.fasta 100%
231 nt in 6 seqs, min 36, max 39, avg 38
Masking 100%
Sorting by length 100%
Counting k-mers 100%
Clustering 100%
Sorting clusters 100%
Writing clusters 100%
Clusters: 3 Size min 1, max 3, avg 2.0
Singletons: 1, 16.7% of seqs, 33.3% of clusters
Multiple alignments 100%
vsearch v2.30.0_linux_x86_64, 94.1GB RAM, 24 cores
https://github.com/torognes/vsearch

Reading file results/clustering/cdr/comp_VH_R3/cdr3_clusters/c6f17b11-36df-43f0-8de8-8e793812ac58-IGH.fasta 100%
2109 nt in 48 seqs, min 30, max 51, avg 44
Masking 100%
Sorting by length 100%
Counting k-mers 100%
Clustering 100%
Sorting clusters 100%
Writing clusters 100%
Clusters: 25 Size min 1, max 19, avg 1.9
Singletons: 22, 45.8% of seqs, 88.0% of clusters
Multiple alignments 100%
vsearch v2.30.0_linux_x86_64, 94.1GB RAM, 24 cores
https://github.com/torognes/vsearch

Reading file results/clustering/cdr/comp_VH_R3/cdr3_clusters/74252da4-f32c-4f76-8767-29df4c322735-IGH.fasta 100%
408 nt in 15 seqs, min 24, max 33, avg 27
minseqlength 6: 1 sequence discarded.
Masking 100%
Sorting by length 100%
Counting k-mers 100%
Clustering 100%
Sorting clusters 100%
Writing clusters 100%
Clusters: 8 Size min 1, max 8, avg 1.9
Singletons: 7, 46.7% of seqs, 87.5% of clusters
Multiple alignments 100%
vsearch v2.30.0_linux_x86_64, 94.1GB RAM, 24 cores
https://github.com/torognes/vsearch

Reading file results/clustering/cdr/comp_VH_R3/cdr3_clusters/7d9a3679-a766-46ea-9195-2b39e96b85d3-IGH.fasta 100%
611 nt in 20 seqs, min 15, max 39, avg 31
Masking 100%
Sorting by length 100%
Counting k-mers 100%
Clustering 100%
Sorting clusters 100%
Writing clusters 100%
Clusters: 18 Size min 1, max 2, avg 1.1
Singletons: 16, 80.0% of seqs, 88.9% of clusters
Multiple alignments 100%
vsearch v2.30.0_linux_x86_64, 94.1GB RAM, 24 cores
https://github.com/torognes/vsearch

Reading file results/clustering/cdr/comp_VH_R3/cdr3_clusters/8aef5a07-8ddf-4422-b1f9-215190f3083f-IGH.fasta 100%
231 nt in 7 seqs, min 33, max 33, avg 33
Masking 100%
Sorting by length 100%
Counting k-mers 100%
Clustering 100%
Sorting clusters 100%
Writing clusters 100%
Clusters: 3 Size min 1, max 5, avg 2.3
Singletons: 2, 28.6% of seqs, 66.7% of clusters
Multiple alignments 100%
vsearch v2.30.0_linux_x86_64, 94.1GB RAM, 24 cores
https://github.com/torognes/vsearch

Reading file results/clustering/cdr/comp_VH_R3/cdr3_clusters/17a90574-b7f3-4d14-a203-d830eef0ed37-IGH.fasta 100%
0 nt in 0 seqs
minseqlength 6: 168 sequences discarded.
Masking 100%
Sorting by length 100%
Counting k-mers 100%
Clustering 100%
Sorting clusters 100%
Writing clusters 100%
Clusters: 0
Singletons: 0
Multiple alignments 100%
vsearch v2.30.0_linux_x86_64, 94.1GB RAM, 24 cores
https://github.com/torognes/vsearch

Reading file results/clustering/cdr/comp_VH_R3/cdr3_clusters/37cead87-b824-4a15-a82e-fc7a3ece7d4a-IGH.fasta 100%
0 nt in 0 seqs
minseqlength 6: 23 sequences discarded.
Masking 100%
Sorting by length 100%
Counting k-mers 100%
Clustering 100%
Sorting clusters 100%
Writing clusters 100%
Clusters: 0
Singletons: 0
Multiple alignments 100%
vsearch v2.30.0_linux_x86_64, 94.1GB RAM, 24 cores
https://github.com/torognes/vsearch

Reading file results/clustering/cdr/comp_VH_R3/cdr3_clusters/22e20d0f-3d52-4331-a87d-a1d6bed35d39-IGH.fasta 100%
276 nt in 6 seqs, min 36, max 51, avg 46
Masking 100%
Sorting by length 100%
Counting k-mers 100%
Clustering 100%
Sorting clusters 100%
Writing clusters 100%
Clusters: 2 Size min 2, max 4, avg 3.0
Singletons: 0, 0.0% of seqs, 0.0% of clusters
Multiple alignments 100%
vsearch v2.30.0_linux_x86_64, 94.1GB RAM, 24 cores
https://github.com/torognes/vsearch

Reading file results/clustering/cdr/comp_VH_R3/cdr3_clusters/76d18a86-8faa-4e3b-aadf-7171fd537097-IGH.fasta 100%
5483 nt in 134 seqs, min 18, max 63, avg 41
Masking 100%
Sorting by length 100%
Counting k-mers 100%
Clustering 100%
Sorting clusters 100%
Writing clusters 100%
Clusters: 118 Size min 1, max 5, avg 1.1
Singletons: 106, 79.1% of seqs, 89.8% of clusters
Multiple alignments 100%
vsearch v2.30.0_linux_x86_64, 94.1GB RAM, 24 cores
https://github.com/torognes/vsearch

Reading file results/clustering/cdr/comp_VH_R3/cdr3_clusters/20128c03-a221-422f-9b2d-507ea7dd42f8-IGH.fasta 100%
696 nt in 21 seqs, min 24, max 39, avg 33
Masking 100%
Sorting by length 100%
Counting k-mers 100%
Clustering 100%
Sorting clusters 100%
Writing clusters 100%
Clusters: 20 Size min 1, max 2, avg 1.1
Singletons: 19, 90.5% of seqs, 95.0% of clusters
Multiple alignments 100%
vsearch v2.30.0_linux_x86_64, 94.1GB RAM, 24 cores
https://github.com/torognes/vsearch

Reading file results/clustering/cdr/comp_VH_R3/cdr3_clusters/33622274-6e60-459f-bb36-919d298cae8c-IGH.fasta 100%
204 nt in 6 seqs, min 27, max 39, avg 34
Masking 100%
Sorting by length 100%
Counting k-mers 100%
Clustering 100%
Sorting clusters 100%
Writing clusters 100%
Clusters: 6 Size min 1, max 1, avg 1.0
Singletons: 6, 100.0% of seqs, 100.0% of clusters
Multiple alignments 100%
vsearch v2.30.0_linux_x86_64, 94.1GB RAM, 24 cores
https://github.com/torognes/vsearch

Reading file results/clustering/cdr/comp_VH_R3/cdr3_clusters/779f1b78-cb19-460d-81aa-d3beb7a3bde4-IGH.fasta 100%
40072 nt in 954 seqs, min 15, max 63, avg 42
minseqlength 6: 2 sequences discarded.
Masking 100%
Sorting by length 100%
Counting k-mers 100%
Clustering 100%
Sorting clusters 100%
Writing clusters 100%
Clusters: 798 Size min 1, max 9, avg 1.2
Singletons: 712, 74.6% of seqs, 89.2% of clusters
Multiple alignments 100%
vsearch v2.30.0_linux_x86_64, 94.1GB RAM, 24 cores
https://github.com/torognes/vsearch

Reading file results/clustering/cdr/comp_VH_R3/cdr3_clusters/df2ee900-1b37-4db8-9f37-785ba206db37-IGH.fasta 100%
495 nt in 15 seqs, min 21, max 48, avg 33
Masking 100%
Sorting by length 100%
Counting k-mers 100%
Clustering 100%
Sorting clusters 100%
Writing clusters 100%
Clusters: 14 Size min 1, max 2, avg 1.1
Singletons: 13, 86.7% of seqs, 92.9% of clusters
Multiple alignments 100%
vsearch v2.30.0_linux_x86_64, 94.1GB RAM, 24 cores
https://github.com/torognes/vsearch

Reading file results/clustering/cdr/comp_VH_R3/cdr3_clusters/4b66ffe9-a97a-47bf-b83e-86058ae223ce-IGH.fasta 100%
300 nt in 6 seqs, min 45, max 51, avg 50
Masking 100%
Sorting by length 100%
Counting k-mers 100%
Clustering 100%
Sorting clusters 100%
Writing clusters 100%
Clusters: 4 Size min 1, max 3, avg 1.5
Singletons: 3, 50.0% of seqs, 75.0% of clusters
Multiple alignments 100%
vsearch v2.30.0_linux_x86_64, 94.1GB RAM, 24 cores
https://github.com/torognes/vsearch

Reading file results/clustering/cdr/comp_VH_R3/cdr3_clusters/1b7e8a7b-a6d6-4d1f-af82-9dd5f9b4658c-IGH.fasta 100%
21131 nt in 490 seqs, min 15, max 57, avg 43
minseqlength 6: 3 sequences discarded.
Masking 100%
Sorting by length 100%
Counting k-mers 100%
Clustering 100%
Sorting clusters 100%
Writing clusters 100%
Clusters: 416 Size min 1, max 12, avg 1.2
Singletons: 375, 76.5% of seqs, 90.1% of clusters
Multiple alignments 100%
vsearch v2.30.0_linux_x86_64, 94.1GB RAM, 24 cores
https://github.com/torognes/vsearch

Reading file results/clustering/cdr/comp_VH_R3/cdr3_clusters/1ea80253-6cab-4fc5-8da9-4259cfd88231-IGH.fasta 100%
13130 nt in 375 seqs, min 12, max 48, avg 35
minseqlength 6: 1 sequence discarded.
Masking 100%
Sorting by length 100%
Counting k-mers 100%
Clustering 100%
Sorting clusters 100%
Writing clusters 100%
Clusters: 334 Size min 1, max 9, avg 1.1
Singletons: 305, 81.3% of seqs, 91.3% of clusters
Multiple alignments 100%
vsearch v2.30.0_linux_x86_64, 94.1GB RAM, 24 cores
https://github.com/torognes/vsearch

Reading file results/clustering/cdr/comp_VH_R3/cdr3_clusters/86dc14ac-8ce7-4e2d-a932-a37cbf9952b2-IGH.fasta 100%
129 nt in 5 seqs, min 18, max 30, avg 26
Masking 100%
Sorting by length 100%
Counting k-mers 100%
Clustering 100%
Sorting clusters 100%
Writing clusters 100%
Clusters: 5 Size min 1, max 1, avg 1.0
Singletons: 5, 100.0% of seqs, 100.0% of clusters
Multiple alignments 100%
vsearch v2.30.0_linux_x86_64, 94.1GB RAM, 24 cores
https://github.com/torognes/vsearch

Reading file results/clustering/cdr/comp_VH_R3/cdr3_clusters/ab7b5deb-267d-4b52-b0b0-98443d68a5eb-IGH.fasta 100%
654 nt in 19 seqs, min 27, max 39, avg 34
Masking 100%
Sorting by length 100%
Counting k-mers 100%
Clustering 100%
Sorting clusters 100%
Writing clusters 100%
Clusters: 18 Size min 1, max 2, avg 1.1
Singletons: 17, 89.5% of seqs, 94.4% of clusters
Multiple alignments 100%
vsearch v2.30.0_linux_x86_64, 94.1GB RAM, 24 cores
https://github.com/torognes/vsearch

Reading file results/clustering/cdr/comp_VH_R3/cdr3_clusters/96c268a9-798c-4348-9083-6174c60758a3-IGH.fasta 100%
3871 nt in 87 seqs, min 33, max 54, avg 44
Masking 100%
Sorting by length 100%
Counting k-mers 100%
Clustering 100%
Sorting clusters 100%
Writing clusters 100%
Clusters: 79 Size min 1, max 5, avg 1.1
Singletons: 74, 85.1% of seqs, 93.7% of clusters
Multiple alignments 100%
vsearch v2.30.0_linux_x86_64, 94.1GB RAM, 24 cores
https://github.com/torognes/vsearch

Reading file results/clustering/cdr/comp_VH_R3/cdr3_clusters/762f6ca2-31e5-4893-837d-4e8ce3d66d75-IGH.fasta 100%
12470 nt in 308 seqs, min 18, max 54, avg 40
Masking 100%
Sorting by length 100%
Counting k-mers 100%
Clustering 100%
Sorting clusters 100%
Writing clusters 100%
Clusters: 275 Size min 1, max 12, avg 1.1
Singletons: 254, 82.5% of seqs, 92.4% of clusters
Multiple alignments 100%
vsearch v2.30.0_linux_x86_64, 94.1GB RAM, 24 cores
https://github.com/torognes/vsearch

Reading file results/clustering/cdr/comp_VH_R3/cdr3_clusters/eee84077-e293-49c3-9b89-0836bc2ed0d0-IGH.fasta 100%
363 nt in 9 seqs, min 33, max 48, avg 40
Masking 100%
Sorting by length 100%
Counting k-mers 100%
Clustering 100%
Sorting clusters 100%
Writing clusters 100%
Clusters: 9 Size min 1, max 1, avg 1.0
Singletons: 9, 100.0% of seqs, 100.0% of clusters
Multiple alignments 100%
vsearch v2.30.0_linux_x86_64, 94.1GB RAM, 24 cores
https://github.com/torognes/vsearch

Reading file results/clustering/cdr/comp_VH_R3/cdr3_clusters/8fa48944-888a-4394-8716-599b7401a05d-IGH.fasta 100%
2085 nt in 39 seqs, min 33, max 63, avg 53
Masking 100%
Sorting by length 100%
Counting k-mers 100%
Clustering 100%
Sorting clusters 100%
Writing clusters 100%
Clusters: 22 Size min 1, max 10, avg 1.8
Singletons: 16, 41.0% of seqs, 72.7% of clusters
Multiple alignments 100%
vsearch v2.30.0_linux_x86_64, 94.1GB RAM, 24 cores
https://github.com/torognes/vsearch

Reading file results/clustering/cdr/comp_VH_R3/cdr3_clusters/868ae6f7-54bb-495b-9f9d-d3b00caa15f3-IGH.fasta 100%
1062 nt in 27 seqs, min 27, max 48, avg 39
Masking 100%
Sorting by length 100%
Counting k-mers 100%
Clustering 100%
Sorting clusters 100%
Writing clusters 100%
Clusters: 26 Size min 1, max 2, avg 1.0
Singletons: 25, 92.6% of seqs, 96.2% of clusters
Multiple alignments 100%
vsearch v2.30.0_linux_x86_64, 94.1GB RAM, 24 cores
https://github.com/torognes/vsearch

Reading file results/clustering/cdr/comp_VH_R3/cdr3_clusters/678fb9e1-afcc-4e77-a0df-d9363a294749-IGH.fasta 100%
466 nt in 13 seqs, min 24, max 45, avg 36
Masking 100%
Sorting by length 100%
Counting k-mers 100%
Clustering 100%
Sorting clusters 100%
Writing clusters 100%
Clusters: 10 Size min 1, max 4, avg 1.3
Singletons: 9, 69.2% of seqs, 90.0% of clusters
Multiple alignments 100%
vsearch v2.30.0_linux_x86_64, 94.1GB RAM, 24 cores
https://github.com/torognes/vsearch

Reading file results/clustering/cdr/comp_VH_R3/cdr3_clusters/f95a26ae-bdcb-4dd6-8da1-cdf0253125d3-IGH.fasta 100%
234 nt in 5 seqs, min 45, max 48, avg 47
Masking 100%
Sorting by length 100%
Counting k-mers 100%
Clustering 100%
Sorting clusters 100%
Writing clusters 100%
Clusters: 3 Size min 1, max 3, avg 1.7
Singletons: 2, 40.0% of seqs, 66.7% of clusters
Multiple alignments 100%
vsearch v2.30.0_linux_x86_64, 94.1GB RAM, 24 cores
https://github.com/torognes/vsearch

Reading file results/clustering/cdr/comp_VH_R3/cdr3_clusters/a01654a7-5301-497f-a0bc-88c2837e1af3-IGH.fasta 100%
12101 nt in 279 seqs, min 23, max 55, avg 43
Masking 100%
Sorting by length 100%
Counting k-mers 100%
Clustering 100%
Sorting clusters 100%
Writing clusters 100%
Clusters: 251 Size min 1, max 5, avg 1.1
Singletons: 230, 82.4% of seqs, 91.6% of clusters
Multiple alignments 100%
vsearch v2.30.0_linux_x86_64, 94.1GB RAM, 24 cores
https://github.com/torognes/vsearch

Reading file results/clustering/cdr/comp_VH_R3/cdr3_clusters/549c66e1-f44c-42fd-911d-136d225a9789-IGH.fasta 100%
270 nt in 10 seqs, min 27, max 27, avg 27
Masking 100%
Sorting by length 100%
Counting k-mers 100%
Clustering 100%
Sorting clusters 100%
Writing clusters 100%
Clusters: 2 Size min 1, max 9, avg 5.0
Singletons: 1, 10.0% of seqs, 50.0% of clusters
Multiple alignments 100%
vsearch v2.30.0_linux_x86_64, 94.1GB RAM, 24 cores
https://github.com/torognes/vsearch

Reading file results/clustering/cdr/comp_VH_R3/cdr3_clusters/69a85c9e-7ebb-4977-b5cd-683c116b2351-IGH.fasta 100%
459 nt in 14 seqs, min 27, max 42, avg 33
Masking 100%
Sorting by length 100%
Counting k-mers 100%
Clustering 100%
Sorting clusters 100%
Writing clusters 100%
Clusters: 13 Size min 1, max 2, avg 1.1
Singletons: 12, 85.7% of seqs, 92.3% of clusters
Multiple alignments 100%
vsearch v2.30.0_linux_x86_64, 94.1GB RAM, 24 cores
https://github.com/torognes/vsearch

Reading file results/clustering/cdr/comp_VH_R3/cdr3_clusters/83ed716d-bd55-408d-98ff-5f4283c1c2b5-IGH.fasta 100%
4946 nt in 114 seqs, min 24, max 57, avg 43
Masking 100%
Sorting by length 100%
Counting k-mers 100%
Clustering 100%
Sorting clusters 100%
Writing clusters 100%
Clusters: 92 Size min 1, max 8, avg 1.2
Singletons: 82, 71.9% of seqs, 89.1% of clusters
Multiple alignments 100%
vsearch v2.30.0_linux_x86_64, 94.1GB RAM, 24 cores
https://github.com/torognes/vsearch

Reading file results/clustering/cdr/comp_VH_R3/cdr3_clusters/07455b7f-25fa-4c13-aeb5-46982f6c515a-IGH.fasta 100%
144 nt in 5 seqs, min 15, max 36, avg 29
Masking 100%
Sorting by length 100%
Counting k-mers 100%
Clustering 100%
Sorting clusters 100%
Writing clusters 100%
Clusters: 5 Size min 1, max 1, avg 1.0
Singletons: 5, 100.0% of seqs, 100.0% of clusters
Multiple alignments 100%
vsearch v2.30.0_linux_x86_64, 94.1GB RAM, 24 cores
https://github.com/torognes/vsearch

Reading file results/clustering/cdr/comp_VH_R3/cdr3_clusters/504baf2a-a416-4991-836e-a9e9f26d73a2-IGH.fasta 100%
231 nt in 6 seqs, min 30, max 45, avg 38
Masking 100%
Sorting by length 100%
Counting k-mers 100%
Clustering 100%
Sorting clusters 100%
Writing clusters 100%
Clusters: 6 Size min 1, max 1, avg 1.0
Singletons: 6, 100.0% of seqs, 100.0% of clusters
Multiple alignments 100%
vsearch v2.30.0_linux_x86_64, 94.1GB RAM, 24 cores
https://github.com/torognes/vsearch

Reading file results/clustering/cdr/comp_VH_R3/cdr3_clusters/1d3bbf1b-22de-46a5-8336-8a546cfb8e04-IGH.fasta 100%
165 nt in 6 seqs, min 15, max 36, avg 28
Masking 100%
Sorting by length 100%
Counting k-mers 100%
Clustering 100%
Sorting clusters 100%
Writing clusters 100%
Clusters: 5 Size min 1, max 2, avg 1.2
Singletons: 4, 66.7% of seqs, 80.0% of clusters
Multiple alignments 100%
vsearch v2.30.0_linux_x86_64, 94.1GB RAM, 24 cores
https://github.com/torognes/vsearch

Reading file results/clustering/cdr/comp_VH_R3/cdr3_clusters/4633ee7f-9cea-4362-af2a-40d537da2e17-IGH.fasta 100%
381 nt in 10 seqs, min 24, max 54, avg 38
Masking 100%
Sorting by length 100%
Counting k-mers 100%
Clustering 100%
Sorting clusters 100%
Writing clusters 100%
Clusters: 9 Size min 1, max 2, avg 1.1
Singletons: 8, 80.0% of seqs, 88.9% of clusters
Multiple alignments 100%
vsearch v2.30.0_linux_x86_64, 94.1GB RAM, 24 cores
https://github.com/torognes/vsearch

Reading file results/clustering/cdr/comp_VH_R3/cdr3_clusters/756b5891-350f-468c-bc1f-429fc95f017b-IGH.fasta 100%
1581 nt in 47 seqs, min 24, max 45, avg 34
Masking 100%
Sorting by length 100%
Counting k-mers 100%
Clustering 100%
Sorting clusters 100%
Writing clusters 100%
Clusters: 36 Size min 1, max 8, avg 1.3
Singletons: 32, 68.1% of seqs, 88.9% of clusters
Multiple alignments 100%
vsearch v2.30.0_linux_x86_64, 94.1GB RAM, 24 cores
https://github.com/torognes/vsearch

Reading file results/clustering/cdr/comp_VH_R3/cdr3_clusters/454a1b79-cb56-448f-a1a9-fb474292d331-IGH.fasta 100%
222 nt in 6 seqs, min 27, max 39, avg 37
Masking 100%
Sorting by length 100%
Counting k-mers 100%
Clustering 100%
Sorting clusters 100%
Writing clusters 100%
Clusters: 4 Size min 1, max 3, avg 1.5
Singletons: 3, 50.0% of seqs, 75.0% of clusters
Multiple alignments 100%
vsearch v2.30.0_linux_x86_64, 94.1GB RAM, 24 cores
https://github.com/torognes/vsearch

Reading file results/clustering/cdr/comp_VH_R3/cdr3_clusters/23f669da-1e0c-4565-9f78-8be74577fdbf-IGH.fasta 100%
456 nt in 9 seqs, min 24, max 54, avg 51
Masking 100%
Sorting by length 100%
Counting k-mers 100%
Clustering 100%
Sorting clusters 100%
Writing clusters 100%
Clusters: 4 Size min 1, max 6, avg 2.2
Singletons: 3, 33.3% of seqs, 75.0% of clusters
Multiple alignments 100%
vsearch v2.30.0_linux_x86_64, 94.1GB RAM, 24 cores
https://github.com/torognes/vsearch

Reading file results/clustering/cdr/comp_VH_R3/cdr3_clusters/1c14de7d-a0d8-470e-883d-54142c9531c8-IGH.fasta 100%
336 nt in 8 seqs, min 33, max 45, avg 42
Masking 100%
Sorting by length 100%
Counting k-mers 100%
Clustering 100%
Sorting clusters 100%
Writing clusters 100%
Clusters: 8 Size min 1, max 1, avg 1.0
Singletons: 8, 100.0% of seqs, 100.0% of clusters
Multiple alignments 100%
vsearch v2.30.0_linux_x86_64, 94.1GB RAM, 24 cores
https://github.com/torognes/vsearch

Reading file results/clustering/cdr/comp_VH_R3/cdr3_clusters/7e56f3c8-6d9e-4438-98f2-9a7bf59d893a-IGH.fasta 100%
604 nt in 12 seqs, min 37, max 57, avg 50
Masking 100%
Sorting by length 100%
Counting k-mers 100%
Clustering 100%
Sorting clusters 100%
Writing clusters 100%
Clusters: 4 Size min 1, max 7, avg 3.0
Singletons: 1, 8.3% of seqs, 25.0% of clusters
Multiple alignments 100%
vsearch v2.30.0_linux_x86_64, 94.1GB RAM, 24 cores
https://github.com/torognes/vsearch

Reading file results/clustering/cdr/comp_VH_R3/cdr3_clusters/9a8ca339-c263-49ec-9d66-b5d26cac0cea-IGH.fasta 100%
540 nt in 12 seqs, min 36, max 57, avg 45
Masking 100%
Sorting by length 100%
Counting k-mers 100%
Clustering 100%
Sorting clusters 100%
Writing clusters 100%
Clusters: 11 Size min 1, max 2, avg 1.1
Singletons: 10, 83.3% of seqs, 90.9% of clusters
Multiple alignments 100%
vsearch v2.30.0_linux_x86_64, 94.1GB RAM, 24 cores
https://github.com/torognes/vsearch

Reading file results/clustering/cdr/comp_VH_R3/cdr3_clusters/d20e678c-afa1-435e-8dd9-a1bbf0acf1aa-IGH.fasta 100%
391609 nt in 9839 seqs, min 9, max 72, avg 40
minseqlength 6: 6 sequences discarded.
Masking 100%
Sorting by length 100%
Counting k-mers 100%
Clustering 100%
Sorting clusters 100%
Writing clusters 100%
Clusters: 5519 Size min 1, max 131, avg 1.8
Singletons: 4286, 43.6% of seqs, 77.7% of clusters
Multiple alignments 100%
vsearch v2.30.0_linux_x86_64, 94.1GB RAM, 24 cores
https://github.com/torognes/vsearch

Reading file results/clustering/cdr/comp_VH_R3/cdr3_clusters/0980092d-48f8-4bc2-9cd9-21601072cee2-IGH.fasta 100%
261 nt in 6 seqs, min 36, max 45, avg 44
Masking 100%
Sorting by length 100%
Counting k-mers 100%
Clustering 100%
Sorting clusters 100%
Writing clusters 100%
Clusters: 2 Size min 1, max 5, avg 3.0
Singletons: 1, 16.7% of seqs, 50.0% of clusters
Multiple alignments 100%
vsearch v2.30.0_linux_x86_64, 94.1GB RAM, 24 cores
https://github.com/torognes/vsearch

Reading file results/clustering/cdr/comp_VH_R3/cdr3_clusters/004efdfd-3d60-40ce-8364-bac03c0aa3ee-IGH.fasta 100%
0 nt in 0 seqs
minseqlength 6: 23 sequences discarded.
Masking 100%
Sorting by length 100%
Counting k-mers 100%
Clustering 100%
Sorting clusters 100%
Writing clusters 100%
Clusters: 0
Singletons: 0
Multiple alignments 100%
vsearch v2.30.0_linux_x86_64, 94.1GB RAM, 24 cores
https://github.com/torognes/vsearch

Reading file results/clustering/cdr/comp_VH_R3/cdr3_clusters/3a2db430-6875-4f26-9b05-534a7fe2854e-IGH.fasta 100%
1088 nt in 33 seqs, min 32, max 33, avg 33
Masking 100%
Sorting by length 100%
Counting k-mers 100%
Clustering 100%
Sorting clusters 100%
Writing clusters 100%
Clusters: 6 Size min 1, max 17, avg 5.5
Singletons: 3, 9.1% of seqs, 50.0% of clusters
Multiple alignments 100%
vsearch v2.30.0_linux_x86_64, 94.1GB RAM, 24 cores
https://github.com/torognes/vsearch

Reading file results/clustering/cdr/comp_VH_R3/cdr3_clusters/bda324bc-75d6-473a-850b-30904073fbc4-IGH.fasta 100%
557 nt in 17 seqs, min 18, max 45, avg 33
Masking 100%
Sorting by length 100%
Counting k-mers 100%
Clustering 100%
Sorting clusters 100%
Writing clusters 100%
Clusters: 17 Size min 1, max 1, avg 1.0
Singletons: 17, 100.0% of seqs, 100.0% of clusters
Multiple alignments 100%
vsearch v2.30.0_linux_x86_64, 94.1GB RAM, 24 cores
https://github.com/torognes/vsearch

Reading file results/clustering/cdr/comp_VH_R3/cdr3_clusters/b39ad064-8279-481d-bfe3-964e224c5c03-IGH.fasta 100%
1362 nt in 43 seqs, min 12, max 51, avg 32
Masking 100%
Sorting by length 100%
Counting k-mers 100%
Clustering 100%
Sorting clusters 100%
Writing clusters 100%
Clusters: 22 Size min 1, max 15, avg 2.0
Singletons: 18, 41.9% of seqs, 81.8% of clusters
Multiple alignments 100%
vsearch v2.30.0_linux_x86_64, 94.1GB RAM, 24 cores
https://github.com/torognes/vsearch

Reading file results/clustering/cdr/comp_VH_R3/cdr3_clusters/844fbd42-7df6-4ec8-974c-d9ebbfbfed7d-IGH.fasta 100%
240 nt in 10 seqs, min 24, max 24, avg 24
Masking 100%
Sorting by length 100%
Counting k-mers 100%
Clustering 100%
Sorting clusters 100%
Writing clusters 100%
Clusters: 5 Size min 1, max 5, avg 2.0
Singletons: 3, 30.0% of seqs, 60.0% of clusters
Multiple alignments 100%
vsearch v2.30.0_linux_x86_64, 94.1GB RAM, 24 cores
https://github.com/torognes/vsearch

Reading file results/clustering/cdr/comp_VH_R3/cdr3_clusters/e4578422-7c13-4cdf-a87f-689fc8f1661b-IGH.fasta 100%
144 nt in 6 seqs, min 18, max 27, avg 24
Masking 100%
Sorting by length 100%
Counting k-mers 100%
Clustering 100%
Sorting clusters 100%
Writing clusters 100%
Clusters: 4 Size min 1, max 2, avg 1.5
Singletons: 2, 33.3% of seqs, 50.0% of clusters
Multiple alignments 100%
vsearch v2.30.0_linux_x86_64, 94.1GB RAM, 24 cores
https://github.com/torognes/vsearch

Reading file results/clustering/cdr/comp_VH_R3/cdr3_clusters/b0f2c120-a619-4745-a16c-27d633290f06-IGK.fasta 100%
0 nt in 0 seqs
minseqlength 6: 7 sequences discarded.
Masking 100%
Sorting by length 100%
Counting k-mers 100%
Clustering 100%
Sorting clusters 100%
Writing clusters 100%
Clusters: 0
Singletons: 0
Multiple alignments 100%
vsearch v2.30.0_linux_x86_64, 94.1GB RAM, 24 cores
https://github.com/torognes/vsearch

Reading file results/clustering/cdr/comp_VH_R3/cdr3_clusters/838e3e40-2220-46a6-a9d9-9f63a262965b-IGH.fasta 100%
762 nt in 21 seqs, min 30, max 42, avg 36
Masking 100%
Sorting by length 100%
Counting k-mers 100%
Clustering 100%
Sorting clusters 100%
Writing clusters 100%
Clusters: 20 Size min 1, max 2, avg 1.1
Singletons: 19, 90.5% of seqs, 95.0% of clusters
Multiple alignments 100%
vsearch v2.30.0_linux_x86_64, 94.1GB RAM, 24 cores
https://github.com/torognes/vsearch

Reading file results/clustering/cdr/comp_VH_R3/cdr3_clusters/659f8e03-f6d0-4771-b847-a704ca34de8a-IGH.fasta 100%
1179 nt in 33 seqs, min 18, max 51, avg 36
minseqlength 6: 1 sequence discarded.
Masking 100%
Sorting by length 100%
Counting k-mers 100%
Clustering 100%
Sorting clusters 100%
Writing clusters 100%
Clusters: 32 Size min 1, max 2, avg 1.0
Singletons: 31, 93.9% of seqs, 96.9% of clusters
Multiple alignments 100%
vsearch v2.30.0_linux_x86_64, 94.1GB RAM, 24 cores
https://github.com/torognes/vsearch

Reading file results/clustering/cdr/comp_VH_R3/cdr3_clusters/5634e1e7-52df-4c5f-85be-b48d63bc8bb7-IGH.fasta 100%
342 nt in 10 seqs, min 18, max 39, avg 34
Masking 100%
Sorting by length 100%
Counting k-mers 100%
Clustering 100%
Sorting clusters 100%
Writing clusters 100%
Clusters: 8 Size min 1, max 3, avg 1.2
Singletons: 7, 70.0% of seqs, 87.5% of clusters
Multiple alignments 100%
vsearch v2.30.0_linux_x86_64, 94.1GB RAM, 24 cores
https://github.com/torognes/vsearch

Reading file results/clustering/cdr/comp_VH_R3/cdr3_clusters/82a39580-9dbc-4ec9-873f-8d9ca38d3274-IGH.fasta 100%
783 nt in 16 seqs, min 39, max 57, avg 49
Masking 100%
Sorting by length 100%
Counting k-mers 100%
Clustering 100%
Sorting clusters 100%
Writing clusters 100%
Clusters: 13 Size min 1, max 4, avg 1.2
Singletons: 12, 75.0% of seqs, 92.3% of clusters
Multiple alignments 100%
vsearch v2.30.0_linux_x86_64, 94.1GB RAM, 24 cores
https://github.com/torognes/vsearch

Reading file results/clustering/cdr/comp_VH_R3/cdr3_clusters/65b3ed5f-0d80-4add-9073-2098b5d45ef3-IGH.fasta 100%
801 nt in 19 seqs, min 33, max 48, avg 42
Masking 100%
Sorting by length 100%
Counting k-mers 100%
Clustering 100%
Sorting clusters 100%
Writing clusters 100%
Clusters: 19 Size min 1, max 1, avg 1.0
Singletons: 19, 100.0% of seqs, 100.0% of clusters
Multiple alignments 100%
vsearch v2.30.0_linux_x86_64, 94.1GB RAM, 24 cores
https://github.com/torognes/vsearch

Reading file results/clustering/cdr/comp_VH_R3/cdr3_clusters/3a0bb11b-d087-4d83-b15c-1e48bdc9c3ea-IGH.fasta 100%
210 nt in 6 seqs, min 27, max 45, avg 35
Masking 100%
Sorting by length 100%
Counting k-mers 100%
Clustering 100%
Sorting clusters 100%
Writing clusters 100%
Clusters: 6 Size min 1, max 1, avg 1.0
Singletons: 6, 100.0% of seqs, 100.0% of clusters
Multiple alignments 100%
vsearch v2.30.0_linux_x86_64, 94.1GB RAM, 24 cores
https://github.com/torognes/vsearch

Reading file results/clustering/cdr/comp_VH_R3/cdr3_clusters/ff7582a9-b11b-4fcc-9f07-175e1bb147bc-IGH.fasta 100%
816 nt in 21 seqs, min 21, max 48, avg 39
Masking 100%
Sorting by length 100%
Counting k-mers 100%
Clustering 100%
Sorting clusters 100%
Writing clusters 100%
Clusters: 18 Size min 1, max 3, avg 1.2
Singletons: 16, 76.2% of seqs, 88.9% of clusters
Multiple alignments 100%
vsearch v2.30.0_linux_x86_64, 94.1GB RAM, 24 cores
https://github.com/torognes/vsearch

Reading file results/clustering/cdr/comp_VH_R3/cdr3_clusters/9916f630-1413-4c41-8b54-f156a68cf484-IGH.fasta 100%
1476 nt in 31 seqs, min 39, max 54, avg 48
Masking 100%
Sorting by length 100%
Counting k-mers 100%
Clustering 100%
Sorting clusters 100%
Writing clusters 100%
Clusters: 25 Size min 1, max 4, avg 1.2
Singletons: 23, 74.2% of seqs, 92.0% of clusters
Multiple alignments 100%
vsearch v2.30.0_linux_x86_64, 94.1GB RAM, 24 cores
https://github.com/torognes/vsearch

Reading file results/clustering/cdr/comp_VH_R3/cdr3_clusters/033aae04-3095-4348-9fb2-760d55620117-IGH.fasta 100%
0 nt in 0 seqs
minseqlength 6: 18 sequences discarded.
Masking 100%
Sorting by length 100%
Counting k-mers 100%
Clustering 100%
Sorting clusters 100%
Writing clusters 100%
Clusters: 0
Singletons: 0
Multiple alignments 100%
vsearch v2.30.0_linux_x86_64, 94.1GB RAM, 24 cores
https://github.com/torognes/vsearch

Reading file results/clustering/cdr/comp_VH_R3/cdr3_clusters/1f24db5d-a487-47d4-bcd1-f3afd93f4c9b-IGH.fasta 100%
711 nt in 18 seqs, min 24, max 45, avg 40
Masking 100%
Sorting by length 100%
Counting k-mers 100%
Clustering 100%
Sorting clusters 100%
Writing clusters 100%
Clusters: 16 Size min 1, max 2, avg 1.1
Singletons: 14, 77.8% of seqs, 87.5% of clusters
Multiple alignments 100%
vsearch v2.30.0_linux_x86_64, 94.1GB RAM, 24 cores
https://github.com/torognes/vsearch

Reading file results/clustering/cdr/comp_VH_R3/cdr3_clusters/7c7a661e-ac2b-4c1e-87aa-e9774c0d97c7-IGH.fasta 100%
228 nt in 8 seqs, min 21, max 33, avg 28
Masking 100%
Sorting by length 100%
Counting k-mers 100%
Clustering 100%
Sorting clusters 100%
Writing clusters 100%
Clusters: 8 Size min 1, max 1, avg 1.0
Singletons: 8, 100.0% of seqs, 100.0% of clusters
Multiple alignments 100%
vsearch v2.30.0_linux_x86_64, 94.1GB RAM, 24 cores
https://github.com/torognes/vsearch

Reading file results/clustering/cdr/comp_VH_R3/cdr3_clusters/09d8fc82-e575-43f3-a523-c0f8d4438224-IGH.fasta 100%
864 nt in 24 seqs, min 36, max 36, avg 36
Masking 100%
Sorting by length 100%
Counting k-mers 100%
Clustering 100%
Sorting clusters 100%
Writing clusters 100%
Clusters: 1 Size min 24, max 24, avg 24.0
Singletons: 0, 0.0% of seqs, 0.0% of clusters
Multiple alignments 100%
vsearch v2.30.0_linux_x86_64, 94.1GB RAM, 24 cores
https://github.com/torognes/vsearch

Reading file results/clustering/cdr/comp_VH_R3/cdr3_clusters/9559a3bf-2d91-4008-9285-1270d284e0e6-IGH.fasta 100%
1023 nt in 25 seqs, min 18, max 48, avg 41
Masking 100%
Sorting by length 100%
Counting k-mers 100%
Clustering 100%
Sorting clusters 100%
Writing clusters 100%
Clusters: 24 Size min 1, max 2, avg 1.0
Singletons: 23, 92.0% of seqs, 95.8% of clusters
Multiple alignments 100%
vsearch v2.30.0_linux_x86_64, 94.1GB RAM, 24 cores
https://github.com/torognes/vsearch

Reading file results/clustering/cdr/comp_VH_R3/cdr3_clusters/a7fcede7-9e16-4b88-a194-c4d708fc01d2-IGH.fasta 100%
465 nt in 16 seqs, min 18, max 54, avg 29
minseqlength 6: 1 sequence discarded.
Masking 100%
Sorting by length 100%
Counting k-mers 100%
Clustering 100%
Sorting clusters 100%
Writing clusters 100%
Clusters: 15 Size min 1, max 2, avg 1.1
Singletons: 14, 87.5% of seqs, 93.3% of clusters
Multiple alignments 100%
vsearch v2.30.0_linux_x86_64, 94.1GB RAM, 24 cores
https://github.com/torognes/vsearch

Reading file results/clustering/cdr/comp_VH_R3/cdr3_clusters/ce48289d-fe59-4e1e-ba98-7ecfbb597fd0-IGH.fasta 100%
12173 nt in 317 seqs, min 15, max 51, avg 38
Masking 100%
Sorting by length 100%
Counting k-mers 100%
Clustering 100%
Sorting clusters 100%
Writing clusters 100%
Clusters: 299 Size min 1, max 5, avg 1.1
Singletons: 289, 91.2% of seqs, 96.7% of clusters
Multiple alignments 100%
vsearch v2.30.0_linux_x86_64, 94.1GB RAM, 24 cores
https://github.com/torognes/vsearch

Reading file results/clustering/cdr/comp_VH_R3/cdr3_clusters/99f2821e-37b6-47b3-940c-2fb95d302b98-IGH.fasta 100%
153 nt in 5 seqs, min 21, max 33, avg 31
Masking 100%
Sorting by length 100%
Counting k-mers 100%
Clustering 100%
Sorting clusters 100%
Writing clusters 100%
Clusters: 4 Size min 1, max 2, avg 1.2
Singletons: 3, 60.0% of seqs, 75.0% of clusters
Multiple alignments 100%
vsearch v2.30.0_linux_x86_64, 94.1GB RAM, 24 cores
https://github.com/torognes/vsearch

Reading file results/clustering/cdr/comp_VH_R3/cdr3_clusters/5939b693-b8bf-4fa2-973a-33ab2e72b7cb-IGH.fasta 100%
357 nt in 8 seqs, min 33, max 51, avg 45
Masking 100%
Sorting by length 100%
Counting k-mers 100%
Clustering 100%
Sorting clusters 100%
Writing clusters 100%
Clusters: 7 Size min 1, max 2, avg 1.1
Singletons: 6, 75.0% of seqs, 85.7% of clusters
Multiple alignments 100%
vsearch v2.30.0_linux_x86_64, 94.1GB RAM, 24 cores
https://github.com/torognes/vsearch

Reading file results/clustering/cdr/comp_VH_R3/cdr3_clusters/fa129e16-10cc-4c24-b53e-73e0e6b8bfaf-IGH.fasta 100%
168 nt in 6 seqs, min 21, max 33, avg 28
Masking 100%
Sorting by length 100%
Counting k-mers 100%
Clustering 100%
Sorting clusters 100%
Writing clusters 100%
Clusters: 6 Size min 1, max 1, avg 1.0
Singletons: 6, 100.0% of seqs, 100.0% of clusters
Multiple alignments 100%
vsearch v2.30.0_linux_x86_64, 94.1GB RAM, 24 cores
https://github.com/torognes/vsearch

Reading file results/clustering/cdr/comp_VH_R3/cdr3_clusters/3bb8db60-f1c9-49af-84d8-a7392bbe8c60-IGH.fasta 100%
303 nt in 7 seqs, min 27, max 48, avg 43
Masking 100%
Sorting by length 100%
Counting k-mers 100%
Clustering 100%
Sorting clusters 100%
Writing clusters 100%
Clusters: 7 Size min 1, max 1, avg 1.0
Singletons: 7, 100.0% of seqs, 100.0% of clusters
Multiple alignments 100%
vsearch v2.30.0_linux_x86_64, 94.1GB RAM, 24 cores
https://github.com/torognes/vsearch

Reading file results/clustering/cdr/comp_VH_R3/cdr3_clusters/3357e234-064f-4416-9471-3fb8640491ec-IGK.fasta 100%
0 nt in 0 seqs
minseqlength 6: 20 sequences discarded.
Masking 100%
Sorting by length 100%
Counting k-mers 100%
Clustering 100%
Sorting clusters 100%
Writing clusters 100%
Clusters: 0
Singletons: 0
Multiple alignments 100%
vsearch v2.30.0_linux_x86_64, 94.1GB RAM, 24 cores
https://github.com/torognes/vsearch

Reading file results/clustering/cdr/comp_VH_R3/cdr3_clusters/44823b06-b89c-4ab2-b9c3-883f78fa7172-IGH.fasta 100%
1131 nt in 28 seqs, min 27, max 48, avg 40
Masking 100%
Sorting by length 100%
Counting k-mers 100%
Clustering 100%
Sorting clusters 100%
Writing clusters 100%
Clusters: 26 Size min 1, max 3, avg 1.1
Singletons: 25, 89.3% of seqs, 96.2% of clusters
Multiple alignments 100%
vsearch v2.30.0_linux_x86_64, 94.1GB RAM, 24 cores
https://github.com/torognes/vsearch

Reading file results/clustering/cdr/comp_VH_R3/cdr3_clusters/bef9eac0-31cd-48b3-a2a6-cb53b573c66e-IGH.fasta 100%
1158 nt in 28 seqs, min 27, max 51, avg 41
Masking 100%
Sorting by length 100%
Counting k-mers 100%
Clustering 100%
Sorting clusters 100%
Writing clusters 100%
Clusters: 21 Size min 1, max 7, avg 1.3
Singletons: 19, 67.9% of seqs, 90.5% of clusters
Multiple alignments 100%
vsearch v2.30.0_linux_x86_64, 94.1GB RAM, 24 cores
https://github.com/torognes/vsearch

Reading file results/clustering/cdr/comp_VH_R3/cdr3_clusters/81fc3439-811f-4cf1-b705-089dbbc88ddd-IGH.fasta 100%
231 nt in 5 seqs, min 39, max 54, avg 46
Masking 100%
Sorting by length 100%
Counting k-mers 100%
Clustering 100%
Sorting clusters 100%
Writing clusters 100%
Clusters: 5 Size min 1, max 1, avg 1.0
Singletons: 5, 100.0% of seqs, 100.0% of clusters
Multiple alignments 100%
vsearch v2.30.0_linux_x86_64, 94.1GB RAM, 24 cores
https://github.com/torognes/vsearch

Reading file results/clustering/cdr/comp_VH_R3/cdr3_clusters/a85a701a-ed44-4d9d-8d5c-6e68800f17a7-IGH.fasta 100%
0 nt in 0 seqs
minseqlength 6: 40 sequences discarded.
Masking 100%
Sorting by length 100%
Counting k-mers 100%
Clustering 100%
Sorting clusters 100%
Writing clusters 100%
Clusters: 0
Singletons: 0
Multiple alignments 100%
vsearch v2.30.0_linux_x86_64, 94.1GB RAM, 24 cores
https://github.com/torognes/vsearch

Reading file results/clustering/cdr/comp_VH_R3/cdr3_clusters/73abb59e-9ea5-4f2e-8111-b2d85e039b26-IGH.fasta 100%
153 nt in 5 seqs, min 27, max 33, avg 31
Masking 100%
Sorting by length 100%
Counting k-mers 100%
Clustering 100%
Sorting clusters 100%
Writing clusters 100%
Clusters: 5 Size min 1, max 1, avg 1.0
Singletons: 5, 100.0% of seqs, 100.0% of clusters
Multiple alignments 100%
vsearch v2.30.0_linux_x86_64, 94.1GB RAM, 24 cores
https://github.com/torognes/vsearch

Reading file results/clustering/cdr/comp_VH_R3/cdr3_clusters/837b01b7-024d-4a87-a87c-6880c4e007a8-IGH.fasta 100%
9245 nt in 219 seqs, min 18, max 57, avg 42
Masking 100%
Sorting by length 100%
Counting k-mers 100%
Clustering 100%
Sorting clusters 100%
Writing clusters 100%
Clusters: 181 Size min 1, max 9, avg 1.2
Singletons: 160, 73.1% of seqs, 88.4% of clusters
Multiple alignments 100%
vsearch v2.30.0_linux_x86_64, 94.1GB RAM, 24 cores
https://github.com/torognes/vsearch

Reading file results/clustering/cdr/comp_VH_R3/cdr3_clusters/bcc7c101-a778-489e-a90d-4a3c25d76534-IGH.fasta 100%
312 nt in 6 seqs, min 30, max 120, avg 52
Masking 100%
Sorting by length 100%
Counting k-mers 100%
Clustering 100%
Sorting clusters 100%
Writing clusters 100%
Clusters: 6 Size min 1, max 1, avg 1.0
Singletons: 6, 100.0% of seqs, 100.0% of clusters
Multiple alignments 100%
vsearch v2.30.0_linux_x86_64, 94.1GB RAM, 24 cores
https://github.com/torognes/vsearch

Reading file results/clustering/cdr/comp_VH_R3/cdr3_clusters/5408bd53-2f69-4b6e-91dc-f6f5ae647282-IGH.fasta 100%
579 nt in 14 seqs, min 27, max 48, avg 41
Masking 100%
Sorting by length 100%
Counting k-mers 100%
Clustering 100%
Sorting clusters 100%
Writing clusters 100%
Clusters: 14 Size min 1, max 1, avg 1.0
Singletons: 14, 100.0% of seqs, 100.0% of clusters
Multiple alignments 100%
vsearch v2.30.0_linux_x86_64, 94.1GB RAM, 24 cores
https://github.com/torognes/vsearch

Reading file results/clustering/cdr/comp_VH_R3/cdr3_clusters/485d1e03-9773-4f13-875d-3da6cde46db1-IGH.fasta 100%
729 nt in 20 seqs, min 24, max 51, avg 36
Masking 100%
Sorting by length 100%
Counting k-mers 100%
Clustering 100%
Sorting clusters 100%
Writing clusters 100%
Clusters: 19 Size min 1, max 2, avg 1.1
Singletons: 18, 90.0% of seqs, 94.7% of clusters
Multiple alignments 100%
vsearch v2.30.0_linux_x86_64, 94.1GB RAM, 24 cores
https://github.com/torognes/vsearch

Reading file results/clustering/cdr/comp_VH_R3/cdr3_clusters/01d81dc9-24c0-4078-a5d7-a77b64dbdac9-IGH.fasta 100%
642 nt in 13 seqs, min 30, max 72, avg 49
Masking 100%
Sorting by length 100%
Counting k-mers 100%
Clustering 100%
Sorting clusters 100%
Writing clusters 100%
Clusters: 11 Size min 1, max 2, avg 1.2
Singletons: 9, 69.2% of seqs, 81.8% of clusters
Multiple alignments 100%
vsearch v2.30.0_linux_x86_64, 94.1GB RAM, 24 cores
https://github.com/torognes/vsearch

Reading file results/clustering/cdr/comp_VH_R3/cdr3_clusters/6953a3d0-a1b0-4ac5-b592-ae21bb4d5fae-IGH.fasta 100%
972 nt in 25 seqs, min 30, max 48, avg 39
minseqlength 6: 1 sequence discarded.
Masking 100%
Sorting by length 100%
Counting k-mers 100%
Clustering 100%
Sorting clusters 100%
Writing clusters 100%
Clusters: 24 Size min 1, max 2, avg 1.0
Singletons: 23, 92.0% of seqs, 95.8% of clusters
Multiple alignments 100%
vsearch v2.30.0_linux_x86_64, 94.1GB RAM, 24 cores
https://github.com/torognes/vsearch

Reading file results/clustering/cdr/comp_VH_R3/cdr3_clusters/4b863f51-3c43-4a62-b13d-fc14c4fbde7e-IGH.fasta 100%
73352 nt in 1814 seqs, min 13, max 63, avg 40
minseqlength 6: 1 sequence discarded.
Masking 100%
Sorting by length 100%
Counting k-mers 100%
Clustering 100%
Sorting clusters 100%
Writing clusters 100%
Clusters: 1366 Size min 1, max 37, avg 1.3
Singletons: 1188, 65.5% of seqs, 87.0% of clusters
Multiple alignments 100%
vsearch v2.30.0_linux_x86_64, 94.1GB RAM, 24 cores
https://github.com/torognes/vsearch

Reading file results/clustering/cdr/comp_VH_R3/cdr3_clusters/595b3d6e-a263-4d4d-a8f8-d654f9b0c558-IGH.fasta 100%
5724 nt in 138 seqs, min 8, max 66, avg 41
Masking 100%
Sorting by length 100%
Counting k-mers 100%
Clustering 100%
Sorting clusters 100%
Writing clusters 100%
Clusters: 125 Size min 1, max 5, avg 1.1
Singletons: 117, 84.8% of seqs, 93.6% of clusters
Multiple alignments 100%
vsearch v2.30.0_linux_x86_64, 94.1GB RAM, 24 cores
https://github.com/torognes/vsearch

Reading file results/clustering/cdr/comp_VH_R3/cdr3_clusters/916f8a25-70a4-4b99-9ca1-adc0bcacadcc-IGH.fasta 100%
1334 nt in 34 seqs, min 27, max 45, avg 39
Masking 100%
Sorting by length 100%
Counting k-mers 100%
Clustering 100%
Sorting clusters 100%
Writing clusters 100%
Clusters: 32 Size min 1, max 2, avg 1.1
Singletons: 30, 88.2% of seqs, 93.8% of clusters
Multiple alignments 100%
vsearch v2.30.0_linux_x86_64, 94.1GB RAM, 24 cores
https://github.com/torognes/vsearch

Reading file results/clustering/cdr/comp_VH_R3/cdr3_clusters/1b9c3fd0-954a-4800-9c09-01a49ae2d80e-IGH.fasta 100%
237 nt in 6 seqs, min 18, max 57, avg 40
Masking 100%
Sorting by length 100%
Counting k-mers 100%
Clustering 100%
Sorting clusters 100%
Writing clusters 100%
Clusters: 6 Size min 1, max 1, avg 1.0
Singletons: 6, 100.0% of seqs, 100.0% of clusters
Multiple alignments 100%
vsearch v2.30.0_linux_x86_64, 94.1GB RAM, 24 cores
https://github.com/torognes/vsearch

Reading file results/clustering/cdr/comp_VH_R3/cdr3_clusters/8a3e392c-9f0c-4bb0-b4d6-84dc7a5b731a-IGH.fasta 100%
771 nt in 21 seqs, min 30, max 42, avg 37
Masking 100%
Sorting by length 100%
Counting k-mers 100%
Clustering 100%
Sorting clusters 100%
Writing clusters 100%
Clusters: 14 Size min 1, max 5, avg 1.5
Singletons: 10, 47.6% of seqs, 71.4% of clusters
Multiple alignments 100%
vsearch v2.30.0_linux_x86_64, 94.1GB RAM, 24 cores
https://github.com/torognes/vsearch

Reading file results/clustering/cdr/comp_VH_R3/cdr3_clusters/5cfa3c3d-befb-4534-98be-d15b8173c1f6-IGH.fasta 100%
378 nt in 10 seqs, min 27, max 45, avg 38
Masking 100%
Sorting by length 100%
Counting k-mers 100%
Clustering 100%
Sorting clusters 100%
Writing clusters 100%
Clusters: 9 Size min 1, max 2, avg 1.1
Singletons: 8, 80.0% of seqs, 88.9% of clusters
Multiple alignments 100%
vsearch v2.30.0_linux_x86_64, 94.1GB RAM, 24 cores
https://github.com/torognes/vsearch

Reading file results/clustering/cdr/comp_VH_R3/cdr3_clusters/fb5eb813-9ad7-495c-b7ed-549bfa474e47-IGH.fasta 100%
2109 nt in 46 seqs, min 30, max 63, avg 46
Masking 100%
Sorting by length 100%
Counting k-mers 100%
Clustering 100%
Sorting clusters 100%
Writing clusters 100%
Clusters: 33 Size min 1, max 8, avg 1.4
Singletons: 30, 65.2% of seqs, 90.9% of clusters
Multiple alignments 100%
vsearch v2.30.0_linux_x86_64, 94.1GB RAM, 24 cores
https://github.com/torognes/vsearch

Reading file results/clustering/cdr/comp_VH_R3/cdr3_clusters/3ac3f1e6-8fd4-480e-93be-1cee8011e51b-IGH.fasta 100%
34769 nt in 898 seqs, min 15, max 75, avg 39
Masking 100%
Sorting by length 100%
Counting k-mers 100%
Clustering 100%
Sorting clusters 100%
Writing clusters 100%
Clusters: 757 Size min 1, max 32, avg 1.2
Singletons: 672, 74.8% of seqs, 88.8% of clusters
Multiple alignments 100%
vsearch v2.30.0_linux_x86_64, 94.1GB RAM, 24 cores
https://github.com/torognes/vsearch

Reading file results/clustering/cdr/comp_VH_R3/cdr3_clusters/9adb6485-fc63-4280-9376-05eee9084516-IGH.fasta 100%
315 nt in 9 seqs, min 27, max 39, avg 35
Masking 100%
Sorting by length 100%
Counting k-mers 100%
Clustering 100%
Sorting clusters 100%
Writing clusters 100%
Clusters: 9 Size min 1, max 1, avg 1.0
Singletons: 9, 100.0% of seqs, 100.0% of clusters
Multiple alignments 100%
vsearch v2.30.0_linux_x86_64, 94.1GB RAM, 24 cores
https://github.com/torognes/vsearch

Reading file results/clustering/cdr/comp_VH_R3/cdr3_clusters/6e03262d-0fbb-4ba4-b212-75398a5b6dac-IGH.fasta 100%
359 nt in 6 seqs, min 18, max 84, avg 60
minseqlength 6: 1 sequence discarded.
Masking 100%
Sorting by length 100%
Counting k-mers 100%
Clustering 100%
Sorting clusters 100%
Writing clusters 100%
Clusters: 6 Size min 1, max 1, avg 1.0
Singletons: 6, 100.0% of seqs, 100.0% of clusters
Multiple alignments 100%
vsearch v2.30.0_linux_x86_64, 94.1GB RAM, 24 cores
https://github.com/torognes/vsearch

Reading file results/clustering/cdr/comp_VH_R3/cdr3_clusters/54873e3b-17fd-4d81-9bd0-7eed43d0963c-IGH.fasta 100%
681 nt in 18 seqs, min 24, max 51, avg 38
Masking 100%
Sorting by length 100%
Counting k-mers 100%
Clustering 100%
Sorting clusters 100%
Writing clusters 100%
Clusters: 18 Size min 1, max 1, avg 1.0
Singletons: 18, 100.0% of seqs, 100.0% of clusters
Multiple alignments 100%
vsearch v2.30.0_linux_x86_64, 94.1GB RAM, 24 cores
https://github.com/torognes/vsearch

Reading file results/clustering/cdr/comp_VH_R3/cdr3_clusters/a65a4794-a0d4-4427-b8ae-962e5ef35f8a-IGH.fasta 100%
1440 nt in 42 seqs, min 18, max 48, avg 34
Masking 100%
Sorting by length 100%
Counting k-mers 100%
Clustering 100%
Sorting clusters 100%
Writing clusters 100%
Clusters: 29 Size min 1, max 6, avg 1.4
Singletons: 22, 52.4% of seqs, 75.9% of clusters
Multiple alignments 100%
vsearch v2.30.0_linux_x86_64, 94.1GB RAM, 24 cores
https://github.com/torognes/vsearch

Reading file results/clustering/cdr/comp_VH_R3/cdr3_clusters/6e774689-7693-4053-813a-5d9306f3cb4e-IGH.fasta 100%
459 nt in 12 seqs, min 30, max 42, avg 38
Masking 100%
Sorting by length 100%
Counting k-mers 100%
Clustering 100%
Sorting clusters 100%
Writing clusters 100%
Clusters: 11 Size min 1, max 2, avg 1.1
Singletons: 10, 83.3% of seqs, 90.9% of clusters
Multiple alignments 100%
vsearch v2.30.0_linux_x86_64, 94.1GB RAM, 24 cores
https://github.com/torognes/vsearch

Reading file results/clustering/cdr/comp_VH_R3/cdr3_clusters/756a65f3-9cb5-4907-88d2-24bad1672534-IGH.fasta 100%
7819 nt in 189 seqs, min 15, max 72, avg 41
minseqlength 6: 1 sequence discarded.
Masking 100%
Sorting by length 100%
Counting k-mers 100%
Clustering 100%
Sorting clusters 100%
Writing clusters 100%
Clusters: 162 Size min 1, max 8, avg 1.2
Singletons: 151, 79.9% of seqs, 93.2% of clusters
Multiple alignments 100%
vsearch v2.30.0_linux_x86_64, 94.1GB RAM, 24 cores
https://github.com/torognes/vsearch

Reading file results/clustering/cdr/comp_VH_R3/cdr3_clusters/0370f757-ec42-41a3-a757-93ba5bb6dc5a-IGH.fasta 100%
1272 nt in 36 seqs, min 27, max 36, avg 35
Masking 100%
Sorting by length 100%
Counting k-mers 100%
Clustering 100%
Sorting clusters 100%
Writing clusters 100%
Clusters: 20 Size min 1, max 10, avg 1.8
Singletons: 15, 41.7% of seqs, 75.0% of clusters
Multiple alignments 100%
vsearch v2.30.0_linux_x86_64, 94.1GB RAM, 24 cores
https://github.com/torognes/vsearch

Reading file results/clustering/cdr/comp_VH_R3/cdr3_clusters/980f2ec9-d51e-414c-9d1b-aad51a05e066-IGK.fasta 100%
0 nt in 0 seqs
minseqlength 6: 7 sequences discarded.
Masking 100%
Sorting by length 100%
Counting k-mers 100%
Clustering 100%
Sorting clusters 100%
Writing clusters 100%
Clusters: 0
Singletons: 0
Multiple alignments 100%
vsearch v2.30.0_linux_x86_64, 94.1GB RAM, 24 cores
https://github.com/torognes/vsearch

Reading file results/clustering/cdr/comp_VH_R3/cdr3_clusters/bac9bde4-e28b-4d31-bd71-a6ade72c23fa-IGH.fasta 100%
669 nt in 16 seqs, min 30, max 54, avg 42
Masking 100%
Sorting by length 100%
Counting k-mers 100%
Clustering 100%
Sorting clusters 100%
Writing clusters 100%
Clusters: 16 Size min 1, max 1, avg 1.0
Singletons: 16, 100.0% of seqs, 100.0% of clusters
Multiple alignments 100%
vsearch v2.30.0_linux_x86_64, 94.1GB RAM, 24 cores
https://github.com/torognes/vsearch

Reading file results/clustering/cdr/comp_VH_R3/cdr3_clusters/109ab2ae-91e0-466a-bf1e-0b5812e5fd20-IGH.fasta 100%
34754 nt in 979 seqs, min 15, max 54, avg 35
minseqlength 6: 14 sequences discarded.
Masking 100%
Sorting by length 100%
Counting k-mers 100%
Clustering 100%
Sorting clusters 100%
Writing clusters 100%
Clusters: 479 Size min 1, max 328, avg 2.0
Singletons: 406, 41.5% of seqs, 84.8% of clusters
Multiple alignments 100%
vsearch v2.30.0_linux_x86_64, 94.1GB RAM, 24 cores
https://github.com/torognes/vsearch

Reading file results/clustering/cdr/comp_VH_R3/cdr3_clusters/77f36056-dfbf-4294-b18a-a99d16b23e0a-IGH.fasta 100%
693 nt in 18 seqs, min 30, max 45, avg 38
Masking 100%
Sorting by length 100%
Counting k-mers 100%
Clustering 100%
Sorting clusters 100%
Writing clusters 100%
Clusters: 17 Size min 1, max 2, avg 1.1
Singletons: 16, 88.9% of seqs, 94.1% of clusters
Multiple alignments 100%
vsearch v2.30.0_linux_x86_64, 94.1GB RAM, 24 cores
https://github.com/torognes/vsearch

Reading file results/clustering/cdr/comp_VH_R3/cdr3_clusters/96784326-9d7e-4609-afdc-0021fdee6914-IGH.fasta 100%
1185 nt in 31 seqs, min 18, max 48, avg 38
Masking 100%
Sorting by length 100%
Counting k-mers 100%
Clustering 100%
Sorting clusters 100%
Writing clusters 100%
Clusters: 31 Size min 1, max 1, avg 1.0
Singletons: 31, 100.0% of seqs, 100.0% of clusters
Multiple alignments 100%
vsearch v2.30.0_linux_x86_64, 94.1GB RAM, 24 cores
https://github.com/torognes/vsearch

Reading file results/clustering/cdr/comp_VH_R3/cdr3_clusters/5740805a-24bb-4a52-933b-875c0c0a41c9-IGH.fasta 100%
249 nt in 7 seqs, min 30, max 42, avg 36
Masking 100%
Sorting by length 100%
Counting k-mers 100%
Clustering 100%
Sorting clusters 100%
Writing clusters 100%
Clusters: 7 Size min 1, max 1, avg 1.0
Singletons: 7, 100.0% of seqs, 100.0% of clusters
Multiple alignments 100%
vsearch v2.30.0_linux_x86_64, 94.1GB RAM, 24 cores
https://github.com/torognes/vsearch

Reading file results/clustering/cdr/comp_VH_R3/cdr3_clusters/8898a8c3-5b1f-46af-8b01-1528cb386999-IGH.fasta 100%
261 nt in 7 seqs, min 30, max 42, avg 37
Masking 100%
Sorting by length 100%
Counting k-mers 100%
Clustering 100%
Sorting clusters 100%
Writing clusters 100%
Clusters: 7 Size min 1, max 1, avg 1.0
Singletons: 7, 100.0% of seqs, 100.0% of clusters
Multiple alignments 100%
vsearch v2.30.0_linux_x86_64, 94.1GB RAM, 24 cores
https://github.com/torognes/vsearch

Reading file results/clustering/cdr/comp_VH_R3/cdr3_clusters/feb23d63-7340-4c72-9fa3-4ea0c50ceb28-IGH.fasta 100%
10705 nt in 254 seqs, min 24, max 57, avg 42
minseqlength 6: 1 sequence discarded.
Masking 100%
Sorting by length 100%
Counting k-mers 100%
Clustering 100%
Sorting clusters 100%
Writing clusters 100%
Clusters: 149 Size min 1, max 24, avg 1.7
Singletons: 120, 47.2% of seqs, 80.5% of clusters
Multiple alignments 100%
vsearch v2.30.0_linux_x86_64, 94.1GB RAM, 24 cores
https://github.com/torognes/vsearch

Reading file results/clustering/cdr/comp_VH_R3/cdr3_clusters/6d12607d-f3da-43ad-ae3b-f8d6566d3058-IGH.fasta 100%
108 nt in 6 seqs, min 18, max 18, avg 18
Masking 100%
Sorting by length 100%
Counting k-mers 100%
Clustering 100%
Sorting clusters 100%
Writing clusters 100%
Clusters: 5 Size min 1, max 2, avg 1.2
Singletons: 4, 66.7% of seqs, 80.0% of clusters
Multiple alignments 100%
vsearch v2.30.0_linux_x86_64, 94.1GB RAM, 24 cores
https://github.com/torognes/vsearch

Reading file results/clustering/cdr/comp_VH_R3/cdr3_clusters/11b15ba0-dfbd-4df6-9f61-8ce1cd15f88d-IGH.fasta 100%
42167 nt in 1094 seqs, min 15, max 57, avg 39
Masking 100%
Sorting by length 100%
Counting k-mers 100%
Clustering 100%
Sorting clusters 100%
Writing clusters 100%
Clusters: 853 Size min 1, max 72, avg 1.3
Singletons: 776, 70.9% of seqs, 91.0% of clusters
Multiple alignments 100%
vsearch v2.30.0_linux_x86_64, 94.1GB RAM, 24 cores
https://github.com/torognes/vsearch

Reading file results/clustering/cdr/comp_VH_R3/cdr3_clusters/09200c0e-fd26-4ca3-b575-9c5d59326be5-IGH.fasta 100%
132 nt in 5 seqs, min 24, max 30, avg 26
Masking 100%
Sorting by length 100%
Counting k-mers 100%
Clustering 100%
Sorting clusters 100%
Writing clusters 100%
Clusters: 5 Size min 1, max 1, avg 1.0
Singletons: 5, 100.0% of seqs, 100.0% of clusters
Multiple alignments 100%
vsearch v2.30.0_linux_x86_64, 94.1GB RAM, 24 cores
https://github.com/torognes/vsearch

Reading file results/clustering/cdr/comp_VH_R3/cdr3_clusters/ecdf592b-84a2-4a6a-a1a1-27785f8eace1-IGH.fasta 100%
294 nt in 6 seqs, min 48, max 54, avg 49
Masking 100%
Sorting by length 100%
Counting k-mers 100%
Clustering 100%
Sorting clusters 100%
Writing clusters 100%
Clusters: 4 Size min 1, max 3, avg 1.5
Singletons: 3, 50.0% of seqs, 75.0% of clusters
Multiple alignments 100%
vsearch v2.30.0_linux_x86_64, 94.1GB RAM, 24 cores
https://github.com/torognes/vsearch

Reading file results/clustering/cdr/comp_VH_R3/cdr3_clusters/2558eb96-7358-4b4c-9444-5cb6e9c1914f-IGK.fasta 100%
0 nt in 0 seqs
minseqlength 6: 7 sequences discarded.
Masking 100%
Sorting by length 100%
Counting k-mers 100%
Clustering 100%
Sorting clusters 100%
Writing clusters 100%
Clusters: 0
Singletons: 0
Multiple alignments 100%
vsearch v2.30.0_linux_x86_64, 94.1GB RAM, 24 cores
https://github.com/torognes/vsearch

Reading file results/clustering/cdr/comp_VH_R3/cdr3_clusters/96a19f43-21fa-486d-b646-0e1b29dbf6ba-IGH.fasta 100%
341 nt in 8 seqs, min 21, max 48, avg 43
Masking 100%
Sorting by length 100%
Counting k-mers 100%
Clustering 100%
Sorting clusters 100%
Writing clusters 100%
Clusters: 7 Size min 1, max 2, avg 1.1
Singletons: 6, 75.0% of seqs, 85.7% of clusters
Multiple alignments 100%
vsearch v2.30.0_linux_x86_64, 94.1GB RAM, 24 cores
https://github.com/torognes/vsearch

Reading file results/clustering/cdr/comp_VH_R3/cdr3_clusters/58e304d5-b3bb-46d0-b4fc-297ebf8c86cc-IGH.fasta 100%
306 nt in 8 seqs, min 18, max 48, avg 38
Masking 100%
Sorting by length 100%
Counting k-mers 100%
Clustering 100%
Sorting clusters 100%
Writing clusters 100%
Clusters: 8 Size min 1, max 1, avg 1.0
Singletons: 8, 100.0% of seqs, 100.0% of clusters
Multiple alignments 100%
vsearch v2.30.0_linux_x86_64, 94.1GB RAM, 24 cores
https://github.com/torognes/vsearch

Reading file results/clustering/cdr/comp_VH_R3/cdr3_clusters/77c7a880-f3da-4e47-aacb-6e3e23dee967-IGH.fasta 100%
542 nt in 14 seqs, min 18, max 48, avg 39
Masking 100%
Sorting by length 100%
Counting k-mers 100%
Clustering 100%
Sorting clusters 100%
Writing clusters 100%
Clusters: 13 Size min 1, max 2, avg 1.1
Singletons: 12, 85.7% of seqs, 92.3% of clusters
Multiple alignments 100%
vsearch v2.30.0_linux_x86_64, 94.1GB RAM, 24 cores
https://github.com/torognes/vsearch

Reading file results/clustering/cdr/comp_VH_R3/cdr3_clusters/d4d5e75f-0c94-4316-824b-23f8fe7335e2-IGH.fasta 100%
188 nt in 7 seqs, min 26, max 27, avg 27
Masking 100%
Sorting by length 100%
Counting k-mers 100%
Clustering 100%
Sorting clusters 100%
Writing clusters 100%
Clusters: 2 Size min 1, max 6, avg 3.5
Singletons: 1, 14.3% of seqs, 50.0% of clusters
Multiple alignments 100%
vsearch v2.30.0_linux_x86_64, 94.1GB RAM, 24 cores
https://github.com/torognes/vsearch

Reading file results/clustering/cdr/comp_VH_R3/cdr3_clusters/0091df42-16a2-4aea-94ad-2ed7ad78d135-IGH.fasta 100%
1335 nt in 25 seqs, min 45, max 57, avg 53
Masking 100%
Sorting by length 100%
Counting k-mers 100%
Clustering 100%
Sorting clusters 100%
Writing clusters 100%
Clusters: 20 Size min 1, max 5, avg 1.2
Singletons: 18, 72.0% of seqs, 90.0% of clusters
Multiple alignments 100%
vsearch v2.30.0_linux_x86_64, 94.1GB RAM, 24 cores
https://github.com/torognes/vsearch

Reading file results/clustering/cdr/comp_VH_R3/cdr3_clusters/792a4446-c0ef-451e-b77a-d5bb8ec626fe-IGH.fasta 100%
225 nt in 7 seqs, min 9, max 36, avg 32
Masking 100%
Sorting by length 100%
Counting k-mers 100%
Clustering 100%
Sorting clusters 100%
Writing clusters 100%
Clusters: 4 Size min 1, max 4, avg 1.8
Singletons: 3, 42.9% of seqs, 75.0% of clusters
Multiple alignments 100%
vsearch v2.30.0_linux_x86_64, 94.1GB RAM, 24 cores
https://github.com/torognes/vsearch

Reading file results/clustering/cdr/comp_VH_R3/cdr3_clusters/8151332b-81e2-4989-b0de-bbda61e7aa80-IGH.fasta 100%
2700 nt in 94 seqs, min 18, max 51, avg 29
minseqlength 6: 2 sequences discarded.
Masking 100%
Sorting by length 100%
Counting k-mers 100%
Clustering 100%
Sorting clusters 100%
Writing clusters 100%
Clusters: 76 Size min 1, max 8, avg 1.2
Singletons: 68, 72.3% of seqs, 89.5% of clusters
Multiple alignments 100%
vsearch v2.30.0_linux_x86_64, 94.1GB RAM, 24 cores
https://github.com/torognes/vsearch

Reading file results/clustering/cdr/comp_VH_R3/cdr3_clusters/a523e122-e0f6-46ff-be56-0d7d231b6023-IGH.fasta 100%
24719 nt in 569 seqs, min 15, max 63, avg 43
Masking 100%
Sorting by length 100%
Counting k-mers 100%
Clustering 100%
Sorting clusters 100%
Writing clusters 100%
Clusters: 430 Size min 1, max 9, avg 1.3
Singletons: 362, 63.6% of seqs, 84.2% of clusters
Multiple alignments 100%
vsearch v2.30.0_linux_x86_64, 94.1GB RAM, 24 cores
https://github.com/torognes/vsearch

Reading file results/clustering/cdr/comp_VH_R3/cdr3_clusters/0a4ca884-c57e-482d-8d7c-68c9e13275db-IGH.fasta 100%
276 nt in 6 seqs, min 36, max 51, avg 46
Masking 100%
Sorting by length 100%
Counting k-mers 100%
Clustering 100%
Sorting clusters 100%
Writing clusters 100%
Clusters: 5 Size min 1, max 2, avg 1.2
Singletons: 4, 66.7% of seqs, 80.0% of clusters
Multiple alignments 100%
vsearch v2.30.0_linux_x86_64, 94.1GB RAM, 24 cores
https://github.com/torognes/vsearch

Reading file results/clustering/cdr/comp_VH_R3/cdr3_clusters/778b773d-e5d0-4abd-86bd-5d4e1acecfbf-IGH.fasta 100%
330 nt in 10 seqs, min 18, max 42, avg 33
Masking 100%
Sorting by length 100%
Counting k-mers 100%
Clustering 100%
Sorting clusters 100%
Writing clusters 100%
Clusters: 10 Size min 1, max 1, avg 1.0
Singletons: 10, 100.0% of seqs, 100.0% of clusters
Multiple alignments 100%
vsearch v2.30.0_linux_x86_64, 94.1GB RAM, 24 cores
https://github.com/torognes/vsearch

Reading file results/clustering/cdr/comp_VH_R3/cdr3_clusters/7a8754e3-3645-426d-b0e7-9bc51a8f4256-IGH.fasta 100%
1989 nt in 57 seqs, min 18, max 42, avg 35
Masking 100%
Sorting by length 100%
Counting k-mers 100%
Clustering 100%
Sorting clusters 100%
Writing clusters 100%
Clusters: 49 Size min 1, max 4, avg 1.2
Singletons: 43, 75.4% of seqs, 87.8% of clusters
Multiple alignments 100%
vsearch v2.30.0_linux_x86_64, 94.1GB RAM, 24 cores
https://github.com/torognes/vsearch

Reading file results/clustering/cdr/comp_VH_R3/cdr3_clusters/1a57956c-d901-4849-9f33-172897b53b44-IGH.fasta 100%
789 nt in 20 seqs, min 9, max 63, avg 39
Masking 100%
Sorting by length 100%
Counting k-mers 100%
Clustering 100%
Sorting clusters 100%
Writing clusters 100%
Clusters: 20 Size min 1, max 1, avg 1.0
Singletons: 20, 100.0% of seqs, 100.0% of clusters
Multiple alignments 100%
vsearch v2.30.0_linux_x86_64, 94.1GB RAM, 24 cores
https://github.com/torognes/vsearch

Reading file results/clustering/cdr/comp_VH_R3/cdr3_clusters/7841815a-db38-4afb-ab8e-766ecd39513e-IGH.fasta 100%
147 nt in 5 seqs, min 21, max 33, avg 29
Masking 100%
Sorting by length 100%
Counting k-mers 100%
Clustering 100%
Sorting clusters 100%
Writing clusters 100%
Clusters: 5 Size min 1, max 1, avg 1.0
Singletons: 5, 100.0% of seqs, 100.0% of clusters
Multiple alignments 100%
vsearch v2.30.0_linux_x86_64, 94.1GB RAM, 24 cores
https://github.com/torognes/vsearch

Reading file results/clustering/cdr/comp_VH_R3/cdr3_clusters/27dedd83-340e-4a45-a7d5-6a01641baf54-IGH.fasta 100%
479 nt in 13 seqs, min 27, max 42, avg 37
Masking 100%
Sorting by length 100%
Counting k-mers 100%
Clustering 100%
Sorting clusters 100%
Writing clusters 100%
Clusters: 12 Size min 1, max 2, avg 1.1
Singletons: 11, 84.6% of seqs, 91.7% of clusters
Multiple alignments 100%
vsearch v2.30.0_linux_x86_64, 94.1GB RAM, 24 cores
https://github.com/torognes/vsearch

Reading file results/clustering/cdr/comp_VH_R3/cdr3_clusters/3aa960d8-d57a-4b7d-bcdf-f4a6c2b27a89-IGH.fasta 100%
455 nt in 12 seqs, min 30, max 48, avg 38
minseqlength 6: 1 sequence discarded.
Masking 100%
Sorting by length 100%
Counting k-mers 100%
Clustering 100%
Sorting clusters 100%
Writing clusters 100%
Clusters: 12 Size min 1, max 1, avg 1.0
Singletons: 12, 100.0% of seqs, 100.0% of clusters
Multiple alignments 100%
vsearch v2.30.0_linux_x86_64, 94.1GB RAM, 24 cores
https://github.com/torognes/vsearch

Reading file results/clustering/cdr/comp_VH_R3/cdr3_clusters/8337b3dc-8318-434e-88bd-549ade2486d0-IGH.fasta 100%
394 nt in 9 seqs, min 32, max 98, avg 44
Masking 100%
Sorting by length 100%
Counting k-mers 100%
Clustering 100%
Sorting clusters 100%
Writing clusters 100%
Clusters: 7 Size min 1, max 3, avg 1.3
Singletons: 6, 66.7% of seqs, 85.7% of clusters
Multiple alignments 100%
vsearch v2.30.0_linux_x86_64, 94.1GB RAM, 24 cores
https://github.com/torognes/vsearch

Reading file results/clustering/cdr/comp_VH_R3/cdr3_clusters/e39b75eb-ea4f-4759-bbd0-256b96c80dd2-IGH.fasta 100%
234 nt in 7 seqs, min 24, max 45, avg 33
Masking 100%
Sorting by length 100%
Counting k-mers 100%
Clustering 100%
Sorting clusters 100%
Writing clusters 100%
Clusters: 7 Size min 1, max 1, avg 1.0
Singletons: 7, 100.0% of seqs, 100.0% of clusters
Multiple alignments 100%
vsearch v2.30.0_linux_x86_64, 94.1GB RAM, 24 cores
https://github.com/torognes/vsearch

Reading file results/clustering/cdr/comp_VH_R3/cdr3_clusters/ef35183e-708d-4a7c-a47f-ea911a1b964d-IGH.fasta 100%
503 nt in 16 seqs, min 21, max 36, avg 31
Masking 100%
Sorting by length 100%
Counting k-mers 100%
Clustering 100%
Sorting clusters 100%
Writing clusters 100%
Clusters: 11 Size min 1, max 3, avg 1.5
Singletons: 8, 50.0% of seqs, 72.7% of clusters
Multiple alignments 100%
vsearch v2.30.0_linux_x86_64, 94.1GB RAM, 24 cores
https://github.com/torognes/vsearch

Reading file results/clustering/cdr/comp_VH_R3/cdr3_clusters/aab381c7-a584-4714-ba4f-07c856863de4-IGH.fasta 100%
1077 nt in 29 seqs, min 12, max 45, avg 37
Masking 100%
Sorting by length 100%
Counting k-mers 100%
Clustering 100%
Sorting clusters 100%
Writing clusters 100%
Clusters: 21 Size min 1, max 4, avg 1.4
Singletons: 17, 58.6% of seqs, 81.0% of clusters
Multiple alignments 100%
vsearch v2.30.0_linux_x86_64, 94.1GB RAM, 24 cores
https://github.com/torognes/vsearch

Reading file results/clustering/cdr/comp_VH_R3/cdr3_clusters/d317c679-6255-441f-b113-68ffa9c36d76-IGH.fasta 100%
840 nt in 24 seqs, min 24, max 42, avg 35
Masking 100%
Sorting by length 100%
Counting k-mers 100%
Clustering 100%
Sorting clusters 100%
Writing clusters 100%
Clusters: 23 Size min 1, max 2, avg 1.0
Singletons: 22, 91.7% of seqs, 95.7% of clusters
Multiple alignments 100%
vsearch v2.30.0_linux_x86_64, 94.1GB RAM, 24 cores
https://github.com/torognes/vsearch

Reading file results/clustering/cdr/comp_VH_R3/cdr3_clusters/4cb70444-e70f-4169-a255-0d12d6368437-IGH.fasta 100%
168 nt in 5 seqs, min 27, max 39, avg 34
Masking 100%
Sorting by length 100%
Counting k-mers 100%
Clustering 100%
Sorting clusters 100%
Writing clusters 100%
Clusters: 5 Size min 1, max 1, avg 1.0
Singletons: 5, 100.0% of seqs, 100.0% of clusters
Multiple alignments 100%
vsearch v2.30.0_linux_x86_64, 94.1GB RAM, 24 cores
https://github.com/torognes/vsearch

Reading file results/clustering/cdr/comp_VH_R3/cdr3_clusters/2ab320f4-de01-4e9d-a4de-4d31ea833f15-IGH.fasta 100%
1731 nt in 44 seqs, min 21, max 51, avg 39
Masking 100%
Sorting by length 100%
Counting k-mers 100%
Clustering 100%
Sorting clusters 100%
Writing clusters 100%
Clusters: 43 Size min 1, max 2, avg 1.0
Singletons: 42, 95.5% of seqs, 97.7% of clusters
Multiple alignments 100%
vsearch v2.30.0_linux_x86_64, 94.1GB RAM, 24 cores
https://github.com/torognes/vsearch

Reading file results/clustering/cdr/comp_VH_R3/cdr3_clusters/ff20e049-1d84-4217-a4a5-ad0079f1ebc9-IGH.fasta 100%
323 nt in 8 seqs, min 18, max 45, avg 40
Masking 100%
Sorting by length 100%
Counting k-mers 100%
Clustering 100%
Sorting clusters 100%
Writing clusters 100%
Clusters: 7 Size min 1, max 2, avg 1.1
Singletons: 6, 75.0% of seqs, 85.7% of clusters
Multiple alignments 100%
vsearch v2.30.0_linux_x86_64, 94.1GB RAM, 24 cores
https://github.com/torognes/vsearch

Reading file results/clustering/cdr/comp_VH_R3/cdr3_clusters/a781ee38-ed91-4d86-aa7c-935bd597fe72-IGH.fasta 100%
462 nt in 12 seqs, min 30, max 42, avg 38
Masking 100%
Sorting by length 100%
Counting k-mers 100%
Clustering 100%
Sorting clusters 100%
Writing clusters 100%
Clusters: 9 Size min 1, max 2, avg 1.3
Singletons: 6, 50.0% of seqs, 66.7% of clusters
Multiple alignments 100%
vsearch v2.30.0_linux_x86_64, 94.1GB RAM, 24 cores
https://github.com/torognes/vsearch

Reading file results/clustering/cdr/comp_VH_R3/cdr3_clusters/29718333-07df-4564-8e32-0026a6a9c92b-IGH.fasta 100%
739 nt in 19 seqs, min 24, max 97, avg 39
Masking 100%
Sorting by length 100%
Counting k-mers 100%
Clustering 100%
Sorting clusters 100%
Writing clusters 100%
Clusters: 19 Size min 1, max 1, avg 1.0
Singletons: 19, 100.0% of seqs, 100.0% of clusters
Multiple alignments 100%
vsearch v2.30.0_linux_x86_64, 94.1GB RAM, 24 cores
https://github.com/torognes/vsearch

Reading file results/clustering/cdr/comp_VH_R3/cdr3_clusters/416097c4-8b44-41b1-8fe1-1a5859fabfad-IGH.fasta 100%
1158 nt in 25 seqs, min 30, max 60, avg 46
Masking 100%
Sorting by length 100%
Counting k-mers 100%
Clustering 100%
Sorting clusters 100%
Writing clusters 100%
Clusters: 23 Size min 1, max 2, avg 1.1
Singletons: 21, 84.0% of seqs, 91.3% of clusters
Multiple alignments 100%
vsearch v2.30.0_linux_x86_64, 94.1GB RAM, 24 cores
https://github.com/torognes/vsearch

Reading file results/clustering/cdr/comp_VH_R3/cdr3_clusters/18287665-8d02-4fb6-a98f-8c7e3e7dd4d1-IGH.fasta 100%
9717 nt in 251 seqs, min 18, max 57, avg 39
Masking 100%
Sorting by length 100%
Counting k-mers 100%
Clustering 100%
Sorting clusters 100%
Writing clusters 100%
Clusters: 213 Size min 1, max 11, avg 1.2
Singletons: 198, 78.9% of seqs, 93.0% of clusters
Multiple alignments 100%
vsearch v2.30.0_linux_x86_64, 94.1GB RAM, 24 cores
https://github.com/torognes/vsearch

Reading file results/clustering/cdr/comp_VH_R3/cdr3_clusters/983bf01a-fffa-4d6a-bde4-85fc11016742-IGH.fasta 100%
951 nt in 23 seqs, min 21, max 51, avg 41
Masking 100%
Sorting by length 100%
Counting k-mers 100%
Clustering 100%
Sorting clusters 100%
Writing clusters 100%
Clusters: 21 Size min 1, max 2, avg 1.1
Singletons: 19, 82.6% of seqs, 90.5% of clusters
Multiple alignments 100%
vsearch v2.30.0_linux_x86_64, 94.1GB RAM, 24 cores
https://github.com/torognes/vsearch

Reading file results/clustering/cdr/comp_VH_R3/cdr3_clusters/4a94b9e4-1657-4631-96bc-a8aa73463623-IGH.fasta 100%
825 nt in 18 seqs, min 18, max 57, avg 46
Masking 100%
Sorting by length 100%
Counting k-mers 100%
Clustering 100%
Sorting clusters 100%
Writing clusters 100%
Clusters: 17 Size min 1, max 2, avg 1.1
Singletons: 16, 88.9% of seqs, 94.1% of clusters
Multiple alignments 100%
vsearch v2.30.0_linux_x86_64, 94.1GB RAM, 24 cores
https://github.com/torognes/vsearch

Reading file results/clustering/cdr/comp_VH_R3/cdr3_clusters/1ccee53e-bee9-4c8e-b32f-120542701463-IGH.fasta 100%
348 nt in 7 seqs, min 27, max 54, avg 50
Masking 100%
Sorting by length 100%
Counting k-mers 100%
Clustering 100%
Sorting clusters 100%
Writing clusters 100%
Clusters: 5 Size min 1, max 3, avg 1.4
Singletons: 4, 57.1% of seqs, 80.0% of clusters
Multiple alignments 100%
vsearch v2.30.0_linux_x86_64, 94.1GB RAM, 24 cores
https://github.com/torognes/vsearch

Reading file results/clustering/cdr/comp_VH_R3/cdr3_clusters/876ad5de-bc67-4297-aba0-56b1c26129de-IGH.fasta 100%
201 nt in 5 seqs, min 30, max 45, avg 40
Masking 100%
Sorting by length 100%
Counting k-mers 100%
Clustering 100%
Sorting clusters 100%
Writing clusters 100%
Clusters: 4 Size min 1, max 2, avg 1.2
Singletons: 3, 60.0% of seqs, 75.0% of clusters
Multiple alignments 100%
vsearch v2.30.0_linux_x86_64, 94.1GB RAM, 24 cores
https://github.com/torognes/vsearch

Reading file results/clustering/cdr/comp_VH_R3/cdr3_clusters/c9e75aeb-c2e5-4a37-a970-daad1f13dd7c-IGH.fasta 100%
294 nt in 7 seqs, min 24, max 57, avg 42
Masking 100%
Sorting by length 100%
Counting k-mers 100%
Clustering 100%
Sorting clusters 100%
Writing clusters 100%
Clusters: 7 Size min 1, max 1, avg 1.0
Singletons: 7, 100.0% of seqs, 100.0% of clusters
Multiple alignments 100%
vsearch v2.30.0_linux_x86_64, 94.1GB RAM, 24 cores
https://github.com/torognes/vsearch

Reading file results/clustering/cdr/comp_VH_R3/cdr3_clusters/01fee9cd-3534-4dc2-82d4-57bd5165cb11-IGH.fasta 100%
126809 nt in 3190 seqs, min 15, max 63, avg 40
Masking 100%
Sorting by length 100%
Counting k-mers 100%
Clustering 100%
Sorting clusters 100%
Writing clusters 100%
Clusters: 2316 Size min 1, max 29, avg 1.4
Singletons: 1945, 61.0% of seqs, 84.0% of clusters
Multiple alignments 100%
vsearch v2.30.0_linux_x86_64, 94.1GB RAM, 24 cores
https://github.com/torognes/vsearch

Reading file results/clustering/cdr/comp_VH_R3/cdr3_clusters/2b159637-ef72-4561-a823-140533152a8f-IGH.fasta 100%
267 nt in 7 seqs, min 27, max 45, avg 38
Masking 100%
Sorting by length 100%
Counting k-mers 100%
Clustering 100%
Sorting clusters 100%
Writing clusters 100%
Clusters: 7 Size min 1, max 1, avg 1.0
Singletons: 7, 100.0% of seqs, 100.0% of clusters
Multiple alignments 100%
vsearch v2.30.0_linux_x86_64, 94.1GB RAM, 24 cores
https://github.com/torognes/vsearch

Reading file results/clustering/cdr/comp_VH_R3/cdr3_clusters/842468d9-66fa-4d8a-964b-8ea52116f3b0-IGH.fasta 100%
234 nt in 5 seqs, min 39, max 57, avg 47
Masking 100%
Sorting by length 100%
Counting k-mers 100%
Clustering 100%
Sorting clusters 100%
Writing clusters 100%
Clusters: 5 Size min 1, max 1, avg 1.0
Singletons: 5, 100.0% of seqs, 100.0% of clusters
Multiple alignments 100%
vsearch v2.30.0_linux_x86_64, 94.1GB RAM, 24 cores
https://github.com/torognes/vsearch

Reading file results/clustering/cdr/comp_VH_R3/cdr3_clusters/2d2670c8-bcff-4312-ba23-52efdc8188a4-IGH.fasta 100%
234 nt in 6 seqs, min 30, max 48, avg 39
Masking 100%
Sorting by length 100%
Counting k-mers 100%
Clustering 100%
Sorting clusters 100%
Writing clusters 100%
Clusters: 6 Size min 1, max 1, avg 1.0
Singletons: 6, 100.0% of seqs, 100.0% of clusters
Multiple alignments 100%
vsearch v2.30.0_linux_x86_64, 94.1GB RAM, 24 cores
https://github.com/torognes/vsearch

Reading file results/clustering/cdr/comp_VH_R3/cdr3_clusters/040b74ac-025c-4cc0-8e6c-28574e772a23-IGH.fasta 100%
320 nt in 10 seqs, min 23, max 36, avg 32
Masking 100%
Sorting by length 100%
Counting k-mers 100%
Clustering 100%
Sorting clusters 100%
Writing clusters 100%
Clusters: 9 Size min 1, max 2, avg 1.1
Singletons: 8, 80.0% of seqs, 88.9% of clusters
Multiple alignments 100%
vsearch v2.30.0_linux_x86_64, 94.1GB RAM, 24 cores
https://github.com/torognes/vsearch

Reading file results/clustering/cdr/comp_VH_R3/cdr3_clusters/4b64f61d-8121-4459-9d39-837a2c0fd458-IGH.fasta 100%
3132 nt in 81 seqs, min 15, max 51, avg 39
Masking 100%
Sorting by length 100%
Counting k-mers 100%
Clustering 100%
Sorting clusters 100%
Writing clusters 100%
Clusters: 67 Size min 1, max 4, avg 1.2
Singletons: 58, 71.6% of seqs, 86.6% of clusters
Multiple alignments 100%
vsearch v2.30.0_linux_x86_64, 94.1GB RAM, 24 cores
https://github.com/torognes/vsearch

Reading file results/clustering/cdr/comp_VH_R3/cdr3_clusters/bff64077-c49c-4cbb-8742-75a134e7a1e1-IGH.fasta 100%
1704 nt in 40 seqs, min 18, max 54, avg 43
Masking 100%
Sorting by length 100%
Counting k-mers 100%
Clustering 100%
Sorting clusters 100%
Writing clusters 100%
Clusters: 38 Size min 1, max 2, avg 1.1
Singletons: 36, 90.0% of seqs, 94.7% of clusters
Multiple alignments 100%
vsearch v2.30.0_linux_x86_64, 94.1GB RAM, 24 cores
https://github.com/torognes/vsearch

Reading file results/clustering/cdr/comp_VH_R3/cdr3_clusters/9029636c-6962-41a9-939b-184c141daf13-IGH.fasta 100%
144 nt in 6 seqs, min 24, max 24, avg 24
Masking 100%
Sorting by length 100%
Counting k-mers 100%
Clustering 100%
Sorting clusters 100%
Writing clusters 100%
Clusters: 3 Size min 1, max 4, avg 2.0
Singletons: 2, 33.3% of seqs, 66.7% of clusters
Multiple alignments 100%
vsearch v2.30.0_linux_x86_64, 94.1GB RAM, 24 cores
https://github.com/torognes/vsearch

Reading file results/clustering/cdr/comp_VH_R3/cdr3_clusters/b5cd21e2-1e20-4e3e-a8c0-57f8611aed5a-IGH.fasta 100%
7843 nt in 225 seqs, min 15, max 48, avg 35
Masking 100%
Sorting by length 100%
Counting k-mers 100%
Clustering 100%
Sorting clusters 100%
Writing clusters 100%
Clusters: 180 Size min 1, max 22, avg 1.2
Singletons: 160, 71.1% of seqs, 88.9% of clusters
Multiple alignments 100%
vsearch v2.30.0_linux_x86_64, 94.1GB RAM, 24 cores
https://github.com/torognes/vsearch

Reading file results/clustering/cdr/comp_VH_R3/cdr3_clusters/0ff4abd4-f5d4-4e62-a2b9-83a73d21361d-IGH.fasta 100%
195 nt in 5 seqs, min 36, max 42, avg 39
Masking 100%
Sorting by length 100%
Counting k-mers 100%
Clustering 100%
Sorting clusters 100%
Writing clusters 100%
Clusters: 5 Size min 1, max 1, avg 1.0
Singletons: 5, 100.0% of seqs, 100.0% of clusters
Multiple alignments 100%
vsearch v2.30.0_linux_x86_64, 94.1GB RAM, 24 cores
https://github.com/torognes/vsearch

Reading file results/clustering/cdr/comp_VH_R3/cdr3_clusters/30ed6641-3004-4763-a7a3-23a519a3453d-IGH.fasta 100%
507 nt in 15 seqs, min 21, max 36, avg 34
Masking 100%
Sorting by length 100%
Counting k-mers 100%
Clustering 100%
Sorting clusters 100%
Writing clusters 100%
Clusters: 10 Size min 1, max 5, avg 1.5
Singletons: 8, 53.3% of seqs, 80.0% of clusters
Multiple alignments 100%
vsearch v2.30.0_linux_x86_64, 94.1GB RAM, 24 cores
https://github.com/torognes/vsearch

Reading file results/clustering/cdr/comp_VH_R3/cdr3_clusters/c2f66774-9682-4f3e-a8f0-e1371b69f4d7-IGH.fasta 100%
372 nt in 16 seqs, min 18, max 27, avg 23
minseqlength 6: 2 sequences discarded.
Masking 100%
Sorting by length 100%
Counting k-mers 100%
Clustering 100%
Sorting clusters 100%
Writing clusters 100%
Clusters: 7 Size min 1, max 10, avg 2.3
Singletons: 6, 37.5% of seqs, 85.7% of clusters
Multiple alignments 100%
vsearch v2.30.0_linux_x86_64, 94.1GB RAM, 24 cores
https://github.com/torognes/vsearch

Reading file results/clustering/cdr/comp_VH_R3/cdr3_clusters/3037ad87-f111-4343-8b11-486dd2f7170d-IGH.fasta 100%
3289 nt in 100 seqs, min 15, max 45, avg 33
Masking 100%
Sorting by length 100%
Counting k-mers 100%
Clustering 100%
Sorting clusters 100%
Writing clusters 100%
Clusters: 91 Size min 1, max 3, avg 1.1
Singletons: 84, 84.0% of seqs, 92.3% of clusters
Multiple alignments 100%
vsearch v2.30.0_linux_x86_64, 94.1GB RAM, 24 cores
https://github.com/torognes/vsearch

Reading file results/clustering/cdr/comp_VH_R3/cdr3_clusters/bfc6781d-972d-41a1-bef3-d263375e8e9f-IGH.fasta 100%
258 nt in 9 seqs, min 24, max 33, avg 29
Masking 100%
Sorting by length 100%
Counting k-mers 100%
Clustering 100%
Sorting clusters 100%
Writing clusters 100%
Clusters: 9 Size min 1, max 1, avg 1.0
Singletons: 9, 100.0% of seqs, 100.0% of clusters
Multiple alignments 100%
vsearch v2.30.0_linux_x86_64, 94.1GB RAM, 24 cores
https://github.com/torognes/vsearch

Reading file results/clustering/cdr/comp_VH_R3/cdr3_clusters/b36deb62-9ae4-4da2-880c-e8d3d0aff2f3-IGH.fasta 100%
825 nt in 29 seqs, min 15, max 36, avg 28
Masking 100%
Sorting by length 100%
Counting k-mers 100%
Clustering 100%
Sorting clusters 100%
Writing clusters 100%
Clusters: 28 Size min 1, max 2, avg 1.0
Singletons: 27, 93.1% of seqs, 96.4% of clusters
Multiple alignments 100%
vsearch v2.30.0_linux_x86_64, 94.1GB RAM, 24 cores
https://github.com/torognes/vsearch

Reading file results/clustering/cdr/comp_VH_R3/cdr3_clusters/d619ee09-7b6f-4896-ba53-171ff47da0e8-IGH.fasta 100%
324 nt in 9 seqs, min 30, max 42, avg 36
Masking 100%
Sorting by length 100%
Counting k-mers 100%
Clustering 100%
Sorting clusters 100%
Writing clusters 100%
Clusters: 6 Size min 1, max 3, avg 1.5
Singletons: 4, 44.4% of seqs, 66.7% of clusters
Multiple alignments 100%
vsearch v2.30.0_linux_x86_64, 94.1GB RAM, 24 cores
https://github.com/torognes/vsearch

Reading file results/clustering/cdr/comp_VH_R3/cdr3_clusters/bd613003-3f52-4b89-90cf-f0797ab4e799-IGH.fasta 100%
216 nt in 7 seqs, min 24, max 36, avg 31
Masking 100%
Sorting by length 100%
Counting k-mers 100%
Clustering 100%
Sorting clusters 100%
Writing clusters 100%
Clusters: 7 Size min 1, max 1, avg 1.0
Singletons: 7, 100.0% of seqs, 100.0% of clusters
Multiple alignments 100%
vsearch v2.30.0_linux_x86_64, 94.1GB RAM, 24 cores
https://github.com/torognes/vsearch

Reading file results/clustering/cdr/comp_VH_R3/cdr3_clusters/6b9294ff-1e29-4867-88f5-d44791313271-IGH.fasta 100%
0 nt in 0 seqs
minseqlength 6: 5 sequences discarded.
Masking 100%
Sorting by length 100%
Counting k-mers 100%
Clustering 100%
Sorting clusters 100%
Writing clusters 100%
Clusters: 0
Singletons: 0
Multiple alignments 100%
vsearch v2.30.0_linux_x86_64, 94.1GB RAM, 24 cores
https://github.com/torognes/vsearch

Reading file results/clustering/cdr/comp_VH_R3/cdr3_clusters/4527e028-4ed6-44ba-842b-21b8a34460c7-IGH.fasta 100%
165 nt in 5 seqs, min 27, max 36, avg 33
Masking 100%
Sorting by length 100%
Counting k-mers 100%
Clustering 100%
Sorting clusters 100%
Writing clusters 100%
Clusters: 4 Size min 1, max 2, avg 1.2
Singletons: 3, 60.0% of seqs, 75.0% of clusters
Multiple alignments 100%
vsearch v2.30.0_linux_x86_64, 94.1GB RAM, 24 cores
https://github.com/torognes/vsearch

Reading file results/clustering/cdr/comp_VH_R3/cdr3_clusters/cf966051-4c45-4d28-96aa-6a8583365b7f-IGH.fasta 100%
231 nt in 7 seqs, min 24, max 36, avg 33
Masking 100%
Sorting by length 100%
Counting k-mers 100%
Clustering 100%
Sorting clusters 100%
Writing clusters 100%
Clusters: 7 Size min 1, max 1, avg 1.0
Singletons: 7, 100.0% of seqs, 100.0% of clusters
Multiple alignments 100%
vsearch v2.30.0_linux_x86_64, 94.1GB RAM, 24 cores
https://github.com/torognes/vsearch

Reading file results/clustering/cdr/comp_VH_R3/cdr3_clusters/5f6d9cfd-0e84-4e5f-9774-4a8b42cb081f-IGH.fasta 100%
336 nt in 8 seqs, min 30, max 45, avg 42
Masking 100%
Sorting by length 100%
Counting k-mers 100%
Clustering 100%
Sorting clusters 100%
Writing clusters 100%
Clusters: 5 Size min 1, max 4, avg 1.6
Singletons: 4, 50.0% of seqs, 80.0% of clusters
Multiple alignments 100%
vsearch v2.30.0_linux_x86_64, 94.1GB RAM, 24 cores
https://github.com/torognes/vsearch

Reading file results/clustering/cdr/comp_VH_R3/cdr3_clusters/5f2a1f0e-e3be-4d27-8bdb-626dd0514ef6-IGH.fasta 100%
189990 nt in 4778 seqs, min 15, max 72, avg 40
minseqlength 6: 4 sequences discarded.
Masking 100%
Sorting by length 100%
Counting k-mers 100%
Clustering 100%
Sorting clusters 100%
Writing clusters 100%
Clusters: 3253 Size min 1, max 114, avg 1.5
Singletons: 2738, 57.3% of seqs, 84.2% of clusters
Multiple alignments 100%
vsearch v2.30.0_linux_x86_64, 94.1GB RAM, 24 cores
https://github.com/torognes/vsearch

Reading file results/clustering/cdr/comp_VH_R3/cdr3_clusters/1cd0502b-2dda-4e52-a8c0-fbb9ad853530-IGH.fasta 100%
1080 nt in 24 seqs, min 33, max 57, avg 45
Masking 100%
Sorting by length 100%
Counting k-mers 100%
Clustering 100%
Sorting clusters 100%
Writing clusters 100%
Clusters: 21 Size min 1, max 2, avg 1.1
Singletons: 18, 75.0% of seqs, 85.7% of clusters
Multiple alignments 100%
vsearch v2.30.0_linux_x86_64, 94.1GB RAM, 24 cores
https://github.com/torognes/vsearch

Reading file results/clustering/cdr/comp_VH_R3/cdr3_clusters/a2b45002-73b2-4c30-b120-a297e2f338b1-IGH.fasta 100%
3020 nt in 76 seqs, min 17, max 54, avg 40
Masking 100%
Sorting by length 100%
Counting k-mers 100%
Clustering 100%
Sorting clusters 100%
Writing clusters 100%
Clusters: 71 Size min 1, max 2, avg 1.1
Singletons: 66, 86.8% of seqs, 93.0% of clusters
Multiple alignments 100%
vsearch v2.30.0_linux_x86_64, 94.1GB RAM, 24 cores
https://github.com/torognes/vsearch

Reading file results/clustering/cdr/comp_VH_R3/cdr3_clusters/dcf7b736-2698-42f8-bbff-624e7dc48bc2-IGH.fasta 100%
327 nt in 10 seqs, min 30, max 45, avg 33
Masking 100%
Sorting by length 100%
Counting k-mers 100%
Clustering 100%
Sorting clusters 100%
Writing clusters 100%
Clusters: 9 Size min 1, max 2, avg 1.1
Singletons: 8, 80.0% of seqs, 88.9% of clusters
Multiple alignments 100%
vsearch v2.30.0_linux_x86_64, 94.1GB RAM, 24 cores
https://github.com/torognes/vsearch

Reading file results/clustering/cdr/comp_VH_R3/cdr3_clusters/46e0d929-f0b3-491b-8818-f6b43129d9ea-IGH.fasta 100%
459 nt in 16 seqs, min 18, max 36, avg 29
Masking 100%
Sorting by length 100%
Counting k-mers 100%
Clustering 100%
Sorting clusters 100%
Writing clusters 100%
Clusters: 16 Size min 1, max 1, avg 1.0
Singletons: 16, 100.0% of seqs, 100.0% of clusters
Multiple alignments 100%
vsearch v2.30.0_linux_x86_64, 94.1GB RAM, 24 cores
https://github.com/torognes/vsearch

Reading file results/clustering/cdr/comp_VH_R3/cdr3_clusters/c561ab4b-ab3d-498c-8edf-ed06ef716ad9-IGH.fasta 100%
342 nt in 9 seqs, min 21, max 66, avg 38
Masking 100%
Sorting by length 100%
Counting k-mers 100%
Clustering 100%
Sorting clusters 100%
Writing clusters 100%
Clusters: 4 Size min 1, max 4, avg 2.2
Singletons: 2, 22.2% of seqs, 50.0% of clusters
Multiple alignments 100%
vsearch v2.30.0_linux_x86_64, 94.1GB RAM, 24 cores
https://github.com/torognes/vsearch

Reading file results/clustering/cdr/comp_VH_R3/cdr3_clusters/cb72c910-155c-48bd-9a15-17910b09c834-IGH.fasta 100%
549 nt in 18 seqs, min 15, max 45, avg 30
minseqlength 6: 1 sequence discarded.
Masking 100%
Sorting by length 100%
Counting k-mers 100%
Clustering 100%
Sorting clusters 100%
Writing clusters 100%
Clusters: 18 Size min 1, max 1, avg 1.0
Singletons: 18, 100.0% of seqs, 100.0% of clusters
Multiple alignments 100%
vsearch v2.30.0_linux_x86_64, 94.1GB RAM, 24 cores
https://github.com/torognes/vsearch

Reading file results/clustering/cdr/comp_VH_R3/cdr3_clusters/e9f63116-770a-41a3-b5f1-2a6092d519b6-IGH.fasta 100%
1424 nt in 37 seqs, min 24, max 48, avg 38
Masking 100%
Sorting by length 100%
Counting k-mers 100%
Clustering 100%
Sorting clusters 100%
Writing clusters 100%
Clusters: 33 Size min 1, max 4, avg 1.1
Singletons: 31, 83.8% of seqs, 93.9% of clusters
Multiple alignments 100%
vsearch v2.30.0_linux_x86_64, 94.1GB RAM, 24 cores
https://github.com/torognes/vsearch

Reading file results/clustering/cdr/comp_VH_R3/cdr3_clusters/66c3d273-36c8-4f57-a714-d807776e561b-IGH.fasta 100%
444 nt in 6 seqs, min 72, max 84, avg 74
Masking 100%
Sorting by length 100%
Counting k-mers 100%
Clustering 100%
Sorting clusters 100%
Writing clusters 100%
Clusters: 2 Size min 1, max 5, avg 3.0
Singletons: 1, 16.7% of seqs, 50.0% of clusters
Multiple alignments 100%
vsearch v2.30.0_linux_x86_64, 94.1GB RAM, 24 cores
https://github.com/torognes/vsearch

Reading file results/clustering/cdr/comp_VH_R3/cdr3_clusters/d349b55f-3406-44a7-b613-f18709931ebc-IGH.fasta 100%
156 nt in 5 seqs, min 18, max 36, avg 31
Masking 100%
Sorting by length 100%
Counting k-mers 100%
Clustering 100%
Sorting clusters 100%
Writing clusters 100%
Clusters: 5 Size min 1, max 1, avg 1.0
Singletons: 5, 100.0% of seqs, 100.0% of clusters
Multiple alignments 100%
vsearch v2.30.0_linux_x86_64, 94.1GB RAM, 24 cores
https://github.com/torognes/vsearch

Reading file results/clustering/cdr/comp_VH_R3/cdr3_clusters/a67433d5-30de-4a39-a425-b5e5f14595a9-IGH.fasta 100%
981 nt in 31 seqs, min 18, max 39, avg 32
Masking 100%
Sorting by length 100%
Counting k-mers 100%
Clustering 100%
Sorting clusters 100%
Writing clusters 100%
Clusters: 30 Size min 1, max 2, avg 1.0
Singletons: 29, 93.5% of seqs, 96.7% of clusters
Multiple alignments 100%
vsearch v2.30.0_linux_x86_64, 94.1GB RAM, 24 cores
https://github.com/torognes/vsearch

Reading file results/clustering/cdr/comp_VH_R3/cdr3_clusters/6a4c7902-d3db-4dfe-934f-df2e81734922-IGH.fasta 100%
683 nt in 15 seqs, min 18, max 74, avg 46
Masking 100%
Sorting by length 100%
Counting k-mers 100%
Clustering 100%
Sorting clusters 100%
Writing clusters 100%
Clusters: 14 Size min 1, max 2, avg 1.1
Singletons: 13, 86.7% of seqs, 92.9% of clusters
Multiple alignments 100%
vsearch v2.30.0_linux_x86_64, 94.1GB RAM, 24 cores
https://github.com/torognes/vsearch

Reading file results/clustering/cdr/comp_VH_R3/cdr3_clusters/6f720103-5666-413f-b83e-7c3e09fe4fd8-IGH.fasta 100%
756 nt in 18 seqs, min 24, max 48, avg 42
Masking 100%
Sorting by length 100%
Counting k-mers 100%
Clustering 100%
Sorting clusters 100%
Writing clusters 100%
Clusters: 16 Size min 1, max 2, avg 1.1
Singletons: 14, 77.8% of seqs, 87.5% of clusters
Multiple alignments 100%
vsearch v2.30.0_linux_x86_64, 94.1GB RAM, 24 cores
https://github.com/torognes/vsearch

Reading file results/clustering/cdr/comp_VH_R3/cdr3_clusters/d142103c-d337-4491-af3e-b0f5044488c4-IGH.fasta 100%
1145 nt in 33 seqs, min 18, max 74, avg 35
Masking 100%
Sorting by length 100%
Counting k-mers 100%
Clustering 100%
Sorting clusters 100%
Writing clusters 100%
Clusters: 32 Size min 1, max 2, avg 1.0
Singletons: 31, 93.9% of seqs, 96.9% of clusters
Multiple alignments 100%
vsearch v2.30.0_linux_x86_64, 94.1GB RAM, 24 cores
https://github.com/torognes/vsearch

Reading file results/clustering/cdr/comp_VH_R3/cdr3_clusters/6ba48a15-d67f-4115-b45b-15140fe66ab6-IGH.fasta 100%
465 nt in 12 seqs, min 24, max 51, avg 39
Masking 100%
Sorting by length 100%
Counting k-mers 100%
Clustering 100%
Sorting clusters 100%
Writing clusters 100%
Clusters: 12 Size min 1, max 1, avg 1.0
Singletons: 12, 100.0% of seqs, 100.0% of clusters
Multiple alignments 100%
vsearch v2.30.0_linux_x86_64, 94.1GB RAM, 24 cores
https://github.com/torognes/vsearch

Reading file results/clustering/cdr/comp_VH_R3/cdr3_clusters/39ced92a-ab96-47c4-84f1-4a19ca2deedf-IGH.fasta 100%
614 nt in 19 seqs, min 18, max 39, avg 32
Masking 100%
Sorting by length 100%
Counting k-mers 100%
Clustering 100%
Sorting clusters 100%
Writing clusters 100%
Clusters: 19 Size min 1, max 1, avg 1.0
Singletons: 19, 100.0% of seqs, 100.0% of clusters
Multiple alignments 100%
vsearch v2.30.0_linux_x86_64, 94.1GB RAM, 24 cores
https://github.com/torognes/vsearch

Reading file results/clustering/cdr/comp_VH_R3/cdr3_clusters/2e40369d-887b-4ca9-b211-6cdb408ae661-IGH.fasta 100%
149 nt in 5 seqs, min 18, max 38, avg 30
Masking 100%
Sorting by length 100%
Counting k-mers 100%
Clustering 100%
Sorting clusters 100%
Writing clusters 100%
Clusters: 5 Size min 1, max 1, avg 1.0
Singletons: 5, 100.0% of seqs, 100.0% of clusters
Multiple alignments 100%
vsearch v2.30.0_linux_x86_64, 94.1GB RAM, 24 cores
https://github.com/torognes/vsearch

Reading file results/clustering/cdr/comp_VH_R3/cdr3_clusters/055f08bb-02c1-4de3-9260-41c638c875a5-IGH.fasta 100%
3693 nt in 96 seqs, min 18, max 51, avg 38
Masking 100%
Sorting by length 100%
Counting k-mers 100%
Clustering 100%
Sorting clusters 100%
Writing clusters 100%
Clusters: 92 Size min 1, max 2, avg 1.0
Singletons: 88, 91.7% of seqs, 95.7% of clusters
Multiple alignments 100%
vsearch v2.30.0_linux_x86_64, 94.1GB RAM, 24 cores
https://github.com/torognes/vsearch

Reading file results/clustering/cdr/comp_VH_R3/cdr3_clusters/6243014e-e2f1-4a5e-9a2d-0cd6bac5737d-IGH.fasta 100%
288 nt in 8 seqs, min 33, max 42, avg 36
Masking 100%
Sorting by length 100%
Counting k-mers 100%
Clustering 100%
Sorting clusters 100%
Writing clusters 100%
Clusters: 5 Size min 1, max 4, avg 1.6
Singletons: 4, 50.0% of seqs, 80.0% of clusters
Multiple alignments 100%
vsearch v2.30.0_linux_x86_64, 94.1GB RAM, 24 cores
https://github.com/torognes/vsearch

Reading file results/clustering/cdr/comp_VH_R3/cdr3_clusters/0137e9a3-0bf2-4def-8695-e0b4baddfcf0-IGH.fasta 100%
387 nt in 12 seqs, min 27, max 39, avg 32
Masking 100%
Sorting by length 100%
Counting k-mers 100%
Clustering 100%
Sorting clusters 100%
Writing clusters 100%
Clusters: 12 Size min 1, max 1, avg 1.0
Singletons: 12, 100.0% of seqs, 100.0% of clusters
Multiple alignments 100%
vsearch v2.30.0_linux_x86_64, 94.1GB RAM, 24 cores
https://github.com/torognes/vsearch

Reading file results/clustering/cdr/comp_VH_R3/cdr3_clusters/1d0f5a5c-ed6c-4173-b756-afcbbaf4bf3c-IGH.fasta 100%
969 nt in 23 seqs, min 15, max 54, avg 42
Masking 100%
Sorting by length 100%
Counting k-mers 100%
Clustering 100%
Sorting clusters 100%
Writing clusters 100%
Clusters: 22 Size min 1, max 2, avg 1.0
Singletons: 21, 91.3% of seqs, 95.5% of clusters
Multiple alignments 100%
vsearch v2.30.0_linux_x86_64, 94.1GB RAM, 24 cores
https://github.com/torognes/vsearch

Reading file results/clustering/cdr/comp_VH_R3/cdr3_clusters/51b39dc2-30a6-4716-a4ae-e232a7008141-IGH.fasta 100%
754 nt in 18 seqs, min 40, max 42, avg 42
Masking 100%
Sorting by length 100%
Counting k-mers 100%
Clustering 100%
Sorting clusters 100%
Writing clusters 100%
Clusters: 2 Size min 1, max 17, avg 9.0
Singletons: 1, 5.6% of seqs, 50.0% of clusters
Multiple alignments 100%
vsearch v2.30.0_linux_x86_64, 94.1GB RAM, 24 cores
https://github.com/torognes/vsearch

Reading file results/clustering/cdr/comp_VH_R3/cdr3_clusters/3c846d13-3a48-43c2-9d4b-4d52052bf7de-IGH.fasta 100%
2598 nt in 65 seqs, min 21, max 51, avg 40
Masking 100%
Sorting by length 100%
Counting k-mers 100%
Clustering 100%
Sorting clusters 100%
Writing clusters 100%
Clusters: 53 Size min 1, max 9, avg 1.2
Singletons: 49, 75.4% of seqs, 92.5% of clusters
Multiple alignments 100%
vsearch v2.30.0_linux_x86_64, 94.1GB RAM, 24 cores
https://github.com/torognes/vsearch

Reading file results/clustering/cdr/comp_VH_R3/cdr3_clusters/1cb998c8-d320-4174-a0fc-19c68bc00961-IGH.fasta 100%
1338 nt in 28 seqs, min 30, max 57, avg 48
Masking 100%
Sorting by length 100%
Counting k-mers 100%
Clustering 100%
Sorting clusters 100%
Writing clusters 100%
Clusters: 26 Size min 1, max 2, avg 1.1
Singletons: 24, 85.7% of seqs, 92.3% of clusters
Multiple alignments 100%
vsearch v2.30.0_linux_x86_64, 94.1GB RAM, 24 cores
https://github.com/torognes/vsearch

Reading file results/clustering/cdr/comp_VH_R3/cdr3_clusters/c63aa08e-42fe-4341-88fd-52a7d6e06e16-IGH.fasta 100%
9310 nt in 226 seqs, min 18, max 57, avg 41
Masking 100%
Sorting by length 100%
Counting k-mers 100%
Clustering 100%
Sorting clusters 100%
Writing clusters 100%
Clusters: 194 Size min 1, max 7, avg 1.2
Singletons: 175, 77.4% of seqs, 90.2% of clusters
Multiple alignments 100%
vsearch v2.30.0_linux_x86_64, 94.1GB RAM, 24 cores
https://github.com/torognes/vsearch

Reading file results/clustering/cdr/comp_VH_R3/cdr3_clusters/edaf0855-d069-4707-af84-819404241e92-IGH.fasta 100%
690 nt in 18 seqs, min 27, max 48, avg 38
Masking 100%
Sorting by length 100%
Counting k-mers 100%
Clustering 100%
Sorting clusters 100%
Writing clusters 100%
Clusters: 17 Size min 1, max 2, avg 1.1
Singletons: 16, 88.9% of seqs, 94.1% of clusters
Multiple alignments 100%
vsearch v2.30.0_linux_x86_64, 94.1GB RAM, 24 cores
https://github.com/torognes/vsearch

Reading file results/clustering/cdr/comp_VH_R3/cdr3_clusters/e9e2af62-9451-416d-8220-a8ac30b63d57-IGH.fasta 100%
360 nt in 8 seqs, min 33, max 57, avg 45
Masking 100%
Sorting by length 100%
Counting k-mers 100%
Clustering 100%
Sorting clusters 100%
Writing clusters 100%
Clusters: 8 Size min 1, max 1, avg 1.0
Singletons: 8, 100.0% of seqs, 100.0% of clusters
Multiple alignments 100%
vsearch v2.30.0_linux_x86_64, 94.1GB RAM, 24 cores
https://github.com/torognes/vsearch

Reading file results/clustering/cdr/comp_VH_R3/cdr3_clusters/ad89af13-e06a-4a1a-bb68-2cfed1d9b2e5-IGH.fasta 100%
288 nt in 7 seqs, min 30, max 51, avg 41
Masking 100%
Sorting by length 100%
Counting k-mers 100%
Clustering 100%
Sorting clusters 100%
Writing clusters 100%
Clusters: 7 Size min 1, max 1, avg 1.0
Singletons: 7, 100.0% of seqs, 100.0% of clusters
Multiple alignments 100%
vsearch v2.30.0_linux_x86_64, 94.1GB RAM, 24 cores
https://github.com/torognes/vsearch

Reading file results/clustering/cdr/comp_VH_R3/cdr3_clusters/08f31f42-9a0a-4400-bb47-2a4c71a6eea4-IGH.fasta 100%
5370 nt in 118 seqs, min 18, max 54, avg 46
Masking 100%
Sorting by length 100%
Counting k-mers 100%
Clustering 100%
Sorting clusters 100%
Writing clusters 100%
Clusters: 99 Size min 1, max 6, avg 1.2
Singletons: 92, 78.0% of seqs, 92.9% of clusters
Multiple alignments 100%
vsearch v2.30.0_linux_x86_64, 94.1GB RAM, 24 cores
https://github.com/torognes/vsearch

Reading file results/clustering/cdr/comp_VH_R3/cdr3_clusters/0c53e3fb-4ac4-4368-96f2-278a4345aab0-IGH.fasta 100%
362 nt in 10 seqs, min 27, max 42, avg 36
minseqlength 6: 4 sequences discarded.
Masking 100%
Sorting by length 100%
Counting k-mers 100%
Clustering 100%
Sorting clusters 100%
Writing clusters 100%
Clusters: 10 Size min 1, max 1, avg 1.0
Singletons: 10, 100.0% of seqs, 100.0% of clusters
Multiple alignments 100%
vsearch v2.30.0_linux_x86_64, 94.1GB RAM, 24 cores
https://github.com/torognes/vsearch

Reading file results/clustering/cdr/comp_VH_R3/cdr3_clusters/e4b95c59-150e-44fd-b3cf-1235556a262d-IGH.fasta 100%
372 nt in 11 seqs, min 24, max 39, avg 34
Masking 100%
Sorting by length 100%
Counting k-mers 100%
Clustering 100%
Sorting clusters 100%
Writing clusters 100%
Clusters: 11 Size min 1, max 1, avg 1.0
Singletons: 11, 100.0% of seqs, 100.0% of clusters
Multiple alignments 100%
vsearch v2.30.0_linux_x86_64, 94.1GB RAM, 24 cores
https://github.com/torognes/vsearch

Reading file results/clustering/cdr/comp_VH_R3/cdr3_clusters/9a6ad6c9-a99a-4042-968e-dcf3f2bdbed2-IGH.fasta 100%
747 nt in 21 seqs, min 15, max 51, avg 36
Masking 100%
Sorting by length 100%
Counting k-mers 100%
Clustering 100%
Sorting clusters 100%
Writing clusters 100%
Clusters: 20 Size min 1, max 2, avg 1.1
Singletons: 19, 90.5% of seqs, 95.0% of clusters
Multiple alignments 100%
vsearch v2.30.0_linux_x86_64, 94.1GB RAM, 24 cores
https://github.com/torognes/vsearch

Reading file results/clustering/cdr/comp_VH_R3/cdr3_clusters/54d4f6ef-c3b0-42e6-952f-d50c756b4ab9-IGH.fasta 100%
582 nt in 18 seqs, min 24, max 36, avg 32
Masking 100%
Sorting by length 100%
Counting k-mers 100%
Clustering 100%
Sorting clusters 100%
Writing clusters 100%
Clusters: 17 Size min 1, max 2, avg 1.1
Singletons: 16, 88.9% of seqs, 94.1% of clusters
Multiple alignments 100%
vsearch v2.30.0_linux_x86_64, 94.1GB RAM, 24 cores
https://github.com/torognes/vsearch

Reading file results/clustering/cdr/comp_VH_R3/cdr3_clusters/237e08c7-de5e-4f1b-87fb-93c151701477-IGH.fasta 100%
150 nt in 5 seqs, min 24, max 33, avg 30
Masking 100%
Sorting by length 100%
Counting k-mers 100%
Clustering 100%
Sorting clusters 100%
Writing clusters 100%
Clusters: 5 Size min 1, max 1, avg 1.0
Singletons: 5, 100.0% of seqs, 100.0% of clusters
Multiple alignments 100%
vsearch v2.30.0_linux_x86_64, 94.1GB RAM, 24 cores
https://github.com/torognes/vsearch

Reading file results/clustering/cdr/comp_VH_R3/cdr3_clusters/154e83c2-9cfb-4163-83f5-b9ff9bc6608a-IGH.fasta 100%
393 nt in 8 seqs, min 45, max 51, avg 49
Masking 100%
Sorting by length 100%
Counting k-mers 100%
Clustering 100%
Sorting clusters 100%
Writing clusters 100%
Clusters: 7 Size min 1, max 2, avg 1.1
Singletons: 6, 75.0% of seqs, 85.7% of clusters
Multiple alignments 100%
vsearch v2.30.0_linux_x86_64, 94.1GB RAM, 24 cores
https://github.com/torognes/vsearch

Reading file results/clustering/cdr/comp_VH_R3/cdr3_clusters/db667b05-c187-4eca-bf40-9b3c92a4fae8-IGH.fasta 100%
1342 nt in 39 seqs, min 21, max 42, avg 34
Masking 100%
Sorting by length 100%
Counting k-mers 100%
Clustering 100%
Sorting clusters 100%
Writing clusters 100%
Clusters: 36 Size min 1, max 3, avg 1.1
Singletons: 34, 87.2% of seqs, 94.4% of clusters
Multiple alignments 100%
vsearch v2.30.0_linux_x86_64, 94.1GB RAM, 24 cores
https://github.com/torognes/vsearch

Reading file results/clustering/cdr/comp_VH_R3/cdr3_clusters/3ee4c191-b804-40c0-b44d-f6fee7918a5c-IGH.fasta 100%
1947 nt in 49 seqs, min 15, max 54, avg 40
Masking 100%
Sorting by length 100%
Counting k-mers 100%
Clustering 100%
Sorting clusters 100%
Writing clusters 100%
Clusters: 48 Size min 1, max 2, avg 1.0
Singletons: 47, 95.9% of seqs, 97.9% of clusters
Multiple alignments 100%
vsearch v2.30.0_linux_x86_64, 94.1GB RAM, 24 cores
https://github.com/torognes/vsearch

Reading file results/clustering/cdr/comp_VH_R3/cdr3_clusters/032931ef-2e8e-4c67-83bf-3e20836ca9c2-IGH.fasta 100%
4979 nt in 134 seqs, min 18, max 54, avg 37
minseqlength 6: 1 sequence discarded.
Masking 100%
Sorting by length 100%
Counting k-mers 100%
Clustering 100%
Sorting clusters 100%
Writing clusters 100%
Clusters: 46 Size min 1, max 80, avg 2.9
Singletons: 40, 29.9% of seqs, 87.0% of clusters
Multiple alignments 100%
vsearch v2.30.0_linux_x86_64, 94.1GB RAM, 24 cores
https://github.com/torognes/vsearch

Reading file results/clustering/cdr/comp_VH_R3/cdr3_clusters/4fadf00e-530c-479a-9bba-328955b41952-IGH.fasta 100%
1170 nt in 36 seqs, min 15, max 42, avg 32
Masking 100%
Sorting by length 100%
Counting k-mers 100%
Clustering 100%
Sorting clusters 100%
Writing clusters 100%
Clusters: 25 Size min 1, max 12, avg 1.4
Singletons: 24, 66.7% of seqs, 96.0% of clusters
Multiple alignments 100%
vsearch v2.30.0_linux_x86_64, 94.1GB RAM, 24 cores
https://github.com/torognes/vsearch

Reading file results/clustering/cdr/comp_VH_R3/cdr3_clusters/0f6097b5-862b-48cd-b335-f6e9f63c07a6-IGH.fasta 100%
503 nt in 13 seqs, min 27, max 47, avg 39
Masking 100%
Sorting by length 100%
Counting k-mers 100%
Clustering 100%
Sorting clusters 100%
Writing clusters 100%
Clusters: 13 Size min 1, max 1, avg 1.0
Singletons: 13, 100.0% of seqs, 100.0% of clusters
Multiple alignments 100%
vsearch v2.30.0_linux_x86_64, 94.1GB RAM, 24 cores
https://github.com/torognes/vsearch

Reading file results/clustering/cdr/comp_VH_R3/cdr3_clusters/6afebd43-ce1e-44fb-96d8-e5a580039a2c-IGH.fasta 100%
201 nt in 5 seqs, min 39, max 45, avg 40
Masking 100%
Sorting by length 100%
Counting k-mers 100%
Clustering 100%
Sorting clusters 100%
Writing clusters 100%
Clusters: 3 Size min 1, max 3, avg 1.7
Singletons: 2, 40.0% of seqs, 66.7% of clusters
Multiple alignments 100%
vsearch v2.30.0_linux_x86_64, 94.1GB RAM, 24 cores
https://github.com/torognes/vsearch

Reading file results/clustering/cdr/comp_VH_R3/cdr3_clusters/8c7146b3-5fcb-496c-a966-2a36c9c27490-IGH.fasta 100%
234 nt in 6 seqs, min 33, max 42, avg 39
Masking 100%
Sorting by length 100%
Counting k-mers 100%
Clustering 100%
Sorting clusters 100%
Writing clusters 100%
Clusters: 5 Size min 1, max 2, avg 1.2
Singletons: 4, 66.7% of seqs, 80.0% of clusters
Multiple alignments 100%
vsearch v2.30.0_linux_x86_64, 94.1GB RAM, 24 cores
https://github.com/torognes/vsearch

Reading file results/clustering/cdr/comp_VH_R3/cdr3_clusters/90a48ebb-0cd5-4b67-93c9-6132f73b5a0e-IGH.fasta 100%
2292 nt in 57 seqs, min 18, max 54, avg 40
Masking 100%
Sorting by length 100%
Counting k-mers 100%
Clustering 100%
Sorting clusters 100%
Writing clusters 100%
Clusters: 55 Size min 1, max 2, avg 1.0
Singletons: 53, 93.0% of seqs, 96.4% of clusters
Multiple alignments 100%
vsearch v2.30.0_linux_x86_64, 94.1GB RAM, 24 cores
https://github.com/torognes/vsearch

Reading file results/clustering/cdr/comp_VH_R3/cdr3_clusters/37d80013-8c53-4f57-a301-f8e198c0b6c6-IGH.fasta 100%
681 nt in 27 seqs, min 24, max 36, avg 25
minseqlength 6: 1 sequence discarded.
Masking 100%
Sorting by length 100%
Counting k-mers 100%
Clustering 100%
Sorting clusters 100%
Writing clusters 100%
Clusters: 11 Size min 1, max 11, avg 2.5
Singletons: 8, 29.6% of seqs, 72.7% of clusters
Multiple alignments 100%
vsearch v2.30.0_linux_x86_64, 94.1GB RAM, 24 cores
https://github.com/torognes/vsearch

Reading file results/clustering/cdr/comp_VH_R3/cdr3_clusters/29d3f7d9-1173-41ea-9803-db98af1ceb13-IGH.fasta 100%
195 nt in 5 seqs, min 30, max 48, avg 39
Masking 100%
Sorting by length 100%
Counting k-mers 100%
Clustering 100%
Sorting clusters 100%
Writing clusters 100%
Clusters: 5 Size min 1, max 1, avg 1.0
Singletons: 5, 100.0% of seqs, 100.0% of clusters
Multiple alignments 100%
vsearch v2.30.0_linux_x86_64, 94.1GB RAM, 24 cores
https://github.com/torognes/vsearch

Reading file results/clustering/cdr/comp_VH_R3/cdr3_clusters/5e677b36-24ff-4ea8-b6f5-4f547f60ef05-IGH.fasta 100%
915 nt in 20 seqs, min 24, max 57, avg 46
Masking 100%
Sorting by length 100%
Counting k-mers 100%
Clustering 100%
Sorting clusters 100%
Writing clusters 100%
Clusters: 18 Size min 1, max 3, avg 1.1
Singletons: 17, 85.0% of seqs, 94.4% of clusters
Multiple alignments 100%
vsearch v2.30.0_linux_x86_64, 94.1GB RAM, 24 cores
https://github.com/torognes/vsearch

Reading file results/clustering/cdr/comp_VH_R3/cdr3_clusters/031f85b5-0459-45c0-8191-439e3d7efb88-IGK.fasta 100%
0 nt in 0 seqs
minseqlength 6: 801 sequences discarded.
Masking 100%
Sorting by length 100%
Counting k-mers 100%
Clustering 100%
Sorting clusters 100%
Writing clusters 100%
Clusters: 0
Singletons: 0
Multiple alignments 100%
vsearch v2.30.0_linux_x86_64, 94.1GB RAM, 24 cores
https://github.com/torognes/vsearch

Reading file results/clustering/cdr/comp_VH_R3/cdr3_clusters/ee969a7e-d80d-4913-8db0-bbe9f036143a-IGH.fasta 100%
579 nt in 14 seqs, min 27, max 57, avg 41
Masking 100%
Sorting by length 100%
Counting k-mers 100%
Clustering 100%
Sorting clusters 100%
Writing clusters 100%
Clusters: 13 Size min 1, max 2, avg 1.1
Singletons: 12, 85.7% of seqs, 92.3% of clusters
Multiple alignments 100%
vsearch v2.30.0_linux_x86_64, 94.1GB RAM, 24 cores
https://github.com/torognes/vsearch

Reading file results/clustering/cdr/comp_VH_R3/cdr3_clusters/66b00b1c-fb6b-42d3-bd08-a1c94c022271-IGH.fasta 100%
315 nt in 8 seqs, min 33, max 51, avg 39
Masking 100%
Sorting by length 100%
Counting k-mers 100%
Clustering 100%
Sorting clusters 100%
Writing clusters 100%
Clusters: 8 Size min 1, max 1, avg 1.0
Singletons: 8, 100.0% of seqs, 100.0% of clusters
Multiple alignments 100%
vsearch v2.30.0_linux_x86_64, 94.1GB RAM, 24 cores
https://github.com/torognes/vsearch

Reading file results/clustering/cdr/comp_VH_R3/cdr3_clusters/876a1285-fb8c-4359-bcaf-fa6b49af0a79-IGH.fasta 100%
531 nt in 12 seqs, min 39, max 45, avg 44
Masking 100%
Sorting by length 100%
Counting k-mers 100%
Clustering 100%
Sorting clusters 100%
Writing clusters 100%
Clusters: 5 Size min 1, max 6, avg 2.4
Singletons: 3, 25.0% of seqs, 60.0% of clusters
Multiple alignments 100%
vsearch v2.30.0_linux_x86_64, 94.1GB RAM, 24 cores
https://github.com/torognes/vsearch

Reading file results/clustering/cdr/comp_VH_R3/cdr3_clusters/752eb168-1bc6-4096-bfe7-aae87e618aab-IGH.fasta 100%
44582 nt in 1047 seqs, min 18, max 60, avg 43
minseqlength 6: 2 sequences discarded.
Masking 100%
Sorting by length 100%
Counting k-mers 100%
Clustering 100%
Sorting clusters 100%
Writing clusters 100%
Clusters: 720 Size min 1, max 24, avg 1.5
Singletons: 576, 55.0% of seqs, 80.0% of clusters
Multiple alignments 100%
vsearch v2.30.0_linux_x86_64, 94.1GB RAM, 24 cores
https://github.com/torognes/vsearch

Reading file results/clustering/cdr/comp_VH_R3/cdr3_clusters/bc046e9c-79aa-4349-8ba3-eb1f3b1640d2-IGH.fasta 100%
345 nt in 6 seqs, min 36, max 81, avg 58
Masking 100%
Sorting by length 100%
Counting k-mers 100%
Clustering 100%
Sorting clusters 100%
Writing clusters 100%
Clusters: 5 Size min 1, max 2, avg 1.2
Singletons: 4, 66.7% of seqs, 80.0% of clusters
Multiple alignments 100%
vsearch v2.30.0_linux_x86_64, 94.1GB RAM, 24 cores
https://github.com/torognes/vsearch

Reading file results/clustering/cdr/comp_VH_R3/cdr3_clusters/fcc3c050-060c-4bdf-9353-1ff21a3fda68-IGH.fasta 100%
156 nt in 6 seqs, min 18, max 42, avg 26
Masking 100%
Sorting by length 100%
Counting k-mers 100%
Clustering 100%
Sorting clusters 100%
Writing clusters 100%
Clusters: 5 Size min 1, max 2, avg 1.2
Singletons: 4, 66.7% of seqs, 80.0% of clusters
Multiple alignments 100%
vsearch v2.30.0_linux_x86_64, 94.1GB RAM, 24 cores
https://github.com/torognes/vsearch

Reading file results/clustering/cdr/comp_VH_R3/cdr3_clusters/d7d1f9ac-f34e-469c-a21f-2cf0146432d6-IGK.fasta 100%
0 nt in 0 seqs
minseqlength 6: 6 sequences discarded.
Masking 100%
Sorting by length 100%
Counting k-mers 100%
Clustering 100%
Sorting clusters 100%
Writing clusters 100%
Clusters: 0
Singletons: 0
Multiple alignments 100%
vsearch v2.30.0_linux_x86_64, 94.1GB RAM, 24 cores
https://github.com/torognes/vsearch

Reading file results/clustering/cdr/comp_VH_R3/cdr3_clusters/a8d253eb-19f1-48d7-871c-74c39634855a-IGH.fasta 100%
1485 nt in 32 seqs, min 27, max 57, avg 46
Masking 100%
Sorting by length 100%
Counting k-mers 100%
Clustering 100%
Sorting clusters 100%
Writing clusters 100%
Clusters: 30 Size min 1, max 2, avg 1.1
Singletons: 28, 87.5% of seqs, 93.3% of clusters
Multiple alignments 100%
vsearch v2.30.0_linux_x86_64, 94.1GB RAM, 24 cores
https://github.com/torognes/vsearch

Reading file results/clustering/cdr/comp_VH_R3/cdr3_clusters/90bf242c-fca3-4b6d-b513-e760cfbcda4e-IGH.fasta 100%
150 nt in 5 seqs, min 21, max 42, avg 30
Masking 100%
Sorting by length 100%
Counting k-mers 100%
Clustering 100%
Sorting clusters 100%
Writing clusters 100%
Clusters: 5 Size min 1, max 1, avg 1.0
Singletons: 5, 100.0% of seqs, 100.0% of clusters
Multiple alignments 100%
vsearch v2.30.0_linux_x86_64, 94.1GB RAM, 24 cores
https://github.com/torognes/vsearch

Reading file results/clustering/cdr/comp_VH_R3/cdr3_clusters/6e83f8da-9c46-4bc8-8d67-72d5388de542-IGH.fasta 100%
728 nt in 18 seqs, min 30, max 48, avg 40
Masking 100%
Sorting by length 100%
Counting k-mers 100%
Clustering 100%
Sorting clusters 100%
Writing clusters 100%
Clusters: 18 Size min 1, max 1, avg 1.0
Singletons: 18, 100.0% of seqs, 100.0% of clusters
Multiple alignments 100%
vsearch v2.30.0_linux_x86_64, 94.1GB RAM, 24 cores
https://github.com/torognes/vsearch

Reading file results/clustering/cdr/comp_VH_R3/cdr3_clusters/1344f4ef-fc6a-466f-894f-f6c59453a55c-IGH.fasta 100%
510 nt in 12 seqs, min 30, max 48, avg 42
Masking 100%
Sorting by length 100%
Counting k-mers 100%
Clustering 100%
Sorting clusters 100%
Writing clusters 100%
Clusters: 11 Size min 1, max 2, avg 1.1
Singletons: 10, 83.3% of seqs, 90.9% of clusters
Multiple alignments 100%
vsearch v2.30.0_linux_x86_64, 94.1GB RAM, 24 cores
https://github.com/torognes/vsearch

Reading file results/clustering/cdr/comp_VH_R3/cdr3_clusters/9a19388c-7369-4cf4-8e6d-ca7a23537452-IGH.fasta 100%
150 nt in 5 seqs, min 30, max 30, avg 30
Masking 100%
Sorting by length 100%
Counting k-mers 100%
Clustering 100%
Sorting clusters 100%
Writing clusters 100%
Clusters: 2 Size min 2, max 3, avg 2.5
Singletons: 0, 0.0% of seqs, 0.0% of clusters
Multiple alignments 100%
vsearch v2.30.0_linux_x86_64, 94.1GB RAM, 24 cores
https://github.com/torognes/vsearch

Reading file results/clustering/cdr/comp_VH_R3/cdr3_clusters/ecf262e8-9c15-4580-b21c-a24bf3d7fc65-IGH.fasta 100%
357 nt in 11 seqs, min 27, max 36, avg 32
Masking 100%
Sorting by length 100%
Counting k-mers 100%
Clustering 100%
Sorting clusters 100%
Writing clusters 100%
Clusters: 8 Size min 1, max 4, avg 1.4
Singletons: 7, 63.6% of seqs, 87.5% of clusters
Multiple alignments 100%
vsearch v2.30.0_linux_x86_64, 94.1GB RAM, 24 cores
https://github.com/torognes/vsearch

Reading file results/clustering/cdr/comp_VH_R3/cdr3_clusters/5260e7d0-6bc7-45af-bd8f-4e47c9b3a028-IGH.fasta 100%
465 nt in 11 seqs, min 30, max 57, avg 42
Masking 100%
Sorting by length 100%
Counting k-mers 100%
Clustering 100%
Sorting clusters 100%
Writing clusters 100%
Clusters: 11 Size min 1, max 1, avg 1.0
Singletons: 11, 100.0% of seqs, 100.0% of clusters
Multiple alignments 100%
vsearch v2.30.0_linux_x86_64, 94.1GB RAM, 24 cores
https://github.com/torognes/vsearch

Reading file results/clustering/cdr/comp_VH_R3/cdr3_clusters/358802d2-ec63-4858-ae29-113b6fc5f282-IGH.fasta 100%
1710 nt in 45 seqs, min 21, max 42, avg 38
Masking 100%
Sorting by length 100%
Counting k-mers 100%
Clustering 100%
Sorting clusters 100%
Writing clusters 100%
Clusters: 32 Size min 1, max 12, avg 1.4
Singletons: 30, 66.7% of seqs, 93.8% of clusters
Multiple alignments 100%
vsearch v2.30.0_linux_x86_64, 94.1GB RAM, 24 cores
https://github.com/torognes/vsearch

Reading file results/clustering/cdr/comp_VH_R3/cdr3_clusters/1042d38b-ead5-4a43-adf6-bc6bccaa947e-IGH.fasta 100%
210 nt in 6 seqs, min 30, max 36, avg 35
Masking 100%
Sorting by length 100%
Counting k-mers 100%
Clustering 100%
Sorting clusters 100%
Writing clusters 100%
Clusters: 4 Size min 1, max 3, avg 1.5
Singletons: 3, 50.0% of seqs, 75.0% of clusters
Multiple alignments 100%
vsearch v2.30.0_linux_x86_64, 94.1GB RAM, 24 cores
https://github.com/torognes/vsearch

Reading file results/clustering/cdr/comp_VH_R3/cdr3_clusters/46ae08f0-503c-497b-a62a-e5ffaca7cbbe-IGH.fasta 100%
615 nt in 16 seqs, min 21, max 48, avg 38
Masking 100%
Sorting by length 100%
Counting k-mers 100%
Clustering 100%
Sorting clusters 100%
Writing clusters 100%
Clusters: 15 Size min 1, max 2, avg 1.1
Singletons: 14, 87.5% of seqs, 93.3% of clusters
Multiple alignments 100%
vsearch v2.30.0_linux_x86_64, 94.1GB RAM, 24 cores
https://github.com/torognes/vsearch

Reading file results/clustering/cdr/comp_VH_R3/cdr3_clusters/8cdc06c8-95a6-4565-a633-c2f38eb152de-IGH.fasta 100%
2124 nt in 47 seqs, min 33, max 54, avg 45
Masking 100%
Sorting by length 100%
Counting k-mers 100%
Clustering 100%
Sorting clusters 100%
Writing clusters 100%
Clusters: 42 Size min 1, max 5, avg 1.1
Singletons: 40, 85.1% of seqs, 95.2% of clusters
Multiple alignments 100%
vsearch v2.30.0_linux_x86_64, 94.1GB RAM, 24 cores
https://github.com/torognes/vsearch

Reading file results/clustering/cdr/comp_VH_R3/cdr3_clusters/7ec216f7-4d43-4ce9-829b-3a9002e4dc29-IGH.fasta 100%
198 nt in 5 seqs, min 30, max 51, avg 40
Masking 100%
Sorting by length 100%
Counting k-mers 100%
Clustering 100%
Sorting clusters 100%
Writing clusters 100%
Clusters: 5 Size min 1, max 1, avg 1.0
Singletons: 5, 100.0% of seqs, 100.0% of clusters
Multiple alignments 100%
vsearch v2.30.0_linux_x86_64, 94.1GB RAM, 24 cores
https://github.com/torognes/vsearch

Reading file results/clustering/cdr/comp_VH_R3/cdr3_clusters/3b6c7a5e-56c8-46e4-a25e-5b00230d5b21-IGH.fasta 100%
351 nt in 7 seqs, min 36, max 54, avg 50
Masking 100%
Sorting by length 100%
Counting k-mers 100%
Clustering 100%
Sorting clusters 100%
Writing clusters 100%
Clusters: 4 Size min 1, max 4, avg 1.8
Singletons: 3, 42.9% of seqs, 75.0% of clusters
Multiple alignments 100%
vsearch v2.30.0_linux_x86_64, 94.1GB RAM, 24 cores
https://github.com/torognes/vsearch

Reading file results/clustering/cdr/comp_VH_R3/cdr3_clusters/3f0ff1a8-79ea-45a0-b5cc-883f6ea6b30a-IGH.fasta 100%
513 nt in 12 seqs, min 36, max 57, avg 43
Masking 100%
Sorting by length 100%
Counting k-mers 100%
Clustering 100%
Sorting clusters 100%
Writing clusters 100%
Clusters: 8 Size min 1, max 3, avg 1.5
Singletons: 6, 50.0% of seqs, 75.0% of clusters
Multiple alignments 100%
vsearch v2.30.0_linux_x86_64, 94.1GB RAM, 24 cores
https://github.com/torognes/vsearch

Reading file results/clustering/cdr/comp_VH_R3/cdr3_clusters/6a04c389-fadc-452d-8335-bbe9ae801c4b-IGH.fasta 100%
1023 nt in 22 seqs, min 24, max 57, avg 46
Masking 100%
Sorting by length 100%
Counting k-mers 100%
Clustering 100%
Sorting clusters 100%
Writing clusters 100%
Clusters: 13 Size min 1, max 9, avg 1.7
Singletons: 11, 50.0% of seqs, 84.6% of clusters
Multiple alignments 100%
vsearch v2.30.0_linux_x86_64, 94.1GB RAM, 24 cores
https://github.com/torognes/vsearch

Reading file results/clustering/cdr/comp_VH_R3/cdr3_clusters/9f83dee4-cb42-4e8b-b83b-06203818a074-IGH.fasta 100%
5716 nt in 142 seqs, min 15, max 69, avg 40
Masking 100%
Sorting by length 100%
Counting k-mers 100%
Clustering 100%
Sorting clusters 100%
Writing clusters 100%
Clusters: 133 Size min 1, max 4, avg 1.1
Singletons: 126, 88.7% of seqs, 94.7% of clusters
Multiple alignments 100%
vsearch v2.30.0_linux_x86_64, 94.1GB RAM, 24 cores
https://github.com/torognes/vsearch

Reading file results/clustering/cdr/comp_VH_R3/cdr3_clusters/ca10ecaa-de93-46de-a5a3-b8dbdbd87535-IGH.fasta 100%
297 nt in 6 seqs, min 39, max 57, avg 50
Masking 100%
Sorting by length 100%
Counting k-mers 100%
Clustering 100%
Sorting clusters 100%
Writing clusters 100%
Clusters: 6 Size min 1, max 1, avg 1.0
Singletons: 6, 100.0% of seqs, 100.0% of clusters
Multiple alignments 100%
vsearch v2.30.0_linux_x86_64, 94.1GB RAM, 24 cores
https://github.com/torognes/vsearch

Reading file results/clustering/cdr/comp_VH_R3/cdr3_clusters/d4935594-1cea-4719-8515-09c7730f87a3-IGH.fasta 100%
207 nt in 7 seqs, min 27, max 30, avg 30
Masking 100%
Sorting by length 100%
Counting k-mers 100%
Clustering 100%
Sorting clusters 100%
Writing clusters 100%
Clusters: 3 Size min 1, max 5, avg 2.3
Singletons: 2, 28.6% of seqs, 66.7% of clusters
Multiple alignments 100%
vsearch v2.30.0_linux_x86_64, 94.1GB RAM, 24 cores
https://github.com/torognes/vsearch

Reading file results/clustering/cdr/comp_VH_R3/cdr3_clusters/c75de314-161f-44b6-9f22-ccb65600c3e7-IGH.fasta 100%
1925 nt in 44 seqs, min 27, max 54, avg 44
Masking 100%
Sorting by length 100%
Counting k-mers 100%
Clustering 100%
Sorting clusters 100%
Writing clusters 100%
Clusters: 43 Size min 1, max 2, avg 1.0
Singletons: 42, 95.5% of seqs, 97.7% of clusters
Multiple alignments 100%
vsearch v2.30.0_linux_x86_64, 94.1GB RAM, 24 cores
https://github.com/torognes/vsearch

Reading file results/clustering/cdr/comp_VH_R3/cdr3_clusters/011273c1-ce87-4ef8-beab-d77b62c4a6b7-IGH.fasta 100%
285 nt in 6 seqs, min 42, max 60, avg 48
Masking 100%
Sorting by length 100%
Counting k-mers 100%
Clustering 100%
Sorting clusters 100%
Writing clusters 100%
Clusters: 4 Size min 1, max 3, avg 1.5
Singletons: 3, 50.0% of seqs, 75.0% of clusters
Multiple alignments 100%
vsearch v2.30.0_linux_x86_64, 94.1GB RAM, 24 cores
https://github.com/torognes/vsearch

Reading file results/clustering/cdr/comp_VH_R3/cdr3_clusters/422e0797-fdb1-4b64-b165-87f1613f3501-IGH.fasta 100%
399 nt in 12 seqs, min 18, max 39, avg 33
Masking 100%
Sorting by length 100%
Counting k-mers 100%
Clustering 100%
Sorting clusters 100%
Writing clusters 100%
Clusters: 10 Size min 1, max 3, avg 1.2
Singletons: 9, 75.0% of seqs, 90.0% of clusters
Multiple alignments 100%
vsearch v2.30.0_linux_x86_64, 94.1GB RAM, 24 cores
https://github.com/torognes/vsearch

Reading file results/clustering/cdr/comp_VH_R3/cdr3_clusters/017f70d2-a0b1-400b-89fd-acc37c44b4ce-IGH.fasta 100%
0 nt in 0 seqs
minseqlength 6: 39 sequences discarded.
Masking 100%
Sorting by length 100%
Counting k-mers 100%
Clustering 100%
Sorting clusters 100%
Writing clusters 100%
Clusters: 0
Singletons: 0
Multiple alignments 100%
vsearch v2.30.0_linux_x86_64, 94.1GB RAM, 24 cores
https://github.com/torognes/vsearch

Reading file results/clustering/cdr/comp_VH_R3/cdr3_clusters/0e311453-2a8b-40df-b396-51ece26af87c-IGH.fasta 100%
1503 nt in 32 seqs, min 39, max 48, avg 47
Masking 100%
Sorting by length 100%
Counting k-mers 100%
Clustering 100%
Sorting clusters 100%
Writing clusters 100%
Clusters: 11 Size min 1, max 22, avg 2.9
Singletons: 10, 31.2% of seqs, 90.9% of clusters
Multiple alignments 100%
vsearch v2.30.0_linux_x86_64, 94.1GB RAM, 24 cores
https://github.com/torognes/vsearch

Reading file results/clustering/cdr/comp_VH_R3/cdr3_clusters/20b29b55-a209-4126-9a99-2b536a0f4d2b-IGH.fasta 100%
126 nt in 6 seqs, min 21, max 21, avg 21
Masking 100%
Sorting by length 100%
Counting k-mers 100%
Clustering 100%
Sorting clusters 100%
Writing clusters 100%
Clusters: 3 Size min 1, max 4, avg 2.0
Singletons: 2, 33.3% of seqs, 66.7% of clusters
Multiple alignments 100%
vsearch v2.30.0_linux_x86_64, 94.1GB RAM, 24 cores
https://github.com/torognes/vsearch

Reading file results/clustering/cdr/comp_VH_R3/cdr3_clusters/0deecea6-736a-4825-ba5d-2edf1b077ea1-IGH.fasta 100%
438 nt in 11 seqs, min 24, max 66, avg 40
Masking 100%
Sorting by length 100%
Counting k-mers 100%
Clustering 100%
Sorting clusters 100%
Writing clusters 100%
Clusters: 11 Size min 1, max 1, avg 1.0
Singletons: 11, 100.0% of seqs, 100.0% of clusters
Multiple alignments 100%
vsearch v2.30.0_linux_x86_64, 94.1GB RAM, 24 cores
https://github.com/torognes/vsearch

Reading file results/clustering/cdr/comp_VH_R3/cdr3_clusters/ebf1ad89-5a9b-452c-88aa-32b16807d3a3-IGH.fasta 100%
342 nt in 10 seqs, min 27, max 69, avg 34
Masking 100%
Sorting by length 100%
Counting k-mers 100%
Clustering 100%
Sorting clusters 100%
Writing clusters 100%
Clusters: 9 Size min 1, max 2, avg 1.1
Singletons: 8, 80.0% of seqs, 88.9% of clusters
Multiple alignments 100%
vsearch v2.30.0_linux_x86_64, 94.1GB RAM, 24 cores
https://github.com/torognes/vsearch

Reading file results/clustering/cdr/comp_VH_R3/cdr3_clusters/42830224-60fc-4485-b6dc-f5c369c60aac-IGH.fasta 100%
243 nt in 5 seqs, min 48, max 51, avg 49
Masking 100%
Sorting by length 100%
Counting k-mers 100%
Clustering 100%
Sorting clusters 100%
Writing clusters 100%
Clusters: 3 Size min 1, max 3, avg 1.7
Singletons: 2, 40.0% of seqs, 66.7% of clusters
Multiple alignments 100%
vsearch v2.30.0_linux_x86_64, 94.1GB RAM, 24 cores
https://github.com/torognes/vsearch

Reading file results/clustering/cdr/comp_VH_R3/cdr3_clusters/71db36be-d7da-48e0-acb1-39494d21eefd-IGH.fasta 100%
198 nt in 5 seqs, min 27, max 51, avg 40
Masking 100%
Sorting by length 100%
Counting k-mers 100%
Clustering 100%
Sorting clusters 100%
Writing clusters 100%
Clusters: 5 Size min 1, max 1, avg 1.0
Singletons: 5, 100.0% of seqs, 100.0% of clusters
Multiple alignments 100%
vsearch v2.30.0_linux_x86_64, 94.1GB RAM, 24 cores
https://github.com/torognes/vsearch

Reading file results/clustering/cdr/comp_VH_R3/cdr3_clusters/f33a512b-f261-43b2-b71a-722894270367-IGH.fasta 100%
583 nt in 15 seqs, min 27, max 48, avg 39
Masking 100%
Sorting by length 100%
Counting k-mers 100%
Clustering 100%
Sorting clusters 100%
Writing clusters 100%
Clusters: 15 Size min 1, max 1, avg 1.0
Singletons: 15, 100.0% of seqs, 100.0% of clusters
Multiple alignments 100%
vsearch v2.30.0_linux_x86_64, 94.1GB RAM, 24 cores
https://github.com/torognes/vsearch

Reading file results/clustering/cdr/comp_VH_R3/cdr3_clusters/093be367-ceb8-4234-8dda-a4ab752686f4-IGH.fasta 100%
2505 nt in 86 seqs, min 15, max 48, avg 29
minseqlength 6: 3 sequences discarded.
Masking 100%
Sorting by length 100%
Counting k-mers 100%
Clustering 100%
Sorting clusters 100%
Writing clusters 100%
Clusters: 80 Size min 1, max 3, avg 1.1
Singletons: 75, 87.2% of seqs, 93.8% of clusters
Multiple alignments 100%
vsearch v2.30.0_linux_x86_64, 94.1GB RAM, 24 cores
https://github.com/torognes/vsearch

Reading file results/clustering/cdr/comp_VH_R3/cdr3_clusters/6cce24e6-4baa-49f9-bd6b-7b4f2e3ccb25-IGH.fasta 100%
708 nt in 18 seqs, min 33, max 48, avg 39
Masking 100%
Sorting by length 100%
Counting k-mers 100%
Clustering 100%
Sorting clusters 100%
Writing clusters 100%
Clusters: 9 Size min 1, max 6, avg 2.0
Singletons: 7, 38.9% of seqs, 77.8% of clusters
Multiple alignments 100%
vsearch v2.30.0_linux_x86_64, 94.1GB RAM, 24 cores
https://github.com/torognes/vsearch

Reading file results/clustering/cdr/comp_VH_R3/cdr3_clusters/253cdb6f-7d28-42e6-a198-d836e893de44-IGH.fasta 100%
330 nt in 8 seqs, min 33, max 51, avg 41
Masking 100%
Sorting by length 100%
Counting k-mers 100%
Clustering 100%
Sorting clusters 100%
Writing clusters 100%
Clusters: 8 Size min 1, max 1, avg 1.0
Singletons: 8, 100.0% of seqs, 100.0% of clusters
Multiple alignments 100%
vsearch v2.30.0_linux_x86_64, 94.1GB RAM, 24 cores
https://github.com/torognes/vsearch

Reading file results/clustering/cdr/comp_VH_R3/cdr3_clusters/1652ce44-f064-45e5-95e7-7c16baf99818-IGH.fasta 100%
408 nt in 14 seqs, min 21, max 33, avg 29
Masking 100%
Sorting by length 100%
Counting k-mers 100%
Clustering 100%
Sorting clusters 100%
Writing clusters 100%
Clusters: 14 Size min 1, max 1, avg 1.0
Singletons: 14, 100.0% of seqs, 100.0% of clusters
Multiple alignments 100%
vsearch v2.30.0_linux_x86_64, 94.1GB RAM, 24 cores
https://github.com/torognes/vsearch

Reading file results/clustering/cdr/comp_VH_R3/cdr3_clusters/28dbb8f3-c57c-4fd1-98a6-dae5bdff83fb-IGH.fasta 100%
396 nt in 9 seqs, min 27, max 51, avg 44
Masking 100%
Sorting by length 100%
Counting k-mers 100%
Clustering 100%
Sorting clusters 100%
Writing clusters 100%
Clusters: 9 Size min 1, max 1, avg 1.0
Singletons: 9, 100.0% of seqs, 100.0% of clusters
Multiple alignments 100%
vsearch v2.30.0_linux_x86_64, 94.1GB RAM, 24 cores
https://github.com/torognes/vsearch

Reading file results/clustering/cdr/comp_VH_R3/cdr3_clusters/6221159b-c74d-4552-861a-c6b5aeef69c9-IGH.fasta 100%
195 nt in 6 seqs, min 27, max 36, avg 32
Masking 100%
Sorting by length 100%
Counting k-mers 100%
Clustering 100%
Sorting clusters 100%
Writing clusters 100%
Clusters: 3 Size min 1, max 4, avg 2.0
Singletons: 2, 33.3% of seqs, 66.7% of clusters
Multiple alignments 100%
vsearch v2.30.0_linux_x86_64, 94.1GB RAM, 24 cores
https://github.com/torognes/vsearch

Reading file results/clustering/cdr/comp_VH_R3/cdr3_clusters/1232d6e2-dec7-41b9-a312-643141ae9c1e-IGH.fasta 100%
465 nt in 13 seqs, min 30, max 42, avg 36
Masking 100%
Sorting by length 100%
Counting k-mers 100%
Clustering 100%
Sorting clusters 100%
Writing clusters 100%
Clusters: 13 Size min 1, max 1, avg 1.0
Singletons: 13, 100.0% of seqs, 100.0% of clusters
Multiple alignments 100%
vsearch v2.30.0_linux_x86_64, 94.1GB RAM, 24 cores
https://github.com/torognes/vsearch

Reading file results/clustering/cdr/comp_VH_R3/cdr3_clusters/13a045ab-b4a1-48b4-b799-e085bd483c26-IGH.fasta 100%
6648 nt in 179 seqs, min 18, max 54, avg 37
minseqlength 6: 1 sequence discarded.
Masking 100%
Sorting by length 100%
Counting k-mers 100%
Clustering 100%
Sorting clusters 100%
Writing clusters 100%
Clusters: 138 Size min 1, max 12, avg 1.3
Singletons: 119, 66.5% of seqs, 86.2% of clusters
Multiple alignments 100%
vsearch v2.30.0_linux_x86_64, 94.1GB RAM, 24 cores
https://github.com/torognes/vsearch

Reading file results/clustering/cdr/comp_VH_R3/cdr3_clusters/41829ceb-916b-4c2f-8890-35ea2c0c706c-IGH.fasta 100%
507 nt in 10 seqs, min 39, max 57, avg 51
Masking 100%
Sorting by length 100%
Counting k-mers 100%
Clustering 100%
Sorting clusters 100%
Writing clusters 100%
Clusters: 6 Size min 1, max 5, avg 1.7
Singletons: 5, 50.0% of seqs, 83.3% of clusters
Multiple alignments 100%
vsearch v2.30.0_linux_x86_64, 94.1GB RAM, 24 cores
https://github.com/torognes/vsearch

Reading file results/clustering/cdr/comp_VH_R3/cdr3_clusters/13ae5676-eb9a-4f0c-8c4a-570b14c92b3c-IGH.fasta 100%
384 nt in 11 seqs, min 33, max 36, avg 35
Masking 100%
Sorting by length 100%
Counting k-mers 100%
Clustering 100%
Sorting clusters 100%
Writing clusters 100%
Clusters: 4 Size min 1, max 6, avg 2.8
Singletons: 2, 18.2% of seqs, 50.0% of clusters
Multiple alignments 100%
vsearch v2.30.0_linux_x86_64, 94.1GB RAM, 24 cores
https://github.com/torognes/vsearch

Reading file results/clustering/cdr/comp_VH_R3/cdr3_clusters/895d51e0-cd9a-4055-8c56-63e291fff71e-IGH.fasta 100%
8810 nt in 208 seqs, min 15, max 57, avg 42
Masking 100%
Sorting by length 100%
Counting k-mers 100%
Clustering 100%
Sorting clusters 100%
Writing clusters 100%
Clusters: 187 Size min 1, max 5, avg 1.1
Singletons: 172, 82.7% of seqs, 92.0% of clusters
Multiple alignments 100%
vsearch v2.30.0_linux_x86_64, 94.1GB RAM, 24 cores
https://github.com/torognes/vsearch

Reading file results/clustering/cdr/comp_VH_R3/cdr3_clusters/323bdd3c-4944-457d-aa15-d31772d28dc4-IGH.fasta 100%
1100 nt in 27 seqs, min 30, max 48, avg 41
Masking 100%
Sorting by length 100%
Counting k-mers 100%
Clustering 100%
Sorting clusters 100%
Writing clusters 100%
Clusters: 18 Size min 1, max 6, avg 1.5
Singletons: 14, 51.9% of seqs, 77.8% of clusters
Multiple alignments 100%
vsearch v2.30.0_linux_x86_64, 94.1GB RAM, 24 cores
https://github.com/torognes/vsearch

Reading file results/clustering/cdr/comp_VH_R3/cdr3_clusters/002c7f68-9dba-4b2d-ac3b-2caa7a78c7c0-IGH.fasta 100%
14412 nt in 400 seqs, min 18, max 51, avg 36
Masking 100%
Sorting by length 100%
Counting k-mers 100%
Clustering 100%
Sorting clusters 100%
Writing clusters 100%
Clusters: 197 Size min 1, max 157, avg 2.0
Singletons: 176, 44.0% of seqs, 89.3% of clusters
Multiple alignments 100%
vsearch v2.30.0_linux_x86_64, 94.1GB RAM, 24 cores
https://github.com/torognes/vsearch

Reading file results/clustering/cdr/comp_VH_R3/cdr3_clusters/b75a9cab-fb45-4ff4-830e-7393c04e2242-IGH.fasta 100%
107921 nt in 2709 seqs, min 12, max 63, avg 40
minseqlength 6: 1 sequence discarded.
Masking 100%
Sorting by length 100%
Counting k-mers 100%
Clustering 100%
Sorting clusters 100%
Writing clusters 100%
Clusters: 1810 Size min 1, max 147, avg 1.5
Singletons: 1507, 55.6% of seqs, 83.3% of clusters
Multiple alignments 100%
vsearch v2.30.0_linux_x86_64, 94.1GB RAM, 24 cores
https://github.com/torognes/vsearch

Reading file results/clustering/cdr/comp_VH_R3/cdr3_clusters/c45f730d-db93-4f13-9cda-9e9ea0b08c89-IGH.fasta 100%
520 nt in 13 seqs, min 33, max 48, avg 40
minseqlength 6: 1 sequence discarded.
Masking 100%
Sorting by length 100%
Counting k-mers 100%
Clustering 100%
Sorting clusters 100%
Writing clusters 100%
Clusters: 11 Size min 1, max 2, avg 1.2
Singletons: 9, 69.2% of seqs, 81.8% of clusters
Multiple alignments 100%
vsearch v2.30.0_linux_x86_64, 94.1GB RAM, 24 cores
https://github.com/torognes/vsearch

Reading file results/clustering/cdr/comp_VH_R3/cdr3_clusters/6b95b339-8750-4ee4-9c4d-d5f6cce6813e-IGH.fasta 100%
5036 nt in 120 seqs, min 24, max 51, avg 42
Masking 100%
Sorting by length 100%
Counting k-mers 100%
Clustering 100%
Sorting clusters 100%
Writing clusters 100%
Clusters: 106 Size min 1, max 7, avg 1.1
Singletons: 99, 82.5% of seqs, 93.4% of clusters
Multiple alignments 100%
vsearch v2.30.0_linux_x86_64, 94.1GB RAM, 24 cores
https://github.com/torognes/vsearch

Reading file results/clustering/cdr/comp_VH_R3/cdr3_clusters/5691f94f-b109-4814-9e73-ec1f0e6b06df-IGH.fasta 100%
3640 nt in 90 seqs, min 15, max 60, avg 40
minseqlength 6: 5 sequences discarded.
Masking 100%
Sorting by length 100%
Counting k-mers 100%
Clustering 100%
Sorting clusters 100%
Writing clusters 100%
Clusters: 82 Size min 1, max 3, avg 1.1
Singletons: 77, 85.6% of seqs, 93.9% of clusters
Multiple alignments 100%
vsearch v2.30.0_linux_x86_64, 94.1GB RAM, 24 cores
https://github.com/torognes/vsearch

Reading file results/clustering/cdr/comp_VH_R3/cdr3_clusters/43adeb0f-541b-42de-b6d0-81d453ba8e0a-IGH.fasta 100%
705 nt in 20 seqs, min 21, max 45, avg 35
Masking 100%
Sorting by length 100%
Counting k-mers 100%
Clustering 100%
Sorting clusters 100%
Writing clusters 100%
Clusters: 16 Size min 1, max 2, avg 1.2
Singletons: 12, 60.0% of seqs, 75.0% of clusters
Multiple alignments 100%
vsearch v2.30.0_linux_x86_64, 94.1GB RAM, 24 cores
https://github.com/torognes/vsearch

Reading file results/clustering/cdr/comp_VH_R3/cdr3_clusters/4e0697df-3a44-4885-9ee9-ca3318191681-IGH.fasta 100%
164 nt in 9 seqs, min 17, max 21, avg 18
Masking 100%
Sorting by length 100%
Counting k-mers 100%
Clustering 100%
Sorting clusters 100%
Writing clusters 100%
Clusters: 5 Size min 1, max 5, avg 1.8
Singletons: 4, 44.4% of seqs, 80.0% of clusters
Multiple alignments 100%
vsearch v2.30.0_linux_x86_64, 94.1GB RAM, 24 cores
https://github.com/torognes/vsearch

Reading file results/clustering/cdr/comp_VH_R3/cdr3_clusters/1aba26e5-c576-479a-ad50-2f65e498f30e-IGH.fasta 100%
351 nt in 9 seqs, min 39, max 39, avg 39
Masking 100%
Sorting by length 100%
Counting k-mers 100%
Clustering 100%
Sorting clusters 100%
Writing clusters 100%
Clusters: 2 Size min 1, max 8, avg 4.5
Singletons: 1, 11.1% of seqs, 50.0% of clusters
Multiple alignments 100%
vsearch v2.30.0_linux_x86_64, 94.1GB RAM, 24 cores
https://github.com/torognes/vsearch

Reading file results/clustering/cdr/comp_VH_R3/cdr3_clusters/24876385-b1f4-4396-8d71-1305024dd369-IGH.fasta 100%
776 nt in 20 seqs, min 26, max 45, avg 39
Masking 100%
Sorting by length 100%
Counting k-mers 100%
Clustering 100%
Sorting clusters 100%
Writing clusters 100%
Clusters: 16 Size min 1, max 5, avg 1.2
Singletons: 15, 75.0% of seqs, 93.8% of clusters
Multiple alignments 100%
vsearch v2.30.0_linux_x86_64, 94.1GB RAM, 24 cores
https://github.com/torognes/vsearch

Reading file results/clustering/cdr/comp_VH_R3/cdr3_clusters/107f0065-a74e-44f7-80bf-1c93b184e54a-IGH.fasta 100%
660 nt in 17 seqs, min 30, max 45, avg 39
Masking 100%
Sorting by length 100%
Counting k-mers 100%
Clustering 100%
Sorting clusters 100%
Writing clusters 100%
Clusters: 13 Size min 1, max 4, avg 1.3
Singletons: 11, 64.7% of seqs, 84.6% of clusters
Multiple alignments 100%
vsearch v2.30.0_linux_x86_64, 94.1GB RAM, 24 cores
https://github.com/torognes/vsearch

Reading file results/clustering/cdr/comp_VH_R3/cdr3_clusters/bc09495b-3284-4147-a225-9f108df0a541-IGH.fasta 100%
6305 nt in 162 seqs, min 15, max 54, avg 39
Masking 100%
Sorting by length 100%
Counting k-mers 100%
Clustering 100%
Sorting clusters 100%
Writing clusters 100%
Clusters: 148 Size min 1, max 3, avg 1.1
Singletons: 136, 84.0% of seqs, 91.9% of clusters
Multiple alignments 100%
vsearch v2.30.0_linux_x86_64, 94.1GB RAM, 24 cores
https://github.com/torognes/vsearch

Reading file results/clustering/cdr/comp_VH_R3/cdr3_clusters/04060fd4-bd74-4015-9da2-e96accb9422c-IGH.fasta 100%
0 nt in 0 seqs
minseqlength 6: 12 sequences discarded.
Masking 100%
Sorting by length 100%
Counting k-mers 100%
Clustering 100%
Sorting clusters 100%
Writing clusters 100%
Clusters: 0
Singletons: 0
Multiple alignments 100%
vsearch v2.30.0_linux_x86_64, 94.1GB RAM, 24 cores
https://github.com/torognes/vsearch

Reading file results/clustering/cdr/comp_VH_R3/cdr3_clusters/f5b0aacd-cbc3-497f-b8b5-bd89444c5358-IGH.fasta 100%
1140 nt in 29 seqs, min 27, max 48, avg 39
Masking 100%
Sorting by length 100%
Counting k-mers 100%
Clustering 100%
Sorting clusters 100%
Writing clusters 100%
Clusters: 26 Size min 1, max 2, avg 1.1
Singletons: 23, 79.3% of seqs, 88.5% of clusters
Multiple alignments 100%
vsearch v2.30.0_linux_x86_64, 94.1GB RAM, 24 cores
https://github.com/torognes/vsearch

Reading file results/clustering/cdr/comp_VH_R3/cdr3_clusters/09b344dc-c873-49bc-9fbf-aed95e9276f5-IGH.fasta 100%
606 nt in 14 seqs, min 33, max 48, avg 43
Masking 100%
Sorting by length 100%
Counting k-mers 100%
Clustering 100%
Sorting clusters 100%
Writing clusters 100%
Clusters: 8 Size min 1, max 7, avg 1.8
Singletons: 7, 50.0% of seqs, 87.5% of clusters
Multiple alignments 100%
vsearch v2.30.0_linux_x86_64, 94.1GB RAM, 24 cores
https://github.com/torognes/vsearch

Reading file results/clustering/cdr/comp_VH_R3/cdr3_clusters/2db9dd79-fac7-43e8-8138-6b205e180122-IGH.fasta 100%
14747 nt in 362 seqs, min 18, max 57, avg 41
Masking 100%
Sorting by length 100%
Counting k-mers 100%
Clustering 100%
Sorting clusters 100%
Writing clusters 100%
Clusters: 329 Size min 1, max 5, avg 1.1
Singletons: 308, 85.1% of seqs, 93.6% of clusters
Multiple alignments 100%
vsearch v2.30.0_linux_x86_64, 94.1GB RAM, 24 cores
https://github.com/torognes/vsearch

Reading file results/clustering/cdr/comp_VH_R3/cdr3_clusters/0cb07e33-35ea-40a9-8351-fd7fafe05eda-IGK.fasta 100%
0 nt in 0 seqs
minseqlength 6: 109 sequences discarded.
Masking 100%
Sorting by length 100%
Counting k-mers 100%
Clustering 100%
Sorting clusters 100%
Writing clusters 100%
Clusters: 0
Singletons: 0
Multiple alignments 100%
vsearch v2.30.0_linux_x86_64, 94.1GB RAM, 24 cores
https://github.com/torognes/vsearch

Reading file results/clustering/cdr/comp_VH_R3/cdr3_clusters/fe188750-32cd-41c9-b82e-fb90123b2e12-IGH.fasta 100%
177 nt in 5 seqs, min 33, max 39, avg 35
Masking 100%
Sorting by length 100%
Counting k-mers 100%
Clustering 100%
Sorting clusters 100%
Writing clusters 100%
Clusters: 4 Size min 1, max 2, avg 1.2
Singletons: 3, 60.0% of seqs, 75.0% of clusters
Multiple alignments 100%
vsearch v2.30.0_linux_x86_64, 94.1GB RAM, 24 cores
https://github.com/torognes/vsearch

Reading file results/clustering/cdr/comp_VH_R3/cdr3_clusters/31bea8be-4dfc-4413-a5a2-ec3394e717bf-IGH.fasta 100%
297 nt in 9 seqs, min 30, max 42, avg 33
Masking 100%
Sorting by length 100%
Counting k-mers 100%
Clustering 100%
Sorting clusters 100%
Writing clusters 100%
Clusters: 4 Size min 1, max 6, avg 2.2
Singletons: 3, 33.3% of seqs, 75.0% of clusters
Multiple alignments 100%
vsearch v2.30.0_linux_x86_64, 94.1GB RAM, 24 cores
https://github.com/torognes/vsearch

Reading file results/clustering/cdr/comp_VH_R3/cdr3_clusters/29ede00d-fcb5-472c-8f75-20d545c01cc7-IGH.fasta 100%
1440 nt in 40 seqs, min 36, max 36, avg 36
Masking 100%
Sorting by length 100%
Counting k-mers 100%
Clustering 100%
Sorting clusters 100%
Writing clusters 100%
Clusters: 2 Size min 1, max 39, avg 20.0
Singletons: 1, 2.5% of seqs, 50.0% of clusters
Multiple alignments 100%
vsearch v2.30.0_linux_x86_64, 94.1GB RAM, 24 cores
https://github.com/torognes/vsearch

Reading file results/clustering/cdr/comp_VH_R3/cdr3_clusters/46f28151-e5ed-461f-8cc4-9ad330d17306-IGH.fasta 100%
405 nt in 11 seqs, min 18, max 105, avg 37
Masking 100%
Sorting by length 100%
Counting k-mers 100%
Clustering 100%
Sorting clusters 100%
Writing clusters 100%
Clusters: 8 Size min 1, max 4, avg 1.4
Singletons: 7, 63.6% of seqs, 87.5% of clusters
Multiple alignments 100%
vsearch v2.30.0_linux_x86_64, 94.1GB RAM, 24 cores
https://github.com/torognes/vsearch

Reading file results/clustering/cdr/comp_VH_R3/cdr3_clusters/0a474c84-1257-4ee1-9263-4ccc7297b159-IGH.fasta 100%
300 nt in 11 seqs, min 18, max 36, avg 27
Masking 100%
Sorting by length 100%
Counting k-mers 100%
Clustering 100%
Sorting clusters 100%
Writing clusters 100%
Clusters: 11 Size min 1, max 1, avg 1.0
Singletons: 11, 100.0% of seqs, 100.0% of clusters
Multiple alignments 100%
vsearch v2.30.0_linux_x86_64, 94.1GB RAM, 24 cores
https://github.com/torognes/vsearch

Reading file results/clustering/cdr/comp_VH_R3/cdr3_clusters/c810b94d-76ec-4a9d-b536-72d395c1b3b6-IGH.fasta 100%
726 nt in 14 seqs, min 33, max 54, avg 52
Masking 100%
Sorting by length 100%
Counting k-mers 100%
Clustering 100%
Sorting clusters 100%
Writing clusters 100%
Clusters: 3 Size min 1, max 12, avg 4.7
Singletons: 2, 14.3% of seqs, 66.7% of clusters
Multiple alignments 100%
vsearch v2.30.0_linux_x86_64, 94.1GB RAM, 24 cores
https://github.com/torognes/vsearch

Reading file results/clustering/cdr/comp_VH_R3/cdr3_clusters/1537fbf2-7435-4713-975c-baf0125f14e9-IGH.fasta 100%
1077 nt in 32 seqs, min 21, max 39, avg 34
Masking 100%
Sorting by length 100%
Counting k-mers 100%
Clustering 100%
Sorting clusters 100%
Writing clusters 100%
Clusters: 29 Size min 1, max 3, avg 1.1
Singletons: 27, 84.4% of seqs, 93.1% of clusters
Multiple alignments 100%
vsearch v2.30.0_linux_x86_64, 94.1GB RAM, 24 cores
https://github.com/torognes/vsearch

Reading file results/clustering/cdr/comp_VH_R3/cdr3_clusters/ebda8c69-a0cd-4eac-b176-03e9faf176d8-IGH.fasta 100%
1907 nt in 49 seqs, min 30, max 45, avg 39
Masking 100%
Sorting by length 100%
Counting k-mers 100%
Clustering 100%
Sorting clusters 100%
Writing clusters 100%
Clusters: 43 Size min 1, max 5, avg 1.1
Singletons: 40, 81.6% of seqs, 93.0% of clusters
Multiple alignments 100%
vsearch v2.30.0_linux_x86_64, 94.1GB RAM, 24 cores
https://github.com/torognes/vsearch

Reading file results/clustering/cdr/comp_VH_R3/cdr3_clusters/add50752-fa9b-46c0-a29c-404f2f380a0f-IGH.fasta 100%
381 nt in 10 seqs, min 18, max 48, avg 38
Masking 100%
Sorting by length 100%
Counting k-mers 100%
Clustering 100%
Sorting clusters 100%
Writing clusters 100%
Clusters: 9 Size min 1, max 2, avg 1.1
Singletons: 8, 80.0% of seqs, 88.9% of clusters
Multiple alignments 100%
vsearch v2.30.0_linux_x86_64, 94.1GB RAM, 24 cores
https://github.com/torognes/vsearch

Reading file results/clustering/cdr/comp_VH_R3/cdr3_clusters/e5ce53b9-8038-4290-a98e-1ca0f6c45ab5-IGH.fasta 100%
372 nt in 12 seqs, min 21, max 36, avg 31
minseqlength 6: 1 sequence discarded.
Masking 100%
Sorting by length 100%
Counting k-mers 100%
Clustering 100%
Sorting clusters 100%
Writing clusters 100%
Clusters: 11 Size min 1, max 2, avg 1.1
Singletons: 10, 83.3% of seqs, 90.9% of clusters
Multiple alignments 100%
vsearch v2.30.0_linux_x86_64, 94.1GB RAM, 24 cores
https://github.com/torognes/vsearch

Reading file results/clustering/cdr/comp_VH_R3/cdr3_clusters/6bca2af3-8dcb-4cea-87b1-4037de7c3689-IGH.fasta 100%
3167 nt in 67 seqs, min 30, max 48, avg 47
Masking 100%
Sorting by length 100%
Counting k-mers 100%
Clustering 100%
Sorting clusters 100%
Writing clusters 100%
Clusters: 7 Size min 1, max 57, avg 9.6
Singletons: 5, 7.5% of seqs, 71.4% of clusters
Multiple alignments 100%
vsearch v2.30.0_linux_x86_64, 94.1GB RAM, 24 cores
https://github.com/torognes/vsearch

Reading file results/clustering/cdr/comp_VH_R3/cdr3_clusters/d51fc624-b3b1-4bb6-9ce0-ca002584876d-IGH.fasta 100%
1029 nt in 23 seqs, min 15, max 54, avg 45
Masking 100%
Sorting by length 100%
Counting k-mers 100%
Clustering 100%
Sorting clusters 100%
Writing clusters 100%
Clusters: 22 Size min 1, max 2, avg 1.0
Singletons: 21, 91.3% of seqs, 95.5% of clusters
Multiple alignments 100%
vsearch v2.30.0_linux_x86_64, 94.1GB RAM, 24 cores
https://github.com/torognes/vsearch

Reading file results/clustering/cdr/comp_VH_R3/cdr3_clusters/cc9b11b9-1ee0-448d-825c-c90b170ad618-IGH.fasta 100%
561 nt in 13 seqs, min 27, max 48, avg 43
Masking 100%
Sorting by length 100%
Counting k-mers 100%
Clustering 100%
Sorting clusters 100%
Writing clusters 100%
Clusters: 9 Size min 1, max 2, avg 1.4
Singletons: 5, 38.5% of seqs, 55.6% of clusters
Multiple alignments 100%
vsearch v2.30.0_linux_x86_64, 94.1GB RAM, 24 cores
https://github.com/torognes/vsearch

Reading file results/clustering/cdr/comp_VH_R3/cdr3_clusters/cc398f06-7ad7-4976-a1af-61f922cbc66b-IGH.fasta 100%
1371 nt in 27 seqs, min 33, max 54, avg 51
Masking 100%
Sorting by length 100%
Counting k-mers 100%
Clustering 100%
Sorting clusters 100%
Writing clusters 100%
Clusters: 15 Size min 1, max 8, avg 1.8
Singletons: 13, 48.1% of seqs, 86.7% of clusters
Multiple alignments 100%
vsearch v2.30.0_linux_x86_64, 94.1GB RAM, 24 cores
https://github.com/torognes/vsearch

Reading file results/clustering/cdr/comp_VH_R3/cdr3_clusters/272c6027-20e8-42da-b6c0-f51f3cbb0aa1-IGH.fasta 100%
528 nt in 13 seqs, min 18, max 57, avg 41
Masking 100%
Sorting by length 100%
Counting k-mers 100%
Clustering 100%
Sorting clusters 100%
Writing clusters 100%
Clusters: 13 Size min 1, max 1, avg 1.0
Singletons: 13, 100.0% of seqs, 100.0% of clusters
Multiple alignments 100%
vsearch v2.30.0_linux_x86_64, 94.1GB RAM, 24 cores
https://github.com/torognes/vsearch

Reading file results/clustering/cdr/comp_VH_R3/cdr3_clusters/8e85d1db-4256-4252-b164-31560a836cb2-IGH.fasta 100%
7832 nt in 199 seqs, min 15, max 57, avg 39
Masking 100%
Sorting by length 100%
Counting k-mers 100%
Clustering 100%
Sorting clusters 100%
Writing clusters 100%
Clusters: 183 Size min 1, max 4, avg 1.1
Singletons: 171, 85.9% of seqs, 93.4% of clusters
Multiple alignments 100%
vsearch v2.30.0_linux_x86_64, 94.1GB RAM, 24 cores
https://github.com/torognes/vsearch

Reading file results/clustering/cdr/comp_VH_R3/cdr3_clusters/2d1477cc-707d-43a2-b3cc-e08967f4425f-IGH.fasta 100%
192 nt in 5 seqs, min 24, max 42, avg 38
Masking 100%
Sorting by length 100%
Counting k-mers 100%
Clustering 100%
Sorting clusters 100%
Writing clusters 100%
Clusters: 3 Size min 1, max 3, avg 1.7
Singletons: 2, 40.0% of seqs, 66.7% of clusters
Multiple alignments 100%
vsearch v2.30.0_linux_x86_64, 94.1GB RAM, 24 cores
https://github.com/torognes/vsearch

Reading file results/clustering/cdr/comp_VH_R3/cdr3_clusters/f63e99e7-53a0-4628-9706-06fa98f4e30a-IGH.fasta 100%
1218 nt in 32 seqs, min 27, max 57, avg 38
Masking 100%
Sorting by length 100%
Counting k-mers 100%
Clustering 100%
Sorting clusters 100%
Writing clusters 100%
Clusters: 29 Size min 1, max 2, avg 1.1
Singletons: 26, 81.2% of seqs, 89.7% of clusters
Multiple alignments 100%
vsearch v2.30.0_linux_x86_64, 94.1GB RAM, 24 cores
https://github.com/torognes/vsearch

Reading file results/clustering/cdr/comp_VH_R3/cdr3_clusters/5d90aac5-10f9-4e97-8892-f2db8c6791ac-IGH.fasta 100%
291 nt in 6 seqs, min 36, max 51, avg 48
Masking 100%
Sorting by length 100%
Counting k-mers 100%
Clustering 100%
Sorting clusters 100%
Writing clusters 100%
Clusters: 3 Size min 1, max 4, avg 2.0
Singletons: 2, 33.3% of seqs, 66.7% of clusters
Multiple alignments 100%
vsearch v2.30.0_linux_x86_64, 94.1GB RAM, 24 cores
https://github.com/torognes/vsearch

Reading file results/clustering/cdr/comp_VH_R3/cdr3_clusters/0b2694ed-7c0e-4a02-ac24-cf4ceda078e1-IGH.fasta 100%
153 nt in 5 seqs, min 27, max 33, avg 31
Masking 100%
Sorting by length 100%
Counting k-mers 100%
Clustering 100%
Sorting clusters 100%
Writing clusters 100%
Clusters: 5 Size min 1, max 1, avg 1.0
Singletons: 5, 100.0% of seqs, 100.0% of clusters
Multiple alignments 100%
vsearch v2.30.0_linux_x86_64, 94.1GB RAM, 24 cores
https://github.com/torognes/vsearch

Reading file results/clustering/cdr/comp_VH_R3/cdr3_clusters/394a9f5d-93cf-4f17-afd6-eb6901e8a064-IGH.fasta 100%
1584 nt in 35 seqs, min 21, max 54, avg 45
Masking 100%
Sorting by length 100%
Counting k-mers 100%
Clustering 100%
Sorting clusters 100%
Writing clusters 100%
Clusters: 21 Size min 1, max 11, avg 1.7
Singletons: 17, 48.6% of seqs, 81.0% of clusters
Multiple alignments 100%
vsearch v2.30.0_linux_x86_64, 94.1GB RAM, 24 cores
https://github.com/torognes/vsearch

Reading file results/clustering/cdr/comp_VH_R3/cdr3_clusters/4717ed37-7267-413b-887a-ff97adfb0e09-IGH.fasta 100%
285 nt in 6 seqs, min 42, max 54, avg 48
Masking 100%
Sorting by length 100%
Counting k-mers 100%
Clustering 100%
Sorting clusters 100%
Writing clusters 100%
Clusters: 6 Size min 1, max 1, avg 1.0
Singletons: 6, 100.0% of seqs, 100.0% of clusters
Multiple alignments 100%
vsearch v2.30.0_linux_x86_64, 94.1GB RAM, 24 cores
https://github.com/torognes/vsearch

Reading file results/clustering/cdr/comp_VH_R3/cdr3_clusters/3eb2cc05-09d4-4ace-8703-c48a4ac2d920-IGH.fasta 100%
32776 nt in 861 seqs, min 15, max 57, avg 38
minseqlength 6: 2 sequences discarded.
Masking 100%
Sorting by length 100%
Counting k-mers 100%
Clustering 100%
Sorting clusters 100%
Writing clusters 100%
Clusters: 741 Size min 1, max 8, avg 1.2
Singletons: 672, 78.0% of seqs, 90.7% of clusters
Multiple alignments 100%
vsearch v2.30.0_linux_x86_64, 94.1GB RAM, 24 cores
https://github.com/torognes/vsearch

Reading file results/clustering/cdr/comp_VH_R3/cdr3_clusters/88d8a1dc-518e-484c-8dfe-57c14c51a0e0-IGH.fasta 100%
0 nt in 0 seqs
minseqlength 6: 20 sequences discarded.
Masking 100%
Sorting by length 100%
Counting k-mers 100%
Clustering 100%
Sorting clusters 100%
Writing clusters 100%
Clusters: 0
Singletons: 0
Multiple alignments 100%
vsearch v2.30.0_linux_x86_64, 94.1GB RAM, 24 cores
https://github.com/torognes/vsearch

Reading file results/clustering/cdr/comp_VH_R3/cdr3_clusters/0044dd7e-2410-486b-bbfe-bfa60abbc573-IGH.fasta 100%
1244 nt in 26 seqs, min 27, max 51, avg 48
Masking 100%
Sorting by length 100%
Counting k-mers 100%
Clustering 100%
Sorting clusters 100%
Writing clusters 100%
Clusters: 14 Size min 1, max 6, avg 1.9
Singletons: 10, 38.5% of seqs, 71.4% of clusters
Multiple alignments 100%
vsearch v2.30.0_linux_x86_64, 94.1GB RAM, 24 cores
https://github.com/torognes/vsearch

Reading file results/clustering/cdr/comp_VH_R3/cdr3_clusters/bf854390-498c-4300-b544-98690c887c97-IGH.fasta 100%
6870 nt in 157 seqs, min 24, max 45, avg 44
Masking 100%
Sorting by length 100%
Counting k-mers 100%
Clustering 100%
Sorting clusters 100%
Writing clusters 100%
Clusters: 42 Size min 1, max 50, avg 3.7
Singletons: 36, 22.9% of seqs, 85.7% of clusters
Multiple alignments 100%
vsearch v2.30.0_linux_x86_64, 94.1GB RAM, 24 cores
https://github.com/torognes/vsearch

Reading file results/clustering/cdr/comp_VH_R3/cdr3_clusters/a393a3b7-405b-4f8f-99fb-41e423290860-IGH.fasta 100%
726 nt in 19 seqs, min 30, max 39, avg 38
Masking 100%
Sorting by length 100%
Counting k-mers 100%
Clustering 100%
Sorting clusters 100%
Writing clusters 100%
Clusters: 8 Size min 1, max 12, avg 2.4
Singletons: 7, 36.8% of seqs, 87.5% of clusters
Multiple alignments 100%
vsearch v2.30.0_linux_x86_64, 94.1GB RAM, 24 cores
https://github.com/torognes/vsearch

Reading file results/clustering/cdr/comp_VH_R3/cdr3_clusters/20e3bdb9-7e90-42f0-938b-1769e2420ea6-IGH.fasta 100%
645 nt in 16 seqs, min 30, max 46, avg 40
minseqlength 6: 4 sequences discarded.
Masking 100%
Sorting by length 100%
Counting k-mers 100%
Clustering 100%
Sorting clusters 100%
Writing clusters 100%
Clusters: 15 Size min 1, max 2, avg 1.1
Singletons: 14, 87.5% of seqs, 93.3% of clusters
Multiple alignments 100%
vsearch v2.30.0_linux_x86_64, 94.1GB RAM, 24 cores
https://github.com/torognes/vsearch

Reading file results/clustering/cdr/comp_VH_R3/cdr3_clusters/c5dc9e3b-283d-4797-b3d4-7b6d179b8eba-IGH.fasta 100%
789 nt in 20 seqs, min 30, max 48, avg 39
Masking 100%
Sorting by length 100%
Counting k-mers 100%
Clustering 100%
Sorting clusters 100%
Writing clusters 100%
Clusters: 20 Size min 1, max 1, avg 1.0
Singletons: 20, 100.0% of seqs, 100.0% of clusters
Multiple alignments 100%
vsearch v2.30.0_linux_x86_64, 94.1GB RAM, 24 cores
https://github.com/torognes/vsearch

Reading file results/clustering/cdr/comp_VH_R3/cdr3_clusters/da35eb4c-b0a9-46da-87d2-003579155d99-IGH.fasta 100%
357 nt in 12 seqs, min 24, max 39, avg 30
Masking 100%
Sorting by length 100%
Counting k-mers 100%
Clustering 100%
Sorting clusters 100%
Writing clusters 100%
Clusters: 10 Size min 1, max 3, avg 1.2
Singletons: 9, 75.0% of seqs, 90.0% of clusters
Multiple alignments 100%
vsearch v2.30.0_linux_x86_64, 94.1GB RAM, 24 cores
https://github.com/torognes/vsearch

Reading file results/clustering/cdr/comp_VH_R3/cdr3_clusters/a54033f3-56b1-4a06-9455-89ed4c99fad0-IGH.fasta 100%
323 nt in 9 seqs, min 33, max 39, avg 36
Masking 100%
Sorting by length 100%
Counting k-mers 100%
Clustering 100%
Sorting clusters 100%
Writing clusters 100%
Clusters: 8 Size min 1, max 2, avg 1.1
Singletons: 7, 77.8% of seqs, 87.5% of clusters
Multiple alignments 100%
vsearch v2.30.0_linux_x86_64, 94.1GB RAM, 24 cores
https://github.com/torognes/vsearch

Reading file results/clustering/cdr/comp_VH_R3/cdr3_clusters/206e3171-ad9f-4172-ad4b-855ff78be1cb-IGH.fasta 100%
960 nt in 22 seqs, min 30, max 51, avg 44
Masking 100%
Sorting by length 100%
Counting k-mers 100%
Clustering 100%
Sorting clusters 100%
Writing clusters 100%
Clusters: 11 Size min 1, max 12, avg 2.0
Singletons: 10, 45.5% of seqs, 90.9% of clusters
Multiple alignments 100%
vsearch v2.30.0_linux_x86_64, 94.1GB RAM, 24 cores
https://github.com/torognes/vsearch

Reading file results/clustering/cdr/comp_VH_R3/cdr3_clusters/41a5043d-c42d-425d-afdb-1f592603fa6f-IGH.fasta 100%
2310 nt in 60 seqs, min 27, max 57, avg 38
Masking 100%
Sorting by length 100%
Counting k-mers 100%
Clustering 100%
Sorting clusters 100%
Writing clusters 100%
Clusters: 48 Size min 1, max 11, avg 1.2
Singletons: 45, 75.0% of seqs, 93.8% of clusters
Multiple alignments 100%
vsearch v2.30.0_linux_x86_64, 94.1GB RAM, 24 cores
https://github.com/torognes/vsearch

Reading file results/clustering/cdr/comp_VH_R3/cdr3_clusters/b35f69d7-d07b-4293-bc8e-e04d3d88f87a-IGH.fasta 100%
615 nt in 18 seqs, min 27, max 39, avg 34
Masking 100%
Sorting by length 100%
Counting k-mers 100%
Clustering 100%
Sorting clusters 100%
Writing clusters 100%
Clusters: 17 Size min 1, max 2, avg 1.1
Singletons: 16, 88.9% of seqs, 94.1% of clusters
Multiple alignments 100%
vsearch v2.30.0_linux_x86_64, 94.1GB RAM, 24 cores
https://github.com/torognes/vsearch

Reading file results/clustering/cdr/comp_VH_R3/cdr3_clusters/0053100f-29dc-4e61-9302-b142350e2d8d-IGH.fasta 100%
381 nt in 10 seqs, min 36, max 39, avg 38
Masking 100%
Sorting by length 100%
Counting k-mers 100%
Clustering 100%
Sorting clusters 100%
Writing clusters 100%
Clusters: 6 Size min 1, max 5, avg 1.7
Singletons: 5, 50.0% of seqs, 83.3% of clusters
Multiple alignments 100%
vsearch v2.30.0_linux_x86_64, 94.1GB RAM, 24 cores
https://github.com/torognes/vsearch

Reading file results/clustering/cdr/comp_VH_R3/cdr3_clusters/4e40b156-4796-467a-a0d9-8a016b5c68b4-IGH.fasta 100%
333 nt in 6 seqs, min 48, max 57, avg 56
Masking 100%
Sorting by length 100%
Counting k-mers 100%
Clustering 100%
Sorting clusters 100%
Writing clusters 100%
Clusters: 4 Size min 1, max 3, avg 1.5
Singletons: 3, 50.0% of seqs, 75.0% of clusters
Multiple alignments 100%
vsearch v2.30.0_linux_x86_64, 94.1GB RAM, 24 cores
https://github.com/torognes/vsearch

Reading file results/clustering/cdr/comp_VH_R3/cdr3_clusters/48e9a6c3-d5f6-40e9-925b-8ac02797a540-IGH.fasta 100%
486 nt in 12 seqs, min 30, max 51, avg 40
Masking 100%
Sorting by length 100%
Counting k-mers 100%
Clustering 100%
Sorting clusters 100%
Writing clusters 100%
Clusters: 11 Size min 1, max 2, avg 1.1
Singletons: 10, 83.3% of seqs, 90.9% of clusters
Multiple alignments 100%
vsearch v2.30.0_linux_x86_64, 94.1GB RAM, 24 cores
https://github.com/torognes/vsearch

Reading file results/clustering/cdr/comp_VH_R3/cdr3_clusters/3520ceb1-cb3e-44c8-895a-c59892e7107a-IGH.fasta 100%
933 nt in 25 seqs, min 27, max 42, avg 37
Masking 100%
Sorting by length 100%
Counting k-mers 100%
Clustering 100%
Sorting clusters 100%
Writing clusters 100%
Clusters: 22 Size min 1, max 2, avg 1.1
Singletons: 19, 76.0% of seqs, 86.4% of clusters
Multiple alignments 100%
vsearch v2.30.0_linux_x86_64, 94.1GB RAM, 24 cores
https://github.com/torognes/vsearch

Reading file results/clustering/cdr/comp_VH_R3/cdr3_clusters/985ab662-2ce7-4e5b-8db4-bed9cef63fed-IGH.fasta 100%
837 nt in 21 seqs, min 15, max 51, avg 40
Masking 100%
Sorting by length 100%
Counting k-mers 100%
Clustering 100%
Sorting clusters 100%
Writing clusters 100%
Clusters: 20 Size min 1, max 2, avg 1.1
Singletons: 19, 90.5% of seqs, 95.0% of clusters
Multiple alignments 100%
vsearch v2.30.0_linux_x86_64, 94.1GB RAM, 24 cores
https://github.com/torognes/vsearch

Reading file results/clustering/cdr/comp_VH_R3/cdr3_clusters/3174da91-7cae-407d-ae5f-39a5232c1518-IGH.fasta 100%
231 nt in 6 seqs, min 30, max 48, avg 38
Masking 100%
Sorting by length 100%
Counting k-mers 100%
Clustering 100%
Sorting clusters 100%
Writing clusters 100%
Clusters: 6 Size min 1, max 1, avg 1.0
Singletons: 6, 100.0% of seqs, 100.0% of clusters
Multiple alignments 100%
vsearch v2.30.0_linux_x86_64, 94.1GB RAM, 24 cores
https://github.com/torognes/vsearch

Reading file results/clustering/cdr/comp_VH_R3/cdr3_clusters/f2eba70b-011b-4df7-82c4-f831916ab6fe-IGH.fasta 100%
627 nt in 13 seqs, min 36, max 54, avg 48
Masking 100%
Sorting by length 100%
Counting k-mers 100%
Clustering 100%
Sorting clusters 100%
Writing clusters 100%
Clusters: 12 Size min 1, max 2, avg 1.1
Singletons: 11, 84.6% of seqs, 91.7% of clusters
Multiple alignments 100%
vsearch v2.30.0_linux_x86_64, 94.1GB RAM, 24 cores
https://github.com/torognes/vsearch

Reading file results/clustering/cdr/comp_VH_R3/cdr3_clusters/ccabcf4a-05ae-42a3-bffe-3ada7de0fdca-IGH.fasta 100%
444 nt in 11 seqs, min 27, max 48, avg 40
Masking 100%
Sorting by length 100%
Counting k-mers 100%
Clustering 100%
Sorting clusters 100%
Writing clusters 100%
Clusters: 8 Size min 1, max 3, avg 1.4
Singletons: 6, 54.5% of seqs, 75.0% of clusters
Multiple alignments 100%
vsearch v2.30.0_linux_x86_64, 94.1GB RAM, 24 cores
https://github.com/torognes/vsearch

Reading file results/clustering/cdr/comp_VH_R3/cdr3_clusters/9593fbb4-0a2b-42f2-9ec2-58ed4fffd58e-IGH.fasta 100%
766 nt in 18 seqs, min 24, max 54, avg 43
Masking 100%
Sorting by length 100%
Counting k-mers 100%
Clustering 100%
Sorting clusters 100%
Writing clusters 100%
Clusters: 18 Size min 1, max 1, avg 1.0
Singletons: 18, 100.0% of seqs, 100.0% of clusters
Multiple alignments 100%
vsearch v2.30.0_linux_x86_64, 94.1GB RAM, 24 cores
https://github.com/torognes/vsearch

Reading file results/clustering/cdr/comp_VH_R3/cdr3_clusters/a01daf2b-9fbb-4741-8831-757afd6760bc-IGH.fasta 100%
9209 nt in 221 seqs, min 18, max 54, avg 42
Masking 100%
Sorting by length 100%
Counting k-mers 100%
Clustering 100%
Sorting clusters 100%
Writing clusters 100%
Clusters: 167 Size min 1, max 9, avg 1.3
Singletons: 149, 67.4% of seqs, 89.2% of clusters
Multiple alignments 100%
vsearch v2.30.0_linux_x86_64, 94.1GB RAM, 24 cores
https://github.com/torognes/vsearch

Reading file results/clustering/cdr/comp_VH_R3/cdr3_clusters/0d54e849-c969-445a-981a-74863a2c08d8-IGH.fasta 100%
180 nt in 7 seqs, min 24, max 36, avg 26
Masking 100%
Sorting by length 100%
Counting k-mers 100%
Clustering 100%
Sorting clusters 100%
Writing clusters 100%
Clusters: 3 Size min 1, max 5, avg 2.3
Singletons: 2, 28.6% of seqs, 66.7% of clusters
Multiple alignments 100%
vsearch v2.30.0_linux_x86_64, 94.1GB RAM, 24 cores
https://github.com/torognes/vsearch

Reading file results/clustering/cdr/comp_VH_R3/cdr3_clusters/d6f0b0aa-00eb-4638-a2b3-b7f7501cdddc-IGH.fasta 100%
1404 nt in 52 seqs, min 15, max 39, avg 27
Masking 100%
Sorting by length 100%
Counting k-mers 100%
Clustering 100%
Sorting clusters 100%
Writing clusters 100%
Clusters: 45 Size min 1, max 3, avg 1.2
Singletons: 39, 75.0% of seqs, 86.7% of clusters
Multiple alignments 100%
vsearch v2.30.0_linux_x86_64, 94.1GB RAM, 24 cores
https://github.com/torognes/vsearch

Reading file results/clustering/cdr/comp_VH_R3/cdr3_clusters/f06c453f-8f23-4c82-8709-d0fcc4c0d540-IGH.fasta 100%
204 nt in 7 seqs, min 18, max 33, avg 29
Masking 100%
Sorting by length 100%
Counting k-mers 100%
Clustering 100%
Sorting clusters 100%
Writing clusters 100%
Clusters: 3 Size min 1, max 5, avg 2.3
Singletons: 2, 28.6% of seqs, 66.7% of clusters
Multiple alignments 100%
vsearch v2.30.0_linux_x86_64, 94.1GB RAM, 24 cores
https://github.com/torognes/vsearch

Reading file results/clustering/cdr/comp_VH_R3/cdr3_clusters/676ea68f-9fb0-499b-9037-56256094914b-IGH.fasta 100%
0 nt in 0 seqs
minseqlength 6: 17 sequences discarded.
Masking 100%
Sorting by length 100%
Counting k-mers 100%
Clustering 100%
Sorting clusters 100%
Writing clusters 100%
Clusters: 0
Singletons: 0
Multiple alignments 100%
vsearch v2.30.0_linux_x86_64, 94.1GB RAM, 24 cores
https://github.com/torognes/vsearch

Reading file results/clustering/cdr/comp_VH_R3/cdr3_clusters/e1a90393-726e-4097-ab08-ac3c54721e5c-IGH.fasta 100%
465 nt in 12 seqs, min 27, max 45, avg 39
minseqlength 6: 1 sequence discarded.
Masking 100%
Sorting by length 100%
Counting k-mers 100%
Clustering 100%
Sorting clusters 100%
Writing clusters 100%
Clusters: 11 Size min 1, max 2, avg 1.1
Singletons: 10, 83.3% of seqs, 90.9% of clusters
Multiple alignments 100%
vsearch v2.30.0_linux_x86_64, 94.1GB RAM, 24 cores
https://github.com/torognes/vsearch

Reading file results/clustering/cdr/comp_VH_R3/cdr3_clusters/a365afd2-6807-4f98-a1ee-a70f1143d4e9-IGH.fasta 100%
573 nt in 17 seqs, min 30, max 42, avg 34
Masking 100%
Sorting by length 100%
Counting k-mers 100%
Clustering 100%
Sorting clusters 100%
Writing clusters 100%
Clusters: 9 Size min 1, max 9, avg 1.9
Singletons: 8, 47.1% of seqs, 88.9% of clusters
Multiple alignments 100%
vsearch v2.30.0_linux_x86_64, 94.1GB RAM, 24 cores
https://github.com/torognes/vsearch

Reading file results/clustering/cdr/comp_VH_R3/cdr3_clusters/d29d94b3-61af-4f93-8298-ed313272f564-IGH.fasta 100%
147 nt in 5 seqs, min 18, max 57, avg 29
Masking 100%
Sorting by length 100%
Counting k-mers 100%
Clustering 100%
Sorting clusters 100%
Writing clusters 100%
Clusters: 3 Size min 1, max 3, avg 1.7
Singletons: 2, 40.0% of seqs, 66.7% of clusters
Multiple alignments 100%
vsearch v2.30.0_linux_x86_64, 94.1GB RAM, 24 cores
https://github.com/torognes/vsearch

Reading file results/clustering/cdr/comp_VH_R3/cdr3_clusters/fe1bee0a-89ab-4fbe-be20-3ea9386cc8dc-IGH.fasta 100%
1268 nt in 33 seqs, min 21, max 51, avg 38
Masking 100%
Sorting by length 100%
Counting k-mers 100%
Clustering 100%
Sorting clusters 100%
Writing clusters 100%
Clusters: 32 Size min 1, max 2, avg 1.0
Singletons: 31, 93.9% of seqs, 96.9% of clusters
Multiple alignments 100%
vsearch v2.30.0_linux_x86_64, 94.1GB RAM, 24 cores
https://github.com/torognes/vsearch

Reading file results/clustering/cdr/comp_VH_R3/cdr3_clusters/c4e90cd6-b225-4799-a471-72fa8182ada8-IGH.fasta 100%
330 nt in 8 seqs, min 36, max 48, avg 41
Masking 100%
Sorting by length 100%
Counting k-mers 100%
Clustering 100%
Sorting clusters 100%
Writing clusters 100%
Clusters: 8 Size min 1, max 1, avg 1.0
Singletons: 8, 100.0% of seqs, 100.0% of clusters
Multiple alignments 100%
vsearch v2.30.0_linux_x86_64, 94.1GB RAM, 24 cores
https://github.com/torognes/vsearch

Reading file results/clustering/cdr/comp_VH_R3/cdr3_clusters/b39a8c3a-006b-45d3-bd71-3572daa718b0-IGH.fasta 100%
151 nt in 4 seqs, min 29, max 46, avg 38
minseqlength 6: 2 sequences discarded.
Masking 100%
Sorting by length 100%
Counting k-mers 100%
Clustering 100%
Sorting clusters 100%
Writing clusters 100%
Clusters: 4 Size min 1, max 1, avg 1.0
Singletons: 4, 100.0% of seqs, 100.0% of clusters
Multiple alignments 100%
vsearch v2.30.0_linux_x86_64, 94.1GB RAM, 24 cores
https://github.com/torognes/vsearch

Reading file results/clustering/cdr/comp_VH_R3/cdr3_clusters/8c1b428b-5f38-4ac2-9938-ab08193067d1-IGH.fasta 100%
378 nt in 16 seqs, min 15, max 39, avg 24
Masking 100%
Sorting by length 100%
Counting k-mers 100%
Clustering 100%
Sorting clusters 100%
Writing clusters 100%
Clusters: 15 Size min 1, max 2, avg 1.1
Singletons: 14, 87.5% of seqs, 93.3% of clusters
Multiple alignments 100%
vsearch v2.30.0_linux_x86_64, 94.1GB RAM, 24 cores
https://github.com/torognes/vsearch

Reading file results/clustering/cdr/comp_VH_R3/cdr3_clusters/3378ee4f-01cd-4737-a594-23471b6bb5ae-IGH.fasta 100%
462 nt in 15 seqs, min 18, max 36, avg 31
Masking 100%
Sorting by length 100%
Counting k-mers 100%
Clustering 100%
Sorting clusters 100%
Writing clusters 100%
Clusters: 13 Size min 1, max 3, avg 1.2
Singletons: 12, 80.0% of seqs, 92.3% of clusters
Multiple alignments 100%
vsearch v2.30.0_linux_x86_64, 94.1GB RAM, 24 cores
https://github.com/torognes/vsearch

Reading file results/clustering/cdr/comp_VH_R3/cdr3_clusters/18ffd7dd-fe69-479c-9b0a-06ea1b6062df-IGH.fasta 100%
0 nt in 0 seqs
minseqlength 6: 45 sequences discarded.
Masking 100%
Sorting by length 100%
Counting k-mers 100%
Clustering 100%
Sorting clusters 100%
Writing clusters 100%
Clusters: 0
Singletons: 0
Multiple alignments 100%
vsearch v2.30.0_linux_x86_64, 94.1GB RAM, 24 cores
https://github.com/torognes/vsearch

Reading file results/clustering/cdr/comp_VH_R3/cdr3_clusters/f16ae09f-803d-43ce-976d-c2c75f865bd7-IGH.fasta 100%
1121 nt in 27 seqs, min 27, max 48, avg 42
Masking 100%
Sorting by length 100%
Counting k-mers 100%
Clustering 100%
Sorting clusters 100%
Writing clusters 100%
Clusters: 25 Size min 1, max 2, avg 1.1
Singletons: 23, 85.2% of seqs, 92.0% of clusters
Multiple alignments 100%
vsearch v2.30.0_linux_x86_64, 94.1GB RAM, 24 cores
https://github.com/torognes/vsearch

Reading file results/clustering/cdr/comp_VH_R3/cdr3_clusters/25a0f78a-bb14-4b2f-b931-45ce5ae168c4-IGH.fasta 100%
72840 nt in 1723 seqs, min 15, max 68, avg 42
minseqlength 6: 5 sequences discarded.
Masking 100%
Sorting by length 100%
Counting k-mers 100%
Clustering 100%
Sorting clusters 100%
Writing clusters 100%
Clusters: 1392 Size min 1, max 15, avg 1.2
Singletons: 1211, 70.3% of seqs, 87.0% of clusters
Multiple alignments 100%
vsearch v2.30.0_linux_x86_64, 94.1GB RAM, 24 cores
https://github.com/torognes/vsearch

Reading file results/clustering/cdr/comp_VH_R3/cdr3_clusters/05dc4c40-18e9-434a-a0b7-2b3fda0ceea6-IGH.fasta 100%
0 nt in 0 seqs
minseqlength 6: 57 sequences discarded.
Masking 100%
Sorting by length 100%
Counting k-mers 100%
Clustering 100%
Sorting clusters 100%
Writing clusters 100%
Clusters: 0
Singletons: 0
Multiple alignments 100%
vsearch v2.30.0_linux_x86_64, 94.1GB RAM, 24 cores
https://github.com/torognes/vsearch

Reading file results/clustering/cdr/comp_VH_R3/cdr3_clusters/0c691aea-e97f-4aac-a1fd-ff9dbf6a9605-IGH.fasta 100%
2289 nt in 46 seqs, min 27, max 57, avg 50
Masking 100%
Sorting by length 100%
Counting k-mers 100%
Clustering 100%
Sorting clusters 100%
Writing clusters 100%
Clusters: 42 Size min 1, max 3, avg 1.1
Singletons: 39, 84.8% of seqs, 92.9% of clusters
Multiple alignments 100%
vsearch v2.30.0_linux_x86_64, 94.1GB RAM, 24 cores
https://github.com/torognes/vsearch

Reading file results/clustering/cdr/comp_VH_R3/cdr3_clusters/781062f3-0c1a-4729-9626-5376b4d7e64f-IGH.fasta 100%
0 nt in 0 seqs
minseqlength 6: 5 sequences discarded.
Masking 100%
Sorting by length 100%
Counting k-mers 100%
Clustering 100%
Sorting clusters 100%
Writing clusters 100%
Clusters: 0
Singletons: 0
Multiple alignments 100%
vsearch v2.30.0_linux_x86_64, 94.1GB RAM, 24 cores
https://github.com/torognes/vsearch

Reading file results/clustering/cdr/comp_VH_R3/cdr3_clusters/fa821c5a-a5d7-4655-ba37-f64872e83bc0-IGH.fasta 100%
294 nt in 6 seqs, min 36, max 72, avg 49
Masking 100%
Sorting by length 100%
Counting k-mers 100%
Clustering 100%
Sorting clusters 100%
Writing clusters 100%
Clusters: 6 Size min 1, max 1, avg 1.0
Singletons: 6, 100.0% of seqs, 100.0% of clusters
Multiple alignments 100%
vsearch v2.30.0_linux_x86_64, 94.1GB RAM, 24 cores
https://github.com/torognes/vsearch

Reading file results/clustering/cdr/comp_VH_R3/cdr3_clusters/2240f307-fc61-43e0-9c00-44e5fbee1dea-IGH.fasta 100%
522 nt in 10 seqs, min 48, max 57, avg 52
Masking 100%
Sorting by length 100%
Counting k-mers 100%
Clustering 100%
Sorting clusters 100%
Writing clusters 100%
Clusters: 10 Size min 1, max 1, avg 1.0
Singletons: 10, 100.0% of seqs, 100.0% of clusters
Multiple alignments 100%
vsearch v2.30.0_linux_x86_64, 94.1GB RAM, 24 cores
https://github.com/torognes/vsearch

Reading file results/clustering/cdr/comp_VH_R3/cdr3_clusters/5ad9a766-f2d7-42df-a55f-51a027a79d77-IGH.fasta 100%
309 nt in 8 seqs, min 36, max 39, avg 39
Masking 100%
Sorting by length 100%
Counting k-mers 100%
Clustering 100%
Sorting clusters 100%
Writing clusters 100%
Clusters: 4 Size min 1, max 5, avg 2.0
Singletons: 3, 37.5% of seqs, 75.0% of clusters
Multiple alignments 100%
vsearch v2.30.0_linux_x86_64, 94.1GB RAM, 24 cores
https://github.com/torognes/vsearch

Reading file results/clustering/cdr/comp_VH_R3/cdr3_clusters/6c9fc26d-fd2c-4107-94f0-02ab7cd18d23-IGH.fasta 100%
1410 nt in 52 seqs, min 15, max 42, avg 27
Masking 100%
Sorting by length 100%
Counting k-mers 100%
Clustering 100%
Sorting clusters 100%
Writing clusters 100%
Clusters: 36 Size min 1, max 7, avg 1.4
Singletons: 30, 57.7% of seqs, 83.3% of clusters
Multiple alignments 100%
vsearch v2.30.0_linux_x86_64, 94.1GB RAM, 24 cores
https://github.com/torognes/vsearch

Reading file results/clustering/cdr/comp_VH_R3/cdr3_clusters/c594a7a8-8d63-4a84-8887-a0aad60a226b-IGH.fasta 100%
13813 nt in 329 seqs, min 18, max 60, avg 42
minseqlength 6: 3 sequences discarded.
Masking 100%
Sorting by length 100%
Counting k-mers 100%
Clustering 100%
Sorting clusters 100%
Writing clusters 100%
Clusters: 281 Size min 1, max 7, avg 1.2
Singletons: 258, 78.4% of seqs, 91.8% of clusters
Multiple alignments 100%
vsearch v2.30.0_linux_x86_64, 94.1GB RAM, 24 cores
https://github.com/torognes/vsearch

Reading file results/clustering/cdr/comp_VH_R3/cdr3_clusters/174c45f8-a7f9-4073-b362-e1e50305b530-IGH.fasta 100%
337 nt in 9 seqs, min 33, max 42, avg 37
Masking 100%
Sorting by length 100%
Counting k-mers 100%
Clustering 100%
Sorting clusters 100%
Writing clusters 100%
Clusters: 7 Size min 1, max 2, avg 1.3
Singletons: 5, 55.6% of seqs, 71.4% of clusters
Multiple alignments 100%
vsearch v2.30.0_linux_x86_64, 94.1GB RAM, 24 cores
https://github.com/torognes/vsearch

Reading file results/clustering/cdr/comp_VH_R3/cdr3_clusters/c50d5619-1952-4760-ace2-351a19d5eaf9-IGH.fasta 100%
1059 nt in 23 seqs, min 27, max 51, avg 46
Masking 100%
Sorting by length 100%
Counting k-mers 100%
Clustering 100%
Sorting clusters 100%
Writing clusters 100%
Clusters: 16 Size min 1, max 6, avg 1.4
Singletons: 13, 56.5% of seqs, 81.2% of clusters
Multiple alignments 100%
vsearch v2.30.0_linux_x86_64, 94.1GB RAM, 24 cores
https://github.com/torognes/vsearch

Reading file results/clustering/cdr/comp_VH_R3/cdr3_clusters/444e0c41-a795-4e36-a5c1-b7edc1cb1f29-IGH.fasta 100%
525 nt in 12 seqs, min 33, max 54, avg 44
Masking 100%
Sorting by length 100%
Counting k-mers 100%
Clustering 100%
Sorting clusters 100%
Writing clusters 100%
Clusters: 4 Size min 1, max 8, avg 3.0
Singletons: 2, 16.7% of seqs, 50.0% of clusters
Multiple alignments 100%
vsearch v2.30.0_linux_x86_64, 94.1GB RAM, 24 cores
https://github.com/torognes/vsearch

Reading file results/clustering/cdr/comp_VH_R3/cdr3_clusters/fa5c9916-1f1e-4385-a2d5-6655864f033f-IGH.fasta 100%
4835 nt in 115 seqs, min 27, max 54, avg 42
Masking 100%
Sorting by length 100%
Counting k-mers 100%
Clustering 100%
Sorting clusters 100%
Writing clusters 100%
Clusters: 91 Size min 1, max 17, avg 1.3
Singletons: 84, 73.0% of seqs, 92.3% of clusters
Multiple alignments 100%
vsearch v2.30.0_linux_x86_64, 94.1GB RAM, 24 cores
https://github.com/torognes/vsearch

Reading file results/clustering/cdr/comp_VH_R3/cdr3_clusters/7a8397ed-9ef6-4135-86ee-2f96e8ea425e-IGH.fasta 100%
366 nt in 9 seqs, min 30, max 48, avg 41
Masking 100%
Sorting by length 100%
Counting k-mers 100%
Clustering 100%
Sorting clusters 100%
Writing clusters 100%
Clusters: 9 Size min 1, max 1, avg 1.0
Singletons: 9, 100.0% of seqs, 100.0% of clusters
Multiple alignments 100%
vsearch v2.30.0_linux_x86_64, 94.1GB RAM, 24 cores
https://github.com/torognes/vsearch

Reading file results/clustering/cdr/comp_VH_R3/cdr3_clusters/28eb153e-49a5-408f-9017-a36a95029ee1-IGH.fasta 100%
285 nt in 6 seqs, min 36, max 54, avg 48
Masking 100%
Sorting by length 100%
Counting k-mers 100%
Clustering 100%
Sorting clusters 100%
Writing clusters 100%
Clusters: 5 Size min 1, max 2, avg 1.2
Singletons: 4, 66.7% of seqs, 80.0% of clusters
Multiple alignments 100%
vsearch v2.30.0_linux_x86_64, 94.1GB RAM, 24 cores
https://github.com/torognes/vsearch

Reading file results/clustering/cdr/comp_VH_R3/cdr3_clusters/710930f8-50dc-4c81-9aa5-4f0239847385-IGH.fasta 100%
1008 nt in 28 seqs, min 18, max 45, avg 36
Masking 100%
Sorting by length 100%
Counting k-mers 100%
Clustering 100%
Sorting clusters 100%
Writing clusters 100%
Clusters: 27 Size min 1, max 2, avg 1.0
Singletons: 26, 92.9% of seqs, 96.3% of clusters
Multiple alignments 100%
vsearch v2.30.0_linux_x86_64, 94.1GB RAM, 24 cores
https://github.com/torognes/vsearch

Reading file results/clustering/cdr/comp_VH_R3/cdr3_clusters/ff834cab-f613-4fd0-adcc-72acccbdf164-IGH.fasta 100%
870 nt in 24 seqs, min 18, max 42, avg 36
Masking 100%
Sorting by length 100%
Counting k-mers 100%
Clustering 100%
Sorting clusters 100%
Writing clusters 100%
Clusters: 18 Size min 1, max 4, avg 1.3
Singletons: 15, 62.5% of seqs, 83.3% of clusters
Multiple alignments 100%
vsearch v2.30.0_linux_x86_64, 94.1GB RAM, 24 cores
https://github.com/torognes/vsearch

Reading file results/clustering/cdr/comp_VH_R3/cdr3_clusters/1680ef73-fd23-4882-97d3-d32174ce6558-IGH.fasta 100%
456 nt in 11 seqs, min 30, max 51, avg 41
Masking 100%
Sorting by length 100%
Counting k-mers 100%
Clustering 100%
Sorting clusters 100%
Writing clusters 100%
Clusters: 10 Size min 1, max 2, avg 1.1
Singletons: 9, 81.8% of seqs, 90.0% of clusters
Multiple alignments 100%
vsearch v2.30.0_linux_x86_64, 94.1GB RAM, 24 cores
https://github.com/torognes/vsearch

Reading file results/clustering/cdr/comp_VH_R3/cdr3_clusters/cfd28fa3-3d93-4e55-8ff2-faf27881d0b5-IGH.fasta 100%
486 nt in 13 seqs, min 30, max 54, avg 37
Masking 100%
Sorting by length 100%
Counting k-mers 100%
Clustering 100%
Sorting clusters 100%
Writing clusters 100%
Clusters: 13 Size min 1, max 1, avg 1.0
Singletons: 13, 100.0% of seqs, 100.0% of clusters
Multiple alignments 100%
vsearch v2.30.0_linux_x86_64, 94.1GB RAM, 24 cores
https://github.com/torognes/vsearch

Reading file results/clustering/cdr/comp_VH_R3/cdr3_clusters/96e264b8-28f9-4244-9513-d32631adb5e6-IGH.fasta 100%
441 nt in 11 seqs, min 30, max 51, avg 40
Masking 100%
Sorting by length 100%
Counting k-mers 100%
Clustering 100%
Sorting clusters 100%
Writing clusters 100%
Clusters: 11 Size min 1, max 1, avg 1.0
Singletons: 11, 100.0% of seqs, 100.0% of clusters
Multiple alignments 100%
vsearch v2.30.0_linux_x86_64, 94.1GB RAM, 24 cores
https://github.com/torognes/vsearch

Reading file results/clustering/cdr/comp_VH_R3/cdr3_clusters/4ccc8b6f-0941-4954-afee-030bbb5808f1-IGH.fasta 100%
1158 nt in 25 seqs, min 27, max 54, avg 46
Masking 100%
Sorting by length 100%
Counting k-mers 100%
Clustering 100%
Sorting clusters 100%
Writing clusters 100%
Clusters: 24 Size min 1, max 2, avg 1.0
Singletons: 23, 92.0% of seqs, 95.8% of clusters
Multiple alignments 100%
vsearch v2.30.0_linux_x86_64, 94.1GB RAM, 24 cores
https://github.com/torognes/vsearch

Reading file results/clustering/cdr/comp_VH_R3/cdr3_clusters/e04292b3-0739-430c-86cc-8c69d8bae3d3-IGH.fasta 100%
841 nt in 15 seqs, min 45, max 75, avg 56
minseqlength 6: 1 sequence discarded.
Masking 100%
Sorting by length 100%
Counting k-mers 100%
Clustering 100%
Sorting clusters 100%
Writing clusters 100%
Clusters: 10 Size min 1, max 3, avg 1.5
Singletons: 7, 46.7% of seqs, 70.0% of clusters
Multiple alignments 100%
vsearch v2.30.0_linux_x86_64, 94.1GB RAM, 24 cores
https://github.com/torognes/vsearch

Reading file results/clustering/cdr/comp_VH_R3/cdr3_clusters/a7c2b99c-51b8-4fc0-b257-3c3463236370-IGH.fasta 100%
201 nt in 5 seqs, min 33, max 48, avg 40
Masking 100%
Sorting by length 100%
Counting k-mers 100%
Clustering 100%
Sorting clusters 100%
Writing clusters 100%
Clusters: 5 Size min 1, max 1, avg 1.0
Singletons: 5, 100.0% of seqs, 100.0% of clusters
Multiple alignments 100%
vsearch v2.30.0_linux_x86_64, 94.1GB RAM, 24 cores
https://github.com/torognes/vsearch

Reading file results/clustering/cdr/comp_VH_R3/cdr3_clusters/a4c6e312-b70d-47a6-b0b1-f009c0c177ef-IGH.fasta 100%
537 nt in 14 seqs, min 36, max 51, avg 38
Masking 100%
Sorting by length 100%
Counting k-mers 100%
Clustering 100%
Sorting clusters 100%
Writing clusters 100%
Clusters: 6 Size min 1, max 9, avg 2.3
Singletons: 5, 35.7% of seqs, 83.3% of clusters
Multiple alignments 100%
vsearch v2.30.0_linux_x86_64, 94.1GB RAM, 24 cores
https://github.com/torognes/vsearch

Reading file results/clustering/cdr/comp_VH_R3/cdr3_clusters/73df20b2-fad3-42ba-82b1-70e40992865d-IGH.fasta 100%
306 nt in 17 seqs, min 18, max 18, avg 18
Masking 100%
Sorting by length 100%
Counting k-mers 100%
Clustering 100%
Sorting clusters 100%
Writing clusters 100%
Clusters: 5 Size min 1, max 8, avg 3.4
Singletons: 2, 11.8% of seqs, 40.0% of clusters
Multiple alignments 100%
vsearch v2.30.0_linux_x86_64, 94.1GB RAM, 24 cores
https://github.com/torognes/vsearch

Reading file results/clustering/cdr/comp_VH_R3/cdr3_clusters/b7654b8d-fd14-4e95-be03-47211374e039-IGH.fasta 100%
2556 nt in 63 seqs, min 27, max 51, avg 41
Masking 100%
Sorting by length 100%
Counting k-mers 100%
Clustering 100%
Sorting clusters 100%
Writing clusters 100%
Clusters: 58 Size min 1, max 3, avg 1.1
Singletons: 54, 85.7% of seqs, 93.1% of clusters
Multiple alignments 100%
vsearch v2.30.0_linux_x86_64, 94.1GB RAM, 24 cores
https://github.com/torognes/vsearch

Reading file results/clustering/cdr/comp_VH_R3/cdr3_clusters/cd7c57b2-2ff4-4f92-967b-cb50b70084fc-IGH.fasta 100%
195 nt in 7 seqs, min 15, max 36, avg 28
Masking 100%
Sorting by length 100%
Counting k-mers 100%
Clustering 100%
Sorting clusters 100%
Writing clusters 100%
Clusters: 7 Size min 1, max 1, avg 1.0
Singletons: 7, 100.0% of seqs, 100.0% of clusters
Multiple alignments 100%
vsearch v2.30.0_linux_x86_64, 94.1GB RAM, 24 cores
https://github.com/torognes/vsearch

Reading file results/clustering/cdr/comp_VH_R3/cdr3_clusters/b38aa50c-ed78-437a-8302-fe8dec58561e-IGH.fasta 100%
720 nt in 24 seqs, min 18, max 36, avg 30
minseqlength 6: 1 sequence discarded.
Masking 100%
Sorting by length 100%
Counting k-mers 100%
Clustering 100%
Sorting clusters 100%
Writing clusters 100%
Clusters: 22 Size min 1, max 2, avg 1.1
Singletons: 20, 83.3% of seqs, 90.9% of clusters
Multiple alignments 100%
vsearch v2.30.0_linux_x86_64, 94.1GB RAM, 24 cores
https://github.com/torognes/vsearch

Reading file results/clustering/cdr/comp_VH_R3/cdr3_clusters/007473f6-9e20-4cfc-aa25-5936d8cc4b09-IGH.fasta 100%
2499 nt in 63 seqs, min 15, max 48, avg 40
Masking 100%
Sorting by length 100%
Counting k-mers 100%
Clustering 100%
Sorting clusters 100%
Writing clusters 100%
Clusters: 29 Size min 1, max 20, avg 2.2
Singletons: 23, 36.5% of seqs, 79.3% of clusters
Multiple alignments 100%
vsearch v2.30.0_linux_x86_64, 94.1GB RAM, 24 cores
https://github.com/torognes/vsearch

Reading file results/clustering/cdr/comp_VH_R3/cdr3_clusters/1fcf135c-3706-4981-890b-11d837cc1331-IGH.fasta 100%
525 nt in 13 seqs, min 33, max 45, avg 40
Masking 100%
Sorting by length 100%
Counting k-mers 100%
Clustering 100%
Sorting clusters 100%
Writing clusters 100%
Clusters: 13 Size min 1, max 1, avg 1.0
Singletons: 13, 100.0% of seqs, 100.0% of clusters
Multiple alignments 100%
vsearch v2.30.0_linux_x86_64, 94.1GB RAM, 24 cores
https://github.com/torognes/vsearch

Reading file results/clustering/cdr/comp_VH_R3/cdr3_clusters/07ff3afc-36c3-4c0c-89bd-ca9343920e84-IGH.fasta 100%
0 nt in 0 seqs
minseqlength 6: 11 sequences discarded.
Masking 100%
Sorting by length 100%
Counting k-mers 100%
Clustering 100%
Sorting clusters 100%
Writing clusters 100%
Clusters: 0
Singletons: 0
Multiple alignments 100%
vsearch v2.30.0_linux_x86_64, 94.1GB RAM, 24 cores
https://github.com/torognes/vsearch

Reading file results/clustering/cdr/comp_VH_R3/cdr3_clusters/31a8e423-50df-490d-8a8a-1b236a39fbdb-IGH.fasta 100%
228 nt in 5 seqs, min 24, max 54, avg 46
Masking 100%
Sorting by length 100%
Counting k-mers 100%
Clustering 100%
Sorting clusters 100%
Writing clusters 100%
Clusters: 3 Size min 1, max 3, avg 1.7
Singletons: 2, 40.0% of seqs, 66.7% of clusters
Multiple alignments 100%
vsearch v2.30.0_linux_x86_64, 94.1GB RAM, 24 cores
https://github.com/torognes/vsearch

Reading file results/clustering/cdr/comp_VH_R3/cdr3_clusters/20176bde-7555-45a2-8094-d9209f91c740-IGH.fasta 100%
993 nt in 24 seqs, min 36, max 42, avg 41
Masking 100%
Sorting by length 100%
Counting k-mers 100%
Clustering 100%
Sorting clusters 100%
Writing clusters 100%
Clusters: 8 Size min 1, max 17, avg 3.0
Singletons: 7, 29.2% of seqs, 87.5% of clusters
Multiple alignments 100%
vsearch v2.30.0_linux_x86_64, 94.1GB RAM, 24 cores
https://github.com/torognes/vsearch

Reading file results/clustering/cdr/comp_VH_R3/cdr3_clusters/03474093-c0fa-48ce-b3ad-e684f34e0ca8-IGH.fasta 100%
2346 nt in 67 seqs, min 24, max 42, avg 35
Masking 100%
Sorting by length 100%
Counting k-mers 100%
Clustering 100%
Sorting clusters 100%
Writing clusters 100%
Clusters: 61 Size min 1, max 2, avg 1.1
Singletons: 55, 82.1% of seqs, 90.2% of clusters
Multiple alignments 100%
vsearch v2.30.0_linux_x86_64, 94.1GB RAM, 24 cores
https://github.com/torognes/vsearch

Reading file results/clustering/cdr/comp_VH_R3/cdr3_clusters/23d6589a-5ddd-47c2-8741-8c4fad6105d5-IGH.fasta 100%
1137 nt in 24 seqs, min 33, max 54, avg 47
Masking 100%
Sorting by length 100%
Counting k-mers 100%
Clustering 100%
Sorting clusters 100%
Writing clusters 100%
Clusters: 24 Size min 1, max 1, avg 1.0
Singletons: 24, 100.0% of seqs, 100.0% of clusters
Multiple alignments 100%
vsearch v2.30.0_linux_x86_64, 94.1GB RAM, 24 cores
https://github.com/torognes/vsearch

Reading file results/clustering/cdr/comp_VH_R3/cdr3_clusters/01aebd01-7a87-4c99-af6a-9a436e4ba80d-IGH.fasta 100%
0 nt in 0 seqs
minseqlength 6: 9 sequences discarded.
Masking 100%
Sorting by length 100%
Counting k-mers 100%
Clustering 100%
Sorting clusters 100%
Writing clusters 100%
Clusters: 0
Singletons: 0
Multiple alignments 100%
vsearch v2.30.0_linux_x86_64, 94.1GB RAM, 24 cores
https://github.com/torognes/vsearch

Reading file results/clustering/cdr/comp_VH_R3/cdr3_clusters/41bc0460-6a6e-4639-87a9-c83acaf3e110-IGH.fasta 100%
238 nt in 9 seqs, min 13, max 45, avg 26
Masking 100%
Sorting by length 100%
Counting k-mers 100%
Clustering 100%
Sorting clusters 100%
Writing clusters 100%
Clusters: 5 Size min 1, max 4, avg 1.8
Singletons: 3, 33.3% of seqs, 60.0% of clusters
Multiple alignments 100%
vsearch v2.30.0_linux_x86_64, 94.1GB RAM, 24 cores
https://github.com/torognes/vsearch

Reading file results/clustering/cdr/comp_VH_R3/cdr3_clusters/508f19f4-3327-49bd-b62e-67a44198b26b-IGH.fasta 100%
231 nt in 6 seqs, min 33, max 48, avg 38
Masking 100%
Sorting by length 100%
Counting k-mers 100%
Clustering 100%
Sorting clusters 100%
Writing clusters 100%
Clusters: 6 Size min 1, max 1, avg 1.0
Singletons: 6, 100.0% of seqs, 100.0% of clusters
Multiple alignments 100%
vsearch v2.30.0_linux_x86_64, 94.1GB RAM, 24 cores
https://github.com/torognes/vsearch

Reading file results/clustering/cdr/comp_VH_R3/cdr3_clusters/54e06305-2890-4d0c-a339-943168c27da9-IGH.fasta 100%
282 nt in 8 seqs, min 30, max 39, avg 35
Masking 100%
Sorting by length 100%
Counting k-mers 100%
Clustering 100%
Sorting clusters 100%
Writing clusters 100%
Clusters: 8 Size min 1, max 1, avg 1.0
Singletons: 8, 100.0% of seqs, 100.0% of clusters
Multiple alignments 100%
vsearch v2.30.0_linux_x86_64, 94.1GB RAM, 24 cores
https://github.com/torognes/vsearch

Reading file results/clustering/cdr/comp_VH_R3/cdr3_clusters/5ad6f8bb-60df-4e84-9286-e7366f2ab0f3-IGH.fasta 100%
753 nt in 21 seqs, min 24, max 42, avg 36
Masking 100%
Sorting by length 100%
Counting k-mers 100%
Clustering 100%
Sorting clusters 100%
Writing clusters 100%
Clusters: 19 Size min 1, max 2, avg 1.1
Singletons: 17, 81.0% of seqs, 89.5% of clusters
Multiple alignments 100%
vsearch v2.30.0_linux_x86_64, 94.1GB RAM, 24 cores
https://github.com/torognes/vsearch

Reading file results/clustering/cdr/comp_VH_R3/cdr3_clusters/177c1fa3-1ae6-4fc0-8ea1-68c8294f4446-IGH.fasta 100%
933 nt in 21 seqs, min 33, max 51, avg 44
Masking 100%
Sorting by length 100%
Counting k-mers 100%
Clustering 100%
Sorting clusters 100%
Writing clusters 100%
Clusters: 18 Size min 1, max 2, avg 1.2
Singletons: 15, 71.4% of seqs, 83.3% of clusters
Multiple alignments 100%
vsearch v2.30.0_linux_x86_64, 94.1GB RAM, 24 cores
https://github.com/torognes/vsearch

Reading file results/clustering/cdr/comp_VH_R3/cdr3_clusters/5c76da5c-5f96-4275-bfed-72426bee3547-IGH.fasta 100%
339 nt in 7 seqs, min 45, max 54, avg 48
Masking 100%
Sorting by length 100%
Counting k-mers 100%
Clustering 100%
Sorting clusters 100%
Writing clusters 100%
Clusters: 4 Size min 1, max 2, avg 1.8
Singletons: 1, 14.3% of seqs, 25.0% of clusters
Multiple alignments 100%
vsearch v2.30.0_linux_x86_64, 94.1GB RAM, 24 cores
https://github.com/torognes/vsearch

Reading file results/clustering/cdr/comp_VH_R3/cdr3_clusters/0729407e-c86d-487d-927f-41aca6c8ab63-IGH.fasta 100%
816 nt in 17 seqs, min 48, max 48, avg 48
Masking 100%
Sorting by length 100%
Counting k-mers 100%
Clustering 100%
Sorting clusters 100%
Writing clusters 100%
Clusters: 2 Size min 1, max 16, avg 8.5
Singletons: 1, 5.9% of seqs, 50.0% of clusters
Multiple alignments 100%
vsearch v2.30.0_linux_x86_64, 94.1GB RAM, 24 cores
https://github.com/torognes/vsearch

Reading file results/clustering/cdr/comp_VH_R3/cdr3_clusters/285fee0d-9d6f-49b8-b4f0-db565dea8a2d-IGH.fasta 100%
207 nt in 6 seqs, min 33, max 39, avg 34
Masking 100%
Sorting by length 100%
Counting k-mers 100%
Clustering 100%
Sorting clusters 100%
Writing clusters 100%
Clusters: 6 Size min 1, max 1, avg 1.0
Singletons: 6, 100.0% of seqs, 100.0% of clusters
Multiple alignments 100%
vsearch v2.30.0_linux_x86_64, 94.1GB RAM, 24 cores
https://github.com/torognes/vsearch

Reading file results/clustering/cdr/comp_VH_R3/cdr3_clusters/5ebce064-f66d-4787-9689-67984bed7ba5-IGH.fasta 100%
1521 nt in 32 seqs, min 33, max 54, avg 48
Masking 100%
Sorting by length 100%
Counting k-mers 100%
Clustering 100%
Sorting clusters 100%
Writing clusters 100%
Clusters: 26 Size min 1, max 6, avg 1.2
Singletons: 24, 75.0% of seqs, 92.3% of clusters
Multiple alignments 100%
vsearch v2.30.0_linux_x86_64, 94.1GB RAM, 24 cores
https://github.com/torognes/vsearch

Reading file results/clustering/cdr/comp_VH_R3/cdr3_clusters/0e8606be-0184-4acc-9e80-904574b83600-IGH.fasta 100%
177 nt in 5 seqs, min 33, max 36, avg 35
Masking 100%
Sorting by length 100%
Counting k-mers 100%
Clustering 100%
Sorting clusters 100%
Writing clusters 100%
Clusters: 2 Size min 1, max 4, avg 2.5
Singletons: 1, 20.0% of seqs, 50.0% of clusters
Multiple alignments 100%
vsearch v2.30.0_linux_x86_64, 94.1GB RAM, 24 cores
https://github.com/torognes/vsearch

Reading file results/clustering/cdr/comp_VH_R3/cdr3_clusters/885908ca-d0b8-4dcd-a5d5-67f0c30115f4-IGH.fasta 100%
1512 nt in 35 seqs, min 27, max 51, avg 43
Masking 100%
Sorting by length 100%
Counting k-mers 100%
Clustering 100%
Sorting clusters 100%
Writing clusters 100%
Clusters: 25 Size min 1, max 5, avg 1.4
Singletons: 20, 57.1% of seqs, 80.0% of clusters
Multiple alignments 100%
vsearch v2.30.0_linux_x86_64, 94.1GB RAM, 24 cores
https://github.com/torognes/vsearch

Reading file results/clustering/cdr/comp_VH_R3/cdr3_clusters/b4b95021-5c3c-4416-b674-69dde84db2f1-IGH.fasta 100%
789 nt in 22 seqs, min 18, max 42, avg 36
Masking 100%
Sorting by length 100%
Counting k-mers 100%
Clustering 100%
Sorting clusters 100%
Writing clusters 100%
Clusters: 18 Size min 1, max 5, avg 1.2
Singletons: 17, 77.3% of seqs, 94.4% of clusters
Multiple alignments 100%
vsearch v2.30.0_linux_x86_64, 94.1GB RAM, 24 cores
https://github.com/torognes/vsearch

Reading file results/clustering/cdr/comp_VH_R3/cdr3_clusters/68ab864e-c306-45ce-8ce8-37b66012c177-IGH.fasta 100%
2093 nt in 47 seqs, min 21, max 57, avg 45
Masking 100%
Sorting by length 100%
Counting k-mers 100%
Clustering 100%
Sorting clusters 100%
Writing clusters 100%
Clusters: 37 Size min 1, max 5, avg 1.3
Singletons: 32, 68.1% of seqs, 86.5% of clusters
Multiple alignments 100%
vsearch v2.30.0_linux_x86_64, 94.1GB RAM, 24 cores
https://github.com/torognes/vsearch

Reading file results/clustering/cdr/comp_VH_R3/cdr3_clusters/735bd6cd-eefc-460b-9894-d15293190a46-IGH.fasta 100%
252 nt in 6 seqs, min 42, max 42, avg 42
Masking 100%
Sorting by length 100%
Counting k-mers 100%
Clustering 100%
Sorting clusters 100%
Writing clusters 100%
Clusters: 1 Size min 6, max 6, avg 6.0
Singletons: 0, 0.0% of seqs, 0.0% of clusters
Multiple alignments 100%
vsearch v2.30.0_linux_x86_64, 94.1GB RAM, 24 cores
https://github.com/torognes/vsearch

Reading file results/clustering/cdr/comp_VH_R3/cdr3_clusters/45e0d177-d9cd-4ea4-b9d4-e959a0aaa1a2-IGH.fasta 100%
0 nt in 0 seqs
minseqlength 6: 71 sequences discarded.
Masking 100%
Sorting by length 100%
Counting k-mers 100%
Clustering 100%
Sorting clusters 100%
Writing clusters 100%
Clusters: 0
Singletons: 0
Multiple alignments 100%
vsearch v2.30.0_linux_x86_64, 94.1GB RAM, 24 cores
https://github.com/torognes/vsearch

Reading file results/clustering/cdr/comp_VH_R3/cdr3_clusters/485c3b61-5932-4281-a509-221760638265-IGH.fasta 100%
234 nt in 6 seqs, min 39, max 39, avg 39
Masking 100%
Sorting by length 100%
Counting k-mers 100%
Clustering 100%
Sorting clusters 100%
Writing clusters 100%
Clusters: 5 Size min 1, max 2, avg 1.2
Singletons: 4, 66.7% of seqs, 80.0% of clusters
Multiple alignments 100%
vsearch v2.30.0_linux_x86_64, 94.1GB RAM, 24 cores
https://github.com/torognes/vsearch

Reading file results/clustering/cdr/comp_VH_R3/cdr3_clusters/52ef025e-a065-4fef-863a-ae74dfe01de5-IGH.fasta 100%
0 nt in 0 seqs
minseqlength 6: 9 sequences discarded.
Masking 100%
Sorting by length 100%
Counting k-mers 100%
Clustering 100%
Sorting clusters 100%
Writing clusters 100%
Clusters: 0
Singletons: 0
Multiple alignments 100%
vsearch v2.30.0_linux_x86_64, 94.1GB RAM, 24 cores
https://github.com/torognes/vsearch

Reading file results/clustering/cdr/comp_VH_R3/cdr3_clusters/ce85d562-d168-43fc-a105-d9d6eb043ff9-IGH.fasta 100%
609 nt in 15 seqs, min 33, max 45, avg 41
Masking 100%
Sorting by length 100%
Counting k-mers 100%
Clustering 100%
Sorting clusters 100%
Writing clusters 100%
Clusters: 14 Size min 1, max 2, avg 1.1
Singletons: 13, 86.7% of seqs, 92.9% of clusters
Multiple alignments 100%
vsearch v2.30.0_linux_x86_64, 94.1GB RAM, 24 cores
https://github.com/torognes/vsearch

Reading file results/clustering/cdr/comp_VH_R3/cdr3_clusters/86d73764-030c-406f-b193-9e4797ee8f12-IGH.fasta 100%
222 nt in 5 seqs, min 36, max 57, avg 44
Masking 100%
Sorting by length 100%
Counting k-mers 100%
Clustering 100%
Sorting clusters 100%
Writing clusters 100%
Clusters: 5 Size min 1, max 1, avg 1.0
Singletons: 5, 100.0% of seqs, 100.0% of clusters
Multiple alignments 100%
vsearch v2.30.0_linux_x86_64, 94.1GB RAM, 24 cores
https://github.com/torognes/vsearch

Reading file results/clustering/cdr/comp_VH_R3/cdr3_clusters/782c7820-95bc-4898-b946-6e9603352d99-IGH.fasta 100%
393 nt in 12 seqs, min 21, max 42, avg 33
Masking 100%
Sorting by length 100%
Counting k-mers 100%
Clustering 100%
Sorting clusters 100%
Writing clusters 100%
Clusters: 10 Size min 1, max 3, avg 1.2
Singletons: 9, 75.0% of seqs, 90.0% of clusters
Multiple alignments 100%
vsearch v2.30.0_linux_x86_64, 94.1GB RAM, 24 cores
https://github.com/torognes/vsearch

Reading file results/clustering/cdr/comp_VH_R3/cdr3_clusters/15b5d8b1-4a2b-4b8c-918a-9ba692109108-IGH.fasta 100%
948 nt in 31 seqs, min 18, max 39, avg 31
Masking 100%
Sorting by length 100%
Counting k-mers 100%
Clustering 100%
Sorting clusters 100%
Writing clusters 100%
Clusters: 29 Size min 1, max 3, avg 1.1
Singletons: 28, 90.3% of seqs, 96.6% of clusters
Multiple alignments 100%
vsearch v2.30.0_linux_x86_64, 94.1GB RAM, 24 cores
https://github.com/torognes/vsearch

Reading file results/clustering/cdr/comp_VH_R3/cdr3_clusters/a82f36ae-e39c-4bf7-9c60-9480c6afa3d7-IGH.fasta 100%
213 nt in 6 seqs, min 18, max 39, avg 36
Masking 100%
Sorting by length 100%
Counting k-mers 100%
Clustering 100%
Sorting clusters 100%
Writing clusters 100%
Clusters: 3 Size min 1, max 4, avg 2.0
Singletons: 2, 33.3% of seqs, 66.7% of clusters
Multiple alignments 100%
vsearch v2.30.0_linux_x86_64, 94.1GB RAM, 24 cores
https://github.com/torognes/vsearch

Reading file results/clustering/cdr/comp_VH_R3/cdr3_clusters/5fa01f63-5aa3-4439-b2fb-ddd4cf12eb28-IGH.fasta 100%
0 nt in 0 seqs
minseqlength 6: 177 sequences discarded.
Masking 100%
Sorting by length 100%
Counting k-mers 100%
Clustering 100%
Sorting clusters 100%
Writing clusters 100%
Clusters: 0
Singletons: 0
Multiple alignments 100%
vsearch v2.30.0_linux_x86_64, 94.1GB RAM, 24 cores
https://github.com/torognes/vsearch

Reading file results/clustering/cdr/comp_VH_R3/cdr3_clusters/f876e7e6-c586-489e-a107-a8bc2baaf202-IGH.fasta 100%
470 nt in 12 seqs, min 30, max 45, avg 39
minseqlength 6: 1 sequence discarded.
Masking 100%
Sorting by length 100%
Counting k-mers 100%
Clustering 100%
Sorting clusters 100%
Writing clusters 100%
Clusters: 11 Size min 1, max 2, avg 1.1
Singletons: 10, 83.3% of seqs, 90.9% of clusters
Multiple alignments 100%
vsearch v2.30.0_linux_x86_64, 94.1GB RAM, 24 cores
https://github.com/torognes/vsearch

Reading file results/clustering/cdr/comp_VH_R3/cdr3_clusters/a4b2cdf0-93e7-42b5-b0c1-c5bb3ed557ad-IGH.fasta 100%
462 nt in 13 seqs, min 27, max 45, avg 36
Masking 100%
Sorting by length 100%
Counting k-mers 100%
Clustering 100%
Sorting clusters 100%
Writing clusters 100%
Clusters: 13 Size min 1, max 1, avg 1.0
Singletons: 13, 100.0% of seqs, 100.0% of clusters
Multiple alignments 100%
vsearch v2.30.0_linux_x86_64, 94.1GB RAM, 24 cores
https://github.com/torognes/vsearch

Reading file results/clustering/cdr/comp_VH_R3/cdr3_clusters/a3aee361-7bde-4e26-bc37-e57cf2d3b7d5-IGH.fasta 100%
258 nt in 7 seqs, min 29, max 49, avg 37
Masking 100%
Sorting by length 100%
Counting k-mers 100%
Clustering 100%
Sorting clusters 100%
Writing clusters 100%
Clusters: 7 Size min 1, max 1, avg 1.0
Singletons: 7, 100.0% of seqs, 100.0% of clusters
Multiple alignments 100%
vsearch v2.30.0_linux_x86_64, 94.1GB RAM, 24 cores
https://github.com/torognes/vsearch

Reading file results/clustering/cdr/comp_VH_R3/cdr3_clusters/922151a6-3004-4b40-a025-0a6ebc237556-IGH.fasta 100%
235 nt in 5 seqs, min 31, max 54, avg 47
Masking 100%
Sorting by length 100%
Counting k-mers 100%
Clustering 100%
Sorting clusters 100%
Writing clusters 100%
Clusters: 4 Size min 1, max 2, avg 1.2
Singletons: 3, 60.0% of seqs, 75.0% of clusters
Multiple alignments 100%
vsearch v2.30.0_linux_x86_64, 94.1GB RAM, 24 cores
https://github.com/torognes/vsearch

Reading file results/clustering/cdr/comp_VH_R3/cdr3_clusters/40fb2758-d27e-4b4a-bd0c-3c69530067f5-IGH.fasta 100%
0 nt in 0 seqs
minseqlength 6: 9 sequences discarded.
Masking 100%
Sorting by length 100%
Counting k-mers 100%
Clustering 100%
Sorting clusters 100%
Writing clusters 100%
Clusters: 0
Singletons: 0
Multiple alignments 100%
vsearch v2.30.0_linux_x86_64, 94.1GB RAM, 24 cores
https://github.com/torognes/vsearch

Reading file results/clustering/cdr/comp_VH_R3/cdr3_clusters/f157e618-20d3-41ec-add1-18e0242afe7e-IGH.fasta 100%
270 nt in 8 seqs, min 15, max 42, avg 34
Masking 100%
Sorting by length 100%
Counting k-mers 100%
Clustering 100%
Sorting clusters 100%
Writing clusters 100%
Clusters: 8 Size min 1, max 1, avg 1.0
Singletons: 8, 100.0% of seqs, 100.0% of clusters
Multiple alignments 100%
vsearch v2.30.0_linux_x86_64, 94.1GB RAM, 24 cores
https://github.com/torognes/vsearch

Reading file results/clustering/cdr/comp_VH_R3/cdr3_clusters/f1931951-f980-4073-9c9f-fe3773cdd289-IGH.fasta 100%
1488 nt in 37 seqs, min 30, max 48, avg 40
Masking 100%
Sorting by length 100%
Counting k-mers 100%
Clustering 100%
Sorting clusters 100%
Writing clusters 100%
Clusters: 31 Size min 1, max 3, avg 1.2
Singletons: 26, 70.3% of seqs, 83.9% of clusters
Multiple alignments 100%
vsearch v2.30.0_linux_x86_64, 94.1GB RAM, 24 cores
https://github.com/torognes/vsearch

Reading file results/clustering/cdr/comp_VH_R3/cdr3_clusters/e00acd09-d424-4408-8cf4-4c6ce08147fc-IGH.fasta 100%
1155 nt in 27 seqs, min 30, max 51, avg 43
Masking 100%
Sorting by length 100%
Counting k-mers 100%
Clustering 100%
Sorting clusters 100%
Writing clusters 100%
Clusters: 25 Size min 1, max 2, avg 1.1
Singletons: 23, 85.2% of seqs, 92.0% of clusters
Multiple alignments 100%
vsearch v2.30.0_linux_x86_64, 94.1GB RAM, 24 cores
https://github.com/torognes/vsearch

Reading file results/clustering/cdr/comp_VH_R3/cdr3_clusters/242b9041-8a74-453c-b21e-047459f0337e-IGH.fasta 100%
2832 nt in 68 seqs, min 18, max 51, avg 42
Masking 100%
Sorting by length 100%
Counting k-mers 100%
Clustering 100%
Sorting clusters 100%
Writing clusters 100%
Clusters: 64 Size min 1, max 3, avg 1.1
Singletons: 61, 89.7% of seqs, 95.3% of clusters
Multiple alignments 100%
vsearch v2.30.0_linux_x86_64, 94.1GB RAM, 24 cores
https://github.com/torognes/vsearch

Reading file results/clustering/cdr/comp_VH_R3/cdr3_clusters/00a7ec38-befb-42b8-8fca-bb2fd4ca5f92-IGH.fasta 100%
0 nt in 0 seqs
minseqlength 6: 11 sequences discarded.
Masking 100%
Sorting by length 100%
Counting k-mers 100%
Clustering 100%
Sorting clusters 100%
Writing clusters 100%
Clusters: 0
Singletons: 0
Multiple alignments 100%
vsearch v2.30.0_linux_x86_64, 94.1GB RAM, 24 cores
https://github.com/torognes/vsearch

Reading file results/clustering/cdr/comp_VH_R3/cdr3_clusters/02a4d7e3-f540-4699-a8ba-e7f9c2e0cfcf-IGH.fasta 100%
0 nt in 0 seqs
minseqlength 6: 29 sequences discarded.
Masking 100%
Sorting by length 100%
Counting k-mers 100%
Clustering 100%
Sorting clusters 100%
Writing clusters 100%
Clusters: 0
Singletons: 0
Multiple alignments 100%
vsearch v2.30.0_linux_x86_64, 94.1GB RAM, 24 cores
https://github.com/torognes/vsearch

Reading file results/clustering/cdr/comp_VH_R3/cdr3_clusters/fe4cc1cb-c378-4ccb-af1f-61f1d3df96d4-IGH.fasta 100%
294 nt in 6 seqs, min 42, max 60, avg 49
Masking 100%
Sorting by length 100%
Counting k-mers 100%
Clustering 100%
Sorting clusters 100%
Writing clusters 100%
Clusters: 6 Size min 1, max 1, avg 1.0
Singletons: 6, 100.0% of seqs, 100.0% of clusters
Multiple alignments 100%
vsearch v2.30.0_linux_x86_64, 94.1GB RAM, 24 cores
https://github.com/torognes/vsearch

Reading file results/clustering/cdr/comp_VH_R3/cdr3_clusters/46502b17-eddb-43ee-b4ae-f62d18a19736-IGH.fasta 100%
2931 nt in 75 seqs, min 33, max 75, avg 39
minseqlength 6: 1 sequence discarded.
Masking 100%
Sorting by length 100%
Counting k-mers 100%
Clustering 100%
Sorting clusters 100%
Writing clusters 100%
Clusters: 64 Size min 1, max 3, avg 1.2
Singletons: 55, 73.3% of seqs, 85.9% of clusters
Multiple alignments 100%
vsearch v2.30.0_linux_x86_64, 94.1GB RAM, 24 cores
https://github.com/torognes/vsearch

Reading file results/clustering/cdr/comp_VH_R3/cdr3_clusters/987894ea-ff23-4d93-a5a3-22e62838ea77-IGH.fasta 100%
861 nt in 21 seqs, min 27, max 51, avg 41
minseqlength 6: 1 sequence discarded.
Masking 100%
Sorting by length 100%
Counting k-mers 100%
Clustering 100%
Sorting clusters 100%
Writing clusters 100%
Clusters: 20 Size min 1, max 2, avg 1.1
Singletons: 19, 90.5% of seqs, 95.0% of clusters
Multiple alignments 100%
vsearch v2.30.0_linux_x86_64, 94.1GB RAM, 24 cores
https://github.com/torognes/vsearch

Reading file results/clustering/cdr/comp_VH_R3/cdr3_clusters/c958c1fa-4ea2-48ec-9ade-c1d3aa17a9da-IGH.fasta 100%
822 nt in 23 seqs, min 27, max 69, avg 36
minseqlength 6: 1 sequence discarded.
Masking 100%
Sorting by length 100%
Counting k-mers 100%
Clustering 100%
Sorting clusters 100%
Writing clusters 100%
Clusters: 23 Size min 1, max 1, avg 1.0
Singletons: 23, 100.0% of seqs, 100.0% of clusters
Multiple alignments 100%
vsearch v2.30.0_linux_x86_64, 94.1GB RAM, 24 cores
https://github.com/torognes/vsearch

Reading file results/clustering/cdr/comp_VH_R3/cdr3_clusters/8b396478-d076-482a-ba29-c310b99e6fac-IGH.fasta 100%
198 nt in 6 seqs, min 30, max 36, avg 33
Masking 100%
Sorting by length 100%
Counting k-mers 100%
Clustering 100%
Sorting clusters 100%
Writing clusters 100%
Clusters: 6 Size min 1, max 1, avg 1.0
Singletons: 6, 100.0% of seqs, 100.0% of clusters
Multiple alignments 100%
vsearch v2.30.0_linux_x86_64, 94.1GB RAM, 24 cores
https://github.com/torognes/vsearch

Reading file results/clustering/cdr/comp_VH_R3/cdr3_clusters/10baffd9-1616-4aa8-9d00-b5e4d5051b3c-IGH.fasta 100%
762 nt in 23 seqs, min 21, max 39, avg 33
Masking 100%
Sorting by length 100%
Counting k-mers 100%
Clustering 100%
Sorting clusters 100%
Writing clusters 100%
Clusters: 20 Size min 1, max 2, avg 1.1
Singletons: 17, 73.9% of seqs, 85.0% of clusters
Multiple alignments 100%
vsearch v2.30.0_linux_x86_64, 94.1GB RAM, 24 cores
https://github.com/torognes/vsearch

Reading file results/clustering/cdr/comp_VH_R3/cdr3_clusters/91d25bdd-2d4d-407d-b038-f861f96c86e2-IGH.fasta 100%
481 nt in 10 seqs, min 34, max 69, avg 48
Masking 100%
Sorting by length 100%
Counting k-mers 100%
Clustering 100%
Sorting clusters 100%
Writing clusters 100%
Clusters: 8 Size min 1, max 2, avg 1.2
Singletons: 6, 60.0% of seqs, 75.0% of clusters
Multiple alignments 100%
vsearch v2.30.0_linux_x86_64, 94.1GB RAM, 24 cores
https://github.com/torognes/vsearch

Reading file results/clustering/cdr/comp_VH_R3/cdr3_clusters/0a095035-19f3-4c85-93db-6b71c0be22ca-IGH.fasta 100%
2400 nt in 58 seqs, min 18, max 66, avg 41
minseqlength 6: 2 sequences discarded.
Masking 100%
Sorting by length 100%
Counting k-mers 100%
Clustering 100%
Sorting clusters 100%
Writing clusters 100%
Clusters: 57 Size min 1, max 2, avg 1.0
Singletons: 56, 96.6% of seqs, 98.2% of clusters
Multiple alignments 100%
vsearch v2.30.0_linux_x86_64, 94.1GB RAM, 24 cores
https://github.com/torognes/vsearch

Reading file results/clustering/cdr/comp_VH_R3/cdr3_clusters/049ea8f5-9167-4d0a-b5d3-4bb3577c9f02-IGH.fasta 100%
38 nt in 1 seqs, min 38, max 38, avg 38
minseqlength 6: 10 sequences discarded.
Masking 100%
Sorting by length 100%
Counting k-mers 100%
Clustering 100%
Sorting clusters 100%
Writing clusters 100%
Clusters: 1 Size min 1, max 1, avg 1.0
Singletons: 1, 100.0% of seqs, 100.0% of clusters
Multiple alignments 100%
vsearch v2.30.0_linux_x86_64, 94.1GB RAM, 24 cores
https://github.com/torognes/vsearch

Reading file results/clustering/cdr/comp_VH_R3/cdr3_clusters/a3420204-0f9e-43ca-909d-5732fc7e59d0-IGH.fasta 100%
141 nt in 6 seqs, min 15, max 27, avg 24
Masking 100%
Sorting by length 100%
Counting k-mers 100%
Clustering 100%
Sorting clusters 100%
Writing clusters 100%
Clusters: 5 Size min 1, max 2, avg 1.2
Singletons: 4, 66.7% of seqs, 80.0% of clusters
Multiple alignments 100%
vsearch v2.30.0_linux_x86_64, 94.1GB RAM, 24 cores
https://github.com/torognes/vsearch

Reading file results/clustering/cdr/comp_VH_R3/cdr3_clusters/ab5495ec-7aa0-47f9-83de-d37eb241a368-IGH.fasta 100%
884 nt in 19 seqs, min 36, max 51, avg 47
Masking 100%
Sorting by length 100%
Counting k-mers 100%
Clustering 100%
Sorting clusters 100%
Writing clusters 100%
Clusters: 19 Size min 1, max 1, avg 1.0
Singletons: 19, 100.0% of seqs, 100.0% of clusters
Multiple alignments 100%
vsearch v2.30.0_linux_x86_64, 94.1GB RAM, 24 cores
https://github.com/torognes/vsearch

Reading file results/clustering/cdr/comp_VH_R3/cdr3_clusters/0479923a-9e51-4247-acfc-058fa8bbaf20-IGH.fasta 100%
39544 nt in 951 seqs, min 21, max 57, avg 42
minseqlength 6: 1 sequence discarded.
Masking 100%
Sorting by length 100%
Counting k-mers 100%
Clustering 100%
Sorting clusters 100%
Writing clusters 100%
Clusters: 464 Size min 1, max 258, avg 2.0
Singletons: 373, 39.2% of seqs, 80.4% of clusters
Multiple alignments 100%
vsearch v2.30.0_linux_x86_64, 94.1GB RAM, 24 cores
https://github.com/torognes/vsearch

Reading file results/clustering/cdr/comp_VH_R3/cdr3_clusters/38103886-23e7-4fde-b858-cd643124ec73-IGH.fasta 100%
183 nt in 5 seqs, min 30, max 48, avg 37
Masking 100%
Sorting by length 100%
Counting k-mers 100%
Clustering 100%
Sorting clusters 100%
Writing clusters 100%
Clusters: 5 Size min 1, max 1, avg 1.0
Singletons: 5, 100.0% of seqs, 100.0% of clusters
Multiple alignments 100%
vsearch v2.30.0_linux_x86_64, 94.1GB RAM, 24 cores
https://github.com/torognes/vsearch

Reading file results/clustering/cdr/comp_VH_R3/cdr3_clusters/33cad8fd-818d-4d51-94ca-536575d16e3a-IGH.fasta 100%
459 nt in 9 seqs, min 51, max 51, avg 51
Masking 100%
Sorting by length 100%
Counting k-mers 100%
Clustering 100%
Sorting clusters 100%
Writing clusters 100%
Clusters: 2 Size min 1, max 8, avg 4.5
Singletons: 1, 11.1% of seqs, 50.0% of clusters
Multiple alignments 100%
vsearch v2.30.0_linux_x86_64, 94.1GB RAM, 24 cores
https://github.com/torognes/vsearch

Reading file results/clustering/cdr/comp_VH_R3/cdr3_clusters/5c6bfcef-211d-40cc-becc-2bd7d92f9189-IGH.fasta 100%
1350 nt in 27 seqs, min 33, max 63, avg 50
Masking 100%
Sorting by length 100%
Counting k-mers 100%
Clustering 100%
Sorting clusters 100%
Writing clusters 100%
Clusters: 24 Size min 1, max 3, avg 1.1
Singletons: 22, 81.5% of seqs, 91.7% of clusters
Multiple alignments 100%
vsearch v2.30.0_linux_x86_64, 94.1GB RAM, 24 cores
https://github.com/torognes/vsearch

Reading file results/clustering/cdr/comp_VH_R3/cdr3_clusters/d3a13a66-e59f-4ea7-8b54-2a16f4b6d1f9-IGH.fasta 100%
506 nt in 12 seqs, min 24, max 48, avg 42
Masking 100%
Sorting by length 100%
Counting k-mers 100%
Clustering 100%
Sorting clusters 100%
Writing clusters 100%
Clusters: 9 Size min 1, max 4, avg 1.3
Singletons: 8, 66.7% of seqs, 88.9% of clusters
Multiple alignments 100%
vsearch v2.30.0_linux_x86_64, 94.1GB RAM, 24 cores
https://github.com/torognes/vsearch

Reading file results/clustering/cdr/comp_VH_R3/cdr3_clusters/31febaf9-6359-46b6-a5e1-ace4d0c90fc5-IGH.fasta 100%
222 nt in 6 seqs, min 33, max 42, avg 37
Masking 100%
Sorting by length 100%
Counting k-mers 100%
Clustering 100%
Sorting clusters 100%
Writing clusters 100%
Clusters: 6 Size min 1, max 1, avg 1.0
Singletons: 6, 100.0% of seqs, 100.0% of clusters
Multiple alignments 100%
vsearch v2.30.0_linux_x86_64, 94.1GB RAM, 24 cores
https://github.com/torognes/vsearch

Reading file results/clustering/cdr/comp_VH_R3/cdr3_clusters/beffcddc-7594-4b17-ae4b-784fb3cb31de-IGH.fasta 100%
537 nt in 13 seqs, min 36, max 51, avg 41
Masking 100%
Sorting by length 100%
Counting k-mers 100%
Clustering 100%
Sorting clusters 100%
Writing clusters 100%
Clusters: 12 Size min 1, max 2, avg 1.1
Singletons: 11, 84.6% of seqs, 91.7% of clusters
Multiple alignments 100%
vsearch v2.30.0_linux_x86_64, 94.1GB RAM, 24 cores
https://github.com/torognes/vsearch

Reading file results/clustering/cdr/comp_VH_R3/cdr3_clusters/0ab82a4f-953b-44ef-88ba-769c24acde80-IGH.fasta 100%
1222 nt in 30 seqs, min 18, max 115, avg 41
Masking 100%
Sorting by length 100%
Counting k-mers 100%
Clustering 100%
Sorting clusters 100%
Writing clusters 100%
Clusters: 29 Size min 1, max 2, avg 1.0
Singletons: 28, 93.3% of seqs, 96.6% of clusters
Multiple alignments 100%
vsearch v2.30.0_linux_x86_64, 94.1GB RAM, 24 cores
https://github.com/torognes/vsearch

Reading file results/clustering/cdr/comp_VH_R3/cdr3_clusters/417500ed-b2cc-456c-9061-c7f73b33fc04-IGH.fasta 100%
1223 nt in 21 seqs, min 33, max 69, avg 58
minseqlength 6: 1 sequence discarded.
Masking 100%
Sorting by length 100%
Counting k-mers 100%
Clustering 100%
Sorting clusters 100%
Writing clusters 100%
Clusters: 5 Size min 1, max 11, avg 4.2
Singletons: 1, 4.8% of seqs, 20.0% of clusters
Multiple alignments 100%
vsearch v2.30.0_linux_x86_64, 94.1GB RAM, 24 cores
https://github.com/torognes/vsearch

Reading file results/clustering/cdr/comp_VH_R3/cdr3_clusters/f1a376a5-43c1-49be-9a69-f92d14e80da2-IGH.fasta 100%
186 nt in 5 seqs, min 33, max 42, avg 37
Masking 100%
Sorting by length 100%
Counting k-mers 100%
Clustering 100%
Sorting clusters 100%
Writing clusters 100%
Clusters: 5 Size min 1, max 1, avg 1.0
Singletons: 5, 100.0% of seqs, 100.0% of clusters
Multiple alignments 100%
vsearch v2.30.0_linux_x86_64, 94.1GB RAM, 24 cores
https://github.com/torognes/vsearch

Reading file results/clustering/cdr/comp_VH_R3/cdr3_clusters/6cda2922-2318-4c99-9214-b257c450975f-IGH.fasta 100%
720 nt in 10 seqs, min 72, max 72, avg 72
Masking 100%
Sorting by length 100%
Counting k-mers 100%
Clustering 100%
Sorting clusters 100%
Writing clusters 100%
Clusters: 1 Size min 10, max 10, avg 10.0
Singletons: 0, 0.0% of seqs, 0.0% of clusters
Multiple alignments 100%
vsearch v2.30.0_linux_x86_64, 94.1GB RAM, 24 cores
https://github.com/torognes/vsearch

Reading file results/clustering/cdr/comp_VH_R3/cdr3_clusters/a07e7689-af6a-41d4-906c-3c67eed51141-IGH.fasta 100%
231 nt in 7 seqs, min 33, max 33, avg 33
Masking 100%
Sorting by length 100%
Counting k-mers 100%
Clustering 100%
Sorting clusters 100%
Writing clusters 100%
Clusters: 1 Size min 7, max 7, avg 7.0
Singletons: 0, 0.0% of seqs, 0.0% of clusters
Multiple alignments 100%
vsearch v2.30.0_linux_x86_64, 94.1GB RAM, 24 cores
https://github.com/torognes/vsearch

Reading file results/clustering/cdr/comp_VH_R3/cdr3_clusters/3275539f-3ae6-46a5-93b1-6e439ddf111a-IGH.fasta 100%
849 nt in 25 seqs, min 24, max 48, avg 34
Masking 100%
Sorting by length 100%
Counting k-mers 100%
Clustering 100%
Sorting clusters 100%
Writing clusters 100%
Clusters: 17 Size min 1, max 5, avg 1.5
Singletons: 14, 56.0% of seqs, 82.4% of clusters
Multiple alignments 100%
vsearch v2.30.0_linux_x86_64, 94.1GB RAM, 24 cores
https://github.com/torognes/vsearch

Reading file results/clustering/cdr/comp_VH_R3/cdr3_clusters/2d1232e2-5704-4300-979e-96ef26b518cb-IGH.fasta 100%
612 nt in 13 seqs, min 36, max 54, avg 47
Masking 100%
Sorting by length 100%
Counting k-mers 100%
Clustering 100%
Sorting clusters 100%
Writing clusters 100%
Clusters: 13 Size min 1, max 1, avg 1.0
Singletons: 13, 100.0% of seqs, 100.0% of clusters
Multiple alignments 100%
vsearch v2.30.0_linux_x86_64, 94.1GB RAM, 24 cores
https://github.com/torognes/vsearch

Reading file results/clustering/cdr/comp_VH_R3/cdr3_clusters/2835b156-2f72-42db-9481-2e85be110289-IGH.fasta 100%
203 nt in 8 seqs, min 21, max 27, avg 25
minseqlength 6: 1 sequence discarded.
Masking 100%
Sorting by length 100%
Counting k-mers 100%
Clustering 100%
Sorting clusters 100%
Writing clusters 100%
Clusters: 8 Size min 1, max 1, avg 1.0
Singletons: 8, 100.0% of seqs, 100.0% of clusters
Multiple alignments 100%
vsearch v2.30.0_linux_x86_64, 94.1GB RAM, 24 cores
https://github.com/torognes/vsearch

Reading file results/clustering/cdr/comp_VH_R3/cdr3_clusters/7c820ed6-0ca7-4730-be93-9ee44d1e179b-IGH.fasta 100%
201 nt in 5 seqs, min 36, max 51, avg 40
Masking 100%
Sorting by length 100%
Counting k-mers 100%
Clustering 100%
Sorting clusters 100%
Writing clusters 100%
Clusters: 5 Size min 1, max 1, avg 1.0
Singletons: 5, 100.0% of seqs, 100.0% of clusters
Multiple alignments 100%
vsearch v2.30.0_linux_x86_64, 94.1GB RAM, 24 cores
https://github.com/torognes/vsearch

Reading file results/clustering/cdr/comp_VH_R3/cdr3_clusters/511675fa-74dc-45c1-b636-6bd966613721-IGH.fasta 100%
912 nt in 29 seqs, min 18, max 36, avg 31
Masking 100%
Sorting by length 100%
Counting k-mers 100%
Clustering 100%
Sorting clusters 100%
Writing clusters 100%
Clusters: 18 Size min 1, max 12, avg 1.6
Singletons: 17, 58.6% of seqs, 94.4% of clusters
Multiple alignments 100%
vsearch v2.30.0_linux_x86_64, 94.1GB RAM, 24 cores
https://github.com/torognes/vsearch

Reading file results/clustering/cdr/comp_VH_R3/cdr3_clusters/d17f617e-24a9-4ea6-8daa-01155509a035-IGH.fasta 100%
0 nt in 0 seqs
minseqlength 6: 25 sequences discarded.
Masking 100%
Sorting by length 100%
Counting k-mers 100%
Clustering 100%
Sorting clusters 100%
Writing clusters 100%
Clusters: 0
Singletons: 0
Multiple alignments 100%
vsearch v2.30.0_linux_x86_64, 94.1GB RAM, 24 cores
https://github.com/torognes/vsearch

Reading file results/clustering/cdr/comp_VH_R3/cdr3_clusters/0f8c2eaa-a60c-48c8-bdf3-dfe05d0af755-IGH.fasta 100%
1166 nt in 34 seqs, min 18, max 45, avg 34
Masking 100%
Sorting by length 100%
Counting k-mers 100%
Clustering 100%
Sorting clusters 100%
Writing clusters 100%
Clusters: 33 Size min 1, max 2, avg 1.0
Singletons: 32, 94.1% of seqs, 97.0% of clusters
Multiple alignments 100%
vsearch v2.30.0_linux_x86_64, 94.1GB RAM, 24 cores
https://github.com/torognes/vsearch

Reading file results/clustering/cdr/comp_VH_R3/cdr3_clusters/ea780470-5d15-4a76-a0f9-0df33b4af2aa-IGH.fasta 100%
591 nt in 18 seqs, min 15, max 42, avg 33
Masking 100%
Sorting by length 100%
Counting k-mers 100%
Clustering 100%
Sorting clusters 100%
Writing clusters 100%
Clusters: 18 Size min 1, max 1, avg 1.0
Singletons: 18, 100.0% of seqs, 100.0% of clusters
Multiple alignments 100%
vsearch v2.30.0_linux_x86_64, 94.1GB RAM, 24 cores
https://github.com/torognes/vsearch

Reading file results/clustering/cdr/comp_VH_R3/cdr3_clusters/465637c3-8dfa-40ee-b6cf-7b90666af489-IGH.fasta 100%
897 nt in 25 seqs, min 33, max 36, avg 36
Masking 100%
Sorting by length 100%
Counting k-mers 100%
Clustering 100%
Sorting clusters 100%
Writing clusters 100%
Clusters: 11 Size min 1, max 11, avg 2.3
Singletons: 7, 28.0% of seqs, 63.6% of clusters
Multiple alignments 100%
vsearch v2.30.0_linux_x86_64, 94.1GB RAM, 24 cores
https://github.com/torognes/vsearch

Reading file results/clustering/cdr/comp_VH_R3/cdr3_clusters/06d8f273-4688-4b25-97a5-52150d23cc02-IGH.fasta 100%
0 nt in 0 seqs
minseqlength 6: 13 sequences discarded.
Masking 100%
Sorting by length 100%
Counting k-mers 100%
Clustering 100%
Sorting clusters 100%
Writing clusters 100%
Clusters: 0
Singletons: 0
Multiple alignments 100%
vsearch v2.30.0_linux_x86_64, 94.1GB RAM, 24 cores
https://github.com/torognes/vsearch

Reading file results/clustering/cdr/comp_VH_R3/cdr3_clusters/d79ee07f-28f0-4fda-9598-b3a30102489d-IGH.fasta 100%
1812 nt in 42 seqs, min 24, max 54, avg 43
Masking 100%
Sorting by length 100%
Counting k-mers 100%
Clustering 100%
Sorting clusters 100%
Writing clusters 100%
Clusters: 41 Size min 1, max 2, avg 1.0
Singletons: 40, 95.2% of seqs, 97.6% of clusters
Multiple alignments 100%
vsearch v2.30.0_linux_x86_64, 94.1GB RAM, 24 cores
https://github.com/torognes/vsearch

Reading file results/clustering/cdr/comp_VH_R3/cdr3_clusters/7bdff62b-b8fa-490e-a179-9c1c85898546-IGH.fasta 100%
906 nt in 25 seqs, min 36, max 42, avg 36
Masking 100%
Sorting by length 100%
Counting k-mers 100%
Clustering 100%
Sorting clusters 100%
Writing clusters 100%
Clusters: 3 Size min 1, max 23, avg 8.3
Singletons: 2, 8.0% of seqs, 66.7% of clusters
Multiple alignments 100%
vsearch v2.30.0_linux_x86_64, 94.1GB RAM, 24 cores
https://github.com/torognes/vsearch

Reading file results/clustering/cdr/comp_VH_R3/cdr3_clusters/016985a1-0135-4003-a645-33f32f5bc3be-IGH.fasta 100%
0 nt in 0 seqs
minseqlength 6: 17 sequences discarded.
Masking 100%
Sorting by length 100%
Counting k-mers 100%
Clustering 100%
Sorting clusters 100%
Writing clusters 100%
Clusters: 0
Singletons: 0
Multiple alignments 100%
vsearch v2.30.0_linux_x86_64, 94.1GB RAM, 24 cores
https://github.com/torognes/vsearch

Reading file results/clustering/cdr/comp_VH_R3/cdr3_clusters/0bf00d23-f1ad-43e0-bdd9-7ee5f83ea0be-IGH.fasta 100%
333 nt in 7 seqs, min 33, max 57, avg 48
Masking 100%
Sorting by length 100%
Counting k-mers 100%
Clustering 100%
Sorting clusters 100%
Writing clusters 100%
Clusters: 7 Size min 1, max 1, avg 1.0
Singletons: 7, 100.0% of seqs, 100.0% of clusters
Multiple alignments 100%
vsearch v2.30.0_linux_x86_64, 94.1GB RAM, 24 cores
https://github.com/torognes/vsearch

Reading file results/clustering/cdr/comp_VH_R3/cdr3_clusters/682c8cc4-26f7-415d-bfbd-9e81ab6871dd-IGH.fasta 100%
213 nt in 7 seqs, min 30, max 33, avg 30
Masking 100%
Sorting by length 100%
Counting k-mers 100%
Clustering 100%
Sorting clusters 100%
Writing clusters 100%
Clusters: 2 Size min 1, max 6, avg 3.5
Singletons: 1, 14.3% of seqs, 50.0% of clusters
Multiple alignments 100%
vsearch v2.30.0_linux_x86_64, 94.1GB RAM, 24 cores
https://github.com/torognes/vsearch

Reading file results/clustering/cdr/comp_VH_R3/cdr3_clusters/76f7e795-f93f-4b75-9b31-4670ed78d85c-IGH.fasta 100%
363 nt in 14 seqs, min 18, max 33, avg 26
Masking 100%
Sorting by length 100%
Counting k-mers 100%
Clustering 100%
Sorting clusters 100%
Writing clusters 100%
Clusters: 12 Size min 1, max 2, avg 1.2
Singletons: 10, 71.4% of seqs, 83.3% of clusters
Multiple alignments 100%
vsearch v2.30.0_linux_x86_64, 94.1GB RAM, 24 cores
https://github.com/torognes/vsearch

Reading file results/clustering/cdr/comp_VH_R3/cdr3_clusters/abf5c3a9-f5c5-42fa-8242-adf9b4324771-IGH.fasta 100%
1065 nt in 23 seqs, min 33, max 54, avg 46
Masking 100%
Sorting by length 100%
Counting k-mers 100%
Clustering 100%
Sorting clusters 100%
Writing clusters 100%
Clusters: 21 Size min 1, max 3, avg 1.1
Singletons: 20, 87.0% of seqs, 95.2% of clusters
Multiple alignments 100%
vsearch v2.30.0_linux_x86_64, 94.1GB RAM, 24 cores
https://github.com/torognes/vsearch

Reading file results/clustering/cdr/comp_VH_R3/cdr3_clusters/361c1b8c-25d0-4623-95a2-cc2d28138c53-IGH.fasta 100%
483 nt in 13 seqs, min 24, max 48, avg 37
Masking 100%
Sorting by length 100%
Counting k-mers 100%
Clustering 100%
Sorting clusters 100%
Writing clusters 100%
Clusters: 10 Size min 1, max 3, avg 1.3
Singletons: 8, 61.5% of seqs, 80.0% of clusters
Multiple alignments 100%
vsearch v2.30.0_linux_x86_64, 94.1GB RAM, 24 cores
https://github.com/torognes/vsearch

Reading file results/clustering/cdr/comp_VH_R3/cdr3_clusters/c2111554-1a0b-4b6d-949c-f0ac6d795cc4-IGH.fasta 100%
579 nt in 14 seqs, min 33, max 51, avg 41
Masking 100%
Sorting by length 100%
Counting k-mers 100%
Clustering 100%
Sorting clusters 100%
Writing clusters 100%
Clusters: 12 Size min 1, max 3, avg 1.2
Singletons: 11, 78.6% of seqs, 91.7% of clusters
Multiple alignments 100%
vsearch v2.30.0_linux_x86_64, 94.1GB RAM, 24 cores
https://github.com/torognes/vsearch

Reading file results/clustering/cdr/comp_VH_R3/cdr3_clusters/ecd0315d-06cb-4b57-bf0b-8ef0edb7a266-IGH.fasta 100%
419 nt in 10 seqs, min 35, max 54, avg 42
minseqlength 6: 5 sequences discarded.
Masking 100%
Sorting by length 100%
Counting k-mers 100%
Clustering 100%
Sorting clusters 100%
Writing clusters 100%
Clusters: 10 Size min 1, max 1, avg 1.0
Singletons: 10, 100.0% of seqs, 100.0% of clusters
Multiple alignments 100%
vsearch v2.30.0_linux_x86_64, 94.1GB RAM, 24 cores
https://github.com/torognes/vsearch

Reading file results/clustering/cdr/comp_VH_R3/cdr3_clusters/123268d4-7039-41cd-8f2f-dc124ec34209-IGH.fasta 100%
4022 nt in 91 seqs, min 24, max 45, avg 44
Masking 100%
Sorting by length 100%
Counting k-mers 100%
Clustering 100%
Sorting clusters 100%
Writing clusters 100%
Clusters: 16 Size min 1, max 48, avg 5.7
Singletons: 11, 12.1% of seqs, 68.8% of clusters
Multiple alignments 100%
vsearch v2.30.0_linux_x86_64, 94.1GB RAM, 24 cores
https://github.com/torognes/vsearch

Reading file results/clustering/cdr/comp_VH_R3/cdr3_clusters/748b96bf-1738-4721-8477-086700d6c308-IGH.fasta 100%
0 nt in 0 seqs
minseqlength 6: 9 sequences discarded.
Masking 100%
Sorting by length 100%
Counting k-mers 100%
Clustering 100%
Sorting clusters 100%
Writing clusters 100%
Clusters: 0
Singletons: 0
Multiple alignments 100%
vsearch v2.30.0_linux_x86_64, 94.1GB RAM, 24 cores
https://github.com/torognes/vsearch

Reading file results/clustering/cdr/comp_VH_R3/cdr3_clusters/295a16c1-789b-423c-ac44-3d723aa41b01-IGH.fasta 100%
549 nt in 13 seqs, min 36, max 117, avg 42
Masking 100%
Sorting by length 100%
Counting k-mers 100%
Clustering 100%
Sorting clusters 100%
Writing clusters 100%
Clusters: 4 Size min 1, max 10, avg 3.2
Singletons: 3, 23.1% of seqs, 75.0% of clusters
Multiple alignments 100%
vsearch v2.30.0_linux_x86_64, 94.1GB RAM, 24 cores
https://github.com/torognes/vsearch

Reading file results/clustering/cdr/comp_VH_R3/cdr3_clusters/166bac04-5868-40e7-a006-4264ce922024-IGH.fasta 100%
15376 nt in 387 seqs, min 12, max 60, avg 40
Masking 100%
Sorting by length 100%
Counting k-mers 100%
Clustering 100%
Sorting clusters 100%
Writing clusters 100%
Clusters: 354 Size min 1, max 6, avg 1.1
Singletons: 334, 86.3% of seqs, 94.4% of clusters
Multiple alignments 100%
vsearch v2.30.0_linux_x86_64, 94.1GB RAM, 24 cores
https://github.com/torognes/vsearch

Reading file results/clustering/cdr/comp_VH_R3/cdr3_clusters/7c8e66b0-0969-4771-a732-9a8582ed8854-IGH.fasta 100%
831 nt in 20 seqs, min 21, max 48, avg 42
Masking 100%
Sorting by length 100%
Counting k-mers 100%
Clustering 100%
Sorting clusters 100%
Writing clusters 100%
Clusters: 18 Size min 1, max 2, avg 1.1
Singletons: 16, 80.0% of seqs, 88.9% of clusters
Multiple alignments 100%
vsearch v2.30.0_linux_x86_64, 94.1GB RAM, 24 cores
https://github.com/torognes/vsearch

Reading file results/clustering/cdr/comp_VH_R3/cdr3_clusters/58deb1d6-e40f-46a1-94d2-5c8ecc75e2e9-IGH.fasta 100%
198 nt in 5 seqs, min 30, max 42, avg 40
Masking 100%
Sorting by length 100%
Counting k-mers 100%
Clustering 100%
Sorting clusters 100%
Writing clusters 100%
Clusters: 3 Size min 1, max 3, avg 1.7
Singletons: 2, 40.0% of seqs, 66.7% of clusters
Multiple alignments 100%
vsearch v2.30.0_linux_x86_64, 94.1GB RAM, 24 cores
https://github.com/torognes/vsearch

Reading file results/clustering/cdr/comp_VH_R3/cdr3_clusters/58d674f6-3c91-4ab9-a62c-2434f87305f5-IGK.fasta 100%
0 nt in 0 seqs
minseqlength 6: 7 sequences discarded.
Masking 100%
Sorting by length 100%
Counting k-mers 100%
Clustering 100%
Sorting clusters 100%
Writing clusters 100%
Clusters: 0
Singletons: 0
Multiple alignments 100%
vsearch v2.30.0_linux_x86_64, 94.1GB RAM, 24 cores
https://github.com/torognes/vsearch

Reading file results/clustering/cdr/comp_VH_R3/cdr3_clusters/8d748f1c-9b35-43f0-9b5a-385699fd43f8-IGH.fasta 100%
246 nt in 8 seqs, min 21, max 33, avg 31
Masking 100%
Sorting by length 100%
Counting k-mers 100%
Clustering 100%
Sorting clusters 100%
Writing clusters 100%
Clusters: 3 Size min 1, max 6, avg 2.7
Singletons: 2, 25.0% of seqs, 66.7% of clusters
Multiple alignments 100%
vsearch v2.30.0_linux_x86_64, 94.1GB RAM, 24 cores
https://github.com/torognes/vsearch

Reading file results/clustering/cdr/comp_VH_R3/cdr3_clusters/80036f31-4946-4970-9276-c3cfdf706329-IGH.fasta 100%
219 nt in 5 seqs, min 39, max 48, avg 44
Masking 100%
Sorting by length 100%
Counting k-mers 100%
Clustering 100%
Sorting clusters 100%
Writing clusters 100%
Clusters: 4 Size min 1, max 2, avg 1.2
Singletons: 3, 60.0% of seqs, 75.0% of clusters
Multiple alignments 100%
vsearch v2.30.0_linux_x86_64, 94.1GB RAM, 24 cores
https://github.com/torognes/vsearch

Reading file results/clustering/cdr/comp_VH_R3/cdr3_clusters/03957c84-5cb2-42ed-ae19-8067e732a99a-IGH.fasta 100%
249 nt in 5 seqs, min 48, max 51, avg 50
Masking 100%
Sorting by length 100%
Counting k-mers 100%
Clustering 100%
Sorting clusters 100%
Writing clusters 100%
Clusters: 5 Size min 1, max 1, avg 1.0
Singletons: 5, 100.0% of seqs, 100.0% of clusters
Multiple alignments 100%
vsearch v2.30.0_linux_x86_64, 94.1GB RAM, 24 cores
https://github.com/torognes/vsearch

Reading file results/clustering/cdr/comp_VH_R3/cdr3_clusters/939e9093-3c5d-4e42-b0b3-dd7126176297-IGH.fasta 100%
1019 nt in 20 seqs, min 33, max 54, avg 51
Masking 100%
Sorting by length 100%
Counting k-mers 100%
Clustering 100%
Sorting clusters 100%
Writing clusters 100%
Clusters: 10 Size min 1, max 11, avg 2.0
Singletons: 9, 45.0% of seqs, 90.0% of clusters
Multiple alignments 100%
vsearch v2.30.0_linux_x86_64, 94.1GB RAM, 24 cores
https://github.com/torognes/vsearch

Reading file results/clustering/cdr/comp_VH_R3/cdr3_clusters/0ac9ea7e-80a5-4a8c-8c99-db805bb7e39f-IGH.fasta 100%
0 nt in 0 seqs
minseqlength 6: 15 sequences discarded.
Masking 100%
Sorting by length 100%
Counting k-mers 100%
Clustering 100%
Sorting clusters 100%
Writing clusters 100%
Clusters: 0
Singletons: 0
Multiple alignments 100%
vsearch v2.30.0_linux_x86_64, 94.1GB RAM, 24 cores
https://github.com/torognes/vsearch

Reading file results/clustering/cdr/comp_VH_R3/cdr3_clusters/218aa7a0-f9bf-487f-b213-250c81c5d94d-IGH.fasta 100%
288 nt in 7 seqs, min 30, max 48, avg 41
Masking 100%
Sorting by length 100%
Counting k-mers 100%
Clustering 100%
Sorting clusters 100%
Writing clusters 100%
Clusters: 7 Size min 1, max 1, avg 1.0
Singletons: 7, 100.0% of seqs, 100.0% of clusters
Multiple alignments 100%
vsearch v2.30.0_linux_x86_64, 94.1GB RAM, 24 cores
https://github.com/torognes/vsearch

Reading file results/clustering/cdr/comp_VH_R3/cdr3_clusters/5b1bb0f0-b386-4f05-b4f3-591729496120-IGH.fasta 100%
285 nt in 6 seqs, min 39, max 54, avg 48
Masking 100%
Sorting by length 100%
Counting k-mers 100%
Clustering 100%
Sorting clusters 100%
Writing clusters 100%
Clusters: 5 Size min 1, max 2, avg 1.2
Singletons: 4, 66.7% of seqs, 80.0% of clusters
Multiple alignments 100%
vsearch v2.30.0_linux_x86_64, 94.1GB RAM, 24 cores
https://github.com/torognes/vsearch

Reading file results/clustering/cdr/comp_VH_R3/cdr3_clusters/4ce52abd-ee4d-4fad-acb2-4bf0cf49879f-IGH.fasta 100%
1359 nt in 55 seqs, min 12, max 42, avg 25
Masking 100%
Sorting by length 100%
Counting k-mers 100%
Clustering 100%
Sorting clusters 100%
Writing clusters 100%
Clusters: 52 Size min 1, max 2, avg 1.1
Singletons: 49, 89.1% of seqs, 94.2% of clusters
Multiple alignments 100%
vsearch v2.30.0_linux_x86_64, 94.1GB RAM, 24 cores
https://github.com/torognes/vsearch

Reading file results/clustering/cdr/comp_VH_R3/cdr3_clusters/041e3a24-09ff-4a16-ab4a-06740fdd476f-IGH.fasta 100%
8861 nt in 224 seqs, min 18, max 72, avg 40
Masking 100%
Sorting by length 100%
Counting k-mers 100%
Clustering 100%
Sorting clusters 100%
Writing clusters 100%
Clusters: 209 Size min 1, max 4, avg 1.1
Singletons: 198, 88.4% of seqs, 94.7% of clusters
Multiple alignments 100%
vsearch v2.30.0_linux_x86_64, 94.1GB RAM, 24 cores
https://github.com/torognes/vsearch

Reading file results/clustering/cdr/comp_VH_R3/cdr3_clusters/83b30751-d568-47f8-8c2e-fc8675c4aa07-IGH.fasta 100%
348 nt in 10 seqs, min 27, max 36, avg 35
Masking 100%
Sorting by length 100%
Counting k-mers 100%
Clustering 100%
Sorting clusters 100%
Writing clusters 100%
Clusters: 5 Size min 1, max 6, avg 2.0
Singletons: 4, 40.0% of seqs, 80.0% of clusters
Multiple alignments 100%
vsearch v2.30.0_linux_x86_64, 94.1GB RAM, 24 cores
https://github.com/torognes/vsearch

Reading file results/clustering/cdr/comp_VH_R3/cdr3_clusters/04299b1c-094a-4c24-a985-dd31b4330608-IGH.fasta 100%
0 nt in 0 seqs
minseqlength 6: 15 sequences discarded.
Masking 100%
Sorting by length 100%
Counting k-mers 100%
Clustering 100%
Sorting clusters 100%
Writing clusters 100%
Clusters: 0
Singletons: 0
Multiple alignments 100%
vsearch v2.30.0_linux_x86_64, 94.1GB RAM, 24 cores
https://github.com/torognes/vsearch

Reading file results/clustering/cdr/comp_VH_R3/cdr3_clusters/f1d87589-638d-4f19-8ed0-3ef397a8b90a-IGH.fasta 100%
4098 nt in 99 seqs, min 27, max 51, avg 41
Masking 100%
Sorting by length 100%
Counting k-mers 100%
Clustering 100%
Sorting clusters 100%
Writing clusters 100%
Clusters: 90 Size min 1, max 3, avg 1.1
Singletons: 84, 84.8% of seqs, 93.3% of clusters
Multiple alignments 100%
vsearch v2.30.0_linux_x86_64, 94.1GB RAM, 24 cores
https://github.com/torognes/vsearch

Reading file results/clustering/cdr/comp_VH_R3/cdr3_clusters/c85c1b19-15b7-4ac9-a3e6-f56ebe19d8f0-IGH.fasta 100%
249 nt in 6 seqs, min 39, max 42, avg 42
Masking 100%
Sorting by length 100%
Counting k-mers 100%
Clustering 100%
Sorting clusters 100%
Writing clusters 100%
Clusters: 5 Size min 1, max 2, avg 1.2
Singletons: 4, 66.7% of seqs, 80.0% of clusters
Multiple alignments 100%
vsearch v2.30.0_linux_x86_64, 94.1GB RAM, 24 cores
https://github.com/torognes/vsearch

Reading file results/clustering/cdr/comp_VH_R3/cdr3_clusters/c569aa7a-828c-4700-af1e-2d2ce390be0b-IGH.fasta 100%
828 nt in 24 seqs, min 27, max 45, avg 34
Masking 100%
Sorting by length 100%
Counting k-mers 100%
Clustering 100%
Sorting clusters 100%
Writing clusters 100%
Clusters: 20 Size min 1, max 4, avg 1.2
Singletons: 18, 75.0% of seqs, 90.0% of clusters
Multiple alignments 100%
vsearch v2.30.0_linux_x86_64, 94.1GB RAM, 24 cores
https://github.com/torognes/vsearch

Reading file results/clustering/cdr/comp_VH_R3/cdr3_clusters/5afa1299-8ab7-41ba-88e4-6f8976d91ab3-IGH.fasta 100%
657 nt in 20 seqs, min 30, max 33, avg 33
Masking 100%
Sorting by length 100%
Counting k-mers 100%
Clustering 100%
Sorting clusters 100%
Writing clusters 100%
Clusters: 2 Size min 1, max 19, avg 10.0
Singletons: 1, 5.0% of seqs, 50.0% of clusters
Multiple alignments 100%
vsearch v2.30.0_linux_x86_64, 94.1GB RAM, 24 cores
https://github.com/torognes/vsearch

Reading file results/clustering/cdr/comp_VH_R3/cdr3_clusters/d8ba11e4-a32a-4dcb-9f22-761db5df223d-IGH.fasta 100%
405 nt in 10 seqs, min 30, max 48, avg 40
Masking 100%
Sorting by length 100%
Counting k-mers 100%
Clustering 100%
Sorting clusters 100%
Writing clusters 100%
Clusters: 6 Size min 1, max 3, avg 1.7
Singletons: 4, 40.0% of seqs, 66.7% of clusters
Multiple alignments 100%
vsearch v2.30.0_linux_x86_64, 94.1GB RAM, 24 cores
https://github.com/torognes/vsearch

Reading file results/clustering/cdr/comp_VH_R3/cdr3_clusters/15be195d-ca33-4b10-875d-caf829b6351d-IGH.fasta 100%
973 nt in 20 seqs, min 36, max 58, avg 49
Masking 100%
Sorting by length 100%
Counting k-mers 100%
Clustering 100%
Sorting clusters 100%
Writing clusters 100%
Clusters: 18 Size min 1, max 3, avg 1.1
Singletons: 17, 85.0% of seqs, 94.4% of clusters
Multiple alignments 100%
vsearch v2.30.0_linux_x86_64, 94.1GB RAM, 24 cores
https://github.com/torognes/vsearch

Reading file results/clustering/cdr/comp_VH_R3/cdr3_clusters/7767c912-73fd-4ce8-92d7-eb23b221f103-IGH.fasta 100%
285 nt in 8 seqs, min 27, max 39, avg 36
Masking 100%
Sorting by length 100%
Counting k-mers 100%
Clustering 100%
Sorting clusters 100%
Writing clusters 100%
Clusters: 8 Size min 1, max 1, avg 1.0
Singletons: 8, 100.0% of seqs, 100.0% of clusters
Multiple alignments 100%
