/home/glicina/pbarros/abScope_done_imp/scripts/preProcess/reGroupCdrCluster.py:23: DtypeWarning: Columns (12,28,29,30,31,42,43,46,47,48,49,50,52,58,94) have mixed types. Specify dtype option on import or set low_memory=False.
  igblast=pd.read_csv(igcicle_out)
Clusters Ordened By clusters lenght: 
Empty DataFrame
Columns: [0, 1, 2, 3, 4, 5, 6, 7, 8, 9]
Index: []
Clusters Ordened By clusters lenght: 
    0  1   2  3  4  5  6  7                                         8  9
29  C  1  11  *  *  *  *  *  044417c2-f6e9-4721-8b03-c1ad5b1737aa-IGH  *
Clusters Ordened By clusters lenght: 
Empty DataFrame
Columns: [0, 1, 2, 3, 4, 5, 6, 7, 8, 9]
Index: []
Clusters Ordened By clusters lenght: 
      0    1   2  3  4  5  6  7                                         8  9
801   C   70  17  *  *  *  *  *  103028ce-39bf-4fce-bf9d-cab851b972f7-IGH  *
1030  C  299  10  *  *  *  *  *  048fa485-5be4-47a9-a5fe-d8832e726d94-IGH  *
1137  C  406   8  *  *  *  *  *  2c6bc8ba-abc5-4a7b-b9b8-7bb8c0f3d095-IGH  *
1207  C  476   8  *  *  *  *  *  041e68c3-5a9d-43b4-963a-6f1f29f41270-IGH  *
745   C   14   7  *  *  *  *  *  036e37c3-5b45-4447-9990-19950dcd2677-IGH  *
1150  C  419   6  *  *  *  *  *  5da8bc2e-8705-4ca4-ab50-2979030256a5-IGH  *
1208  C  477   6  *  *  *  *  *  06ca0598-8e8d-4d93-96a4-aa9dfb6345e7-IGH  *
1229  C  498   5  *  *  *  *  *  4c6f15ff-8300-42f5-98ec-59765eb130e0-IGH  *
Clusters Ordened By clusters lenght: 
Empty DataFrame
Columns: [0, 1, 2, 3, 4, 5, 6, 7, 8, 9]
Index: []
Clusters Ordened By clusters lenght: 
Empty DataFrame
Columns: [0, 1, 2, 3, 4, 5, 6, 7, 8, 9]
Index: []
Clusters Ordened By clusters lenght: 
     0    1   2  3  4  5  6  7                                         8  9
559  C  134  23  *  *  *  *  *  025a8272-8681-4a58-8aaa-e1e67c71ee78-IGH  *
601  C  176  12  *  *  *  *  *  0b554c25-5ca7-4079-b58b-e20ae470ea5f-IGH  *
564  C  139  10  *  *  *  *  *  1470a7de-6081-4d19-90b6-fe5832dffec5-IGH  *
565  C  140   9  *  *  *  *  *  2452b21c-70e7-4fb3-85d4-924a0b4e2237-IGH  *
596  C  171   9  *  *  *  *  *  02c0562a-e576-49fc-96f1-70a1edd380eb-IGH  *
606  C  181   9  *  *  *  *  *  18010b12-19b9-469d-a6ce-2254e4b4ce51-IGH  *
619  C  194   9  *  *  *  *  *  536035a2-1e7b-4aca-8eb6-d9a5cc70cbc3-IGH  *
597  C  172   7  *  *  *  *  *  0570d0c6-1d03-4b5a-907a-29a1dc3739d9-IGH  *
691  C  266   6  *  *  *  *  *  1d7508a5-25d1-422f-aa40-11279fe20c1e-IGH  *
690  C  265   4  *  *  *  *  *  1671d31e-9cec-401c-b347-b58224f4cf0f-IGH  *
700  C  275   4  *  *  *  *  *  97f329c4-45e5-4638-8abc-f87c575e0688-IGH  *
Clusters Ordened By clusters lenght: 
Empty DataFrame
Columns: [0, 1, 2, 3, 4, 5, 6, 7, 8, 9]
Index: []
Clusters Ordened By clusters lenght: 
   0  1  2  3  4  5  6  7                                         8  9
6  C  0  5  *  *  *  *  *  3ca9b8c8-d12e-432b-8d48-927f88f692cf-IGH  *
Clusters Ordened By clusters lenght: 
     0   1  2  3  4  5  6  7                                         8  9
109  C  42  4  *  *  *  *  *  7c5949e5-87aa-4180-8432-96ef5a17b341-IGH  *
Clusters Ordened By clusters lenght: 
Empty DataFrame
Columns: [0, 1, 2, 3, 4, 5, 6, 7, 8, 9]
Index: []
Clusters Ordened By clusters lenght: 
Empty DataFrame
Columns: [0, 1, 2, 3, 4, 5, 6, 7, 8, 9]
Index: []
Clusters Ordened By clusters lenght: 
    0  1  2  3  4  5  6  7                                         8  9
44  C  7  5  *  *  *  *  *  16c55a1b-6313-4748-b930-843c8cd049b4-IGH  *
Clusters Ordened By clusters lenght: 
Empty DataFrame
Columns: [0, 1, 2, 3, 4, 5, 6, 7, 8, 9]
Index: []
Clusters Ordened By clusters lenght: 
     0   1  2  3  4  5  6  7                                         8  9
161  C  18  8  *  *  *  *  *  214490d4-8cb5-4835-9949-c1467eca8905-IGH  *
221  C  78  5  *  *  *  *  *  1e2d53f8-f4a8-439b-a3ad-6834d60614c0-IGH  *
Clusters Ordened By clusters lenght: 
Empty DataFrame
Columns: [0, 1, 2, 3, 4, 5, 6, 7, 8, 9]
Index: []
Clusters Ordened By clusters lenght: 
Empty DataFrame
Columns: [0, 1, 2, 3, 4, 5, 6, 7, 8, 9]
Index: []
Clusters Ordened By clusters lenght: 
Empty DataFrame
Columns: [0, 1, 2, 3, 4, 5, 6, 7, 8, 9]
Index: []
Clusters Ordened By clusters lenght: 
   0  1  2  3  4  5  6  7                                         8  9
5  C  0  4  *  *  *  *  *  5f0eda3f-d7d1-4b0e-8a55-56bc5dff9e78-IGH  *
Clusters Ordened By clusters lenght: 
Empty DataFrame
Columns: [0, 1, 2, 3, 4, 5, 6, 7, 8, 9]
Index: []
Clusters Ordened By clusters lenght: 
    0   1   2  3  4  5  6  7                                         8  9
84  C  10  13  *  *  *  *  *  0cfbd814-471c-4f93-97e4-8f9a6ea5f5b4-IGH  *
96  C  22   5  *  *  *  *  *  15741014-3f0a-4d37-8620-9f485265fdc7-IGH  *
85  C  11   5  *  *  *  *  *  336649b2-6cec-4491-989d-3434db8f44ba-IGH  *
83  C   9   4  *  *  *  *  *  0a15e7b4-2a86-4518-9ad4-b5b9e9feeda2-IGH  *
92  C  18   4  *  *  *  *  *  abc41563-7723-433d-8bbb-8959012b73a3-IGH  *
Clusters Ordened By clusters lenght: 
   0  1  2  3  4  5  6  7                                         8  9
8  C  2  4  *  *  *  *  *  a66eed39-f482-4a61-92e0-8defcfafdc32-IGH  *
Clusters Ordened By clusters lenght: 
    0  1  2  3  4  5  6  7                                         8  9
26  C  4  6  *  *  *  *  *  0fbe5a5e-3714-4495-a836-79903500093d-IGH  *
Clusters Ordened By clusters lenght: 
Empty DataFrame
Columns: [0, 1, 2, 3, 4, 5, 6, 7, 8, 9]
Index: []
Clusters Ordened By clusters lenght: 
Empty DataFrame
Columns: [0, 1, 2, 3, 4, 5, 6, 7, 8, 9]
Index: []
Clusters Ordened By clusters lenght: 
      0    1   2  3  4  5  6  7                                         8  9
1583  C  431  68  *  *  *  *  *  061c18eb-371a-471d-9623-31481477ee1b-IGH  *
1643  C  491  56  *  *  *  *  *  0271f41a-6a9a-4431-9681-feec2b4922bf-IGH  *
1647  C  495  39  *  *  *  *  *  0aa8ee42-1f45-427a-b8d3-10b4c0eb028c-IGH  *
1590  C  438  26  *  *  *  *  *  1c38711c-01b4-4959-9d5b-ec6adc2e4d3c-IGH  *
1170  C   18  17  *  *  *  *  *  123f3bd4-a114-4ba3-9bf2-03cffee4d78b-IGH  *
1587  C  435  17  *  *  *  *  *  15d1f7e0-6b21-43e3-9c09-620d938f24ba-IGH  *
1666  C  514  16  *  *  *  *  *  287d6202-2868-4dcb-ab86-8862f48b3bad-IGH  *
1686  C  534  16  *  *  *  *  *  5dbc9d32-3801-451a-9361-00f5bedf6066-IGH  *
1584  C  432  15  *  *  *  *  *  0bc5833b-2200-4322-aea1-18f7e685b5fb-IGH  *
1653  C  501  14  *  *  *  *  *  113581bb-1bf5-41e1-bd83-669e127246c7-IGH  *
1204  C   52  12  *  *  *  *  *  1e8e775a-33e5-487c-8579-ff3cdd5881de-IGH  *
1185  C   33  10  *  *  *  *  *  1d4940fa-ab50-462b-ba92-25bfebaea189-IGH  *
1201  C   49   9  *  *  *  *  *  02d6a692-6fcf-4294-a1ce-181c8c66fed2-IGH  *
1503  C  351   9  *  *  *  *  *  09a966a9-0834-407a-92d9-b7a1523a4611-IGH  *
1538  C  386   8  *  *  *  *  *  4b1ec220-d9b0-4dd2-a637-0d5ebfacf46a-IGH  *
1663  C  511   8  *  *  *  *  *  205a75e2-83b9-4482-ba4c-eee0e12812f1-IGH  *
1445  C  293   7  *  *  *  *  *  47bceb59-0ec1-4ecd-a59d-755f2dc05780-IGH  *
1171  C   19   7  *  *  *  *  *  3a609104-08c7-4bc1-b424-a581a9d0e7a2-IGH  *
1650  C  498   7  *  *  *  *  *  0db2556d-46dd-4060-9144-dbb6208cb3b4-IGH  *
1369  C  217   7  *  *  *  *  *  2d67c71f-8a57-42dc-abdf-8c788b20cfcf-IGH  *
1542  C  390   6  *  *  *  *  *  54c6234b-5137-4017-84e6-40e7d8e24f32-IGH  *
1591  C  439   6  *  *  *  *  *  270b0252-4d81-46bb-898a-6a02d17a7a07-IGH  *
1224  C   72   6  *  *  *  *  *  09af5299-ab8c-42e3-9ab7-f9c6c442bb3e-IGH  *
1429  C  277   6  *  *  *  *  *  2449e6f0-8da7-4e7c-89de-1da5009e67e2-IGH  *
1588  C  436   6  *  *  *  *  *  177294e2-6b31-45e8-86cc-d8c22ed9c401-IGH  *
1522  C  370   6  *  *  *  *  *  2d59c4ef-75b1-4d4c-966e-a56c4c3395fb-IGH  *
1504  C  352   5  *  *  *  *  *  0a71b0e5-582a-4a4f-8ea1-60e99dfa02ff-IGH  *
1580  C  428   5  *  *  *  *  *  00afaadb-c6e4-4872-a318-6dc9d2087685-IGH  *
1505  C  353   5  *  *  *  *  *  0ab043c7-0f9a-4b75-b577-c6025412e254-IGH  *
1259  C  107   5  *  *  *  *  *  17df05b0-7315-4856-aa67-4c143081ac0c-IGH  *
1265  C  113   4  *  *  *  *  *  36671a88-656f-4284-a402-6920fbb39738-IGH  *
1252  C  100   4  *  *  *  *  *  0260d65a-2344-4960-a734-1bc71734acc7-IGH  *
1222  C   70   4  *  *  *  *  *  01a060ce-1754-4756-b72c-44a709b88777-IGH  *
1424  C  272   4  *  *  *  *  *  16c327d2-ee90-4c2a-be11-71ca42f0a2be-IGH  *
1417  C  265   4  *  *  *  *  *  0546b80f-a5ce-46c8-8e59-f25212254d7f-IGH  *
1367  C  215   4  *  *  *  *  *  2927271b-0381-42d9-a445-2161362c4313-IGH  *
1426  C  274   4  *  *  *  *  *  1df2f214-c4a5-42eb-a9a7-c441960c3fe6-IGH  *
1266  C  114   4  *  *  *  *  *  36dda1cc-c279-4e8d-8935-38e58274f731-IGH  *
1592  C  440   4  *  *  *  *  *  2bb87dad-26d2-4031-a819-083bff6d9c89-IGH  *
1656  C  504   4  *  *  *  *  *  14361026-090c-4fa7-99f5-87c42a115b40-IGH  *
1670  C  518   4  *  *  *  *  *  37d9b2ed-a10e-435d-a296-c0aa7827e526-IGH  *
1678  C  526   4  *  *  *  *  *  45c1ccda-4018-4b7f-8536-9f5af81d5f42-IGH  *
Clusters Ordened By clusters lenght: 
Empty DataFrame
Columns: [0, 1, 2, 3, 4, 5, 6, 7, 8, 9]
Index: []
Clusters Ordened By clusters lenght: 
     0   1  2  3  4  5  6  7                                         8  9
103  C  12  5  *  *  *  *  *  12ddd922-8666-4968-a0ba-858353e409ab-IGH  *
Clusters Ordened By clusters lenght: 
    0  1  2  3  4  5  6  7                                         8  9
12  C  0  9  *  *  *  *  *  95e7fb58-485a-4440-995a-0a6064c3944a-IGH  *
Clusters Ordened By clusters lenght: 
Empty DataFrame
Columns: [0, 1, 2, 3, 4, 5, 6, 7, 8, 9]
Index: []
Clusters Ordened By clusters lenght: 
     0    1  2  3  4  5  6  7                                         8  9
211  C   13  4  *  *  *  *  *  35f1aa6a-b9f5-4ebd-93c3-9b478319f9f9-IGH  *
216  C   18  4  *  *  *  *  *  614224b4-a87d-483f-9622-85fea8b99d44-IGH  *
301  C  103  4  *  *  *  *  *  425b35ff-b997-422b-becf-e7e109700e61-IGH  *
Clusters Ordened By clusters lenght: 
Empty DataFrame
Columns: [0, 1, 2, 3, 4, 5, 6, 7, 8, 9]
Index: []
Clusters Ordened By clusters lenght: 
Empty DataFrame
Columns: [0, 1, 2, 3, 4, 5, 6, 7, 8, 9]
Index: []
Clusters Ordened By clusters lenght: 
Empty DataFrame
Columns: [0, 1, 2, 3, 4, 5, 6, 7, 8, 9]
Index: []
Clusters Ordened By clusters lenght: 
Empty DataFrame
Columns: [0, 1, 2, 3, 4, 5, 6, 7, 8, 9]
Index: []
Clusters Ordened By clusters lenght: 
Empty DataFrame
Columns: [0, 1, 2, 3, 4, 5, 6, 7, 8, 9]
Index: []
Clusters Ordened By clusters lenght: 
     0   1  2  3  4  5  6  7                                         8  9
128  C  17  5  *  *  *  *  *  ba4080bc-c551-4a6c-941b-cca5eeca507d-IGH  *
Clusters Ordened By clusters lenght: 
    0  1  2  3  4  5  6  7                                         8  9
30  C  5  4  *  *  *  *  *  4bdc2d8d-d62f-4fb9-bcea-1c6aa017f5ca-IGH  *
Clusters Ordened By clusters lenght: 
Empty DataFrame
Columns: [0, 1, 2, 3, 4, 5, 6, 7, 8, 9]
Index: []
Clusters Ordened By clusters lenght: 
Empty DataFrame
Columns: [0, 1, 2, 3, 4, 5, 6, 7, 8, 9]
Index: []
Clusters Ordened By clusters lenght: 
Empty DataFrame
Columns: [0, 1, 2, 3, 4, 5, 6, 7, 8, 9]
Index: []
Clusters Ordened By clusters lenght: 
   0  1  2  3  4  5  6  7                                         8  9
9  C  0  5  *  *  *  *  *  152f9f2f-0b8c-41ae-971a-5ba28da881c2-IGH  *
Clusters Ordened By clusters lenght: 
Empty DataFrame
Columns: [0, 1, 2, 3, 4, 5, 6, 7, 8, 9]
Index: []
Clusters Ordened By clusters lenght: 
   0  1  2  3  4  5  6  7                                         8  9
8  C  1  6  *  *  *  *  *  543436fd-f528-4caa-9d8f-b5df0cc101b5-IGH  *
Clusters Ordened By clusters lenght: 
Empty DataFrame
Columns: [0, 1, 2, 3, 4, 5, 6, 7, 8, 9]
Index: []
Clusters Ordened By clusters lenght: 
    0   1  2  3  4  5  6  7                                         8  9
38  C  10  4  *  *  *  *  *  1c440f54-dc75-4a4b-8512-df5f8ac73f99-IGH  *
Clusters Ordened By clusters lenght: 
Empty DataFrame
Columns: [0, 1, 2, 3, 4, 5, 6, 7, 8, 9]
Index: []
Clusters Ordened By clusters lenght: 
    0   1   2  3  4  5  6  7                                         8  9
91  C  21  17  *  *  *  *  *  043576b0-8a7c-4996-90eb-a4ed11212c38-IGH  *
Clusters Ordened By clusters lenght: 
Empty DataFrame
Columns: [0, 1, 2, 3, 4, 5, 6, 7, 8, 9]
Index: []
Clusters Ordened By clusters lenght: 
     0   1   2  3  4  5  6  7                                         8  9
196  C  11  64  *  *  *  *  *  00781762-f11c-4dad-8e1e-c45fd2eb0e58-IGH  *
243  C  58  17  *  *  *  *  *  1cca33ea-f4ad-4228-bffb-14bda1e65c61-IGH  *
207  C  22   8  *  *  *  *  *  3fbc8692-1d9c-45c0-bd98-c0005142cef3-IGH  *
197  C  12   6  *  *  *  *  *  01314cfd-c46a-4f09-a807-149cade93692-IGH  *
185  C   0   6  *  *  *  *  *  202b7c4e-a158-4ce5-9d31-185fd90c87eb-IGH  *
205  C  20   6  *  *  *  *  *  3a0c4868-423d-4d2a-8bbb-0be023198fe4-IGH  *
202  C  17   6  *  *  *  *  *  1dac96e1-4ea1-45cf-8c5a-b323c9d406ed-IGH  *
Clusters Ordened By clusters lenght: 
Empty DataFrame
Columns: [0, 1, 2, 3, 4, 5, 6, 7, 8, 9]
Index: []
Clusters Ordened By clusters lenght: 
Empty DataFrame
Columns: [0, 1, 2, 3, 4, 5, 6, 7, 8, 9]
Index: []
Clusters Ordened By clusters lenght: 
Empty DataFrame
Columns: [0, 1, 2, 3, 4, 5, 6, 7, 8, 9]
Index: []
Clusters Ordened By clusters lenght: 
Empty DataFrame
Columns: [0, 1, 2, 3, 4, 5, 6, 7, 8, 9]
Index: []
Clusters Ordened By clusters lenght: 
Empty DataFrame
Columns: [0, 1, 2, 3, 4, 5, 6, 7, 8, 9]
Index: []
Clusters Ordened By clusters lenght: 
Empty DataFrame
Columns: [0, 1, 2, 3, 4, 5, 6, 7, 8, 9]
Index: []
Clusters Ordened By clusters lenght: 
Empty DataFrame
Columns: [0, 1, 2, 3, 4, 5, 6, 7, 8, 9]
Index: []
Clusters Ordened By clusters lenght: 
    0   1  2  3  4  5  6  7                                         8  9
44  C  12  4  *  *  *  *  *  1f1c51bf-aa4f-4c9f-ae2a-f215bead752b-IGH  *
Clusters Ordened By clusters lenght: 
    0  1  2  3  4  5  6  7                                         8  9
47  C  0  8  *  *  *  *  *  124713e1-4fb5-4f77-a006-bc2db45f2602-IGH  *
Clusters Ordened By clusters lenght: 
     0    1   2  3  4  5  6  7                                         8  9
344  C   37  24  *  *  *  *  *  052adf5b-fcf8-4318-add3-c58c832fb3ec-IGH  *
402  C   95   8  *  *  *  *  *  272a83bd-6e4a-4012-86e3-cf552c188dae-IGH  *
350  C   43   6  *  *  *  *  *  200e72ec-9f25-4cd1-9017-b359d7758221-IGH  *
349  C   42   4  *  *  *  *  *  18b2b7f0-7240-44a9-a68c-04c9b031bda7-IGH  *
425  C  118   4  *  *  *  *  *  6a699b34-6648-483a-9b65-a480eb5bdf8a-IGH  *
521  C  214   4  *  *  *  *  *  5a46226a-1702-4905-8121-5c8e5817571a-IGH  *
Clusters Ordened By clusters lenght: 
Empty DataFrame
Columns: [0, 1, 2, 3, 4, 5, 6, 7, 8, 9]
Index: []
Clusters Ordened By clusters lenght: 
Empty DataFrame
Columns: [0, 1, 2, 3, 4, 5, 6, 7, 8, 9]
Index: []
Clusters Ordened By clusters lenght: 
Empty DataFrame
Columns: [0, 1, 2, 3, 4, 5, 6, 7, 8, 9]
Index: []
Clusters Ordened By clusters lenght: 
    0   1  2  3  4  5  6  7                                         8  9
74  C  33  4  *  *  *  *  *  1e8f2f6f-d017-4707-bd66-44ad6f8cc3ab-IGH  *
Clusters Ordened By clusters lenght: 
Empty DataFrame
Columns: [0, 1, 2, 3, 4, 5, 6, 7, 8, 9]
Index: []
Clusters Ordened By clusters lenght: 
Empty DataFrame
Columns: [0, 1, 2, 3, 4, 5, 6, 7, 8, 9]
Index: []
Clusters Ordened By clusters lenght: 
    0   1   2  3  4  5  6  7                                         8  9
70  C  20  15  *  *  *  *  *  55342d7c-fd1c-4140-a97e-874d74f5207b-IGH  *
66  C  16   4  *  *  *  *  *  3013f2a9-4225-46cc-9c68-f30be6ebfa38-IGH  *
Clusters Ordened By clusters lenght: 
Empty DataFrame
Columns: [0, 1, 2, 3, 4, 5, 6, 7, 8, 9]
Index: []
Clusters Ordened By clusters lenght: 
Empty DataFrame
Columns: [0, 1, 2, 3, 4, 5, 6, 7, 8, 9]
Index: []
Clusters Ordened By clusters lenght: 
     0   1  2  3  4  5  6  7                                         8  9
151  C  28  9  *  *  *  *  *  2ad49d7f-bc74-4067-be53-bb65e6c14fc8-IGH  *
Clusters Ordened By clusters lenght: 
Empty DataFrame
Columns: [0, 1, 2, 3, 4, 5, 6, 7, 8, 9]
Index: []
Clusters Ordened By clusters lenght: 
    0  1   2  3  4  5  6  7                                         8  9
46  C  1  38  *  *  *  *  *  06245baa-a7ab-462c-a587-793a23074653-IGH  *
Clusters Ordened By clusters lenght: 
Empty DataFrame
Columns: [0, 1, 2, 3, 4, 5, 6, 7, 8, 9]
Index: []
Clusters Ordened By clusters lenght: 
Empty DataFrame
Columns: [0, 1, 2, 3, 4, 5, 6, 7, 8, 9]
Index: []
Clusters Ordened By clusters lenght: 
    0  1  2  3  4  5  6  7                                         8  9
75  C  0  7  *  *  *  *  *  1230b460-dddc-49f0-a002-fa61c91fc056-IGH  *
Clusters Ordened By clusters lenght: 
Empty DataFrame
Columns: [0, 1, 2, 3, 4, 5, 6, 7, 8, 9]
Index: []
Clusters Ordened By clusters lenght: 
    0  1   2  3  4  5  6  7                                         8  9
33  C  0  29  *  *  *  *  *  01b6169d-4693-4278-ae91-ca09060d6421-IGH  *
Clusters Ordened By clusters lenght: 
Empty DataFrame
Columns: [0, 1, 2, 3, 4, 5, 6, 7, 8, 9]
Index: []
Clusters Ordened By clusters lenght: 
Empty DataFrame
Columns: [0, 1, 2, 3, 4, 5, 6, 7, 8, 9]
Index: []
Clusters Ordened By clusters lenght: 
Empty DataFrame
Columns: [0, 1, 2, 3, 4, 5, 6, 7, 8, 9]
Index: []
Clusters Ordened By clusters lenght: 
Empty DataFrame
Columns: [0, 1, 2, 3, 4, 5, 6, 7, 8, 9]
Index: []
Clusters Ordened By clusters lenght: 
Empty DataFrame
Columns: [0, 1, 2, 3, 4, 5, 6, 7, 8, 9]
Index: []
Clusters Ordened By clusters lenght: 
    0  1  2  3  4  5  6  7                                         8  9
32  C  0  4  *  *  *  *  *  3a2f5bd8-7e59-47a1-a57b-d12f66cfb477-IGH  *
Clusters Ordened By clusters lenght: 
Empty DataFrame
Columns: [0, 1, 2, 3, 4, 5, 6, 7, 8, 9]
Index: []
Clusters Ordened By clusters lenght: 
Empty DataFrame
Columns: [0, 1, 2, 3, 4, 5, 6, 7, 8, 9]
Index: []
Clusters Ordened By clusters lenght: 
Empty DataFrame
Columns: [0, 1, 2, 3, 4, 5, 6, 7, 8, 9]
Index: []
Clusters Ordened By clusters lenght: 
Empty DataFrame
Columns: [0, 1, 2, 3, 4, 5, 6, 7, 8, 9]
Index: []
Clusters Ordened By clusters lenght: 
Empty DataFrame
Columns: [0, 1, 2, 3, 4, 5, 6, 7, 8, 9]
Index: []
Clusters Ordened By clusters lenght: 
Empty DataFrame
Columns: [0, 1, 2, 3, 4, 5, 6, 7, 8, 9]
Index: []
Clusters Ordened By clusters lenght: 
Empty DataFrame
Columns: [0, 1, 2, 3, 4, 5, 6, 7, 8, 9]
Index: []
Clusters Ordened By clusters lenght: 
    0  1  2  3  4  5  6  7                                         8  9
36  C  8  5  *  *  *  *  *  2f833b61-606a-4e9e-8b40-866eeda01c74-IGH  *
Clusters Ordened By clusters lenght: 
Empty DataFrame
Columns: [0, 1, 2, 3, 4, 5, 6, 7, 8, 9]
Index: []
Clusters Ordened By clusters lenght: 
Empty DataFrame
Columns: [0, 1, 2, 3, 4, 5, 6, 7, 8, 9]
Index: []
Clusters Ordened By clusters lenght: 
Empty DataFrame
Columns: [0, 1, 2, 3, 4, 5, 6, 7, 8, 9]
Index: []
Clusters Ordened By clusters lenght: 
Empty DataFrame
Columns: [0, 1, 2, 3, 4, 5, 6, 7, 8, 9]
Index: []
Clusters Ordened By clusters lenght: 
     0   1  2  3  4  5  6  7                                         8  9
173  C  33  8  *  *  *  *  *  0a46e18a-1794-448a-b172-cfb3227208d7-IGH  *
142  C   2  5  *  *  *  *  *  010c784a-a12e-4c7e-940d-b1d6b5dfc9f2-IGH  *
205  C  65  4  *  *  *  *  *  8e5fdf90-82bf-4ec5-a617-25252841f7e6-IGH  *
Clusters Ordened By clusters lenght: 
    0  1   2  3  4  5  6  7                                         8  9
43  C  0  18  *  *  *  *  *  03c906e0-e8ee-4d77-b97a-e1411b6eb279-IGH  *
47  C  4   4  *  *  *  *  *  6a114a87-bfb3-4751-a355-5ae04df3a6e0-IGH  *
Clusters Ordened By clusters lenght: 
    0   1  2  3  4  5  6  7                                         8  9
40  C  17  4  *  *  *  *  *  2425a504-41d6-48fd-a3e5-6b8ef6021e1e-IGH  *
Clusters Ordened By clusters lenght: 
Empty DataFrame
Columns: [0, 1, 2, 3, 4, 5, 6, 7, 8, 9]
Index: []
Clusters Ordened By clusters lenght: 
Empty DataFrame
Columns: [0, 1, 2, 3, 4, 5, 6, 7, 8, 9]
Index: []
Clusters Ordened By clusters lenght: 
    0  1   2  3  4  5  6  7                                         8  9
58  C  3  30  *  *  *  *  *  01611730-cffd-4b43-ad0f-3e0181b5a1bb-IGH  *
59  C  4  13  *  *  *  *  *  0b13652b-0b48-4175-83a0-1efd074f40c0-IGH  *
60  C  5   4  *  *  *  *  *  2e160940-f0dd-40fb-a256-86ae54825acc-IGH  *
Clusters Ordened By clusters lenght: 
Empty DataFrame
Columns: [0, 1, 2, 3, 4, 5, 6, 7, 8, 9]
Index: []
Clusters Ordened By clusters lenght: 
Empty DataFrame
Columns: [0, 1, 2, 3, 4, 5, 6, 7, 8, 9]
Index: []
Clusters Ordened By clusters lenght: 
Empty DataFrame
Columns: [0, 1, 2, 3, 4, 5, 6, 7, 8, 9]
Index: []
Clusters Ordened By clusters lenght: 
    0  1  2  3  4  5  6  7                                         8  9
39  C  7  8  *  *  *  *  *  112a7b62-294b-4d5e-95db-6d7d0ba94da0-IGH  *
Clusters Ordened By clusters lenght: 
    0  1   2  3  4  5  6  7                                         8  9
12  C  1  10  *  *  *  *  *  0f9824c4-be7b-43e6-bf56-99ce8c719743-IGH  *
Clusters Ordened By clusters lenght: 
    0   1   2  3  4  5  6  7                                         8  9
60  C  13  11  *  *  *  *  *  13718df7-2ff2-4a27-9f87-74b2099c785a-IGH  *
Clusters Ordened By clusters lenght: 
Empty DataFrame
Columns: [0, 1, 2, 3, 4, 5, 6, 7, 8, 9]
Index: []
Clusters Ordened By clusters lenght: 
Empty DataFrame
Columns: [0, 1, 2, 3, 4, 5, 6, 7, 8, 9]
Index: []
Clusters Ordened By clusters lenght: 
   0  1  2  3  4  5  6  7                                         8  9
6  C  0  6  *  *  *  *  *  2405be6c-00ed-4f43-b65c-8717a0ced519-IGH  *
Clusters Ordened By clusters lenght: 
Empty DataFrame
Columns: [0, 1, 2, 3, 4, 5, 6, 7, 8, 9]
Index: []
Clusters Ordened By clusters lenght: 
Empty DataFrame
Columns: [0, 1, 2, 3, 4, 5, 6, 7, 8, 9]
Index: []
Clusters Ordened By clusters lenght: 
Empty DataFrame
Columns: [0, 1, 2, 3, 4, 5, 6, 7, 8, 9]
Index: []
Clusters Ordened By clusters lenght: 
Empty DataFrame
Columns: [0, 1, 2, 3, 4, 5, 6, 7, 8, 9]
Index: []
Clusters Ordened By clusters lenght: 
Empty DataFrame
Columns: [0, 1, 2, 3, 4, 5, 6, 7, 8, 9]
Index: []
Clusters Ordened By clusters lenght: 
Empty DataFrame
Columns: [0, 1, 2, 3, 4, 5, 6, 7, 8, 9]
Index: []
Clusters Ordened By clusters lenght: 
Empty DataFrame
Columns: [0, 1, 2, 3, 4, 5, 6, 7, 8, 9]
Index: []
Clusters Ordened By clusters lenght: 
Empty DataFrame
Columns: [0, 1, 2, 3, 4, 5, 6, 7, 8, 9]
Index: []
Clusters Ordened By clusters lenght: 
     0   1   2  3  4  5  6  7                                         8  9
120  C  33  33  *  *  *  *  *  0400ef0e-6594-47c4-b2a4-811e7d9288a8-IGH  *
87   C   0   5  *  *  *  *  *  04b1d635-ffc0-41b5-ad5a-7838c7364351-IGH  *
Clusters Ordened By clusters lenght: 
Empty DataFrame
Columns: [0, 1, 2, 3, 4, 5, 6, 7, 8, 9]
Index: []
Clusters Ordened By clusters lenght: 
Empty DataFrame
Columns: [0, 1, 2, 3, 4, 5, 6, 7, 8, 9]
Index: []
Clusters Ordened By clusters lenght: 
Empty DataFrame
Columns: [0, 1, 2, 3, 4, 5, 6, 7, 8, 9]
Index: []
Clusters Ordened By clusters lenght: 
Empty DataFrame
Columns: [0, 1, 2, 3, 4, 5, 6, 7, 8, 9]
Index: []
Clusters Ordened By clusters lenght: 
Empty DataFrame
Columns: [0, 1, 2, 3, 4, 5, 6, 7, 8, 9]
Index: []
Clusters Ordened By clusters lenght: 
Empty DataFrame
Columns: [0, 1, 2, 3, 4, 5, 6, 7, 8, 9]
Index: []
Clusters Ordened By clusters lenght: 
Empty DataFrame
Columns: [0, 1, 2, 3, 4, 5, 6, 7, 8, 9]
Index: []
Clusters Ordened By clusters lenght: 
     0    1  2  3  4  5  6  7                                         8  9
284  C  127  7  *  *  *  *  *  31549d11-e45e-460d-b623-2f7cda142980-IGH  *
191  C   34  6  *  *  *  *  *  0ed7e08a-7481-4f6b-a7c5-fda072105e90-IGH  *
234  C   77  5  *  *  *  *  *  3afa13d6-e47f-4f16-9e0a-5162f1000a19-IGH  *
Clusters Ordened By clusters lenght: 
     0   1  2  3  4  5  6  7                                         8  9
126  C  13  6  *  *  *  *  *  4a2da2a0-e659-48f2-93d2-a69e14c49365-IGH  *
174  C  61  6  *  *  *  *  *  969fdb3d-8fce-4665-b38c-2f882a74df66-IGH  *
118  C   5  5  *  *  *  *  *  0744db63-097b-4835-b249-e315bc45fead-IGH  *
144  C  31  4  *  *  *  *  *  6b1c00f9-7448-4bb7-8eeb-d61216b34892-IGH  *
Clusters Ordened By clusters lenght: 
    0   1   2  3  4  5  6  7                                         8  9
54  C   1  20  *  *  *  *  *  109090d0-759b-4088-bec1-9dd6a27ba563-IGH  *
57  C   4   7  *  *  *  *  *  b2bad9b9-5f20-4986-8e05-a2abdf3165d7-IGH  *
55  C   2   5  *  *  *  *  *  372973bb-155b-426a-a31c-12dc803d348a-IGH  *
68  C  15   4  *  *  *  *  *  6f534a53-9bc5-4b7f-b159-7e2d42da74a6-IGH  *
Clusters Ordened By clusters lenght: 
    0  1  2  3  4  5  6  7                                         8  9
49  C  0  5  *  *  *  *  *  1ab844d0-6bed-4fdb-840a-47a5724700bc-IGH  *
57  C  8  4  *  *  *  *  *  3a82c7f1-6352-43e4-820e-2d593f983dfb-IGH  *
Clusters Ordened By clusters lenght: 
Empty DataFrame
Columns: [0, 1, 2, 3, 4, 5, 6, 7, 8, 9]
Index: []
Clusters Ordened By clusters lenght: 
Empty DataFrame
Columns: [0, 1, 2, 3, 4, 5, 6, 7, 8, 9]
Index: []
Clusters Ordened By clusters lenght: 
Empty DataFrame
Columns: [0, 1, 2, 3, 4, 5, 6, 7, 8, 9]
Index: []
Clusters Ordened By clusters lenght: 
Empty DataFrame
Columns: [0, 1, 2, 3, 4, 5, 6, 7, 8, 9]
Index: []
Clusters Ordened By clusters lenght: 
Empty DataFrame
Columns: [0, 1, 2, 3, 4, 5, 6, 7, 8, 9]
Index: []
Clusters Ordened By clusters lenght: 
Empty DataFrame
Columns: [0, 1, 2, 3, 4, 5, 6, 7, 8, 9]
Index: []
Clusters Ordened By clusters lenght: 
Empty DataFrame
Columns: [0, 1, 2, 3, 4, 5, 6, 7, 8, 9]
Index: []
Clusters Ordened By clusters lenght: 
Empty DataFrame
Columns: [0, 1, 2, 3, 4, 5, 6, 7, 8, 9]
Index: []
Clusters Ordened By clusters lenght: 
Empty DataFrame
Columns: [0, 1, 2, 3, 4, 5, 6, 7, 8, 9]
Index: []
Clusters Ordened By clusters lenght: 
Empty DataFrame
Columns: [0, 1, 2, 3, 4, 5, 6, 7, 8, 9]
Index: []
Clusters Ordened By clusters lenght: 
Empty DataFrame
Columns: [0, 1, 2, 3, 4, 5, 6, 7, 8, 9]
Index: []
Clusters Ordened By clusters lenght: 
    0  1  2  3  4  5  6  7                                         8  9
78  C  0  4  *  *  *  *  *  79cc02ea-58d6-4cd6-a6a2-cd087f01bb21-IGH  *
Clusters Ordened By clusters lenght: 
     0   1  2  3  4  5  6  7                                         8  9
299  C  98  8  *  *  *  *  *  153c1184-159f-4a77-8c50-aeb6c3d4c1d5-IGH  *
Clusters Ordened By clusters lenght: 
Empty DataFrame
Columns: [0, 1, 2, 3, 4, 5, 6, 7, 8, 9]
Index: []
Clusters Ordened By clusters lenght: 
    0  1  2  3  4  5  6  7                                         8  9
20  C  0  9  *  *  *  *  *  03e7fea3-3858-4e4c-a071-d0c3f14442ed-IGH  *
Clusters Ordened By clusters lenght: 
    0  1   2  3  4  5  6  7                                         8  9
18  C  3  10  *  *  *  *  *  4ee5cca9-7645-471d-a548-066bc7b7d4e5-IGH  *
Clusters Ordened By clusters lenght: 
Empty DataFrame
Columns: [0, 1, 2, 3, 4, 5, 6, 7, 8, 9]
Index: []
Clusters Ordened By clusters lenght: 
Empty DataFrame
Columns: [0, 1, 2, 3, 4, 5, 6, 7, 8, 9]
Index: []
Clusters Ordened By clusters lenght: 
Empty DataFrame
Columns: [0, 1, 2, 3, 4, 5, 6, 7, 8, 9]
Index: []
Clusters Ordened By clusters lenght: 
Empty DataFrame
Columns: [0, 1, 2, 3, 4, 5, 6, 7, 8, 9]
Index: []
Clusters Ordened By clusters lenght: 
Empty DataFrame
Columns: [0, 1, 2, 3, 4, 5, 6, 7, 8, 9]
Index: []
Clusters Ordened By clusters lenght: 
Empty DataFrame
Columns: [0, 1, 2, 3, 4, 5, 6, 7, 8, 9]
Index: []
Clusters Ordened By clusters lenght: 
Empty DataFrame
Columns: [0, 1, 2, 3, 4, 5, 6, 7, 8, 9]
Index: []
Clusters Ordened By clusters lenght: 
Empty DataFrame
Columns: [0, 1, 2, 3, 4, 5, 6, 7, 8, 9]
Index: []
Clusters Ordened By clusters lenght: 
Empty DataFrame
Columns: [0, 1, 2, 3, 4, 5, 6, 7, 8, 9]
Index: []
Clusters Ordened By clusters lenght: 
Empty DataFrame
Columns: [0, 1, 2, 3, 4, 5, 6, 7, 8, 9]
Index: []
Clusters Ordened By clusters lenght: 
Empty DataFrame
Columns: [0, 1, 2, 3, 4, 5, 6, 7, 8, 9]
Index: []
Clusters Ordened By clusters lenght: 
Empty DataFrame
Columns: [0, 1, 2, 3, 4, 5, 6, 7, 8, 9]
Index: []
Clusters Ordened By clusters lenght: 
Empty DataFrame
Columns: [0, 1, 2, 3, 4, 5, 6, 7, 8, 9]
Index: []
Clusters Ordened By clusters lenght: 
Empty DataFrame
Columns: [0, 1, 2, 3, 4, 5, 6, 7, 8, 9]
Index: []
Clusters Ordened By clusters lenght: 
Empty DataFrame
Columns: [0, 1, 2, 3, 4, 5, 6, 7, 8, 9]
Index: []
Clusters Ordened By clusters lenght: 
Empty DataFrame
Columns: [0, 1, 2, 3, 4, 5, 6, 7, 8, 9]
Index: []
Clusters Ordened By clusters lenght: 
Empty DataFrame
Columns: [0, 1, 2, 3, 4, 5, 6, 7, 8, 9]
Index: []
Clusters Ordened By clusters lenght: 
Empty DataFrame
Columns: [0, 1, 2, 3, 4, 5, 6, 7, 8, 9]
Index: []
Clusters Ordened By clusters lenght: 
Empty DataFrame
Columns: [0, 1, 2, 3, 4, 5, 6, 7, 8, 9]
Index: []
Clusters Ordened By clusters lenght: 
     0  1    2  3  4  5  6  7                                         8  9
354  C  1  108  *  *  *  *  *  00602c62-06a0-4964-90bc-de00376680a5-IGH  *
357  C  4   68  *  *  *  *  *  115a83f7-262f-47d5-b835-e77878dd4f6e-IGH  *
353  C  0   58  *  *  *  *  *  00016e07-9051-4eda-9fea-82d043f30a29-IGH  *
355  C  2   49  *  *  *  *  *  00e9bee2-614c-4d1e-8362-8312764d6eef-IGH  *
360  C  7   19  *  *  *  *  *  301e6a5e-5696-4663-9ce6-7ff9b18c685e-IGH  *
358  C  5   18  *  *  *  *  *  1a00615f-0f49-44aa-821c-09a80e32d639-IGH  *
359  C  6   12  *  *  *  *  *  1df6028c-f1ad-4cfb-8326-49640c316d5f-IGH  *
356  C  3    7  *  *  *  *  *  01b9a032-4b43-4c67-8fc9-4b3b8974a9cf-IGH  *
362  C  9    6  *  *  *  *  *  4493a1cc-24e6-484d-b094-eb7880b63b7d-IGH  *
Clusters Ordened By clusters lenght: 
Empty DataFrame
Columns: [0, 1, 2, 3, 4, 5, 6, 7, 8, 9]
Index: []
Clusters Ordened By clusters lenght: 
Empty DataFrame
Columns: [0, 1, 2, 3, 4, 5, 6, 7, 8, 9]
Index: []
Clusters Ordened By clusters lenght: 
Empty DataFrame
Columns: [0, 1, 2, 3, 4, 5, 6, 7, 8, 9]
Index: []
Clusters Ordened By clusters lenght: 
Empty DataFrame
Columns: [0, 1, 2, 3, 4, 5, 6, 7, 8, 9]
Index: []
Clusters Ordened By clusters lenght: 
Empty DataFrame
Columns: [0, 1, 2, 3, 4, 5, 6, 7, 8, 9]
Index: []
Clusters Ordened By clusters lenght: 
Empty DataFrame
Columns: [0, 1, 2, 3, 4, 5, 6, 7, 8, 9]
Index: []
Clusters Ordened By clusters lenght: 
Empty DataFrame
Columns: [0, 1, 2, 3, 4, 5, 6, 7, 8, 9]
Index: []
Clusters Ordened By clusters lenght: 
Empty DataFrame
Columns: [0, 1, 2, 3, 4, 5, 6, 7, 8, 9]
Index: []
Clusters Ordened By clusters lenght: 
Empty DataFrame
Columns: [0, 1, 2, 3, 4, 5, 6, 7, 8, 9]
Index: []
Clusters Ordened By clusters lenght: 
Empty DataFrame
Columns: [0, 1, 2, 3, 4, 5, 6, 7, 8, 9]
Index: []
Clusters Ordened By clusters lenght: 
    0  1  2  3  4  5  6  7                                         8  9
42  C  4  5  *  *  *  *  *  28fd454c-75a0-443d-ace4-04b3abae6460-IGH  *
Clusters Ordened By clusters lenght: 
    0  1   2  3  4  5  6  7                                         8  9
27  C  0  21  *  *  *  *  *  27eb02f5-ebbb-422c-a579-2a62e5ab7d27-IGH  *
Clusters Ordened By clusters lenght: 
    0   1  2  3  4  5  6  7                                         8  9
96  C  25  4  *  *  *  *  *  6392e045-1502-4c7d-849f-bf7256b2a008-IGH  *
Clusters Ordened By clusters lenght: 
Empty DataFrame
Columns: [0, 1, 2, 3, 4, 5, 6, 7, 8, 9]
Index: []
Clusters Ordened By clusters lenght: 
Empty DataFrame
Columns: [0, 1, 2, 3, 4, 5, 6, 7, 8, 9]
Index: []
Clusters Ordened By clusters lenght: 
    0  1   2  3  4  5  6  7                                         8  9
55  C  8  22  *  *  *  *  *  23d22dd2-0f50-4343-91a9-53cae7f738b8-IGH  *
Clusters Ordened By clusters lenght: 
Empty DataFrame
Columns: [0, 1, 2, 3, 4, 5, 6, 7, 8, 9]
Index: []
Clusters Ordened By clusters lenght: 
Empty DataFrame
Columns: [0, 1, 2, 3, 4, 5, 6, 7, 8, 9]
Index: []
Clusters Ordened By clusters lenght: 
Empty DataFrame
Columns: [0, 1, 2, 3, 4, 5, 6, 7, 8, 9]
Index: []
Clusters Ordened By clusters lenght: 
    0  1   2  3  4  5  6  7                                         8  9
42  C  3  35  *  *  *  *  *  0a39eead-2bb0-4e7f-8b61-abe357433cac-IGH  *
Clusters Ordened By clusters lenght: 
Empty DataFrame
Columns: [0, 1, 2, 3, 4, 5, 6, 7, 8, 9]
Index: []
Clusters Ordened By clusters lenght: 
Empty DataFrame
Columns: [0, 1, 2, 3, 4, 5, 6, 7, 8, 9]
Index: []
Clusters Ordened By clusters lenght: 
Empty DataFrame
Columns: [0, 1, 2, 3, 4, 5, 6, 7, 8, 9]
Index: []
Clusters Ordened By clusters lenght: 
Empty DataFrame
Columns: [0, 1, 2, 3, 4, 5, 6, 7, 8, 9]
Index: []
Clusters Ordened By clusters lenght: 
Empty DataFrame
Columns: [0, 1, 2, 3, 4, 5, 6, 7, 8, 9]
Index: []
Clusters Ordened By clusters lenght: 
Empty DataFrame
Columns: [0, 1, 2, 3, 4, 5, 6, 7, 8, 9]
Index: []
Clusters Ordened By clusters lenght: 
     0   1   2  3  4  5  6  7                                         8  9
106  C  17  63  *  *  *  *  *  01a7ffd4-51b1-4472-ac3e-78341a50a1e9-IGH  *
Clusters Ordened By clusters lenght: 
   0  1  2  3  4  5  6  7                                         8  9
7  C  1  5  *  *  *  *  *  6a5acb5b-a3ba-4f86-a321-809a619d4155-IGH  *
Clusters Ordened By clusters lenght: 
Empty DataFrame
Columns: [0, 1, 2, 3, 4, 5, 6, 7, 8, 9]
Index: []
Clusters Ordened By clusters lenght: 
    0  1  2  3  4  5  6  7                                         8  9
13  C  1  7  *  *  *  *  *  0c7378b1-70d3-4f15-ba2c-717c18259aef-IGH  *
Clusters Ordened By clusters lenght: 
    0   1  2  3  4  5  6  7                                         8  9
93  C  38  7  *  *  *  *  *  01a24244-cd5f-472a-983e-47fb4ec8abf0-IGH  *
Clusters Ordened By clusters lenght: 
Empty DataFrame
Columns: [0, 1, 2, 3, 4, 5, 6, 7, 8, 9]
Index: []
Clusters Ordened By clusters lenght: 
Empty DataFrame
Columns: [0, 1, 2, 3, 4, 5, 6, 7, 8, 9]
Index: []
Clusters Ordened By clusters lenght: 
   0  1  2  3  4  5  6  7                                         8  9
6  C  0  6  *  *  *  *  *  17afea36-ec2c-49fd-9db8-625a51320dee-IGH  *
Clusters Ordened By clusters lenght: 
Empty DataFrame
Columns: [0, 1, 2, 3, 4, 5, 6, 7, 8, 9]
Index: []
Clusters Ordened By clusters lenght: 
Empty DataFrame
Columns: [0, 1, 2, 3, 4, 5, 6, 7, 8, 9]
Index: []
Clusters Ordened By clusters lenght: 
     0   1  2  3  4  5  6  7                                         8  9
455  C  61  6  *  *  *  *  *  0db3db06-e7e4-4d66-9006-c8fc67a17911-IGH  *
Clusters Ordened By clusters lenght: 
     0   1  2  3  4  5  6  7                                         8  9
229  C  83  4  *  *  *  *  *  078dc94a-07aa-492a-81c4-f56dbc5c04e3-IGH  *
Clusters Ordened By clusters lenght: 
     0    1  2  3  4  5  6  7                                         8  9
189  C   51  8  *  *  *  *  *  1963ca94-fd80-4fb9-a69e-ce4819486281-IGH  *
145  C    7  5  *  *  *  *  *  49028a05-5e83-4b55-9dd7-1e12e698efea-IGH  *
192  C   54  4  *  *  *  *  *  327e7f1f-7d45-4d84-9b1b-e74cec9e4285-IGH  *
239  C  101  4  *  *  *  *  *  083f3e2a-da4c-4c31-9d22-1c3788f32c86-IGH  *
Clusters Ordened By clusters lenght: 
Empty DataFrame
Columns: [0, 1, 2, 3, 4, 5, 6, 7, 8, 9]
Index: []
Clusters Ordened By clusters lenght: 
Empty DataFrame
Columns: [0, 1, 2, 3, 4, 5, 6, 7, 8, 9]
Index: []
Clusters Ordened By clusters lenght: 
Empty DataFrame
Columns: [0, 1, 2, 3, 4, 5, 6, 7, 8, 9]
Index: []
Clusters Ordened By clusters lenght: 
Empty DataFrame
Columns: [0, 1, 2, 3, 4, 5, 6, 7, 8, 9]
Index: []
Clusters Ordened By clusters lenght: 
Empty DataFrame
Columns: [0, 1, 2, 3, 4, 5, 6, 7, 8, 9]
Index: []
Clusters Ordened By clusters lenght: 
Empty DataFrame
Columns: [0, 1, 2, 3, 4, 5, 6, 7, 8, 9]
Index: []
Clusters Ordened By clusters lenght: 
    0  1  2  3  4  5  6  7                                         8  9
43  C  7  5  *  *  *  *  *  650baeb6-56a5-41cd-a5ca-ded9eb604263-IGH  *
Clusters Ordened By clusters lenght: 
Empty DataFrame
Columns: [0, 1, 2, 3, 4, 5, 6, 7, 8, 9]
Index: []
Clusters Ordened By clusters lenght: 
    0  1   2  3  4  5  6  7                                         8  9
23  C  4  10  *  *  *  *  *  30587009-32fe-4395-9a44-92ea78b7e9e5-IGH  *
Clusters Ordened By clusters lenght: 
Empty DataFrame
Columns: [0, 1, 2, 3, 4, 5, 6, 7, 8, 9]
Index: []
Clusters Ordened By clusters lenght: 
Empty DataFrame
Columns: [0, 1, 2, 3, 4, 5, 6, 7, 8, 9]
Index: []
Clusters Ordened By clusters lenght: 
Empty DataFrame
Columns: [0, 1, 2, 3, 4, 5, 6, 7, 8, 9]
Index: []
Clusters Ordened By clusters lenght: 
    0  1  2  3  4  5  6  7                                         8  9
12  C  0  5  *  *  *  *  *  15430de2-10cd-4f21-921e-7e394620eeeb-IGH  *
Clusters Ordened By clusters lenght: 
Empty DataFrame
Columns: [0, 1, 2, 3, 4, 5, 6, 7, 8, 9]
Index: []
Clusters Ordened By clusters lenght: 
Empty DataFrame
Columns: [0, 1, 2, 3, 4, 5, 6, 7, 8, 9]
Index: []
Clusters Ordened By clusters lenght: 
Empty DataFrame
Columns: [0, 1, 2, 3, 4, 5, 6, 7, 8, 9]
Index: []
Clusters Ordened By clusters lenght: 
Empty DataFrame
Columns: [0, 1, 2, 3, 4, 5, 6, 7, 8, 9]
Index: []
Clusters Ordened By clusters lenght: 
Empty DataFrame
Columns: [0, 1, 2, 3, 4, 5, 6, 7, 8, 9]
Index: []
Clusters Ordened By clusters lenght: 
Empty DataFrame
Columns: [0, 1, 2, 3, 4, 5, 6, 7, 8, 9]
Index: []
Clusters Ordened By clusters lenght: 
     0   1   2  3  4  5  6  7                                         8  9
219  C  10  54  *  *  *  *  *  034931bb-e434-4f4f-b9ca-5be133c2e1f5-IGH  *
220  C  11  10  *  *  *  *  *  200f56f2-a6d3-4cd1-a6e0-a996639ac754-IGH  *
223  C  14   7  *  *  *  *  *  6a2219ee-b59b-4801-b031-b10966020b50-IGH  *
262  C  53   4  *  *  *  *  *  05310e37-298b-4c5b-9df5-ad39ab52d5eb-IGH  *
Clusters Ordened By clusters lenght: 
    0  1  2  3  4  5  6  7                                         8  9
18  C  1  4  *  *  *  *  *  6c10ac89-8d25-4df7-ac04-1c2dcb464cc2-IGH  *
Clusters Ordened By clusters lenght: 
Empty DataFrame
Columns: [0, 1, 2, 3, 4, 5, 6, 7, 8, 9]
Index: []
Clusters Ordened By clusters lenght: 
     0  1    2  3  4  5  6  7                                         8  9
156  C  6  117  *  *  *  *  *  00509442-5f40-4e0d-86f4-d10b46e8df15-IGH  *
157  C  7    4  *  *  *  *  *  2945af97-9d9f-45ed-935b-06576685bbea-IGH  *
Clusters Ordened By clusters lenght: 
Empty DataFrame
Columns: [0, 1, 2, 3, 4, 5, 6, 7, 8, 9]
Index: []
Clusters Ordened By clusters lenght: 
     0   1  2  3  4  5  6  7                                         8  9
265  C  97  6  *  *  *  *  *  6a907a67-afc3-405f-9ff1-2929566071dc-IGH  *
263  C  95  5  *  *  *  *  *  19feb9b6-f392-466e-8f23-2e3998dc4d67-IGH  *
Clusters Ordened By clusters lenght: 
     0   1  2  3  4  5  6  7                                         8  9
294  C  17  6  *  *  *  *  *  06652ae2-336f-4d67-af62-b7d4147078f1-IGH  *
Clusters Ordened By clusters lenght: 
      0    1  2  3  4  5  6  7                                         8  9
1280  C  552  8  *  *  *  *  *  3efd5942-2445-47a3-9c36-917f9353e455-IGH  *
943   C  215  7  *  *  *  *  *  1e313c83-aff8-4f33-ab0a-5c63d68c11c3-IGH  *
944   C  216  7  *  *  *  *  *  1f638e69-890f-4b35-9021-6691c7b828a1-IGH  *
1223  C  495  7  *  *  *  *  *  2fe5830c-b4dc-4a65-81cb-32df46309a64-IGH  *
1148  C  420  7  *  *  *  *  *  1ce93c5a-3e80-4b98-ad99-a5b4cbe78c34-IGH  *
844   C  116  6  *  *  *  *  *  02822caa-06b9-4ccb-8331-fb0c3ac91245-IGH  *
858   C  130  6  *  *  *  *  *  362b02c7-c65b-4161-808a-4d2d0495810c-IGH  *
792   C   64  5  *  *  *  *  *  39569743-d8c5-4c72-b613-dc5176bdb050-IGH  *
846   C  118  5  *  *  *  *  *  07eace37-3d8f-44ec-bed0-eea99c37a056-IGH  *
901   C  173  4  *  *  *  *  *  3c1df805-887d-4f27-8e70-4858bfcb4279-IGH  *
743   C   15  4  *  *  *  *  *  03459421-e734-4969-b248-56a150d75705-IGH  *
899   C  171  4  *  *  *  *  *  39a9a435-3009-461b-b7bf-1117c34dbcd0-IGH  *
1049  C  321  4  *  *  *  *  *  adf3fc38-1d9f-418a-8ce4-b852b19b80ba-IGH  *
1043  C  315  4  *  *  *  *  *  a390806e-8ee3-4f4c-a99e-6ffbd3b7f65f-IGH  *
1156  C  428  4  *  *  *  *  *  34bd5fb3-61bb-4bda-b76a-9095a29c7209-IGH  *
1273  C  545  4  *  *  *  *  *  1ee85427-99e2-418e-a987-e89ca0913037-IGH  *
Clusters Ordened By clusters lenght: 
Empty DataFrame
Columns: [0, 1, 2, 3, 4, 5, 6, 7, 8, 9]
Index: []
Clusters Ordened By clusters lenght: 
     0   1  2  3  4  5  6  7                                         8  9
124  C  54  4  *  *  *  *  *  2693e2bc-0c0f-4d9c-952a-1ace05820683-IGH  *
Clusters Ordened By clusters lenght: 
    0  1   2  3  4  5  6  7                                         8  9
43  C  6  13  *  *  *  *  *  24676f4b-1ca0-4d2c-8890-25293cb2240a-IGH  *
Clusters Ordened By clusters lenght: 
Empty DataFrame
Columns: [0, 1, 2, 3, 4, 5, 6, 7, 8, 9]
Index: []
Clusters Ordened By clusters lenght: 
Empty DataFrame
Columns: [0, 1, 2, 3, 4, 5, 6, 7, 8, 9]
Index: []
Clusters Ordened By clusters lenght: 
Empty DataFrame
Columns: [0, 1, 2, 3, 4, 5, 6, 7, 8, 9]
Index: []
Clusters Ordened By clusters lenght: 
Empty DataFrame
Columns: [0, 1, 2, 3, 4, 5, 6, 7, 8, 9]
Index: []
Clusters Ordened By clusters lenght: 
Empty DataFrame
Columns: [0, 1, 2, 3, 4, 5, 6, 7, 8, 9]
Index: []
Clusters Ordened By clusters lenght: 
Empty DataFrame
Columns: [0, 1, 2, 3, 4, 5, 6, 7, 8, 9]
Index: []
Clusters Ordened By clusters lenght: 
    0   1  2  3  4  5  6  7                                         8  9
68  C  15  4  *  *  *  *  *  70299641-cc62-42cd-a69d-866452c17c74-IGH  *
Clusters Ordened By clusters lenght: 
Empty DataFrame
Columns: [0, 1, 2, 3, 4, 5, 6, 7, 8, 9]
Index: []
Clusters Ordened By clusters lenght: 
    0  1  2  3  4  5  6  7                                         8  9
19  C  0  6  *  *  *  *  *  147453e7-a39c-45e5-b05b-7d68d3f0eaea-IGH  *
Clusters Ordened By clusters lenght: 
Empty DataFrame
Columns: [0, 1, 2, 3, 4, 5, 6, 7, 8, 9]
Index: []
Clusters Ordened By clusters lenght: 
Empty DataFrame
Columns: [0, 1, 2, 3, 4, 5, 6, 7, 8, 9]
Index: []
Clusters Ordened By clusters lenght: 
Empty DataFrame
Columns: [0, 1, 2, 3, 4, 5, 6, 7, 8, 9]
Index: []
Clusters Ordened By clusters lenght: 
     0    1   2  3  4  5  6  7                                         8  9
369  C   84  51  *  *  *  *  *  025a8272-8681-4a58-8aaa-e1e67c71ee78-IGH  *
373  C   88  14  *  *  *  *  *  1470a7de-6081-4d19-90b6-fe5832dffec5-IGH  *
368  C   83  12  *  *  *  *  *  02041085-8845-4b65-aa20-1818a1408c52-IGH  *
348  C   63   5  *  *  *  *  *  1ce24f17-71bb-4df5-a742-34da23d216d2-IGH  *
286  C    1   5  *  *  *  *  *  4d7dbe66-2bbf-496c-9a68-09ee75019a1d-IGH  *
445  C  160   5  *  *  *  *  *  354a2b29-2062-4e7a-b956-0db96c5520ae-IGH  *
381  C   96   4  *  *  *  *  *  455c30d0-0df2-40ee-b48e-22b83e494aa1-IGH  *
399  C  114   4  *  *  *  *  *  18010b12-19b9-469d-a6ce-2254e4b4ce51-IGH  *
Clusters Ordened By clusters lenght: 
Empty DataFrame
Columns: [0, 1, 2, 3, 4, 5, 6, 7, 8, 9]
Index: []
Clusters Ordened By clusters lenght: 
Empty DataFrame
Columns: [0, 1, 2, 3, 4, 5, 6, 7, 8, 9]
Index: []
Clusters Ordened By clusters lenght: 
Empty DataFrame
Columns: [0, 1, 2, 3, 4, 5, 6, 7, 8, 9]
Index: []
Clusters Ordened By clusters lenght: 
      0    1   2  3  4  5  6  7                                         8  9
1236  C  407  19  *  *  *  *  *  07e13a47-b00d-4cc3-8a26-8bb9640fbb50-IGH  *
1069  C  240  16  *  *  *  *  *  315abae9-5114-4dd1-9baa-c229042d1b96-IGH  *
1133  C  304   9  *  *  *  *  *  0f46fb19-e1c3-489f-8fa7-f598d49fc298-IGH  *
987   C  158   8  *  *  *  *  *  1c851809-874c-4fed-99f7-1eaeb12a0a5d-IGH  *
1250  C  421   8  *  *  *  *  *  32e5f317-2bbc-4fcf-8bf6-b150af3e957d-IGH  *
882   C   53   6  *  *  *  *  *  1c0772c5-db8b-4493-814a-0d000470daa2-IGH  *
1365  C  536   5  *  *  *  *  *  6ddce4ce-e425-419f-9db9-d7f0e756e675-IGH  *
1006  C  177   4  *  *  *  *  *  433461e7-1069-43a3-8479-13b9b06c490a-IGH  *
1011  C  182   4  *  *  *  *  *  5232ca72-ba50-4c16-99cc-6898d6847956-IGH  *
1061  C  232   4  *  *  *  *  *  1e34c000-cb9a-4e9f-8722-b2bbdcd5963e-IGH  *
982   C  153   4  *  *  *  *  *  022405ab-8629-4bd9-806a-79a69090fede-IGH  *
1148  C  319   4  *  *  *  *  *  2c02693a-bc5e-4b83-ad10-7bdd4d829e3c-IGH  *
1135  C  306   4  *  *  *  *  *  1042627c-73c3-428e-b2a5-48cba4da923d-IGH  *
1288  C  459   4  *  *  *  *  *  82a697c9-b0c3-47f1-892a-f22306e3a8d7-IGH  *
1336  C  507   4  *  *  *  *  *  096294e9-20e3-4942-8c8f-caf8ff2793c1-IGH  *
1485  C  656   4  *  *  *  *  *  0330c77e-b3a6-4660-85c8-dbc8d7206bd9-IGH  *
Clusters Ordened By clusters lenght: 
    0   1  2  3  4  5  6  7                                         8  9
93  C  28  4  *  *  *  *  *  60fe7ac6-04ae-4d75-a20b-c7b8cae48bdd-IGH  *
Clusters Ordened By clusters lenght: 
Empty DataFrame
Columns: [0, 1, 2, 3, 4, 5, 6, 7, 8, 9]
Index: []
Clusters Ordened By clusters lenght: 
Empty DataFrame
Columns: [0, 1, 2, 3, 4, 5, 6, 7, 8, 9]
Index: []
Clusters Ordened By clusters lenght: 
Empty DataFrame
Columns: [0, 1, 2, 3, 4, 5, 6, 7, 8, 9]
Index: []
Clusters Ordened By clusters lenght: 
Empty DataFrame
Columns: [0, 1, 2, 3, 4, 5, 6, 7, 8, 9]
Index: []
Clusters Ordened By clusters lenght: 
   0  1  2  3  4  5  6  7                                         8  9
9  C  0  6  *  *  *  *  *  3c5d21d2-b4e1-4045-b873-12a1fdde2957-IGH  *
Clusters Ordened By clusters lenght: 
    0  1  2  3  4  5  6  7                                         8  9
17  C  2  8  *  *  *  *  *  541cc41f-a3d8-48e1-8776-6e9abc1fe2c8-IGH  *
Clusters Ordened By clusters lenght: 
Empty DataFrame
Columns: [0, 1, 2, 3, 4, 5, 6, 7, 8, 9]
Index: []
Clusters Ordened By clusters lenght: 
Empty DataFrame
Columns: [0, 1, 2, 3, 4, 5, 6, 7, 8, 9]
Index: []
Clusters Ordened By clusters lenght: 
    0  1   2  3  4  5  6  7                                         8  9
41  C  1  22  *  *  *  *  *  06c2ee7f-a5fa-4fda-870b-395ac07fef1e-IGH  *
47  C  7   4  *  *  *  *  *  19dc6b09-8d53-46f5-bd6e-381036106664-IGH  *
Clusters Ordened By clusters lenght: 
Empty DataFrame
Columns: [0, 1, 2, 3, 4, 5, 6, 7, 8, 9]
Index: []
Clusters Ordened By clusters lenght: 
    0  1  2  3  4  5  6  7                                         8  9
36  C  7  6  *  *  *  *  *  1f15effe-8efb-4bad-87f5-4e144ea4008a-IGH  *
Clusters Ordened By clusters lenght: 
Empty DataFrame
Columns: [0, 1, 2, 3, 4, 5, 6, 7, 8, 9]
Index: []
Clusters Ordened By clusters lenght: 
Empty DataFrame
Columns: [0, 1, 2, 3, 4, 5, 6, 7, 8, 9]
Index: []
Clusters Ordened By clusters lenght: 
Empty DataFrame
Columns: [0, 1, 2, 3, 4, 5, 6, 7, 8, 9]
Index: []
Clusters Ordened By clusters lenght: 
Empty DataFrame
Columns: [0, 1, 2, 3, 4, 5, 6, 7, 8, 9]
Index: []
Clusters Ordened By clusters lenght: 
Empty DataFrame
Columns: [0, 1, 2, 3, 4, 5, 6, 7, 8, 9]
Index: []
Clusters Ordened By clusters lenght: 
    0   1  2  3  4  5  6  7                                         8  9
26  C   0  4  *  *  *  *  *  116a1b5b-b4b3-44aa-864f-5ba656630111-IGH  *
40  C  14  4  *  *  *  *  *  3af46efc-06a4-4acb-bed0-6a3f23bb14d8-IGH  *
Clusters Ordened By clusters lenght: 
Empty DataFrame
Columns: [0, 1, 2, 3, 4, 5, 6, 7, 8, 9]
Index: []
Clusters Ordened By clusters lenght: 
Empty DataFrame
Columns: [0, 1, 2, 3, 4, 5, 6, 7, 8, 9]
Index: []
Clusters Ordened By clusters lenght: 
Empty DataFrame
Columns: [0, 1, 2, 3, 4, 5, 6, 7, 8, 9]
Index: []
Clusters Ordened By clusters lenght: 
Empty DataFrame
Columns: [0, 1, 2, 3, 4, 5, 6, 7, 8, 9]
Index: []
Clusters Ordened By clusters lenght: 
Empty DataFrame
Columns: [0, 1, 2, 3, 4, 5, 6, 7, 8, 9]
Index: []
Clusters Ordened By clusters lenght: 
Empty DataFrame
Columns: [0, 1, 2, 3, 4, 5, 6, 7, 8, 9]
Index: []
Clusters Ordened By clusters lenght: 
    0  1  2  3  4  5  6  7                                         8  9
29  C  5  4  *  *  *  *  *  0249cc2d-ba80-4ee9-9515-9d8e70f43cdf-IGH  *
Clusters Ordened By clusters lenght: 
Empty DataFrame
Columns: [0, 1, 2, 3, 4, 5, 6, 7, 8, 9]
Index: []
Clusters Ordened By clusters lenght: 
Empty DataFrame
Columns: [0, 1, 2, 3, 4, 5, 6, 7, 8, 9]
Index: []
Clusters Ordened By clusters lenght: 
   0  1  2  3  4  5  6  7                                         8  9
8  C  0  7  *  *  *  *  *  088906aa-a759-4b96-a780-8be04c3c52ef-IGH  *
Clusters Ordened By clusters lenght: 
    0  1  2  3  4  5  6  7                                         8  9
10  C  0  9  *  *  *  *  *  06cec394-cbae-425b-8a09-75ec38e3df1f-IGH  *
Clusters Ordened By clusters lenght: 
Empty DataFrame
Columns: [0, 1, 2, 3, 4, 5, 6, 7, 8, 9]
Index: []
Clusters Ordened By clusters lenght: 
Empty DataFrame
Columns: [0, 1, 2, 3, 4, 5, 6, 7, 8, 9]
Index: []
Clusters Ordened By clusters lenght: 
Empty DataFrame
Columns: [0, 1, 2, 3, 4, 5, 6, 7, 8, 9]
Index: []
Clusters Ordened By clusters lenght: 
Empty DataFrame
Columns: [0, 1, 2, 3, 4, 5, 6, 7, 8, 9]
Index: []
Clusters Ordened By clusters lenght: 
Empty DataFrame
Columns: [0, 1, 2, 3, 4, 5, 6, 7, 8, 9]
Index: []
Clusters Ordened By clusters lenght: 
Empty DataFrame
Columns: [0, 1, 2, 3, 4, 5, 6, 7, 8, 9]
Index: []
Clusters Ordened By clusters lenght: 
     0  1   2  3  4  5  6  7                                         8  9
157  C  1  49  *  *  *  *  *  0410d79a-5845-4f9e-9c34-baaf0d4853fe-IGH  *
Clusters Ordened By clusters lenght: 
Empty DataFrame
Columns: [0, 1, 2, 3, 4, 5, 6, 7, 8, 9]
Index: []
Clusters Ordened By clusters lenght: 
    0  1  2  3  4  5  6  7                                         8  9
35  C  3  5  *  *  *  *  *  48afb140-75b0-4ba8-a6e2-bbf8e285e821-IGH  *
Clusters Ordened By clusters lenght: 
Empty DataFrame
Columns: [0, 1, 2, 3, 4, 5, 6, 7, 8, 9]
Index: []
Clusters Ordened By clusters lenght: 
Empty DataFrame
Columns: [0, 1, 2, 3, 4, 5, 6, 7, 8, 9]
Index: []
Clusters Ordened By clusters lenght: 
Empty DataFrame
Columns: [0, 1, 2, 3, 4, 5, 6, 7, 8, 9]
Index: []
Clusters Ordened By clusters lenght: 
Empty DataFrame
Columns: [0, 1, 2, 3, 4, 5, 6, 7, 8, 9]
Index: []
Clusters Ordened By clusters lenght: 
Empty DataFrame
Columns: [0, 1, 2, 3, 4, 5, 6, 7, 8, 9]
Index: []
Clusters Ordened By clusters lenght: 
    0  1   2  3  4  5  6  7                                         8  9
40  C  3  13  *  *  *  *  *  0b57becd-40f1-4ddc-99c7-133f9b78db61-IGH  *
41  C  4  12  *  *  *  *  *  145c7326-c269-4231-a860-03c821f2c4c3-IGH  *
42  C  5   6  *  *  *  *  *  171521d2-4e60-4e06-971d-5acaac9993a9-IGH  *
Clusters Ordened By clusters lenght: 
     0    1   2  3  4  5  6  7                                         8  9
585  C   68  41  *  *  *  *  *  0894f1ac-d53d-4ab1-8252-732cc9626dfe-IGH  *
636  C  119  19  *  *  *  *  *  0972f07d-8c26-451c-8f00-d5ba8bdbb5fb-IGH  *
588  C   71  18  *  *  *  *  *  0c20a9c4-58bf-4f62-862f-4bc59a950b4f-IGH  *
530  C   13  16  *  *  *  *  *  030904c2-33d0-4813-9241-91c270997fc8-IGH  *
582  C   65  16  *  *  *  *  *  0225f812-c743-471c-8834-c49a7721721f-IGH  *
637  C  120  11  *  *  *  *  *  099aeeaf-6e15-4566-a349-cd4892605955-IGH  *
641  C  124  11  *  *  *  *  *  0d361017-d378-40fa-9b01-a623d3e1644b-IGH  *
753  C  236   8  *  *  *  *  *  1878e73e-5fd2-4d3a-9adf-921dc8067ac3-IGH  *
749  C  232   8  *  *  *  *  *  032e1334-13df-4029-8d72-c9161cf865b1-IGH  *
640  C  123   7  *  *  *  *  *  0cc6ebcf-3474-435b-ae25-77e12ced32dc-IGH  *
715  C  198   7  *  *  *  *  *  26880516-a61c-43aa-943f-2c5325ab24e1-IGH  *
648  C  131   6  *  *  *  *  *  2abf43bf-3ade-41b3-a581-f727acf1b613-IGH  *
589  C   72   6  *  *  *  *  *  166b7957-859e-44e0-a151-0764d9fb1bb1-IGH  *
638  C  121   5  *  *  *  *  *  09bef556-fd25-492f-a333-791c859782a4-IGH  *
536  C   19   4  *  *  *  *  *  147138b9-238c-4a33-8caf-a580307c201f-IGH  *
537  C   20   4  *  *  *  *  *  1ea88022-0bc0-4201-8de4-1bbb72964dca-IGH  *
711  C  194   4  *  *  *  *  *  1b416868-43a3-4853-a99c-49e252d048fa-IGH  *
712  C  195   4  *  *  *  *  *  209f227c-1e31-4704-82f3-53fa80ecc0c7-IGH  *
714  C  197   4  *  *  *  *  *  26505efb-bf0b-4b75-ab66-a0af4d155760-IGH  *
Clusters Ordened By clusters lenght: 
     0   1  2  3  4  5  6  7                                         8  9
171  C  24  4  *  *  *  *  *  4883c4d4-8292-4a37-925c-a70ef93fb7e8-IGH  *
Clusters Ordened By clusters lenght: 
    0   1  2  3  4  5  6  7                                         8  9
47  C  17  4  *  *  *  *  *  1343e3b3-cc4c-4657-92c9-97b8b82e8d74-IGH  *
Clusters Ordened By clusters lenght: 
Empty DataFrame
Columns: [0, 1, 2, 3, 4, 5, 6, 7, 8, 9]
Index: []
Clusters Ordened By clusters lenght: 
    0   1  2  3  4  5  6  7                                         8  9
69  C  17  7  *  *  *  *  *  027c280d-fa7c-48dc-bf17-5af3ccf301e2-IGH  *
Clusters Ordened By clusters lenght: 
     0   1  2  3  4  5  6  7                                         8  9
431  C  71  6  *  *  *  *  *  139eea0d-cd44-485d-9d5f-669ed910896a-IGH  *
433  C  73  5  *  *  *  *  *  14a03aa3-6d63-4410-bb14-b552796080a3-IGH  *
Clusters Ordened By clusters lenght: 
Empty DataFrame
Columns: [0, 1, 2, 3, 4, 5, 6, 7, 8, 9]
Index: []
Clusters Ordened By clusters lenght: 
Empty DataFrame
Columns: [0, 1, 2, 3, 4, 5, 6, 7, 8, 9]
Index: []
Clusters Ordened By clusters lenght: 
Empty DataFrame
Columns: [0, 1, 2, 3, 4, 5, 6, 7, 8, 9]
Index: []
Clusters Ordened By clusters lenght: 
Empty DataFrame
Columns: [0, 1, 2, 3, 4, 5, 6, 7, 8, 9]
Index: []
Clusters Ordened By clusters lenght: 
Empty DataFrame
Columns: [0, 1, 2, 3, 4, 5, 6, 7, 8, 9]
Index: []
Clusters Ordened By clusters lenght: 
Empty DataFrame
Columns: [0, 1, 2, 3, 4, 5, 6, 7, 8, 9]
Index: []
Clusters Ordened By clusters lenght: 
    0  1   2  3  4  5  6  7                                         8  9
52  C  6  38  *  *  *  *  *  0b554c25-5ca7-4079-b58b-e20ae470ea5f-IGH  *
Clusters Ordened By clusters lenght: 
     0   1   2  3  4  5  6  7                                         8  9
229  C  80  15  *  *  *  *  *  009cf3d7-d999-4900-85e1-9b7a86c1da94-IGH  *
230  C  81   4  *  *  *  *  *  052b8cab-2b76-4045-85f9-7c0bcd3e7989-IGH  *
Clusters Ordened By clusters lenght: 
    0  1   2  3  4  5  6  7                                         8  9
34  C  0  33  *  *  *  *  *  06e99cc5-581f-45b4-92f3-939362d6fddf-IGH  *
Clusters Ordened By clusters lenght: 
Empty DataFrame
Columns: [0, 1, 2, 3, 4, 5, 6, 7, 8, 9]
Index: []
Clusters Ordened By clusters lenght: 
Empty DataFrame
Columns: [0, 1, 2, 3, 4, 5, 6, 7, 8, 9]
Index: []
Clusters Ordened By clusters lenght: 
    0   1   2  3  4  5  6  7                                         8  9
58  C  16  16  *  *  *  *  *  11981c7c-0c3f-4c37-8514-3b23de6b50d0-IGH  *
Clusters Ordened By clusters lenght: 
Empty DataFrame
Columns: [0, 1, 2, 3, 4, 5, 6, 7, 8, 9]
Index: []
Clusters Ordened By clusters lenght: 
Empty DataFrame
Columns: [0, 1, 2, 3, 4, 5, 6, 7, 8, 9]
Index: []
Clusters Ordened By clusters lenght: 
Empty DataFrame
Columns: [0, 1, 2, 3, 4, 5, 6, 7, 8, 9]
Index: []
Clusters Ordened By clusters lenght: 
    0  1   2  3  4  5  6  7                                         8  9
64  C  0  55  *  *  *  *  *  0b721213-1dc2-425c-8a41-5fee481033a0-IGH  *
Clusters Ordened By clusters lenght: 
Empty DataFrame
Columns: [0, 1, 2, 3, 4, 5, 6, 7, 8, 9]
Index: []
Clusters Ordened By clusters lenght: 
Empty DataFrame
Columns: [0, 1, 2, 3, 4, 5, 6, 7, 8, 9]
Index: []
Clusters Ordened By clusters lenght: 
Empty DataFrame
Columns: [0, 1, 2, 3, 4, 5, 6, 7, 8, 9]
Index: []
Clusters Ordened By clusters lenght: 
     0    1    2  3  4  5  6  7                                         8  9
673  C   12  148  *  *  *  *  *  060c2421-9e68-4475-ae30-57932925bcda-IGH  *
720  C   59   28  *  *  *  *  *  8fa72380-b6f0-42d1-bd58-25c5e65540a7-IGH  *
840  C  179   24  *  *  *  *  *  100db427-a966-4c7c-8c89-2403cc248e5e-IGH  *
691  C   30   21  *  *  *  *  *  5a18c953-d133-4149-9b63-7d762f96fd95-IGH  *
765  C  104   20  *  *  *  *  *  077106c5-36c4-4365-9c88-33c7ee19e4b0-IGH  *
703  C   42   17  *  *  *  *  *  70d6d096-3cdb-43a1-b344-65421b55bebf-IGH  *
676  C   15   13  *  *  *  *  *  090a48b2-ce48-4f51-b265-d2ec3c31fa72-IGH  *
682  C   21   13  *  *  *  *  *  2a2abf10-0d2a-4b70-81c6-a8c399c4f489-IGH  *
842  C  181   12  *  *  *  *  *  11aba592-176a-4259-a5bb-084cc31338f0-IGH  *
855  C  194   12  *  *  *  *  *  3b992abf-8a06-4ff9-aac5-504e788aa527-IGH  *
839  C  178   11  *  *  *  *  *  0bd3100b-f06c-4514-8f8d-12cb73a29451-IGH  *
851  C  190    7  *  *  *  *  *  30746ff3-e11a-4606-99f7-31e87c1824ff-IGH  *
866  C  205    7  *  *  *  *  *  633bfb13-573b-4b07-b625-3920342fbe28-IGH  *
838  C  177    7  *  *  *  *  *  0a630d45-5307-4b46-bfa2-0da8af6a99b5-IGH  *
835  C  174    7  *  *  *  *  *  010efa04-f9b0-449e-b50e-0e90222c32df-IGH  *
767  C  106    7  *  *  *  *  *  0a141bf1-9d0a-4810-9b04-de50f91f0f61-IGH  *
898  C  237    5  *  *  *  *  *  0bb6cf96-d2e0-4ae3-93f2-f44a7bf0911b-IGH  *
864  C  203    5  *  *  *  *  *  5f7df98e-56df-44ca-aea5-3dd392337b01-IGH  *
769  C  108    5  *  *  *  *  *  16b9c9fd-5173-4c27-b0d0-8a47aaefa0c8-IGH  *
791  C  130    5  *  *  *  *  *  4bc97503-e475-4cb8-aa38-8f8f70a3da2a-IGH  *
694  C   33    4  *  *  *  *  *  5aab5b40-b23f-4d92-87f4-a8fd17237a95-IGH  *
668  C    7    4  *  *  *  *  *  8bda6aab-5eea-44e2-88ff-98da88375ebb-IGH  *
773  C  112    4  *  *  *  *  *  1f97e6c2-705c-4ae2-997b-df51b162adaf-IGH  *
852  C  191    4  *  *  *  *  *  3355ceda-b387-4637-b33b-b08d55978be1-IGH  *
Clusters Ordened By clusters lenght: 
Empty DataFrame
Columns: [0, 1, 2, 3, 4, 5, 6, 7, 8, 9]
Index: []
Clusters Ordened By clusters lenght: 
Empty DataFrame
Columns: [0, 1, 2, 3, 4, 5, 6, 7, 8, 9]
Index: []
Clusters Ordened By clusters lenght: 
    0   1  2  3  4  5  6  7                                         8  9
65  C  24  4  *  *  *  *  *  1d7508a5-25d1-422f-aa40-11279fe20c1e-IGH  *
Clusters Ordened By clusters lenght: 
Empty DataFrame
Columns: [0, 1, 2, 3, 4, 5, 6, 7, 8, 9]
Index: []
Clusters Ordened By clusters lenght: 
Empty DataFrame
Columns: [0, 1, 2, 3, 4, 5, 6, 7, 8, 9]
Index: []
Clusters Ordened By clusters lenght: 
Empty DataFrame
Columns: [0, 1, 2, 3, 4, 5, 6, 7, 8, 9]
Index: []
Clusters Ordened By clusters lenght: 
    0  1  2  3  4  5  6  7                                         8  9
10  C  0  6  *  *  *  *  *  2b1ec4c6-19bc-4e70-b3aa-168c118072a4-IGH  *
Clusters Ordened By clusters lenght: 
    0   1  2  3  4  5  6  7                                         8  9
54  C  15  4  *  *  *  *  *  0d8c29af-0c5e-474a-b91c-c7de7b6fefba-IGH  *
Clusters Ordened By clusters lenght: 
     0   1   2  3  4  5  6  7                                         8  9
126  C  16  53  *  *  *  *  *  01e099b0-8a24-4166-a031-72a53927b72d-IGH  *
127  C  17  17  *  *  *  *  *  02229392-c4e9-46d9-869e-7bbd6013f4d1-IGH  *
119  C   9   6  *  *  *  *  *  083dcf51-b48f-4cb6-8ae0-21441da4ec1d-IGH  *
Clusters Ordened By clusters lenght: 
Empty DataFrame
Columns: [0, 1, 2, 3, 4, 5, 6, 7, 8, 9]
Index: []
Clusters Ordened By clusters lenght: 
    0   1  2  3  4  5  6  7                                         8  9
59  C  22  5  *  *  *  *  *  8c2c496b-e221-429c-8cee-ccaa715b606b-IGH  *
Clusters Ordened By clusters lenght: 
Empty DataFrame
Columns: [0, 1, 2, 3, 4, 5, 6, 7, 8, 9]
Index: []
Clusters Ordened By clusters lenght: 
Empty DataFrame
Columns: [0, 1, 2, 3, 4, 5, 6, 7, 8, 9]
Index: []
Clusters Ordened By clusters lenght: 
Empty DataFrame
Columns: [0, 1, 2, 3, 4, 5, 6, 7, 8, 9]
Index: []
Clusters Ordened By clusters lenght: 
Empty DataFrame
Columns: [0, 1, 2, 3, 4, 5, 6, 7, 8, 9]
Index: []
Clusters Ordened By clusters lenght: 
    0  1  2  3  4  5  6  7                                         8  9
19  C  0  9  *  *  *  *  *  00a59f20-befd-43da-affe-2de7fe7a116c-IGH  *
Clusters Ordened By clusters lenght: 
     0    1   2  3  4  5  6  7                                         8  9
311  C  112  10  *  *  *  *  *  00c71d15-0b01-4cea-8336-7a9f2a50776d-IGH  *
313  C  114  10  *  *  *  *  *  1a7777c2-a815-4404-8607-54a774684771-IGH  *
200  C    1   6  *  *  *  *  *  0db1398b-ced9-47fb-840e-e5896111720d-IGH  *
Clusters Ordened By clusters lenght: 
Empty DataFrame
Columns: [0, 1, 2, 3, 4, 5, 6, 7, 8, 9]
Index: []
Clusters Ordened By clusters lenght: 
Empty DataFrame
Columns: [0, 1, 2, 3, 4, 5, 6, 7, 8, 9]
Index: []
Clusters Ordened By clusters lenght: 
Empty DataFrame
Columns: [0, 1, 2, 3, 4, 5, 6, 7, 8, 9]
Index: []
Clusters Ordened By clusters lenght: 
Empty DataFrame
Columns: [0, 1, 2, 3, 4, 5, 6, 7, 8, 9]
Index: []
Clusters Ordened By clusters lenght: 
    0  1  2  3  4  5  6  7                                         8  9
10  C  0  4  *  *  *  *  *  5ae700a7-38fa-4f74-a80e-52be677892c8-IGH  *
Clusters Ordened By clusters lenght: 
Empty DataFrame
Columns: [0, 1, 2, 3, 4, 5, 6, 7, 8, 9]
Index: []
Clusters Ordened By clusters lenght: 
Empty DataFrame
Columns: [0, 1, 2, 3, 4, 5, 6, 7, 8, 9]
Index: []
Clusters Ordened By clusters lenght: 
    0   1  2  3  4  5  6  7                                         8  9
88  C  29  5  *  *  *  *  *  18bb2707-1f43-44e0-8aec-a4a772cbcac4-IGH  *
Clusters Ordened By clusters lenght: 
     0    1   2  3  4  5  6  7                                         8  9
319  C   73  36  *  *  *  *  *  01070ed8-250f-47a8-a7b6-1c47e4b266ff-IGH  *
320  C   74  21  *  *  *  *  *  0c72d76f-3dff-405a-84d0-2c080e774936-IGH  *
247  C    1  14  *  *  *  *  *  430e1753-6bf7-4b4c-a76c-8c78a2b7cea5-IGH  *
307  C   61   7  *  *  *  *  *  08643685-9e6e-47a4-ab9c-436a09db7e49-IGH  *
322  C   76   7  *  *  *  *  *  1998bb76-ca2b-4997-906a-3e45f12c1d0a-IGH  *
328  C   82   7  *  *  *  *  *  4b14ef5c-910d-4c0c-a9c1-0f532df35a85-IGH  *
324  C   78   5  *  *  *  *  *  28990084-1ba9-4fe0-8a36-2fb7bf733689-IGH  *
296  C   50   4  *  *  *  *  *  474ae3a8-7f31-4038-953a-5d66d6b38584-IGH  *
305  C   59   4  *  *  *  *  *  030df124-52de-47ce-807f-dc466d506eff-IGH  *
321  C   75   4  *  *  *  *  *  0d47688d-3001-4548-aab4-1c9cddad5312-IGH  *
339  C   93   4  *  *  *  *  *  84e4ff4c-5ee1-4336-a60a-a34bd55f2920-IGH  *
360  C  114   4  *  *  *  *  *  3bf2a776-5941-4e96-8a31-35c675f8ad1c-IGH  *
Clusters Ordened By clusters lenght: 
   0  1  2  3  4  5  6  7                                         8  9
5  C  0  4  *  *  *  *  *  4282540e-6171-4c7a-b832-fc8250cfe149-IGH  *
Clusters Ordened By clusters lenght: 
    0  1  2  3  4  5  6  7                                         8  9
49  C  1  4  *  *  *  *  *  2be8cba7-8dea-4753-84aa-a597d1bfabd2-IGH  *
Clusters Ordened By clusters lenght: 
    0  1  2  3  4  5  6  7                                         8  9
14  C  1  6  *  *  *  *  *  4f117b15-99c0-4c1a-a09b-9dbfe502e0e8-IGH  *
Clusters Ordened By clusters lenght: 
    0  1  2  3  4  5  6  7                                         8  9
10  C  2  4  *  *  *  *  *  0757dc58-04f5-4f61-9792-a4968b82a076-IGH  *
Clusters Ordened By clusters lenght: 
     0   1  2  3  4  5  6  7                                         8  9
146  C  38  4  *  *  *  *  *  7bd20a49-d624-4e44-95bc-28cfb130dd4e-IGH  *
Clusters Ordened By clusters lenght: 
Empty DataFrame
Columns: [0, 1, 2, 3, 4, 5, 6, 7, 8, 9]
Index: []
Clusters Ordened By clusters lenght: 
Empty DataFrame
Columns: [0, 1, 2, 3, 4, 5, 6, 7, 8, 9]
Index: []
Clusters Ordened By clusters lenght: 
Empty DataFrame
Columns: [0, 1, 2, 3, 4, 5, 6, 7, 8, 9]
Index: []
Clusters Ordened By clusters lenght: 
     0    1  2  3  4  5  6  7                                         8  9
481  C  116  5  *  *  *  *  *  28c77e16-9c8d-403c-8480-83cc0ea34123-IGH  *
480  C  115  4  *  *  *  *  *  24f1c6c0-7e3c-47bb-8f9b-ca4a2ecbb0d0-IGH  *
499  C  134  4  *  *  *  *  *  8603ec74-6e0c-4cb0-a819-db9a8864ee47-IGH  *
621  C  256  4  *  *  *  *  *  051c2aae-595d-4cae-9b8a-66924b16db62-IGH  *
672  C  307  4  *  *  *  *  *  2fae7c1b-74c9-4578-9c3e-09ab2e06e3c3-IGH  *
Clusters Ordened By clusters lenght: 
Empty DataFrame
Columns: [0, 1, 2, 3, 4, 5, 6, 7, 8, 9]
Index: []
Clusters Ordened By clusters lenght: 
Empty DataFrame
Columns: [0, 1, 2, 3, 4, 5, 6, 7, 8, 9]
Index: []
Clusters Ordened By clusters lenght: 
Empty DataFrame
Columns: [0, 1, 2, 3, 4, 5, 6, 7, 8, 9]
Index: []
Clusters Ordened By clusters lenght: 
Empty DataFrame
Columns: [0, 1, 2, 3, 4, 5, 6, 7, 8, 9]
Index: []
Clusters Ordened By clusters lenght: 
Empty DataFrame
Columns: [0, 1, 2, 3, 4, 5, 6, 7, 8, 9]
Index: []
Clusters Ordened By clusters lenght: 
Empty DataFrame
Columns: [0, 1, 2, 3, 4, 5, 6, 7, 8, 9]
Index: []
Clusters Ordened By clusters lenght: 
Empty DataFrame
Columns: [0, 1, 2, 3, 4, 5, 6, 7, 8, 9]
Index: []
Clusters Ordened By clusters lenght: 
     0   1   2  3  4  5  6  7                                         8  9
197  C  53  21  *  *  *  *  *  08a7297d-30ad-4bf7-89ed-739bebe38d09-IGH  *
222  C  78   7  *  *  *  *  *  366d0f28-421a-4ef3-aa94-2d681543e517-IGH  *
173  C  29   6  *  *  *  *  *  49e431be-a456-4d7b-b3ad-f0a944551602-IGH  *
161  C  17   4  *  *  *  *  *  0f31c39b-d671-4b71-b75b-fef3f0b4a1fc-IGH  *
168  C  24   4  *  *  *  *  *  2d00f445-5a7b-4628-a72e-c8293075afd1-IGH  *
Clusters Ordened By clusters lenght: 
    0   1  2  3  4  5  6  7                                         8  9
83  C  19  6  *  *  *  *  *  0fd3cc07-c5e8-4caf-9992-4e39f0de1e64-IGH  *
Clusters Ordened By clusters lenght: 
      0    1    2  3  4  5  6  7                                         8  9
2086  C  540  155  *  *  *  *  *  006be65e-6253-4463-a15e-021037475458-IGH  *
2000  C  454   41  *  *  *  *  *  0af0adc1-21d6-4b08-a4c9-41b596bfe997-IGH  *
1994  C  448   38  *  *  *  *  *  0166dad4-389c-4491-a62a-c7c18803ea88-IGH  *
1903  C  357   20  *  *  *  *  *  02e3f09e-0e6c-44d1-b619-15eaa6477bb7-IGH  *
2139  C  593   16  *  *  *  *  *  55d652f9-948b-42e2-a3ca-13dde687985c-IGH  *
...  ..  ...  ... .. .. .. .. ..                                       ... ..
1939  C  393    4  *  *  *  *  *  47a6a4f3-4ff0-4d83-904d-0230dc53e1d4-IGH  *
1996  C  450    4  *  *  *  *  *  02cec89f-d650-4e2e-98d4-49521abe0ad7-IGH  *
2127  C  581    4  *  *  *  *  *  3677d16f-80b9-4783-8141-2ba7b624b701-IGH  *
2129  C  583    4  *  *  *  *  *  37ca5d24-e658-44b7-bc9b-9ed916f08567-IGH  *
2269  C  723    4  *  *  *  *  *  70b37d9e-95e0-45c3-b280-1f7bae0e7b64-IGH  *

[64 rows x 10 columns]
Clusters Ordened By clusters lenght: 
Empty DataFrame
Columns: [0, 1, 2, 3, 4, 5, 6, 7, 8, 9]
Index: []
Clusters Ordened By clusters lenght: 
Empty DataFrame
Columns: [0, 1, 2, 3, 4, 5, 6, 7, 8, 9]
Index: []
Clusters Ordened By clusters lenght: 
Empty DataFrame
Columns: [0, 1, 2, 3, 4, 5, 6, 7, 8, 9]
Index: []
Clusters Ordened By clusters lenght: 
     0    1   2  3  4  5  6  7                                         8  9
555  C  161  11  *  *  *  *  *  4421194a-d015-48b9-822c-f7059d711bba-IGH  *
460  C   66   6  *  *  *  *  *  28f0a7c5-506a-4ba0-8ee4-f7d7264cca51-IGH  *
433  C   39   4  *  *  *  *  *  9899b2fe-9da1-446c-b1e2-3da241126239-IGH  *
513  C  119   4  *  *  *  *  *  3f8920eb-beba-4fd9-ac76-38603b27e06e-IGH  *
688  C  294   4  *  *  *  *  *  49f74663-1cc6-44bb-ada2-4802504ad26a-IGH  *
Clusters Ordened By clusters lenght: 
    0  1   2  3  4  5  6  7                                         8  9
22  C  0  18  *  *  *  *  *  16a2fe97-6d68-4dd9-b538-ff91d6363789-IGH  *
Clusters Ordened By clusters lenght: 
Empty DataFrame
Columns: [0, 1, 2, 3, 4, 5, 6, 7, 8, 9]
Index: []
Clusters Ordened By clusters lenght: 
     0  1   2  3  4  5  6  7                                         8  9
185  C  3  10  *  *  *  *  *  0bf95366-9b48-4445-81bf-ae0a8320bd73-IGH  *
Clusters Ordened By clusters lenght: 
Empty DataFrame
Columns: [0, 1, 2, 3, 4, 5, 6, 7, 8, 9]
Index: []
Clusters Ordened By clusters lenght: 
Empty DataFrame
Columns: [0, 1, 2, 3, 4, 5, 6, 7, 8, 9]
Index: []
Clusters Ordened By clusters lenght: 
     0   1  2  3  4  5  6  7                                         8  9
101  C  32  7  *  *  *  *  *  0ed5dddd-65bd-4f71-adc4-2318022e2375-IGH  *
80   C  11  4  *  *  *  *  *  178a792c-fc26-499c-87bd-f0573b185452-IGH  *
82   C  13  4  *  *  *  *  *  47eff758-f0be-4657-9235-ca63b87e9717-IGH  *
90   C  21  4  *  *  *  *  *  48445dee-b05d-4f42-ae55-70da3d95ad00-IGH  *
Clusters Ordened By clusters lenght: 
Empty DataFrame
Columns: [0, 1, 2, 3, 4, 5, 6, 7, 8, 9]
Index: []
Clusters Ordened By clusters lenght: 
    0  1  2  3  4  5  6  7                                         8  9
10  C  0  4  *  *  *  *  *  49f75440-f78d-43c8-bfe7-30e1293077c0-IGH  *
Clusters Ordened By clusters lenght: 
Empty DataFrame
Columns: [0, 1, 2, 3, 4, 5, 6, 7, 8, 9]
Index: []
Clusters Ordened By clusters lenght: 
Empty DataFrame
Columns: [0, 1, 2, 3, 4, 5, 6, 7, 8, 9]
Index: []
Clusters Ordened By clusters lenght: 
Empty DataFrame
Columns: [0, 1, 2, 3, 4, 5, 6, 7, 8, 9]
Index: []
Clusters Ordened By clusters lenght: 
Empty DataFrame
Columns: [0, 1, 2, 3, 4, 5, 6, 7, 8, 9]
Index: []
Clusters Ordened By clusters lenght: 
Empty DataFrame
Columns: [0, 1, 2, 3, 4, 5, 6, 7, 8, 9]
Index: []
Clusters Ordened By clusters lenght: 
   0  1  2  3  4  5  6  7                                         8  9
7  C  0  6  *  *  *  *  *  074b7933-a337-467e-8a78-81a1aad8d5af-IGH  *
Clusters Ordened By clusters lenght: 
      0    1    2  3  4  5  6  7                                         8  9
2343  C  374  288  *  *  *  *  *  03a72ca8-8802-426a-92bc-e59b4065a254-IGH  *
2339  C  370  135  *  *  *  *  *  016f4fcd-6647-4878-a718-f294f8232441-IGH  *
2341  C  372   65  *  *  *  *  *  0296c8f2-98cc-4526-b5c7-faa94ec72b45-IGH  *
2441  C  472   59  *  *  *  *  *  00a4e805-727a-4e2a-b48c-dc46b0789f14-IGH  *
2607  C  638   53  *  *  *  *  *  01ec51ba-dd43-43ca-8720-568d2007bdcf-IGH  *
...  ..  ...  ... .. .. .. .. ..                                       ... ..
2521  C  552    4  *  *  *  *  *  78b2e472-f6ff-46a0-a9e2-6cba34f5a96b-IGH  *
2483  C  514    4  *  *  *  *  *  2806bbab-13cd-4a05-8162-6f0326351fb1-IGH  *
2572  C  603    4  *  *  *  *  *  3c1a9957-4dcd-43f1-9b1e-337859423641-IGH  *
2621  C  652    4  *  *  *  *  *  3d9e19cf-8fde-4ce4-aafe-8c3c00c847f7-IGH  *
2624  C  655    4  *  *  *  *  *  509ad89c-d0bf-4f21-995f-2858fbf12e23-IGH  *

[77 rows x 10 columns]
Clusters Ordened By clusters lenght: 
     0   1  2  3  4  5  6  7                                         8  9
151  C  40  4  *  *  *  *  *  0a4d6f09-c68c-4547-9c64-028995921040-IGH  *
Clusters Ordened By clusters lenght: 
    0  1  2  3  4  5  6  7                                         8  9
11  C  1  5  *  *  *  *  *  34e4c446-e582-43da-8299-481aeb3c19bc-IGH  *
Clusters Ordened By clusters lenght: 
Empty DataFrame
Columns: [0, 1, 2, 3, 4, 5, 6, 7, 8, 9]
Index: []
Clusters Ordened By clusters lenght: 
Empty DataFrame
Columns: [0, 1, 2, 3, 4, 5, 6, 7, 8, 9]
Index: []
Clusters Ordened By clusters lenght: 
Empty DataFrame
Columns: [0, 1, 2, 3, 4, 5, 6, 7, 8, 9]
Index: []
Clusters Ordened By clusters lenght: 
Empty DataFrame
Columns: [0, 1, 2, 3, 4, 5, 6, 7, 8, 9]
Index: []
Clusters Ordened By clusters lenght: 
    0  1   2  3  4  5  6  7                                         8  9
47  C  5  34  *  *  *  *  *  1f4ca16b-070f-4be2-bafe-9be782629a8f-IGH  *
Clusters Ordened By clusters lenght: 
    0   1   2  3  4  5  6  7                                         8  9
63  C  20  10  *  *  *  *  *  0b185d82-3109-4306-a6ea-8ab7179503b9-IGH  *
Clusters Ordened By clusters lenght: 
Empty DataFrame
Columns: [0, 1, 2, 3, 4, 5, 6, 7, 8, 9]
Index: []
Clusters Ordened By clusters lenght: 
Empty DataFrame
Columns: [0, 1, 2, 3, 4, 5, 6, 7, 8, 9]
Index: []
Clusters Ordened By clusters lenght: 
Empty DataFrame
Columns: [0, 1, 2, 3, 4, 5, 6, 7, 8, 9]
Index: []
Clusters Ordened By clusters lenght: 
Empty DataFrame
Columns: [0, 1, 2, 3, 4, 5, 6, 7, 8, 9]
Index: []
Clusters Ordened By clusters lenght: 
    0  1   2  3  4  5  6  7                                         8  9
99  C  8  20  *  *  *  *  *  13e07e88-e165-4451-92fb-84d56cd4050a-IGH  *
Clusters Ordened By clusters lenght: 
Empty DataFrame
Columns: [0, 1, 2, 3, 4, 5, 6, 7, 8, 9]
Index: []
Clusters Ordened By clusters lenght: 
Empty DataFrame
Columns: [0, 1, 2, 3, 4, 5, 6, 7, 8, 9]
Index: []
Clusters Ordened By clusters lenght: 
Empty DataFrame
Columns: [0, 1, 2, 3, 4, 5, 6, 7, 8, 9]
Index: []
Clusters Ordened By clusters lenght: 
     0   1   2  3  4  5  6  7                                         8  9
155  C   2  10  *  *  *  *  *  5a417068-2418-4c77-ae08-dd8e62e8a0b8-IGH  *
168  C  15   7  *  *  *  *  *  189e1c97-9f1b-427b-9540-4da0d90e84c4-IGH  *
205  C  52   4  *  *  *  *  *  3a0608f4-5560-4588-a500-19e1bec3c656-IGH  *
243  C  90   4  *  *  *  *  *  5165a453-945d-4f2d-8442-e967006de005-IGH  *
Clusters Ordened By clusters lenght: 
Empty DataFrame
Columns: [0, 1, 2, 3, 4, 5, 6, 7, 8, 9]
Index: []
Clusters Ordened By clusters lenght: 
   0  1  2  3  4  5  6  7                                         8  9
9  C  0  5  *  *  *  *  *  0881b97b-10ea-4ef1-91a2-7352a4c851a8-IGH  *
Clusters Ordened By clusters lenght: 
Empty DataFrame
Columns: [0, 1, 2, 3, 4, 5, 6, 7, 8, 9]
Index: []
Clusters Ordened By clusters lenght: 
Empty DataFrame
Columns: [0, 1, 2, 3, 4, 5, 6, 7, 8, 9]
Index: []
Clusters Ordened By clusters lenght: 
Empty DataFrame
Columns: [0, 1, 2, 3, 4, 5, 6, 7, 8, 9]
Index: []
Clusters Ordened By clusters lenght: 
   0  1  2  3  4  5  6  7                                         8  9
7  C  1  4  *  *  *  *  *  239fc5a7-8377-439e-b5cc-64f0fcffba21-IGH  *
Clusters Ordened By clusters lenght: 
Empty DataFrame
Columns: [0, 1, 2, 3, 4, 5, 6, 7, 8, 9]
Index: []
Clusters Ordened By clusters lenght: 
Empty DataFrame
Columns: [0, 1, 2, 3, 4, 5, 6, 7, 8, 9]
Index: []
Clusters Ordened By clusters lenght: 
Empty DataFrame
Columns: [0, 1, 2, 3, 4, 5, 6, 7, 8, 9]
Index: []
Clusters Ordened By clusters lenght: 
Empty DataFrame
Columns: [0, 1, 2, 3, 4, 5, 6, 7, 8, 9]
Index: []
Clusters Ordened By clusters lenght: 
Empty DataFrame
Columns: [0, 1, 2, 3, 4, 5, 6, 7, 8, 9]
Index: []
Clusters Ordened By clusters lenght: 
     0   1   2  3  4  5  6  7                                         8  9
101  C  25  11  *  *  *  *  *  05ede2c1-36ec-4e1d-8311-650dbd046769-IGH  *
Clusters Ordened By clusters lenght: 
Empty DataFrame
Columns: [0, 1, 2, 3, 4, 5, 6, 7, 8, 9]
Index: []
Clusters Ordened By clusters lenght: 
Empty DataFrame
Columns: [0, 1, 2, 3, 4, 5, 6, 7, 8, 9]
Index: []
Clusters Ordened By clusters lenght: 
Empty DataFrame
Columns: [0, 1, 2, 3, 4, 5, 6, 7, 8, 9]
Index: []
Clusters Ordened By clusters lenght: 
Empty DataFrame
Columns: [0, 1, 2, 3, 4, 5, 6, 7, 8, 9]
Index: []
Clusters Ordened By clusters lenght: 
     0   1   2  3  4  5  6  7                                         8  9
153  C   3  10  *  *  *  *  *  0ef56638-5364-4d7c-b39e-37dfe933fd12-IGH  *
227  C  77   4  *  *  *  *  *  094a72bd-0c3e-45a8-9d84-aa581018271f-IGH  *
Clusters Ordened By clusters lenght: 
    0   1  2  3  4  5  6  7                                         8  9
60  C  18  9  *  *  *  *  *  00160fc9-58d4-44ae-b077-27e1d44a9750-IGH  *
Clusters Ordened By clusters lenght: 
Empty DataFrame
Columns: [0, 1, 2, 3, 4, 5, 6, 7, 8, 9]
Index: []
Clusters Ordened By clusters lenght: 
   0  1  2  3  4  5  6  7                                         8  9
7  C  0  4  *  *  *  *  *  219b0844-5c40-4555-9d80-8614182d9f7d-IGH  *
Clusters Ordened By clusters lenght: 
     0    1  2  3  4  5  6  7                                         8  9
396  C  183  4  *  *  *  *  *  2cb7b62c-f1cc-499e-b7ba-f673c3a7ff3c-IGH  *
Clusters Ordened By clusters lenght: 
Empty DataFrame
Columns: [0, 1, 2, 3, 4, 5, 6, 7, 8, 9]
Index: []
Clusters Ordened By clusters lenght: 
Empty DataFrame
Columns: [0, 1, 2, 3, 4, 5, 6, 7, 8, 9]
Index: []
Clusters Ordened By clusters lenght: 
    0  1   2  3  4  5  6  7                                         8  9
24  C  4  11  *  *  *  *  *  107a0340-15ad-4856-a3ca-a81b9be95cd4-IGH  *
Clusters Ordened By clusters lenght: 
Empty DataFrame
Columns: [0, 1, 2, 3, 4, 5, 6, 7, 8, 9]
Index: []
Clusters Ordened By clusters lenght: 
     0    1   2  3  4  5  6  7                                         8  9
574  C   87  15  *  *  *  *  *  0565d971-e16b-4a4b-ae72-5ff8befda356-IGH  *
812  C  325   9  *  *  *  *  *  1cabf7a5-6f60-4df1-b0e3-7d643557b154-IGH  *
719  C  232   9  *  *  *  *  *  0934d768-7b92-43ba-98cf-fd2138b33577-IGH  *
810  C  323   7  *  *  *  *  *  11942b6b-9a70-4fe2-8713-fae69380cc52-IGH  *
548  C   61   6  *  *  *  *  *  13dea0cd-e872-467c-a390-332195b4a23b-IGH  *
759  C  272   6  *  *  *  *  *  02f5e7ec-8749-46d7-a99f-e2c3bf99fd0a-IGH  *
664  C  177   6  *  *  *  *  *  3d744112-08ab-4c9b-bbd9-3ab50c3abda1-IGH  *
613  C  126   5  *  *  *  *  *  2987ef13-04c8-4440-b502-490f8d709a7e-IGH  *
660  C  173   5  *  *  *  *  *  33389147-45f2-4aa8-a262-87bf1cf007b9-IGH  *
539  C   52   4  *  *  *  *  *  72eb23b9-1ba4-41b9-938e-d9a054c91974-IGH  *
766  C  279   4  *  *  *  *  *  1f38f381-62e8-4f76-8259-ca2d1b7cebd8-IGH  *
Clusters Ordened By clusters lenght: 
    0  1  2  3  4  5  6  7                                         8  9
10  C  3  4  *  *  *  *  *  32ed0bba-6c36-4f81-9c53-a50ccbd95334-IGH  *
Clusters Ordened By clusters lenght: 
Empty DataFrame
Columns: [0, 1, 2, 3, 4, 5, 6, 7, 8, 9]
Index: []
Clusters Ordened By clusters lenght: 
Empty DataFrame
Columns: [0, 1, 2, 3, 4, 5, 6, 7, 8, 9]
Index: []
Clusters Ordened By clusters lenght: 
Empty DataFrame
Columns: [0, 1, 2, 3, 4, 5, 6, 7, 8, 9]
Index: []
Clusters Ordened By clusters lenght: 
     0   1   2  3  4  5  6  7                                         8  9
135  C  32  12  *  *  *  *  *  32ee71d9-94ef-429e-9b99-558d5f292a67-IGH  *
129  C  26   7  *  *  *  *  *  013d1743-158e-46d0-9fcc-4d6e64d67861-IGH  *
134  C  31   6  *  *  *  *  *  2a52fbba-c6f7-42b6-815e-9f5feb7c7bc0-IGH  *
119  C  16   5  *  *  *  *  *  471ddd8d-6888-40ab-a5b1-df664a1be95e-IGH  *
136  C  33   5  *  *  *  *  *  48d89e71-35a1-45b5-a667-0aefff358459-IGH  *
157  C  54   5  *  *  *  *  *  1c1859e7-9878-47c3-b460-61782696369e-IGH  *
105  C   2   4  *  *  *  *  *  4eb626fb-8d52-4406-a717-889c52c6b794-IGH  *
116  C  13   4  *  *  *  *  *  150dddd9-972a-4e9d-97d2-588bb86209ec-IGH  *
Clusters Ordened By clusters lenght: 
Empty DataFrame
Columns: [0, 1, 2, 3, 4, 5, 6, 7, 8, 9]
Index: []
Clusters Ordened By clusters lenght: 
Empty DataFrame
Columns: [0, 1, 2, 3, 4, 5, 6, 7, 8, 9]
Index: []
Clusters Ordened By clusters lenght: 
Empty DataFrame
Columns: [0, 1, 2, 3, 4, 5, 6, 7, 8, 9]
Index: []
Clusters Ordened By clusters lenght: 
    0  1  2  3  4  5  6  7                                         8  9
27  C  8  4  *  *  *  *  *  0dcba59d-5e4e-4814-b25e-b65dd4d5ae79-IGH  *
Clusters Ordened By clusters lenght: 
Empty DataFrame
Columns: [0, 1, 2, 3, 4, 5, 6, 7, 8, 9]
Index: []
Clusters Ordened By clusters lenght: 
Empty DataFrame
Columns: [0, 1, 2, 3, 4, 5, 6, 7, 8, 9]
Index: []
Clusters Ordened By clusters lenght: 
    0   1  2  3  4  5  6  7                                         8  9
67  C  22  4  *  *  *  *  *  749a6f8a-ca7c-4fbc-884b-90d63aacdd82-IGH  *
Clusters Ordened By clusters lenght: 
Empty DataFrame
Columns: [0, 1, 2, 3, 4, 5, 6, 7, 8, 9]
Index: []
Clusters Ordened By clusters lenght: 
    0  1  2  3  4  5  6  7                                         8  9
29  C  5  4  *  *  *  *  *  33a36c76-a020-4b9e-a333-312fadad849e-IGH  *
Clusters Ordened By clusters lenght: 
Empty DataFrame
Columns: [0, 1, 2, 3, 4, 5, 6, 7, 8, 9]
Index: []
Clusters Ordened By clusters lenght: 
Empty DataFrame
Columns: [0, 1, 2, 3, 4, 5, 6, 7, 8, 9]
Index: []
Clusters Ordened By clusters lenght: 
Empty DataFrame
Columns: [0, 1, 2, 3, 4, 5, 6, 7, 8, 9]
Index: []
Clusters Ordened By clusters lenght: 
Empty DataFrame
Columns: [0, 1, 2, 3, 4, 5, 6, 7, 8, 9]
Index: []
Clusters Ordened By clusters lenght: 
Empty DataFrame
Columns: [0, 1, 2, 3, 4, 5, 6, 7, 8, 9]
Index: []
Clusters Ordened By clusters lenght: 
    0   1   2  3  4  5  6  7                                         8  9
70  C   2  11  *  *  *  *  *  4b329257-be89-4d9c-9bed-df837d8e92cb-IGH  *
91  C  23   4  *  *  *  *  *  36adc9e9-6604-4dee-901f-b10a54596b11-IGH  *
Clusters Ordened By clusters lenght: 
     0   1   2  3  4  5  6  7                                         8  9
129  C  12  17  *  *  *  *  *  021671f5-fcc4-49bf-94af-c250f7bb2327-IGH  *
160  C  43   5  *  *  *  *  *  0e9dc413-4b3c-4d99-b0fb-20748bb050bf-IGH  *
Clusters Ordened By clusters lenght: 
   0  1  2  3  4  5  6  7                                         8  9
9  C  1  4  *  *  *  *  *  03c9332e-7e36-498f-82b2-10cd6935503d-IGH  *
Clusters Ordened By clusters lenght: 
Empty DataFrame
Columns: [0, 1, 2, 3, 4, 5, 6, 7, 8, 9]
Index: []
Clusters Ordened By clusters lenght: 
Empty DataFrame
Columns: [0, 1, 2, 3, 4, 5, 6, 7, 8, 9]
Index: []
Clusters Ordened By clusters lenght: 
Empty DataFrame
Columns: [0, 1, 2, 3, 4, 5, 6, 7, 8, 9]
Index: []
Clusters Ordened By clusters lenght: 
Empty DataFrame
Columns: [0, 1, 2, 3, 4, 5, 6, 7, 8, 9]
Index: []
Clusters Ordened By clusters lenght: 
     0   1  2  3  4  5  6  7                                         8  9
184  C  41  6  *  *  *  *  *  01dc0eb7-89e8-477c-a181-2fdebac51e66-IGH  *
173  C  30  4  *  *  *  *  *  92bbb9db-5dac-4580-a05a-d880f9e5a9e5-IGH  *
225  C  82  4  *  *  *  *  *  465cdd7e-4a42-44b4-9241-e4f4e0595808-IGH  *
Clusters Ordened By clusters lenght: 
Empty DataFrame
Columns: [0, 1, 2, 3, 4, 5, 6, 7, 8, 9]
Index: []
Clusters Ordened By clusters lenght: 
    0  1   2  3  4  5  6  7                                         8  9
17  C  1  12  *  *  *  *  *  2cf6c5fb-ac6e-470e-98d1-485861ef4bf6-IGH  *
Clusters Ordened By clusters lenght: 
Empty DataFrame
Columns: [0, 1, 2, 3, 4, 5, 6, 7, 8, 9]
Index: []
Clusters Ordened By clusters lenght: 
     0    1   2  3  4  5  6  7                                         8  9
307  C  122  10  *  *  *  *  *  42440bd9-2a5f-4ece-96d4-ec2b02c3a6a8-IGH  *
188  C    3   9  *  *  *  *  *  18e9ea3c-74b1-47cf-8920-0ae975ee4410-IGH  *
Clusters Ordened By clusters lenght: 
Empty DataFrame
Columns: [0, 1, 2, 3, 4, 5, 6, 7, 8, 9]
Index: []
Clusters Ordened By clusters lenght: 
Empty DataFrame
Columns: [0, 1, 2, 3, 4, 5, 6, 7, 8, 9]
Index: []
Clusters Ordened By clusters lenght: 
Empty DataFrame
Columns: [0, 1, 2, 3, 4, 5, 6, 7, 8, 9]
Index: []
Clusters Ordened By clusters lenght: 
Empty DataFrame
Columns: [0, 1, 2, 3, 4, 5, 6, 7, 8, 9]
Index: []
Clusters Ordened By clusters lenght: 
Empty DataFrame
Columns: [0, 1, 2, 3, 4, 5, 6, 7, 8, 9]
Index: []
Clusters Ordened By clusters lenght: 
     0   1  2  3  4  5  6  7                                         8  9
193  C  10  5  *  *  *  *  *  3f818375-446d-4188-8c11-efa0e3f0624f-IGH  *
Clusters Ordened By clusters lenght: 
Empty DataFrame
Columns: [0, 1, 2, 3, 4, 5, 6, 7, 8, 9]
Index: []
Clusters Ordened By clusters lenght: 
Empty DataFrame
Columns: [0, 1, 2, 3, 4, 5, 6, 7, 8, 9]
Index: []
Clusters Ordened By clusters lenght: 
Empty DataFrame
Columns: [0, 1, 2, 3, 4, 5, 6, 7, 8, 9]
Index: []
Clusters Ordened By clusters lenght: 
    0  1  2  3  4  5  6  7                                         8  9
12  C  0  8  *  *  *  *  *  13d3dd86-4304-425c-a929-972f7f76c889-IGH  *
Clusters Ordened By clusters lenght: 
Empty DataFrame
Columns: [0, 1, 2, 3, 4, 5, 6, 7, 8, 9]
Index: []
Clusters Ordened By clusters lenght: 
Empty DataFrame
Columns: [0, 1, 2, 3, 4, 5, 6, 7, 8, 9]
Index: []
Clusters Ordened By clusters lenght: 
Empty DataFrame
Columns: [0, 1, 2, 3, 4, 5, 6, 7, 8, 9]
Index: []
Clusters Ordened By clusters lenght: 
     0   1  2  3  4  5  6  7                                         8  9
169  C  63  5  *  *  *  *  *  620fd1ec-190d-4cd6-aa55-25a6bdc8dbad-IGH  *
Clusters Ordened By clusters lenght: 
Empty DataFrame
Columns: [0, 1, 2, 3, 4, 5, 6, 7, 8, 9]
Index: []
Clusters Ordened By clusters lenght: 
    0   1  2  3  4  5  6  7                                         8  9
63  C  24  4  *  *  *  *  *  17303bb2-ba33-4697-a838-1b62050d0142-IGH  *
Clusters Ordened By clusters lenght: 
Empty DataFrame
Columns: [0, 1, 2, 3, 4, 5, 6, 7, 8, 9]
Index: []
Clusters Ordened By clusters lenght: 
Empty DataFrame
Columns: [0, 1, 2, 3, 4, 5, 6, 7, 8, 9]
Index: []
Clusters Ordened By clusters lenght: 
Empty DataFrame
Columns: [0, 1, 2, 3, 4, 5, 6, 7, 8, 9]
Index: []
Clusters Ordened By clusters lenght: 
Empty DataFrame
Columns: [0, 1, 2, 3, 4, 5, 6, 7, 8, 9]
Index: []
Clusters Ordened By clusters lenght: 
     0   1  2  3  4  5  6  7                                         8  9
107  C  45  5  *  *  *  *  *  16c2afee-9717-4d67-b523-50b405f8eb9b-IGH  *
Clusters Ordened By clusters lenght: 
     0   1  2  3  4  5  6  7                                         8  9
103  C  19  4  *  *  *  *  *  095707c9-58bc-4541-a468-d83a1da90aa4-IGH  *
Clusters Ordened By clusters lenght: 
Empty DataFrame
Columns: [0, 1, 2, 3, 4, 5, 6, 7, 8, 9]
Index: []
Clusters Ordened By clusters lenght: 
     0   1  2  3  4  5  6  7                                         8  9
121  C   8  9  *  *  *  *  *  2fd240db-7380-44c1-bcc5-78bc6cb6bf57-IGH  *
119  C   6  8  *  *  *  *  *  10a2339a-7d6c-4eed-b022-9a3a297cbaaf-IGH  *
144  C  31  5  *  *  *  *  *  9ce4a897-37e3-461f-a9d3-089efc95fdc2-IGH  *
Clusters Ordened By clusters lenght: 
Empty DataFrame
Columns: [0, 1, 2, 3, 4, 5, 6, 7, 8, 9]
Index: []
Clusters Ordened By clusters lenght: 
    0   1   2  3  4  5  6  7                                         8  9
82  C   0  15  *  *  *  *  *  006d8e68-a2cf-4cd4-870d-e60c1e299945-IGH  *
94  C  12   4  *  *  *  *  *  8242824b-05e5-4672-951c-b0aed9c358ba-IGH  *
Clusters Ordened By clusters lenght: 
Empty DataFrame
Columns: [0, 1, 2, 3, 4, 5, 6, 7, 8, 9]
Index: []
Clusters Ordened By clusters lenght: 
Empty DataFrame
Columns: [0, 1, 2, 3, 4, 5, 6, 7, 8, 9]
Index: []
Clusters Ordened By clusters lenght: 
    0   1  2  3  4  5  6  7                                         8  9
29  C  10  4  *  *  *  *  *  1b1cf18a-a197-4bcf-b80c-c6421a814a19-IGH  *
Clusters Ordened By clusters lenght: 
Empty DataFrame
Columns: [0, 1, 2, 3, 4, 5, 6, 7, 8, 9]
Index: []
Clusters Ordened By clusters lenght: 
Empty DataFrame
Columns: [0, 1, 2, 3, 4, 5, 6, 7, 8, 9]
Index: []
Clusters Ordened By clusters lenght: 
Empty DataFrame
Columns: [0, 1, 2, 3, 4, 5, 6, 7, 8, 9]
Index: []
Clusters Ordened By clusters lenght: 
Empty DataFrame
Columns: [0, 1, 2, 3, 4, 5, 6, 7, 8, 9]
Index: []
Clusters Ordened By clusters lenght: 
Empty DataFrame
Columns: [0, 1, 2, 3, 4, 5, 6, 7, 8, 9]
Index: []
Clusters Ordened By clusters lenght: 
Empty DataFrame
Columns: [0, 1, 2, 3, 4, 5, 6, 7, 8, 9]
Index: []
Clusters Ordened By clusters lenght: 
Empty DataFrame
Columns: [0, 1, 2, 3, 4, 5, 6, 7, 8, 9]
Index: []
Clusters Ordened By clusters lenght: 
Empty DataFrame
Columns: [0, 1, 2, 3, 4, 5, 6, 7, 8, 9]
Index: []
Clusters Ordened By clusters lenght: 
Empty DataFrame
Columns: [0, 1, 2, 3, 4, 5, 6, 7, 8, 9]
Index: []
Clusters Ordened By clusters lenght: 
Empty DataFrame
Columns: [0, 1, 2, 3, 4, 5, 6, 7, 8, 9]
Index: []
Clusters Ordened By clusters lenght: 
    0  1  2  3  4  5  6  7                                         8  9
27  C  9  5  *  *  *  *  *  475a10a3-13c3-4b13-b133-befc5969bddf-IGH  *
Clusters Ordened By clusters lenght: 
Empty DataFrame
Columns: [0, 1, 2, 3, 4, 5, 6, 7, 8, 9]
Index: []
Clusters Ordened By clusters lenght: 
Empty DataFrame
Columns: [0, 1, 2, 3, 4, 5, 6, 7, 8, 9]
Index: []
Clusters Ordened By clusters lenght: 
Empty DataFrame
Columns: [0, 1, 2, 3, 4, 5, 6, 7, 8, 9]
Index: []
Clusters Ordened By clusters lenght: 
Empty DataFrame
Columns: [0, 1, 2, 3, 4, 5, 6, 7, 8, 9]
Index: []
Clusters Ordened By clusters lenght: 
Empty DataFrame
Columns: [0, 1, 2, 3, 4, 5, 6, 7, 8, 9]
Index: []
Clusters Ordened By clusters lenght: 
Empty DataFrame
Columns: [0, 1, 2, 3, 4, 5, 6, 7, 8, 9]
Index: []
Clusters Ordened By clusters lenght: 
Empty DataFrame
Columns: [0, 1, 2, 3, 4, 5, 6, 7, 8, 9]
Index: []
Clusters Ordened By clusters lenght: 
Empty DataFrame
Columns: [0, 1, 2, 3, 4, 5, 6, 7, 8, 9]
Index: []
Clusters Ordened By clusters lenght: 
Empty DataFrame
Columns: [0, 1, 2, 3, 4, 5, 6, 7, 8, 9]
Index: []
Clusters Ordened By clusters lenght: 
Empty DataFrame
Columns: [0, 1, 2, 3, 4, 5, 6, 7, 8, 9]
Index: []
Clusters Ordened By clusters lenght: 
    0  1  2  3  4  5  6  7                                         8  9
17  C  2  4  *  *  *  *  *  18fb9ec5-0fc6-426f-9365-3b7a236a09aa-IGH  *
Clusters Ordened By clusters lenght: 
Empty DataFrame
Columns: [0, 1, 2, 3, 4, 5, 6, 7, 8, 9]
Index: []
Clusters Ordened By clusters lenght: 
Empty DataFrame
Columns: [0, 1, 2, 3, 4, 5, 6, 7, 8, 9]
Index: []
Clusters Ordened By clusters lenght: 
Empty DataFrame
Columns: [0, 1, 2, 3, 4, 5, 6, 7, 8, 9]
Index: []
Clusters Ordened By clusters lenght: 
Empty DataFrame
Columns: [0, 1, 2, 3, 4, 5, 6, 7, 8, 9]
Index: []
Clusters Ordened By clusters lenght: 
Empty DataFrame
Columns: [0, 1, 2, 3, 4, 5, 6, 7, 8, 9]
Index: []
Clusters Ordened By clusters lenght: 
Empty DataFrame
Columns: [0, 1, 2, 3, 4, 5, 6, 7, 8, 9]
Index: []
Clusters Ordened By clusters lenght: 
Empty DataFrame
Columns: [0, 1, 2, 3, 4, 5, 6, 7, 8, 9]
Index: []
Clusters Ordened By clusters lenght: 
Empty DataFrame
Columns: [0, 1, 2, 3, 4, 5, 6, 7, 8, 9]
Index: []
Clusters Ordened By clusters lenght: 
    0  1  2  3  4  5  6  7                                         8  9
14  C  2  7  *  *  *  *  *  32b85111-42da-4763-a9e4-7396ffb93731-IGH  *
Clusters Ordened By clusters lenght: 
     0   1  2  3  4  5  6  7                                         8  9
78   C   1  9  *  *  *  *  *  0fddf06d-a2ca-4414-90c5-2de35c229103-IGH  *
104  C  27  8  *  *  *  *  *  271530ec-e653-4d29-b3c3-8f61acf52752-IGH  *
95   C  18  4  *  *  *  *  *  31633ab3-ed6d-44e7-85ec-5df8f88b4c64-IGH  *
101  C  24  4  *  *  *  *  *  0af1f213-2686-422a-9b75-8810e0d10d67-IGH  *
107  C  30  4  *  *  *  *  *  53304e7d-0ecb-4126-9e4a-53070a8a1482-IGH  *
Clusters Ordened By clusters lenght: 
Empty DataFrame
Columns: [0, 1, 2, 3, 4, 5, 6, 7, 8, 9]
Index: []
Clusters Ordened By clusters lenght: 
Empty DataFrame
Columns: [0, 1, 2, 3, 4, 5, 6, 7, 8, 9]
Index: []
Clusters Ordened By clusters lenght: 
     0    1  2  3  4  5  6  7                                         8  9
579  C  135  8  *  *  *  *  *  46f37f9b-5c69-4e7a-8e85-bb1a9f71a355-IGH  *
473  C   29  7  *  *  *  *  *  1d54d5cf-16c8-4dee-9159-e1d8f3de7499-IGH  *
444  C    0  6  *  *  *  *  *  23cbf3eb-5e84-4250-99d3-dd7d23453150-IGH  *
734  C  290  5  *  *  *  *  *  4560751a-ca82-4558-b152-8468580e6a4a-IGH  *
568  C  124  4  *  *  *  *  *  2c062230-67e5-4bb6-889b-162dec3e3db9-IGH  *
722  C  278  4  *  *  *  *  *  18b3b275-cf54-40c7-990f-74f2906beb02-IGH  *
812  C  368  4  *  *  *  *  *  157d6fea-b684-4545-b654-b2428ee2f9ad-IGH  *
Clusters Ordened By clusters lenght: 
Empty DataFrame
Columns: [0, 1, 2, 3, 4, 5, 6, 7, 8, 9]
Index: []
Clusters Ordened By clusters lenght: 
Empty DataFrame
Columns: [0, 1, 2, 3, 4, 5, 6, 7, 8, 9]
Index: []
Clusters Ordened By clusters lenght: 
Empty DataFrame
Columns: [0, 1, 2, 3, 4, 5, 6, 7, 8, 9]
Index: []
Clusters Ordened By clusters lenght: 
     0   1  2  3  4  5  6  7                                         8  9
149  C  64  7  *  *  *  *  *  0b00a476-3c84-45fb-8d64-08655173b8ec-IGH  *
Clusters Ordened By clusters lenght: 
    0   1  2  3  4  5  6  7                                         8  9
84  C  33  8  *  *  *  *  *  32465c40-1aa7-4bba-bf51-85317b008789-IGH  *
Clusters Ordened By clusters lenght: 
    0  1  2  3  4  5  6  7                                         8  9
12  C  1  7  *  *  *  *  *  49fdab2b-c2c4-4e0f-8445-9a42f165fbd4-IGH  *
Clusters Ordened By clusters lenght: 
Empty DataFrame
Columns: [0, 1, 2, 3, 4, 5, 6, 7, 8, 9]
Index: []
Clusters Ordened By clusters lenght: 
Empty DataFrame
Columns: [0, 1, 2, 3, 4, 5, 6, 7, 8, 9]
Index: []
Clusters Ordened By clusters lenght: 
     0   1   2  3  4  5  6  7                                         8  9
198  C  37  10  *  *  *  *  *  01f99e09-efac-4404-b0bd-a0facb65fe82-IGH  *
251  C  90  10  *  *  *  *  *  608ece8e-d5fa-4601-9864-58dabb2658f6-IGH  *
Clusters Ordened By clusters lenght: 
Empty DataFrame
Columns: [0, 1, 2, 3, 4, 5, 6, 7, 8, 9]
Index: []
Clusters Ordened By clusters lenght: 
Empty DataFrame
Columns: [0, 1, 2, 3, 4, 5, 6, 7, 8, 9]
Index: []
Clusters Ordened By clusters lenght: 
Empty DataFrame
Columns: [0, 1, 2, 3, 4, 5, 6, 7, 8, 9]
Index: []
Clusters Ordened By clusters lenght: 
Empty DataFrame
Columns: [0, 1, 2, 3, 4, 5, 6, 7, 8, 9]
Index: []
Clusters Ordened By clusters lenght: 
Empty DataFrame
Columns: [0, 1, 2, 3, 4, 5, 6, 7, 8, 9]
Index: []
Clusters Ordened By clusters lenght: 
Empty DataFrame
Columns: [0, 1, 2, 3, 4, 5, 6, 7, 8, 9]
Index: []
Clusters Ordened By clusters lenght: 
Empty DataFrame
Columns: [0, 1, 2, 3, 4, 5, 6, 7, 8, 9]
Index: []
Clusters Ordened By clusters lenght: 
Empty DataFrame
Columns: [0, 1, 2, 3, 4, 5, 6, 7, 8, 9]
Index: []
Clusters Ordened By clusters lenght: 
    0   1  2  3  4  5  6  7                                         8  9
56  C  15  8  *  *  *  *  *  1c4d8c34-811e-44d1-a0a4-50ac7f8cdb5b-IGH  *
55  C  14  6  *  *  *  *  *  042947c1-6473-492b-8256-b5afbe6008e0-IGH  *
41  C   0  4  *  *  *  *  *  16cba5f4-84be-4799-869a-81baddf7c5e6-IGH  *
Clusters Ordened By clusters lenght: 
Empty DataFrame
Columns: [0, 1, 2, 3, 4, 5, 6, 7, 8, 9]
Index: []
Clusters Ordened By clusters lenght: 
Empty DataFrame
Columns: [0, 1, 2, 3, 4, 5, 6, 7, 8, 9]
Index: []
Clusters Ordened By clusters lenght: 
Empty DataFrame
Columns: [0, 1, 2, 3, 4, 5, 6, 7, 8, 9]
Index: []
Clusters Ordened By clusters lenght: 
Empty DataFrame
Columns: [0, 1, 2, 3, 4, 5, 6, 7, 8, 9]
Index: []
Clusters Ordened By clusters lenght: 
    0  1  2  3  4  5  6  7                                         8  9
23  C  6  5  *  *  *  *  *  75f74548-adef-4a51-a4ea-d7f516329452-IGH  *
Clusters Ordened By clusters lenght: 
Empty DataFrame
Columns: [0, 1, 2, 3, 4, 5, 6, 7, 8, 9]
Index: []
Clusters Ordened By clusters lenght: 
Empty DataFrame
Columns: [0, 1, 2, 3, 4, 5, 6, 7, 8, 9]
Index: []
Clusters Ordened By clusters lenght: 
     0   1  2  3  4  5  6  7                                         8  9
135  C  48  5  *  *  *  *  *  592ba7c4-41e8-491d-9e0f-963458e6eb87-IGH  *
Clusters Ordened By clusters lenght: 
Empty DataFrame
Columns: [0, 1, 2, 3, 4, 5, 6, 7, 8, 9]
Index: []
Clusters Ordened By clusters lenght: 
    0  1   2  3  4  5  6  7                                         8  9
85  C  0  11  *  *  *  *  *  36c99cc4-d785-4180-ba1f-c37b441bedf8-IGH  *
Clusters Ordened By clusters lenght: 
Empty DataFrame
Columns: [0, 1, 2, 3, 4, 5, 6, 7, 8, 9]
Index: []
Clusters Ordened By clusters lenght: 
   0  1  2  3  4  5  6  7                                         8  9
8  C  0  6  *  *  *  *  *  605d7118-c847-467f-9d4b-7b07428f0804-IGH  *
Clusters Ordened By clusters lenght: 
   0  1  2  3  4  5  6  7                                         8  9
7  C  0  4  *  *  *  *  *  56b5cea6-2ea6-4777-867b-47a08e3ffd66-IGH  *
Clusters Ordened By clusters lenght: 
     0   1  2  3  4  5  6  7                                         8  9
103  C   0  4  *  *  *  *  *  0d42fb77-ae44-4568-9c04-02f2ae3efe6c-IGH  *
111  C   8  4  *  *  *  *  *  045da1d9-07ad-41bf-a8f8-945bc981af65-IGH  *
162  C  59  4  *  *  *  *  *  587897ae-50cb-4a84-8bb0-45ef79fb22e3-IGH  *
Clusters Ordened By clusters lenght: 
     0   1    2  3  4  5  6  7                                         8  9
479  C  21  290  *  *  *  *  *  009cf3d7-d999-4900-85e1-9b7a86c1da94-IGH  *
480  C  22   44  *  *  *  *  *  02c0562a-e576-49fc-96f1-70a1edd380eb-IGH  *
492  C  34   35  *  *  *  *  *  8f5bfdcc-58d0-4494-9244-9004150a1c4d-IGH  *
483  C  25   11  *  *  *  *  *  2b0ff7f2-35d8-4986-9dec-ec553f8e7d44-IGH  *
484  C  26    9  *  *  *  *  *  3ea467df-5cce-4235-b18e-ef2ea9e9216b-IGH  *
489  C  31    8  *  *  *  *  *  6b8c8c01-835b-4287-b4a9-309b44dae91c-IGH  *
481  C  23    5  *  *  *  *  *  04abf9df-e413-41ba-b6f2-2b5e7b255bf6-IGH  *
Clusters Ordened By clusters lenght: 
Empty DataFrame
Columns: [0, 1, 2, 3, 4, 5, 6, 7, 8, 9]
Index: []
Clusters Ordened By clusters lenght: 
Empty DataFrame
Columns: [0, 1, 2, 3, 4, 5, 6, 7, 8, 9]
Index: []
Clusters Ordened By clusters lenght: 
Empty DataFrame
Columns: [0, 1, 2, 3, 4, 5, 6, 7, 8, 9]
Index: []
Clusters Ordened By clusters lenght: 
   0  1  2  3  4  5  6  7                                         8  9
6  C  0  4  *  *  *  *  *  42e2bc14-de0b-4621-96da-963f1141eab7-IGH  *
Clusters Ordened By clusters lenght: 
Empty DataFrame
Columns: [0, 1, 2, 3, 4, 5, 6, 7, 8, 9]
Index: []
Clusters Ordened By clusters lenght: 
    0  1  2  3  4  5  6  7                                         8  9
13  C  0  9  *  *  *  *  *  22854d18-51b3-4b03-ba38-92c778db6de7-IGH  *
Clusters Ordened By clusters lenght: 
      0    1    2  3  4  5  6  7                                         8  9
2705  C  599  164  *  *  *  *  *  0188c386-2b25-4150-8187-186ef24cfc5f-IGH  *
2706  C  600  100  *  *  *  *  *  0259fa56-ec86-42da-aa94-ab1fa535df71-IGH  *
2704  C  598   74  *  *  *  *  *  00211f30-99b0-477c-8c8f-80a1db431af8-IGH  *
2714  C  608   42  *  *  *  *  *  0968bfbd-450b-4774-989f-7839badc098e-IGH  *
2215  C  109   39  *  *  *  *  *  093e1834-d7d5-4478-8a28-15405d329ed5-IGH  *
...  ..  ...  ... .. .. .. .. ..                                       ... ..
2750  C  644    4  *  *  *  *  *  44a5ed19-0b23-4807-b842-d7cc036cccd3-IGH  *
2749  C  643    4  *  *  *  *  *  44059361-d3d9-433d-828b-917b8c68bcfd-IGH  *
2855  C  749    4  *  *  *  *  *  2fdd27b5-7565-47d6-86dc-8676b4b8e2d8-IGH  *
2890  C  784    4  *  *  *  *  *  8218e7c7-8275-4cec-93ca-17f864040fc7-IGH  *
2873  C  767    4  *  *  *  *  *  52951d5a-3099-4514-b1b8-5236fc51c160-IGH  *

[83 rows x 10 columns]
Clusters Ordened By clusters lenght: 
    0  1  2  3  4  5  6  7                                         8  9
20  C  3  4  *  *  *  *  *  1eece45f-f4a0-427e-8391-b141ad29a465-IGH  *
Clusters Ordened By clusters lenght: 
Empty DataFrame
Columns: [0, 1, 2, 3, 4, 5, 6, 7, 8, 9]
Index: []
Clusters Ordened By clusters lenght: 
    0  1  2  3  4  5  6  7                                         8  9
33  C  1  5  *  *  *  *  *  3903dd72-abc8-4f7c-86fd-2d9b68c80533-IGH  *
Clusters Ordened By clusters lenght: 
    0  1  2  3  4  5  6  7                                         8  9
20  C  0  9  *  *  *  *  *  1dea3fdd-6a1f-409f-b087-9ef7d3ffa846-IGH  *
25  C  5  4  *  *  *  *  *  8fd061c4-9a4d-47b7-be0b-4ba4307de3d7-IGH  *
Clusters Ordened By clusters lenght: 
Empty DataFrame
Columns: [0, 1, 2, 3, 4, 5, 6, 7, 8, 9]
Index: []
Clusters Ordened By clusters lenght: 
Empty DataFrame
Columns: [0, 1, 2, 3, 4, 5, 6, 7, 8, 9]
Index: []
Clusters Ordened By clusters lenght: 
Empty DataFrame
Columns: [0, 1, 2, 3, 4, 5, 6, 7, 8, 9]
Index: []
Clusters Ordened By clusters lenght: 
    0  1  2  3  4  5  6  7                                         8  9
42  C  8  7  *  *  *  *  *  299fd2b5-b2b5-433b-a7ee-7d16d74d6a40-IGH  *
43  C  9  6  *  *  *  *  *  2f7615f9-ef25-41b6-ba5e-7bf9da94bcd6-IGH  *
Clusters Ordened By clusters lenght: 
     0   1   2  3  4  5  6  7                                         8  9
123  C  23  20  *  *  *  *  *  026c2750-3ca4-4912-aed8-541b01d68013-IGH  *
Clusters Ordened By clusters lenght: 
Empty DataFrame
Columns: [0, 1, 2, 3, 4, 5, 6, 7, 8, 9]
Index: []
Clusters Ordened By clusters lenght: 
Empty DataFrame
Columns: [0, 1, 2, 3, 4, 5, 6, 7, 8, 9]
Index: []
Clusters Ordened By clusters lenght: 
    0   1  2  3  4  5  6  7                                         8  9
74  C  27  6  *  *  *  *  *  181d4568-569e-4d82-aa2a-45a6d2113c54-IGH  *
Clusters Ordened By clusters lenght: 
    0  1  2  3  4  5  6  7                                         8  9
20  C  5  5  *  *  *  *  *  1a1d78cd-2e10-4afd-b111-458e71151ac0-IGH  *
Clusters Ordened By clusters lenght: 
Empty DataFrame
Columns: [0, 1, 2, 3, 4, 5, 6, 7, 8, 9]
Index: []
Clusters Ordened By clusters lenght: 
     0   1  2  3  4  5  6  7                                         8  9
199  C  76  5  *  *  *  *  *  5c38169c-438d-4e51-a59f-aa0399c36ee9-IGH  *
125  C   2  4  *  *  *  *  *  c6ad335a-fdc7-4516-9dc0-9d7b26331769-IGH  *
Clusters Ordened By clusters lenght: 
    0   1  2  3  4  5  6  7                                         8  9
39  C  10  4  *  *  *  *  *  1a738ba4-c98e-4924-ba43-bc9066797274-IGH  *
Clusters Ordened By clusters lenght: 
Empty DataFrame
Columns: [0, 1, 2, 3, 4, 5, 6, 7, 8, 9]
Index: []
Clusters Ordened By clusters lenght: 
    0  1  2  3  4  5  6  7                                         8  9
15  C  4  5  *  *  *  *  *  1fcbc97f-809c-4d72-8a6b-624c94c17ab7-IGH  *
Clusters Ordened By clusters lenght: 
Empty DataFrame
Columns: [0, 1, 2, 3, 4, 5, 6, 7, 8, 9]
Index: []
Clusters Ordened By clusters lenght: 
    0  1  2  3  4  5  6  7                                         8  9
44  C  3  4  *  *  *  *  *  1db9ef8f-63e3-4530-aa12-8c9289410f4e-IGH  *
Clusters Ordened By clusters lenght: 
Empty DataFrame
Columns: [0, 1, 2, 3, 4, 5, 6, 7, 8, 9]
Index: []
Clusters Ordened By clusters lenght: 
Empty DataFrame
Columns: [0, 1, 2, 3, 4, 5, 6, 7, 8, 9]
Index: []
Clusters Ordened By clusters lenght: 
      0    1    2  3  4  5  6  7                                         8  9
995   C  159  114  *  *  *  *  *  022ff523-af8d-41da-9cbb-209149446ab7-IGH  *
993   C  157  106  *  *  *  *  *  00629a89-68c5-414f-9478-d9cdea405fde-IGH  *
953   C  117   18  *  *  *  *  *  45b4779c-f54b-4cb8-9296-e5ad240e8188-IGH  *
928   C   92   16  *  *  *  *  *  051d2abd-403c-4af8-b49e-2017891b59d4-IGH  *
1012  C  176   15  *  *  *  *  *  18a76f7b-79d5-4a4f-a3fa-ff3fd3f11edf-IGH  *
942   C  106   13  *  *  *  *  *  2745d69c-bd4f-4920-a0c5-79db054a8990-IGH  *
938   C  102   13  *  *  *  *  *  1ed097d6-ff7e-493f-80e0-3557c3db4da3-IGH  *
871   C   35   13  *  *  *  *  *  0bf49ceb-3169-44f4-b601-d6b5d0edda9f-IGH  *
1034  C  198   10  *  *  *  *  *  5b72ab08-6686-408c-9875-cc7628260dcb-IGH  *
934   C   98   10  *  *  *  *  *  0edcf1ea-78aa-4324-8586-3acd977fb00c-IGH  *
945   C  109    9  *  *  *  *  *  29186459-e27c-40fa-8955-69e932595bd4-IGH  *
1098  C  262    9  *  *  *  *  *  1d344f97-7f1b-4d8e-b0b1-ebba33312b9a-IGH  *
1001  C  165    9  *  *  *  *  *  0b033972-013f-4109-ac69-4db415cc0b34-IGH  *
1011  C  175    8  *  *  *  *  *  186c4ed9-e462-4c72-b7b4-b7caad247ce4-IGH  *
1002  C  166    8  *  *  *  *  *  0faace6d-4c28-4844-97cc-d20bc881a4b0-IGH  *
1094  C  258    8  *  *  *  *  *  06a7f7e3-06e9-44aa-b51c-a63fa215768f-IGH  *
1093  C  257    8  *  *  *  *  *  01967a18-15f1-44a7-9c0e-d85a1a7d80a6-IGH  *
845   C    9    8  *  *  *  *  *  aebf4b20-8d4c-4cfe-a9df-0e2742f9adaa-IGH  *
931   C   95    7  *  *  *  *  *  0b657b61-41ca-4d7b-9444-f5f03e40a879-IGH  *
1016  C  180    7  *  *  *  *  *  1c6d5e3e-8bb9-4cc0-b39a-a233fb4e89a7-IGH  *
1027  C  191    7  *  *  *  *  *  3a085c3d-c71e-451a-959f-5c28a7c0bd8d-IGH  *
1008  C  172    6  *  *  *  *  *  1640d8fb-9437-4325-b7e1-298a01442441-IGH  *
1069  C  233    6  *  *  *  *  *  059f1c45-4447-40e0-aa57-85744b6eb193-IGH  *
1039  C  203    6  *  *  *  *  *  6111d7cb-4999-4fac-9a56-a4dba95d1426-IGH  *
932   C   96    6  *  *  *  *  *  0c7ae7d6-10bd-43e6-9aaf-7cb65e7c254f-IGH  *
891   C   55    5  *  *  *  *  *  5f1dff98-6a27-404d-89c5-62aa464d21e7-IGH  *
879   C   43    5  *  *  *  *  *  1fc73023-9f30-442c-bc8d-d72f9ceb00eb-IGH  *
1097  C  261    5  *  *  *  *  *  19d7038e-2c8e-4905-8b4b-d0d51fb781c8-IGH  *
1025  C  189    5  *  *  *  *  *  322b5b80-1f52-4b40-aed8-3d4335db5ecc-IGH  *
836   C    0    4  *  *  *  *  *  2c365b77-3a11-453b-8452-24362d6e230b-IGH  *
887   C   51    4  *  *  *  *  *  464c4628-4fdd-421d-86dc-c4d016c42b4f-IGH  *
878   C   42    4  *  *  *  *  *  1953a076-c971-4930-a258-1588faa86c50-IGH  *
940   C  104    4  *  *  *  *  *  231e7e53-120f-4840-8f73-c8a01f4d2511-IGH  *
943   C  107    4  *  *  *  *  *  27666a3a-1685-43f7-8263-c04d3358a718-IGH  *
950   C  114    4  *  *  *  *  *  42f7cf84-b62a-4c52-a1d9-2da45a135ba7-IGH  *
1010  C  174    4  *  *  *  *  *  18364dc5-08bb-4a83-9dac-c90103ef8b63-IGH  *
1077  C  241    4  *  *  *  *  *  2ed904be-38d6-4da5-a1f5-777b4a77159b-IGH  *
1018  C  182    4  *  *  *  *  *  1f309c53-3d21-47a9-90c3-7336553fcd17-IGH  *
1035  C  199    4  *  *  *  *  *  5e5587dd-0572-4fd3-9497-9e8e009c5495-IGH  *
1095  C  259    4  *  *  *  *  *  0a037026-00f7-4c87-a8e7-892fddf54577-IGH  *
1082  C  246    4  *  *  *  *  *  6f069abf-9097-457c-a808-7e4b266d8ddc-IGH  *
1096  C  260    4  *  *  *  *  *  0cb35dc5-3d7a-485c-95dd-0d459ac6ee0d-IGH  *
1107  C  271    4  *  *  *  *  *  3fe9d8ca-ecfb-498b-a38d-ee0b5474b93a-IGH  *
Clusters Ordened By clusters lenght: 
     0    1   2  3  4  5  6  7                                         8  9
263  C   62  12  *  *  *  *  *  0d80c46e-23eb-4288-939c-03868f9a31ad-IGH  *
327  C  126  12  *  *  *  *  *  0327bf5d-5ab8-4c89-94e5-22837d91614c-IGH  *
270  C   69   7  *  *  *  *  *  56160508-4b5d-49f0-a391-1b0ed33b150d-IGH  *
265  C   64   5  *  *  *  *  *  20fc3912-16d6-42c2-abc9-f5a033bcc544-IGH  *
268  C   67   4  *  *  *  *  *  2da02fb1-2339-4592-8d69-9a5f25e78089-IGH  *
205  C    4   4  *  *  *  *  *  2924fccd-e02b-4fc0-b31e-bb000e9d8759-IGH  *
300  C   99   4  *  *  *  *  *  50dc91b3-8082-4e49-b5de-3e6841711f4f-IGH  *
336  C  135   4  *  *  *  *  *  bced9ac1-3a3d-4ad6-a985-ba9d7d7664f8-IGH  *
Clusters Ordened By clusters lenght: 
    0  1   2  3  4  5  6  7                                         8  9
22  C  3  14  *  *  *  *  *  011e6b42-073b-45ea-9ca4-f1c67e95b68d-IGH  *
Clusters Ordened By clusters lenght: 
   0  1  2  3  4  5  6  7                                         8  9
7  C  0  4  *  *  *  *  *  05a5bd19-4bc9-4fc5-984b-f3da40649bbe-IGH  *
Clusters Ordened By clusters lenght: 
Empty DataFrame
Columns: [0, 1, 2, 3, 4, 5, 6, 7, 8, 9]
Index: []
Clusters Ordened By clusters lenght: 
     0    1    2  3  4  5  6  7                                         8  9
601  C  131  234  *  *  *  *  *  003736a2-84bf-4f06-b0f9-e2289db20979-IGH  *
518  C   48   13  *  *  *  *  *  294c988c-9cdd-4631-b180-af9714145191-IGH  *
502  C   32    7  *  *  *  *  *  3779ac3b-86ab-479d-9169-a4d271189f94-IGH  *
478  C    8    6  *  *  *  *  *  28e0edf4-feeb-4fc0-8c97-967111f876cc-IGH  *
516  C   46    6  *  *  *  *  *  1888d6fb-1f3d-44e8-aa3c-07f4ff9678b7-IGH  *
515  C   45    6  *  *  *  *  *  0eae452c-894a-4273-97e2-9dfdb73a3b01-IGH  *
584  C  114    6  *  *  *  *  *  0933dfaa-2420-402c-a0f3-3fcaca6a3dbe-IGH  *
539  C   69    4  *  *  *  *  *  4f271e01-a0d1-4b1c-b0ad-7df2f48d6c0d-IGH  *
Clusters Ordened By clusters lenght: 
Empty DataFrame
Columns: [0, 1, 2, 3, 4, 5, 6, 7, 8, 9]
Index: []
Clusters Ordened By clusters lenght: 
     0   1  2  3  4  5  6  7                                         8  9
134  C  49  5  *  *  *  *  *  0c11a776-c133-46ea-aa64-4b46daea0199-IGH  *
Clusters Ordened By clusters lenght: 
Empty DataFrame
Columns: [0, 1, 2, 3, 4, 5, 6, 7, 8, 9]
Index: []
Clusters Ordened By clusters lenght: 
Empty DataFrame
Columns: [0, 1, 2, 3, 4, 5, 6, 7, 8, 9]
Index: []
Clusters Ordened By clusters lenght: 
    0  1  2  3  4  5  6  7                                         8  9
33  C  9  4  *  *  *  *  *  032a679c-4834-4dd0-aaa3-b5bf039b0b94-IGH  *
Clusters Ordened By clusters lenght: 
Empty DataFrame
Columns: [0, 1, 2, 3, 4, 5, 6, 7, 8, 9]
Index: []
Clusters Ordened By clusters lenght: 
     0   1  2  3  4  5  6  7                                         8  9
122  C  48  5  *  *  *  *  *  016b563b-bb8e-491b-8973-d1d7ab921a74-IGH  *
Clusters Ordened By clusters lenght: 
Empty DataFrame
Columns: [0, 1, 2, 3, 4, 5, 6, 7, 8, 9]
Index: []
Clusters Ordened By clusters lenght: 
Empty DataFrame
Columns: [0, 1, 2, 3, 4, 5, 6, 7, 8, 9]
Index: []
Clusters Ordened By clusters lenght: 
Empty DataFrame
Columns: [0, 1, 2, 3, 4, 5, 6, 7, 8, 9]
Index: []
Clusters Ordened By clusters lenght: 
    0  1   2  3  4  5  6  7                                         8  9
85  C  3  12  *  *  *  *  *  3508c7f4-6c27-4748-83d0-976fb99b687f-IGH  *
Clusters Ordened By clusters lenght: 
     0    1  2  3  4  5  6  7                                         8  9
567  C  230  9  *  *  *  *  *  07fd80d6-b860-41cf-8ec4-13f8acd78a8b-IGH  *
Clusters Ordened By clusters lenght: 
    0  1  2  3  4  5  6  7                                         8  9
39  C  7  7  *  *  *  *  *  2b11a08d-a08e-4f24-b879-dbf9f2b1672f-IGH  *
Clusters Ordened By clusters lenght: 
Empty DataFrame
Columns: [0, 1, 2, 3, 4, 5, 6, 7, 8, 9]
Index: []
Clusters Ordened By clusters lenght: 
Empty DataFrame
Columns: [0, 1, 2, 3, 4, 5, 6, 7, 8, 9]
Index: []
Clusters Ordened By clusters lenght: 
     0    1   2  3  4  5  6  7                                         8  9
299  C   19  27  *  *  *  *  *  15d77420-5f5c-4e35-a2a0-203d35dbffe2-IGH  *
482  C  202   5  *  *  *  *  *  6de06067-a9fa-434d-b4b9-c26b93930b10-IGH  *
291  C   11   4  *  *  *  *  *  48517e54-539d-4a6b-b276-c4b414236b26-IGH  *
390  C  110   4  *  *  *  *  *  68bee730-3475-46dc-bbfa-fe53b054a3ca-IGH  *
445  C  165   4  *  *  *  *  *  299cfe60-652a-4bfc-ba5e-8d2e0472d661-IGH  *
472  C  192   4  *  *  *  *  *  18e62298-41ca-4567-863f-9b6f524fdcfe-IGH  *
Clusters Ordened By clusters lenght: 
    0  1  2  3  4  5  6  7                                         8  9
14  C  0  9  *  *  *  *  *  230ea371-4764-460a-b506-5d556ea159f9-IGH  *
Clusters Ordened By clusters lenght: 
    0  1   2  3  4  5  6  7                                         8  9
71  C  1  67  *  *  *  *  *  009bb746-cab0-4b95-81d1-85daad077990-IGH  *
Clusters Ordened By clusters lenght: 
    0  1  2  3  4  5  6  7                                         8  9
40  C  1  7  *  *  *  *  *  140436af-e0d6-45d0-aecf-78ce696c49f0-IGH  *
Clusters Ordened By clusters lenght: 
Empty DataFrame
Columns: [0, 1, 2, 3, 4, 5, 6, 7, 8, 9]
Index: []
Clusters Ordened By clusters lenght: 
Empty DataFrame
Columns: [0, 1, 2, 3, 4, 5, 6, 7, 8, 9]
Index: []
Clusters Ordened By clusters lenght: 
Empty DataFrame
Columns: [0, 1, 2, 3, 4, 5, 6, 7, 8, 9]
Index: []
Clusters Ordened By clusters lenght: 
Empty DataFrame
Columns: [0, 1, 2, 3, 4, 5, 6, 7, 8, 9]
Index: []
/home/glicina/pbarros/abScope_done_imp/scripts/preProcess/reGroupCdrCluster.py:23: DtypeWarning: Columns (12,28,29,30,31,42,43,46,47,48,49,50,52,58,94) have mixed types. Specify dtype option on import or set low_memory=False.
  igblast=pd.read_csv(igcicle_out)
Clusters Ordened By clusters lenght: 
Empty DataFrame
Columns: [0, 1, 2, 3, 4, 5, 6, 7, 8, 9]
Index: []
Clusters Ordened By clusters lenght: 
    0  1   2  3  4  5  6  7                                         8  9
29  C  1  11  *  *  *  *  *  044417c2-f6e9-4721-8b03-c1ad5b1737aa-IGH  *
Clusters Ordened By clusters lenght: 
Empty DataFrame
Columns: [0, 1, 2, 3, 4, 5, 6, 7, 8, 9]
Index: []
Clusters Ordened By clusters lenght: 
      0    1   2  3  4  5  6  7                                         8  9
801   C   70  17  *  *  *  *  *  103028ce-39bf-4fce-bf9d-cab851b972f7-IGH  *
1030  C  299  10  *  *  *  *  *  048fa485-5be4-47a9-a5fe-d8832e726d94-IGH  *
1137  C  406   8  *  *  *  *  *  2c6bc8ba-abc5-4a7b-b9b8-7bb8c0f3d095-IGH  *
1207  C  476   8  *  *  *  *  *  041e68c3-5a9d-43b4-963a-6f1f29f41270-IGH  *
745   C   14   7  *  *  *  *  *  036e37c3-5b45-4447-9990-19950dcd2677-IGH  *
1150  C  419   6  *  *  *  *  *  5da8bc2e-8705-4ca4-ab50-2979030256a5-IGH  *
1208  C  477   6  *  *  *  *  *  06ca0598-8e8d-4d93-96a4-aa9dfb6345e7-IGH  *
1229  C  498   5  *  *  *  *  *  4c6f15ff-8300-42f5-98ec-59765eb130e0-IGH  *
Clusters Ordened By clusters lenght: 
Empty DataFrame
Columns: [0, 1, 2, 3, 4, 5, 6, 7, 8, 9]
Index: []
Clusters Ordened By clusters lenght: 
Empty DataFrame
Columns: [0, 1, 2, 3, 4, 5, 6, 7, 8, 9]
Index: []
Clusters Ordened By clusters lenght: 
     0    1   2  3  4  5  6  7                                         8  9
559  C  134  23  *  *  *  *  *  025a8272-8681-4a58-8aaa-e1e67c71ee78-IGH  *
601  C  176  12  *  *  *  *  *  0b554c25-5ca7-4079-b58b-e20ae470ea5f-IGH  *
564  C  139  10  *  *  *  *  *  1470a7de-6081-4d19-90b6-fe5832dffec5-IGH  *
565  C  140   9  *  *  *  *  *  2452b21c-70e7-4fb3-85d4-924a0b4e2237-IGH  *
596  C  171   9  *  *  *  *  *  02c0562a-e576-49fc-96f1-70a1edd380eb-IGH  *
606  C  181   9  *  *  *  *  *  18010b12-19b9-469d-a6ce-2254e4b4ce51-IGH  *
619  C  194   9  *  *  *  *  *  536035a2-1e7b-4aca-8eb6-d9a5cc70cbc3-IGH  *
597  C  172   7  *  *  *  *  *  0570d0c6-1d03-4b5a-907a-29a1dc3739d9-IGH  *
691  C  266   6  *  *  *  *  *  1d7508a5-25d1-422f-aa40-11279fe20c1e-IGH  *
690  C  265   4  *  *  *  *  *  1671d31e-9cec-401c-b347-b58224f4cf0f-IGH  *
700  C  275   4  *  *  *  *  *  97f329c4-45e5-4638-8abc-f87c575e0688-IGH  *
Clusters Ordened By clusters lenght: 
Empty DataFrame
Columns: [0, 1, 2, 3, 4, 5, 6, 7, 8, 9]
Index: []
Clusters Ordened By clusters lenght: 
   0  1  2  3  4  5  6  7                                         8  9
6  C  0  5  *  *  *  *  *  3ca9b8c8-d12e-432b-8d48-927f88f692cf-IGH  *
Clusters Ordened By clusters lenght: 
     0   1  2  3  4  5  6  7                                         8  9
109  C  42  4  *  *  *  *  *  7c5949e5-87aa-4180-8432-96ef5a17b341-IGH  *
Clusters Ordened By clusters lenght: 
Empty DataFrame
Columns: [0, 1, 2, 3, 4, 5, 6, 7, 8, 9]
Index: []
Clusters Ordened By clusters lenght: 
Empty DataFrame
Columns: [0, 1, 2, 3, 4, 5, 6, 7, 8, 9]
Index: []
Clusters Ordened By clusters lenght: 
    0  1  2  3  4  5  6  7                                         8  9
44  C  7  5  *  *  *  *  *  16c55a1b-6313-4748-b930-843c8cd049b4-IGH  *
Clusters Ordened By clusters lenght: 
Empty DataFrame
Columns: [0, 1, 2, 3, 4, 5, 6, 7, 8, 9]
Index: []
Clusters Ordened By clusters lenght: 
     0   1  2  3  4  5  6  7                                         8  9
161  C  18  8  *  *  *  *  *  214490d4-8cb5-4835-9949-c1467eca8905-IGH  *
221  C  78  5  *  *  *  *  *  1e2d53f8-f4a8-439b-a3ad-6834d60614c0-IGH  *
Clusters Ordened By clusters lenght: 
Empty DataFrame
Columns: [0, 1, 2, 3, 4, 5, 6, 7, 8, 9]
Index: []
Clusters Ordened By clusters lenght: 
Empty DataFrame
Columns: [0, 1, 2, 3, 4, 5, 6, 7, 8, 9]
Index: []
Clusters Ordened By clusters lenght: 
Empty DataFrame
Columns: [0, 1, 2, 3, 4, 5, 6, 7, 8, 9]
Index: []
Clusters Ordened By clusters lenght: 
   0  1  2  3  4  5  6  7                                         8  9
5  C  0  4  *  *  *  *  *  5f0eda3f-d7d1-4b0e-8a55-56bc5dff9e78-IGH  *
Clusters Ordened By clusters lenght: 
Empty DataFrame
Columns: [0, 1, 2, 3, 4, 5, 6, 7, 8, 9]
Index: []
Clusters Ordened By clusters lenght: 
    0   1   2  3  4  5  6  7                                         8  9
84  C  10  13  *  *  *  *  *  0cfbd814-471c-4f93-97e4-8f9a6ea5f5b4-IGH  *
96  C  22   5  *  *  *  *  *  15741014-3f0a-4d37-8620-9f485265fdc7-IGH  *
85  C  11   5  *  *  *  *  *  336649b2-6cec-4491-989d-3434db8f44ba-IGH  *
83  C   9   4  *  *  *  *  *  0a15e7b4-2a86-4518-9ad4-b5b9e9feeda2-IGH  *
92  C  18   4  *  *  *  *  *  abc41563-7723-433d-8bbb-8959012b73a3-IGH  *
Clusters Ordened By clusters lenght: 
   0  1  2  3  4  5  6  7                                         8  9
8  C  2  4  *  *  *  *  *  a66eed39-f482-4a61-92e0-8defcfafdc32-IGH  *
Clusters Ordened By clusters lenght: 
    0  1  2  3  4  5  6  7                                         8  9
26  C  4  6  *  *  *  *  *  0fbe5a5e-3714-4495-a836-79903500093d-IGH  *
Clusters Ordened By clusters lenght: 
Empty DataFrame
Columns: [0, 1, 2, 3, 4, 5, 6, 7, 8, 9]
Index: []
Clusters Ordened By clusters lenght: 
Empty DataFrame
Columns: [0, 1, 2, 3, 4, 5, 6, 7, 8, 9]
Index: []
Clusters Ordened By clusters lenght: 
      0    1   2  3  4  5  6  7                                         8  9
1583  C  431  68  *  *  *  *  *  061c18eb-371a-471d-9623-31481477ee1b-IGH  *
1643  C  491  56  *  *  *  *  *  0271f41a-6a9a-4431-9681-feec2b4922bf-IGH  *
1647  C  495  39  *  *  *  *  *  0aa8ee42-1f45-427a-b8d3-10b4c0eb028c-IGH  *
1590  C  438  26  *  *  *  *  *  1c38711c-01b4-4959-9d5b-ec6adc2e4d3c-IGH  *
1170  C   18  17  *  *  *  *  *  123f3bd4-a114-4ba3-9bf2-03cffee4d78b-IGH  *
1587  C  435  17  *  *  *  *  *  15d1f7e0-6b21-43e3-9c09-620d938f24ba-IGH  *
1666  C  514  16  *  *  *  *  *  287d6202-2868-4dcb-ab86-8862f48b3bad-IGH  *
1686  C  534  16  *  *  *  *  *  5dbc9d32-3801-451a-9361-00f5bedf6066-IGH  *
1584  C  432  15  *  *  *  *  *  0bc5833b-2200-4322-aea1-18f7e685b5fb-IGH  *
1653  C  501  14  *  *  *  *  *  113581bb-1bf5-41e1-bd83-669e127246c7-IGH  *
1204  C   52  12  *  *  *  *  *  1e8e775a-33e5-487c-8579-ff3cdd5881de-IGH  *
1185  C   33  10  *  *  *  *  *  1d4940fa-ab50-462b-ba92-25bfebaea189-IGH  *
1201  C   49   9  *  *  *  *  *  02d6a692-6fcf-4294-a1ce-181c8c66fed2-IGH  *
1503  C  351   9  *  *  *  *  *  09a966a9-0834-407a-92d9-b7a1523a4611-IGH  *
1538  C  386   8  *  *  *  *  *  4b1ec220-d9b0-4dd2-a637-0d5ebfacf46a-IGH  *
1663  C  511   8  *  *  *  *  *  205a75e2-83b9-4482-ba4c-eee0e12812f1-IGH  *
1445  C  293   7  *  *  *  *  *  47bceb59-0ec1-4ecd-a59d-755f2dc05780-IGH  *
1171  C   19   7  *  *  *  *  *  3a609104-08c7-4bc1-b424-a581a9d0e7a2-IGH  *
1650  C  498   7  *  *  *  *  *  0db2556d-46dd-4060-9144-dbb6208cb3b4-IGH  *
1369  C  217   7  *  *  *  *  *  2d67c71f-8a57-42dc-abdf-8c788b20cfcf-IGH  *
1542  C  390   6  *  *  *  *  *  54c6234b-5137-4017-84e6-40e7d8e24f32-IGH  *
1591  C  439   6  *  *  *  *  *  270b0252-4d81-46bb-898a-6a02d17a7a07-IGH  *
1224  C   72   6  *  *  *  *  *  09af5299-ab8c-42e3-9ab7-f9c6c442bb3e-IGH  *
1429  C  277   6  *  *  *  *  *  2449e6f0-8da7-4e7c-89de-1da5009e67e2-IGH  *
1588  C  436   6  *  *  *  *  *  177294e2-6b31-45e8-86cc-d8c22ed9c401-IGH  *
1522  C  370   6  *  *  *  *  *  2d59c4ef-75b1-4d4c-966e-a56c4c3395fb-IGH  *
1504  C  352   5  *  *  *  *  *  0a71b0e5-582a-4a4f-8ea1-60e99dfa02ff-IGH  *
1580  C  428   5  *  *  *  *  *  00afaadb-c6e4-4872-a318-6dc9d2087685-IGH  *
1505  C  353   5  *  *  *  *  *  0ab043c7-0f9a-4b75-b577-c6025412e254-IGH  *
1259  C  107   5  *  *  *  *  *  17df05b0-7315-4856-aa67-4c143081ac0c-IGH  *
1265  C  113   4  *  *  *  *  *  36671a88-656f-4284-a402-6920fbb39738-IGH  *
1252  C  100   4  *  *  *  *  *  0260d65a-2344-4960-a734-1bc71734acc7-IGH  *
1222  C   70   4  *  *  *  *  *  01a060ce-1754-4756-b72c-44a709b88777-IGH  *
1424  C  272   4  *  *  *  *  *  16c327d2-ee90-4c2a-be11-71ca42f0a2be-IGH  *
1417  C  265   4  *  *  *  *  *  0546b80f-a5ce-46c8-8e59-f25212254d7f-IGH  *
1367  C  215   4  *  *  *  *  *  2927271b-0381-42d9-a445-2161362c4313-IGH  *
1426  C  274   4  *  *  *  *  *  1df2f214-c4a5-42eb-a9a7-c441960c3fe6-IGH  *
1266  C  114   4  *  *  *  *  *  36dda1cc-c279-4e8d-8935-38e58274f731-IGH  *
1592  C  440   4  *  *  *  *  *  2bb87dad-26d2-4031-a819-083bff6d9c89-IGH  *
1656  C  504   4  *  *  *  *  *  14361026-090c-4fa7-99f5-87c42a115b40-IGH  *
1670  C  518   4  *  *  *  *  *  37d9b2ed-a10e-435d-a296-c0aa7827e526-IGH  *
1678  C  526   4  *  *  *  *  *  45c1ccda-4018-4b7f-8536-9f5af81d5f42-IGH  *
Clusters Ordened By clusters lenght: 
Empty DataFrame
Columns: [0, 1, 2, 3, 4, 5, 6, 7, 8, 9]
Index: []
Clusters Ordened By clusters lenght: 
     0   1  2  3  4  5  6  7                                         8  9
103  C  12  5  *  *  *  *  *  12ddd922-8666-4968-a0ba-858353e409ab-IGH  *
Clusters Ordened By clusters lenght: 
    0  1  2  3  4  5  6  7                                         8  9
12  C  0  9  *  *  *  *  *  95e7fb58-485a-4440-995a-0a6064c3944a-IGH  *
Clusters Ordened By clusters lenght: 
Empty DataFrame
Columns: [0, 1, 2, 3, 4, 5, 6, 7, 8, 9]
Index: []
Clusters Ordened By clusters lenght: 
     0    1  2  3  4  5  6  7                                         8  9
211  C   13  4  *  *  *  *  *  35f1aa6a-b9f5-4ebd-93c3-9b478319f9f9-IGH  *
216  C   18  4  *  *  *  *  *  614224b4-a87d-483f-9622-85fea8b99d44-IGH  *
301  C  103  4  *  *  *  *  *  425b35ff-b997-422b-becf-e7e109700e61-IGH  *
Clusters Ordened By clusters lenght: 
Empty DataFrame
Columns: [0, 1, 2, 3, 4, 5, 6, 7, 8, 9]
Index: []
Clusters Ordened By clusters lenght: 
Empty DataFrame
Columns: [0, 1, 2, 3, 4, 5, 6, 7, 8, 9]
Index: []
Clusters Ordened By clusters lenght: 
Empty DataFrame
Columns: [0, 1, 2, 3, 4, 5, 6, 7, 8, 9]
Index: []
Clusters Ordened By clusters lenght: 
Empty DataFrame
Columns: [0, 1, 2, 3, 4, 5, 6, 7, 8, 9]
Index: []
Clusters Ordened By clusters lenght: 
Empty DataFrame
Columns: [0, 1, 2, 3, 4, 5, 6, 7, 8, 9]
Index: []
Clusters Ordened By clusters lenght: 
     0   1  2  3  4  5  6  7                                         8  9
128  C  17  5  *  *  *  *  *  ba4080bc-c551-4a6c-941b-cca5eeca507d-IGH  *
Clusters Ordened By clusters lenght: 
    0  1  2  3  4  5  6  7                                         8  9
30  C  5  4  *  *  *  *  *  4bdc2d8d-d62f-4fb9-bcea-1c6aa017f5ca-IGH  *
Clusters Ordened By clusters lenght: 
Empty DataFrame
Columns: [0, 1, 2, 3, 4, 5, 6, 7, 8, 9]
Index: []
Clusters Ordened By clusters lenght: 
Empty DataFrame
Columns: [0, 1, 2, 3, 4, 5, 6, 7, 8, 9]
Index: []
Clusters Ordened By clusters lenght: 
Empty DataFrame
Columns: [0, 1, 2, 3, 4, 5, 6, 7, 8, 9]
Index: []
Clusters Ordened By clusters lenght: 
   0  1  2  3  4  5  6  7                                         8  9
9  C  0  5  *  *  *  *  *  152f9f2f-0b8c-41ae-971a-5ba28da881c2-IGH  *
Clusters Ordened By clusters lenght: 
Empty DataFrame
Columns: [0, 1, 2, 3, 4, 5, 6, 7, 8, 9]
Index: []
Clusters Ordened By clusters lenght: 
   0  1  2  3  4  5  6  7                                         8  9
8  C  1  6  *  *  *  *  *  543436fd-f528-4caa-9d8f-b5df0cc101b5-IGH  *
Clusters Ordened By clusters lenght: 
Empty DataFrame
Columns: [0, 1, 2, 3, 4, 5, 6, 7, 8, 9]
Index: []
Clusters Ordened By clusters lenght: 
    0   1  2  3  4  5  6  7                                         8  9
38  C  10  4  *  *  *  *  *  1c440f54-dc75-4a4b-8512-df5f8ac73f99-IGH  *
Clusters Ordened By clusters lenght: 
Empty DataFrame
Columns: [0, 1, 2, 3, 4, 5, 6, 7, 8, 9]
Index: []
Clusters Ordened By clusters lenght: 
    0   1   2  3  4  5  6  7                                         8  9
91  C  21  17  *  *  *  *  *  043576b0-8a7c-4996-90eb-a4ed11212c38-IGH  *
Clusters Ordened By clusters lenght: 
Empty DataFrame
Columns: [0, 1, 2, 3, 4, 5, 6, 7, 8, 9]
Index: []
Clusters Ordened By clusters lenght: 
     0   1   2  3  4  5  6  7                                         8  9
196  C  11  64  *  *  *  *  *  00781762-f11c-4dad-8e1e-c45fd2eb0e58-IGH  *
243  C  58  17  *  *  *  *  *  1cca33ea-f4ad-4228-bffb-14bda1e65c61-IGH  *
207  C  22   8  *  *  *  *  *  3fbc8692-1d9c-45c0-bd98-c0005142cef3-IGH  *
197  C  12   6  *  *  *  *  *  01314cfd-c46a-4f09-a807-149cade93692-IGH  *
185  C   0   6  *  *  *  *  *  202b7c4e-a158-4ce5-9d31-185fd90c87eb-IGH  *
205  C  20   6  *  *  *  *  *  3a0c4868-423d-4d2a-8bbb-0be023198fe4-IGH  *
202  C  17   6  *  *  *  *  *  1dac96e1-4ea1-45cf-8c5a-b323c9d406ed-IGH  *
Clusters Ordened By clusters lenght: 
Empty DataFrame
Columns: [0, 1, 2, 3, 4, 5, 6, 7, 8, 9]
Index: []
Clusters Ordened By clusters lenght: 
Empty DataFrame
Columns: [0, 1, 2, 3, 4, 5, 6, 7, 8, 9]
Index: []
Clusters Ordened By clusters lenght: 
Empty DataFrame
Columns: [0, 1, 2, 3, 4, 5, 6, 7, 8, 9]
Index: []
Clusters Ordened By clusters lenght: 
Empty DataFrame
Columns: [0, 1, 2, 3, 4, 5, 6, 7, 8, 9]
Index: []
Clusters Ordened By clusters lenght: 
Empty DataFrame
Columns: [0, 1, 2, 3, 4, 5, 6, 7, 8, 9]
Index: []
Clusters Ordened By clusters lenght: 
Empty DataFrame
Columns: [0, 1, 2, 3, 4, 5, 6, 7, 8, 9]
Index: []
Clusters Ordened By clusters lenght: 
Empty DataFrame
Columns: [0, 1, 2, 3, 4, 5, 6, 7, 8, 9]
Index: []
Clusters Ordened By clusters lenght: 
    0   1  2  3  4  5  6  7                                         8  9
44  C  12  4  *  *  *  *  *  1f1c51bf-aa4f-4c9f-ae2a-f215bead752b-IGH  *
Clusters Ordened By clusters lenght: 
    0  1  2  3  4  5  6  7                                         8  9
47  C  0  8  *  *  *  *  *  124713e1-4fb5-4f77-a006-bc2db45f2602-IGH  *
Clusters Ordened By clusters lenght: 
     0    1   2  3  4  5  6  7                                         8  9
344  C   37  24  *  *  *  *  *  052adf5b-fcf8-4318-add3-c58c832fb3ec-IGH  *
402  C   95   8  *  *  *  *  *  272a83bd-6e4a-4012-86e3-cf552c188dae-IGH  *
350  C   43   6  *  *  *  *  *  200e72ec-9f25-4cd1-9017-b359d7758221-IGH  *
349  C   42   4  *  *  *  *  *  18b2b7f0-7240-44a9-a68c-04c9b031bda7-IGH  *
425  C  118   4  *  *  *  *  *  6a699b34-6648-483a-9b65-a480eb5bdf8a-IGH  *
521  C  214   4  *  *  *  *  *  5a46226a-1702-4905-8121-5c8e5817571a-IGH  *
Clusters Ordened By clusters lenght: 
Empty DataFrame
Columns: [0, 1, 2, 3, 4, 5, 6, 7, 8, 9]
Index: []
Clusters Ordened By clusters lenght: 
Empty DataFrame
Columns: [0, 1, 2, 3, 4, 5, 6, 7, 8, 9]
Index: []
Clusters Ordened By clusters lenght: 
Empty DataFrame
Columns: [0, 1, 2, 3, 4, 5, 6, 7, 8, 9]
Index: []
Clusters Ordened By clusters lenght: 
    0   1  2  3  4  5  6  7                                         8  9
74  C  33  4  *  *  *  *  *  1e8f2f6f-d017-4707-bd66-44ad6f8cc3ab-IGH  *
Clusters Ordened By clusters lenght: 
Empty DataFrame
Columns: [0, 1, 2, 3, 4, 5, 6, 7, 8, 9]
Index: []
Clusters Ordened By clusters lenght: 
Empty DataFrame
Columns: [0, 1, 2, 3, 4, 5, 6, 7, 8, 9]
Index: []
Clusters Ordened By clusters lenght: 
    0   1   2  3  4  5  6  7                                         8  9
70  C  20  15  *  *  *  *  *  55342d7c-fd1c-4140-a97e-874d74f5207b-IGH  *
66  C  16   4  *  *  *  *  *  3013f2a9-4225-46cc-9c68-f30be6ebfa38-IGH  *
Clusters Ordened By clusters lenght: 
Empty DataFrame
Columns: [0, 1, 2, 3, 4, 5, 6, 7, 8, 9]
Index: []
Clusters Ordened By clusters lenght: 
Empty DataFrame
Columns: [0, 1, 2, 3, 4, 5, 6, 7, 8, 9]
Index: []
Clusters Ordened By clusters lenght: 
     0   1  2  3  4  5  6  7                                         8  9
151  C  28  9  *  *  *  *  *  2ad49d7f-bc74-4067-be53-bb65e6c14fc8-IGH  *
Clusters Ordened By clusters lenght: 
Empty DataFrame
Columns: [0, 1, 2, 3, 4, 5, 6, 7, 8, 9]
Index: []
Clusters Ordened By clusters lenght: 
    0  1   2  3  4  5  6  7                                         8  9
46  C  1  38  *  *  *  *  *  06245baa-a7ab-462c-a587-793a23074653-IGH  *
Clusters Ordened By clusters lenght: 
Empty DataFrame
Columns: [0, 1, 2, 3, 4, 5, 6, 7, 8, 9]
Index: []
Clusters Ordened By clusters lenght: 
Empty DataFrame
Columns: [0, 1, 2, 3, 4, 5, 6, 7, 8, 9]
Index: []
Clusters Ordened By clusters lenght: 
    0  1  2  3  4  5  6  7                                         8  9
75  C  0  7  *  *  *  *  *  1230b460-dddc-49f0-a002-fa61c91fc056-IGH  *
Clusters Ordened By clusters lenght: 
Empty DataFrame
Columns: [0, 1, 2, 3, 4, 5, 6, 7, 8, 9]
Index: []
Clusters Ordened By clusters lenght: 
    0  1   2  3  4  5  6  7                                         8  9
33  C  0  29  *  *  *  *  *  01b6169d-4693-4278-ae91-ca09060d6421-IGH  *
Clusters Ordened By clusters lenght: 
Empty DataFrame
Columns: [0, 1, 2, 3, 4, 5, 6, 7, 8, 9]
Index: []
Clusters Ordened By clusters lenght: 
Empty DataFrame
Columns: [0, 1, 2, 3, 4, 5, 6, 7, 8, 9]
Index: []
Clusters Ordened By clusters lenght: 
Empty DataFrame
Columns: [0, 1, 2, 3, 4, 5, 6, 7, 8, 9]
Index: []
Clusters Ordened By clusters lenght: 
Empty DataFrame
Columns: [0, 1, 2, 3, 4, 5, 6, 7, 8, 9]
Index: []
Clusters Ordened By clusters lenght: 
Empty DataFrame
Columns: [0, 1, 2, 3, 4, 5, 6, 7, 8, 9]
Index: []
Clusters Ordened By clusters lenght: 
    0  1  2  3  4  5  6  7                                         8  9
32  C  0  4  *  *  *  *  *  3a2f5bd8-7e59-47a1-a57b-d12f66cfb477-IGH  *
Clusters Ordened By clusters lenght: 
Empty DataFrame
Columns: [0, 1, 2, 3, 4, 5, 6, 7, 8, 9]
Index: []
Clusters Ordened By clusters lenght: 
Empty DataFrame
Columns: [0, 1, 2, 3, 4, 5, 6, 7, 8, 9]
Index: []
Clusters Ordened By clusters lenght: 
Empty DataFrame
Columns: [0, 1, 2, 3, 4, 5, 6, 7, 8, 9]
Index: []
Clusters Ordened By clusters lenght: 
Empty DataFrame
Columns: [0, 1, 2, 3, 4, 5, 6, 7, 8, 9]
Index: []
Clusters Ordened By clusters lenght: 
Empty DataFrame
Columns: [0, 1, 2, 3, 4, 5, 6, 7, 8, 9]
Index: []
Clusters Ordened By clusters lenght: 
Empty DataFrame
Columns: [0, 1, 2, 3, 4, 5, 6, 7, 8, 9]
Index: []
Clusters Ordened By clusters lenght: 
Empty DataFrame
Columns: [0, 1, 2, 3, 4, 5, 6, 7, 8, 9]
Index: []
Clusters Ordened By clusters lenght: 
    0  1  2  3  4  5  6  7                                         8  9
36  C  8  5  *  *  *  *  *  2f833b61-606a-4e9e-8b40-866eeda01c74-IGH  *
Clusters Ordened By clusters lenght: 
Empty DataFrame
Columns: [0, 1, 2, 3, 4, 5, 6, 7, 8, 9]
Index: []
Clusters Ordened By clusters lenght: 
Empty DataFrame
Columns: [0, 1, 2, 3, 4, 5, 6, 7, 8, 9]
Index: []
Clusters Ordened By clusters lenght: 
Empty DataFrame
Columns: [0, 1, 2, 3, 4, 5, 6, 7, 8, 9]
Index: []
Clusters Ordened By clusters lenght: 
Empty DataFrame
Columns: [0, 1, 2, 3, 4, 5, 6, 7, 8, 9]
Index: []
Clusters Ordened By clusters lenght: 
     0   1  2  3  4  5  6  7                                         8  9
173  C  33  8  *  *  *  *  *  0a46e18a-1794-448a-b172-cfb3227208d7-IGH  *
142  C   2  5  *  *  *  *  *  010c784a-a12e-4c7e-940d-b1d6b5dfc9f2-IGH  *
205  C  65  4  *  *  *  *  *  8e5fdf90-82bf-4ec5-a617-25252841f7e6-IGH  *
Clusters Ordened By clusters lenght: 
    0  1   2  3  4  5  6  7                                         8  9
43  C  0  18  *  *  *  *  *  03c906e0-e8ee-4d77-b97a-e1411b6eb279-IGH  *
47  C  4   4  *  *  *  *  *  6a114a87-bfb3-4751-a355-5ae04df3a6e0-IGH  *
Clusters Ordened By clusters lenght: 
    0   1  2  3  4  5  6  7                                         8  9
40  C  17  4  *  *  *  *  *  2425a504-41d6-48fd-a3e5-6b8ef6021e1e-IGH  *
Clusters Ordened By clusters lenght: 
Empty DataFrame
Columns: [0, 1, 2, 3, 4, 5, 6, 7, 8, 9]
Index: []
Clusters Ordened By clusters lenght: 
Empty DataFrame
Columns: [0, 1, 2, 3, 4, 5, 6, 7, 8, 9]
Index: []
Clusters Ordened By clusters lenght: 
    0  1   2  3  4  5  6  7                                         8  9
58  C  3  30  *  *  *  *  *  01611730-cffd-4b43-ad0f-3e0181b5a1bb-IGH  *
59  C  4  13  *  *  *  *  *  0b13652b-0b48-4175-83a0-1efd074f40c0-IGH  *
60  C  5   4  *  *  *  *  *  2e160940-f0dd-40fb-a256-86ae54825acc-IGH  *
Clusters Ordened By clusters lenght: 
Empty DataFrame
Columns: [0, 1, 2, 3, 4, 5, 6, 7, 8, 9]
Index: []
Clusters Ordened By clusters lenght: 
Empty DataFrame
Columns: [0, 1, 2, 3, 4, 5, 6, 7, 8, 9]
Index: []
Clusters Ordened By clusters lenght: 
Empty DataFrame
Columns: [0, 1, 2, 3, 4, 5, 6, 7, 8, 9]
Index: []
Clusters Ordened By clusters lenght: 
    0  1  2  3  4  5  6  7                                         8  9
39  C  7  8  *  *  *  *  *  112a7b62-294b-4d5e-95db-6d7d0ba94da0-IGH  *
Clusters Ordened By clusters lenght: 
    0  1   2  3  4  5  6  7                                         8  9
12  C  1  10  *  *  *  *  *  0f9824c4-be7b-43e6-bf56-99ce8c719743-IGH  *
Clusters Ordened By clusters lenght: 
    0   1   2  3  4  5  6  7                                         8  9
60  C  13  11  *  *  *  *  *  13718df7-2ff2-4a27-9f87-74b2099c785a-IGH  *
Clusters Ordened By clusters lenght: 
Empty DataFrame
Columns: [0, 1, 2, 3, 4, 5, 6, 7, 8, 9]
Index: []
Clusters Ordened By clusters lenght: 
Empty DataFrame
Columns: [0, 1, 2, 3, 4, 5, 6, 7, 8, 9]
Index: []
Clusters Ordened By clusters lenght: 
   0  1  2  3  4  5  6  7                                         8  9
6  C  0  6  *  *  *  *  *  2405be6c-00ed-4f43-b65c-8717a0ced519-IGH  *
Clusters Ordened By clusters lenght: 
Empty DataFrame
Columns: [0, 1, 2, 3, 4, 5, 6, 7, 8, 9]
Index: []
Clusters Ordened By clusters lenght: 
Empty DataFrame
Columns: [0, 1, 2, 3, 4, 5, 6, 7, 8, 9]
Index: []
Clusters Ordened By clusters lenght: 
Empty DataFrame
Columns: [0, 1, 2, 3, 4, 5, 6, 7, 8, 9]
Index: []
Clusters Ordened By clusters lenght: 
Empty DataFrame
Columns: [0, 1, 2, 3, 4, 5, 6, 7, 8, 9]
Index: []
Clusters Ordened By clusters lenght: 
Empty DataFrame
Columns: [0, 1, 2, 3, 4, 5, 6, 7, 8, 9]
Index: []
Clusters Ordened By clusters lenght: 
Empty DataFrame
Columns: [0, 1, 2, 3, 4, 5, 6, 7, 8, 9]
Index: []
Clusters Ordened By clusters lenght: 
Empty DataFrame
Columns: [0, 1, 2, 3, 4, 5, 6, 7, 8, 9]
Index: []
Clusters Ordened By clusters lenght: 
Empty DataFrame
Columns: [0, 1, 2, 3, 4, 5, 6, 7, 8, 9]
Index: []
Clusters Ordened By clusters lenght: 
     0   1   2  3  4  5  6  7                                         8  9
120  C  33  33  *  *  *  *  *  0400ef0e-6594-47c4-b2a4-811e7d9288a8-IGH  *
87   C   0   5  *  *  *  *  *  04b1d635-ffc0-41b5-ad5a-7838c7364351-IGH  *
Clusters Ordened By clusters lenght: 
Empty DataFrame
Columns: [0, 1, 2, 3, 4, 5, 6, 7, 8, 9]
Index: []
Clusters Ordened By clusters lenght: 
Empty DataFrame
Columns: [0, 1, 2, 3, 4, 5, 6, 7, 8, 9]
Index: []
Clusters Ordened By clusters lenght: 
Empty DataFrame
Columns: [0, 1, 2, 3, 4, 5, 6, 7, 8, 9]
Index: []
Clusters Ordened By clusters lenght: 
Empty DataFrame
Columns: [0, 1, 2, 3, 4, 5, 6, 7, 8, 9]
Index: []
Clusters Ordened By clusters lenght: 
Empty DataFrame
Columns: [0, 1, 2, 3, 4, 5, 6, 7, 8, 9]
Index: []
Clusters Ordened By clusters lenght: 
Empty DataFrame
Columns: [0, 1, 2, 3, 4, 5, 6, 7, 8, 9]
Index: []
Clusters Ordened By clusters lenght: 
Empty DataFrame
Columns: [0, 1, 2, 3, 4, 5, 6, 7, 8, 9]
Index: []
Clusters Ordened By clusters lenght: 
     0    1  2  3  4  5  6  7                                         8  9
284  C  127  7  *  *  *  *  *  31549d11-e45e-460d-b623-2f7cda142980-IGH  *
191  C   34  6  *  *  *  *  *  0ed7e08a-7481-4f6b-a7c5-fda072105e90-IGH  *
234  C   77  5  *  *  *  *  *  3afa13d6-e47f-4f16-9e0a-5162f1000a19-IGH  *
Clusters Ordened By clusters lenght: 
     0   1  2  3  4  5  6  7                                         8  9
126  C  13  6  *  *  *  *  *  4a2da2a0-e659-48f2-93d2-a69e14c49365-IGH  *
174  C  61  6  *  *  *  *  *  969fdb3d-8fce-4665-b38c-2f882a74df66-IGH  *
118  C   5  5  *  *  *  *  *  0744db63-097b-4835-b249-e315bc45fead-IGH  *
144  C  31  4  *  *  *  *  *  6b1c00f9-7448-4bb7-8eeb-d61216b34892-IGH  *
Clusters Ordened By clusters lenght: 
    0   1   2  3  4  5  6  7                                         8  9
54  C   1  20  *  *  *  *  *  109090d0-759b-4088-bec1-9dd6a27ba563-IGH  *
57  C   4   7  *  *  *  *  *  b2bad9b9-5f20-4986-8e05-a2abdf3165d7-IGH  *
55  C   2   5  *  *  *  *  *  372973bb-155b-426a-a31c-12dc803d348a-IGH  *
68  C  15   4  *  *  *  *  *  6f534a53-9bc5-4b7f-b159-7e2d42da74a6-IGH  *
Clusters Ordened By clusters lenght: 
    0  1  2  3  4  5  6  7                                         8  9
49  C  0  5  *  *  *  *  *  1ab844d0-6bed-4fdb-840a-47a5724700bc-IGH  *
57  C  8  4  *  *  *  *  *  3a82c7f1-6352-43e4-820e-2d593f983dfb-IGH  *
Clusters Ordened By clusters lenght: 
Empty DataFrame
Columns: [0, 1, 2, 3, 4, 5, 6, 7, 8, 9]
Index: []
Clusters Ordened By clusters lenght: 
Empty DataFrame
Columns: [0, 1, 2, 3, 4, 5, 6, 7, 8, 9]
Index: []
Clusters Ordened By clusters lenght: 
Empty DataFrame
Columns: [0, 1, 2, 3, 4, 5, 6, 7, 8, 9]
Index: []
Clusters Ordened By clusters lenght: 
Empty DataFrame
Columns: [0, 1, 2, 3, 4, 5, 6, 7, 8, 9]
Index: []
Clusters Ordened By clusters lenght: 
Empty DataFrame
Columns: [0, 1, 2, 3, 4, 5, 6, 7, 8, 9]
Index: []
Clusters Ordened By clusters lenght: 
Empty DataFrame
Columns: [0, 1, 2, 3, 4, 5, 6, 7, 8, 9]
Index: []
Clusters Ordened By clusters lenght: 
Empty DataFrame
Columns: [0, 1, 2, 3, 4, 5, 6, 7, 8, 9]
Index: []
Clusters Ordened By clusters lenght: 
Empty DataFrame
Columns: [0, 1, 2, 3, 4, 5, 6, 7, 8, 9]
Index: []
Clusters Ordened By clusters lenght: 
Empty DataFrame
Columns: [0, 1, 2, 3, 4, 5, 6, 7, 8, 9]
Index: []
Clusters Ordened By clusters lenght: 
Empty DataFrame
Columns: [0, 1, 2, 3, 4, 5, 6, 7, 8, 9]
Index: []
Clusters Ordened By clusters lenght: 
Empty DataFrame
Columns: [0, 1, 2, 3, 4, 5, 6, 7, 8, 9]
Index: []
Clusters Ordened By clusters lenght: 
    0  1  2  3  4  5  6  7                                         8  9
78  C  0  4  *  *  *  *  *  79cc02ea-58d6-4cd6-a6a2-cd087f01bb21-IGH  *
Clusters Ordened By clusters lenght: 
     0   1  2  3  4  5  6  7                                         8  9
299  C  98  8  *  *  *  *  *  153c1184-159f-4a77-8c50-aeb6c3d4c1d5-IGH  *
Clusters Ordened By clusters lenght: 
Empty DataFrame
Columns: [0, 1, 2, 3, 4, 5, 6, 7, 8, 9]
Index: []
Clusters Ordened By clusters lenght: 
    0  1  2  3  4  5  6  7                                         8  9
20  C  0  9  *  *  *  *  *  03e7fea3-3858-4e4c-a071-d0c3f14442ed-IGH  *
Clusters Ordened By clusters lenght: 
    0  1   2  3  4  5  6  7                                         8  9
18  C  3  10  *  *  *  *  *  4ee5cca9-7645-471d-a548-066bc7b7d4e5-IGH  *
Clusters Ordened By clusters lenght: 
Empty DataFrame
Columns: [0, 1, 2, 3, 4, 5, 6, 7, 8, 9]
Index: []
Clusters Ordened By clusters lenght: 
Empty DataFrame
Columns: [0, 1, 2, 3, 4, 5, 6, 7, 8, 9]
Index: []
Clusters Ordened By clusters lenght: 
Empty DataFrame
Columns: [0, 1, 2, 3, 4, 5, 6, 7, 8, 9]
Index: []
Clusters Ordened By clusters lenght: 
Empty DataFrame
Columns: [0, 1, 2, 3, 4, 5, 6, 7, 8, 9]
Index: []
Clusters Ordened By clusters lenght: 
Empty DataFrame
Columns: [0, 1, 2, 3, 4, 5, 6, 7, 8, 9]
Index: []
Clusters Ordened By clusters lenght: 
Empty DataFrame
Columns: [0, 1, 2, 3, 4, 5, 6, 7, 8, 9]
Index: []
Clusters Ordened By clusters lenght: 
Empty DataFrame
Columns: [0, 1, 2, 3, 4, 5, 6, 7, 8, 9]
Index: []
Clusters Ordened By clusters lenght: 
Empty DataFrame
Columns: [0, 1, 2, 3, 4, 5, 6, 7, 8, 9]
Index: []
Clusters Ordened By clusters lenght: 
Empty DataFrame
Columns: [0, 1, 2, 3, 4, 5, 6, 7, 8, 9]
Index: []
Clusters Ordened By clusters lenght: 
Empty DataFrame
Columns: [0, 1, 2, 3, 4, 5, 6, 7, 8, 9]
Index: []
Clusters Ordened By clusters lenght: 
Empty DataFrame
Columns: [0, 1, 2, 3, 4, 5, 6, 7, 8, 9]
Index: []
Clusters Ordened By clusters lenght: 
Empty DataFrame
Columns: [0, 1, 2, 3, 4, 5, 6, 7, 8, 9]
Index: []
Clusters Ordened By clusters lenght: 
Empty DataFrame
Columns: [0, 1, 2, 3, 4, 5, 6, 7, 8, 9]
Index: []
Clusters Ordened By clusters lenght: 
Empty DataFrame
Columns: [0, 1, 2, 3, 4, 5, 6, 7, 8, 9]
Index: []
Clusters Ordened By clusters lenght: 
Empty DataFrame
Columns: [0, 1, 2, 3, 4, 5, 6, 7, 8, 9]
Index: []
Clusters Ordened By clusters lenght: 
Empty DataFrame
Columns: [0, 1, 2, 3, 4, 5, 6, 7, 8, 9]
Index: []
Clusters Ordened By clusters lenght: 
Empty DataFrame
Columns: [0, 1, 2, 3, 4, 5, 6, 7, 8, 9]
Index: []
Clusters Ordened By clusters lenght: 
Empty DataFrame
Columns: [0, 1, 2, 3, 4, 5, 6, 7, 8, 9]
Index: []
Clusters Ordened By clusters lenght: 
Empty DataFrame
Columns: [0, 1, 2, 3, 4, 5, 6, 7, 8, 9]
Index: []
Clusters Ordened By clusters lenght: 
     0  1    2  3  4  5  6  7                                         8  9
354  C  1  108  *  *  *  *  *  00602c62-06a0-4964-90bc-de00376680a5-IGH  *
357  C  4   68  *  *  *  *  *  115a83f7-262f-47d5-b835-e77878dd4f6e-IGH  *
353  C  0   58  *  *  *  *  *  00016e07-9051-4eda-9fea-82d043f30a29-IGH  *
355  C  2   49  *  *  *  *  *  00e9bee2-614c-4d1e-8362-8312764d6eef-IGH  *
360  C  7   19  *  *  *  *  *  301e6a5e-5696-4663-9ce6-7ff9b18c685e-IGH  *
358  C  5   18  *  *  *  *  *  1a00615f-0f49-44aa-821c-09a80e32d639-IGH  *
359  C  6   12  *  *  *  *  *  1df6028c-f1ad-4cfb-8326-49640c316d5f-IGH  *
356  C  3    7  *  *  *  *  *  01b9a032-4b43-4c67-8fc9-4b3b8974a9cf-IGH  *
362  C  9    6  *  *  *  *  *  4493a1cc-24e6-484d-b094-eb7880b63b7d-IGH  *
Clusters Ordened By clusters lenght: 
Empty DataFrame
Columns: [0, 1, 2, 3, 4, 5, 6, 7, 8, 9]
Index: []
Clusters Ordened By clusters lenght: 
Empty DataFrame
Columns: [0, 1, 2, 3, 4, 5, 6, 7, 8, 9]
Index: []
Clusters Ordened By clusters lenght: 
Empty DataFrame
Columns: [0, 1, 2, 3, 4, 5, 6, 7, 8, 9]
Index: []
Clusters Ordened By clusters lenght: 
Empty DataFrame
Columns: [0, 1, 2, 3, 4, 5, 6, 7, 8, 9]
Index: []
Clusters Ordened By clusters lenght: 
Empty DataFrame
Columns: [0, 1, 2, 3, 4, 5, 6, 7, 8, 9]
Index: []
Clusters Ordened By clusters lenght: 
Empty DataFrame
Columns: [0, 1, 2, 3, 4, 5, 6, 7, 8, 9]
Index: []
Clusters Ordened By clusters lenght: 
Empty DataFrame
Columns: [0, 1, 2, 3, 4, 5, 6, 7, 8, 9]
Index: []
Clusters Ordened By clusters lenght: 
Empty DataFrame
Columns: [0, 1, 2, 3, 4, 5, 6, 7, 8, 9]
Index: []
Clusters Ordened By clusters lenght: 
Empty DataFrame
Columns: [0, 1, 2, 3, 4, 5, 6, 7, 8, 9]
Index: []
Clusters Ordened By clusters lenght: 
Empty DataFrame
Columns: [0, 1, 2, 3, 4, 5, 6, 7, 8, 9]
Index: []
Clusters Ordened By clusters lenght: 
    0  1  2  3  4  5  6  7                                         8  9
42  C  4  5  *  *  *  *  *  28fd454c-75a0-443d-ace4-04b3abae6460-IGH  *
Clusters Ordened By clusters lenght: 
    0  1   2  3  4  5  6  7                                         8  9
27  C  0  21  *  *  *  *  *  27eb02f5-ebbb-422c-a579-2a62e5ab7d27-IGH  *
Clusters Ordened By clusters lenght: 
    0   1  2  3  4  5  6  7                                         8  9
96  C  25  4  *  *  *  *  *  6392e045-1502-4c7d-849f-bf7256b2a008-IGH  *
Clusters Ordened By clusters lenght: 
Empty DataFrame
Columns: [0, 1, 2, 3, 4, 5, 6, 7, 8, 9]
Index: []
Clusters Ordened By clusters lenght: 
Empty DataFrame
Columns: [0, 1, 2, 3, 4, 5, 6, 7, 8, 9]
Index: []
Clusters Ordened By clusters lenght: 
    0  1   2  3  4  5  6  7                                         8  9
55  C  8  22  *  *  *  *  *  23d22dd2-0f50-4343-91a9-53cae7f738b8-IGH  *
Clusters Ordened By clusters lenght: 
Empty DataFrame
Columns: [0, 1, 2, 3, 4, 5, 6, 7, 8, 9]
Index: []
Clusters Ordened By clusters lenght: 
Empty DataFrame
Columns: [0, 1, 2, 3, 4, 5, 6, 7, 8, 9]
Index: []
Clusters Ordened By clusters lenght: 
Empty DataFrame
Columns: [0, 1, 2, 3, 4, 5, 6, 7, 8, 9]
Index: []
Clusters Ordened By clusters lenght: 
    0  1   2  3  4  5  6  7                                         8  9
42  C  3  35  *  *  *  *  *  0a39eead-2bb0-4e7f-8b61-abe357433cac-IGH  *
Clusters Ordened By clusters lenght: 
Empty DataFrame
Columns: [0, 1, 2, 3, 4, 5, 6, 7, 8, 9]
Index: []
Clusters Ordened By clusters lenght: 
Empty DataFrame
Columns: [0, 1, 2, 3, 4, 5, 6, 7, 8, 9]
Index: []
Clusters Ordened By clusters lenght: 
Empty DataFrame
Columns: [0, 1, 2, 3, 4, 5, 6, 7, 8, 9]
Index: []
Clusters Ordened By clusters lenght: 
Empty DataFrame
Columns: [0, 1, 2, 3, 4, 5, 6, 7, 8, 9]
Index: []
Clusters Ordened By clusters lenght: 
Empty DataFrame
Columns: [0, 1, 2, 3, 4, 5, 6, 7, 8, 9]
Index: []
Clusters Ordened By clusters lenght: 
Empty DataFrame
Columns: [0, 1, 2, 3, 4, 5, 6, 7, 8, 9]
Index: []
Clusters Ordened By clusters lenght: 
     0   1   2  3  4  5  6  7                                         8  9
106  C  17  63  *  *  *  *  *  01a7ffd4-51b1-4472-ac3e-78341a50a1e9-IGH  *
Clusters Ordened By clusters lenght: 
   0  1  2  3  4  5  6  7                                         8  9
7  C  1  5  *  *  *  *  *  6a5acb5b-a3ba-4f86-a321-809a619d4155-IGH  *
Clusters Ordened By clusters lenght: 
Empty DataFrame
Columns: [0, 1, 2, 3, 4, 5, 6, 7, 8, 9]
Index: []
Clusters Ordened By clusters lenght: 
    0  1  2  3  4  5  6  7                                         8  9
13  C  1  7  *  *  *  *  *  0c7378b1-70d3-4f15-ba2c-717c18259aef-IGH  *
Clusters Ordened By clusters lenght: 
    0   1  2  3  4  5  6  7                                         8  9
93  C  38  7  *  *  *  *  *  01a24244-cd5f-472a-983e-47fb4ec8abf0-IGH  *
Clusters Ordened By clusters lenght: 
Empty DataFrame
Columns: [0, 1, 2, 3, 4, 5, 6, 7, 8, 9]
Index: []
Clusters Ordened By clusters lenght: 
Empty DataFrame
Columns: [0, 1, 2, 3, 4, 5, 6, 7, 8, 9]
Index: []
Clusters Ordened By clusters lenght: 
   0  1  2  3  4  5  6  7                                         8  9
6  C  0  6  *  *  *  *  *  17afea36-ec2c-49fd-9db8-625a51320dee-IGH  *
Clusters Ordened By clusters lenght: 
Empty DataFrame
Columns: [0, 1, 2, 3, 4, 5, 6, 7, 8, 9]
Index: []
Clusters Ordened By clusters lenght: 
Empty DataFrame
Columns: [0, 1, 2, 3, 4, 5, 6, 7, 8, 9]
Index: []
Clusters Ordened By clusters lenght: 
     0   1  2  3  4  5  6  7                                         8  9
455  C  61  6  *  *  *  *  *  0db3db06-e7e4-4d66-9006-c8fc67a17911-IGH  *
Clusters Ordened By clusters lenght: 
     0   1  2  3  4  5  6  7                                         8  9
229  C  83  4  *  *  *  *  *  078dc94a-07aa-492a-81c4-f56dbc5c04e3-IGH  *
Clusters Ordened By clusters lenght: 
     0    1  2  3  4  5  6  7                                         8  9
189  C   51  8  *  *  *  *  *  1963ca94-fd80-4fb9-a69e-ce4819486281-IGH  *
145  C    7  5  *  *  *  *  *  49028a05-5e83-4b55-9dd7-1e12e698efea-IGH  *
192  C   54  4  *  *  *  *  *  327e7f1f-7d45-4d84-9b1b-e74cec9e4285-IGH  *
239  C  101  4  *  *  *  *  *  083f3e2a-da4c-4c31-9d22-1c3788f32c86-IGH  *
Clusters Ordened By clusters lenght: 
Empty DataFrame
Columns: [0, 1, 2, 3, 4, 5, 6, 7, 8, 9]
Index: []
Clusters Ordened By clusters lenght: 
Empty DataFrame
Columns: [0, 1, 2, 3, 4, 5, 6, 7, 8, 9]
Index: []
Clusters Ordened By clusters lenght: 
Empty DataFrame
Columns: [0, 1, 2, 3, 4, 5, 6, 7, 8, 9]
Index: []
Clusters Ordened By clusters lenght: 
Empty DataFrame
Columns: [0, 1, 2, 3, 4, 5, 6, 7, 8, 9]
Index: []
Clusters Ordened By clusters lenght: 
Empty DataFrame
Columns: [0, 1, 2, 3, 4, 5, 6, 7, 8, 9]
Index: []
Clusters Ordened By clusters lenght: 
Empty DataFrame
Columns: [0, 1, 2, 3, 4, 5, 6, 7, 8, 9]
Index: []
Clusters Ordened By clusters lenght: 
    0  1  2  3  4  5  6  7                                         8  9
43  C  7  5  *  *  *  *  *  650baeb6-56a5-41cd-a5ca-ded9eb604263-IGH  *
Clusters Ordened By clusters lenght: 
Empty DataFrame
Columns: [0, 1, 2, 3, 4, 5, 6, 7, 8, 9]
Index: []
Clusters Ordened By clusters lenght: 
    0  1   2  3  4  5  6  7                                         8  9
23  C  4  10  *  *  *  *  *  30587009-32fe-4395-9a44-92ea78b7e9e5-IGH  *
Clusters Ordened By clusters lenght: 
Empty DataFrame
Columns: [0, 1, 2, 3, 4, 5, 6, 7, 8, 9]
Index: []
Clusters Ordened By clusters lenght: 
Empty DataFrame
Columns: [0, 1, 2, 3, 4, 5, 6, 7, 8, 9]
Index: []
Clusters Ordened By clusters lenght: 
Empty DataFrame
Columns: [0, 1, 2, 3, 4, 5, 6, 7, 8, 9]
Index: []
Clusters Ordened By clusters lenght: 
    0  1  2  3  4  5  6  7                                         8  9
12  C  0  5  *  *  *  *  *  15430de2-10cd-4f21-921e-7e394620eeeb-IGH  *
Clusters Ordened By clusters lenght: 
Empty DataFrame
Columns: [0, 1, 2, 3, 4, 5, 6, 7, 8, 9]
Index: []
Clusters Ordened By clusters lenght: 
Empty DataFrame
Columns: [0, 1, 2, 3, 4, 5, 6, 7, 8, 9]
Index: []
Clusters Ordened By clusters lenght: 
Empty DataFrame
Columns: [0, 1, 2, 3, 4, 5, 6, 7, 8, 9]
Index: []
Clusters Ordened By clusters lenght: 
Empty DataFrame
Columns: [0, 1, 2, 3, 4, 5, 6, 7, 8, 9]
Index: []
Clusters Ordened By clusters lenght: 
Empty DataFrame
Columns: [0, 1, 2, 3, 4, 5, 6, 7, 8, 9]
Index: []
Clusters Ordened By clusters lenght: 
Empty DataFrame
Columns: [0, 1, 2, 3, 4, 5, 6, 7, 8, 9]
Index: []
Clusters Ordened By clusters lenght: 
     0   1   2  3  4  5  6  7                                         8  9
219  C  10  54  *  *  *  *  *  034931bb-e434-4f4f-b9ca-5be133c2e1f5-IGH  *
220  C  11  10  *  *  *  *  *  200f56f2-a6d3-4cd1-a6e0-a996639ac754-IGH  *
223  C  14   7  *  *  *  *  *  6a2219ee-b59b-4801-b031-b10966020b50-IGH  *
262  C  53   4  *  *  *  *  *  05310e37-298b-4c5b-9df5-ad39ab52d5eb-IGH  *
Clusters Ordened By clusters lenght: 
    0  1  2  3  4  5  6  7                                         8  9
18  C  1  4  *  *  *  *  *  6c10ac89-8d25-4df7-ac04-1c2dcb464cc2-IGH  *
Clusters Ordened By clusters lenght: 
Empty DataFrame
Columns: [0, 1, 2, 3, 4, 5, 6, 7, 8, 9]
Index: []
Clusters Ordened By clusters lenght: 
     0  1    2  3  4  5  6  7                                         8  9
156  C  6  117  *  *  *  *  *  00509442-5f40-4e0d-86f4-d10b46e8df15-IGH  *
157  C  7    4  *  *  *  *  *  2945af97-9d9f-45ed-935b-06576685bbea-IGH  *
Clusters Ordened By clusters lenght: 
Empty DataFrame
Columns: [0, 1, 2, 3, 4, 5, 6, 7, 8, 9]
Index: []
Clusters Ordened By clusters lenght: 
     0   1  2  3  4  5  6  7                                         8  9
265  C  97  6  *  *  *  *  *  6a907a67-afc3-405f-9ff1-2929566071dc-IGH  *
263  C  95  5  *  *  *  *  *  19feb9b6-f392-466e-8f23-2e3998dc4d67-IGH  *
Clusters Ordened By clusters lenght: 
     0   1  2  3  4  5  6  7                                         8  9
294  C  17  6  *  *  *  *  *  06652ae2-336f-4d67-af62-b7d4147078f1-IGH  *
Clusters Ordened By clusters lenght: 
      0    1  2  3  4  5  6  7                                         8  9
1280  C  552  8  *  *  *  *  *  3efd5942-2445-47a3-9c36-917f9353e455-IGH  *
943   C  215  7  *  *  *  *  *  1e313c83-aff8-4f33-ab0a-5c63d68c11c3-IGH  *
944   C  216  7  *  *  *  *  *  1f638e69-890f-4b35-9021-6691c7b828a1-IGH  *
1223  C  495  7  *  *  *  *  *  2fe5830c-b4dc-4a65-81cb-32df46309a64-IGH  *
1148  C  420  7  *  *  *  *  *  1ce93c5a-3e80-4b98-ad99-a5b4cbe78c34-IGH  *
844   C  116  6  *  *  *  *  *  02822caa-06b9-4ccb-8331-fb0c3ac91245-IGH  *
858   C  130  6  *  *  *  *  *  362b02c7-c65b-4161-808a-4d2d0495810c-IGH  *
792   C   64  5  *  *  *  *  *  39569743-d8c5-4c72-b613-dc5176bdb050-IGH  *
846   C  118  5  *  *  *  *  *  07eace37-3d8f-44ec-bed0-eea99c37a056-IGH  *
901   C  173  4  *  *  *  *  *  3c1df805-887d-4f27-8e70-4858bfcb4279-IGH  *
743   C   15  4  *  *  *  *  *  03459421-e734-4969-b248-56a150d75705-IGH  *
899   C  171  4  *  *  *  *  *  39a9a435-3009-461b-b7bf-1117c34dbcd0-IGH  *
1049  C  321  4  *  *  *  *  *  adf3fc38-1d9f-418a-8ce4-b852b19b80ba-IGH  *
1043  C  315  4  *  *  *  *  *  a390806e-8ee3-4f4c-a99e-6ffbd3b7f65f-IGH  *
1156  C  428  4  *  *  *  *  *  34bd5fb3-61bb-4bda-b76a-9095a29c7209-IGH  *
1273  C  545  4  *  *  *  *  *  1ee85427-99e2-418e-a987-e89ca0913037-IGH  *
Clusters Ordened By clusters lenght: 
Empty DataFrame
Columns: [0, 1, 2, 3, 4, 5, 6, 7, 8, 9]
Index: []
Clusters Ordened By clusters lenght: 
     0   1  2  3  4  5  6  7                                         8  9
124  C  54  4  *  *  *  *  *  2693e2bc-0c0f-4d9c-952a-1ace05820683-IGH  *
Clusters Ordened By clusters lenght: 
    0  1   2  3  4  5  6  7                                         8  9
43  C  6  13  *  *  *  *  *  24676f4b-1ca0-4d2c-8890-25293cb2240a-IGH  *
Clusters Ordened By clusters lenght: 
Empty DataFrame
Columns: [0, 1, 2, 3, 4, 5, 6, 7, 8, 9]
Index: []
Clusters Ordened By clusters lenght: 
Empty DataFrame
Columns: [0, 1, 2, 3, 4, 5, 6, 7, 8, 9]
Index: []
Clusters Ordened By clusters lenght: 
Empty DataFrame
Columns: [0, 1, 2, 3, 4, 5, 6, 7, 8, 9]
Index: []
Clusters Ordened By clusters lenght: 
Empty DataFrame
Columns: [0, 1, 2, 3, 4, 5, 6, 7, 8, 9]
Index: []
Clusters Ordened By clusters lenght: 
Empty DataFrame
Columns: [0, 1, 2, 3, 4, 5, 6, 7, 8, 9]
Index: []
Clusters Ordened By clusters lenght: 
Empty DataFrame
Columns: [0, 1, 2, 3, 4, 5, 6, 7, 8, 9]
Index: []
Clusters Ordened By clusters lenght: 
    0   1  2  3  4  5  6  7                                         8  9
68  C  15  4  *  *  *  *  *  70299641-cc62-42cd-a69d-866452c17c74-IGH  *
Clusters Ordened By clusters lenght: 
Empty DataFrame
Columns: [0, 1, 2, 3, 4, 5, 6, 7, 8, 9]
Index: []
Clusters Ordened By clusters lenght: 
    0  1  2  3  4  5  6  7                                         8  9
19  C  0  6  *  *  *  *  *  147453e7-a39c-45e5-b05b-7d68d3f0eaea-IGH  *
Clusters Ordened By clusters lenght: 
Empty DataFrame
Columns: [0, 1, 2, 3, 4, 5, 6, 7, 8, 9]
Index: []
Clusters Ordened By clusters lenght: 
Empty DataFrame
Columns: [0, 1, 2, 3, 4, 5, 6, 7, 8, 9]
Index: []
Clusters Ordened By clusters lenght: 
Empty DataFrame
Columns: [0, 1, 2, 3, 4, 5, 6, 7, 8, 9]
Index: []
Clusters Ordened By clusters lenght: 
     0    1   2  3  4  5  6  7                                         8  9
369  C   84  51  *  *  *  *  *  025a8272-8681-4a58-8aaa-e1e67c71ee78-IGH  *
373  C   88  14  *  *  *  *  *  1470a7de-6081-4d19-90b6-fe5832dffec5-IGH  *
368  C   83  12  *  *  *  *  *  02041085-8845-4b65-aa20-1818a1408c52-IGH  *
348  C   63   5  *  *  *  *  *  1ce24f17-71bb-4df5-a742-34da23d216d2-IGH  *
286  C    1   5  *  *  *  *  *  4d7dbe66-2bbf-496c-9a68-09ee75019a1d-IGH  *
445  C  160   5  *  *  *  *  *  354a2b29-2062-4e7a-b956-0db96c5520ae-IGH  *
381  C   96   4  *  *  *  *  *  455c30d0-0df2-40ee-b48e-22b83e494aa1-IGH  *
399  C  114   4  *  *  *  *  *  18010b12-19b9-469d-a6ce-2254e4b4ce51-IGH  *
Clusters Ordened By clusters lenght: 
Empty DataFrame
Columns: [0, 1, 2, 3, 4, 5, 6, 7, 8, 9]
Index: []
Clusters Ordened By clusters lenght: 
Empty DataFrame
Columns: [0, 1, 2, 3, 4, 5, 6, 7, 8, 9]
Index: []
Clusters Ordened By clusters lenght: 
Empty DataFrame
Columns: [0, 1, 2, 3, 4, 5, 6, 7, 8, 9]
Index: []
Clusters Ordened By clusters lenght: 
      0    1   2  3  4  5  6  7                                         8  9
1236  C  407  19  *  *  *  *  *  07e13a47-b00d-4cc3-8a26-8bb9640fbb50-IGH  *
1069  C  240  16  *  *  *  *  *  315abae9-5114-4dd1-9baa-c229042d1b96-IGH  *
1133  C  304   9  *  *  *  *  *  0f46fb19-e1c3-489f-8fa7-f598d49fc298-IGH  *
987   C  158   8  *  *  *  *  *  1c851809-874c-4fed-99f7-1eaeb12a0a5d-IGH  *
1250  C  421   8  *  *  *  *  *  32e5f317-2bbc-4fcf-8bf6-b150af3e957d-IGH  *
882   C   53   6  *  *  *  *  *  1c0772c5-db8b-4493-814a-0d000470daa2-IGH  *
1365  C  536   5  *  *  *  *  *  6ddce4ce-e425-419f-9db9-d7f0e756e675-IGH  *
1006  C  177   4  *  *  *  *  *  433461e7-1069-43a3-8479-13b9b06c490a-IGH  *
1011  C  182   4  *  *  *  *  *  5232ca72-ba50-4c16-99cc-6898d6847956-IGH  *
1061  C  232   4  *  *  *  *  *  1e34c000-cb9a-4e9f-8722-b2bbdcd5963e-IGH  *
982   C  153   4  *  *  *  *  *  022405ab-8629-4bd9-806a-79a69090fede-IGH  *
1148  C  319   4  *  *  *  *  *  2c02693a-bc5e-4b83-ad10-7bdd4d829e3c-IGH  *
1135  C  306   4  *  *  *  *  *  1042627c-73c3-428e-b2a5-48cba4da923d-IGH  *
1288  C  459   4  *  *  *  *  *  82a697c9-b0c3-47f1-892a-f22306e3a8d7-IGH  *
1336  C  507   4  *  *  *  *  *  096294e9-20e3-4942-8c8f-caf8ff2793c1-IGH  *
1485  C  656   4  *  *  *  *  *  0330c77e-b3a6-4660-85c8-dbc8d7206bd9-IGH  *
Clusters Ordened By clusters lenght: 
    0   1  2  3  4  5  6  7                                         8  9
93  C  28  4  *  *  *  *  *  60fe7ac6-04ae-4d75-a20b-c7b8cae48bdd-IGH  *
Clusters Ordened By clusters lenght: 
Empty DataFrame
Columns: [0, 1, 2, 3, 4, 5, 6, 7, 8, 9]
Index: []
Clusters Ordened By clusters lenght: 
Empty DataFrame
Columns: [0, 1, 2, 3, 4, 5, 6, 7, 8, 9]
Index: []
Clusters Ordened By clusters lenght: 
Empty DataFrame
Columns: [0, 1, 2, 3, 4, 5, 6, 7, 8, 9]
Index: []
Clusters Ordened By clusters lenght: 
Empty DataFrame
Columns: [0, 1, 2, 3, 4, 5, 6, 7, 8, 9]
Index: []
Clusters Ordened By clusters lenght: 
   0  1  2  3  4  5  6  7                                         8  9
9  C  0  6  *  *  *  *  *  3c5d21d2-b4e1-4045-b873-12a1fdde2957-IGH  *
Clusters Ordened By clusters lenght: 
    0  1  2  3  4  5  6  7                                         8  9
17  C  2  8  *  *  *  *  *  541cc41f-a3d8-48e1-8776-6e9abc1fe2c8-IGH  *
Clusters Ordened By clusters lenght: 
Empty DataFrame
Columns: [0, 1, 2, 3, 4, 5, 6, 7, 8, 9]
Index: []
Clusters Ordened By clusters lenght: 
Empty DataFrame
Columns: [0, 1, 2, 3, 4, 5, 6, 7, 8, 9]
Index: []
Clusters Ordened By clusters lenght: 
    0  1   2  3  4  5  6  7                                         8  9
41  C  1  22  *  *  *  *  *  06c2ee7f-a5fa-4fda-870b-395ac07fef1e-IGH  *
47  C  7   4  *  *  *  *  *  19dc6b09-8d53-46f5-bd6e-381036106664-IGH  *
Clusters Ordened By clusters lenght: 
Empty DataFrame
Columns: [0, 1, 2, 3, 4, 5, 6, 7, 8, 9]
Index: []
Clusters Ordened By clusters lenght: 
    0  1  2  3  4  5  6  7                                         8  9
36  C  7  6  *  *  *  *  *  1f15effe-8efb-4bad-87f5-4e144ea4008a-IGH  *
Clusters Ordened By clusters lenght: 
Empty DataFrame
Columns: [0, 1, 2, 3, 4, 5, 6, 7, 8, 9]
Index: []
Clusters Ordened By clusters lenght: 
Empty DataFrame
Columns: [0, 1, 2, 3, 4, 5, 6, 7, 8, 9]
Index: []
Clusters Ordened By clusters lenght: 
Empty DataFrame
Columns: [0, 1, 2, 3, 4, 5, 6, 7, 8, 9]
Index: []
Clusters Ordened By clusters lenght: 
Empty DataFrame
Columns: [0, 1, 2, 3, 4, 5, 6, 7, 8, 9]
Index: []
Clusters Ordened By clusters lenght: 
Empty DataFrame
Columns: [0, 1, 2, 3, 4, 5, 6, 7, 8, 9]
Index: []
Clusters Ordened By clusters lenght: 
    0   1  2  3  4  5  6  7                                         8  9
26  C   0  4  *  *  *  *  *  116a1b5b-b4b3-44aa-864f-5ba656630111-IGH  *
40  C  14  4  *  *  *  *  *  3af46efc-06a4-4acb-bed0-6a3f23bb14d8-IGH  *
Clusters Ordened By clusters lenght: 
Empty DataFrame
Columns: [0, 1, 2, 3, 4, 5, 6, 7, 8, 9]
Index: []
Clusters Ordened By clusters lenght: 
Empty DataFrame
Columns: [0, 1, 2, 3, 4, 5, 6, 7, 8, 9]
Index: []
Clusters Ordened By clusters lenght: 
Empty DataFrame
Columns: [0, 1, 2, 3, 4, 5, 6, 7, 8, 9]
Index: []
Clusters Ordened By clusters lenght: 
Empty DataFrame
Columns: [0, 1, 2, 3, 4, 5, 6, 7, 8, 9]
Index: []
Clusters Ordened By clusters lenght: 
Empty DataFrame
Columns: [0, 1, 2, 3, 4, 5, 6, 7, 8, 9]
Index: []
Clusters Ordened By clusters lenght: 
Empty DataFrame
Columns: [0, 1, 2, 3, 4, 5, 6, 7, 8, 9]
Index: []
Clusters Ordened By clusters lenght: 
    0  1  2  3  4  5  6  7                                         8  9
29  C  5  4  *  *  *  *  *  0249cc2d-ba80-4ee9-9515-9d8e70f43cdf-IGH  *
Clusters Ordened By clusters lenght: 
Empty DataFrame
Columns: [0, 1, 2, 3, 4, 5, 6, 7, 8, 9]
Index: []
Clusters Ordened By clusters lenght: 
Empty DataFrame
Columns: [0, 1, 2, 3, 4, 5, 6, 7, 8, 9]
Index: []
Clusters Ordened By clusters lenght: 
   0  1  2  3  4  5  6  7                                         8  9
8  C  0  7  *  *  *  *  *  088906aa-a759-4b96-a780-8be04c3c52ef-IGH  *
Clusters Ordened By clusters lenght: 
    0  1  2  3  4  5  6  7                                         8  9
10  C  0  9  *  *  *  *  *  06cec394-cbae-425b-8a09-75ec38e3df1f-IGH  *
Clusters Ordened By clusters lenght: 
Empty DataFrame
Columns: [0, 1, 2, 3, 4, 5, 6, 7, 8, 9]
Index: []
Clusters Ordened By clusters lenght: 
Empty DataFrame
Columns: [0, 1, 2, 3, 4, 5, 6, 7, 8, 9]
Index: []
Clusters Ordened By clusters lenght: 
Empty DataFrame
Columns: [0, 1, 2, 3, 4, 5, 6, 7, 8, 9]
Index: []
Clusters Ordened By clusters lenght: 
Empty DataFrame
Columns: [0, 1, 2, 3, 4, 5, 6, 7, 8, 9]
Index: []
Clusters Ordened By clusters lenght: 
Empty DataFrame
Columns: [0, 1, 2, 3, 4, 5, 6, 7, 8, 9]
Index: []
Clusters Ordened By clusters lenght: 
Empty DataFrame
Columns: [0, 1, 2, 3, 4, 5, 6, 7, 8, 9]
Index: []
Clusters Ordened By clusters lenght: 
     0  1   2  3  4  5  6  7                                         8  9
157  C  1  49  *  *  *  *  *  0410d79a-5845-4f9e-9c34-baaf0d4853fe-IGH  *
Clusters Ordened By clusters lenght: 
Empty DataFrame
Columns: [0, 1, 2, 3, 4, 5, 6, 7, 8, 9]
Index: []
Clusters Ordened By clusters lenght: 
    0  1  2  3  4  5  6  7                                         8  9
35  C  3  5  *  *  *  *  *  48afb140-75b0-4ba8-a6e2-bbf8e285e821-IGH  *
Clusters Ordened By clusters lenght: 
Empty DataFrame
Columns: [0, 1, 2, 3, 4, 5, 6, 7, 8, 9]
Index: []
Clusters Ordened By clusters lenght: 
Empty DataFrame
Columns: [0, 1, 2, 3, 4, 5, 6, 7, 8, 9]
Index: []
Clusters Ordened By clusters lenght: 
Empty DataFrame
Columns: [0, 1, 2, 3, 4, 5, 6, 7, 8, 9]
Index: []
Clusters Ordened By clusters lenght: 
Empty DataFrame
Columns: [0, 1, 2, 3, 4, 5, 6, 7, 8, 9]
Index: []
Clusters Ordened By clusters lenght: 
Empty DataFrame
Columns: [0, 1, 2, 3, 4, 5, 6, 7, 8, 9]
Index: []
Clusters Ordened By clusters lenght: 
    0  1   2  3  4  5  6  7                                         8  9
40  C  3  13  *  *  *  *  *  0b57becd-40f1-4ddc-99c7-133f9b78db61-IGH  *
41  C  4  12  *  *  *  *  *  145c7326-c269-4231-a860-03c821f2c4c3-IGH  *
42  C  5   6  *  *  *  *  *  171521d2-4e60-4e06-971d-5acaac9993a9-IGH  *
Clusters Ordened By clusters lenght: 
     0    1   2  3  4  5  6  7                                         8  9
585  C   68  41  *  *  *  *  *  0894f1ac-d53d-4ab1-8252-732cc9626dfe-IGH  *
636  C  119  19  *  *  *  *  *  0972f07d-8c26-451c-8f00-d5ba8bdbb5fb-IGH  *
588  C   71  18  *  *  *  *  *  0c20a9c4-58bf-4f62-862f-4bc59a950b4f-IGH  *
530  C   13  16  *  *  *  *  *  030904c2-33d0-4813-9241-91c270997fc8-IGH  *
582  C   65  16  *  *  *  *  *  0225f812-c743-471c-8834-c49a7721721f-IGH  *
637  C  120  11  *  *  *  *  *  099aeeaf-6e15-4566-a349-cd4892605955-IGH  *
641  C  124  11  *  *  *  *  *  0d361017-d378-40fa-9b01-a623d3e1644b-IGH  *
753  C  236   8  *  *  *  *  *  1878e73e-5fd2-4d3a-9adf-921dc8067ac3-IGH  *
749  C  232   8  *  *  *  *  *  032e1334-13df-4029-8d72-c9161cf865b1-IGH  *
640  C  123   7  *  *  *  *  *  0cc6ebcf-3474-435b-ae25-77e12ced32dc-IGH  *
715  C  198   7  *  *  *  *  *  26880516-a61c-43aa-943f-2c5325ab24e1-IGH  *
648  C  131   6  *  *  *  *  *  2abf43bf-3ade-41b3-a581-f727acf1b613-IGH  *
589  C   72   6  *  *  *  *  *  166b7957-859e-44e0-a151-0764d9fb1bb1-IGH  *
638  C  121   5  *  *  *  *  *  09bef556-fd25-492f-a333-791c859782a4-IGH  *
536  C   19   4  *  *  *  *  *  147138b9-238c-4a33-8caf-a580307c201f-IGH  *
537  C   20   4  *  *  *  *  *  1ea88022-0bc0-4201-8de4-1bbb72964dca-IGH  *
711  C  194   4  *  *  *  *  *  1b416868-43a3-4853-a99c-49e252d048fa-IGH  *
712  C  195   4  *  *  *  *  *  209f227c-1e31-4704-82f3-53fa80ecc0c7-IGH  *
714  C  197   4  *  *  *  *  *  26505efb-bf0b-4b75-ab66-a0af4d155760-IGH  *
Clusters Ordened By clusters lenght: 
     0   1  2  3  4  5  6  7                                         8  9
171  C  24  4  *  *  *  *  *  4883c4d4-8292-4a37-925c-a70ef93fb7e8-IGH  *
Clusters Ordened By clusters lenght: 
    0   1  2  3  4  5  6  7                                         8  9
47  C  17  4  *  *  *  *  *  1343e3b3-cc4c-4657-92c9-97b8b82e8d74-IGH  *
Clusters Ordened By clusters lenght: 
Empty DataFrame
Columns: [0, 1, 2, 3, 4, 5, 6, 7, 8, 9]
Index: []
Clusters Ordened By clusters lenght: 
    0   1  2  3  4  5  6  7                                         8  9
69  C  17  7  *  *  *  *  *  027c280d-fa7c-48dc-bf17-5af3ccf301e2-IGH  *
Clusters Ordened By clusters lenght: 
     0   1  2  3  4  5  6  7                                         8  9
431  C  71  6  *  *  *  *  *  139eea0d-cd44-485d-9d5f-669ed910896a-IGH  *
433  C  73  5  *  *  *  *  *  14a03aa3-6d63-4410-bb14-b552796080a3-IGH  *
Clusters Ordened By clusters lenght: 
Empty DataFrame
Columns: [0, 1, 2, 3, 4, 5, 6, 7, 8, 9]
Index: []
Clusters Ordened By clusters lenght: 
Empty DataFrame
Columns: [0, 1, 2, 3, 4, 5, 6, 7, 8, 9]
Index: []
Clusters Ordened By clusters lenght: 
Empty DataFrame
Columns: [0, 1, 2, 3, 4, 5, 6, 7, 8, 9]
Index: []
Clusters Ordened By clusters lenght: 
Empty DataFrame
Columns: [0, 1, 2, 3, 4, 5, 6, 7, 8, 9]
Index: []
Clusters Ordened By clusters lenght: 
Empty DataFrame
Columns: [0, 1, 2, 3, 4, 5, 6, 7, 8, 9]
Index: []
Clusters Ordened By clusters lenght: 
Empty DataFrame
Columns: [0, 1, 2, 3, 4, 5, 6, 7, 8, 9]
Index: []
Clusters Ordened By clusters lenght: 
    0  1   2  3  4  5  6  7                                         8  9
52  C  6  38  *  *  *  *  *  0b554c25-5ca7-4079-b58b-e20ae470ea5f-IGH  *
Clusters Ordened By clusters lenght: 
     0   1   2  3  4  5  6  7                                         8  9
229  C  80  15  *  *  *  *  *  009cf3d7-d999-4900-85e1-9b7a86c1da94-IGH  *
230  C  81   4  *  *  *  *  *  052b8cab-2b76-4045-85f9-7c0bcd3e7989-IGH  *
Clusters Ordened By clusters lenght: 
    0  1   2  3  4  5  6  7                                         8  9
34  C  0  33  *  *  *  *  *  06e99cc5-581f-45b4-92f3-939362d6fddf-IGH  *
Clusters Ordened By clusters lenght: 
Empty DataFrame
Columns: [0, 1, 2, 3, 4, 5, 6, 7, 8, 9]
Index: []
Clusters Ordened By clusters lenght: 
Empty DataFrame
Columns: [0, 1, 2, 3, 4, 5, 6, 7, 8, 9]
Index: []
Clusters Ordened By clusters lenght: 
    0   1   2  3  4  5  6  7                                         8  9
58  C  16  16  *  *  *  *  *  11981c7c-0c3f-4c37-8514-3b23de6b50d0-IGH  *
Clusters Ordened By clusters lenght: 
Empty DataFrame
Columns: [0, 1, 2, 3, 4, 5, 6, 7, 8, 9]
Index: []
Clusters Ordened By clusters lenght: 
Empty DataFrame
Columns: [0, 1, 2, 3, 4, 5, 6, 7, 8, 9]
Index: []
Clusters Ordened By clusters lenght: 
Empty DataFrame
Columns: [0, 1, 2, 3, 4, 5, 6, 7, 8, 9]
Index: []
Clusters Ordened By clusters lenght: 
    0  1   2  3  4  5  6  7                                         8  9
64  C  0  55  *  *  *  *  *  0b721213-1dc2-425c-8a41-5fee481033a0-IGH  *
Clusters Ordened By clusters lenght: 
Empty DataFrame
Columns: [0, 1, 2, 3, 4, 5, 6, 7, 8, 9]
Index: []
Clusters Ordened By clusters lenght: 
Empty DataFrame
Columns: [0, 1, 2, 3, 4, 5, 6, 7, 8, 9]
Index: []
Clusters Ordened By clusters lenght: 
Empty DataFrame
Columns: [0, 1, 2, 3, 4, 5, 6, 7, 8, 9]
Index: []
Clusters Ordened By clusters lenght: 
     0    1    2  3  4  5  6  7                                         8  9
673  C   12  148  *  *  *  *  *  060c2421-9e68-4475-ae30-57932925bcda-IGH  *
720  C   59   28  *  *  *  *  *  8fa72380-b6f0-42d1-bd58-25c5e65540a7-IGH  *
840  C  179   24  *  *  *  *  *  100db427-a966-4c7c-8c89-2403cc248e5e-IGH  *
691  C   30   21  *  *  *  *  *  5a18c953-d133-4149-9b63-7d762f96fd95-IGH  *
765  C  104   20  *  *  *  *  *  077106c5-36c4-4365-9c88-33c7ee19e4b0-IGH  *
703  C   42   17  *  *  *  *  *  70d6d096-3cdb-43a1-b344-65421b55bebf-IGH  *
676  C   15   13  *  *  *  *  *  090a48b2-ce48-4f51-b265-d2ec3c31fa72-IGH  *
682  C   21   13  *  *  *  *  *  2a2abf10-0d2a-4b70-81c6-a8c399c4f489-IGH  *
842  C  181   12  *  *  *  *  *  11aba592-176a-4259-a5bb-084cc31338f0-IGH  *
855  C  194   12  *  *  *  *  *  3b992abf-8a06-4ff9-aac5-504e788aa527-IGH  *
839  C  178   11  *  *  *  *  *  0bd3100b-f06c-4514-8f8d-12cb73a29451-IGH  *
851  C  190    7  *  *  *  *  *  30746ff3-e11a-4606-99f7-31e87c1824ff-IGH  *
866  C  205    7  *  *  *  *  *  633bfb13-573b-4b07-b625-3920342fbe28-IGH  *
838  C  177    7  *  *  *  *  *  0a630d45-5307-4b46-bfa2-0da8af6a99b5-IGH  *
835  C  174    7  *  *  *  *  *  010efa04-f9b0-449e-b50e-0e90222c32df-IGH  *
767  C  106    7  *  *  *  *  *  0a141bf1-9d0a-4810-9b04-de50f91f0f61-IGH  *
898  C  237    5  *  *  *  *  *  0bb6cf96-d2e0-4ae3-93f2-f44a7bf0911b-IGH  *
864  C  203    5  *  *  *  *  *  5f7df98e-56df-44ca-aea5-3dd392337b01-IGH  *
769  C  108    5  *  *  *  *  *  16b9c9fd-5173-4c27-b0d0-8a47aaefa0c8-IGH  *
791  C  130    5  *  *  *  *  *  4bc97503-e475-4cb8-aa38-8f8f70a3da2a-IGH  *
694  C   33    4  *  *  *  *  *  5aab5b40-b23f-4d92-87f4-a8fd17237a95-IGH  *
668  C    7    4  *  *  *  *  *  8bda6aab-5eea-44e2-88ff-98da88375ebb-IGH  *
773  C  112    4  *  *  *  *  *  1f97e6c2-705c-4ae2-997b-df51b162adaf-IGH  *
852  C  191    4  *  *  *  *  *  3355ceda-b387-4637-b33b-b08d55978be1-IGH  *
Clusters Ordened By clusters lenght: 
Empty DataFrame
Columns: [0, 1, 2, 3, 4, 5, 6, 7, 8, 9]
Index: []
Clusters Ordened By clusters lenght: 
Empty DataFrame
Columns: [0, 1, 2, 3, 4, 5, 6, 7, 8, 9]
Index: []
Clusters Ordened By clusters lenght: 
    0   1  2  3  4  5  6  7                                         8  9
65  C  24  4  *  *  *  *  *  1d7508a5-25d1-422f-aa40-11279fe20c1e-IGH  *
Clusters Ordened By clusters lenght: 
Empty DataFrame
Columns: [0, 1, 2, 3, 4, 5, 6, 7, 8, 9]
Index: []
Clusters Ordened By clusters lenght: 
Empty DataFrame
Columns: [0, 1, 2, 3, 4, 5, 6, 7, 8, 9]
Index: []
Clusters Ordened By clusters lenght: 
Empty DataFrame
Columns: [0, 1, 2, 3, 4, 5, 6, 7, 8, 9]
Index: []
Clusters Ordened By clusters lenght: 
    0  1  2  3  4  5  6  7                                         8  9
10  C  0  6  *  *  *  *  *  2b1ec4c6-19bc-4e70-b3aa-168c118072a4-IGH  *
Clusters Ordened By clusters lenght: 
    0   1  2  3  4  5  6  7                                         8  9
54  C  15  4  *  *  *  *  *  0d8c29af-0c5e-474a-b91c-c7de7b6fefba-IGH  *
Clusters Ordened By clusters lenght: 
     0   1   2  3  4  5  6  7                                         8  9
126  C  16  53  *  *  *  *  *  01e099b0-8a24-4166-a031-72a53927b72d-IGH  *
127  C  17  17  *  *  *  *  *  02229392-c4e9-46d9-869e-7bbd6013f4d1-IGH  *
119  C   9   6  *  *  *  *  *  083dcf51-b48f-4cb6-8ae0-21441da4ec1d-IGH  *
Clusters Ordened By clusters lenght: 
Empty DataFrame
Columns: [0, 1, 2, 3, 4, 5, 6, 7, 8, 9]
Index: []
Clusters Ordened By clusters lenght: 
    0   1  2  3  4  5  6  7                                         8  9
59  C  22  5  *  *  *  *  *  8c2c496b-e221-429c-8cee-ccaa715b606b-IGH  *
Clusters Ordened By clusters lenght: 
Empty DataFrame
Columns: [0, 1, 2, 3, 4, 5, 6, 7, 8, 9]
Index: []
Clusters Ordened By clusters lenght: 
Empty DataFrame
Columns: [0, 1, 2, 3, 4, 5, 6, 7, 8, 9]
Index: []
Clusters Ordened By clusters lenght: 
Empty DataFrame
Columns: [0, 1, 2, 3, 4, 5, 6, 7, 8, 9]
Index: []
Clusters Ordened By clusters lenght: 
Empty DataFrame
Columns: [0, 1, 2, 3, 4, 5, 6, 7, 8, 9]
Index: []
Clusters Ordened By clusters lenght: 
    0  1  2  3  4  5  6  7                                         8  9
19  C  0  9  *  *  *  *  *  00a59f20-befd-43da-affe-2de7fe7a116c-IGH  *
Clusters Ordened By clusters lenght: 
     0    1   2  3  4  5  6  7                                         8  9
311  C  112  10  *  *  *  *  *  00c71d15-0b01-4cea-8336-7a9f2a50776d-IGH  *
313  C  114  10  *  *  *  *  *  1a7777c2-a815-4404-8607-54a774684771-IGH  *
200  C    1   6  *  *  *  *  *  0db1398b-ced9-47fb-840e-e5896111720d-IGH  *
Clusters Ordened By clusters lenght: 
Empty DataFrame
Columns: [0, 1, 2, 3, 4, 5, 6, 7, 8, 9]
Index: []
Clusters Ordened By clusters lenght: 
Empty DataFrame
Columns: [0, 1, 2, 3, 4, 5, 6, 7, 8, 9]
Index: []
Clusters Ordened By clusters lenght: 
Empty DataFrame
Columns: [0, 1, 2, 3, 4, 5, 6, 7, 8, 9]
Index: []
Clusters Ordened By clusters lenght: 
Empty DataFrame
Columns: [0, 1, 2, 3, 4, 5, 6, 7, 8, 9]
Index: []
Clusters Ordened By clusters lenght: 
    0  1  2  3  4  5  6  7                                         8  9
10  C  0  4  *  *  *  *  *  5ae700a7-38fa-4f74-a80e-52be677892c8-IGH  *
Clusters Ordened By clusters lenght: 
Empty DataFrame
Columns: [0, 1, 2, 3, 4, 5, 6, 7, 8, 9]
Index: []
Clusters Ordened By clusters lenght: 
Empty DataFrame
Columns: [0, 1, 2, 3, 4, 5, 6, 7, 8, 9]
Index: []
Clusters Ordened By clusters lenght: 
    0   1  2  3  4  5  6  7                                         8  9
88  C  29  5  *  *  *  *  *  18bb2707-1f43-44e0-8aec-a4a772cbcac4-IGH  *
Clusters Ordened By clusters lenght: 
     0    1   2  3  4  5  6  7                                         8  9
319  C   73  36  *  *  *  *  *  01070ed8-250f-47a8-a7b6-1c47e4b266ff-IGH  *
320  C   74  21  *  *  *  *  *  0c72d76f-3dff-405a-84d0-2c080e774936-IGH  *
247  C    1  14  *  *  *  *  *  430e1753-6bf7-4b4c-a76c-8c78a2b7cea5-IGH  *
307  C   61   7  *  *  *  *  *  08643685-9e6e-47a4-ab9c-436a09db7e49-IGH  *
322  C   76   7  *  *  *  *  *  1998bb76-ca2b-4997-906a-3e45f12c1d0a-IGH  *
328  C   82   7  *  *  *  *  *  4b14ef5c-910d-4c0c-a9c1-0f532df35a85-IGH  *
324  C   78   5  *  *  *  *  *  28990084-1ba9-4fe0-8a36-2fb7bf733689-IGH  *
296  C   50   4  *  *  *  *  *  474ae3a8-7f31-4038-953a-5d66d6b38584-IGH  *
305  C   59   4  *  *  *  *  *  030df124-52de-47ce-807f-dc466d506eff-IGH  *
321  C   75   4  *  *  *  *  *  0d47688d-3001-4548-aab4-1c9cddad5312-IGH  *
339  C   93   4  *  *  *  *  *  84e4ff4c-5ee1-4336-a60a-a34bd55f2920-IGH  *
360  C  114   4  *  *  *  *  *  3bf2a776-5941-4e96-8a31-35c675f8ad1c-IGH  *
Clusters Ordened By clusters lenght: 
   0  1  2  3  4  5  6  7                                         8  9
5  C  0  4  *  *  *  *  *  4282540e-6171-4c7a-b832-fc8250cfe149-IGH  *
Clusters Ordened By clusters lenght: 
    0  1  2  3  4  5  6  7                                         8  9
49  C  1  4  *  *  *  *  *  2be8cba7-8dea-4753-84aa-a597d1bfabd2-IGH  *
Clusters Ordened By clusters lenght: 
    0  1  2  3  4  5  6  7                                         8  9
14  C  1  6  *  *  *  *  *  4f117b15-99c0-4c1a-a09b-9dbfe502e0e8-IGH  *
Clusters Ordened By clusters lenght: 
    0  1  2  3  4  5  6  7                                         8  9
10  C  2  4  *  *  *  *  *  0757dc58-04f5-4f61-9792-a4968b82a076-IGH  *
Clusters Ordened By clusters lenght: 
     0   1  2  3  4  5  6  7                                         8  9
146  C  38  4  *  *  *  *  *  7bd20a49-d624-4e44-95bc-28cfb130dd4e-IGH  *
Clusters Ordened By clusters lenght: 
Empty DataFrame
Columns: [0, 1, 2, 3, 4, 5, 6, 7, 8, 9]
Index: []
Clusters Ordened By clusters lenght: 
Empty DataFrame
Columns: [0, 1, 2, 3, 4, 5, 6, 7, 8, 9]
Index: []
Clusters Ordened By clusters lenght: 
Empty DataFrame
Columns: [0, 1, 2, 3, 4, 5, 6, 7, 8, 9]
Index: []
Clusters Ordened By clusters lenght: 
     0    1  2  3  4  5  6  7                                         8  9
481  C  116  5  *  *  *  *  *  28c77e16-9c8d-403c-8480-83cc0ea34123-IGH  *
480  C  115  4  *  *  *  *  *  24f1c6c0-7e3c-47bb-8f9b-ca4a2ecbb0d0-IGH  *
499  C  134  4  *  *  *  *  *  8603ec74-6e0c-4cb0-a819-db9a8864ee47-IGH  *
621  C  256  4  *  *  *  *  *  051c2aae-595d-4cae-9b8a-66924b16db62-IGH  *
672  C  307  4  *  *  *  *  *  2fae7c1b-74c9-4578-9c3e-09ab2e06e3c3-IGH  *
Clusters Ordened By clusters lenght: 
Empty DataFrame
Columns: [0, 1, 2, 3, 4, 5, 6, 7, 8, 9]
Index: []
Clusters Ordened By clusters lenght: 
Empty DataFrame
Columns: [0, 1, 2, 3, 4, 5, 6, 7, 8, 9]
Index: []
Clusters Ordened By clusters lenght: 
Empty DataFrame
Columns: [0, 1, 2, 3, 4, 5, 6, 7, 8, 9]
Index: []
Clusters Ordened By clusters lenght: 
Empty DataFrame
Columns: [0, 1, 2, 3, 4, 5, 6, 7, 8, 9]
Index: []
Clusters Ordened By clusters lenght: 
Empty DataFrame
Columns: [0, 1, 2, 3, 4, 5, 6, 7, 8, 9]
Index: []
Clusters Ordened By clusters lenght: 
Empty DataFrame
Columns: [0, 1, 2, 3, 4, 5, 6, 7, 8, 9]
Index: []
Clusters Ordened By clusters lenght: 
Empty DataFrame
Columns: [0, 1, 2, 3, 4, 5, 6, 7, 8, 9]
Index: []
Clusters Ordened By clusters lenght: 
     0   1   2  3  4  5  6  7                                         8  9
197  C  53  21  *  *  *  *  *  08a7297d-30ad-4bf7-89ed-739bebe38d09-IGH  *
222  C  78   7  *  *  *  *  *  366d0f28-421a-4ef3-aa94-2d681543e517-IGH  *
173  C  29   6  *  *  *  *  *  49e431be-a456-4d7b-b3ad-f0a944551602-IGH  *
161  C  17   4  *  *  *  *  *  0f31c39b-d671-4b71-b75b-fef3f0b4a1fc-IGH  *
168  C  24   4  *  *  *  *  *  2d00f445-5a7b-4628-a72e-c8293075afd1-IGH  *
Clusters Ordened By clusters lenght: 
    0   1  2  3  4  5  6  7                                         8  9
83  C  19  6  *  *  *  *  *  0fd3cc07-c5e8-4caf-9992-4e39f0de1e64-IGH  *
Clusters Ordened By clusters lenght: 
      0    1    2  3  4  5  6  7                                         8  9
2086  C  540  155  *  *  *  *  *  006be65e-6253-4463-a15e-021037475458-IGH  *
2000  C  454   41  *  *  *  *  *  0af0adc1-21d6-4b08-a4c9-41b596bfe997-IGH  *
1994  C  448   38  *  *  *  *  *  0166dad4-389c-4491-a62a-c7c18803ea88-IGH  *
1903  C  357   20  *  *  *  *  *  02e3f09e-0e6c-44d1-b619-15eaa6477bb7-IGH  *
2139  C  593   16  *  *  *  *  *  55d652f9-948b-42e2-a3ca-13dde687985c-IGH  *
...  ..  ...  ... .. .. .. .. ..                                       ... ..
1939  C  393    4  *  *  *  *  *  47a6a4f3-4ff0-4d83-904d-0230dc53e1d4-IGH  *
1996  C  450    4  *  *  *  *  *  02cec89f-d650-4e2e-98d4-49521abe0ad7-IGH  *
2127  C  581    4  *  *  *  *  *  3677d16f-80b9-4783-8141-2ba7b624b701-IGH  *
2129  C  583    4  *  *  *  *  *  37ca5d24-e658-44b7-bc9b-9ed916f08567-IGH  *
2269  C  723    4  *  *  *  *  *  70b37d9e-95e0-45c3-b280-1f7bae0e7b64-IGH  *

[64 rows x 10 columns]
Clusters Ordened By clusters lenght: 
Empty DataFrame
Columns: [0, 1, 2, 3, 4, 5, 6, 7, 8, 9]
Index: []
Clusters Ordened By clusters lenght: 
Empty DataFrame
Columns: [0, 1, 2, 3, 4, 5, 6, 7, 8, 9]
Index: []
Clusters Ordened By clusters lenght: 
Empty DataFrame
Columns: [0, 1, 2, 3, 4, 5, 6, 7, 8, 9]
Index: []
Clusters Ordened By clusters lenght: 
     0    1   2  3  4  5  6  7                                         8  9
555  C  161  11  *  *  *  *  *  4421194a-d015-48b9-822c-f7059d711bba-IGH  *
460  C   66   6  *  *  *  *  *  28f0a7c5-506a-4ba0-8ee4-f7d7264cca51-IGH  *
433  C   39   4  *  *  *  *  *  9899b2fe-9da1-446c-b1e2-3da241126239-IGH  *
513  C  119   4  *  *  *  *  *  3f8920eb-beba-4fd9-ac76-38603b27e06e-IGH  *
688  C  294   4  *  *  *  *  *  49f74663-1cc6-44bb-ada2-4802504ad26a-IGH  *
Clusters Ordened By clusters lenght: 
    0  1   2  3  4  5  6  7                                         8  9
22  C  0  18  *  *  *  *  *  16a2fe97-6d68-4dd9-b538-ff91d6363789-IGH  *
Clusters Ordened By clusters lenght: 
Empty DataFrame
Columns: [0, 1, 2, 3, 4, 5, 6, 7, 8, 9]
Index: []
Clusters Ordened By clusters lenght: 
     0  1   2  3  4  5  6  7                                         8  9
185  C  3  10  *  *  *  *  *  0bf95366-9b48-4445-81bf-ae0a8320bd73-IGH  *
Clusters Ordened By clusters lenght: 
Empty DataFrame
Columns: [0, 1, 2, 3, 4, 5, 6, 7, 8, 9]
Index: []
Clusters Ordened By clusters lenght: 
Empty DataFrame
Columns: [0, 1, 2, 3, 4, 5, 6, 7, 8, 9]
Index: []
Clusters Ordened By clusters lenght: 
     0   1  2  3  4  5  6  7                                         8  9
101  C  32  7  *  *  *  *  *  0ed5dddd-65bd-4f71-adc4-2318022e2375-IGH  *
80   C  11  4  *  *  *  *  *  178a792c-fc26-499c-87bd-f0573b185452-IGH  *
82   C  13  4  *  *  *  *  *  47eff758-f0be-4657-9235-ca63b87e9717-IGH  *
90   C  21  4  *  *  *  *  *  48445dee-b05d-4f42-ae55-70da3d95ad00-IGH  *
Clusters Ordened By clusters lenght: 
Empty DataFrame
Columns: [0, 1, 2, 3, 4, 5, 6, 7, 8, 9]
Index: []
Clusters Ordened By clusters lenght: 
    0  1  2  3  4  5  6  7                                         8  9
10  C  0  4  *  *  *  *  *  49f75440-f78d-43c8-bfe7-30e1293077c0-IGH  *
Clusters Ordened By clusters lenght: 
Empty DataFrame
Columns: [0, 1, 2, 3, 4, 5, 6, 7, 8, 9]
Index: []
Clusters Ordened By clusters lenght: 
Empty DataFrame
Columns: [0, 1, 2, 3, 4, 5, 6, 7, 8, 9]
Index: []
Clusters Ordened By clusters lenght: 
Empty DataFrame
Columns: [0, 1, 2, 3, 4, 5, 6, 7, 8, 9]
Index: []
Clusters Ordened By clusters lenght: 
Empty DataFrame
Columns: [0, 1, 2, 3, 4, 5, 6, 7, 8, 9]
Index: []
Clusters Ordened By clusters lenght: 
Empty DataFrame
Columns: [0, 1, 2, 3, 4, 5, 6, 7, 8, 9]
Index: []
Clusters Ordened By clusters lenght: 
   0  1  2  3  4  5  6  7                                         8  9
7  C  0  6  *  *  *  *  *  074b7933-a337-467e-8a78-81a1aad8d5af-IGH  *
Clusters Ordened By clusters lenght: 
      0    1    2  3  4  5  6  7                                         8  9
2343  C  374  288  *  *  *  *  *  03a72ca8-8802-426a-92bc-e59b4065a254-IGH  *
2339  C  370  135  *  *  *  *  *  016f4fcd-6647-4878-a718-f294f8232441-IGH  *
2341  C  372   65  *  *  *  *  *  0296c8f2-98cc-4526-b5c7-faa94ec72b45-IGH  *
2441  C  472   59  *  *  *  *  *  00a4e805-727a-4e2a-b48c-dc46b0789f14-IGH  *
2607  C  638   53  *  *  *  *  *  01ec51ba-dd43-43ca-8720-568d2007bdcf-IGH  *
...  ..  ...  ... .. .. .. .. ..                                       ... ..
2521  C  552    4  *  *  *  *  *  78b2e472-f6ff-46a0-a9e2-6cba34f5a96b-IGH  *
2483  C  514    4  *  *  *  *  *  2806bbab-13cd-4a05-8162-6f0326351fb1-IGH  *
2572  C  603    4  *  *  *  *  *  3c1a9957-4dcd-43f1-9b1e-337859423641-IGH  *
2621  C  652    4  *  *  *  *  *  3d9e19cf-8fde-4ce4-aafe-8c3c00c847f7-IGH  *
2624  C  655    4  *  *  *  *  *  509ad89c-d0bf-4f21-995f-2858fbf12e23-IGH  *

[77 rows x 10 columns]
Clusters Ordened By clusters lenght: 
     0   1  2  3  4  5  6  7                                         8  9
151  C  40  4  *  *  *  *  *  0a4d6f09-c68c-4547-9c64-028995921040-IGH  *
Clusters Ordened By clusters lenght: 
    0  1  2  3  4  5  6  7                                         8  9
11  C  1  5  *  *  *  *  *  34e4c446-e582-43da-8299-481aeb3c19bc-IGH  *
Clusters Ordened By clusters lenght: 
Empty DataFrame
Columns: [0, 1, 2, 3, 4, 5, 6, 7, 8, 9]
Index: []
Clusters Ordened By clusters lenght: 
Empty DataFrame
Columns: [0, 1, 2, 3, 4, 5, 6, 7, 8, 9]
Index: []
Clusters Ordened By clusters lenght: 
Empty DataFrame
Columns: [0, 1, 2, 3, 4, 5, 6, 7, 8, 9]
Index: []
Clusters Ordened By clusters lenght: 
Empty DataFrame
Columns: [0, 1, 2, 3, 4, 5, 6, 7, 8, 9]
Index: []
Clusters Ordened By clusters lenght: 
    0  1   2  3  4  5  6  7                                         8  9
47  C  5  34  *  *  *  *  *  1f4ca16b-070f-4be2-bafe-9be782629a8f-IGH  *
Clusters Ordened By clusters lenght: 
    0   1   2  3  4  5  6  7                                         8  9
63  C  20  10  *  *  *  *  *  0b185d82-3109-4306-a6ea-8ab7179503b9-IGH  *
Clusters Ordened By clusters lenght: 
Empty DataFrame
Columns: [0, 1, 2, 3, 4, 5, 6, 7, 8, 9]
Index: []
Clusters Ordened By clusters lenght: 
Empty DataFrame
Columns: [0, 1, 2, 3, 4, 5, 6, 7, 8, 9]
Index: []
Clusters Ordened By clusters lenght: 
Empty DataFrame
Columns: [0, 1, 2, 3, 4, 5, 6, 7, 8, 9]
Index: []
Clusters Ordened By clusters lenght: 
Empty DataFrame
Columns: [0, 1, 2, 3, 4, 5, 6, 7, 8, 9]
Index: []
Clusters Ordened By clusters lenght: 
    0  1   2  3  4  5  6  7                                         8  9
99  C  8  20  *  *  *  *  *  13e07e88-e165-4451-92fb-84d56cd4050a-IGH  *
Clusters Ordened By clusters lenght: 
Empty DataFrame
Columns: [0, 1, 2, 3, 4, 5, 6, 7, 8, 9]
Index: []
Clusters Ordened By clusters lenght: 
Empty DataFrame
Columns: [0, 1, 2, 3, 4, 5, 6, 7, 8, 9]
Index: []
Clusters Ordened By clusters lenght: 
Empty DataFrame
Columns: [0, 1, 2, 3, 4, 5, 6, 7, 8, 9]
Index: []
Clusters Ordened By clusters lenght: 
     0   1   2  3  4  5  6  7                                         8  9
155  C   2  10  *  *  *  *  *  5a417068-2418-4c77-ae08-dd8e62e8a0b8-IGH  *
168  C  15   7  *  *  *  *  *  189e1c97-9f1b-427b-9540-4da0d90e84c4-IGH  *
205  C  52   4  *  *  *  *  *  3a0608f4-5560-4588-a500-19e1bec3c656-IGH  *
243  C  90   4  *  *  *  *  *  5165a453-945d-4f2d-8442-e967006de005-IGH  *
Clusters Ordened By clusters lenght: 
Empty DataFrame
Columns: [0, 1, 2, 3, 4, 5, 6, 7, 8, 9]
Index: []
Clusters Ordened By clusters lenght: 
   0  1  2  3  4  5  6  7                                         8  9
9  C  0  5  *  *  *  *  *  0881b97b-10ea-4ef1-91a2-7352a4c851a8-IGH  *
Clusters Ordened By clusters lenght: 
Empty DataFrame
Columns: [0, 1, 2, 3, 4, 5, 6, 7, 8, 9]
Index: []
Clusters Ordened By clusters lenght: 
Empty DataFrame
Columns: [0, 1, 2, 3, 4, 5, 6, 7, 8, 9]
Index: []
Clusters Ordened By clusters lenght: 
Empty DataFrame
Columns: [0, 1, 2, 3, 4, 5, 6, 7, 8, 9]
Index: []
Clusters Ordened By clusters lenght: 
   0  1  2  3  4  5  6  7                                         8  9
7  C  1  4  *  *  *  *  *  239fc5a7-8377-439e-b5cc-64f0fcffba21-IGH  *
Clusters Ordened By clusters lenght: 
Empty DataFrame
Columns: [0, 1, 2, 3, 4, 5, 6, 7, 8, 9]
Index: []
Clusters Ordened By clusters lenght: 
Empty DataFrame
Columns: [0, 1, 2, 3, 4, 5, 6, 7, 8, 9]
Index: []
Clusters Ordened By clusters lenght: 
Empty DataFrame
Columns: [0, 1, 2, 3, 4, 5, 6, 7, 8, 9]
Index: []
Clusters Ordened By clusters lenght: 
Empty DataFrame
Columns: [0, 1, 2, 3, 4, 5, 6, 7, 8, 9]
Index: []
Clusters Ordened By clusters lenght: 
Empty DataFrame
Columns: [0, 1, 2, 3, 4, 5, 6, 7, 8, 9]
Index: []
Clusters Ordened By clusters lenght: 
     0   1   2  3  4  5  6  7                                         8  9
101  C  25  11  *  *  *  *  *  05ede2c1-36ec-4e1d-8311-650dbd046769-IGH  *
Clusters Ordened By clusters lenght: 
Empty DataFrame
Columns: [0, 1, 2, 3, 4, 5, 6, 7, 8, 9]
Index: []
Clusters Ordened By clusters lenght: 
Empty DataFrame
Columns: [0, 1, 2, 3, 4, 5, 6, 7, 8, 9]
Index: []
Clusters Ordened By clusters lenght: 
Empty DataFrame
Columns: [0, 1, 2, 3, 4, 5, 6, 7, 8, 9]
Index: []
Clusters Ordened By clusters lenght: 
Empty DataFrame
Columns: [0, 1, 2, 3, 4, 5, 6, 7, 8, 9]
Index: []
Clusters Ordened By clusters lenght: 
     0   1   2  3  4  5  6  7                                         8  9
153  C   3  10  *  *  *  *  *  0ef56638-5364-4d7c-b39e-37dfe933fd12-IGH  *
227  C  77   4  *  *  *  *  *  094a72bd-0c3e-45a8-9d84-aa581018271f-IGH  *
Clusters Ordened By clusters lenght: 
    0   1  2  3  4  5  6  7                                         8  9
60  C  18  9  *  *  *  *  *  00160fc9-58d4-44ae-b077-27e1d44a9750-IGH  *
Clusters Ordened By clusters lenght: 
Empty DataFrame
Columns: [0, 1, 2, 3, 4, 5, 6, 7, 8, 9]
Index: []
Clusters Ordened By clusters lenght: 
   0  1  2  3  4  5  6  7                                         8  9
7  C  0  4  *  *  *  *  *  219b0844-5c40-4555-9d80-8614182d9f7d-IGH  *
Clusters Ordened By clusters lenght: 
     0    1  2  3  4  5  6  7                                         8  9
396  C  183  4  *  *  *  *  *  2cb7b62c-f1cc-499e-b7ba-f673c3a7ff3c-IGH  *
Clusters Ordened By clusters lenght: 
Empty DataFrame
Columns: [0, 1, 2, 3, 4, 5, 6, 7, 8, 9]
Index: []
Clusters Ordened By clusters lenght: 
Empty DataFrame
Columns: [0, 1, 2, 3, 4, 5, 6, 7, 8, 9]
Index: []
Clusters Ordened By clusters lenght: 
    0  1   2  3  4  5  6  7                                         8  9
24  C  4  11  *  *  *  *  *  107a0340-15ad-4856-a3ca-a81b9be95cd4-IGH  *
Clusters Ordened By clusters lenght: 
Empty DataFrame
Columns: [0, 1, 2, 3, 4, 5, 6, 7, 8, 9]
Index: []
Clusters Ordened By clusters lenght: 
     0    1   2  3  4  5  6  7                                         8  9
574  C   87  15  *  *  *  *  *  0565d971-e16b-4a4b-ae72-5ff8befda356-IGH  *
812  C  325   9  *  *  *  *  *  1cabf7a5-6f60-4df1-b0e3-7d643557b154-IGH  *
719  C  232   9  *  *  *  *  *  0934d768-7b92-43ba-98cf-fd2138b33577-IGH  *
810  C  323   7  *  *  *  *  *  11942b6b-9a70-4fe2-8713-fae69380cc52-IGH  *
548  C   61   6  *  *  *  *  *  13dea0cd-e872-467c-a390-332195b4a23b-IGH  *
759  C  272   6  *  *  *  *  *  02f5e7ec-8749-46d7-a99f-e2c3bf99fd0a-IGH  *
664  C  177   6  *  *  *  *  *  3d744112-08ab-4c9b-bbd9-3ab50c3abda1-IGH  *
613  C  126   5  *  *  *  *  *  2987ef13-04c8-4440-b502-490f8d709a7e-IGH  *
660  C  173   5  *  *  *  *  *  33389147-45f2-4aa8-a262-87bf1cf007b9-IGH  *
539  C   52   4  *  *  *  *  *  72eb23b9-1ba4-41b9-938e-d9a054c91974-IGH  *
766  C  279   4  *  *  *  *  *  1f38f381-62e8-4f76-8259-ca2d1b7cebd8-IGH  *
Clusters Ordened By clusters lenght: 
    0  1  2  3  4  5  6  7                                         8  9
10  C  3  4  *  *  *  *  *  32ed0bba-6c36-4f81-9c53-a50ccbd95334-IGH  *
Clusters Ordened By clusters lenght: 
Empty DataFrame
Columns: [0, 1, 2, 3, 4, 5, 6, 7, 8, 9]
Index: []
Clusters Ordened By clusters lenght: 
Empty DataFrame
Columns: [0, 1, 2, 3, 4, 5, 6, 7, 8, 9]
Index: []
Clusters Ordened By clusters lenght: 
Empty DataFrame
Columns: [0, 1, 2, 3, 4, 5, 6, 7, 8, 9]
Index: []
Clusters Ordened By clusters lenght: 
     0   1   2  3  4  5  6  7                                         8  9
135  C  32  12  *  *  *  *  *  32ee71d9-94ef-429e-9b99-558d5f292a67-IGH  *
129  C  26   7  *  *  *  *  *  013d1743-158e-46d0-9fcc-4d6e64d67861-IGH  *
134  C  31   6  *  *  *  *  *  2a52fbba-c6f7-42b6-815e-9f5feb7c7bc0-IGH  *
119  C  16   5  *  *  *  *  *  471ddd8d-6888-40ab-a5b1-df664a1be95e-IGH  *
136  C  33   5  *  *  *  *  *  48d89e71-35a1-45b5-a667-0aefff358459-IGH  *
157  C  54   5  *  *  *  *  *  1c1859e7-9878-47c3-b460-61782696369e-IGH  *
105  C   2   4  *  *  *  *  *  4eb626fb-8d52-4406-a717-889c52c6b794-IGH  *
116  C  13   4  *  *  *  *  *  150dddd9-972a-4e9d-97d2-588bb86209ec-IGH  *
Clusters Ordened By clusters lenght: 
Empty DataFrame
Columns: [0, 1, 2, 3, 4, 5, 6, 7, 8, 9]
Index: []
Clusters Ordened By clusters lenght: 
Empty DataFrame
Columns: [0, 1, 2, 3, 4, 5, 6, 7, 8, 9]
Index: []
Clusters Ordened By clusters lenght: 
Empty DataFrame
Columns: [0, 1, 2, 3, 4, 5, 6, 7, 8, 9]
Index: []
Clusters Ordened By clusters lenght: 
    0  1  2  3  4  5  6  7                                         8  9
27  C  8  4  *  *  *  *  *  0dcba59d-5e4e-4814-b25e-b65dd4d5ae79-IGH  *
Clusters Ordened By clusters lenght: 
Empty DataFrame
Columns: [0, 1, 2, 3, 4, 5, 6, 7, 8, 9]
Index: []
Clusters Ordened By clusters lenght: 
Empty DataFrame
Columns: [0, 1, 2, 3, 4, 5, 6, 7, 8, 9]
Index: []
Clusters Ordened By clusters lenght: 
    0   1  2  3  4  5  6  7                                         8  9
67  C  22  4  *  *  *  *  *  749a6f8a-ca7c-4fbc-884b-90d63aacdd82-IGH  *
Clusters Ordened By clusters lenght: 
Empty DataFrame
Columns: [0, 1, 2, 3, 4, 5, 6, 7, 8, 9]
Index: []
Clusters Ordened By clusters lenght: 
    0  1  2  3  4  5  6  7                                         8  9
29  C  5  4  *  *  *  *  *  33a36c76-a020-4b9e-a333-312fadad849e-IGH  *
Clusters Ordened By clusters lenght: 
Empty DataFrame
Columns: [0, 1, 2, 3, 4, 5, 6, 7, 8, 9]
Index: []
Clusters Ordened By clusters lenght: 
Empty DataFrame
Columns: [0, 1, 2, 3, 4, 5, 6, 7, 8, 9]
Index: []
Clusters Ordened By clusters lenght: 
Empty DataFrame
Columns: [0, 1, 2, 3, 4, 5, 6, 7, 8, 9]
Index: []
Clusters Ordened By clusters lenght: 
Empty DataFrame
Columns: [0, 1, 2, 3, 4, 5, 6, 7, 8, 9]
Index: []
Clusters Ordened By clusters lenght: 
Empty DataFrame
Columns: [0, 1, 2, 3, 4, 5, 6, 7, 8, 9]
Index: []
Clusters Ordened By clusters lenght: 
    0   1   2  3  4  5  6  7                                         8  9
70  C   2  11  *  *  *  *  *  4b329257-be89-4d9c-9bed-df837d8e92cb-IGH  *
91  C  23   4  *  *  *  *  *  36adc9e9-6604-4dee-901f-b10a54596b11-IGH  *
Clusters Ordened By clusters lenght: 
     0   1   2  3  4  5  6  7                                         8  9
129  C  12  17  *  *  *  *  *  021671f5-fcc4-49bf-94af-c250f7bb2327-IGH  *
160  C  43   5  *  *  *  *  *  0e9dc413-4b3c-4d99-b0fb-20748bb050bf-IGH  *
Clusters Ordened By clusters lenght: 
   0  1  2  3  4  5  6  7                                         8  9
9  C  1  4  *  *  *  *  *  03c9332e-7e36-498f-82b2-10cd6935503d-IGH  *
Clusters Ordened By clusters lenght: 
Empty DataFrame
Columns: [0, 1, 2, 3, 4, 5, 6, 7, 8, 9]
Index: []
Clusters Ordened By clusters lenght: 
Empty DataFrame
Columns: [0, 1, 2, 3, 4, 5, 6, 7, 8, 9]
Index: []
Clusters Ordened By clusters lenght: 
Empty DataFrame
Columns: [0, 1, 2, 3, 4, 5, 6, 7, 8, 9]
Index: []
Clusters Ordened By clusters lenght: 
Empty DataFrame
Columns: [0, 1, 2, 3, 4, 5, 6, 7, 8, 9]
Index: []
Clusters Ordened By clusters lenght: 
     0   1  2  3  4  5  6  7                                         8  9
184  C  41  6  *  *  *  *  *  01dc0eb7-89e8-477c-a181-2fdebac51e66-IGH  *
173  C  30  4  *  *  *  *  *  92bbb9db-5dac-4580-a05a-d880f9e5a9e5-IGH  *
225  C  82  4  *  *  *  *  *  465cdd7e-4a42-44b4-9241-e4f4e0595808-IGH  *
Clusters Ordened By clusters lenght: 
Empty DataFrame
Columns: [0, 1, 2, 3, 4, 5, 6, 7, 8, 9]
Index: []
Clusters Ordened By clusters lenght: 
    0  1   2  3  4  5  6  7                                         8  9
17  C  1  12  *  *  *  *  *  2cf6c5fb-ac6e-470e-98d1-485861ef4bf6-IGH  *
Clusters Ordened By clusters lenght: 
Empty DataFrame
Columns: [0, 1, 2, 3, 4, 5, 6, 7, 8, 9]
Index: []
Clusters Ordened By clusters lenght: 
     0    1   2  3  4  5  6  7                                         8  9
307  C  122  10  *  *  *  *  *  42440bd9-2a5f-4ece-96d4-ec2b02c3a6a8-IGH  *
188  C    3   9  *  *  *  *  *  18e9ea3c-74b1-47cf-8920-0ae975ee4410-IGH  *
Clusters Ordened By clusters lenght: 
Empty DataFrame
Columns: [0, 1, 2, 3, 4, 5, 6, 7, 8, 9]
Index: []
Clusters Ordened By clusters lenght: 
Empty DataFrame
Columns: [0, 1, 2, 3, 4, 5, 6, 7, 8, 9]
Index: []
Clusters Ordened By clusters lenght: 
Empty DataFrame
Columns: [0, 1, 2, 3, 4, 5, 6, 7, 8, 9]
Index: []
Clusters Ordened By clusters lenght: 
Empty DataFrame
Columns: [0, 1, 2, 3, 4, 5, 6, 7, 8, 9]
Index: []
Clusters Ordened By clusters lenght: 
Empty DataFrame
Columns: [0, 1, 2, 3, 4, 5, 6, 7, 8, 9]
Index: []
Clusters Ordened By clusters lenght: 
     0   1  2  3  4  5  6  7                                         8  9
193  C  10  5  *  *  *  *  *  3f818375-446d-4188-8c11-efa0e3f0624f-IGH  *
Clusters Ordened By clusters lenght: 
Empty DataFrame
Columns: [0, 1, 2, 3, 4, 5, 6, 7, 8, 9]
Index: []
Clusters Ordened By clusters lenght: 
Empty DataFrame
Columns: [0, 1, 2, 3, 4, 5, 6, 7, 8, 9]
Index: []
Clusters Ordened By clusters lenght: 
Empty DataFrame
Columns: [0, 1, 2, 3, 4, 5, 6, 7, 8, 9]
Index: []
Clusters Ordened By clusters lenght: 
    0  1  2  3  4  5  6  7                                         8  9
12  C  0  8  *  *  *  *  *  13d3dd86-4304-425c-a929-972f7f76c889-IGH  *
Clusters Ordened By clusters lenght: 
Empty DataFrame
Columns: [0, 1, 2, 3, 4, 5, 6, 7, 8, 9]
Index: []
Clusters Ordened By clusters lenght: 
Empty DataFrame
Columns: [0, 1, 2, 3, 4, 5, 6, 7, 8, 9]
Index: []
Clusters Ordened By clusters lenght: 
Empty DataFrame
Columns: [0, 1, 2, 3, 4, 5, 6, 7, 8, 9]
Index: []
Clusters Ordened By clusters lenght: 
     0   1  2  3  4  5  6  7                                         8  9
169  C  63  5  *  *  *  *  *  620fd1ec-190d-4cd6-aa55-25a6bdc8dbad-IGH  *
Clusters Ordened By clusters lenght: 
Empty DataFrame
Columns: [0, 1, 2, 3, 4, 5, 6, 7, 8, 9]
Index: []
Clusters Ordened By clusters lenght: 
    0   1  2  3  4  5  6  7                                         8  9
63  C  24  4  *  *  *  *  *  17303bb2-ba33-4697-a838-1b62050d0142-IGH  *
Clusters Ordened By clusters lenght: 
Empty DataFrame
Columns: [0, 1, 2, 3, 4, 5, 6, 7, 8, 9]
Index: []
Clusters Ordened By clusters lenght: 
Empty DataFrame
Columns: [0, 1, 2, 3, 4, 5, 6, 7, 8, 9]
Index: []
Clusters Ordened By clusters lenght: 
Empty DataFrame
Columns: [0, 1, 2, 3, 4, 5, 6, 7, 8, 9]
Index: []
Clusters Ordened By clusters lenght: 
Empty DataFrame
Columns: [0, 1, 2, 3, 4, 5, 6, 7, 8, 9]
Index: []
Clusters Ordened By clusters lenght: 
     0   1  2  3  4  5  6  7                                         8  9
107  C  45  5  *  *  *  *  *  16c2afee-9717-4d67-b523-50b405f8eb9b-IGH  *
Clusters Ordened By clusters lenght: 
     0   1  2  3  4  5  6  7                                         8  9
103  C  19  4  *  *  *  *  *  095707c9-58bc-4541-a468-d83a1da90aa4-IGH  *
Clusters Ordened By clusters lenght: 
Empty DataFrame
Columns: [0, 1, 2, 3, 4, 5, 6, 7, 8, 9]
Index: []
Clusters Ordened By clusters lenght: 
     0   1  2  3  4  5  6  7                                         8  9
121  C   8  9  *  *  *  *  *  2fd240db-7380-44c1-bcc5-78bc6cb6bf57-IGH  *
119  C   6  8  *  *  *  *  *  10a2339a-7d6c-4eed-b022-9a3a297cbaaf-IGH  *
144  C  31  5  *  *  *  *  *  9ce4a897-37e3-461f-a9d3-089efc95fdc2-IGH  *
Clusters Ordened By clusters lenght: 
Empty DataFrame
Columns: [0, 1, 2, 3, 4, 5, 6, 7, 8, 9]
Index: []
Clusters Ordened By clusters lenght: 
    0   1   2  3  4  5  6  7                                         8  9
82  C   0  15  *  *  *  *  *  006d8e68-a2cf-4cd4-870d-e60c1e299945-IGH  *
94  C  12   4  *  *  *  *  *  8242824b-05e5-4672-951c-b0aed9c358ba-IGH  *
Clusters Ordened By clusters lenght: 
Empty DataFrame
Columns: [0, 1, 2, 3, 4, 5, 6, 7, 8, 9]
Index: []
Clusters Ordened By clusters lenght: 
Empty DataFrame
Columns: [0, 1, 2, 3, 4, 5, 6, 7, 8, 9]
Index: []
Clusters Ordened By clusters lenght: 
    0   1  2  3  4  5  6  7                                         8  9
29  C  10  4  *  *  *  *  *  1b1cf18a-a197-4bcf-b80c-c6421a814a19-IGH  *
Clusters Ordened By clusters lenght: 
Empty DataFrame
Columns: [0, 1, 2, 3, 4, 5, 6, 7, 8, 9]
Index: []
Clusters Ordened By clusters lenght: 
Empty DataFrame
Columns: [0, 1, 2, 3, 4, 5, 6, 7, 8, 9]
Index: []
Clusters Ordened By clusters lenght: 
Empty DataFrame
Columns: [0, 1, 2, 3, 4, 5, 6, 7, 8, 9]
Index: []
Clusters Ordened By clusters lenght: 
Empty DataFrame
Columns: [0, 1, 2, 3, 4, 5, 6, 7, 8, 9]
Index: []
Clusters Ordened By clusters lenght: 
Empty DataFrame
Columns: [0, 1, 2, 3, 4, 5, 6, 7, 8, 9]
Index: []
Clusters Ordened By clusters lenght: 
Empty DataFrame
Columns: [0, 1, 2, 3, 4, 5, 6, 7, 8, 9]
Index: []
Clusters Ordened By clusters lenght: 
Empty DataFrame
Columns: [0, 1, 2, 3, 4, 5, 6, 7, 8, 9]
Index: []
Clusters Ordened By clusters lenght: 
Empty DataFrame
Columns: [0, 1, 2, 3, 4, 5, 6, 7, 8, 9]
Index: []
Clusters Ordened By clusters lenght: 
Empty DataFrame
Columns: [0, 1, 2, 3, 4, 5, 6, 7, 8, 9]
Index: []
Clusters Ordened By clusters lenght: 
Empty DataFrame
Columns: [0, 1, 2, 3, 4, 5, 6, 7, 8, 9]
Index: []
Clusters Ordened By clusters lenght: 
    0  1  2  3  4  5  6  7                                         8  9
27  C  9  5  *  *  *  *  *  475a10a3-13c3-4b13-b133-befc5969bddf-IGH  *
Clusters Ordened By clusters lenght: 
Empty DataFrame
Columns: [0, 1, 2, 3, 4, 5, 6, 7, 8, 9]
Index: []
Clusters Ordened By clusters lenght: 
Empty DataFrame
Columns: [0, 1, 2, 3, 4, 5, 6, 7, 8, 9]
Index: []
Clusters Ordened By clusters lenght: 
Empty DataFrame
Columns: [0, 1, 2, 3, 4, 5, 6, 7, 8, 9]
Index: []
Clusters Ordened By clusters lenght: 
Empty DataFrame
Columns: [0, 1, 2, 3, 4, 5, 6, 7, 8, 9]
Index: []
Clusters Ordened By clusters lenght: 
Empty DataFrame
Columns: [0, 1, 2, 3, 4, 5, 6, 7, 8, 9]
Index: []
Clusters Ordened By clusters lenght: 
Empty DataFrame
Columns: [0, 1, 2, 3, 4, 5, 6, 7, 8, 9]
Index: []
Clusters Ordened By clusters lenght: 
Empty DataFrame
Columns: [0, 1, 2, 3, 4, 5, 6, 7, 8, 9]
Index: []
Clusters Ordened By clusters lenght: 
Empty DataFrame
Columns: [0, 1, 2, 3, 4, 5, 6, 7, 8, 9]
Index: []
Clusters Ordened By clusters lenght: 
Empty DataFrame
Columns: [0, 1, 2, 3, 4, 5, 6, 7, 8, 9]
Index: []
Clusters Ordened By clusters lenght: 
Empty DataFrame
Columns: [0, 1, 2, 3, 4, 5, 6, 7, 8, 9]
Index: []
Clusters Ordened By clusters lenght: 
    0  1  2  3  4  5  6  7                                         8  9
17  C  2  4  *  *  *  *  *  18fb9ec5-0fc6-426f-9365-3b7a236a09aa-IGH  *
Clusters Ordened By clusters lenght: 
Empty DataFrame
Columns: [0, 1, 2, 3, 4, 5, 6, 7, 8, 9]
Index: []
Clusters Ordened By clusters lenght: 
Empty DataFrame
Columns: [0, 1, 2, 3, 4, 5, 6, 7, 8, 9]
Index: []
Clusters Ordened By clusters lenght: 
Empty DataFrame
Columns: [0, 1, 2, 3, 4, 5, 6, 7, 8, 9]
Index: []
Clusters Ordened By clusters lenght: 
Empty DataFrame
Columns: [0, 1, 2, 3, 4, 5, 6, 7, 8, 9]
Index: []
Clusters Ordened By clusters lenght: 
Empty DataFrame
Columns: [0, 1, 2, 3, 4, 5, 6, 7, 8, 9]
Index: []
Clusters Ordened By clusters lenght: 
Empty DataFrame
Columns: [0, 1, 2, 3, 4, 5, 6, 7, 8, 9]
Index: []
Clusters Ordened By clusters lenght: 
Empty DataFrame
Columns: [0, 1, 2, 3, 4, 5, 6, 7, 8, 9]
Index: []
Clusters Ordened By clusters lenght: 
Empty DataFrame
Columns: [0, 1, 2, 3, 4, 5, 6, 7, 8, 9]
Index: []
Clusters Ordened By clusters lenght: 
    0  1  2  3  4  5  6  7                                         8  9
14  C  2  7  *  *  *  *  *  32b85111-42da-4763-a9e4-7396ffb93731-IGH  *
Clusters Ordened By clusters lenght: 
     0   1  2  3  4  5  6  7                                         8  9
78   C   1  9  *  *  *  *  *  0fddf06d-a2ca-4414-90c5-2de35c229103-IGH  *
104  C  27  8  *  *  *  *  *  271530ec-e653-4d29-b3c3-8f61acf52752-IGH  *
95   C  18  4  *  *  *  *  *  31633ab3-ed6d-44e7-85ec-5df8f88b4c64-IGH  *
101  C  24  4  *  *  *  *  *  0af1f213-2686-422a-9b75-8810e0d10d67-IGH  *
107  C  30  4  *  *  *  *  *  53304e7d-0ecb-4126-9e4a-53070a8a1482-IGH  *
Clusters Ordened By clusters lenght: 
Empty DataFrame
Columns: [0, 1, 2, 3, 4, 5, 6, 7, 8, 9]
Index: []
Clusters Ordened By clusters lenght: 
Empty DataFrame
Columns: [0, 1, 2, 3, 4, 5, 6, 7, 8, 9]
Index: []
Clusters Ordened By clusters lenght: 
     0    1  2  3  4  5  6  7                                         8  9
579  C  135  8  *  *  *  *  *  46f37f9b-5c69-4e7a-8e85-bb1a9f71a355-IGH  *
473  C   29  7  *  *  *  *  *  1d54d5cf-16c8-4dee-9159-e1d8f3de7499-IGH  *
444  C    0  6  *  *  *  *  *  23cbf3eb-5e84-4250-99d3-dd7d23453150-IGH  *
734  C  290  5  *  *  *  *  *  4560751a-ca82-4558-b152-8468580e6a4a-IGH  *
568  C  124  4  *  *  *  *  *  2c062230-67e5-4bb6-889b-162dec3e3db9-IGH  *
722  C  278  4  *  *  *  *  *  18b3b275-cf54-40c7-990f-74f2906beb02-IGH  *
812  C  368  4  *  *  *  *  *  157d6fea-b684-4545-b654-b2428ee2f9ad-IGH  *
Clusters Ordened By clusters lenght: 
Empty DataFrame
Columns: [0, 1, 2, 3, 4, 5, 6, 7, 8, 9]
Index: []
Clusters Ordened By clusters lenght: 
Empty DataFrame
Columns: [0, 1, 2, 3, 4, 5, 6, 7, 8, 9]
Index: []
Clusters Ordened By clusters lenght: 
Empty DataFrame
Columns: [0, 1, 2, 3, 4, 5, 6, 7, 8, 9]
Index: []
Clusters Ordened By clusters lenght: 
     0   1  2  3  4  5  6  7                                         8  9
149  C  64  7  *  *  *  *  *  0b00a476-3c84-45fb-8d64-08655173b8ec-IGH  *
Clusters Ordened By clusters lenght: 
    0   1  2  3  4  5  6  7                                         8  9
84  C  33  8  *  *  *  *  *  32465c40-1aa7-4bba-bf51-85317b008789-IGH  *
Clusters Ordened By clusters lenght: 
    0  1  2  3  4  5  6  7                                         8  9
12  C  1  7  *  *  *  *  *  49fdab2b-c2c4-4e0f-8445-9a42f165fbd4-IGH  *
Clusters Ordened By clusters lenght: 
Empty DataFrame
Columns: [0, 1, 2, 3, 4, 5, 6, 7, 8, 9]
Index: []
Clusters Ordened By clusters lenght: 
Empty DataFrame
Columns: [0, 1, 2, 3, 4, 5, 6, 7, 8, 9]
Index: []
Clusters Ordened By clusters lenght: 
     0   1   2  3  4  5  6  7                                         8  9
198  C  37  10  *  *  *  *  *  01f99e09-efac-4404-b0bd-a0facb65fe82-IGH  *
251  C  90  10  *  *  *  *  *  608ece8e-d5fa-4601-9864-58dabb2658f6-IGH  *
Clusters Ordened By clusters lenght: 
Empty DataFrame
Columns: [0, 1, 2, 3, 4, 5, 6, 7, 8, 9]
Index: []
Clusters Ordened By clusters lenght: 
Empty DataFrame
Columns: [0, 1, 2, 3, 4, 5, 6, 7, 8, 9]
Index: []
Clusters Ordened By clusters lenght: 
Empty DataFrame
Columns: [0, 1, 2, 3, 4, 5, 6, 7, 8, 9]
Index: []
Clusters Ordened By clusters lenght: 
Empty DataFrame
Columns: [0, 1, 2, 3, 4, 5, 6, 7, 8, 9]
Index: []
Clusters Ordened By clusters lenght: 
Empty DataFrame
Columns: [0, 1, 2, 3, 4, 5, 6, 7, 8, 9]
Index: []
Clusters Ordened By clusters lenght: 
Empty DataFrame
Columns: [0, 1, 2, 3, 4, 5, 6, 7, 8, 9]
Index: []
Clusters Ordened By clusters lenght: 
Empty DataFrame
Columns: [0, 1, 2, 3, 4, 5, 6, 7, 8, 9]
Index: []
Clusters Ordened By clusters lenght: 
Empty DataFrame
Columns: [0, 1, 2, 3, 4, 5, 6, 7, 8, 9]
Index: []
Clusters Ordened By clusters lenght: 
    0   1  2  3  4  5  6  7                                         8  9
56  C  15  8  *  *  *  *  *  1c4d8c34-811e-44d1-a0a4-50ac7f8cdb5b-IGH  *
55  C  14  6  *  *  *  *  *  042947c1-6473-492b-8256-b5afbe6008e0-IGH  *
41  C   0  4  *  *  *  *  *  16cba5f4-84be-4799-869a-81baddf7c5e6-IGH  *
Clusters Ordened By clusters lenght: 
Empty DataFrame
Columns: [0, 1, 2, 3, 4, 5, 6, 7, 8, 9]
Index: []
Clusters Ordened By clusters lenght: 
Empty DataFrame
Columns: [0, 1, 2, 3, 4, 5, 6, 7, 8, 9]
Index: []
Clusters Ordened By clusters lenght: 
Empty DataFrame
Columns: [0, 1, 2, 3, 4, 5, 6, 7, 8, 9]
Index: []
Clusters Ordened By clusters lenght: 
Empty DataFrame
Columns: [0, 1, 2, 3, 4, 5, 6, 7, 8, 9]
Index: []
Clusters Ordened By clusters lenght: 
    0  1  2  3  4  5  6  7                                         8  9
23  C  6  5  *  *  *  *  *  75f74548-adef-4a51-a4ea-d7f516329452-IGH  *
Clusters Ordened By clusters lenght: 
Empty DataFrame
Columns: [0, 1, 2, 3, 4, 5, 6, 7, 8, 9]
Index: []
Clusters Ordened By clusters lenght: 
Empty DataFrame
Columns: [0, 1, 2, 3, 4, 5, 6, 7, 8, 9]
Index: []
Clusters Ordened By clusters lenght: 
     0   1  2  3  4  5  6  7                                         8  9
135  C  48  5  *  *  *  *  *  592ba7c4-41e8-491d-9e0f-963458e6eb87-IGH  *
Clusters Ordened By clusters lenght: 
Empty DataFrame
Columns: [0, 1, 2, 3, 4, 5, 6, 7, 8, 9]
Index: []
Clusters Ordened By clusters lenght: 
    0  1   2  3  4  5  6  7                                         8  9
85  C  0  11  *  *  *  *  *  36c99cc4-d785-4180-ba1f-c37b441bedf8-IGH  *
Clusters Ordened By clusters lenght: 
Empty DataFrame
Columns: [0, 1, 2, 3, 4, 5, 6, 7, 8, 9]
Index: []
Clusters Ordened By clusters lenght: 
   0  1  2  3  4  5  6  7                                         8  9
8  C  0  6  *  *  *  *  *  605d7118-c847-467f-9d4b-7b07428f0804-IGH  *
Clusters Ordened By clusters lenght: 
   0  1  2  3  4  5  6  7                                         8  9
7  C  0  4  *  *  *  *  *  56b5cea6-2ea6-4777-867b-47a08e3ffd66-IGH  *
Clusters Ordened By clusters lenght: 
     0   1  2  3  4  5  6  7                                         8  9
103  C   0  4  *  *  *  *  *  0d42fb77-ae44-4568-9c04-02f2ae3efe6c-IGH  *
111  C   8  4  *  *  *  *  *  045da1d9-07ad-41bf-a8f8-945bc981af65-IGH  *
162  C  59  4  *  *  *  *  *  587897ae-50cb-4a84-8bb0-45ef79fb22e3-IGH  *
Clusters Ordened By clusters lenght: 
     0   1    2  3  4  5  6  7                                         8  9
479  C  21  290  *  *  *  *  *  009cf3d7-d999-4900-85e1-9b7a86c1da94-IGH  *
480  C  22   44  *  *  *  *  *  02c0562a-e576-49fc-96f1-70a1edd380eb-IGH  *
492  C  34   35  *  *  *  *  *  8f5bfdcc-58d0-4494-9244-9004150a1c4d-IGH  *
483  C  25   11  *  *  *  *  *  2b0ff7f2-35d8-4986-9dec-ec553f8e7d44-IGH  *
484  C  26    9  *  *  *  *  *  3ea467df-5cce-4235-b18e-ef2ea9e9216b-IGH  *
489  C  31    8  *  *  *  *  *  6b8c8c01-835b-4287-b4a9-309b44dae91c-IGH  *
481  C  23    5  *  *  *  *  *  04abf9df-e413-41ba-b6f2-2b5e7b255bf6-IGH  *
Clusters Ordened By clusters lenght: 
Empty DataFrame
Columns: [0, 1, 2, 3, 4, 5, 6, 7, 8, 9]
Index: []
Clusters Ordened By clusters lenght: 
Empty DataFrame
Columns: [0, 1, 2, 3, 4, 5, 6, 7, 8, 9]
Index: []
Clusters Ordened By clusters lenght: 
Empty DataFrame
Columns: [0, 1, 2, 3, 4, 5, 6, 7, 8, 9]
Index: []
Clusters Ordened By clusters lenght: 
   0  1  2  3  4  5  6  7                                         8  9
6  C  0  4  *  *  *  *  *  42e2bc14-de0b-4621-96da-963f1141eab7-IGH  *
Clusters Ordened By clusters lenght: 
Empty DataFrame
Columns: [0, 1, 2, 3, 4, 5, 6, 7, 8, 9]
Index: []
Clusters Ordened By clusters lenght: 
    0  1  2  3  4  5  6  7                                         8  9
13  C  0  9  *  *  *  *  *  22854d18-51b3-4b03-ba38-92c778db6de7-IGH  *
Clusters Ordened By clusters lenght: 
      0    1    2  3  4  5  6  7                                         8  9
2705  C  599  164  *  *  *  *  *  0188c386-2b25-4150-8187-186ef24cfc5f-IGH  *
2706  C  600  100  *  *  *  *  *  0259fa56-ec86-42da-aa94-ab1fa535df71-IGH  *
2704  C  598   74  *  *  *  *  *  00211f30-99b0-477c-8c8f-80a1db431af8-IGH  *
2714  C  608   42  *  *  *  *  *  0968bfbd-450b-4774-989f-7839badc098e-IGH  *
2215  C  109   39  *  *  *  *  *  093e1834-d7d5-4478-8a28-15405d329ed5-IGH  *
...  ..  ...  ... .. .. .. .. ..                                       ... ..
2750  C  644    4  *  *  *  *  *  44a5ed19-0b23-4807-b842-d7cc036cccd3-IGH  *
2749  C  643    4  *  *  *  *  *  44059361-d3d9-433d-828b-917b8c68bcfd-IGH  *
2855  C  749    4  *  *  *  *  *  2fdd27b5-7565-47d6-86dc-8676b4b8e2d8-IGH  *
2890  C  784    4  *  *  *  *  *  8218e7c7-8275-4cec-93ca-17f864040fc7-IGH  *
2873  C  767    4  *  *  *  *  *  52951d5a-3099-4514-b1b8-5236fc51c160-IGH  *

[83 rows x 10 columns]
Clusters Ordened By clusters lenght: 
    0  1  2  3  4  5  6  7                                         8  9
20  C  3  4  *  *  *  *  *  1eece45f-f4a0-427e-8391-b141ad29a465-IGH  *
Clusters Ordened By clusters lenght: 
Empty DataFrame
Columns: [0, 1, 2, 3, 4, 5, 6, 7, 8, 9]
Index: []
Clusters Ordened By clusters lenght: 
    0  1  2  3  4  5  6  7                                         8  9
33  C  1  5  *  *  *  *  *  3903dd72-abc8-4f7c-86fd-2d9b68c80533-IGH  *
Clusters Ordened By clusters lenght: 
    0  1  2  3  4  5  6  7                                         8  9
20  C  0  9  *  *  *  *  *  1dea3fdd-6a1f-409f-b087-9ef7d3ffa846-IGH  *
25  C  5  4  *  *  *  *  *  8fd061c4-9a4d-47b7-be0b-4ba4307de3d7-IGH  *
Clusters Ordened By clusters lenght: 
Empty DataFrame
Columns: [0, 1, 2, 3, 4, 5, 6, 7, 8, 9]
Index: []
Clusters Ordened By clusters lenght: 
Empty DataFrame
Columns: [0, 1, 2, 3, 4, 5, 6, 7, 8, 9]
Index: []
Clusters Ordened By clusters lenght: 
Empty DataFrame
Columns: [0, 1, 2, 3, 4, 5, 6, 7, 8, 9]
Index: []
Clusters Ordened By clusters lenght: 
    0  1  2  3  4  5  6  7                                         8  9
42  C  8  7  *  *  *  *  *  299fd2b5-b2b5-433b-a7ee-7d16d74d6a40-IGH  *
43  C  9  6  *  *  *  *  *  2f7615f9-ef25-41b6-ba5e-7bf9da94bcd6-IGH  *
Clusters Ordened By clusters lenght: 
     0   1   2  3  4  5  6  7                                         8  9
123  C  23  20  *  *  *  *  *  026c2750-3ca4-4912-aed8-541b01d68013-IGH  *
Clusters Ordened By clusters lenght: 
Empty DataFrame
Columns: [0, 1, 2, 3, 4, 5, 6, 7, 8, 9]
Index: []
Clusters Ordened By clusters lenght: 
Empty DataFrame
Columns: [0, 1, 2, 3, 4, 5, 6, 7, 8, 9]
Index: []
Clusters Ordened By clusters lenght: 
    0   1  2  3  4  5  6  7                                         8  9
74  C  27  6  *  *  *  *  *  181d4568-569e-4d82-aa2a-45a6d2113c54-IGH  *
Clusters Ordened By clusters lenght: 
    0  1  2  3  4  5  6  7                                         8  9
20  C  5  5  *  *  *  *  *  1a1d78cd-2e10-4afd-b111-458e71151ac0-IGH  *
Clusters Ordened By clusters lenght: 
Empty DataFrame
Columns: [0, 1, 2, 3, 4, 5, 6, 7, 8, 9]
Index: []
Clusters Ordened By clusters lenght: 
     0   1  2  3  4  5  6  7                                         8  9
199  C  76  5  *  *  *  *  *  5c38169c-438d-4e51-a59f-aa0399c36ee9-IGH  *
125  C   2  4  *  *  *  *  *  c6ad335a-fdc7-4516-9dc0-9d7b26331769-IGH  *
Clusters Ordened By clusters lenght: 
    0   1  2  3  4  5  6  7                                         8  9
39  C  10  4  *  *  *  *  *  1a738ba4-c98e-4924-ba43-bc9066797274-IGH  *
Clusters Ordened By clusters lenght: 
Empty DataFrame
Columns: [0, 1, 2, 3, 4, 5, 6, 7, 8, 9]
Index: []
Clusters Ordened By clusters lenght: 
    0  1  2  3  4  5  6  7                                         8  9
15  C  4  5  *  *  *  *  *  1fcbc97f-809c-4d72-8a6b-624c94c17ab7-IGH  *
Clusters Ordened By clusters lenght: 
Empty DataFrame
Columns: [0, 1, 2, 3, 4, 5, 6, 7, 8, 9]
Index: []
Clusters Ordened By clusters lenght: 
    0  1  2  3  4  5  6  7                                         8  9
44  C  3  4  *  *  *  *  *  1db9ef8f-63e3-4530-aa12-8c9289410f4e-IGH  *
Clusters Ordened By clusters lenght: 
Empty DataFrame
Columns: [0, 1, 2, 3, 4, 5, 6, 7, 8, 9]
Index: []
Clusters Ordened By clusters lenght: 
Empty DataFrame
Columns: [0, 1, 2, 3, 4, 5, 6, 7, 8, 9]
Index: []
Clusters Ordened By clusters lenght: 
      0    1    2  3  4  5  6  7                                         8  9
995   C  159  114  *  *  *  *  *  022ff523-af8d-41da-9cbb-209149446ab7-IGH  *
993   C  157  106  *  *  *  *  *  00629a89-68c5-414f-9478-d9cdea405fde-IGH  *
953   C  117   18  *  *  *  *  *  45b4779c-f54b-4cb8-9296-e5ad240e8188-IGH  *
928   C   92   16  *  *  *  *  *  051d2abd-403c-4af8-b49e-2017891b59d4-IGH  *
1012  C  176   15  *  *  *  *  *  18a76f7b-79d5-4a4f-a3fa-ff3fd3f11edf-IGH  *
942   C  106   13  *  *  *  *  *  2745d69c-bd4f-4920-a0c5-79db054a8990-IGH  *
938   C  102   13  *  *  *  *  *  1ed097d6-ff7e-493f-80e0-3557c3db4da3-IGH  *
871   C   35   13  *  *  *  *  *  0bf49ceb-3169-44f4-b601-d6b5d0edda9f-IGH  *
1034  C  198   10  *  *  *  *  *  5b72ab08-6686-408c-9875-cc7628260dcb-IGH  *
934   C   98   10  *  *  *  *  *  0edcf1ea-78aa-4324-8586-3acd977fb00c-IGH  *
945   C  109    9  *  *  *  *  *  29186459-e27c-40fa-8955-69e932595bd4-IGH  *
1098  C  262    9  *  *  *  *  *  1d344f97-7f1b-4d8e-b0b1-ebba33312b9a-IGH  *
1001  C  165    9  *  *  *  *  *  0b033972-013f-4109-ac69-4db415cc0b34-IGH  *
1011  C  175    8  *  *  *  *  *  186c4ed9-e462-4c72-b7b4-b7caad247ce4-IGH  *
1002  C  166    8  *  *  *  *  *  0faace6d-4c28-4844-97cc-d20bc881a4b0-IGH  *
1094  C  258    8  *  *  *  *  *  06a7f7e3-06e9-44aa-b51c-a63fa215768f-IGH  *
1093  C  257    8  *  *  *  *  *  01967a18-15f1-44a7-9c0e-d85a1a7d80a6-IGH  *
845   C    9    8  *  *  *  *  *  aebf4b20-8d4c-4cfe-a9df-0e2742f9adaa-IGH  *
931   C   95    7  *  *  *  *  *  0b657b61-41ca-4d7b-9444-f5f03e40a879-IGH  *
1016  C  180    7  *  *  *  *  *  1c6d5e3e-8bb9-4cc0-b39a-a233fb4e89a7-IGH  *
1027  C  191    7  *  *  *  *  *  3a085c3d-c71e-451a-959f-5c28a7c0bd8d-IGH  *
1008  C  172    6  *  *  *  *  *  1640d8fb-9437-4325-b7e1-298a01442441-IGH  *
1069  C  233    6  *  *  *  *  *  059f1c45-4447-40e0-aa57-85744b6eb193-IGH  *
1039  C  203    6  *  *  *  *  *  6111d7cb-4999-4fac-9a56-a4dba95d1426-IGH  *
932   C   96    6  *  *  *  *  *  0c7ae7d6-10bd-43e6-9aaf-7cb65e7c254f-IGH  *
891   C   55    5  *  *  *  *  *  5f1dff98-6a27-404d-89c5-62aa464d21e7-IGH  *
879   C   43    5  *  *  *  *  *  1fc73023-9f30-442c-bc8d-d72f9ceb00eb-IGH  *
1097  C  261    5  *  *  *  *  *  19d7038e-2c8e-4905-8b4b-d0d51fb781c8-IGH  *
1025  C  189    5  *  *  *  *  *  322b5b80-1f52-4b40-aed8-3d4335db5ecc-IGH  *
836   C    0    4  *  *  *  *  *  2c365b77-3a11-453b-8452-24362d6e230b-IGH  *
887   C   51    4  *  *  *  *  *  464c4628-4fdd-421d-86dc-c4d016c42b4f-IGH  *
878   C   42    4  *  *  *  *  *  1953a076-c971-4930-a258-1588faa86c50-IGH  *
940   C  104    4  *  *  *  *  *  231e7e53-120f-4840-8f73-c8a01f4d2511-IGH  *
943   C  107    4  *  *  *  *  *  27666a3a-1685-43f7-8263-c04d3358a718-IGH  *
950   C  114    4  *  *  *  *  *  42f7cf84-b62a-4c52-a1d9-2da45a135ba7-IGH  *
1010  C  174    4  *  *  *  *  *  18364dc5-08bb-4a83-9dac-c90103ef8b63-IGH  *
1077  C  241    4  *  *  *  *  *  2ed904be-38d6-4da5-a1f5-777b4a77159b-IGH  *
1018  C  182    4  *  *  *  *  *  1f309c53-3d21-47a9-90c3-7336553fcd17-IGH  *
1035  C  199    4  *  *  *  *  *  5e5587dd-0572-4fd3-9497-9e8e009c5495-IGH  *
1095  C  259    4  *  *  *  *  *  0a037026-00f7-4c87-a8e7-892fddf54577-IGH  *
1082  C  246    4  *  *  *  *  *  6f069abf-9097-457c-a808-7e4b266d8ddc-IGH  *
1096  C  260    4  *  *  *  *  *  0cb35dc5-3d7a-485c-95dd-0d459ac6ee0d-IGH  *
1107  C  271    4  *  *  *  *  *  3fe9d8ca-ecfb-498b-a38d-ee0b5474b93a-IGH  *
Clusters Ordened By clusters lenght: 
     0    1   2  3  4  5  6  7                                         8  9
263  C   62  12  *  *  *  *  *  0d80c46e-23eb-4288-939c-03868f9a31ad-IGH  *
327  C  126  12  *  *  *  *  *  0327bf5d-5ab8-4c89-94e5-22837d91614c-IGH  *
270  C   69   7  *  *  *  *  *  56160508-4b5d-49f0-a391-1b0ed33b150d-IGH  *
265  C   64   5  *  *  *  *  *  20fc3912-16d6-42c2-abc9-f5a033bcc544-IGH  *
268  C   67   4  *  *  *  *  *  2da02fb1-2339-4592-8d69-9a5f25e78089-IGH  *
205  C    4   4  *  *  *  *  *  2924fccd-e02b-4fc0-b31e-bb000e9d8759-IGH  *
300  C   99   4  *  *  *  *  *  50dc91b3-8082-4e49-b5de-3e6841711f4f-IGH  *
336  C  135   4  *  *  *  *  *  bced9ac1-3a3d-4ad6-a985-ba9d7d7664f8-IGH  *
Clusters Ordened By clusters lenght: 
    0  1   2  3  4  5  6  7                                         8  9
22  C  3  14  *  *  *  *  *  011e6b42-073b-45ea-9ca4-f1c67e95b68d-IGH  *
Clusters Ordened By clusters lenght: 
   0  1  2  3  4  5  6  7                                         8  9
7  C  0  4  *  *  *  *  *  05a5bd19-4bc9-4fc5-984b-f3da40649bbe-IGH  *
Clusters Ordened By clusters lenght: 
Empty DataFrame
Columns: [0, 1, 2, 3, 4, 5, 6, 7, 8, 9]
Index: []
Clusters Ordened By clusters lenght: 
     0    1    2  3  4  5  6  7                                         8  9
601  C  131  234  *  *  *  *  *  003736a2-84bf-4f06-b0f9-e2289db20979-IGH  *
518  C   48   13  *  *  *  *  *  294c988c-9cdd-4631-b180-af9714145191-IGH  *
502  C   32    7  *  *  *  *  *  3779ac3b-86ab-479d-9169-a4d271189f94-IGH  *
478  C    8    6  *  *  *  *  *  28e0edf4-feeb-4fc0-8c97-967111f876cc-IGH  *
516  C   46    6  *  *  *  *  *  1888d6fb-1f3d-44e8-aa3c-07f4ff9678b7-IGH  *
515  C   45    6  *  *  *  *  *  0eae452c-894a-4273-97e2-9dfdb73a3b01-IGH  *
584  C  114    6  *  *  *  *  *  0933dfaa-2420-402c-a0f3-3fcaca6a3dbe-IGH  *
539  C   69    4  *  *  *  *  *  4f271e01-a0d1-4b1c-b0ad-7df2f48d6c0d-IGH  *
Clusters Ordened By clusters lenght: 
Empty DataFrame
Columns: [0, 1, 2, 3, 4, 5, 6, 7, 8, 9]
Index: []
Clusters Ordened By clusters lenght: 
     0   1  2  3  4  5  6  7                                         8  9
134  C  49  5  *  *  *  *  *  0c11a776-c133-46ea-aa64-4b46daea0199-IGH  *
Clusters Ordened By clusters lenght: 
Empty DataFrame
Columns: [0, 1, 2, 3, 4, 5, 6, 7, 8, 9]
Index: []
Clusters Ordened By clusters lenght: 
Empty DataFrame
Columns: [0, 1, 2, 3, 4, 5, 6, 7, 8, 9]
Index: []
Clusters Ordened By clusters lenght: 
    0  1  2  3  4  5  6  7                                         8  9
33  C  9  4  *  *  *  *  *  032a679c-4834-4dd0-aaa3-b5bf039b0b94-IGH  *
Clusters Ordened By clusters lenght: 
Empty DataFrame
Columns: [0, 1, 2, 3, 4, 5, 6, 7, 8, 9]
Index: []
Clusters Ordened By clusters lenght: 
     0   1  2  3  4  5  6  7                                         8  9
122  C  48  5  *  *  *  *  *  016b563b-bb8e-491b-8973-d1d7ab921a74-IGH  *
Clusters Ordened By clusters lenght: 
Empty DataFrame
Columns: [0, 1, 2, 3, 4, 5, 6, 7, 8, 9]
Index: []
Clusters Ordened By clusters lenght: 
Empty DataFrame
Columns: [0, 1, 2, 3, 4, 5, 6, 7, 8, 9]
Index: []
Clusters Ordened By clusters lenght: 
Empty DataFrame
Columns: [0, 1, 2, 3, 4, 5, 6, 7, 8, 9]
Index: []
Clusters Ordened By clusters lenght: 
    0  1   2  3  4  5  6  7                                         8  9
85  C  3  12  *  *  *  *  *  3508c7f4-6c27-4748-83d0-976fb99b687f-IGH  *
Clusters Ordened By clusters lenght: 
     0    1  2  3  4  5  6  7                                         8  9
567  C  230  9  *  *  *  *  *  07fd80d6-b860-41cf-8ec4-13f8acd78a8b-IGH  *
Clusters Ordened By clusters lenght: 
    0  1  2  3  4  5  6  7                                         8  9
39  C  7  7  *  *  *  *  *  2b11a08d-a08e-4f24-b879-dbf9f2b1672f-IGH  *
Clusters Ordened By clusters lenght: 
Empty DataFrame
Columns: [0, 1, 2, 3, 4, 5, 6, 7, 8, 9]
Index: []
Clusters Ordened By clusters lenght: 
Empty DataFrame
Columns: [0, 1, 2, 3, 4, 5, 6, 7, 8, 9]
Index: []
Clusters Ordened By clusters lenght: 
     0    1   2  3  4  5  6  7                                         8  9
299  C   19  27  *  *  *  *  *  15d77420-5f5c-4e35-a2a0-203d35dbffe2-IGH  *
482  C  202   5  *  *  *  *  *  6de06067-a9fa-434d-b4b9-c26b93930b10-IGH  *
291  C   11   4  *  *  *  *  *  48517e54-539d-4a6b-b276-c4b414236b26-IGH  *
390  C  110   4  *  *  *  *  *  68bee730-3475-46dc-bbfa-fe53b054a3ca-IGH  *
445  C  165   4  *  *  *  *  *  299cfe60-652a-4bfc-ba5e-8d2e0472d661-IGH  *
472  C  192   4  *  *  *  *  *  18e62298-41ca-4567-863f-9b6f524fdcfe-IGH  *
Clusters Ordened By clusters lenght: 
    0  1  2  3  4  5  6  7                                         8  9
14  C  0  9  *  *  *  *  *  230ea371-4764-460a-b506-5d556ea159f9-IGH  *
Clusters Ordened By clusters lenght: 
    0  1   2  3  4  5  6  7                                         8  9
71  C  1  67  *  *  *  *  *  009bb746-cab0-4b95-81d1-85daad077990-IGH  *
Clusters Ordened By clusters lenght: 
    0  1  2  3  4  5  6  7                                         8  9
40  C  1  7  *  *  *  *  *  140436af-e0d6-45d0-aecf-78ce696c49f0-IGH  *
Clusters Ordened By clusters lenght: 
Empty DataFrame
Columns: [0, 1, 2, 3, 4, 5, 6, 7, 8, 9]
Index: []
Clusters Ordened By clusters lenght: 
Empty DataFrame
Columns: [0, 1, 2, 3, 4, 5, 6, 7, 8, 9]
Index: []
Clusters Ordened By clusters lenght: 
Empty DataFrame
Columns: [0, 1, 2, 3, 4, 5, 6, 7, 8, 9]
Index: []
Clusters Ordened By clusters lenght: 
Empty DataFrame
Columns: [0, 1, 2, 3, 4, 5, 6, 7, 8, 9]
Index: []
